dataset,target,n_partners,n_target,n_partner_total,epv_target,lam_star,lam_best,ap_never_merge,ap_always_merge,ap_epv_gate,ap_local_cv,ap_blend,ap_fix_025,ap_fix_050,ap_fix_075,ap_oracle_binary,ap_oracle_lambda,ap_gate_loso,cut_loso,ap_gate_bestcut
acs_full_income,1,3,15587,59997,484.7,0.0,0.0,0.695831316313759,0.6895771895831653,0.695831316313759,0.695831316313759,0.695831316313759,0.695292572237306,0.6940430230282614,0.6919515246070662,0.695831316313759,0.695831316313759,0.695831316313759,0.0,0.695831316313759
acs_full_income,1,3,15587,59997,484.7,0.0,0.0,0.6894427889908658,0.6835589872906116,0.6894427889908658,0.6894427889908658,0.6894427889908658,0.6889694084640072,0.6876722397464079,0.6859399834026025,0.6894427889908658,0.6894427889908658,0.6894427889908658,0.0,0.6894427889908658
acs_full_income,1,3,15587,59997,484.7,0.0,0.0,0.7045774616212324,0.6974754103444136,0.7045774616212324,0.7045774616212324,0.7045774616212324,0.7038068333154115,0.7024370139613003,0.7002512782311404,0.7045774616212324,0.7045774616212324,0.7045774616212324,0.0,0.7045774616212324
acs_full_income,1,4,15587,134141,484.7,0.0,0.5,0.695831316313759,0.6963995160241612,0.695831316313759,0.695831316313759,0.695831316313759,0.6967766645114029,0.6971950794647274,0.6968483922849159,0.6963995160241612,0.6971950794647274,0.695831316313759,0.0,0.695831316313759
acs_full_income,1,4,15587,134141,484.7,0.25,0.5,0.6894427889908658,0.6896448344196054,0.6894427889908658,0.6894427889908658,0.6899919682663248,0.6899919682663248,0.6902598468601236,0.6901192692247756,0.6896448344196054,0.6902598468601236,0.6894427889908658,0.0,0.6894427889908658
acs_full_income,1,4,15587,134141,484.7,0.375,0.25,0.7045774616212324,0.7032945239346505,0.7045774616212324,0.7045774616212324,0.7046761804744068,0.7047100374763661,0.7044563340247749,0.7038781361753366,0.7045774616212324,0.7047100374763661,0.7045774616212324,0.0,0.7045774616212324
acs_full_income,1,1,15587,4713,484.7,0.0,0.875,0.695831316313759,0.6967666501303319,0.695831316313759,0.695831316313759,0.695831316313759,0.6962450388237105,0.6964842053531274,0.6967059802682734,0.6967666501303319,0.6967926189459089,0.695831316313759,0.0,0.695831316313759
acs_full_income,1,1,15587,4713,484.7,0.5,1.0,0.6894427889908658,0.6901160822393972,0.6894427889908658,0.6901160822393972,0.6898036248483524,0.6897341613205517,0.6898036248483524,0.6899362392593379,0.6901160822393972,0.6901160822393972,0.6894427889908658,0.0,0.6894427889908658
acs_full_income,1,1,15587,4713,484.7,0.625,0.5,0.7045774616212324,0.7046569709584358,0.7045774616212324,0.7046569709584358,0.7046877040089355,0.7046371747573529,0.7047325583901927,0.7047100837163793,0.7046569709584358,0.7047325583901927,0.7045774616212324,0.0,0.7045774616212324
acs_full_income,1,3,15587,190110,484.7,0.0,0.25,0.695831316313759,0.6917438866129151,0.695831316313759,0.695831316313759,0.695831316313759,0.6960753898568517,0.695445616260239,0.6938080938381082,0.695831316313759,0.6960753898568517,0.695831316313759,0.0,0.695831316313759
acs_full_income,1,3,15587,190110,484.7,0.125,0.25,0.6894427889908658,0.6863358229083212,0.6894427889908658,0.6894427889908658,0.6895750422767026,0.6895785724519932,0.689213939068159,0.6880930860122536,0.6894427889908658,0.6895785724519932,0.6894427889908658,0.0,0.6894427889908658
acs_full_income,1,3,15587,190110,484.7,0.0,0.0,0.7045774616212324,0.6996693290588505,0.7045774616212324,0.7045774616212324,0.7045774616212324,0.704286780415678,0.703304283787428,0.7019782951905403,0.7045774616212324,0.7045774616212324,0.7045774616212324,0.0,0.7045774616212324
acs_full_income,1,4,15587,53925,484.7,0.0,0.5,0.695831316313759,0.6966438208158188,0.695831316313759,0.695831316313759,0.695831316313759,0.6964711249431226,0.6969072900496666,0.6968066652376796,0.6966438208158188,0.6969072900496666,0.695831316313759,0.0,0.695831316313759
acs_full_income,1,4,15587,53925,484.7,0.375,0.875,0.6894427889908658,0.6902425278446059,0.6894427889908658,0.6894427889908658,0.6899645693989953,0.6898658206321251,0.6900653209896616,0.6901913790156388,0.6902425278446059,0.6902676215753386,0.6894427889908658,0.0,0.6894427889908658
acs_full_income,1,4,15587,53925,484.7,0.375,0.375,0.7045774616212324,0.7046849149775961,0.7045774616212324,0.7045774616212324,0.7050635418850113,0.7049524492323919,0.7050602341358978,0.704949101470917,0.7046849149775961,0.7050635418850113,0.7045774616212324,0.0,0.7045774616212324
acs_full_income,1,1,15587,15807,484.7,0.0,1.0,0.695831316313759,0.6984693291101497,0.695831316313759,0.695831316313759,0.695831316313759,0.6967629595189194,0.6975361320179875,0.6979164118744803,0.6984693291101497,0.6984693291101497,0.695831316313759,0.0,0.695831316313759
acs_full_income,1,1,15587,15807,484.7,0.0,0.875,0.6894427889908658,0.6902915797811524,0.6894427889908658,0.6894427889908658,0.6894427889908658,0.6898392485665975,0.689959056581234,0.6902273321862769,0.6902915797811524,0.6903909103255079,0.6894427889908658,0.0,0.6894427889908658
acs_full_income,1,1,15587,15807,484.7,1.0,0.375,0.7045774616212324,0.7042770525956891,0.7045774616212324,0.7042770525956891,0.7042770525956891,0.7046859273551725,0.7046276038134427,0.7045643766363078,0.7045774616212324,0.7047182280714797,0.7045774616212324,0.0,0.7045774616212324
acs_full_income,1,2,15587,59079,484.7,0.125,0.375,0.695831316313759,0.6949662926579399,0.695831316313759,0.695831316313759,0.69609736578688,0.6965049812048314,0.6965212158059402,0.6959555655083305,0.695831316313759,0.6965360243033202,0.695831316313759,0.0,0.695831316313759
acs_full_income,1,2,15587,59079,484.7,0.375,0.375,0.6894427889908658,0.6893893036310659,0.6894427889908658,0.6894427889908658,0.6902837091397828,0.6901056671949104,0.6901692351161659,0.6901640831152742,0.6894427889908658,0.6902837091397828,0.6894427889908658,0.0,0.6894427889908658
acs_full_income,1,2,15587,59079,484.7,0.25,0.25,0.7045774616212324,0.7030502816051101,0.7045774616212324,0.7045774616212324,0.7047562317464543,0.7047562317464543,0.7044812124088116,0.7037816556023772,0.7045774616212324,0.7047562317464543,0.7045774616212324,0.0,0.7045774616212324
acs_full_income,1,3,15587,112251,484.7,0.0,0.125,0.695831316313759,0.688921219066879,0.695831316313759,0.695831316313759,0.695831316313759,0.6959045140384987,0.694817455680993,0.6925980093939197,0.695831316313759,0.6960608014729575,0.695831316313759,0.0,0.695831316313759
acs_full_income,1,3,15587,112251,484.7,0.25,0.25,0.6894427889908658,0.6847894830616668,0.6894427889908658,0.6894427889908658,0.6898379952302864,0.6898379952302864,0.6893079744072566,0.6876314421002991,0.6894427889908658,0.6898379952302864,0.6894427889908658,0.0,0.6894427889908658
acs_full_income,1,3,15587,112251,484.7,0.0,0.0,0.7045774616212324,0.6974412140736264,0.7045774616212324,0.7045774616212324,0.7045774616212324,0.7043382076093037,0.7031526927134143,0.7009313502271388,0.7045774616212324,0.7045774616212324,0.7045774616212324,0.0,0.7045774616212324
acs_full_income,1,3,15587,30876,484.7,0.0,0.0,0.695831316313759,0.6928521389048498,0.695831316313759,0.695831316313759,0.695831316313759,0.6953465174705783,0.6947893227472725,0.6939905311879985,0.695831316313759,0.695831316313759,0.695831316313759,0.0,0.695831316313759
acs_full_income,1,3,15587,30876,484.7,0.125,0.0,0.6894427889908658,0.6870788957097836,0.6894427889908658,0.6894427889908658,0.6892684043348727,0.6891231475781509,0.688660972866574,0.6879873162243069,0.6894427889908658,0.6894427889908658,0.6894427889908658,0.0,0.6894427889908658
acs_full_income,1,3,15587,30876,484.7,0.0,0.0,0.7045774616212324,0.701351500187595,0.7045774616212324,0.7045774616212324,0.7045774616212324,0.7042397936349953,0.703616132186878,0.7025948005791083,0.7045774616212324,0.7045774616212324,0.7045774616212324,0.0,0.7045774616212324
acs_full_income,1,1,15587,62135,484.7,0.0,0.0,0.695831316313759,0.6927342705837346,0.695831316313759,0.695831316313759,0.695831316313759,0.6955407659344038,0.6949580738179397,0.6940234876899766,0.695831316313759,0.695831316313759,0.695831316313759,0.0,0.695831316313759
acs_full_income,1,1,15587,62135,484.7,0.125,0.0,0.6894427889908658,0.6875693240457716,0.6894427889908658,0.6894427889908658,0.6894156593305542,0.6893310369910061,0.6890220423106168,0.6884153891959924,0.6894427889908658,0.6894427889908658,0.6894427889908658,0.0,0.6894427889908658
acs_full_income,1,1,15587,62135,484.7,0.0,0.0,0.7045774616212324,0.7021109714987782,0.7045774616212324,0.7045774616212324,0.7045774616212324,0.7043530609594503,0.7038716066389421,0.703021706099983,0.7045774616212324,0.7045774616212324,0.7045774616212324,0.0,0.7045774616212324
acs_full_income,1,1,15587,34003,484.7,0.0,0.625,0.695831316313759,0.6955446620990374,0.695831316313759,0.695831316313759,0.695831316313759,0.6960375106307108,0.6960493203111713,0.6960059117620647,0.695831316313759,0.6961221791852915,0.695831316313759,0.0,0.695831316313759
acs_full_income,1,1,15587,34003,484.7,0.0,0.125,0.6894427889908658,0.688571960832585,0.6894427889908658,0.6894427889908658,0.6894427889908658,0.6893638211617112,0.6891994221825882,0.6890189511151458,0.6894427889908658,0.6895096614260662,0.6894427889908658,0.0,0.6894427889908658
acs_full_income,1,1,15587,34003,484.7,0.0,0.0,0.7045774616212324,0.703260303976197,0.7045774616212324,0.7045774616212324,0.7045774616212324,0.70435989632935,0.704234817130364,0.7038377634801775,0.7045774616212324,0.7045774616212324,0.7045774616212324,0.0,0.7045774616212324
acs_full_income,1,2,15587,37067,484.7,0.0,0.375,0.695831316313759,0.6955363912425573,0.695831316313759,0.695831316313759,0.695831316313759,0.6959372459280532,0.6959430843852952,0.6958535008489197,0.695831316313759,0.6959883155206674,0.695831316313759,0.0,0.695831316313759
acs_full_income,1,2,15587,37067,484.7,0.0,0.125,0.6894427889908658,0.6886214121028472,0.6894427889908658,0.6894427889908658,0.6894427889908658,0.6893435170026125,0.6892211419693558,0.6890038170708983,0.6894427889908658,0.6894906615991067,0.6894427889908658,0.0,0.6894427889908658
acs_full_income,1,2,15587,37067,484.7,0.0,0.0,0.7045774616212324,0.7034504195856526,0.7045774616212324,0.7045774616212324,0.7045774616212324,0.7043765155754661,0.7042923237002501,0.7039734844907125,0.7045774616212324,0.7045774616212324,0.7045774616212324,0.0,0.7045774616212324
acs_full_income,2,4,2482,407653,96.0,0.25,0.0,0.6960227423707737,0.6817351200015845,0.6960227423707737,0.6960227423707737,0.6927383842951632,0.6927383842951632,0.6897366317781061,0.6862908897549365,0.6960227423707737,0.6960227423707737,0.6960227423707737,0.0,0.6960227423707737
acs_full_income,2,4,2482,407653,96.0,0.25,0.375,0.7193841260187841,0.7151045819105322,0.7193841260187841,0.7193841260187841,0.7193322854091877,0.7193322854091877,0.7183214017202207,0.7178404658997646,0.7193841260187841,0.7198965950186182,0.7193841260187841,0.0,0.7193841260187841
acs_full_income,2,4,2482,407653,96.0,0.0,0.0,0.7554021912089248,0.7413356891974991,0.7554021912089248,0.7554021912089248,0.7554021912089248,0.7540320493620083,0.7496478569017764,0.7456372359348202,0.7554021912089248,0.7554021912089248,0.7554021912089248,0.0,0.7554021912089248
acs_full_income,2,3,2482,53946,96.0,0.25,0.0,0.6960227423707737,0.6894884116418832,0.6960227423707737,0.6960227423707737,0.6946483502988847,0.6946483502988847,0.6928983298930896,0.6915627483188337,0.6960227423707737,0.6960227423707737,0.6960227423707737,0.0,0.6960227423707737
acs_full_income,2,3,2482,53946,96.0,0.25,0.5,0.7193841260187841,0.7193738863453667,0.7193841260187841,0.7193841260187841,0.7201451282449837,0.7201451282449837,0.7210445411799743,0.7198204595980134,0.7193841260187841,0.7210445411799743,0.7193841260187841,0.0,0.7193841260187841
acs_full_income,2,3,2482,53946,96.0,0.0,0.0,0.7554021912089248,0.744524079472246,0.7554021912089248,0.7554021912089248,0.7554021912089248,0.7540381482521562,0.7521142251324597,0.7478931506424966,0.7554021912089248,0.7554021912089248,0.7554021912089248,0.0,0.7554021912089248
acs_full_income,2,3,2482,50909,96.0,0.25,0.0,0.6960227423707737,0.6713760730394438,0.6960227423707737,0.6960227423707737,0.6910446777911939,0.6910446777911939,0.6848061451268213,0.6777083987371656,0.6960227423707737,0.6960227423707737,0.6960227423707737,0.0,0.6960227423707737
acs_full_income,2,3,2482,50909,96.0,0.125,0.0,0.7193841260187841,0.7068295230425299,0.7193841260187841,0.7193841260187841,0.718688242872237,0.7184123382671039,0.7149665171517025,0.7109961650768833,0.7193841260187841,0.7193841260187841,0.7193841260187841,0.0,0.7193841260187841
acs_full_income,2,3,2482,50909,96.0,0.0,0.0,0.7554021912089248,0.7365377897467494,0.7554021912089248,0.7554021912089248,0.7554021912089248,0.7540398777616045,0.748070842623303,0.7423925416373084,0.7554021912089248,0.7554021912089248,0.7554021912089248,0.0,0.7554021912089248
acs_full_income,2,2,2482,21512,96.0,0.0,0.0,0.6960227423707737,0.6891660127189616,0.6960227423707737,0.6960227423707737,0.6960227423707737,0.694370689744261,0.6923004064963589,0.6909167732371335,0.6960227423707737,0.6960227423707737,0.6960227423707737,0.0,0.6960227423707737
acs_full_income,2,2,2482,21512,96.0,0.625,0.875,0.7193841260187841,0.7220469040485675,0.7193841260187841,0.7193841260187841,0.7221138396643141,0.7208360098117796,0.7222110245172666,0.7221376711735356,0.7220469040485675,0.7223729547790111,0.7193841260187841,0.0,0.7193841260187841
acs_full_income,2,2,2482,21512,96.0,0.0,0.25,0.7554021912089248,0.7495574858089604,0.7554021912089248,0.7554021912089248,0.7554021912089248,0.7555427453476227,0.7546001432794167,0.7520735505386668,0.7554021912089248,0.7555427453476227,0.7554021912089248,0.0,0.7554021912089248
acs_full_income,2,4,2482,91532,96.0,0.0,0.0,0.6960227423707737,0.6848961205116031,0.6960227423707737,0.6960227423707737,0.6960227423707737,0.6937176632549789,0.6910601702233952,0.6887248549040945,0.6960227423707737,0.6960227423707737,0.6960227423707737,0.0,0.6960227423707737
acs_full_income,2,4,2482,91532,96.0,0.375,0.375,0.7193841260187841,0.7154430044087022,0.7193841260187841,0.7193841260187841,0.7198122827847153,0.7189012594215697,0.7184722628387454,0.7172049078929963,0.7193841260187841,0.7198122827847153,0.7193841260187841,0.0,0.7193841260187841
acs_full_income,2,4,2482,91532,96.0,0.0,0.0,0.7554021912089248,0.7449378369176858,0.7554021912089248,0.7554021912089248,0.7554021912089248,0.7547114516105585,0.7520653235292029,0.7485432458521231,0.7554021912089248,0.7554021912089248,0.7554021912089248,0.0,0.7554021912089248
acs_full_income,2,2,2482,46885,96.0,0.125,0.125,0.6960227423707737,0.6945369804436388,0.6960227423707737,0.6960227423707737,0.6963491300267058,0.6959317402813097,0.6957923014891811,0.6952940111953982,0.6960227423707737,0.6963491300267058,0.6960227423707737,0.0,0.6960227423707737
acs_full_income,2,2,2482,46885,96.0,0.625,1.0,0.7193841260187841,0.7277576788856264,0.7193841260187841,0.7277576788856264,0.7257914909072213,0.7225079132335503,0.7251010107582347,0.7263483280243312,0.7277576788856264,0.7277576788856264,0.7193841260187841,0.0,0.7193841260187841
acs_full_income,2,2,2482,46885,96.0,0.125,0.0,0.7554021912089248,0.7514357483090739,0.7554021912089248,0.7554021912089248,0.7549035326847187,0.7550578151555921,0.7547489430714678,0.7532384525683653,0.7554021912089248,0.7554021912089248,0.7554021912089248,0.0,0.7554021912089248
acs_full_income,2,3,2482,73911,96.0,0.125,0.0,0.6960227423707737,0.675659839120587,0.6960227423707737,0.6960227423707737,0.6939573281933269,0.6913078226920364,0.6865931183126502,0.6818549927104485,0.6960227423707737,0.6960227423707737,0.6960227423707737,0.0,0.6960227423707737
acs_full_income,2,3,2482,73911,96.0,0.125,0.25,0.7193841260187841,0.7118591611929254,0.7193841260187841,0.7193841260187841,0.7190971395951007,0.7196207401112118,0.7168530968419208,0.7140941058216219,0.7193841260187841,0.7196207401112118,0.7193841260187841,0.0,0.7193841260187841
acs_full_income,2,3,2482,73911,96.0,0.0,0.125,0.7554021912089248,0.74136084772919,0.7554021912089248,0.7554021912089248,0.7554021912089248,0.7551289204071892,0.750786055729072,0.7464929970929508,0.7554021912089248,0.7554050163119637,0.7554021912089248,0.0,0.7554021912089248
acs_full_income,2,3,2482,59238,96.0,0.0,0.0,0.6960227423707737,0.6717397278536367,0.6960227423707737,0.6960227423707737,0.6960227423707737,0.6907293744388713,0.6845514405453834,0.6779744350978747,0.6960227423707737,0.6960227423707737,0.6960227423707737,0.0,0.6960227423707737
acs_full_income,2,3,2482,59238,96.0,0.125,0.0,0.7193841260187841,0.7082351561680433,0.7193841260187841,0.7193841260187841,0.7187100255631188,0.7186215717108507,0.7158548573167905,0.711809241679849,0.7193841260187841,0.7193841260187841,0.7193841260187841,0.0,0.7193841260187841
acs_full_income,2,3,2482,59238,96.0,0.0,0.0,0.7554021912089248,0.7377256973100732,0.7554021912089248,0.7554021912089248,0.7554021912089248,0.7544741954837746,0.7489345362039667,0.7432587286825612,0.7554021912089248,0.7554021912089248,0.7554021912089248,0.0,0.7554021912089248
acs_full_income,2,4,2482,110471,96.0,0.0,0.0,0.6960227423707737,0.6797942246452017,0.6960227423707737,0.6960227423707737,0.6960227423707737,0.6923841180606416,0.6885723121342695,0.6842080407196279,0.6960227423707737,0.6960227423707737,0.6960227423707737,0.0,0.6960227423707737
acs_full_income,2,4,2482,110471,96.0,0.125,0.0,0.7193841260187841,0.712208721864258,0.7193841260187841,0.7193841260187841,0.7191774504370405,0.7190895634121365,0.7173031339475426,0.714940678528901,0.7193841260187841,0.7193841260187841,0.7193841260187841,0.0,0.7193841260187841
acs_full_income,2,4,2482,110471,96.0,0.0,0.0,0.7554021912089248,0.7406591024857533,0.7554021912089248,0.7554021912089248,0.7554021912089248,0.7543811771137737,0.7497282972951217,0.7454504582021115,0.7554021912089248,0.7554021912089248,0.7554021912089248,0.0,0.7554021912089248
acs_full_income,2,4,2482,74176,96.0,0.0,0.0,0.6960227423707737,0.684836394500151,0.6960227423707737,0.6960227423707737,0.6960227423707737,0.6933534500487868,0.6900808005674961,0.688269061748508,0.6960227423707737,0.6960227423707737,0.6960227423707737,0.0,0.6960227423707737
acs_full_income,2,4,2482,74176,96.0,0.25,0.375,0.7193841260187841,0.7180193296324543,0.7193841260187841,0.7193841260187841,0.7200470573602568,0.7200470573602568,0.7201958000084113,0.7193227868033578,0.7193841260187841,0.7209460404864869,0.7193841260187841,0.0,0.7193841260187841
acs_full_income,2,4,2482,74176,96.0,0.0,0.0,0.7554021912089248,0.7457612123002336,0.7554021912089248,0.7554021912089248,0.7554021912089248,0.7547374277858747,0.7531488099710115,0.7490902074275297,0.7554021912089248,0.7554021912089248,0.7554021912089248,0.0,0.7554021912089248
acs_full_income,2,2,2482,94825,96.0,0.0,0.0,0.6960227423707737,0.6844975005323772,0.6960227423707737,0.6960227423707737,0.6960227423707737,0.6931828895481925,0.6910673421382514,0.6877064150399772,0.6960227423707737,0.6960227423707737,0.6960227423707737,0.0,0.6960227423707737
acs_full_income,2,2,2482,94825,96.0,0.25,0.375,0.7193841260187841,0.7155530247239341,0.7193841260187841,0.7193841260187841,0.7196880112140704,0.7196880112140704,0.7197494584100875,0.7174634499672288,0.7193841260187841,0.7202771549583172,0.7193841260187841,0.0,0.7193841260187841
acs_full_income,2,2,2482,94825,96.0,0.0,0.0,0.7554021912089248,0.7449878055820639,0.7554021912089248,0.7554021912089248,0.7554021912089248,0.7546464376033499,0.7529910157807487,0.7492125063684321,0.7554021912089248,0.7554021912089248,0.7554021912089248,0.0,0.7554021912089248
acs_full_income,2,1,2482,8103,96.0,0.0,0.25,0.6960227423707737,0.6906041749398211,0.6960227423707737,0.6960227423707737,0.6960227423707737,0.6962315793919878,0.6948868763924978,0.6931835355286136,0.6960227423707737,0.6962315793919878,0.6960227423707737,0.0,0.6960227423707737
acs_full_income,2,1,2482,8103,96.0,0.0,0.0,0.7193841260187841,0.7151771636416898,0.7193841260187841,0.7193841260187841,0.7193841260187841,0.7184782068762179,0.7187240178129071,0.7164349973742051,0.7193841260187841,0.7193841260187841,0.7193841260187841,0.0,0.7193841260187841
acs_full_income,2,1,2482,8103,96.0,0.0,0.0,0.7554021912089248,0.7467600881603784,0.7554021912089248,0.7554021912089248,0.7554021912089248,0.7548554216153125,0.7530037812397741,0.7503792812902255,0.7554021912089248,0.7554021912089248,0.7554021912089248,0.0,0.7554021912089248
acs_full_income,4,3,23293,46708,791.0,0.0,0.375,0.7281335194475271,0.7277253673758818,0.7281335194475271,0.7281335194475271,0.7281335194475271,0.7285475038516399,0.7286434577539167,0.7284900589992702,0.7281335194475271,0.728655948649021,0.7281335194475271,0.0,0.7281335194475271
acs_full_income,4,3,23293,46708,791.0,0.25,0.0,0.7153991801801229,0.7114769856875424,0.7153991801801229,0.7153991801801229,0.7147996594200586,0.7147996594200586,0.7139756768953789,0.7128704770917896,0.7153991801801229,0.7153991801801229,0.7153991801801229,0.0,0.7153991801801229
acs_full_income,4,3,23293,46708,791.0,0.25,0.0,0.7187351685147858,0.7147531859973727,0.7187351685147858,0.7187351685147858,0.7181380635254364,0.7181380635254364,0.7172899095365706,0.7161697643642396,0.7187351685147858,0.7187351685147858,0.7187351685147858,0.0,0.7187351685147858
acs_full_income,4,4,23293,98071,791.0,0.0,0.5,0.7281335194475271,0.727689853402376,0.7281335194475271,0.7281335194475271,0.7281335194475271,0.7282491138558478,0.7282723410403759,0.7280629046330164,0.7281335194475271,0.7282723410403759,0.7281335194475271,0.0,0.7281335194475271
acs_full_income,4,4,23293,98071,791.0,0.75,0.0,0.7153991801801229,0.7136486743399919,0.7153991801801229,0.7136486743399919,0.7142609862743894,0.715110280008315,0.7147622912046437,0.7142609862743894,0.7153991801801229,0.7153991801801229,0.7153991801801229,0.0,0.7153991801801229
acs_full_income,4,4,23293,98071,791.0,0.0,0.0,0.7187351685147858,0.7167357507371847,0.7187351685147858,0.7187351685147858,0.7187351685147858,0.7183598117365932,0.7179294507781211,0.717433643109196,0.7187351685147858,0.7187351685147858,0.7187351685147858,0.0,0.7187351685147858
acs_full_income,4,4,23293,79180,791.0,1.0,1.0,0.7281335194475271,0.7288388351103936,0.7281335194475271,0.7288388351103936,0.7288388351103936,0.7282772866480686,0.7283690319117035,0.7287821179628051,0.7288388351103936,0.7288388351103936,0.7281335194475271,0.0,0.7281335194475271
acs_full_income,4,4,23293,79180,791.0,1.0,1.0,0.7153991801801229,0.7167166645019134,0.7153991801801229,0.7167166645019134,0.7167166645019134,0.7157600275085959,0.7161138038232672,0.7164325721299384,0.7167166645019134,0.7167166645019134,0.7153991801801229,0.0,0.7153991801801229
acs_full_income,4,4,23293,79180,791.0,0.0,1.0,0.7187351685147858,0.7191473983487994,0.7187351685147858,0.7187351685147858,0.7187351685147858,0.7188298596413045,0.7189456226872315,0.7190361147700136,0.7191473983487994,0.7191473983487994,0.7187351685147858,0.0,0.7187351685147858
acs_full_income,4,2,23293,15834,791.0,0.0,0.25,0.7281335194475271,0.7274610248783193,0.7281335194475271,0.7281335194475271,0.7281335194475271,0.7281360392524754,0.7280431868000756,0.7278527296758487,0.7281335194475271,0.7281360392524754,0.7281335194475271,0.0,0.7281335194475271
acs_full_income,4,2,23293,15834,791.0,0.0,0.0,0.7153991801801229,0.7122846204888036,0.7153991801801229,0.7153991801801229,0.7153991801801229,0.7147572238926724,0.7140520918108366,0.7131713838303962,0.7153991801801229,0.7153991801801229,0.7153991801801229,0.0,0.7153991801801229
acs_full_income,4,2,23293,15834,791.0,0.125,0.0,0.7187351685147858,0.7166582091701383,0.7187351685147858,0.7187351685147858,0.718567119209711,0.7183669608119685,0.7179719171451279,0.7173866622442715,0.7187351685147858,0.7187351685147858,0.7187351685147858,0.0,0.7187351685147858
acs_full_income,4,3,23293,69917,791.0,0.0,0.375,0.7281335194475271,0.7280801876994115,0.7281335194475271,0.7281335194475271,0.7281335194475271,0.7282287602322778,0.7282449120785406,0.7282566313936273,0.7281335194475271,0.7282761010128203,0.7281335194475271,0.0,0.7281335194475271
acs_full_income,4,3,23293,69917,791.0,1.0,0.625,0.7153991801801229,0.7158834808209148,0.7153991801801229,0.7158834808209148,0.7158834808209148,0.7156564293159478,0.7158967296232807,0.7159688145238797,0.7158834808209148,0.7159968269319058,0.7153991801801229,0.0,0.7153991801801229
acs_full_income,4,3,23293,69917,791.0,0.375,0.0,0.7187351685147858,0.7182030774624182,0.7187351685147858,0.7187351685147858,0.718637260440095,0.7186636017898572,0.7185983245575708,0.7183516618261208,0.7187351685147858,0.7187351685147858,0.7187351685147858,0.0,0.7187351685147858
acs_full_income,4,4,23293,135463,791.0,0.0,0.0,0.7281335194475271,0.7256727949822093,0.7281335194475271,0.7281335194475271,0.7281335194475271,0.7276273024489571,0.7270597703635037,0.7263974655954866,0.7281335194475271,0.7281335194475271,0.7281335194475271,0.0,0.7281335194475271
acs_full_income,4,4,23293,135463,791.0,0.0,0.0,0.7153991801801229,0.7135711523748591,0.7153991801801229,0.7153991801801229,0.7153991801801229,0.7150190999112993,0.714574873276464,0.7141046203264866,0.7153991801801229,0.7153991801801229,0.7153991801801229,0.0,0.7153991801801229
acs_full_income,4,4,23293,135463,791.0,0.0,0.0,0.7187351685147858,0.7167865152785582,0.7187351685147858,0.7187351685147858,0.7187351685147858,0.7182626488853487,0.7178416744272087,0.7173595817342028,0.7187351685147858,0.7187351685147858,0.7187351685147858,0.0,0.7187351685147858
acs_full_income,4,4,23293,98517,791.0,1.0,0.0,0.7281335194475271,0.7270467120589605,0.7281335194475271,0.7270467120589605,0.7270467120589605,0.7279663839620238,0.727788294440561,0.7273748234928279,0.7281335194475271,0.7281335194475271,0.7281335194475271,0.0,0.7281335194475271
acs_full_income,4,4,23293,98517,791.0,1.0,0.875,0.7153991801801229,0.7160471311554163,0.7153991801801229,0.7160471311554163,0.7160471311554163,0.7157192375336934,0.715908881584104,0.7160218403978382,0.7160471311554163,0.716072735417871,0.7153991801801229,0.0,0.7153991801801229
acs_full_income,4,4,23293,98517,791.0,0.0,0.0,0.7187351685147858,0.7180581249137051,0.7187351685147858,0.7187351685147858,0.7187351685147858,0.7186308382606966,0.7183908459575158,0.7181725438340609,0.7187351685147858,0.7187351685147858,0.7187351685147858,0.0,0.7187351685147858
acs_full_income,4,1,23293,50008,791.0,0.0,0.25,0.7281335194475271,0.727431499952639,0.7281335194475271,0.7281335194475271,0.7281335194475271,0.7281415674831326,0.7280262589548402,0.7278608157186401,0.7281335194475271,0.7281415674831326,0.7281335194475271,0.0,0.7281335194475271
acs_full_income,4,1,23293,50008,791.0,0.875,0.0,0.7153991801801229,0.7142443248746579,0.7153991801801229,0.7142443248746579,0.7145035246660972,0.7152309527294566,0.7150524552926605,0.7147056482018382,0.7153991801801229,0.7153991801801229,0.7153991801801229,0.0,0.7153991801801229
acs_full_income,4,1,23293,50008,791.0,0.0,0.0,0.7187351685147858,0.7166870718169044,0.7187351685147858,0.7187351685147858,0.7187351685147858,0.7183261365040846,0.7177478659369079,0.7172308248334994,0.7187351685147858,0.7187351685147858,0.7187351685147858,0.0,0.7187351685147858
acs_full_income,4,1,23293,31021,791.0,1.0,1.0,0.7281335194475271,0.7308818664666709,0.7281335194475271,0.7308818664666709,0.7308818664666709,0.7290870882270636,0.7300948661703601,0.7305794122366258,0.7308818664666709,0.7308818664666709,0.7281335194475271,0.0,0.7281335194475271
acs_full_income,4,1,23293,31021,791.0,1.0,1.0,0.7153991801801229,0.7186693152116659,0.7153991801801229,0.7186693152116659,0.7186693152116659,0.7164965383339474,0.7174183542574344,0.7180897046231627,0.7186693152116659,0.7186693152116659,0.7153991801801229,0.0,0.7153991801801229
acs_full_income,4,1,23293,31021,791.0,0.875,0.875,0.7187351685147858,0.7197924100297735,0.7187351685147858,0.7197924100297735,0.7198038818436364,0.7192034682519428,0.7196415601292712,0.7197591127919165,0.7197924100297735,0.7198038818436364,0.7187351685147858,0.0,0.7187351685147858
acs_full_income,4,3,23293,116836,791.0,0.0,0.0,0.7281335194475271,0.7237618020266762,0.7281335194475271,0.7281335194475271,0.7281335194475271,0.7272040581377369,0.7261096507959353,0.7249691888913494,0.7281335194475271,0.7281335194475271,0.7281335194475271,0.0,0.7281335194475271
acs_full_income,4,3,23293,116836,791.0,0.0,0.0,0.7153991801801229,0.7122407711167694,0.7153991801801229,0.7153991801801229,0.7153991801801229,0.7147555652620833,0.7140330128270211,0.7131866058629313,0.7153991801801229,0.7153991801801229,0.7153991801801229,0.0,0.7153991801801229
acs_full_income,4,3,23293,116836,791.0,0.0,0.0,0.7187351685147858,0.7156812025320138,0.7187351685147858,0.7187351685147858,0.7187351685147858,0.7180270246897276,0.7173753353034195,0.7166402781372029,0.7187351685147858,0.7187351685147858,0.7187351685147858,0.0,0.7187351685147858
acs_full_income,4,2,23293,27631,791.0,0.0,0.0,0.7281335194475271,0.7268103434609332,0.7281335194475271,0.7281335194475271,0.7281335194475271,0.7278103676392755,0.7274475976083415,0.7271475692383017,0.7281335194475271,0.7281335194475271,0.7281335194475271,0.0,0.7281335194475271
acs_full_income,4,2,23293,27631,791.0,1.0,0.0,0.7153991801801229,0.7148992026142448,0.7153991801801229,0.7148992026142448,0.7148992026142448,0.7152748911800146,0.7152172302246427,0.7150384909213509,0.7153991801801229,0.7153991801801229,0.7153991801801229,0.0,0.7153991801801229
acs_full_income,4,2,23293,27631,791.0,0.0,0.0,0.7187351685147858,0.7180159795971259,0.7187351685147858,0.7187351685147858,0.7187351685147858,0.7185088132136932,0.7183366298560129,0.7181618468173434,0.7187351685147858,0.7187351685147858,0.7187351685147858,0.0,0.7187351685147858
acs_full_income,4,1,23293,9071,791.0,0.0,1.0,0.7281335194475271,0.729725843802761,0.7281335194475271,0.7281335194475271,0.7281335194475271,0.7286854740768948,0.7292069536656892,0.7295374030601935,0.729725843802761,0.729725843802761,0.7281335194475271,0.0,0.7281335194475271
acs_full_income,4,1,23293,9071,791.0,1.0,1.0,0.7153991801801229,0.7166763244134661,0.7153991801801229,0.7166763244134661,0.7166763244134661,0.7158056292346768,0.7161753414784428,0.7164688965420429,0.7166763244134661,0.7166763244134661,0.7153991801801229,0.0,0.7153991801801229
acs_full_income,4,1,23293,9071,791.0,1.0,1.0,0.7187351685147858,0.7199376440172435,0.7187351685147858,0.7199376440172435,0.7199376440172435,0.7191077800547193,0.7195426724971179,0.7197174003951957,0.7199376440172435,0.7199376440172435,0.7187351685147858,0.0,0.7187351685147858
acs_full_income,5,3,9750,65409,261.3,0.375,0.0,0.6650389447087521,0.6613327268824148,0.6650389447087521,0.6650389447087521,0.6644388230826838,0.6646577895751378,0.6639979566813914,0.6628516549492041,0.6650389447087521,0.6650389447087521,0.6650389447087521,0.0,0.6650389447087521
acs_full_income,5,3,9750,65409,261.3,0.0,0.25,0.6431706628311916,0.6436560901451961,0.6431706628311916,0.6431706628311916,0.6431706628311916,0.6439695419413745,0.643815440599774,0.6439306032415861,0.6436560901451961,0.6439695419413745,0.6431706628311916,0.0,0.6431706628311916
acs_full_income,5,3,9750,65409,261.3,0.0,0.0,0.6462863698942347,0.6398354327730015,0.6462863698942347,0.6462863698942347,0.6462863698942347,0.6452218524508445,0.6438728297338319,0.6421825814077772,0.6462863698942347,0.6462863698942347,0.6462863698942347,0.0,0.6462863698942347
acs_full_income,5,3,9750,76753,261.3,0.75,0.125,0.6650389447087521,0.6637250630608682,0.6650389447087521,0.6637250630608682,0.6643498891121704,0.6650257269410615,0.6648398072393686,0.6643498891121704,0.6650389447087521,0.6651134002095506,0.6650389447087521,0.0,0.6650389447087521
acs_full_income,5,3,9750,76753,261.3,0.125,1.0,0.6431706628311916,0.6454713933415529,0.6431706628311916,0.6431706628311916,0.6436898853730073,0.6441834005474816,0.6449759688619628,0.6451774525269096,0.6454713933415529,0.6454713933415529,0.6431706628311916,0.0,0.6431706628311916
acs_full_income,5,3,9750,76753,261.3,0.0,0.0,0.6462863698942347,0.6435307300835744,0.6462863698942347,0.6462863698942347,0.6462863698942347,0.6460886625021761,0.6457107212343979,0.6448628056725146,0.6462863698942347,0.6462863698942347,0.6462863698942347,0.0,0.6462863698942347
acs_full_income,5,4,9750,239917,261.3,0.5,0.0,0.6650389447087521,0.6583659296427877,0.6650389447087521,0.6650389447087521,0.6630708593786356,0.6643562908799052,0.6630708593786356,0.6610854584632784,0.6650389447087521,0.6650389447087521,0.6650389447087521,0.0,0.6650389447087521
acs_full_income,5,4,9750,239917,261.3,0.125,0.625,0.6431706628311916,0.6424504919690734,0.6431706628311916,0.6431706628311916,0.6437751091098801,0.6437778485061335,0.6441481451596449,0.6436841056016278,0.6431706628311916,0.6442079464073812,0.6431706628311916,0.0,0.6431706628311916
acs_full_income,5,4,9750,239917,261.3,0.0,0.0,0.6462863698942347,0.6367490845140756,0.6462863698942347,0.6462863698942347,0.6462863698942347,0.6446427949632364,0.6428816761587336,0.6401194169867326,0.6462863698942347,0.6462863698942347,0.6462863698942347,0.0,0.6462863698942347
acs_full_income,5,4,9750,162856,261.3,0.5,0.0,0.6650389447087521,0.65937797497612,0.6650389447087521,0.6650389447087521,0.6635305338834061,0.6646181335380104,0.6635305338834061,0.661923028530975,0.6650389447087521,0.6650389447087521,0.6650389447087521,0.0,0.6650389447087521
acs_full_income,5,4,9750,162856,261.3,0.125,0.625,0.6431706628311916,0.6427398377640817,0.6431706628311916,0.6431706628311916,0.6438032471335647,0.6442487348554935,0.6441951264893756,0.6438613512831136,0.6431706628311916,0.6443252498464559,0.6431706628311916,0.0,0.6431706628311916
acs_full_income,5,4,9750,162856,261.3,0.0,0.0,0.6462863698942347,0.639615069904387,0.6462863698942347,0.6462863698942347,0.6462863698942347,0.6451620699241087,0.6439446498900814,0.6419205776145737,0.6462863698942347,0.6462863698942347,0.6462863698942347,0.0,0.6462863698942347
acs_full_income,5,3,9750,118704,261.3,0.75,0.125,0.6650389447087521,0.6639320697698696,0.6650389447087521,0.6639320697698696,0.6643597726956048,0.6651120615449706,0.6647160460805063,0.6643597726956048,0.6650389447087521,0.665199783971027,0.6650389447087521,0.0,0.6650389447087521
acs_full_income,5,3,9750,118704,261.3,0.125,0.75,0.6431706628311916,0.6460305996153423,0.6431706628311916,0.6431706628311916,0.6436839372266581,0.6443062739618746,0.645398965311905,0.6461804575104589,0.6460305996153423,0.6461804575104589,0.6431706628311916,0.0,0.6431706628311916
acs_full_income,5,3,9750,118704,261.3,0.0,0.0,0.6462863698942347,0.6432751773043353,0.6462863698942347,0.6462863698942347,0.6462863698942347,0.6460056274951888,0.645561463081414,0.6447226753068815,0.6462863698942347,0.6462863698942347,0.6462863698942347,0.0,0.6462863698942347
acs_full_income,5,2,9750,101019,261.3,0.625,0.0,0.6650389447087521,0.6626305673219789,0.6650389447087521,0.6626305673219789,0.6639707678495742,0.6646954630985825,0.6642301509311882,0.6635094752928814,0.6650389447087521,0.6650389447087521,0.6650389447087521,0.0,0.6650389447087521
acs_full_income,5,2,9750,101019,261.3,0.125,0.375,0.6431706628311916,0.6437777301990645,0.6431706628311916,0.6431706628311916,0.6434578886359791,0.6437836813969905,0.6437287324643787,0.6438366932665167,0.6437777301990645,0.6439542037574985,0.6431706628311916,0.0,0.6431706628311916
acs_full_income,5,2,9750,101019,261.3,0.0,0.0,0.6462863698942347,0.6423030265671109,0.6462863698942347,0.6462863698942347,0.6462863698942347,0.6455577732036256,0.6444669378176178,0.6434154008287278,0.6462863698942347,0.6462863698942347,0.6462863698942347,0.0,0.6462863698942347
acs_full_income,5,2,9750,113160,261.3,0.5,0.0,0.6650389447087521,0.6608107991843303,0.6650389447087521,0.6650389447087521,0.6639847373688891,0.6646645920854966,0.6639847373688891,0.6626660732502665,0.6650389447087521,0.6650389447087521,0.6650389447087521,0.0,0.6650389447087521
acs_full_income,5,2,9750,113160,261.3,0.125,0.25,0.6431706628311916,0.6431023382922836,0.6431706628311916,0.6431706628311916,0.6436081090549441,0.6441058243301856,0.6439151934573876,0.6437389748800117,0.6431706628311916,0.6441058243301856,0.6431706628311916,0.0,0.6431706628311916
acs_full_income,5,2,9750,113160,261.3,0.0,0.0,0.6462863698942347,0.6402204284837705,0.6462863698942347,0.6462863698942347,0.6462863698942347,0.6452612075441967,0.6434675108708447,0.6422783686521695,0.6462863698942347,0.6462863698942347,0.6462863698942347,0.0,0.6462863698942347
acs_full_income,5,4,9750,104292,261.3,0.375,0.0,0.6650389447087521,0.6607184201653568,0.6650389447087521,0.6650389447087521,0.6638347933585969,0.6642451289789539,0.6635091601387374,0.6624945766785921,0.6650389447087521,0.6650389447087521,0.6650389447087521,0.0,0.6650389447087521
acs_full_income,5,4,9750,104292,261.3,0.125,0.0,0.6431706628311916,0.640949805726516,0.6431706628311916,0.6431706628311916,0.6430850510318414,0.6428993027393092,0.6420875057907169,0.6415136567559372,0.6431706628311916,0.6431706628311916,0.6431706628311916,0.0,0.6431706628311916
acs_full_income,5,4,9750,104292,261.3,0.0,0.0,0.6462863698942347,0.6411388801081741,0.6462863698942347,0.6462863698942347,0.6462863698942347,0.6455361290338398,0.6445308644016317,0.6429178836870769,0.6462863698942347,0.6462863698942347,0.6462863698942347,0.0,0.6462863698942347
acs_full_income,5,1,9750,10785,261.3,1.0,1.0,0.6650389447087521,0.6695953821475163,0.6650389447087521,0.6695953821475163,0.6695953821475163,0.6660643560247703,0.6677019944512262,0.6685639369897918,0.6695953821475163,0.6695953821475163,0.6650389447087521,0.0,0.6650389447087521
acs_full_income,5,1,9750,10785,261.3,0.75,1.0,0.6431706628311916,0.6477044278538983,0.6431706628311916,0.6477044278538983,0.6468941113491257,0.6447828991952096,0.645930520566416,0.6468941113491257,0.6477044278538983,0.6477044278538983,0.6431706628311916,0.0,0.6431706628311916
acs_full_income,5,1,9750,10785,261.3,1.0,1.0,0.6462863698942347,0.6482966377507968,0.6462863698942347,0.6482966377507968,0.6482966377507968,0.6471649667203998,0.6474402783565575,0.6478443258373783,0.6482966377507968,0.6482966377507968,0.6462863698942347,0.0,0.6462863698942347
acs_full_income,5,1,9750,47781,261.3,0.0,0.0,0.6650389447087521,0.6520611328585751,0.6650389447087521,0.6650389447087521,0.6650389447087521,0.6631062486366928,0.6603766114207513,0.6562862718956173,0.6650389447087521,0.6650389447087521,0.6650389447087521,0.0,0.6650389447087521
acs_full_income,5,1,9750,47781,261.3,0.0,0.125,0.6431706628311916,0.6370498855468009,0.6431706628311916,0.6431706628311916,0.6431706628311916,0.6425808205891087,0.6415742342034609,0.6401464659239305,0.6431706628311916,0.6432361283440792,0.6431706628311916,0.0,0.6431706628311916
acs_full_income,5,1,9750,47781,261.3,0.0,0.0,0.6462863698942347,0.6310765203425763,0.6462863698942347,0.6462863698942347,0.6462863698942347,0.644030418627679,0.6408775034618684,0.6362588018665825,0.6462863698942347,0.6462863698942347,0.6462863698942347,0.0,0.6462863698942347
acs_full_income,5,1,9750,5712,261.3,0.0,0.0,0.6650389447087521,0.6603399704125607,0.6650389447087521,0.6650389447087521,0.6650389447087521,0.6640482298926433,0.6629650241331941,0.6617937174445163,0.6650389447087521,0.6650389447087521,0.6650389447087521,0.0,0.6650389447087521
acs_full_income,5,1,9750,5712,261.3,0.0,0.0,0.6431706628311916,0.6399630677724737,0.6431706628311916,0.6431706628311916,0.6431706628311916,0.6428399839576144,0.6418715152875115,0.6409957230932305,0.6431706628311916,0.6431706628311916,0.6431706628311916,0.0,0.6431706628311916
acs_full_income,5,1,9750,5712,261.3,0.0,0.0,0.6462863698942347,0.6420202837424627,0.6462863698942347,0.6462863698942347,0.6462863698942347,0.6455330369767907,0.6443071637731608,0.643265361779699,0.6462863698942347,0.6462863698942347,0.6462863698942347,0.0,0.6462863698942347
acs_full_income,5,1,9750,8103,261.3,0.0,0.0,0.6650389447087521,0.663189255025162,0.6650389447087521,0.6650389447087521,0.6650389447087521,0.6648543693132878,0.664555797039121,0.6640206312164003,0.6650389447087521,0.6650389447087521,0.6650389447087521,0.0,0.6650389447087521
acs_full_income,5,1,9750,8103,261.3,0.125,0.0,0.6431706628311916,0.6416284640256046,0.6431706628311916,0.6431706628311916,0.6430007624742077,0.6428182842312801,0.6425214484345819,0.6421746850709035,0.6431706628311916,0.6431706628311916,0.6431706628311916,0.0,0.6431706628311916
acs_full_income,5,1,9750,8103,261.3,0.0,0.75,0.6462863698942347,0.6465257313045829,0.6462863698942347,0.6462863698942347,0.6462863698942347,0.6466407193559932,0.6466800444670531,0.6467557957526853,0.6465257313045829,0.6467557957526853,0.6462863698942347,0.0,0.6462863698942347
acs_full_income,6,1,136965,22268,5623.4,0.875,0.0,0.791700458014172,0.7915260217641527,0.791700458014172,0.7915260217641527,0.7915668246724559,0.7916814531663536,0.7916491282704526,0.7916002224516941,0.791700458014172,0.791700458014172,0.791700458014172,0.0,0.791700458014172
acs_full_income,6,1,136965,22268,5623.4,0.0,0.125,0.7904872445241722,0.7903933655762169,0.7904872445241722,0.7904872445241722,0.7904872445241722,0.79049548393228,0.7904841528600027,0.7904514959419672,0.7904872445241722,0.7904973897991343,0.7904872445241722,0.0,0.7904872445241722
acs_full_income,6,1,136965,22268,5623.4,0.0,0.375,0.7904876340354606,0.7904512042147714,0.7904876340354606,0.7904876340354606,0.7904876340354606,0.7905069903970676,0.7905097147759517,0.7904950274808162,0.7904876340354606,0.7905120335089726,0.7904876340354606,0.0,0.7904876340354606
acs_full_income,6,4,136965,83003,5623.4,1.0,0.5,0.791700458014172,0.7916977562093052,0.791700458014172,0.7916977562093052,0.7916977562093052,0.7917065439072557,0.7917120715942194,0.7917062409781878,0.791700458014172,0.7917120715942194,0.791700458014172,0.0,0.791700458014172
acs_full_income,6,4,136965,83003,5623.4,0.75,1.0,0.7904872445241722,0.7906797156228563,0.7904872445241722,0.7906797156228563,0.7906472349942502,0.7905533513524645,0.7906031776245397,0.7906472349942502,0.7906797156228563,0.7906797156228563,0.7904872445241722,0.0,0.7904872445241722
acs_full_income,6,4,136965,83003,5623.4,0.0,0.0,0.7904876340354606,0.7903889153439272,0.7904876340354606,0.7904876340354606,0.7904876340354606,0.7904805895148398,0.7904609785689312,0.7904329217432128,0.7904876340354606,0.7904876340354606,0.7904876340354606,0.0,0.7904876340354606
acs_full_income,6,1,136965,4713,5623.4,1.0,1.0,0.791700458014172,0.7918124196149838,0.791700458014172,0.7918124196149838,0.7918124196149838,0.7917303316965368,0.7917563529216791,0.7917856595163806,0.7918124196149838,0.7918124196149838,0.791700458014172,0.0,0.791700458014172
acs_full_income,6,1,136965,4713,5623.4,1.0,1.0,0.7904872445241722,0.7906260680127801,0.7904872445241722,0.7906260680127801,0.7906260680127801,0.7905229286089138,0.7905592980544612,0.7905926386899992,0.7906260680127801,0.7906260680127801,0.7904872445241722,0.0,0.7904872445241722
acs_full_income,6,1,136965,4713,5623.4,1.0,1.0,0.7904876340354606,0.7906000200069975,0.7904876340354606,0.7906000200069975,0.7906000200069975,0.7905166032517731,0.790545418768285,0.7905730137756457,0.7906000200069975,0.7906000200069975,0.7904876340354606,0.0,0.7904876340354606
acs_full_income,6,4,136965,128048,5623.4,0.0,0.0,0.791700458014172,0.7902906322762896,0.791700458014172,0.791700458014172,0.791700458014172,0.7914937134739031,0.79120114714976,0.7907988473733758,0.791700458014172,0.791700458014172,0.791700458014172,0.0,0.791700458014172
acs_full_income,6,4,136965,128048,5623.4,0.0,0.0,0.7904872445241722,0.7894324417236228,0.7904872445241722,0.7904872445241722,0.7904872445241722,0.7904012541340203,0.7901947767433745,0.7898684301127379,0.7904872445241722,0.7904872445241722,0.7904872445241722,0.0,0.7904872445241722
acs_full_income,6,4,136965,128048,5623.4,0.0,0.0,0.7904876340354606,0.7891785452056677,0.7904876340354606,0.7904876340354606,0.7904876340354606,0.7903246341619142,0.7900493654012628,0.7896654696011325,0.7904876340354606,0.7904876340354606,0.7904876340354606,0.0,0.7904876340354606
acs_full_income,6,4,136965,106742,5623.4,0.0,0.0,0.791700458014172,0.790572652275543,0.791700458014172,0.791700458014172,0.791700458014172,0.7914740361936391,0.7912092688454776,0.790908008060052,0.791700458014172,0.791700458014172,0.791700458014172,0.0,0.791700458014172
acs_full_income,6,4,136965,106742,5623.4,0.0,0.0,0.7904872445241722,0.7896557639349372,0.7904872445241722,0.7904872445241722,0.7904872445241722,0.7903506537840618,0.7901638620872317,0.7899266501719873,0.7904872445241722,0.7904872445241722,0.7904872445241722,0.0,0.7904872445241722
acs_full_income,6,4,136965,106742,5623.4,0.0,0.0,0.7904876340354606,0.7893822576059742,0.7904876340354606,0.7904876340354606,0.7904876340354606,0.7902802166947027,0.7900247972343541,0.789721922543839,0.7904876340354606,0.7904876340354606,0.7904876340354606,0.0,0.7904876340354606
acs_full_income,6,2,136965,28996,5623.4,1.0,1.0,0.791700458014172,0.7921505083091521,0.791700458014172,0.7921505083091521,0.7921505083091521,0.7918619617764213,0.7919864916220933,0.7920907294937265,0.7921505083091521,0.7921505083091521,0.791700458014172,0.0,0.791700458014172
acs_full_income,6,2,136965,28996,5623.4,0.625,1.0,0.7904872445241722,0.7910479826768041,0.7904872445241722,0.7910479826768041,0.790908274886286,0.7906905311953277,0.7908417699750241,0.7909644300003976,0.7910479826768041,0.7910479826768041,0.7904872445241722,0.0,0.7904872445241722
acs_full_income,6,2,136965,28996,5623.4,0.875,1.0,0.7904876340354606,0.7909779631017175,0.7904876340354606,0.7909779631017175,0.7909512172561486,0.7906623358217321,0.7908052029652632,0.7909135450911945,0.7909779631017175,0.7909779631017175,0.7904876340354606,0.0,0.7904876340354606
acs_full_income,6,3,136965,93212,5623.4,1.0,0.5,0.791700458014172,0.791679062016333,0.791700458014172,0.791679062016333,0.791679062016333,0.791730998020574,0.7917444648858314,0.7917264574432128,0.791700458014172,0.7917444648858314,0.791700458014172,0.0,0.791700458014172
acs_full_income,6,3,136965,93212,5623.4,0.625,0.75,0.7904872445241722,0.7906318803289714,0.7904872445241722,0.7906318803289714,0.7906412843609266,0.7905679941095829,0.7906242406788961,0.7906473723781138,0.7906318803289714,0.7906473723781138,0.7904872445241722,0.0,0.7904872445241722
acs_full_income,6,3,136965,93212,5623.4,0.125,0.75,0.7904876340354606,0.7905523809296154,0.7904876340354606,0.7904876340354606,0.7905177147416533,0.7905439017066949,0.7905622952055196,0.7905797831968054,0.7905523809296154,0.7905797831968054,0.7904876340354606,0.0,0.7904876340354606
acs_full_income,6,3,136965,79786,5623.4,0.75,0.375,0.791700458014172,0.7915661991826388,0.791700458014172,0.7915661991826388,0.7916757150310443,0.7917408263140499,0.7917325818823363,0.7916757150310443,0.791700458014172,0.7917441789194073,0.791700458014172,0.0,0.791700458014172
acs_full_income,6,3,136965,79786,5623.4,0.25,0.625,0.7904872445241722,0.7905133638880226,0.7904872445241722,0.7904872445241722,0.7905841907813835,0.7905841907813835,0.7906140292019166,0.7905938897692444,0.7905133638880226,0.7906188153564679,0.7904872445241722,0.0,0.7904872445241722
acs_full_income,6,3,136965,79786,5623.4,0.125,0.5,0.7904876340354606,0.7904679165715337,0.7904876340354606,0.7904876340354606,0.7905289892701831,0.7905573066920112,0.7905854680904295,0.7905528425168435,0.7904876340354606,0.7905854680904295,0.7904876340354606,0.0,0.7904876340354606
acs_full_income,6,1,136965,47781,5623.4,0.0,0.0,0.791700458014172,0.7905237588388486,0.791700458014172,0.791700458014172,0.791700458014172,0.7914193285550056,0.7911258349054264,0.7908229925714791,0.791700458014172,0.791700458014172,0.791700458014172,0.0,0.791700458014172
acs_full_income,6,1,136965,47781,5623.4,0.0,0.0,0.7904872445241722,0.7894513803747417,0.7904872445241722,0.7904872445241722,0.7904872445241722,0.7902388845840743,0.7899872828831909,0.7897241542201436,0.7904872445241722,0.7904872445241722,0.7904872445241722,0.0,0.7904872445241722
acs_full_income,6,1,136965,47781,5623.4,0.0,0.0,0.7904876340354606,0.7892299610282819,0.7904876340354606,0.7904876340354606,0.7904876340354606,0.7901873608566644,0.7898791936569842,0.7895616510890944,0.7904876340354606,0.7904876340354606,0.7904876340354606,0.0,0.7904876340354606
acs_full_income,6,1,136965,8711,5623.4,1.0,1.0,0.791700458014172,0.7917949413554165,0.791700458014172,0.7917949413554165,0.7917949413554165,0.7917230023625697,0.7917521774323976,0.7917722234400153,0.7917949413554165,0.7917949413554165,0.791700458014172,0.0,0.791700458014172
acs_full_income,6,1,136965,8711,5623.4,1.0,1.0,0.7904872445241722,0.7905742345490492,0.7904872445241722,0.7905742345490492,0.7905742345490492,0.7905124752918873,0.7905360858546342,0.7905554646547229,0.7905742345490492,0.7905742345490492,0.7904872445241722,0.0,0.7904872445241722
acs_full_income,6,1,136965,8711,5623.4,1.0,1.0,0.7904876340354606,0.7906272782367512,0.7904876340354606,0.7906272782367512,0.7906272782367512,0.7905247580096655,0.7905655195549048,0.7905968072437354,0.7906272782367512,0.7906272782367512,0.7904876340354606,0.0,0.7904876340354606
acs_full_income,6,2,136965,169927,5623.4,1.0,0.875,0.791700458014172,0.7920142734591815,0.791700458014172,0.7920142734591815,0.7920142734591815,0.7918626703496887,0.7919690769999673,0.7920158698296402,0.7920142734591815,0.7920196338897918,0.791700458014172,0.0,0.791700458014172
acs_full_income,6,2,136965,169927,5623.4,0.75,1.0,0.7904872445241722,0.7910683143083469,0.7904872445241722,0.7910683143083469,0.7910109007628018,0.7907366205779288,0.7909026270679864,0.7910109007628018,0.7910683143083469,0.7910683143083469,0.7904872445241722,0.0,0.7904872445241722
acs_full_income,6,2,136965,169927,5623.4,0.5,0.875,0.7904876340354606,0.7908370485541,0.7904876340354606,0.7908370485541,0.79078471735501,0.790660263407241,0.79078471735501,0.7908377554994181,0.7908370485541,0.7908401536597394,0.7904876340354606,0.0,0.7904876340354606
acs_full_income,6,1,136965,16337,5623.4,0.0,0.0,0.791700458014172,0.7910561130123002,0.791700458014172,0.791700458014172,0.791700458014172,0.7915483676494847,0.7913959205853268,0.7912297974105127,0.791700458014172,0.791700458014172,0.791700458014172,0.0,0.791700458014172
acs_full_income,6,1,136965,16337,5623.4,0.0,0.0,0.7904872445241722,0.7899440398222088,0.7904872445241722,0.7904872445241722,0.7904872445241722,0.790370367179496,0.7902443591340631,0.7901053239800653,0.7904872445241722,0.7904872445241722,0.7904872445241722,0.0,0.7904872445241722
acs_full_income,6,1,136965,16337,5623.4,0.0,0.0,0.7904876340354606,0.7899164878484458,0.7904876340354606,0.7904876340354606,0.7904876340354606,0.7903598305858275,0.7902199771007983,0.7900744037076248,0.7904876340354606,0.7904876340354606,0.7904876340354606,0.0,0.7904876340354606
acs_full_income,8,2,21914,64941,908.0,1.0,1.0,0.7559235864086264,0.7573376821075601,0.7559235864086264,0.7573376821075601,0.7573376821075601,0.7563753254829038,0.7567774459002152,0.7571034861262729,0.7573376821075601,0.7573376821075601,0.7559235864086264,0.0,0.7559235864086264
acs_full_income,8,2,21914,64941,908.0,0.625,0.5,0.7587019541746829,0.7587716685903861,0.7587019541746829,0.7587716685903861,0.7588774387075312,0.7588379620643569,0.7588999922210115,0.7588649135078201,0.7587716685903861,0.7588999922210115,0.7587019541746829,0.0,0.7587019541746829
acs_full_income,8,2,21914,64941,908.0,1.0,0.25,0.7607457650565417,0.7606463815534471,0.7607457650565417,0.7606463815534471,0.7606463815534471,0.7608109054142256,0.7607961083056374,0.7607497871100068,0.7607457650565417,0.7608109054142256,0.7607457650565417,0.0,0.7607457650565417
acs_full_income,8,1,21914,13929,908.0,1.0,1.0,0.7559235864086264,0.7569697321954291,0.7559235864086264,0.7569697321954291,0.7569697321954291,0.7562415855828646,0.7565305240164849,0.7568073401040668,0.7569697321954291,0.7569697321954291,0.7559235864086264,0.0,0.7559235864086264
acs_full_income,8,1,21914,13929,908.0,0.25,0.375,0.7587019541746829,0.7587084098685034,0.7587019541746829,0.7587019541746829,0.7587796976295672,0.7587796976295672,0.7587960323396067,0.7587865348099216,0.7587084098685034,0.7588098066592734,0.7587019541746829,0.0,0.7587019541746829
acs_full_income,8,1,21914,13929,908.0,1.0,0.125,0.7607457650565417,0.7605198846299779,0.7607457650565417,0.7605198846299779,0.7605198846299779,0.7607283661397114,0.7606864109820003,0.7605554696391343,0.7607457650565417,0.7607491651212929,0.7607457650565417,0.0,0.7607457650565417
acs_full_income,8,1,21914,7731,908.0,0.0,0.0,0.7559235864086264,0.7533304113703941,0.7559235864086264,0.7559235864086264,0.7559235864086264,0.7552943332398271,0.7547286584300525,0.7540704863005472,0.7559235864086264,0.7559235864086264,0.7559235864086264,0.0,0.7559235864086264
acs_full_income,8,1,21914,7731,908.0,0.0,0.0,0.7587019541746829,0.7566715669446856,0.7587019541746829,0.7587019541746829,0.7587019541746829,0.7582870402849259,0.7578040856424195,0.7572715293833459,0.7587019541746829,0.7587019541746829,0.7587019541746829,0.0,0.7587019541746829
acs_full_income,8,1,21914,7731,908.0,0.0,0.0,0.7607457650565417,0.7583632381479474,0.7607457650565417,0.7607457650565417,0.7607457650565417,0.7602586107226879,0.7596415628526922,0.7590504617842245,0.7607457650565417,0.7607457650565417,0.7607457650565417,0.0,0.7607457650565417
acs_full_income,8,4,21914,108889,908.0,0.375,0.25,0.7559235864086264,0.7551189883582777,0.7559235864086264,0.7559235864086264,0.7559639091584937,0.7560324897894637,0.7559208300091081,0.75564583974842,0.7559235864086264,0.7560324897894637,0.7559235864086264,0.0,0.7559235864086264
acs_full_income,8,4,21914,108889,908.0,0.0,0.0,0.7587019541746829,0.756645816191095,0.7587019541746829,0.7587019541746829,0.7587019541746829,0.7584849126125459,0.7580606676541582,0.757406915559196,0.7587019541746829,0.7587019541746829,0.7587019541746829,0.0,0.7587019541746829
acs_full_income,8,4,21914,108889,908.0,0.25,0.0,0.7607457650565417,0.75849107234575,0.7607457650565417,0.7607457650565417,0.7604269798873688,0.7604269798873688,0.7599179162680002,0.7592491300570403,0.7607457650565417,0.7607457650565417,0.7607457650565417,0.0,0.7607457650565417
acs_full_income,8,2,21914,21512,908.0,1.0,1.0,0.7559235864086264,0.7571942690101703,0.7559235864086264,0.7571942690101703,0.7571942690101703,0.7563636277978608,0.7566698007792362,0.7569967905202456,0.7571942690101703,0.7571942690101703,0.7559235864086264,0.0,0.7559235864086264
acs_full_income,8,2,21914,21512,908.0,0.375,0.875,0.7587019541746829,0.7590947957918516,0.7587019541746829,0.7590947957918516,0.7589891662709244,0.7589150132794347,0.7590529053590087,0.7590845441182141,0.7590947957918516,0.7591145248116633,0.7587019541746829,0.0,0.7587019541746829
acs_full_income,8,2,21914,21512,908.0,0.75,0.875,0.7607457650565417,0.7611066296748816,0.7607457650565417,0.7611066296748816,0.7610905562629471,0.7609241521448237,0.7610595172671553,0.7610905562629471,0.7611066296748816,0.7611295028352351,0.7607457650565417,0.0,0.7607457650565417
acs_full_income,8,1,21914,22006,908.0,0.875,1.0,0.7559235864086264,0.7570977479672834,0.7559235864086264,0.7570977479672834,0.757060745918905,0.7563713106716561,0.7567599893220159,0.7570067537787123,0.7570977479672834,0.7570977479672834,0.7559235864086264,0.0,0.7559235864086264
acs_full_income,8,1,21914,22006,908.0,0.125,0.125,0.7587019541746829,0.758258088676816,0.7587019541746829,0.7587019541746829,0.7587613079152472,0.7587589319585782,0.7586991210158419,0.7584915561591468,0.7587019541746829,0.7587613079152472,0.7587019541746829,0.0,0.7587019541746829
acs_full_income,8,1,21914,22006,908.0,0.75,0.0,0.7607457650565417,0.7598835624099713,0.7607457650565417,0.7598835624099713,0.7601656836578355,0.7606332705260341,0.7604182820809974,0.7601656836578355,0.7607457650565417,0.7607457650565417,0.7607457650565417,0.0,0.7607457650565417
acs_full_income,8,2,21914,53027,908.0,1.0,1.0,0.7559235864086264,0.7594681879487478,0.7559235864086264,0.7594681879487478,0.7594681879487478,0.757092649437032,0.7580776250556682,0.758874985317148,0.7594681879487478,0.7594681879487478,0.7559235864086264,0.0,0.7559235864086264
acs_full_income,8,2,21914,53027,908.0,1.0,1.0,0.7587019541746829,0.7601823571615586,0.7587019541746829,0.7601823571615586,0.7601823571615586,0.7593936300097975,0.7598714535251238,0.7601444832273412,0.7601823571615586,0.7601823571615586,0.7587019541746829,0.0,0.7587019541746829
acs_full_income,8,2,21914,53027,908.0,1.0,1.0,0.7607457650565417,0.7627706046016943,0.7607457650565417,0.7627706046016943,0.7627706046016943,0.7614279375876111,0.7620016395974635,0.7624205887463946,0.7627706046016943,0.7627706046016943,0.7607457650565417,0.0,0.7607457650565417
acs_full_income,8,3,21914,77519,908.0,0.0,0.0,0.7559235864086264,0.7534364522451431,0.7559235864086264,0.7559235864086264,0.7559235864086264,0.7553241079912942,0.7547157970810556,0.7541021972924341,0.7559235864086264,0.7559235864086264,0.7559235864086264,0.0,0.7559235864086264
acs_full_income,8,3,21914,77519,908.0,0.0,0.0,0.7587019541746829,0.7559329217310407,0.7587019541746829,0.7587019541746829,0.7587019541746829,0.7580843784831702,0.7573680420541027,0.7566699290323886,0.7587019541746829,0.7587019541746829,0.7587019541746829,0.0,0.7587019541746829
acs_full_income,8,3,21914,77519,908.0,0.0,0.0,0.7607457650565417,0.7583241834846298,0.7607457650565417,0.7607457650565417,0.7607457650565417,0.7601950749213935,0.7596212040659105,0.7589835193152853,0.7607457650565417,0.7607457650565417,0.7607457650565417,0.0,0.7607457650565417
acs_full_income,8,1,21914,33042,908.0,0.0,0.0,0.7559235864086264,0.749282649660439,0.7559235864086264,0.7559235864086264,0.7559235864086264,0.7543080560498964,0.7527013355109781,0.7510969814026915,0.7559235864086264,0.7559235864086264,0.7559235864086264,0.0,0.7559235864086264
acs_full_income,8,1,21914,33042,908.0,0.0,0.0,0.7587019541746829,0.7542132071459925,0.7587019541746829,0.7587019541746829,0.7587019541746829,0.7577595989990895,0.7566594205837408,0.7554408760831295,0.7587019541746829,0.7587019541746829,0.7587019541746829,0.0,0.7587019541746829
acs_full_income,8,1,21914,33042,908.0,0.0,0.0,0.7607457650565417,0.7559857678778491,0.7607457650565417,0.7607457650565417,0.7607457650565417,0.7597693488805715,0.7586541828905237,0.7573098817643932,0.7607457650565417,0.7607457650565417,0.7607457650565417,0.0,0.7607457650565417
acs_full_income,8,2,21914,66874,908.0,0.875,1.0,0.7559235864086264,0.7565409245827996,0.7559235864086264,0.7565409245827996,0.7564488727268762,0.7561958091393481,0.7563510441267904,0.7564435571436983,0.7565409245827996,0.7565409245827996,0.7559235864086264,0.0,0.7559235864086264
acs_full_income,8,2,21914,66874,908.0,0.125,0.25,0.7587019541746829,0.7583244909483526,0.7587019541746829,0.7587019541746829,0.7587061472365535,0.7587110907620191,0.7586803673183586,0.7585562716460232,0.7587019541746829,0.7587110907620191,0.7587019541746829,0.0,0.7587019541746829
acs_full_income,8,2,21914,66874,908.0,0.75,0.125,0.7607457650565417,0.7605535183995408,0.7607457650565417,0.7605535183995408,0.7606159626994824,0.7607710414238344,0.7607563287636091,0.7606159626994824,0.7607457650565417,0.7607722174074899,0.7607457650565417,0.0,0.7607457650565417
acs_full_income,8,4,21914,178158,908.0,0.0,0.0,0.7559235864086264,0.7529337455436707,0.7559235864086264,0.7559235864086264,0.7559235864086264,0.7551791543403107,0.7544489564745636,0.7536953163304089,0.7559235864086264,0.7559235864086264,0.7559235864086264,0.0,0.7559235864086264
acs_full_income,8,4,21914,178158,908.0,0.0,0.0,0.7587019541746829,0.7557387636817765,0.7587019541746829,0.7587019541746829,0.7587019541746829,0.7580825670748284,0.7573732859979807,0.7565784631481617,0.7587019541746829,0.7587019541746829,0.7587019541746829,0.0,0.7587019541746829
acs_full_income,8,4,21914,178158,908.0,0.0,0.0,0.7607457650565417,0.7577954302231918,0.7607457650565417,0.7607457650565417,0.7607457650565417,0.7600240074718911,0.7593398767901065,0.7586144157166927,0.7607457650565417,0.7607457650565417,0.7607457650565417,0.0,0.7607457650565417
acs_full_income,8,2,21914,50607,908.0,1.0,0.875,0.7559235864086264,0.7580688818862891,0.7559235864086264,0.7580688818862891,0.7580688818862891,0.756925165190403,0.7576188321867365,0.7580357542207417,0.7580688818862891,0.7580922341008889,0.7559235864086264,0.0,0.7559235864086264
acs_full_income,8,2,21914,50607,908.0,0.625,0.5,0.7587019541746829,0.7589159476914304,0.7587019541746829,0.7589159476914304,0.7594587578918678,0.7592722998725354,0.7594866650220063,0.759309454248133,0.7589159476914304,0.7594866650220063,0.7587019541746829,0.0,0.7587019541746829
acs_full_income,8,2,21914,50607,908.0,0.75,0.625,0.7607457650565417,0.7612771672345966,0.7607457650565417,0.7612771672345966,0.7613959612659812,0.7612574070867472,0.7614499893669984,0.7613959612659812,0.7612771672345966,0.7614509028000888,0.7607457650565417,0.0,0.7607457650565417
acs_full_income,9,2,13849,30234,662.4,0.125,0.5,0.8336027217821111,0.8347381084225965,0.8336027217821111,0.8336027217821111,0.8340337472273693,0.8345063192207754,0.8350724595524699,0.835045223874328,0.8347381084225965,0.8350724595524699,0.8336027217821111,0.0,0.8336027217821111
acs_full_income,9,2,13849,30234,662.4,0.75,0.25,0.8347912125706037,0.8327760560800659,0.8347912125706037,0.8327760560800659,0.8338654995434751,0.8348400302556214,0.8345246733814939,0.8338654995434751,0.8347912125706037,0.8348400302556214,0.8347912125706037,0.0,0.8347912125706037
acs_full_income,9,2,13849,30234,662.4,0.375,0.625,0.8212496174692293,0.8219166420272087,0.8212496174692293,0.8212496174692293,0.8221324170853895,0.8219757341127167,0.8223680993926095,0.8222979992390147,0.8219166420272087,0.8223760291354669,0.8212496174692293,0.0,0.8212496174692293
acs_full_income,9,4,13849,90858,662.4,1.0,1.0,0.8336027217821111,0.8372127245694685,0.8336027217821111,0.8372127245694685,0.8372127245694685,0.8349011166321038,0.8359799091866649,0.8367943902632569,0.8372127245694685,0.8372127245694685,0.8336027217821111,0.0,0.8336027217821111
acs_full_income,9,4,13849,90858,662.4,1.0,0.625,0.8347912125706037,0.835204451497571,0.8347912125706037,0.835204451497571,0.835204451497571,0.8352912846354633,0.8355092131061206,0.8355282904111221,0.835204451497571,0.8355424218420399,0.8347912125706037,0.0,0.8347912125706037
acs_full_income,9,4,13849,90858,662.4,1.0,1.0,0.8212496174692293,0.8259355306841343,0.8212496174692293,0.8259355306841343,0.8259355306841343,0.8229162429012126,0.8241097381201583,0.8251461865878711,0.8259355306841343,0.8259355306841343,0.8212496174692293,0.0,0.8212496174692293
acs_full_income,9,4,13849,231742,662.4,1.0,1.0,0.8336027217821111,0.8358267061126566,0.8336027217821111,0.8358267061126566,0.8358267061126566,0.8342818558613498,0.8348528064393448,0.8353287257781415,0.8358267061126566,0.8358267061126566,0.8336027217821111,0.0,0.8336027217821111
acs_full_income,9,4,13849,231742,662.4,1.0,0.75,0.8347912125706037,0.8349654250169602,0.8347912125706037,0.8349654250169602,0.8349654250169602,0.8350348861111586,0.8351053532169996,0.8351681781213702,0.8349654250169602,0.8351681781213702,0.8347912125706037,0.0,0.8347912125706037
acs_full_income,9,4,13849,231742,662.4,1.0,1.0,0.8212496174692293,0.8255511993213946,0.8212496174692293,0.8255511993213946,0.8255511993213946,0.8224504717595615,0.8236117421782028,0.8245078746544331,0.8255511993213946,0.8255511993213946,0.8212496174692293,0.0,0.8212496174692293
acs_full_income,9,4,13849,292473,662.4,1.0,1.0,0.8336027217821111,0.8361578973510849,0.8336027217821111,0.8361578973510849,0.8361578973510849,0.8343634277619008,0.8350340961969613,0.8355497159396585,0.8361578973510849,0.8361578973510849,0.8336027217821111,0.0,0.8336027217821111
acs_full_income,9,4,13849,292473,662.4,1.0,1.0,0.8347912125706037,0.8352607291189187,0.8347912125706037,0.8352607291189187,0.8352607291189187,0.8350921765461293,0.8351778375812897,0.8352354098902033,0.8352607291189187,0.8352607291189187,0.8347912125706037,0.0,0.8347912125706037
acs_full_income,9,4,13849,292473,662.4,1.0,1.0,0.8212496174692293,0.8250951743822836,0.8212496174692293,0.8250951743822836,0.8250951743822836,0.8222912583525154,0.823365459228639,0.8242361789404336,0.8250951743822836,0.8250951743822836,0.8212496174692293,0.0,0.8212496174692293
acs_full_income,9,4,13849,111001,662.4,0.75,1.0,0.8336027217821111,0.8367939194648794,0.8336027217821111,0.8367939194648794,0.8364105546462586,0.8347701762638828,0.8357152646777761,0.8364105546462586,0.8367939194648794,0.8367939194648794,0.8336027217821111,0.0,0.8336027217821111
acs_full_income,9,4,13849,111001,662.4,1.0,0.375,0.8347912125706037,0.8347536735472673,0.8347912125706037,0.8347536735472673,0.8347536735472673,0.8350764601539056,0.8350949929116428,0.8350553115766636,0.8347912125706037,0.8351149789061896,0.8347912125706037,0.0,0.8347912125706037
acs_full_income,9,4,13849,111001,662.4,1.0,1.0,0.8212496174692293,0.8245577893911421,0.8212496174692293,0.8245577893911421,0.8245577893911421,0.8223875582353826,0.823357031382129,0.824117371241157,0.8245577893911421,0.8245577893911421,0.8212496174692293,0.0,0.8212496174692293
acs_full_income,9,4,13849,189638,662.4,1.0,0.875,0.8336027217821111,0.8350020438368687,0.8336027217821111,0.8350020438368687,0.8350020438368687,0.834215413883098,0.8346655437957078,0.8348749128866224,0.8350020438368687,0.8350050262113358,0.8336027217821111,0.0,0.8336027217821111
acs_full_income,9,4,13849,189638,662.4,1.0,0.0,0.8347912125706037,0.8337384261613597,0.8347912125706037,0.8337384261613597,0.8337384261613597,0.8347606484865882,0.834478522055826,0.8342076055385581,0.8347912125706037,0.8347912125706037,0.8347912125706037,0.0,0.8347912125706037
acs_full_income,9,4,13849,189638,662.4,0.375,1.0,0.8212496174692293,0.8243213170019886,0.8212496174692293,0.8243213170019886,0.8228133432460206,0.8223840613399379,0.8232883575783229,0.8240139280387365,0.8243213170019886,0.8243213170019886,0.8212496174692293,0.0,0.8212496174692293
acs_full_income,9,3,13849,94840,662.4,1.0,1.0,0.8336027217821111,0.8373342807569151,0.8336027217821111,0.8373342807569151,0.8373342807569151,0.8348682023465372,0.8360071481226988,0.8368231965019179,0.8373342807569151,0.8373342807569151,0.8336027217821111,0.0,0.8336027217821111
acs_full_income,9,3,13849,94840,662.4,1.0,0.875,0.8347912125706037,0.8356699888255407,0.8347912125706037,0.8356699888255407,0.8356699888255407,0.8353986154945829,0.8357036675637076,0.8357341980495279,0.8356699888255407,0.8357591002325646,0.8347912125706037,0.0,0.8347912125706037
acs_full_income,9,3,13849,94840,662.4,1.0,1.0,0.8212496174692293,0.8266190746899333,0.8212496174692293,0.8266190746899333,0.8266190746899333,0.8230334104702801,0.8245438583386139,0.8257051144225118,0.8266190746899333,0.8266190746899333,0.8212496174692293,0.0,0.8212496174692293
acs_full_income,9,4,13849,110153,662.4,1.0,1.0,0.8336027217821111,0.836802012503033,0.8336027217821111,0.836802012503033,0.836802012503033,0.8345408839044017,0.8353934862502537,0.8361496922850135,0.836802012503033,0.836802012503033,0.8336027217821111,0.0,0.8336027217821111
acs_full_income,9,4,13849,110153,662.4,1.0,1.0,0.8347912125706037,0.8357251478825198,0.8347912125706037,0.8357251478825198,0.8357251478825198,0.8351772647500979,0.8353936709459078,0.8356286606997372,0.8357251478825198,0.8357251478825198,0.8347912125706037,0.0,0.8347912125706037
acs_full_income,9,4,13849,110153,662.4,1.0,1.0,0.8212496174692293,0.8254576645117733,0.8212496174692293,0.8254576645117733,0.8254576645117733,0.8224209802926441,0.8235481276501121,0.8245179720342887,0.8254576645117733,0.8254576645117733,0.8212496174692293,0.0,0.8212496174692293
acs_full_income,9,3,13849,84005,662.4,0.625,1.0,0.8336027217821111,0.836352231823987,0.8336027217821111,0.836352231823987,0.8357665446039294,0.8346294639415505,0.8354724676480627,0.8360377524127329,0.836352231823987,0.836352231823987,0.8336027217821111,0.0,0.8336027217821111
acs_full_income,9,3,13849,84005,662.4,1.0,0.375,0.8347912125706037,0.8343766194256961,0.8347912125706037,0.8343766194256961,0.8343766194256961,0.8349818923708908,0.8349233470255129,0.8347645588755509,0.8347912125706037,0.8350434224921522,0.8347912125706037,0.0,0.8347912125706037
acs_full_income,9,3,13849,84005,662.4,1.0,1.0,0.8212496174692293,0.8241486258876926,0.8212496174692293,0.8241486258876926,0.8241486258876926,0.8223956885941819,0.8232404784259836,0.8238838640931172,0.8241486258876926,0.8241486258876926,0.8212496174692293,0.0,0.8212496174692293
acs_full_income,9,3,13849,27599,662.4,0.375,0.875,0.8336027217821111,0.8362532301845684,0.8336027217821111,0.8336027217821111,0.8351717073272544,0.8346715422679495,0.835599160236293,0.8361671341789019,0.8362532301845684,0.8362794801064324,0.8336027217821111,0.0,0.8336027217821111
acs_full_income,9,3,13849,27599,662.4,1.0,0.5,0.8347912125706037,0.834615717325687,0.8347912125706037,0.834615717325687,0.834615717325687,0.8352642656023684,0.8353855542624831,0.8351677835194182,0.8347912125706037,0.8353855542624831,0.8347912125706037,0.0,0.8347912125706037
acs_full_income,9,3,13849,27599,662.4,0.75,1.0,0.8212496174692293,0.8255834696559579,0.8212496174692293,0.8255834696559579,0.8250772010584381,0.8228992071873554,0.8241896536020362,0.8250772010584381,0.8255834696559579,0.8255834696559579,0.8212496174692293,0.0,0.8212496174692293
acs_full_income,9,2,13849,19262,662.4,0.5,0.75,0.8336027217821111,0.8338104967282175,0.8336027217821111,0.8336027217821111,0.8339671246590346,0.8338268920592627,0.8339671246590346,0.8340525843168074,0.8338104967282175,0.8340525843168074,0.8336027217821111,0.0,0.8336027217821111
acs_full_income,9,2,13849,19262,662.4,1.0,0.0,0.8347912125706037,0.8334781947425177,0.8347912125706037,0.8334781947425177,0.8334781947425177,0.834604845669797,0.8342452143380098,0.8338895622859209,0.8347912125706037,0.8347912125706037,0.8347912125706037,0.0,0.8347912125706037
acs_full_income,9,2,13849,19262,662.4,0.125,1.0,0.8212496174692293,0.8222502698742731,0.8212496174692293,0.8212496174692293,0.8214433809965951,0.8216695584575303,0.8219948538826857,0.8221683580167192,0.8222502698742731,0.8222502698742731,0.8212496174692293,0.0,0.8212496174692293
acs_full_income,9,3,13849,84546,662.4,0.75,1.0,0.8336027217821111,0.836477341866975,0.8336027217821111,0.836477341866975,0.8362134551763625,0.8347095717629288,0.8357064934967925,0.8362134551763625,0.836477341866975,0.836477341866975,0.8336027217821111,0.0,0.8336027217821111
acs_full_income,9,3,13849,84546,662.4,1.0,0.25,0.8347912125706037,0.8340863727531704,0.8347912125706037,0.8340863727531704,0.8340863727531704,0.8349833136557883,0.8348111555455678,0.8344327878678943,0.8347912125706037,0.8349833136557883,0.8347912125706037,0.0,0.8347912125706037
acs_full_income,9,3,13849,84546,662.4,0.75,1.0,0.8212496174692293,0.8246062914094254,0.8212496174692293,0.8246062914094254,0.8243239478456603,0.8225361625586552,0.8235697303686409,0.8243239478456603,0.8246062914094254,0.8246062914094254,0.8212496174692293,0.0,0.8212496174692293
acs_full_income,10,4,3299,50008,128.7,0.0,0.875,0.7647111613825031,0.7660838088283303,0.7647111613825031,0.7647111613825031,0.7647111613825031,0.7658040867873203,0.7663868818788424,0.7663610901019084,0.7660838088283303,0.7666852172601997,0.7647111613825031,0.0,0.7647111613825031
acs_full_income,10,4,3299,50008,128.7,0.0,0.875,0.7748815766753706,0.7753054103132959,0.7748815766753706,0.7748815766753706,0.7748815766753706,0.7753974860160231,0.7751842497456112,0.7753067440151183,0.7753054103132959,0.7754337034658059,0.7748815766753706,0.0,0.7748815766753706
acs_full_income,10,4,3299,50008,128.7,0.0,0.5,0.7703994179363937,0.7696074937348375,0.7703994179363937,0.7703994179363937,0.7703994179363937,0.7709093084550813,0.7710590970309239,0.7700786053454322,0.7703994179363937,0.7710590970309239,0.7703994179363937,0.0,0.7703994179363937
acs_full_income,10,2,3299,76039,128.7,0.0,0.75,0.7647111613825031,0.7657770471256459,0.7647111613825031,0.7647111613825031,0.7647111613825031,0.7658759022123683,0.7665526227617546,0.7667496302409698,0.7657770471256459,0.7667496302409698,0.7647111613825031,0.0,0.7647111613825031
acs_full_income,10,2,3299,76039,128.7,0.0,0.125,0.7748815766753706,0.7739756769443153,0.7748815766753706,0.7748815766753706,0.7748815766753706,0.7750966461557395,0.7748495279091909,0.7745090879969952,0.7748815766753706,0.7751529996157763,0.7748815766753706,0.0,0.7748815766753706
acs_full_income,10,2,3299,76039,128.7,0.0,0.375,0.7703994179363937,0.7697036140241438,0.7703994179363937,0.7703994179363937,0.7703994179363937,0.7709658491200777,0.7710118436193364,0.7701847002109443,0.7703994179363937,0.7711327134005856,0.7703994179363937,0.0,0.7703994179363937
acs_full_income,10,4,3299,243315,128.7,0.0,1.0,0.7647111613825031,0.768664680598722,0.7647111613825031,0.7647111613825031,0.7647111613825031,0.7663949181930493,0.7679592461256608,0.7686247158102102,0.768664680598722,0.768664680598722,0.7647111613825031,0.0,0.7647111613825031
acs_full_income,10,4,3299,243315,128.7,1.0,0.375,0.7748815766753706,0.7744307389703281,0.7748815766753706,0.7744307389703281,0.7744307389703281,0.7752746252066997,0.7750755799657167,0.7748841803378155,0.7748815766753706,0.7753022787005007,0.7748815766753706,0.0,0.7748815766753706
acs_full_income,10,4,3299,243315,128.7,0.0,0.75,0.7703994179363937,0.77122350903784,0.7703994179363937,0.7703994179363937,0.7703994179363937,0.7712189460858393,0.7714435002879041,0.7715183611859038,0.77122350903784,0.7715183611859038,0.7703994179363937,0.0,0.7703994179363937
acs_full_income,10,2,3299,69137,128.7,0.0,0.25,0.7647111613825031,0.7641766537945822,0.7647111613825031,0.7647111613825031,0.7647111613825031,0.765258197036604,0.7650230925951357,0.7650471899579312,0.7647111613825031,0.765258197036604,0.7647111613825031,0.0,0.7647111613825031
acs_full_income,10,2,3299,69137,128.7,0.0,0.125,0.7748815766753706,0.7725720637777537,0.7748815766753706,0.7748815766753706,0.7748815766753706,0.7747527442301756,0.7740472348079576,0.7735837772914884,0.7748815766753706,0.7749827042048519,0.7748815766753706,0.0,0.7748815766753706
acs_full_income,10,2,3299,69137,128.7,0.0,0.375,0.7703994179363937,0.7691485203970567,0.7703994179363937,0.7703994179363937,0.7703994179363937,0.771076380135427,0.7709234767708089,0.7701404145905968,0.7703994179363937,0.7711751476292742,0.7703994179363937,0.0,0.7703994179363937
acs_full_income,10,4,3299,36109,128.7,0.125,0.625,0.7647111613825031,0.7645946012896834,0.7647111613825031,0.7647111613825031,0.765533405207198,0.7656931172024792,0.766340759934953,0.7664028053705314,0.7647111613825031,0.7664867305990469,0.7647111613825031,0.0,0.7647111613825031
acs_full_income,10,4,3299,36109,128.7,0.5,0.375,0.7748815766753706,0.7728390208693837,0.7748815766753706,0.7748815766753706,0.7757557740400922,0.7757839273641579,0.7757557740400922,0.774956339836894,0.7748815766753706,0.7758430258770015,0.7748815766753706,0.0,0.7748815766753706
acs_full_income,10,4,3299,36109,128.7,0.0,0.625,0.7703994179363937,0.7708776461484077,0.7703994179363937,0.7703994179363937,0.7703994179363937,0.7716800704835495,0.7720896301744141,0.7720068238219167,0.7708776461484077,0.7724644050863848,0.7703994179363937,0.0,0.7703994179363937
acs_full_income,10,1,3299,31664,128.7,0.25,1.0,0.7647111613825031,0.7672540903229642,0.7647111613825031,0.7647111613825031,0.7657070638617545,0.7657070638617545,0.7665174970964821,0.7669917050822078,0.7672540903229642,0.7672540903229642,0.7647111613825031,0.0,0.7647111613825031
acs_full_income,10,1,3299,31664,128.7,0.875,0.5,0.7748815766753706,0.775411728883006,0.7748815766753706,0.775411728883006,0.7755888527544257,0.7756823418077168,0.7760104832317833,0.7756910833303129,0.775411728883006,0.7760104832317833,0.7748815766753706,0.0,0.7748815766753706
acs_full_income,10,1,3299,31664,128.7,0.0,0.75,0.7703994179363937,0.7717424281102025,0.7703994179363937,0.7703994179363937,0.7703994179363937,0.7713918379924137,0.7719972050496722,0.7722500748216388,0.7717424281102025,0.7722500748216388,0.7703994179363937,0.0,0.7703994179363937
acs_full_income,10,3,3299,111548,128.7,0.0,0.5,0.7647111613825031,0.7637380669270437,0.7647111613825031,0.7647111613825031,0.7647111613825031,0.7656173220976519,0.7656491704703116,0.7650732364669701,0.7647111613825031,0.7656491704703116,0.7647111613825031,0.0,0.7647111613825031
acs_full_income,10,3,3299,111548,128.7,0.0,0.125,0.7748815766753706,0.7699572218771543,0.7748815766753706,0.7748815766753706,0.7748815766753706,0.7746888061236914,0.7735486373267663,0.7720277157087894,0.7748815766753706,0.7749099970440718,0.7748815766753706,0.0,0.7748815766753706
acs_full_income,10,3,3299,111548,128.7,0.0,0.375,0.7703994179363937,0.7666732918978785,0.7703994179363937,0.7703994179363937,0.7703994179363937,0.7708148504726712,0.769975947324003,0.7694521294353077,0.7703994179363937,0.7709548547124876,0.7703994179363937,0.0,0.7703994179363937
acs_full_income,10,3,3299,72497,128.7,0.0,0.5,0.7647111613825031,0.7643111224423907,0.7647111613825031,0.7647111613825031,0.7647111613825031,0.7655076193280906,0.7655464679726997,0.7654067539515061,0.7647111613825031,0.7655464679726997,0.7647111613825031,0.0,0.7647111613825031
acs_full_income,10,3,3299,72497,128.7,0.25,0.25,0.7748815766753706,0.7737342027701917,0.7748815766753706,0.7748815766753706,0.7751380206950574,0.7751380206950574,0.774887987685945,0.7742596335615527,0.7748815766753706,0.7751380206950574,0.7748815766753706,0.0,0.7748815766753706
acs_full_income,10,3,3299,72497,128.7,0.0,0.375,0.7703994179363937,0.7693149151972611,0.7703994179363937,0.7703994179363937,0.7703994179363937,0.7712198981088072,0.7711455306108725,0.7704282595519681,0.7703994179363937,0.7713260539723634,0.7703994179363937,0.0,0.7703994179363937
acs_full_income,10,1,3299,47781,128.7,0.0,0.125,0.7647111613825031,0.7594507478066463,0.7647111613825031,0.7647111613825031,0.7647111613825031,0.764887627348709,0.7647896794975826,0.7622933159236276,0.7647111613825031,0.764991336009112,0.7647111613825031,0.0,0.7647111613825031
acs_full_income,10,1,3299,47781,128.7,0.0,0.0,0.7748815766753706,0.768472757581206,0.7748815766753706,0.7748815766753706,0.7748815766753706,0.7744192825609891,0.7726102856907433,0.7710597656493181,0.7748815766753706,0.7748815766753706,0.7748815766753706,0.0,0.7748815766753706
acs_full_income,10,1,3299,47781,128.7,0.0,0.125,0.7703994179363937,0.7619571766434596,0.7703994179363937,0.7703994179363937,0.7703994179363937,0.7699574004570482,0.767698394047792,0.7645582577088712,0.7703994179363937,0.7706262363244147,0.7703994179363937,0.0,0.7703994179363937
acs_full_income,10,1,3299,21919,128.7,0.0,1.0,0.7647111613825031,0.7690743588250504,0.7647111613825031,0.7647111613825031,0.7647111613825031,0.7667432420635687,0.7682628343126385,0.7688850576718578,0.7690743588250504,0.7690743588250504,0.7647111613825031,0.0,0.7647111613825031
acs_full_income,10,1,3299,21919,128.7,0.5,0.125,0.7748815766753706,0.7732936941752784,0.7748815766753706,0.7748815766753706,0.7749519712263544,0.7750462190323517,0.7749519712263544,0.7737815418828936,0.7748815766753706,0.7750679321479188,0.7748815766753706,0.0,0.7748815766753706
acs_full_income,10,1,3299,21919,128.7,0.0,0.875,0.7703994179363937,0.7728762169509034,0.7703994179363937,0.7703994179363937,0.7703994179363937,0.7720151578718061,0.7728363562223669,0.7736756799046558,0.7728762169509034,0.7739101882706787,0.7703994179363937,0.0,0.7703994179363937
acs_full_income,10,1,3299,34003,128.7,0.0,0.25,0.7647111613825031,0.7644362751141501,0.7647111613825031,0.7647111613825031,0.7647111613825031,0.7658179968852286,0.7656309066998503,0.7652436342906398,0.7647111613825031,0.7658179968852286,0.7647111613825031,0.0,0.7647111613825031
acs_full_income,10,1,3299,34003,128.7,0.0,0.125,0.7748815766753706,0.7707194662224977,0.7748815766753706,0.7748815766753706,0.7748815766753706,0.7749860866615421,0.7739587855194513,0.7727343239138761,0.7748815766753706,0.7751036787566286,0.7748815766753706,0.0,0.7748815766753706
acs_full_income,10,1,3299,34003,128.7,0.0,0.125,0.7703994179363937,0.7659880127810134,0.7703994179363937,0.7703994179363937,0.7703994179363937,0.7705243724886479,0.769660308719423,0.7680949249439902,0.7703994179363937,0.7705520361084451,0.7703994179363937,0.0,0.7703994179363937
acs_full_income,10,1,3299,3767,128.7,1.0,1.0,0.7647111613825031,0.7674937864185831,0.7647111613825031,0.7674937864185831,0.7674937864185831,0.7657655841843116,0.7663941253019859,0.7670518065242017,0.7674937864185831,0.7674937864185831,0.7647111613825031,0.0,0.7647111613825031
acs_full_income,10,1,3299,3767,128.7,1.0,1.0,0.7748815766753706,0.7772961962605578,0.7748815766753706,0.7772961962605578,0.7772961962605578,0.7759066433349084,0.7763335161808179,0.7769433775220195,0.7772961962605578,0.7772961962605578,0.7748815766753706,0.0,0.7748815766753706
acs_full_income,10,1,3299,3767,128.7,0.0,1.0,0.7703994179363937,0.7727627097834304,0.7703994179363937,0.7703994179363937,0.7703994179363937,0.7709505858276702,0.7715658166548225,0.7720772711065639,0.7727627097834304,0.7727627097834304,0.7703994179363937,0.0,0.7703994179363937
acs_full_income,12,4,69247,144318,2294.3,0.375,1.0,0.7105598690086677,0.7117378570315789,0.7105598690086677,0.7105598690086677,0.711270790006179,0.7110573378004078,0.7114245283344671,0.7116698173091869,0.7117378570315789,0.7117378570315789,0.7105598690086677,0.0,0.7105598690086677
acs_full_income,12,4,69247,144318,2294.3,1.0,1.0,0.7067208315748514,0.7077998430686895,0.7067208315748514,0.7077998430686895,0.7077998430686895,0.7072253594519338,0.7075564527454916,0.7077573074330377,0.7077998430686895,0.7077998430686895,0.7067208315748514,0.0,0.7067208315748514
acs_full_income,12,4,69247,144318,2294.3,1.0,0.625,0.7171388898317083,0.7175146864071614,0.7171388898317083,0.7175146864071614,0.7175146864071614,0.7174691922805385,0.717606890102883,0.7176166921293032,0.7175146864071614,0.7176217379507555,0.7171388898317083,0.0,0.7171388898317083
acs_full_income,12,4,69247,240487,2294.3,0.0,0.875,0.7105598690086677,0.7108840880281514,0.7105598690086677,0.7105598690086677,0.7105598690086677,0.7107331480302483,0.7108673099867147,0.7108954249541413,0.7108840880281514,0.7109039138694685,0.7105598690086677,0.0,0.7105598690086677
acs_full_income,12,4,69247,240487,2294.3,0.75,0.75,0.7067208315748514,0.7068972514838802,0.7067208315748514,0.7068972514838802,0.7069844835744044,0.7069128413304733,0.7069811279898549,0.7069844835744044,0.7068972514838802,0.7069844835744044,0.7067208315748514,0.0,0.7067208315748514
acs_full_income,12,4,69247,240487,2294.3,0.75,0.375,0.7171388898317083,0.7168787230180073,0.7171388898317083,0.7168787230180073,0.7170437226918657,0.7171474113813298,0.7171577471766958,0.7170437226918657,0.7171388898317083,0.7171840997171083,0.7171388898317083,0.0,0.7171388898317083
acs_full_income,12,3,69247,35616,2294.3,0.25,1.0,0.7105598690086677,0.711250920050624,0.7105598690086677,0.7105598690086677,0.7108409843029638,0.7108409843029638,0.7110451481615837,0.7111965844792453,0.711250920050624,0.711250920050624,0.7105598690086677,0.0,0.7105598690086677
acs_full_income,12,3,69247,35616,2294.3,0.625,0.75,0.7067208315748514,0.7070787252876092,0.7067208315748514,0.7070787252876092,0.7070977015556849,0.7069310713918431,0.7070532546844148,0.7071047499308544,0.7070787252876092,0.7071047499308544,0.7067208315748514,0.0,0.7067208315748514
acs_full_income,12,3,69247,35616,2294.3,0.625,0.375,0.7171388898317083,0.7170866362294198,0.7171388898317083,0.7170866362294198,0.7172540502173664,0.7172423286864651,0.7172873468428783,0.7172170279032698,0.7171388898317083,0.7173061428836353,0.7171388898317083,0.0,0.7171388898317083
acs_full_income,12,3,69247,48994,2294.3,0.375,0.875,0.7105598690086677,0.7112699210865651,0.7105598690086677,0.7105598690086677,0.7110559324876017,0.710926329174904,0.7111515181557684,0.7112794802609519,0.7112699210865651,0.7112804699139185,0.7105598690086677,0.0,0.7105598690086677
acs_full_income,12,3,69247,48994,2294.3,0.625,0.75,0.7067208315748514,0.7072953634285533,0.7067208315748514,0.7072953634285533,0.7073008492448077,0.70704297322956,0.7072614361659899,0.7073328712875002,0.7072953634285533,0.7073328712875002,0.7067208315748514,0.0,0.7067208315748514
acs_full_income,12,3,69247,48994,2294.3,0.5,0.5,0.7171388898317083,0.7172400545108363,0.7171388898317083,0.7172400545108363,0.7174714801941962,0.717350359560527,0.7174714801941962,0.7173894361867006,0.7172400545108363,0.7174714801941962,0.7171388898317083,0.0,0.7171388898317083
acs_full_income,12,2,69247,24919,2294.3,0.25,0.875,0.7105598690086677,0.7109794329205479,0.7105598690086677,0.7105598690086677,0.7107556189227205,0.7107556189227205,0.7108945518695589,0.7109744604810573,0.7109794329205479,0.7109853596137752,0.7105598690086677,0.0,0.7105598690086677
acs_full_income,12,2,69247,24919,2294.3,0.5,0.625,0.7067208315748514,0.7069632856920176,0.7067208315748514,0.7069632856920176,0.7069641260844403,0.7068756014018903,0.7069641260844403,0.7070107702168402,0.7069632856920176,0.7070143811668511,0.7067208315748514,0.0,0.7067208315748514
acs_full_income,12,2,69247,24919,2294.3,0.25,0.5,0.7171388898317083,0.7171409213245751,0.7171388898317083,0.7171388898317083,0.7172475992794775,0.7172475992794775,0.7172935978428114,0.717249695717101,0.7171409213245751,0.7172935978428114,0.7171388898317083,0.0,0.7171388898317083
acs_full_income,12,1,69247,40114,2294.3,0.0,0.0,0.7105598690086677,0.7093474017123542,0.7105598690086677,0.7105598690086677,0.7105598690086677,0.7103374092716748,0.7100697229780577,0.7097376205730728,0.7105598690086677,0.7105598690086677,0.7105598690086677,0.0,0.7105598690086677
acs_full_income,12,1,69247,40114,2294.3,0.0,0.0,0.7067208315748514,0.7055044325130985,0.7067208315748514,0.7067208315748514,0.7067208315748514,0.7065504829620088,0.7062636117298979,0.7059144876893403,0.7067208315748514,0.7067208315748514,0.7067208315748514,0.0,0.7067208315748514
acs_full_income,12,1,69247,40114,2294.3,0.0,0.0,0.7171388898317083,0.7159150440098596,0.7171388898317083,0.7171388898317083,0.7171388898317083,0.7169331019034024,0.7166651160683892,0.716331507434629,0.7171388898317083,0.7171388898317083,0.7171388898317083,0.0,0.7171388898317083
acs_full_income,12,1,69247,31021,2294.3,0.875,1.0,0.7105598690086677,0.7123170914579465,0.7105598690086677,0.7123170914579465,0.7121993477186233,0.711123844982366,0.7116195755797519,0.7120434710467524,0.7123170914579465,0.7123170914579465,0.7105598690086677,0.0,0.7105598690086677
acs_full_income,12,1,69247,31021,2294.3,1.0,1.0,0.7067208315748514,0.7088418488094151,0.7067208315748514,0.7088418488094151,0.7088418488094151,0.7074248684435368,0.7079771493684569,0.7084733032815392,0.7088418488094151,0.7088418488094151,0.7067208315748514,0.0,0.7067208315748514
acs_full_income,12,1,69247,31021,2294.3,1.0,1.0,0.7171388898317083,0.7184737548206466,0.7171388898317083,0.7184737548206466,0.7184737548206466,0.7176156972947028,0.718038516116485,0.7182909870485077,0.7184737548206466,0.7184737548206466,0.7171388898317083,0.0,0.7171388898317083
acs_full_income,12,4,69247,189900,2294.3,0.0,0.125,0.7105598690086677,0.7099460947639004,0.7105598690086677,0.7105598690086677,0.7105598690086677,0.7105507329865695,0.710446490048692,0.7102303422833661,0.7105598690086677,0.7105742402792032,0.7105598690086677,0.0,0.7105598690086677
acs_full_income,12,4,69247,189900,2294.3,0.125,0.0,0.7067208315748514,0.7058210500761432,0.7067208315748514,0.7067208315748514,0.7067096200522063,0.706655538166466,0.7064804160352379,0.7062157730646348,0.7067208315748514,0.7067208315748514,0.7067208315748514,0.0,0.7067208315748514
acs_full_income,12,4,69247,189900,2294.3,0.0,0.0,0.7171388898317083,0.7158244513943436,0.7171388898317083,0.7171388898317083,0.7171388898317083,0.7169276622225801,0.7166697203417332,0.7163105770725273,0.7171388898317083,0.7171388898317083,0.7171388898317083,0.0,0.7171388898317083
acs_full_income,12,3,69247,74738,2294.3,0.125,0.75,0.7105598690086677,0.7110011112308138,0.7105598690086677,0.7105598690086677,0.7107063444416324,0.7108249887548812,0.710979409146572,0.7110697184360962,0.7110011112308138,0.7110697184360962,0.7105598690086677,0.0,0.7105598690086677
acs_full_income,12,3,69247,74738,2294.3,0.625,0.5,0.7067208315748514,0.7067121876511416,0.7067208315748514,0.7067121876511416,0.7069261912537214,0.7068860414562516,0.7069470509501083,0.7068708354003242,0.7067208315748514,0.7069470509501083,0.7067208315748514,0.0,0.7067208315748514
acs_full_income,12,3,69247,74738,2294.3,0.25,0.5,0.7171388898317083,0.716781650000721,0.7171388898317083,0.7171388898317083,0.7172041534968105,0.7172041534968105,0.7172186345094955,0.7170787503454636,0.7171388898317083,0.7172186345094955,0.7171388898317083,0.0,0.7171388898317083
acs_full_income,12,1,69247,5463,2294.3,0.875,1.0,0.7105598690086677,0.7108051221289793,0.7105598690086677,0.7108051221289793,0.7107839336092024,0.7106308278084958,0.7107023185346824,0.710746677149125,0.7108051221289793,0.7108051221289793,0.7105598690086677,0.0,0.7105598690086677
acs_full_income,12,1,69247,5463,2294.3,1.0,1.0,0.7067208315748514,0.7069949030246806,0.7067208315748514,0.7069949030246806,0.7069949030246806,0.7067963930584107,0.70687295226249,0.7069260462781772,0.7069949030246806,0.7069949030246806,0.7067208315748514,0.0,0.7067208315748514
acs_full_income,12,1,69247,5463,2294.3,1.0,0.875,0.7171388898317083,0.7172284897557242,0.7171388898317083,0.7172284897557242,0.7172284897557242,0.7171713574450858,0.7171923662066463,0.7172164219068403,0.7172284897557242,0.7172304728232137,0.7171388898317083,0.0,0.7171388898317083
acs_full_income,12,2,69247,62588,2294.3,0.0,0.0,0.7105598690086677,0.7080316313476716,0.7105598690086677,0.7105598690086677,0.7105598690086677,0.7100166222452194,0.7094103647928234,0.7087678841015117,0.7105598690086677,0.7105598690086677,0.7105598690086677,0.0,0.7105598690086677
acs_full_income,12,2,69247,62588,2294.3,0.0,0.0,0.7067208315748514,0.7038861252808803,0.7067208315748514,0.7067208315748514,0.7067208315748514,0.7061328939567796,0.70546696002162,0.7047185567098946,0.7067208315748514,0.7067208315748514,0.7067208315748514,0.0,0.7067208315748514
acs_full_income,12,2,69247,62588,2294.3,0.0,0.0,0.7171388898317083,0.7145389189119552,0.7171388898317083,0.7171388898317083,0.7171388898317083,0.7165673169825116,0.7159418753908955,0.7152905768228777,0.7171388898317083,0.7171388898317083,0.7171388898317083,0.0,0.7171388898317083
acs_full_income,12,1,69247,3767,2294.3,1.0,1.0,0.7105598690086677,0.7109600265430962,0.7105598690086677,0.7109600265430962,0.7109600265430962,0.7106546707634233,0.7107602276956086,0.7108563317555758,0.7109600265430962,0.7109600265430962,0.7105598690086677,0.0,0.7105598690086677
acs_full_income,12,1,69247,3767,2294.3,1.0,1.0,0.7067208315748514,0.7072230104150591,0.7067208315748514,0.7072230104150591,0.7072230104150591,0.7068407956397491,0.7069699270679007,0.7070962753716296,0.7072230104150591,0.7072230104150591,0.7067208315748514,0.0,0.7067208315748514
acs_full_income,12,1,69247,3767,2294.3,1.0,1.0,0.7171388898317083,0.7175312357549405,0.7171388898317083,0.7175312357549405,0.7175312357549405,0.7172344408982956,0.7173316403020362,0.7174253808362689,0.7175312357549405,0.7175312357549405,0.7171388898317083,0.0,0.7171388898317083
acs_full_income,13,2,35640,53932,1263.1,0.25,0.0,0.7582708832133371,0.7566263579270907,0.7582708832133371,0.7582708832133371,0.7580534884475902,0.7580534884475902,0.7576625670162522,0.7571893711356484,0.7582708832133371,0.7582708832133371,0.7582708832133371,0.0,0.7582708832133371
acs_full_income,13,2,35640,53932,1263.1,0.0,0.0,0.755533991465618,0.753979452362233,0.755533991465618,0.755533991465618,0.755533991465618,0.7553055183924698,0.7549809399631942,0.7545413764411044,0.755533991465618,0.755533991465618,0.755533991465618,0.0,0.755533991465618
acs_full_income,13,2,35640,53932,1263.1,0.0,0.0,0.7507298031331203,0.7487797130364184,0.7507298031331203,0.7507298031331203,0.7507298031331203,0.7504131887521387,0.7499813217003204,0.7494328133708286,0.7507298031331203,0.7507298031331203,0.7507298031331203,0.0,0.7507298031331203
acs_full_income,13,1,35640,19785,1263.1,0.0,0.0,0.7582708832133371,0.7550922994804194,0.7582708832133371,0.7582708832133371,0.7582708832133371,0.7575488256797429,0.7568186701360692,0.7560106590987022,0.7582708832133371,0.7582708832133371,0.7582708832133371,0.0,0.7582708832133371
acs_full_income,13,1,35640,19785,1263.1,0.0,0.0,0.755533991465618,0.7521334476017527,0.755533991465618,0.755533991465618,0.755533991465618,0.7547568877688278,0.7539629966199228,0.7530825610913826,0.755533991465618,0.755533991465618,0.755533991465618,0.0,0.755533991465618
acs_full_income,13,1,35640,19785,1263.1,0.0,0.0,0.7507298031331203,0.747701898581565,0.7507298031331203,0.7507298031331203,0.7507298031331203,0.7500648644868931,0.7492918510266476,0.7484918520149685,0.7507298031331203,0.7507298031331203,0.7507298031331203,0.0,0.7507298031331203
acs_full_income,13,3,35640,43162,1263.1,0.0,0.0,0.7582708832133371,0.757042945309443,0.7582708832133371,0.7582708832133371,0.7582708832133371,0.7580646375651089,0.7577722780395639,0.7574366592625581,0.7582708832133371,0.7582708832133371,0.7582708832133371,0.0,0.7582708832133371
acs_full_income,13,3,35640,43162,1263.1,0.0,0.0,0.755533991465618,0.7543568523862425,0.755533991465618,0.755533991465618,0.755533991465618,0.7552940566493295,0.7550405012466535,0.7547298362724761,0.755533991465618,0.755533991465618,0.755533991465618,0.0,0.755533991465618
acs_full_income,13,3,35640,43162,1263.1,0.0,0.0,0.7507298031331203,0.7495957925601047,0.7507298031331203,0.7507298031331203,0.7507298031331203,0.750555731929979,0.7502960399156411,0.7499691661934507,0.7507298031331203,0.7507298031331203,0.7507298031331203,0.0,0.7507298031331203
acs_full_income,13,4,35640,64858,1263.1,0.625,0.0,0.7582708832133371,0.756963124474711,0.7582708832133371,0.7582708832133371,0.7576837701638128,0.7581316233984733,0.7578711228311659,0.7574919434623691,0.7582708832133371,0.7582708832133371,0.7582708832133371,0.0,0.7582708832133371
acs_full_income,13,4,35640,64858,1263.1,0.0,0.0,0.755533991465618,0.7536365779154675,0.755533991465618,0.755533991465618,0.755533991465618,0.7551925571488114,0.754756414544728,0.7542744813136066,0.755533991465618,0.755533991465618,0.755533991465618,0.0,0.755533991465618
acs_full_income,13,4,35640,64858,1263.1,0.0,0.0,0.7507298031331203,0.7492902171891669,0.7507298031331203,0.7507298031331203,0.7507298031331203,0.7506049309724513,0.7503348990958519,0.7499071988742099,0.7507298031331203,0.7507298031331203,0.7507298031331203,0.0,0.7507298031331203
acs_full_income,13,2,35640,33724,1263.1,0.625,0.25,0.7582708832133371,0.757546110521614,0.7582708832133371,0.757546110521614,0.7581816342712233,0.7584045803974375,0.7583350457468769,0.7580465014282832,0.7582708832133371,0.7584045803974375,0.7582708832133371,0.0,0.7582708832133371
acs_full_income,13,2,35640,33724,1263.1,0.125,0.25,0.755533991465618,0.7543894573073372,0.755533991465618,0.755533991465618,0.755522117876354,0.7555364184930531,0.7553225048493775,0.7549721662544897,0.755533991465618,0.7555364184930531,0.755533991465618,0.0,0.755533991465618
acs_full_income,13,2,35640,33724,1263.1,0.0,0.25,0.7507298031331203,0.7498944513985668,0.7507298031331203,0.7507298031331203,0.7507298031331203,0.7508399410516443,0.7506917919793683,0.750414310968548,0.7507298031331203,0.7508399410516443,0.7507298031331203,0.0,0.7507298031331203
acs_full_income,13,2,35640,80058,1263.1,0.0,0.0,0.7582708832133371,0.7533704300219921,0.7582708832133371,0.7582708832133371,0.7582708832133371,0.7572690261462988,0.756099236126186,0.754814593370362,0.7582708832133371,0.7582708832133371,0.7582708832133371,0.0,0.7582708832133371
acs_full_income,13,2,35640,80058,1263.1,0.0,0.0,0.755533991465618,0.7496149329313304,0.755533991465618,0.755533991465618,0.755533991465618,0.754232299897263,0.7528370224191143,0.7513454189093314,0.755533991465618,0.755533991465618,0.755533991465618,0.0,0.755533991465618
acs_full_income,13,2,35640,80058,1263.1,0.0,0.0,0.7507298031331203,0.7456660824435583,0.7507298031331203,0.7507298031331203,0.7507298031331203,0.7496352040623578,0.7484512003367412,0.7471782818586825,0.7507298031331203,0.7507298031331203,0.7507298031331203,0.0,0.7507298031331203
acs_full_income,13,1,35640,31021,1263.1,1.0,1.0,0.7582708832133371,0.7592924188314624,0.7582708832133371,0.7592924188314624,0.7592924188314624,0.7586905881704831,0.7590158963876514,0.7591829501563218,0.7592924188314624,0.7592924188314624,0.7582708832133371,0.0,0.7582708832133371
acs_full_income,13,1,35640,31021,1263.1,1.0,0.75,0.755533991465618,0.7557985611418788,0.755533991465618,0.7557985611418788,0.7557985611418788,0.7557161777357185,0.7558201994247044,0.7558995303384003,0.7557985611418788,0.7558995303384003,0.755533991465618,0.0,0.755533991465618
acs_full_income,13,1,35640,31021,1263.1,0.75,1.0,0.7507298031331203,0.7522892555778119,0.7507298031331203,0.7522892555778119,0.7520430834897565,0.7513131388794185,0.7517297172638047,0.7520430834897565,0.7522892555778119,0.7522892555778119,0.7507298031331203,0.0,0.7507298031331203
acs_full_income,13,2,35640,16248,1263.1,1.0,1.0,0.7582708832133371,0.7595067431192348,0.7582708832133371,0.7595067431192348,0.7595067431192348,0.7586396928108705,0.7589901261701834,0.7593022095601668,0.7595067431192348,0.7595067431192348,0.7582708832133371,0.0,0.7582708832133371
acs_full_income,13,2,35640,16248,1263.1,1.0,1.0,0.755533991465618,0.7566765497146236,0.755533991465618,0.7566765497146236,0.7566765497146236,0.7558882256717575,0.7562097586124825,0.7564658616233191,0.7566765497146236,0.7566765497146236,0.755533991465618,0.0,0.755533991465618
acs_full_income,13,2,35640,16248,1263.1,1.0,1.0,0.7507298031331203,0.7521398071827485,0.7507298031331203,0.7521398071827485,0.7521398071827485,0.7511736286547389,0.7515845795146173,0.7518887216688532,0.7521398071827485,0.7521398071827485,0.7507298031331203,0.0,0.7507298031331203
acs_full_income,13,2,35640,7519,1263.1,1.0,0.5,0.7582708832133371,0.7582417392889134,0.7582708832133371,0.7582417392889134,0.7582417392889134,0.758342229553168,0.7583672408095613,0.7583413582671676,0.7582708832133371,0.7583672408095613,0.7582708832133371,0.0,0.7582708832133371
acs_full_income,13,2,35640,7519,1263.1,0.0,0.0,0.755533991465618,0.7552274888648215,0.755533991465618,0.755533991465618,0.755533991465618,0.7555096929712894,0.7554428747901929,0.7553582017739904,0.755533991465618,0.755533991465618,0.755533991465618,0.0,0.755533991465618
acs_full_income,13,2,35640,7519,1263.1,0.0,0.375,0.7507298031331203,0.750744543861766,0.7507298031331203,0.7507298031331203,0.7507298031331203,0.7508181061321131,0.750828042048262,0.7507994795410313,0.750744543861766,0.7508362402580113,0.7507298031331203,0.0,0.7507298031331203
acs_full_income,13,1,35640,21919,1263.1,0.0,0.0,0.7582708832133371,0.7580821972011561,0.7582708832133371,0.7582708832133371,0.7582708832133371,0.7582122073465329,0.7581692127305065,0.7581532992238853,0.7582708832133371,0.7582708832133371,0.7582708832133371,0.0,0.7582708832133371
acs_full_income,13,1,35640,21919,1263.1,0.0,0.0,0.755533991465618,0.7550252623826668,0.755533991465618,0.755533991465618,0.755533991465618,0.7554465675929586,0.7553471598158477,0.755227172641443,0.755533991465618,0.755533991465618,0.755533991465618,0.0,0.755533991465618
acs_full_income,13,1,35640,21919,1263.1,0.0,0.0,0.7507298031331203,0.750084965241067,0.7507298031331203,0.7507298031331203,0.7507298031331203,0.7505884836586186,0.750451244347247,0.7502718894736471,0.7507298031331203,0.7507298031331203,0.7507298031331203,0.0,0.7507298031331203
acs_full_income,13,1,35640,16337,1263.1,0.0,0.0,0.7582708832133371,0.7551732501158054,0.7582708832133371,0.7582708832133371,0.7582708832133371,0.7575905569627152,0.7568302378639877,0.7560463704262628,0.7582708832133371,0.7582708832133371,0.7582708832133371,0.0,0.7582708832133371
acs_full_income,13,1,35640,16337,1263.1,0.0,0.0,0.755533991465618,0.752314990150434,0.755533991465618,0.755533991465618,0.755533991465618,0.7548254837523185,0.7540504815947833,0.7531880316933072,0.755533991465618,0.755533991465618,0.755533991465618,0.0,0.755533991465618
acs_full_income,13,1,35640,16337,1263.1,0.0,0.0,0.7507298031331203,0.7472801698859877,0.7507298031331203,0.7507298031331203,0.7507298031331203,0.7499938398550783,0.7491635007840086,0.7482943371794368,0.7507298031331203,0.7507298031331203,0.7507298031331203,0.0,0.7507298031331203
acs_full_income,13,1,35640,9071,1263.1,0.375,0.625,0.7582708832133371,0.7582272165221164,0.7582708832133371,0.7582708832133371,0.7583254215488243,0.7583203980140876,0.7583510321262265,0.758315087885042,0.7582708832133371,0.7583654416439576,0.7582708832133371,0.0,0.7582708832133371
acs_full_income,13,1,35640,9071,1263.1,0.0,1.0,0.755533991465618,0.7560855194131115,0.755533991465618,0.755533991465618,0.755533991465618,0.7557451638424424,0.755908155482625,0.7560106547288631,0.7560855194131115,0.7560855194131115,0.755533991465618,0.0,0.755533991465618
acs_full_income,13,1,35640,9071,1263.1,0.0,0.75,0.7507298031331203,0.7508871858168328,0.7507298031331203,0.7507298031331203,0.7507298031331203,0.7508170369246585,0.7508751603383309,0.7508933616158715,0.7508871858168328,0.7508933616158715,0.7507298031331203,0.0,0.7507298031331203
acs_full_income,15,3,5411,72907,206.3,0.875,0.25,0.711846023168217,0.7110493372018476,0.711846023168217,0.7110493372018476,0.7114429845454675,0.7124857885198542,0.7121703747812086,0.7117096153308675,0.711846023168217,0.7124857885198542,0.711846023168217,0.0,0.711846023168217
acs_full_income,15,3,5411,72907,206.3,0.5,0.75,0.7094210474973771,0.7125751716277252,0.7094210474973771,0.7125751716277252,0.7118978010459887,0.7111087056683572,0.7118978010459887,0.7125835299108858,0.7125751716277252,0.7125835299108858,0.7094210474973771,0.0,0.7094210474973771
acs_full_income,15,3,5411,72907,206.3,0.875,0.375,0.7101348256973159,0.7079247360413885,0.7101348256973159,0.7079247360413885,0.7085797362564897,0.7105302093099402,0.7098532527999873,0.7090299428985716,0.7101348256973159,0.710615991344511,0.7101348256973159,0.0,0.7101348256973159
acs_full_income,15,3,5411,239376,206.3,1.0,0.0,0.711846023168217,0.7052414172496705,0.711846023168217,0.7052414172496705,0.7052414172496705,0.7109860710483913,0.709332226398606,0.7076856850013998,0.711846023168217,0.711846023168217,0.711846023168217,0.0,0.711846023168217
acs_full_income,15,3,5411,239376,206.3,0.625,0.25,0.7094210474973771,0.7063074124069323,0.7094210474973771,0.7063074124069323,0.7085951919433768,0.7096721647130798,0.7092096548166837,0.7078555038368564,0.7094210474973771,0.7096721647130798,0.7094210474973771,0.0,0.7094210474973771
acs_full_income,15,3,5411,239376,206.3,0.375,0.0,0.7101348256973159,0.7036831600367321,0.7101348256973159,0.7036831600367321,0.7087846549649668,0.7097108971415035,0.7079897041614738,0.705936856221403,0.7101348256973159,0.7101348256973159,0.7101348256973159,0.0,0.7101348256973159
acs_full_income,15,3,5411,175196,206.3,1.0,0.125,0.711846023168217,0.7094092035432868,0.711846023168217,0.7094092035432868,0.7094092035432868,0.7121432504544929,0.7114741470537367,0.7108563649486637,0.711846023168217,0.7122102284939514,0.711846023168217,0.0,0.711846023168217
acs_full_income,15,3,5411,175196,206.3,0.375,0.625,0.7094210474973771,0.7120516304738617,0.7094210474973771,0.7120516304738617,0.7113886876300891,0.7109968155183867,0.7121299475208406,0.7119419370339573,0.7120516304738617,0.7122286439355883,0.7094210474973771,0.0,0.7094210474973771
acs_full_income,15,3,5411,175196,206.3,1.0,0.25,0.7101348256973159,0.7075909371491496,0.7101348256973159,0.7075909371491496,0.7075909371491496,0.7107630918369343,0.7097608752264823,0.7086402537872926,0.7101348256973159,0.7107630918369343,0.7101348256973159,0.0,0.7101348256973159
acs_full_income,15,4,5411,152665,206.3,1.0,0.25,0.711846023168217,0.7100957623775279,0.711846023168217,0.7100957623775279,0.7100957623775279,0.7120915692107921,0.7115876777475131,0.7110497412961757,0.711846023168217,0.7120915692107921,0.711846023168217,0.0,0.711846023168217
acs_full_income,15,4,5411,152665,206.3,1.0,0.75,0.7094210474973771,0.7117797059273181,0.7094210474973771,0.7117797059273181,0.7117797059273181,0.7109239031427317,0.7114213322886238,0.7120751913998581,0.7117797059273181,0.7120751913998581,0.7094210474973771,0.0,0.7094210474973771
acs_full_income,15,4,5411,152665,206.3,1.0,0.375,0.7101348256973159,0.7081988405639473,0.7101348256973159,0.7081988405639473,0.7081988405639473,0.7106159348132866,0.7101381106749414,0.7091124051766805,0.7101348256973159,0.7106290359149133,0.7101348256973159,0.0,0.7101348256973159
acs_full_income,15,1,5411,15807,206.3,0.375,0.375,0.711846023168217,0.7096328924262107,0.711846023168217,0.711846023168217,0.7133137087845449,0.713229570811355,0.71324280172928,0.7121447299412065,0.711846023168217,0.7133137087845449,0.711846023168217,0.0,0.711846023168217
acs_full_income,15,1,5411,15807,206.3,0.0,0.625,0.7094210474973771,0.712709103134116,0.7094210474973771,0.7094210474973771,0.7094210474973771,0.7120341150836007,0.7136553500469177,0.713739124186333,0.712709103134116,0.7138611876762551,0.7094210474973771,0.0,0.7094210474973771
acs_full_income,15,1,5411,15807,206.3,0.5,0.25,0.7101348256973159,0.706264920309197,0.7101348256973159,0.706264920309197,0.7097892513182015,0.7107163639780211,0.7097892513182015,0.7090982414541107,0.7101348256973159,0.7107163639780211,0.7101348256973159,0.0,0.7101348256973159
acs_full_income,15,3,5411,74526,206.3,0.5,0.125,0.711846023168217,0.708917259639712,0.711846023168217,0.708917259639712,0.7118715094374153,0.7123304556356695,0.7118715094374153,0.710868113401706,0.711846023168217,0.7124779483777487,0.711846023168217,0.0,0.711846023168217
acs_full_income,15,3,5411,74526,206.3,0.375,0.5,0.7094210474973771,0.7103303064700746,0.7094210474973771,0.7094210474973771,0.7110621515159756,0.7110333044155578,0.7112480073173019,0.7110671106885845,0.7103303064700746,0.7112480073173019,0.7094210474973771,0.0,0.7094210474973771
acs_full_income,15,3,5411,74526,206.3,0.625,0.25,0.7101348256973159,0.7043292977230944,0.7101348256973159,0.7043292977230944,0.7081527186474503,0.7101834067302405,0.708726153288619,0.7071503587695477,0.7101348256973159,0.7101834067302405,0.7101348256973159,0.0,0.7101348256973159
acs_full_income,15,2,5411,55751,206.3,0.625,0.0,0.711846023168217,0.7070831503191122,0.711846023168217,0.7070831503191122,0.709608518778918,0.711429419907637,0.7100120750462697,0.7086663957457471,0.711846023168217,0.711846023168217,0.711846023168217,0.0,0.711846023168217
acs_full_income,15,2,5411,55751,206.3,0.0,0.25,0.7094210474973771,0.7091704502922394,0.7094210474973771,0.7094210474973771,0.7094210474973771,0.7102442177571855,0.7102218639337836,0.7099663860500509,0.7094210474973771,0.7102442177571855,0.7094210474973771,0.0,0.7094210474973771
acs_full_income,15,2,5411,55751,206.3,0.375,0.0,0.7101348256973159,0.7044224876990323,0.7101348256973159,0.7044224876990323,0.7095220676518358,0.7097759104192531,0.7082776427347935,0.7065923713670725,0.7101348256973159,0.7101348256973159,0.7101348256973159,0.0,0.7101348256973159
acs_full_income,15,2,5411,41005,206.3,0.875,0.625,0.711846023168217,0.7124152002172789,0.711846023168217,0.7124152002172789,0.7127789722311095,0.7128864701388677,0.7128739120801477,0.7129636649514998,0.7124152002172789,0.7130112597872125,0.711846023168217,0.0,0.711846023168217
acs_full_income,15,2,5411,41005,206.3,0.875,0.875,0.7094210474973771,0.712382372658709,0.7094210474973771,0.712382372658709,0.7123853504166578,0.7109158275991432,0.7115673262772473,0.7122405079810037,0.712382372658709,0.7123853504166578,0.7094210474973771,0.0,0.7094210474973771
acs_full_income,15,2,5411,41005,206.3,0.875,0.25,0.7101348256973159,0.7095335064215073,0.7101348256973159,0.7095335064215073,0.709963340760619,0.7106046881404093,0.7105283935820244,0.710221015755319,0.7101348256973159,0.7106046881404093,0.7101348256973159,0.0,0.7101348256973159
acs_full_income,15,2,5411,108422,206.3,0.75,0.0,0.711846023168217,0.7059347846212201,0.711846023168217,0.7059347846212201,0.7077911895762782,0.7110275953383658,0.7093163093496079,0.7077911895762782,0.711846023168217,0.711846023168217,0.711846023168217,0.0,0.711846023168217
acs_full_income,15,2,5411,108422,206.3,0.5,0.25,0.7094210474973771,0.7080982450900265,0.7094210474973771,0.7094210474973771,0.7098307536645835,0.7100848113947154,0.7098307536645835,0.7092438345381649,0.7094210474973771,0.7100848113947154,0.7094210474973771,0.0,0.7094210474973771
acs_full_income,15,2,5411,108422,206.3,0.375,0.0,0.7101348256973159,0.7043597211990809,0.7101348256973159,0.7043597211990809,0.7093165548518681,0.7097546996671004,0.7080785123583463,0.706292121975332,0.7101348256973159,0.7101348256973159,0.7101348256973159,0.0,0.7101348256973159
acs_full_income,15,4,5411,131379,206.3,1.0,0.125,0.711846023168217,0.7081758288569902,0.711846023168217,0.7081758288569902,0.7081758288569902,0.7115524159919433,0.7104565321521308,0.7096708904984554,0.711846023168217,0.7118783549329245,0.711846023168217,0.0,0.711846023168217
acs_full_income,15,4,5411,131379,206.3,0.5,0.5,0.7094210474973771,0.7090490635804927,0.7094210474973771,0.7090490635804927,0.7102149469940593,0.7101286571862494,0.7102149469940593,0.7098749797634019,0.7094210474973771,0.7102149469940593,0.7094210474973771,0.0,0.7094210474973771
acs_full_income,15,4,5411,131379,206.3,0.5,0.0,0.7101348256973159,0.7052021149593255,0.7101348256973159,0.7052021149593255,0.7090235433184042,0.7098540739182487,0.7090235433184042,0.7072934015375479,0.7101348256973159,0.7101348256973159,0.7101348256973159,0.0,0.7101348256973159
acs_full_income,15,2,5411,19706,206.3,1.0,0.625,0.711846023168217,0.7129271366617597,0.711846023168217,0.7129271366617597,0.7129271366617597,0.7125630478792805,0.7130428848536914,0.713073918950303,0.7129271366617597,0.7130792654726907,0.711846023168217,0.0,0.711846023168217
acs_full_income,15,2,5411,19706,206.3,1.0,0.875,0.7094210474973771,0.7112865130088359,0.7094210474973771,0.7112865130088359,0.7112865130088359,0.7104965699402461,0.7107221714841371,0.7112228675530603,0.7112865130088359,0.7113481102523566,0.7094210474973771,0.0,0.7094210474973771
acs_full_income,15,2,5411,19706,206.3,1.0,0.0,0.7101348256973159,0.7093160436395632,0.7101348256973159,0.7093160436395632,0.7093160436395632,0.7098434446508473,0.7100734242808769,0.7099046919242478,0.7101348256973159,0.7101348256973159,0.7101348256973159,0.0,0.7101348256973159
acs_full_income,15,2,5411,42714,206.3,0.875,0.75,0.711846023168217,0.7142356826637382,0.711846023168217,0.7142356826637382,0.7141850050903603,0.7133253263207139,0.7139892569476709,0.714391478021532,0.7142356826637382,0.714391478021532,0.711846023168217,0.0,0.711846023168217
acs_full_income,15,2,5411,42714,206.3,1.0,1.0,0.7094210474973771,0.714235758883649,0.7094210474973771,0.714235758883649,0.714235758883649,0.7113624095352339,0.7124463230116941,0.71343718084855,0.714235758883649,0.714235758883649,0.7094210474973771,0.0,0.7094210474973771
acs_full_income,15,2,5411,42714,206.3,1.0,0.75,0.7101348256973159,0.7101604535341197,0.7101348256973159,0.7101604535341197,0.7101604535341197,0.7106757929748693,0.7111645457483924,0.711213361825861,0.7101604535341197,0.711213361825861,0.7101348256973159,0.0,0.7101348256973159
acs_full_income,16,3,5785,38447,167.0,0.5,0.625,0.6326738412643937,0.6326227887006997,0.6326738412643937,0.6326738412643937,0.6330453062123766,0.6329490520543579,0.6330453062123766,0.6331892785157411,0.6326738412643937,0.6333904383425378,0.6326738412643937,0.0,0.6326738412643937
acs_full_income,16,3,5785,38447,167.0,0.125,0.125,0.6508976613713796,0.648952659831363,0.6508976613713796,0.6508976613713796,0.6509186395307431,0.6509118887698886,0.6504908627426851,0.6494425676679738,0.6508976613713796,0.6509186395307431,0.6508976613713796,0.0,0.6508976613713796
acs_full_income,16,3,5785,38447,167.0,0.375,1.0,0.670060509023361,0.6719779063918536,0.670060509023361,0.670060509023361,0.6712874661496955,0.6710029595499072,0.6716099951614127,0.6716682059252697,0.6719779063918536,0.6719779063918536,0.670060509023361,0.0,0.670060509023361
acs_full_income,16,3,5785,153878,167.0,0.0,0.0,0.6326738412643937,0.6220164532559935,0.6326738412643937,0.6326738412643937,0.6326738412643937,0.6305437295575764,0.6282065518486695,0.6252927940970994,0.6326738412643937,0.6326738412643937,0.6326738412643937,0.0,0.6326738412643937
acs_full_income,16,3,5785,153878,167.0,0.25,0.0,0.6508976613713796,0.6387056836710243,0.6508976613713796,0.6508976613713796,0.6489542027970074,0.6489542027970074,0.646232380238727,0.6429673782155962,0.6508976613713796,0.6508976613713796,0.6508976613713796,0.0,0.6508976613713796
acs_full_income,16,3,5785,153878,167.0,0.0,0.0,0.670060509023361,0.6581196614687438,0.670060509023361,0.670060509023361,0.670060509023361,0.668041773130866,0.6651217076026356,0.6620800703024156,0.670060509023361,0.670060509023361,0.670060509023361,0.0,0.670060509023361
acs_full_income,16,3,5785,164124,167.0,0.0,0.0,0.6326738412643937,0.6241627905976632,0.6326738412643937,0.6326738412643937,0.6326738412643937,0.630634796773004,0.6284217080275447,0.6266849633584364,0.6326738412643937,0.6326738412643937,0.6326738412643937,0.0,0.6326738412643937
acs_full_income,16,3,5785,164124,167.0,0.25,0.0,0.6508976613713796,0.6421707929028857,0.6508976613713796,0.6508976613713796,0.6490070640186091,0.6490070640186091,0.6469407062982193,0.6447211890618147,0.6508976613713796,0.6508976613713796,0.6508976613713796,0.0,0.6508976613713796
acs_full_income,16,3,5785,164124,167.0,0.0,0.0,0.670060509023361,0.663155956543543,0.670060509023361,0.670060509023361,0.670060509023361,0.6686057717487456,0.6666666188016221,0.6650295622351913,0.670060509023361,0.670060509023361,0.670060509023361,0.0,0.670060509023361
acs_full_income,16,3,5785,40576,167.0,0.0,0.0,0.6326738412643937,0.6280704755615585,0.6326738412643937,0.6326738412643937,0.6326738412643937,0.6314846244612541,0.630731834049058,0.6293936286902648,0.6326738412643937,0.6326738412643937,0.6326738412643937,0.0,0.6326738412643937
acs_full_income,16,3,5785,40576,167.0,0.375,0.0,0.6508976613713796,0.6470325568089568,0.6508976613713796,0.6508976613713796,0.6495354254167481,0.6500726523063899,0.6492093723105461,0.6481565389964032,0.6508976613713796,0.6508976613713796,0.6508976613713796,0.0,0.6508976613713796
acs_full_income,16,3,5785,40576,167.0,0.0,0.0,0.670060509023361,0.6684668343551426,0.670060509023361,0.670060509023361,0.670060509023361,0.6700451492142113,0.6698366962658114,0.6690405965488553,0.670060509023361,0.670060509023361,0.670060509023361,0.0,0.670060509023361
acs_full_income,16,3,5785,157717,167.0,0.0,0.0,0.6326738412643937,0.6226294116911678,0.6326738412643937,0.6326738412643937,0.6326738412643937,0.63115185693549,0.6289179151388209,0.6266037359849163,0.6326738412643937,0.6326738412643937,0.6326738412643937,0.0,0.6326738412643937
acs_full_income,16,3,5785,157717,167.0,0.125,0.0,0.6508976613713796,0.6406779794227693,0.6508976613713796,0.6508976613713796,0.6500084717932544,0.6491292402398601,0.6466333892665475,0.6439570849338877,0.6508976613713796,0.6508976613713796,0.6508976613713796,0.0,0.6508976613713796
acs_full_income,16,3,5785,157717,167.0,0.0,0.0,0.670060509023361,0.6619370489210268,0.670060509023361,0.670060509023361,0.670060509023361,0.6693294833908101,0.667212733460437,0.6650373688524975,0.670060509023361,0.670060509023361,0.670060509023361,0.0,0.670060509023361
acs_full_income,16,1,5785,20667,167.0,0.25,0.0,0.6326738412643937,0.6287271818090361,0.6326738412643937,0.6326738412643937,0.6320988465995859,0.6320988465995859,0.6309599812951464,0.6299128299189767,0.6326738412643937,0.6326738412643937,0.6326738412643937,0.0,0.6326738412643937
acs_full_income,16,1,5785,20667,167.0,0.0,0.0,0.6508976613713796,0.6461813891080177,0.6508976613713796,0.6508976613713796,0.6508976613713796,0.6502330176532666,0.6491123010145241,0.6477144119884353,0.6508976613713796,0.6508976613713796,0.6508976613713796,0.0,0.6508976613713796
acs_full_income,16,1,5785,20667,167.0,0.0,0.5,0.670060509023361,0.6703881157111291,0.670060509023361,0.670060509023361,0.670060509023361,0.6708075197872487,0.6708891689499552,0.6705602794529851,0.6703881157111291,0.6708891689499552,0.670060509023361,0.0,0.670060509023361
acs_full_income,16,3,5785,145134,167.0,0.0,0.0,0.6326738412643937,0.620441151077788,0.6326738412643937,0.6326738412643937,0.6326738412643937,0.6303285837764325,0.627519723726649,0.6241021273438812,0.6326738412643937,0.6326738412643937,0.6326738412643937,0.0,0.6326738412643937
acs_full_income,16,3,5785,145134,167.0,0.25,0.0,0.6508976613713796,0.6367086587838683,0.6508976613713796,0.6508976613713796,0.6486945256344797,0.6486945256344797,0.6456930416466087,0.6418202271440993,0.6508976613713796,0.6508976613713796,0.6508976613713796,0.0,0.6508976613713796
acs_full_income,16,3,5785,145134,167.0,0.0,0.0,0.670060509023361,0.6563943086237599,0.670060509023361,0.670060509023361,0.670060509023361,0.6677676341721416,0.6646256796432934,0.6610224334405703,0.670060509023361,0.670060509023361,0.670060509023361,0.0,0.670060509023361
acs_full_income,16,2,5785,18751,167.0,0.375,1.0,0.6326738412643937,0.6347979065054152,0.6326738412643937,0.6326738412643937,0.6338075291653558,0.633271311585112,0.6342379814356548,0.6346529410207276,0.6347979065054152,0.6347979065054152,0.6326738412643937,0.0,0.6326738412643937
acs_full_income,16,2,5785,18751,167.0,0.75,0.375,0.6508976613713796,0.6503170465072624,0.6508976613713796,0.6503170465072624,0.6505881429431208,0.6511680690430385,0.6514906253814017,0.6505881429431208,0.6508976613713796,0.6516380194719438,0.6508976613713796,0.0,0.6508976613713796
acs_full_income,16,2,5785,18751,167.0,0.625,0.875,0.670060509023361,0.674298282820098,0.670060509023361,0.674298282820098,0.6731055098727179,0.6716120218974465,0.6726293347268469,0.6736137395066397,0.674298282820098,0.6743272247355596,0.670060509023361,0.0,0.670060509023361
acs_full_income,16,1,5785,7966,167.0,0.0,0.0,0.6326738412643937,0.6274034353255892,0.6326738412643937,0.6326738412643937,0.6326738412643937,0.631695253367703,0.6305451758516839,0.6288087736358337,0.6326738412643937,0.6326738412643937,0.6326738412643937,0.0,0.6326738412643937
acs_full_income,16,1,5785,7966,167.0,0.375,0.0,0.6508976613713796,0.644401088098896,0.6508976613713796,0.6508976613713796,0.6487830317642533,0.6495602751320135,0.6479958630369813,0.6459123811516831,0.6508976613713796,0.6508976613713796,0.6508976613713796,0.0,0.6508976613713796
acs_full_income,16,1,5785,7966,167.0,0.0,0.0,0.670060509023361,0.6655393960214612,0.670060509023361,0.670060509023361,0.670060509023361,0.669334071948124,0.6686742045870058,0.6664948755599908,0.670060509023361,0.670060509023361,0.670060509023361,0.0,0.670060509023361
acs_full_income,16,1,5785,47781,167.0,0.0,0.0,0.6326738412643937,0.6148213318889987,0.6326738412643937,0.6326738412643937,0.6326738412643937,0.628715483949904,0.6250237076736311,0.6198753009278279,0.6326738412643937,0.6326738412643937,0.6326738412643937,0.0,0.6326738412643937
acs_full_income,16,1,5785,47781,167.0,0.125,0.0,0.6508976613713796,0.6306760369388741,0.6508976613713796,0.6508976613713796,0.6487922792130325,0.6470906634177408,0.6419300090731679,0.6366620550383005,0.6508976613713796,0.6508976613713796,0.6508976613713796,0.0,0.6508976613713796
acs_full_income,16,1,5785,47781,167.0,0.0,0.0,0.670060509023361,0.6543015939575338,0.670060509023361,0.670060509023361,0.670060509023361,0.6664821220637231,0.6630598301250907,0.6592387257792597,0.670060509023361,0.670060509023361,0.670060509023361,0.0,0.670060509023361
acs_full_income,16,1,5785,21919,167.0,0.0,0.0,0.6326738412643937,0.6281842508934262,0.6326738412643937,0.6326738412643937,0.6326738412643937,0.6321512272650393,0.6314060951887961,0.6303901273998569,0.6326738412643937,0.6326738412643937,0.6326738412643937,0.0,0.6326738412643937
acs_full_income,16,1,5785,21919,167.0,0.375,0.0,0.6508976613713796,0.6444031755602233,0.6508976613713796,0.6444031755602233,0.6488957098134537,0.649765021570625,0.6483098050615783,0.6468428679953956,0.6508976613713796,0.6508976613713796,0.6508976613713796,0.0,0.6508976613713796
acs_full_income,16,1,5785,21919,167.0,0.0,0.0,0.670060509023361,0.6645583737603589,0.670060509023361,0.670060509023361,0.670060509023361,0.6694946164169621,0.6689780478748595,0.6666079388631427,0.670060509023361,0.670060509023361,0.670060509023361,0.0,0.670060509023361
acs_full_income,16,2,5785,24983,167.0,0.0,0.0,0.6326738412643937,0.628127273901182,0.6326738412643937,0.6326738412643937,0.6326738412643937,0.6320844368004892,0.6311810865064179,0.6298334688802458,0.6326738412643937,0.6326738412643937,0.6326738412643937,0.0,0.6326738412643937
acs_full_income,16,2,5785,24983,167.0,0.375,0.0,0.6508976613713796,0.6449315019855012,0.6508976613713796,0.6508976613713796,0.6490471793164072,0.6496781445272464,0.6484023046261754,0.6468319199644786,0.6508976613713796,0.6508976613713796,0.6508976613713796,0.0,0.6508976613713796
acs_full_income,16,2,5785,24983,167.0,0.0,0.0,0.670060509023361,0.665446044869006,0.670060509023361,0.670060509023361,0.670060509023361,0.6695187903044845,0.6691349520072057,0.6673548719785689,0.670060509023361,0.670060509023361,0.670060509023361,0.0,0.670060509023361
acs_full_income,17,3,46911,168974,1846.1,0.0,0.0,0.7644036090488419,0.763138089033825,0.7644036090488419,0.7644036090488419,0.7644036090488419,0.7642133446710848,0.7639274269293149,0.7636117562974691,0.7644036090488419,0.7644036090488419,0.7644036090488419,0.0,0.7644036090488419
acs_full_income,17,3,46911,168974,1846.1,0.0,0.0,0.7637487342116569,0.7619356346454311,0.7637487342116569,0.7637487342116569,0.7637487342116569,0.7634727161248255,0.7630534174937107,0.7625585921675957,0.7637487342116569,0.7637487342116569,0.7637487342116569,0.0,0.7637487342116569
acs_full_income,17,3,46911,168974,1846.1,0.0,0.0,0.7687463351454062,0.7671603585684812,0.7687463351454062,0.7687463351454062,0.7687463351454062,0.7684732602553683,0.7681454828403526,0.7676829346195754,0.7687463351454062,0.7687463351454062,0.7687463351454062,0.0,0.7687463351454062
acs_full_income,17,1,46911,13929,1846.1,0.5,0.625,0.7644036090488419,0.7644255433095135,0.7644036090488419,0.7644036090488419,0.7644269234041806,0.7644184430883161,0.7644269234041806,0.7644329430595239,0.7644255433095135,0.7644339547238405,0.7644036090488419,0.0,0.7644036090488419
acs_full_income,17,1,46911,13929,1846.1,1.0,1.0,0.7637487342116569,0.7642048034486788,0.7637487342116569,0.7642048034486788,0.7642048034486788,0.763892243231606,0.7640248042978058,0.7641105409538155,0.7642048034486788,0.7642048034486788,0.7637487342116569,0.0,0.7637487342116569
acs_full_income,17,1,46911,13929,1846.1,1.0,1.0,0.7687463351454062,0.7689376062291433,0.7687463351454062,0.7689376062291433,0.7689376062291433,0.7688043007772376,0.7688622787082735,0.7688868231811522,0.7689376062291433,0.7689376062291433,0.7687463351454062,0.0,0.7687463351454062
acs_full_income,17,2,46911,211472,1846.1,0.625,0.375,0.7644036090488419,0.7642468265459583,0.7644036090488419,0.7642468265459583,0.7645716608497568,0.7645740934555751,0.7646082540272484,0.764504322954286,0.7644036090488419,0.7646107658556778,0.7644036090488419,0.0,0.7644036090488419
acs_full_income,17,2,46911,211472,1846.1,0.5,0.125,0.7637487342116569,0.7628194697183314,0.7637487342116569,0.7637487342116569,0.7635540085153953,0.7637430616018601,0.7635540085153953,0.7632494703387339,0.7637487342116569,0.7637687702136755,0.7637487342116569,0.0,0.7637487342116569
acs_full_income,17,2,46911,211472,1846.1,0.75,0.125,0.7687463351454062,0.7679259728845297,0.7687463351454062,0.7679259728845297,0.7683164213998221,0.7687479888266977,0.76858313566949,0.7683164213998221,0.7687463351454062,0.7687710277926381,0.7687463351454062,0.0,0.7687463351454062
acs_full_income,17,3,46911,42473,1846.1,1.0,0.875,0.7644036090488419,0.764495305466655,0.7644036090488419,0.764495305466655,0.764495305466655,0.7644306292138903,0.7644595297276784,0.7644985475036478,0.764495305466655,0.7645004451908344,0.7644036090488419,0.0,0.7644036090488419
acs_full_income,17,3,46911,42473,1846.1,1.0,1.0,0.7637487342116569,0.7640521581175495,0.7637487342116569,0.7640521581175495,0.7640521581175495,0.7638443551648857,0.7639281282396105,0.7639947199240177,0.7640521581175495,0.7640521581175495,0.7637487342116569,0.0,0.7637487342116569
acs_full_income,17,3,46911,42473,1846.1,1.0,1.0,0.7687463351454062,0.7689538429418319,0.7687463351454062,0.7689538429418319,0.7689538429418319,0.7688182232868084,0.7688690700317539,0.7689150022084019,0.7689538429418319,0.7689538429418319,0.7687463351454062,0.0,0.7687463351454062
acs_full_income,17,4,46911,149787,1846.1,0.125,0.375,0.7644036090488419,0.7639303524022696,0.7644036090488419,0.7644036090488419,0.7644026687294267,0.7644113790258417,0.7643870248144116,0.7642234605114924,0.7644036090488419,0.7644272581121476,0.7644036090488419,0.0,0.7644036090488419
acs_full_income,17,4,46911,149787,1846.1,0.25,0.0,0.7637487342116569,0.7628656174033102,0.7637487342116569,0.7637487342116569,0.7636806763490036,0.7636806763490036,0.763484486110434,0.763220966202636,0.7637487342116569,0.7637487342116569,0.7637487342116569,0.0,0.7637487342116569
acs_full_income,17,4,46911,149787,1846.1,0.25,0.0,0.7687463351454062,0.7679977122998172,0.7687463351454062,0.7687463351454062,0.7686888740144902,0.7686888740144902,0.7685409967087223,0.7683210103456029,0.7687463351454062,0.7687463351454062,0.7687463351454062,0.0,0.7687463351454062
acs_full_income,17,1,46911,4713,1846.1,1.0,1.0,0.7644036090488419,0.764655148210088,0.7644036090488419,0.764655148210088,0.764655148210088,0.7644594770361677,0.7645269794084636,0.7645860949635045,0.764655148210088,0.764655148210088,0.7644036090488419,0.0,0.7644036090488419
acs_full_income,17,1,46911,4713,1846.1,1.0,1.0,0.7637487342116569,0.7641561513408831,0.7637487342116569,0.7641561513408831,0.7641561513408831,0.7638656729694769,0.7639682229106616,0.7640718565986735,0.7641561513408831,0.7641561513408831,0.7637487342116569,0.0,0.7637487342116569
acs_full_income,17,1,46911,4713,1846.1,1.0,1.0,0.7687463351454062,0.768952578412713,0.7687463351454062,0.768952578412713,0.768952578412713,0.7687987537056706,0.7688588157329329,0.7689010424773487,0.768952578412713,0.768952578412713,0.7687463351454062,0.0,0.7687463351454062
acs_full_income,17,2,46911,36474,1846.1,0.0,0.0,0.7644036090488419,0.7637429316141496,0.7644036090488419,0.7644036090488419,0.7644036090488419,0.7643625914105949,0.7642597730172445,0.7640461208975402,0.7644036090488419,0.7644036090488419,0.7644036090488419,0.0,0.7644036090488419
acs_full_income,17,2,46911,36474,1846.1,0.625,1.0,0.7637487342116569,0.7645996167938611,0.7637487342116569,0.7645996167938611,0.7644870058961238,0.7641406996674325,0.7644062513744263,0.7645718483619028,0.7645996167938611,0.7645996167938611,0.7637487342116569,0.0,0.7637487342116569
acs_full_income,17,2,46911,36474,1846.1,0.25,0.75,0.7687463351454062,0.7689945036109299,0.7687463351454062,0.7687463351454062,0.768913570510712,0.768913570510712,0.769034734788095,0.7690636089363725,0.7689945036109299,0.7690636089363725,0.7687463351454062,0.0,0.7687463351454062
acs_full_income,17,4,46911,92234,1846.1,0.25,0.0,0.7644036090488419,0.7638303205647885,0.7644036090488419,0.7644036090488419,0.7643144646216966,0.7643144646216966,0.7641868605999942,0.7640425870550663,0.7644036090488419,0.7644036090488419,0.7644036090488419,0.0,0.7644036090488419
acs_full_income,17,4,46911,92234,1846.1,0.375,0.375,0.7637487342116569,0.7635415250746814,0.7637487342116569,0.7637487342116569,0.7638009231101514,0.7637965752703119,0.7637460073491837,0.763682558285909,0.7637487342116569,0.7638009231101514,0.7637487342116569,0.0,0.7637487342116569
acs_full_income,17,4,46911,92234,1846.1,0.25,0.0,0.7687463351454062,0.7681102005480881,0.7687463351454062,0.7687463351454062,0.7686615297920664,0.7686615297920664,0.7685148646018966,0.7683457319969452,0.7687463351454062,0.7687463351454062,0.7687463351454062,0.0,0.7687463351454062
acs_full_income,17,2,46911,176038,1846.1,1.0,1.0,0.7644036090488419,0.7649259782517996,0.7644036090488419,0.7649259782517996,0.7649259782517996,0.7645681061070523,0.7647163526096062,0.7648406173240131,0.7649259782517996,0.7649259782517996,0.7644036090488419,0.0,0.7644036090488419
acs_full_income,17,2,46911,176038,1846.1,1.0,1.0,0.7637487342116569,0.7643556838038554,0.7637487342116569,0.7643556838038554,0.7643556838038554,0.7639665591283723,0.7641411630711301,0.7642668941077536,0.7643556838038554,0.7643556838038554,0.7637487342116569,0.0,0.7637487342116569
acs_full_income,17,2,46911,176038,1846.1,1.0,1.0,0.7687463351454062,0.7691982715429877,0.7687463351454062,0.7691982715429877,0.7691982715429877,0.7688965759841252,0.769022998092871,0.7691174280082647,0.7691982715429877,0.7691982715429877,0.7687463351454062,0.0,0.7687463351454062
acs_full_income,17,3,46911,76382,1846.1,1.0,0.875,0.7644036090488419,0.7644694207383059,0.7644036090488419,0.7644694207383059,0.7644694207383059,0.7644551139696832,0.7644784293577943,0.7644883700102417,0.7644694207383059,0.7644946686355593,0.7644036090488419,0.0,0.7644036090488419
acs_full_income,17,3,46911,76382,1846.1,1.0,1.0,0.7637487342116569,0.7639647822214176,0.7637487342116569,0.7639647822214176,0.7639647822214176,0.7638474331064452,0.763905321441689,0.7639266765780335,0.7639647822214176,0.7639647822214176,0.7637487342116569,0.0,0.7637487342116569
acs_full_income,17,3,46911,76382,1846.1,1.0,0.75,0.7687463351454062,0.7688287637746298,0.7687463351454062,0.7688287637746298,0.7688287637746298,0.7688153516618177,0.7688487822938164,0.768851524243797,0.7688287637746298,0.768851524243797,0.7687463351454062,0.0,0.7687463351454062
acs_full_income,17,3,46911,70487,1846.1,1.0,1.0,0.7644036090488419,0.7652635968212508,0.7644036090488419,0.7652635968212508,0.7652635968212508,0.7646410235801245,0.7648629570132766,0.7650749055096323,0.7652635968212508,0.7652635968212508,0.7644036090488419,0.0,0.7644036090488419
acs_full_income,17,3,46911,70487,1846.1,1.0,1.0,0.7637487342116569,0.7653133830817913,0.7637487342116569,0.7653133830817913,0.7653133830817913,0.7642300024753655,0.7646226744368491,0.764996821807307,0.7653133830817913,0.7653133830817913,0.7637487342116569,0.0,0.7637487342116569
acs_full_income,17,3,46911,70487,1846.1,1.0,1.0,0.7687463351454062,0.7698734837659968,0.7687463351454062,0.7698734837659968,0.7698734837659968,0.769050098400075,0.7693481632620969,0.7696280962784527,0.7698734837659968,0.7698734837659968,0.7687463351454062,0.0,0.7687463351454062
acs_full_income,17,2,46911,65698,1846.1,0.0,0.0,0.7644036090488419,0.7627035327277264,0.7644036090488419,0.7644036090488419,0.7644036090488419,0.764035586077245,0.7636325865333529,0.7631781856143879,0.7644036090488419,0.7644036090488419,0.7644036090488419,0.0,0.7644036090488419
acs_full_income,17,2,46911,65698,1846.1,0.0,0.0,0.7637487342116569,0.7622684870372267,0.7637487342116569,0.7637487342116569,0.7637487342116569,0.7634891542973341,0.7631436647303762,0.7627429396634131,0.7637487342116569,0.7637487342116569,0.7637487342116569,0.0,0.7637487342116569
acs_full_income,17,2,46911,65698,1846.1,0.0,0.0,0.7687463351454062,0.7668759773756759,0.7687463351454062,0.7687463351454062,0.7687463351454062,0.7683555526689999,0.7679239343544195,0.7674271203640984,0.7687463351454062,0.7687463351454062,0.7687463351454062,0.0,0.7687463351454062
acs_full_income,18,1,24515,22268,755.1,0.75,1.0,0.6836855026608254,0.6864584463905707,0.6836855026608254,0.6864584463905707,0.6860142307071595,0.6847159533401495,0.6854016317977476,0.6860142307071595,0.6864584463905707,0.6864584463905707,0.6836855026608254,0.0,0.6836855026608254
acs_full_income,18,1,24515,22268,755.1,1.0,1.0,0.6755792533313498,0.6766255216464181,0.6755792533313498,0.6766255216464181,0.6766255216464181,0.6760908131347061,0.6763082198166437,0.6765247433455979,0.6766255216464181,0.6766255216464181,0.6755792533313498,0.0,0.6755792533313498
acs_full_income,18,1,24515,22268,755.1,0.375,0.75,0.6831506099676828,0.6841772303392769,0.6831506099676828,0.6831506099676828,0.6839599396207794,0.6837610188111445,0.6840941206820185,0.6841983731182486,0.6841772303392769,0.6841983731182486,0.6831506099676828,0.0,0.6831506099676828
acs_full_income,18,2,24515,158192,755.1,1.0,0.625,0.6836855026608254,0.6845433096550156,0.6836855026608254,0.6845433096550156,0.6845433096550156,0.6847920881957832,0.6852518592605009,0.68514439353499,0.6845433096550156,0.6852708657150095,0.6836855026608254,0.0,0.6836855026608254
acs_full_income,18,2,24515,158192,755.1,0.625,0.75,0.6755792533313498,0.6772266467853305,0.6755792533313498,0.6772266467853305,0.6775231061477182,0.6768675561960095,0.6773882377010602,0.6776040732872088,0.6772266467853305,0.6776040732872088,0.6755792533313498,0.0,0.6755792533313498
acs_full_income,18,2,24515,158192,755.1,0.5,0.625,0.6831506099676828,0.6842121434191664,0.6831506099676828,0.6831506099676828,0.6849778821480016,0.6844362693396239,0.6849778821480016,0.6848434013777573,0.6842121434191664,0.6850349268964354,0.6831506099676828,0.0,0.6831506099676828
acs_full_income,18,4,24515,101427,755.1,0.5,0.25,0.6836855026608254,0.6805647419282902,0.6836855026608254,0.6805647419282902,0.6838125997454065,0.6842443022167822,0.6838125997454065,0.6825889258553689,0.6836855026608254,0.6842443022167822,0.6836855026608254,0.0,0.6836855026608254
acs_full_income,18,4,24515,101427,755.1,0.5,0.375,0.6755792533313498,0.6745290943202303,0.6755792533313498,0.6755792533313498,0.6764134127655493,0.6764348749297896,0.6764134127655493,0.675908059258444,0.6755792533313498,0.6765797296421759,0.6755792533313498,0.0,0.6755792533313498
acs_full_income,18,4,24515,101427,755.1,0.125,0.375,0.6831506099676828,0.6812033976967604,0.6831506099676828,0.6831506099676828,0.6836678311853963,0.6839797826908554,0.6838408312718336,0.6829377618570853,0.6831506099676828,0.6840194160676496,0.6831506099676828,0.0,0.6831506099676828
acs_full_income,18,3,24515,225687,755.1,0.5,0.125,0.6836855026608254,0.6771862897262013,0.6836855026608254,0.6836855026608254,0.682800863885236,0.6838686897648352,0.682800863885236,0.6805249658719312,0.6836855026608254,0.6839957692920337,0.6836855026608254,0.0,0.6836855026608254
acs_full_income,18,3,24515,225687,755.1,0.375,0.25,0.6755792533313498,0.6722556744096604,0.6755792533313498,0.6755792533313498,0.676593367343709,0.6766237167996676,0.6762270988589838,0.6748765147634086,0.6755792533313498,0.6766237167996676,0.6755792533313498,0.0,0.6755792533313498
acs_full_income,18,3,24515,225687,755.1,0.25,0.25,0.6831506099676828,0.6781557288780686,0.6831506099676828,0.6831506099676828,0.683940543011473,0.683940543011473,0.6832526441472317,0.6813342608839534,0.6831506099676828,0.683940543011473,0.6831506099676828,0.0,0.6831506099676828
acs_full_income,18,1,24515,98925,755.1,0.5,0.25,0.6836855026608254,0.6796099784488436,0.6836855026608254,0.6836855026608254,0.6836079077619691,0.6842475692162074,0.6836079077619691,0.6821083773826464,0.6836855026608254,0.6842475692162074,0.6836855026608254,0.0,0.6836855026608254
acs_full_income,18,1,24515,98925,755.1,0.375,0.375,0.6755792533313498,0.6735651603920766,0.6755792533313498,0.6755792533313498,0.676403773031095,0.676336057371024,0.6762328308416011,0.6753993824659968,0.6755792533313498,0.676403773031095,0.6755792533313498,0.0,0.6755792533313498
acs_full_income,18,1,24515,98925,755.1,0.125,0.25,0.6831506099676828,0.6799164190148614,0.6831506099676828,0.6831506099676828,0.6836576531163984,0.6839235082396995,0.6834933947398435,0.6822052700972714,0.6831506099676828,0.6839235082396995,0.6831506099676828,0.0,0.6831506099676828
acs_full_income,18,2,24515,131615,755.1,0.75,0.375,0.6836855026608254,0.6825427327495889,0.6836855026608254,0.6825427327495889,0.6838902526920283,0.6845458683007526,0.6846059306201651,0.6838902526920283,0.6836855026608254,0.6846791100561856,0.6836855026608254,0.0,0.6836855026608254
acs_full_income,18,2,24515,131615,755.1,0.5,0.5,0.6755792533313498,0.6758773947632127,0.6755792533313498,0.6758773947632127,0.6769562568198746,0.676693893107728,0.6769562568198746,0.6767518000530959,0.6758773947632127,0.6769562568198746,0.6755792533313498,0.0,0.6755792533313498
acs_full_income,18,2,24515,131615,755.1,0.375,0.375,0.6831506099676828,0.6824749982315226,0.6831506099676828,0.6831506099676828,0.6843888760782464,0.6841795947725491,0.6843289235851091,0.6837704137314896,0.6831506099676828,0.6843888760782464,0.6831506099676828,0.0,0.6831506099676828
acs_full_income,18,4,24515,137103,755.1,0.5,0.25,0.6836855026608254,0.679093177782303,0.6836855026608254,0.679093177782303,0.6833282590377808,0.6841310012207832,0.6833282590377808,0.6816063421207458,0.6836855026608254,0.6841310012207832,0.6836855026608254,0.0,0.6836855026608254
acs_full_income,18,4,24515,137103,755.1,0.5,0.375,0.6755792533313498,0.673395978656413,0.6755792533313498,0.6755792533313498,0.6762524389335197,0.6764484968464828,0.6762524389335197,0.6753341596720087,0.6755792533313498,0.6764552278529111,0.6755792533313498,0.0,0.6755792533313498
acs_full_income,18,4,24515,137103,755.1,0.125,0.25,0.6831506099676828,0.6797329914418976,0.6831506099676828,0.6831506099676828,0.6836910793070412,0.6839322565902858,0.6834189961703528,0.6820416278751928,0.6831506099676828,0.6839322565902858,0.6831506099676828,0.0,0.6831506099676828
acs_full_income,18,2,24515,91029,755.1,0.75,0.25,0.6836855026608254,0.6813225159575189,0.6836855026608254,0.6813225159575189,0.6829086809976567,0.684138982416231,0.6839075024538868,0.6829086809976567,0.6836855026608254,0.684138982416231,0.6836855026608254,0.0,0.6836855026608254
acs_full_income,18,2,24515,91029,755.1,0.5,0.5,0.6755792533313498,0.6757175220191295,0.6755792533313498,0.6755792533313498,0.6770662864389878,0.6768002838726819,0.6770662864389878,0.6766930260256884,0.6757175220191295,0.6770662864389878,0.6755792533313498,0.0,0.6755792533313498
acs_full_income,18,2,24515,91029,755.1,0.375,0.375,0.6831506099676828,0.6820287889018698,0.6831506099676828,0.6831506099676828,0.6842591947527201,0.6840668728956307,0.6842250013813819,0.6834623392284432,0.6831506099676828,0.6842591947527201,0.6831506099676828,0.0,0.6831506099676828
acs_full_income,18,4,24515,171779,755.1,1.0,0.625,0.6836855026608254,0.685207123665025,0.6836855026608254,0.685207123665025,0.685207123665025,0.6849085005960639,0.6855530277152848,0.6856202364874407,0.685207123665025,0.685682643166633,0.6836855026608254,0.0,0.6836855026608254
acs_full_income,18,4,24515,171779,755.1,0.75,0.625,0.6755792533313498,0.6775675866520932,0.6755792533313498,0.6775675866520932,0.6778944028500098,0.6769516979122043,0.6776066369464405,0.6778944028500098,0.6775675866520932,0.6778991968200432,0.6755792533313498,0.0,0.6755792533313498
acs_full_income,18,4,24515,171779,755.1,0.5,0.625,0.6831506099676828,0.6846118747761938,0.6831506099676828,0.6846118747761938,0.685251567454807,0.6845925980308368,0.685251567454807,0.6852398319489004,0.6846118747761938,0.6853391094628046,0.6831506099676828,0.0,0.6831506099676828
acs_full_income,18,2,24515,54110,755.1,0.5,0.125,0.6836855026608254,0.6801172933873477,0.6836855026608254,0.6801172933873477,0.6833140692923174,0.6839812774258137,0.6833140692923174,0.6820196238518649,0.6836855026608254,0.6839890985003743,0.6836855026608254,0.0,0.6836855026608254
acs_full_income,18,2,24515,54110,755.1,0.5,0.375,0.6755792533313498,0.674106500697705,0.6755792533313498,0.6755792533313498,0.6760445711361713,0.6761869553750787,0.6760445711361713,0.6754247903225238,0.6755792533313498,0.6762304600811635,0.6755792533313498,0.0,0.6755792533313498
acs_full_income,18,2,24515,54110,755.1,0.125,0.25,0.6831506099676828,0.680682613999494,0.6831506099676828,0.6831506099676828,0.6835611113329845,0.6837585773000279,0.6833971788281037,0.6823332351368638,0.6831506099676828,0.6837585773000279,0.6831506099676828,0.0,0.6831506099676828
acs_full_income,18,3,24515,57632,755.1,0.875,1.0,0.6836855026608254,0.6863134406316305,0.6836855026608254,0.6863134406316305,0.6862458166301144,0.6848018291066387,0.6854770939735343,0.6860105372228165,0.6863134406316305,0.6863134406316305,0.6836855026608254,0.0,0.6836855026608254
acs_full_income,18,3,24515,57632,755.1,1.0,1.0,0.6755792533313498,0.6769914562182354,0.6755792533313498,0.6769914562182354,0.6769914562182354,0.6763521114766884,0.6766131276229604,0.6768751635698298,0.6769914562182354,0.6769914562182354,0.6755792533313498,0.0,0.6755792533313498
acs_full_income,18,3,24515,57632,755.1,0.375,0.75,0.6831506099676828,0.6844108602762066,0.6831506099676828,0.6831506099676828,0.6841917790487286,0.6839474000954627,0.684384702367544,0.6845559952517551,0.6844108602762066,0.6845559952517551,0.6831506099676828,0.0,0.6831506099676828
acs_full_income,19,3,12421,76466,381.8,0.25,0.5,0.6723226730556626,0.6724452516903348,0.6723226730556626,0.6723226730556626,0.6726311873495322,0.6726311873495322,0.6728871365595749,0.6728116582286446,0.6724452516903348,0.6728871365595749,0.6723226730556626,0.0,0.6723226730556626
acs_full_income,19,3,12421,76466,381.8,0.0,0.375,0.6831316845677851,0.6829560741021705,0.6831316845677851,0.6831316845677851,0.6831316845677851,0.6832452996990985,0.6834246104391206,0.6832890406742357,0.6831316845677851,0.683440001533831,0.6831316845677851,0.0,0.6831316845677851
acs_full_income,19,3,12421,76466,381.8,0.0,0.625,0.6781270409597262,0.6787631227902449,0.6781270409597262,0.6781270409597262,0.6781270409597262,0.6786800691552155,0.6790069723931282,0.6789883108115224,0.6787631227902449,0.6790359663443559,0.6781270409597262,0.0,0.6781270409597262
acs_full_income,19,2,12421,36236,381.8,1.0,1.0,0.6723226730556626,0.6782905246541366,0.6723226730556626,0.6782905246541366,0.6782905246541366,0.6740780472671297,0.6758283982562749,0.6771987418281643,0.6782905246541366,0.6782905246541366,0.6723226730556626,0.0,0.6723226730556626
acs_full_income,19,2,12421,36236,381.8,0.875,1.0,0.6831316845677851,0.6880718864674689,0.6831316845677851,0.6880718864674689,0.6877300040810702,0.6845857633205724,0.6859735616037527,0.6872311165875851,0.6880718864674689,0.6880718864674689,0.6831316845677851,0.0,0.6831316845677851
acs_full_income,19,2,12421,36236,381.8,1.0,1.0,0.6781270409597262,0.6820822258575528,0.6781270409597262,0.6820822258575528,0.6820822258575528,0.6790916012381927,0.6800879652368701,0.6812412628703122,0.6820822258575528,0.6820822258575528,0.6781270409597262,0.0,0.6781270409597262
acs_full_income,19,4,12421,249059,381.8,0.0,0.25,0.6723226730556626,0.668088508710278,0.6723226730556626,0.6723226730556626,0.6723226730556626,0.6725140289492062,0.6718698835709906,0.6704002228277389,0.6723226730556626,0.6725140289492062,0.6723226730556626,0.0,0.6723226730556626
acs_full_income,19,4,12421,249059,381.8,0.0,0.0,0.6831316845677851,0.6776678092787732,0.6831316845677851,0.6831316845677851,0.6831316845677851,0.6827843496642613,0.6819161611830231,0.6802162756073709,0.6831316845677851,0.6831316845677851,0.6831316845677851,0.0,0.6831316845677851
acs_full_income,19,4,12421,249059,381.8,0.0,0.25,0.6781270409597262,0.6746451601828354,0.6781270409597262,0.6781270409597262,0.6781270409597262,0.6784753781681475,0.6779045187652665,0.6766835304103863,0.6781270409597262,0.6784753781681475,0.6781270409597262,0.0,0.6781270409597262
acs_full_income,19,2,12421,107734,381.8,0.0,0.25,0.6723226730556626,0.6663497994874322,0.6723226730556626,0.6723226730556626,0.6723226730556626,0.6725563847126806,0.6715178451241216,0.6697175234598167,0.6723226730556626,0.6725563847126806,0.6723226730556626,0.0,0.6723226730556626
acs_full_income,19,2,12421,107734,381.8,0.0,0.0,0.6831316845677851,0.6767472830638962,0.6831316845677851,0.6831316845677851,0.6831316845677851,0.6829280248514565,0.6821289290189074,0.6800251428470789,0.6831316845677851,0.6831316845677851,0.6831316845677851,0.0,0.6831316845677851
acs_full_income,19,2,12421,107734,381.8,0.0,0.125,0.6781270409597262,0.672795979557234,0.6781270409597262,0.6781270409597262,0.6781270409597262,0.6783386298573382,0.6776742038316501,0.6757860395120845,0.6781270409597262,0.6784060031107672,0.6781270409597262,0.0,0.6781270409597262
acs_full_income,19,4,12421,150541,381.8,0.25,0.5,0.6723226730556626,0.6727848396317366,0.6723226730556626,0.6723226730556626,0.67292697113079,0.67292697113079,0.6732659917030466,0.6731574947937273,0.6727848396317366,0.6732659917030466,0.6723226730556626,0.0,0.6723226730556626
acs_full_income,19,4,12421,150541,381.8,0.375,0.25,0.6831316845677851,0.6822802115682262,0.6831316845677851,0.6831316845677851,0.6832601786765229,0.6832918953521852,0.6831781259989076,0.6828757365784209,0.6831316845677851,0.6832918953521852,0.6831316845677851,0.0,0.6831316845677851
acs_full_income,19,4,12421,150541,381.8,0.375,0.625,0.6781270409597262,0.6786166385921995,0.6781270409597262,0.6781270409597262,0.6789125910962428,0.6789026609423363,0.6790549882560009,0.6790170271911741,0.6786166385921995,0.6791086479809632,0.6781270409597262,0.0,0.6781270409597262
acs_full_income,19,3,12421,92852,381.8,0.125,0.125,0.6723226730556626,0.67120647834223,0.6723226730556626,0.6723226730556626,0.6724525057696676,0.672406704667357,0.6722442437672814,0.6718280449755628,0.6723226730556626,0.6724525057696676,0.6723226730556626,0.0,0.6723226730556626
acs_full_income,19,3,12421,92852,381.8,0.0,0.25,0.6831316845677851,0.6820394275080982,0.6831316845677851,0.6831316845677851,0.6831316845677851,0.6831528968838758,0.682996182110784,0.682603836327593,0.6831316845677851,0.6831528968838758,0.6831316845677851,0.0,0.6831316845677851
acs_full_income,19,3,12421,92852,381.8,0.0,0.375,0.6781270409597262,0.6778083914945587,0.6781270409597262,0.6781270409597262,0.6781270409597262,0.6784841996890902,0.6785022787308488,0.6782071952284906,0.6781270409597262,0.6785221608589305,0.6781270409597262,0.0,0.6781270409597262
acs_full_income,19,4,12421,129639,381.8,0.0,0.25,0.6723226730556626,0.6685630381138973,0.6723226730556626,0.6723226730556626,0.6723226730556626,0.6725692089511178,0.67184523234135,0.6705817279127534,0.6723226730556626,0.6725692089511178,0.6723226730556626,0.0,0.6723226730556626
acs_full_income,19,4,12421,129639,381.8,0.0,0.0,0.6831316845677851,0.6786978462279004,0.6831316845677851,0.6831316845677851,0.6831316845677851,0.682994432067422,0.6824432257691571,0.6809160945064426,0.6831316845677851,0.6831316845677851,0.6831316845677851,0.0,0.6831316845677851
acs_full_income,19,4,12421,129639,381.8,0.0,0.125,0.6781270409597262,0.6748657158149829,0.6781270409597262,0.6781270409597262,0.6781270409597262,0.6783773758000456,0.6778757923424722,0.676700155186163,0.6781270409597262,0.6784155867608893,0.6781270409597262,0.0,0.6781270409597262
acs_full_income,19,3,12421,181803,381.8,1.0,1.0,0.6723226730556626,0.6755158871043774,0.6723226730556626,0.6755158871043774,0.6755158871043774,0.6734402291314395,0.6742860690266447,0.6751154671111426,0.6755158871043774,0.6755158871043774,0.6723226730556626,0.0,0.6723226730556626
acs_full_income,19,3,12421,181803,381.8,0.75,0.875,0.6831316845677851,0.684573169433675,0.6831316845677851,0.684573169433675,0.6846254556516169,0.6837185948324399,0.6842866270217214,0.6846254556516169,0.684573169433675,0.6846284698916528,0.6831316845677851,0.0,0.6831316845677851
acs_full_income,19,3,12421,181803,381.8,1.0,1.0,0.6781270409597262,0.6804999033188369,0.6781270409597262,0.6804999033188369,0.6804999033188369,0.6792050862822014,0.6797685265478148,0.6803172376314077,0.6804999033188369,0.6804999033188369,0.6781270409597262,0.0,0.6781270409597262
acs_full_income,19,1,12421,14807,381.8,0.0,0.0,0.6723226730556626,0.6644392835901476,0.6723226730556626,0.6723226730556626,0.6723226730556626,0.6709721579913672,0.6690545380840417,0.6667955757194126,0.6723226730556626,0.6723226730556626,0.6723226730556626,0.0,0.6723226730556626
acs_full_income,19,1,12421,14807,381.8,0.0,0.0,0.6831316845677851,0.6758484030451476,0.6831316845677851,0.6831316845677851,0.6831316845677851,0.6816838575184231,0.6801714132201999,0.6782003788478391,0.6831316845677851,0.6831316845677851,0.6831316845677851,0.0,0.6831316845677851
acs_full_income,19,1,12421,14807,381.8,0.0,0.0,0.6781270409597262,0.6727984708251584,0.6781270409597262,0.6781270409597262,0.6781270409597262,0.6775282305266876,0.6763193784098572,0.6748093798510315,0.6781270409597262,0.6781270409597262,0.6781270409597262,0.0,0.6781270409597262
acs_full_income,19,4,12421,86911,381.8,0.0,0.125,0.6723226730556626,0.6701485058728491,0.6723226730556626,0.6723226730556626,0.6723226730556626,0.6721242587655969,0.6716697232674781,0.671034085195202,0.6723226730556626,0.6723375278606231,0.6723226730556626,0.0,0.6723226730556626
acs_full_income,19,4,12421,86911,381.8,0.0,0.0,0.6831316845677851,0.6805331041180813,0.6831316845677851,0.6831316845677851,0.6831316845677851,0.6826368755176515,0.6823452004848695,0.6816361849335062,0.6831316845677851,0.6831316845677851,0.6831316845677851,0.0,0.6831316845677851
acs_full_income,19,4,12421,86911,381.8,0.0,0.125,0.6781270409597262,0.6760932214756119,0.6781270409597262,0.6781270409597262,0.6781270409597262,0.6780275140246032,0.6775913683627034,0.6768791297719579,0.6781270409597262,0.6781637817999617,0.6781270409597262,0.0,0.6781270409597262
acs_full_income,19,3,12421,104931,381.8,0.125,0.125,0.6723226730556626,0.6715334711821532,0.6723226730556626,0.6723226730556626,0.6723765989370731,0.672277919934561,0.6721581616920036,0.6718431051594689,0.6723226730556626,0.6723765989370731,0.6723226730556626,0.0,0.6723226730556626
acs_full_income,19,3,12421,104931,381.8,0.0,0.0,0.6831316845677851,0.6821278149707584,0.6831316845677851,0.6831316845677851,0.6831316845677851,0.6829695000357168,0.6828512733733895,0.6825584802355302,0.6831316845677851,0.6831316845677851,0.6831316845677851,0.0,0.6831316845677851
acs_full_income,19,3,12421,104931,381.8,0.0,0.375,0.6781270409597262,0.6779661724978291,0.6781270409597262,0.6781270409597262,0.6781270409597262,0.678427621776192,0.6784058311544868,0.6783610820771317,0.6781270409597262,0.6784747083112782,0.6781270409597262,0.0,0.6781270409597262
acs_full_income,19,1,12421,46144,381.8,0.0,0.0,0.6723226730556626,0.6658729425090036,0.6723226730556626,0.6723226730556626,0.6723226730556626,0.6718067761256942,0.6701926992115363,0.6683235227648531,0.6723226730556626,0.6723226730556626,0.6723226730556626,0.0,0.6723226730556626
acs_full_income,19,1,12421,46144,381.8,0.0,0.0,0.6831316845677851,0.6743406047112032,0.6831316845677851,0.6831316845677851,0.6831316845677851,0.6815187119797596,0.6795055890540099,0.6771735166405852,0.6831316845677851,0.6831316845677851,0.6831316845677851,0.0,0.6831316845677851
acs_full_income,19,1,12421,46144,381.8,0.0,0.125,0.6781270409597262,0.6724726830319004,0.6781270409597262,0.6781270409597262,0.6781270409597262,0.677893745743024,0.6765466173699727,0.6748433144403949,0.6781270409597262,0.6781501501366742,0.6781270409597262,0.0,0.6781270409597262
acs_full_income,20,1,11064,33277,345.6,0.0,0.0,0.6829470454391016,0.6745477353532527,0.6829470454391016,0.6829470454391016,0.6829470454391016,0.6814978000175506,0.6797178267869484,0.6773817179541577,0.6829470454391016,0.6829470454391016,0.6829470454391016,0.0,0.6829470454391016
acs_full_income,20,1,11064,33277,345.6,0.0,0.0,0.6871398457428312,0.675931302257769,0.6871398457428312,0.6871398457428312,0.6871398457428312,0.6852591979729855,0.6827363258185366,0.6793794198121611,0.6871398457428312,0.6871398457428312,0.6871398457428312,0.0,0.6871398457428312
acs_full_income,20,1,11064,33277,345.6,0.0,0.0,0.6822130545965932,0.671212739387609,0.6822130545965932,0.6822130545965932,0.6822130545965932,0.6805759824062776,0.6778846378963848,0.6748665201175613,0.6822130545965932,0.6822130545965932,0.6822130545965932,0.0,0.6822130545965932
acs_full_income,20,3,11064,29998,345.6,0.0,0.0,0.6829470454391016,0.6765396638786928,0.6829470454391016,0.6829470454391016,0.6829470454391016,0.6814197852091952,0.6800014407369015,0.6782985789131983,0.6829470454391016,0.6829470454391016,0.6829470454391016,0.0,0.6829470454391016
acs_full_income,20,3,11064,29998,345.6,0.0,0.0,0.6871398457428312,0.6784588512936068,0.6871398457428312,0.6871398457428312,0.6871398457428312,0.6853209577209165,0.6834018034449598,0.6810354366446016,0.6871398457428312,0.6871398457428312,0.6871398457428312,0.0,0.6871398457428312
acs_full_income,20,3,11064,29998,345.6,0.0,0.0,0.6822130545965932,0.6737849976204947,0.6822130545965932,0.6822130545965932,0.6822130545965932,0.6805619684940432,0.678396917353747,0.6763598352791684,0.6822130545965932,0.6822130545965932,0.6822130545965932,0.0,0.6822130545965932
acs_full_income,20,2,11064,210472,345.6,0.0,0.0,0.6829470454391016,0.6638320541829977,0.6829470454391016,0.6829470454391016,0.6829470454391016,0.6801839149201587,0.6760597839103979,0.6706076543373956,0.6829470454391016,0.6829470454391016,0.6829470454391016,0.0,0.6829470454391016
acs_full_income,20,2,11064,210472,345.6,0.0,0.0,0.6871398457428312,0.6636809231077211,0.6871398457428312,0.6871398457428312,0.6871398457428312,0.6836639718519929,0.6782132321141872,0.6715385830959508,0.6871398457428312,0.6871398457428312,0.6871398457428312,0.0,0.6871398457428312
acs_full_income,20,2,11064,210472,345.6,0.0,0.0,0.6822130545965932,0.6588051187184397,0.6822130545965932,0.6822130545965932,0.6822130545965932,0.6783779802516211,0.6731699820714818,0.6661975225494032,0.6822130545965932,0.6822130545965932,0.6822130545965932,0.0,0.6822130545965932
acs_full_income,20,3,11064,122335,345.6,0.0,0.0,0.6829470454391016,0.6705833177167015,0.6829470454391016,0.6829470454391016,0.6829470454391016,0.6811082398432805,0.6783694902831905,0.6748626946546834,0.6829470454391016,0.6829470454391016,0.6829470454391016,0.0,0.6829470454391016
acs_full_income,20,3,11064,122335,345.6,0.0,0.0,0.6871398457428312,0.6707018704082751,0.6871398457428312,0.6871398457428312,0.6871398457428312,0.6845929377899213,0.6806707194659555,0.6759711759849487,0.6871398457428312,0.6871398457428312,0.6871398457428312,0.0,0.6871398457428312
acs_full_income,20,3,11064,122335,345.6,0.0,0.0,0.6822130545965932,0.664960668850428,0.6822130545965932,0.6822130545965932,0.6822130545965932,0.6790765739564222,0.6752940380362132,0.6703935814651518,0.6822130545965932,0.6822130545965932,0.6822130545965932,0.0,0.6822130545965932
acs_full_income,20,3,11064,60547,345.6,0.125,0.0,0.6829470454391016,0.6777949976206938,0.6829470454391016,0.6829470454391016,0.6826323016555784,0.6821208803031172,0.6811290855146576,0.6797225601336807,0.6829470454391016,0.6829470454391016,0.6829470454391016,0.0,0.6829470454391016
acs_full_income,20,3,11064,60547,345.6,0.0,0.0,0.6871398457428312,0.6792013787679915,0.6871398457428312,0.6871398457428312,0.6871398457428312,0.6857086110206649,0.6840744859999996,0.6818284102959442,0.6871398457428312,0.6871398457428312,0.6871398457428312,0.0,0.6871398457428312
acs_full_income,20,3,11064,60547,345.6,0.0,0.0,0.6822130545965932,0.6756134327409994,0.6822130545965932,0.6822130545965932,0.6822130545965932,0.6814372666493235,0.6799286670427861,0.6780085520349559,0.6822130545965932,0.6822130545965932,0.6822130545965932,0.0,0.6822130545965932
acs_full_income,20,3,11064,106046,345.6,0.125,0.0,0.6829470454391016,0.6762363545927668,0.6829470454391016,0.6829470454391016,0.6824298367537174,0.6818264175626821,0.6804059670277026,0.678502810585792,0.6829470454391016,0.6829470454391016,0.6829470454391016,0.0,0.6829470454391016
acs_full_income,20,3,11064,106046,345.6,0.0,0.0,0.6871398457428312,0.6769184470376989,0.6871398457428312,0.6871398457428312,0.6871398457428312,0.685378722068717,0.6831312554716196,0.6800850044059196,0.6871398457428312,0.6871398457428312,0.6871398457428312,0.0,0.6871398457428312
acs_full_income,20,3,11064,106046,345.6,0.0,0.0,0.6822130545965932,0.6734932814007756,0.6822130545965932,0.6822130545965932,0.6822130545965932,0.6810711920822621,0.6788503545902709,0.6763149415017473,0.6822130545965932,0.6822130545965932,0.6822130545965932,0.0,0.6822130545965932
acs_full_income,20,2,11064,42113,345.6,0.0,0.0,0.6829470454391016,0.6635570444716693,0.6829470454391016,0.6829470454391016,0.6829470454391016,0.6796367022409118,0.6754442972819431,0.6698938855355866,0.6829470454391016,0.6829470454391016,0.6829470454391016,0.0,0.6829470454391016
acs_full_income,20,2,11064,42113,345.6,0.0,0.0,0.6871398457428312,0.6637910492320518,0.6871398457428312,0.6871398457428312,0.6871398457428312,0.6830212325631186,0.6772953601287521,0.6709351295287577,0.6871398457428312,0.6871398457428312,0.6871398457428312,0.0,0.6871398457428312
acs_full_income,20,2,11064,42113,345.6,0.0,0.0,0.6822130545965932,0.661356023348878,0.6822130545965932,0.6822130545965932,0.6822130545965932,0.6790513243093895,0.6746501757961252,0.6685965392807626,0.6822130545965932,0.6822130545965932,0.6822130545965932,0.0,0.6822130545965932
acs_full_income,20,4,11064,118873,345.6,0.0,0.0,0.6829470454391016,0.6736904739481815,0.6829470454391016,0.6829470454391016,0.6829470454391016,0.6811826897489034,0.6790061182197697,0.6764844223228752,0.6829470454391016,0.6829470454391016,0.6829470454391016,0.0,0.6829470454391016
acs_full_income,20,4,11064,118873,345.6,0.0,0.0,0.6871398457428312,0.6746149375402958,0.6871398457428312,0.6871398457428312,0.6871398457428312,0.6849502421239095,0.6820016252261962,0.6783719884157269,0.6871398457428312,0.6871398457428312,0.6871398457428312,0.0,0.6871398457428312
acs_full_income,20,4,11064,118873,345.6,0.0,0.0,0.6822130545965932,0.6696515049513261,0.6822130545965932,0.6822130545965932,0.6822130545965932,0.6797343356321373,0.6767713206586319,0.6732890033058682,0.6822130545965932,0.6822130545965932,0.6822130545965932,0.0,0.6822130545965932
acs_full_income,20,1,11064,103021,345.6,0.0,0.0,0.6829470454391016,0.663980400486887,0.6829470454391016,0.6829470454391016,0.6829470454391016,0.6802658573534218,0.6763041944692703,0.6707790608156056,0.6829470454391016,0.6829470454391016,0.6829470454391016,0.0,0.6829470454391016
acs_full_income,20,1,11064,103021,345.6,0.0,0.0,0.6871398457428312,0.6628473073522206,0.6871398457428312,0.6871398457428312,0.6871398457428312,0.6835257660567623,0.6780337854543923,0.6711451286736287,0.6871398457428312,0.6871398457428312,0.6871398457428312,0.0,0.6871398457428312
acs_full_income,20,1,11064,103021,345.6,0.0,0.0,0.6822130545965932,0.6577657546667371,0.6822130545965932,0.6822130545965932,0.6822130545965932,0.6781859330583561,0.6728607923474101,0.6658502708233258,0.6822130545965932,0.6822130545965932,0.6822130545965932,0.0,0.6822130545965932
acs_full_income,20,1,11064,62135,345.6,0.0,0.0,0.6829470454391016,0.669719827618901,0.6829470454391016,0.6829470454391016,0.6829470454391016,0.6802442581628373,0.6771982505452937,0.673855162826408,0.6829470454391016,0.6829470454391016,0.6829470454391016,0.0,0.6829470454391016
acs_full_income,20,1,11064,62135,345.6,0.0,0.0,0.6871398457428312,0.6712058114915365,0.6871398457428312,0.6871398457428312,0.6871398457428312,0.6841389978713527,0.6802434233345053,0.6758763507030369,0.6871398457428312,0.6871398457428312,0.6871398457428312,0.0,0.6871398457428312
acs_full_income,20,1,11064,62135,345.6,0.0,0.0,0.6822130545965932,0.6657371067650388,0.6822130545965932,0.6822130545965932,0.6822130545965932,0.6787671683965211,0.6748642144865994,0.6706075200805943,0.6822130545965932,0.6822130545965932,0.6822130545965932,0.0,0.6822130545965932
acs_full_income,20,2,11064,22816,345.6,0.0,0.0,0.6829470454391016,0.6795273370346258,0.6829470454391016,0.6829470454391016,0.6829470454391016,0.6822036727719472,0.6812804852727442,0.6803941608142635,0.6829470454391016,0.6829470454391016,0.6829470454391016,0.0,0.6829470454391016
acs_full_income,20,2,11064,22816,345.6,0.0,0.0,0.6871398457428312,0.6833497730707379,0.6871398457428312,0.6871398457428312,0.6871398457428312,0.6862232852898398,0.6854430073172644,0.6844520402504057,0.6871398457428312,0.6871398457428312,0.6871398457428312,0.0,0.6871398457428312
acs_full_income,20,2,11064,22816,345.6,0.0,0.0,0.6822130545965932,0.6785160277033512,0.6822130545965932,0.6822130545965932,0.6822130545965932,0.6817434794147822,0.6807728059158823,0.6795007014369339,0.6822130545965932,0.6822130545965932,0.6822130545965932,0.0,0.6822130545965932
acs_full_income,20,1,11064,34003,345.6,0.0,0.0,0.6829470454391016,0.672425161551028,0.6829470454391016,0.6829470454391016,0.6829470454391016,0.6807197165000536,0.6782502161601645,0.675388929448699,0.6829470454391016,0.6829470454391016,0.6829470454391016,0.0,0.6829470454391016
acs_full_income,20,1,11064,34003,345.6,0.0,0.0,0.6871398457428312,0.6746853142969396,0.6871398457428312,0.6871398457428312,0.6871398457428312,0.6846973279041446,0.6818190813097744,0.6782990976054175,0.6871398457428312,0.6871398457428312,0.6871398457428312,0.0,0.6871398457428312
acs_full_income,20,1,11064,34003,345.6,0.0,0.0,0.6822130545965932,0.6713066995887123,0.6822130545965932,0.6822130545965932,0.6822130545965932,0.6803971492468293,0.6780028781700623,0.6751775483700815,0.6822130545965932,0.6822130545965932,0.6822130545965932,0.0,0.6822130545965932
acs_full_income,21,3,15404,42327,478.9,0.0,0.0,0.6904861046915872,0.6865388829397576,0.6904861046915872,0.6904861046915872,0.6904861046915872,0.6896455432801297,0.6888060482736368,0.6877143859923648,0.6904861046915872,0.6904861046915872,0.6904861046915872,0.0,0.6904861046915872
acs_full_income,21,3,15404,42327,478.9,0.25,0.0,0.7011669459730857,0.6981901014440044,0.7011669459730857,0.7011669459730857,0.7005297805954993,0.7005297805954993,0.6998408775461213,0.6990541956034003,0.7011669459730857,0.7011669459730857,0.7011669459730857,0.0,0.7011669459730857
acs_full_income,21,3,15404,42327,478.9,0.0,0.0,0.713954145503645,0.7103709727271055,0.713954145503645,0.713954145503645,0.713954145503645,0.7132634790910187,0.7125255768066724,0.7116104716389536,0.713954145503645,0.713954145503645,0.713954145503645,0.0,0.713954145503645
acs_full_income,21,2,15404,19641,478.9,0.0,0.0,0.6904861046915872,0.6878752124331869,0.6904861046915872,0.6904861046915872,0.6904861046915872,0.689896927715071,0.689304037476995,0.6885997637079568,0.6904861046915872,0.6904861046915872,0.6904861046915872,0.0,0.6904861046915872
acs_full_income,21,2,15404,19641,478.9,0.25,0.0,0.7011669459730857,0.6985954490661178,0.7011669459730857,0.7011669459730857,0.7005053731358347,0.7005053731358347,0.6998963043365213,0.6993633144962649,0.7011669459730857,0.7011669459730857,0.7011669459730857,0.0,0.7011669459730857
acs_full_income,21,2,15404,19641,478.9,0.0,0.0,0.713954145503645,0.7117637005435871,0.713954145503645,0.713954145503645,0.713954145503645,0.7134771655127556,0.7129571327766576,0.7123768471646804,0.713954145503645,0.713954145503645,0.713954145503645,0.0,0.713954145503645
acs_full_income,21,1,15404,50915,478.9,0.75,0.625,0.6904861046915872,0.6904615351472672,0.6904861046915872,0.6904615351472672,0.690808382907255,0.6907469891281188,0.6908577333802897,0.690808382907255,0.6904861046915872,0.6908941855909045,0.6904861046915872,0.0,0.6904861046915872
acs_full_income,21,1,15404,50915,478.9,0.375,0.5,0.7011669459730857,0.7014809405543372,0.7011669459730857,0.7014809405543372,0.7016263791425278,0.7015053345681541,0.7016307745116426,0.7015284051609327,0.7014809405543372,0.7016307745116426,0.7011669459730857,0.0,0.7011669459730857
acs_full_income,21,1,15404,50915,478.9,0.625,0.375,0.713954145503645,0.7137280108334594,0.713954145503645,0.7137280108334594,0.714233304563051,0.7142752627939758,0.7142461943871878,0.7141159212327507,0.713954145503645,0.7142775611746306,0.713954145503645,0.0,0.713954145503645
acs_full_income,21,1,15404,35022,478.9,0.0,0.0,0.6904861046915872,0.6817221854009831,0.6904861046915872,0.6904861046915872,0.6904861046915872,0.6887050942241627,0.6867187131758529,0.6844306463177052,0.6904861046915872,0.6904861046915872,0.6904861046915872,0.0,0.6904861046915872
acs_full_income,21,1,15404,35022,478.9,0.0,0.0,0.7011669459730857,0.6919444622029314,0.7011669459730857,0.7011669459730857,0.7011669459730857,0.6994218753682682,0.6973167665961582,0.6949054100935531,0.7011669459730857,0.7011669459730857,0.7011669459730857,0.0,0.7011669459730857
acs_full_income,21,1,15404,35022,478.9,0.0,0.0,0.713954145503645,0.7058600410420206,0.713954145503645,0.713954145503645,0.713954145503645,0.7124780508870777,0.7106409764981414,0.7084580075019407,0.713954145503645,0.713954145503645,0.713954145503645,0.0,0.713954145503645
acs_full_income,21,2,15404,118828,478.9,0.25,0.0,0.6904861046915872,0.6859570361791453,0.6904861046915872,0.6904861046915872,0.6899912953564149,0.6899912953564149,0.6892527317385071,0.6879083160896017,0.6904861046915872,0.6904861046915872,0.6904861046915872,0.0,0.6904861046915872
acs_full_income,21,2,15404,118828,478.9,0.0,0.0,0.7011669459730857,0.6957693090183895,0.7011669459730857,0.7011669459730857,0.7011669459730857,0.7005580886052704,0.6993504305101124,0.6977986788028193,0.7011669459730857,0.7011669459730857,0.7011669459730857,0.0,0.7011669459730857
acs_full_income,21,2,15404,118828,478.9,0.0,0.0,0.713954145503645,0.7095996526867567,0.713954145503645,0.713954145503645,0.713954145503645,0.7136078543123788,0.7128836774811855,0.7114796890892332,0.713954145503645,0.713954145503645,0.713954145503645,0.0,0.713954145503645
acs_full_income,21,2,15404,31452,478.9,0.25,0.125,0.6904861046915872,0.6898528472690203,0.6904861046915872,0.6904861046915872,0.6904578248985779,0.6904578248985779,0.6904157850575614,0.6901659750073301,0.6904861046915872,0.6905360536077665,0.6904861046915872,0.0,0.6904861046915872
acs_full_income,21,2,15404,31452,478.9,1.0,0.75,0.7011669459730857,0.7018251415199293,0.7011669459730857,0.7018251415199293,0.7018251415199293,0.7014531785890029,0.7017650501559651,0.7019791239880833,0.7018251415199293,0.7019791239880833,0.7011669459730857,0.0,0.7011669459730857
acs_full_income,21,2,15404,31452,478.9,0.625,0.125,0.713954145503645,0.7129725343158679,0.713954145503645,0.7129725343158679,0.7136184370937805,0.7138995562464432,0.7136692942562797,0.7133845924893576,0.713954145503645,0.7139652729224701,0.713954145503645,0.0,0.713954145503645
acs_full_income,21,4,15404,85212,478.9,0.75,0.375,0.6904861046915872,0.6900692356645564,0.6904861046915872,0.6900692356645564,0.6904133363793898,0.6906062598327893,0.6906226870071837,0.6904133363793898,0.6904861046915872,0.6906234546587828,0.6904861046915872,0.0,0.6904861046915872
acs_full_income,21,4,15404,85212,478.9,0.875,0.875,0.7011669459730857,0.7014653369387764,0.7011669459730857,0.7014653369387764,0.7015178534126415,0.701314087222183,0.7013895031224424,0.7014754067402503,0.7014653369387764,0.7015178534126415,0.7011669459730857,0.0,0.7011669459730857
acs_full_income,21,4,15404,85212,478.9,0.375,0.0,0.713954145503645,0.7132315787533616,0.713954145503645,0.713954145503645,0.7138312307781968,0.7139406674833311,0.713737734594745,0.7134725788327742,0.713954145503645,0.713954145503645,0.713954145503645,0.0,0.713954145503645
acs_full_income,21,3,15404,57847,478.9,0.0,0.0,0.6904861046915872,0.6820851485090108,0.6904861046915872,0.6904861046915872,0.6904861046915872,0.6890711019865118,0.6872214514231082,0.6849509460825549,0.6904861046915872,0.6904861046915872,0.6904861046915872,0.0,0.6904861046915872
acs_full_income,21,3,15404,57847,478.9,0.0,0.0,0.7011669459730857,0.6906273092642442,0.7011669459730857,0.7011669459730857,0.7011669459730857,0.6993347234727857,0.6968581797802266,0.6938776323566428,0.7011669459730857,0.7011669459730857,0.7011669459730857,0.0,0.7011669459730857
acs_full_income,21,3,15404,57847,478.9,0.0,0.0,0.713954145503645,0.7064374506179232,0.713954145503645,0.713954145503645,0.713954145503645,0.7128229975788211,0.7111522616035195,0.7090166290330894,0.713954145503645,0.713954145503645,0.713954145503645,0.0,0.713954145503645
acs_full_income,21,1,15404,40114,478.9,0.125,0.0,0.6904861046915872,0.6836571302430733,0.6904861046915872,0.6904861046915872,0.6900094562684845,0.6895122321360588,0.6880565683186532,0.6861357402668804,0.6904861046915872,0.6904861046915872,0.6904861046915872,0.0,0.6904861046915872
acs_full_income,21,1,15404,40114,478.9,0.0,0.0,0.7011669459730857,0.6914619442077856,0.7011669459730857,0.7011669459730857,0.7011669459730857,0.6997769999463354,0.6974621646612739,0.6945572831458544,0.7011669459730857,0.7011669459730857,0.7011669459730857,0.0,0.7011669459730857
acs_full_income,21,1,15404,40114,478.9,0.0,0.0,0.713954145503645,0.7069663942507585,0.713954145503645,0.713954145503645,0.713954145503645,0.713148656892197,0.7117397530020239,0.7096456884806713,0.713954145503645,0.713954145503645,0.713954145503645,0.0,0.713954145503645
acs_full_income,21,3,15404,48077,478.9,0.125,0.0,0.6904861046915872,0.6852220684527466,0.6904861046915872,0.6904861046915872,0.6900942769389183,0.6896493805494708,0.6886327531400721,0.687060804419393,0.6904861046915872,0.6904861046915872,0.6904861046915872,0.0,0.6904861046915872
acs_full_income,21,3,15404,48077,478.9,0.0,0.0,0.7011669459730857,0.6938358505885537,0.7011669459730857,0.7011669459730857,0.7011669459730857,0.7000623454080542,0.698304811639209,0.6964467179720514,0.7011669459730857,0.7011669459730857,0.7011669459730857,0.0,0.7011669459730857
acs_full_income,21,3,15404,48077,478.9,0.0,0.0,0.713954145503645,0.7086561295743231,0.713954145503645,0.713954145503645,0.713954145503645,0.7133126392853621,0.7122417120568585,0.7107946827372188,0.713954145503645,0.713954145503645,0.713954145503645,0.0,0.713954145503645
acs_full_income,21,1,15404,7966,478.9,0.0,0.0,0.6904861046915872,0.6890372434932444,0.6904861046915872,0.6904861046915872,0.6904861046915872,0.6901831095281696,0.6898337495751861,0.6895646931053319,0.6904861046915872,0.6904861046915872,0.6904861046915872,0.0,0.6904861046915872
acs_full_income,21,1,15404,7966,478.9,0.0,0.0,0.7011669459730857,0.6993345133777202,0.7011669459730857,0.7011669459730857,0.7011669459730857,0.7006821327914067,0.7002557563078363,0.6998663480481856,0.7011669459730857,0.7011669459730857,0.7011669459730857,0.0,0.7011669459730857
acs_full_income,21,1,15404,7966,478.9,0.0,0.0,0.713954145503645,0.7124214667468014,0.713954145503645,0.713954145503645,0.713954145503645,0.7135675714131592,0.7132411946035779,0.7128039811964508,0.713954145503645,0.713954145503645,0.713954145503645,0.0,0.713954145503645
acs_full_income,21,4,15404,105700,478.9,0.125,0.0,0.6904861046915872,0.6826728711605472,0.6904861046915872,0.6904861046915872,0.6899325316769899,0.6892110478977078,0.687689018984689,0.6853561166524711,0.6904861046915872,0.6904861046915872,0.6904861046915872,0.0,0.6904861046915872
acs_full_income,21,4,15404,105700,478.9,0.0,0.0,0.7011669459730857,0.6922138352215909,0.7011669459730857,0.7011669459730857,0.7011669459730857,0.6997237561367693,0.6975610831353867,0.695116476189089,0.7011669459730857,0.7011669459730857,0.7011669459730857,0.0,0.7011669459730857
acs_full_income,21,4,15404,105700,478.9,0.0,0.0,0.713954145503645,0.70678956272697,0.713954145503645,0.713954145503645,0.713954145503645,0.7129903947317032,0.711534737220895,0.7093844372690178,0.713954145503645,0.713954145503645,0.713954145503645,0.0,0.713954145503645
acs_full_income,22,3,14466,67845,480.9,0.125,0.0,0.7104236074681728,0.7029894634280338,0.7104236074681728,0.7104236074681728,0.7100757780346393,0.7092942886156138,0.7075269405167671,0.7054472764599964,0.7104236074681728,0.7104236074681728,0.7104236074681728,0.0,0.7104236074681728
acs_full_income,22,3,14466,67845,480.9,0.125,0.0,0.7068694876384385,0.7007525728205863,0.7068694876384385,0.7068694876384385,0.7065880886285733,0.7061779712506682,0.7048533481732219,0.7031083011114756,0.7068694876384385,0.7068694876384385,0.7068694876384385,0.0,0.7068694876384385
acs_full_income,22,3,14466,67845,480.9,0.0,0.0,0.6982682252609892,0.693134397094715,0.6982682252609892,0.6982682252609892,0.6982682252609892,0.6977649732425626,0.6965488529235402,0.6952608493935423,0.6982682252609892,0.6982682252609892,0.6982682252609892,0.0,0.6982682252609892
acs_full_income,22,2,14466,125289,480.9,0.125,0.0,0.7104236074681728,0.697862244021561,0.7104236074681728,0.7104236074681728,0.7098896689283156,0.7088717629847943,0.7062692453297685,0.7026548860644494,0.7104236074681728,0.7104236074681728,0.7104236074681728,0.0,0.7104236074681728
acs_full_income,22,2,14466,125289,480.9,0.125,0.0,0.7068694876384385,0.6964904069378737,0.7068694876384385,0.7068694876384385,0.7065772840888996,0.7059554792656015,0.7039821763754276,0.7008883849341759,0.7068694876384385,0.7068694876384385,0.7068694876384385,0.0,0.7068694876384385
acs_full_income,22,2,14466,125289,480.9,0.0,0.0,0.6982682252609892,0.6884015554689793,0.6982682252609892,0.6982682252609892,0.6982682252609892,0.697508542287115,0.6956300882498195,0.6926666140652498,0.6982682252609892,0.6982682252609892,0.6982682252609892,0.0,0.6982682252609892
acs_full_income,22,3,14466,68611,480.9,0.5,0.0,0.7104236074681728,0.7054652483793188,0.7104236074681728,0.7104236074681728,0.7088879490954431,0.710007807899966,0.7088879490954431,0.7073820692253818,0.7104236074681728,0.7104236074681728,0.7104236074681728,0.0,0.7104236074681728
acs_full_income,22,3,14466,68611,480.9,0.125,0.25,0.7068694876384385,0.7047881390380534,0.7068694876384385,0.7068694876384385,0.7071065288271939,0.7072846955499054,0.706980933952528,0.7061423687358882,0.7068694876384385,0.7072846955499054,0.7068694876384385,0.0,0.7068694876384385
acs_full_income,22,3,14466,68611,480.9,0.25,0.25,0.6982682252609892,0.6959907011089163,0.6982682252609892,0.6982682252609892,0.698677539316834,0.698677539316834,0.6982867660548894,0.6973942116822875,0.6982682252609892,0.698677539316834,0.6982682252609892,0.0,0.6982682252609892
acs_full_income,22,1,14466,4713,480.9,0.625,0.0,0.7104236074681728,0.7095680459610788,0.7104236074681728,0.7095680459610788,0.7100705948318718,0.7103481570154252,0.7102439875241745,0.7099461053431926,0.7104236074681728,0.7104236074681728,0.7104236074681728,0.0,0.7104236074681728
acs_full_income,22,1,14466,4713,480.9,0.375,0.875,0.7068694876384385,0.7071491351777293,0.7068694876384385,0.7068694876384385,0.7071500245738845,0.7070361951131058,0.7071296210239413,0.7071841701942151,0.7071491351777293,0.7072070062828195,0.7068694876384385,0.0,0.7068694876384385
acs_full_income,22,1,14466,4713,480.9,0.875,0.5,0.6982682252609892,0.6980865344543833,0.6982682252609892,0.6980865344543833,0.6981346763954251,0.6983243506457248,0.6983494395160951,0.6982410324267848,0.6982682252609892,0.6983494395160951,0.6982682252609892,0.0,0.6982682252609892
acs_full_income,22,4,14466,163622,480.9,0.25,0.0,0.7104236074681728,0.7020325860114536,0.7104236074681728,0.7104236074681728,0.7095516187538109,0.7095516187538109,0.7078392634119077,0.7053418078834182,0.7104236074681728,0.7104236074681728,0.7104236074681728,0.0,0.7104236074681728
acs_full_income,22,4,14466,163622,480.9,0.125,0.0,0.7068694876384385,0.7010521440498381,0.7068694876384385,0.7068694876384385,0.7068630333096729,0.7066100593097854,0.7054416902018699,0.7035221808238246,0.7068694876384385,0.7068694876384385,0.7068694876384385,0.0,0.7068694876384385
acs_full_income,22,4,14466,163622,480.9,0.125,0.25,0.6982682252609892,0.694583613815083,0.6982682252609892,0.6982682252609892,0.6985597397044351,0.6986182036140917,0.6980758132110202,0.6966732899623365,0.6982682252609892,0.6986182036140917,0.6982682252609892,0.0,0.6982682252609892
acs_full_income,22,3,14466,162814,480.9,0.375,0.0,0.7104236074681728,0.7004024355448438,0.7104236074681728,0.7104236074681728,0.7082879944897937,0.7092879608961107,0.7071837012291484,0.7041681580513968,0.7104236074681728,0.7104236074681728,0.7104236074681728,0.0,0.7104236074681728
acs_full_income,22,3,14466,162814,480.9,0.125,0.0,0.7068694876384385,0.698699922126353,0.7068694876384385,0.7068694876384385,0.706685691672544,0.7061923120027037,0.7046689249053456,0.7020620135503595,0.7068694876384385,0.7068694876384385,0.7068694876384385,0.0,0.7068694876384385
acs_full_income,22,3,14466,162814,480.9,0.0,0.125,0.6982682252609892,0.6928172564530911,0.6982682252609892,0.6982682252609892,0.6982682252609892,0.6984654838792688,0.697462146296002,0.6954467655517941,0.6982682252609892,0.6985271180855364,0.6982682252609892,0.0,0.6982682252609892
acs_full_income,22,3,14466,162636,480.9,0.375,0.0,0.7104236074681728,0.7040126028650487,0.7104236074681728,0.7104236074681728,0.7091000018713349,0.7098440075652699,0.7084057855615655,0.7065842212875996,0.7104236074681728,0.7104236074681728,0.7104236074681728,0.0,0.7104236074681728
acs_full_income,22,3,14466,162636,480.9,0.125,0.125,0.7068694876384385,0.7026678510069468,0.7068694876384385,0.7068694876384385,0.7069223195088533,0.7068020081443025,0.7062335001729313,0.70485368761618,0.7068694876384385,0.7069223195088533,0.7068694876384385,0.0,0.7068694876384385
acs_full_income,22,3,14466,162636,480.9,0.125,0.25,0.6982682252609892,0.6949846053387035,0.6982682252609892,0.6982682252609892,0.6984289198098229,0.6985769316159482,0.69801897447765,0.6968505235469552,0.6982682252609892,0.6985769316159482,0.6982682252609892,0.0,0.6982682252609892
acs_full_income,22,3,14466,63631,480.9,0.875,0.125,0.7104236074681728,0.7085059714223908,0.7104236074681728,0.7085059714223908,0.7089971040866709,0.7104414648900903,0.7099817328675495,0.7093306673150093,0.7104236074681728,0.7105011668733981,0.7104236074681728,0.0,0.7104236074681728
acs_full_income,22,3,14466,63631,480.9,0.25,0.75,0.7068694876384385,0.7073067599275886,0.7068694876384385,0.7068694876384385,0.7073838973685127,0.7073838973685127,0.7076533213347436,0.7077422338164958,0.7073067599275886,0.7077422338164958,0.7068694876384385,0.0,0.7068694876384385
acs_full_income,22,3,14466,63631,480.9,0.625,0.5,0.6982682252609892,0.6986360985292462,0.6982682252609892,0.6986360985292462,0.6991164783701335,0.6988426912089768,0.6991274275107405,0.6989550709257752,0.6986360985292462,0.6991274275107405,0.6982682252609892,0.0,0.6982682252609892
acs_full_income,22,1,14466,35022,480.9,0.0,0.0,0.7104236074681728,0.704682185403906,0.7104236074681728,0.7104236074681728,0.7104236074681728,0.7092983650660449,0.7079635553101741,0.7063920093902789,0.7104236074681728,0.7104236074681728,0.7104236074681728,0.0,0.7104236074681728
acs_full_income,22,1,14466,35022,480.9,0.0,0.0,0.7068694876384385,0.7008564521629296,0.7068694876384385,0.7068694876384385,0.7068694876384385,0.7056411223479423,0.7042801047462682,0.7026121618277178,0.7068694876384385,0.7068694876384385,0.7068694876384385,0.0,0.7068694876384385
acs_full_income,22,1,14466,35022,480.9,0.0,0.0,0.6982682252609892,0.6913951439040484,0.6982682252609892,0.6982682252609892,0.6982682252609892,0.6968782964234563,0.6951075180584612,0.6933097351123644,0.6982682252609892,0.6982682252609892,0.6982682252609892,0.0,0.6982682252609892
acs_full_income,22,4,14466,58245,480.9,0.25,0.0,0.7104236074681728,0.7042993620179805,0.7104236074681728,0.7104236074681728,0.7096038505078839,0.7096038505078839,0.7082758609511112,0.706378074188864,0.7104236074681728,0.7104236074681728,0.7104236074681728,0.0,0.7104236074681728
acs_full_income,22,4,14466,58245,480.9,0.125,0.0,0.7068694876384385,0.7020990999185158,0.7068694876384385,0.7068694876384385,0.7067486250575066,0.7064473877097007,0.7056073944052587,0.7041178858331822,0.7068694876384385,0.7068694876384385,0.7068694876384385,0.0,0.7068694876384385
acs_full_income,22,4,14466,58245,480.9,0.0,0.0,0.6982682252609892,0.693424460532338,0.6982682252609892,0.6982682252609892,0.6982682252609892,0.697818082411173,0.696856057081616,0.6953878973664166,0.6982682252609892,0.6982682252609892,0.6982682252609892,0.0,0.6982682252609892
acs_full_income,22,1,14466,10785,480.9,1.0,1.0,0.7104236074681728,0.7114762390149263,0.7104236074681728,0.7114762390149263,0.7114762390149263,0.7108931307480566,0.711185317670876,0.7114526210805832,0.7114762390149263,0.7114762390149263,0.7104236074681728,0.0,0.7104236074681728
acs_full_income,22,1,14466,10785,480.9,0.875,1.0,0.7068694876384385,0.7100922132403618,0.7068694876384385,0.7100922132403618,0.7099302964119157,0.7079101435409938,0.7088318188712776,0.7096412885365073,0.7100922132403618,0.7100922132403618,0.7068694876384385,0.0,0.7068694876384385
acs_full_income,22,1,14466,10785,480.9,1.0,1.0,0.6982682252609892,0.7002994892509312,0.6982682252609892,0.7002994892509312,0.7002994892509312,0.6990392748876261,0.6995517851156337,0.6999545351343375,0.7002994892509312,0.7002994892509312,0.6982682252609892,0.0,0.6982682252609892
acs_full_income,22,1,14466,24879,480.9,0.875,0.0,0.7104236074681728,0.7085916527024364,0.7104236074681728,0.7085916527024364,0.7090098522512855,0.7103088515471101,0.710030812808867,0.7093398500194487,0.7104236074681728,0.7104236074681728,0.7104236074681728,0.0,0.7104236074681728
acs_full_income,22,1,14466,24879,480.9,0.5,0.5,0.7068694876384385,0.7067156355294909,0.7068694876384385,0.7067156355294909,0.7072096796824736,0.7071567041500767,0.7072096796824736,0.7070963092874123,0.7068694876384385,0.7072096796824736,0.7068694876384385,0.0,0.7068694876384385
acs_full_income,22,1,14466,24879,480.9,1.0,0.625,0.6982682252609892,0.6994139325193233,0.6982682252609892,0.6994139325193233,0.6994139325193233,0.699078444900344,0.6994293319196401,0.6994957016218616,0.6994139325193233,0.6995469020162668,0.6982682252609892,0.0,0.6982682252609892
acs_full_income,23,3,4901,95865,148.6,0.875,1.0,0.6429610856768463,0.6515247024935491,0.6429610856768463,0.6515247024935491,0.6509474374019565,0.6459235302613304,0.6488657838488713,0.6506743215464057,0.6515247024935491,0.6515247024935491,0.6429610856768463,0.0,0.6429610856768463
acs_full_income,23,3,4901,95865,148.6,1.0,1.0,0.6334940551120076,0.641474330224844,0.6334940551120076,0.641474330224844,0.641474330224844,0.6362848274208384,0.6386571277653819,0.640036076710094,0.641474330224844,0.641474330224844,0.6334940551120076,0.0,0.6334940551120076
acs_full_income,23,3,4901,95865,148.6,1.0,0.0,0.6708623932317986,0.6689019174936679,0.6708623932317986,0.6689019174936679,0.6689019174936679,0.6707219187250992,0.6703890683802775,0.6695815229535859,0.6708623932317986,0.6708623932317986,0.6708623932317986,0.0,0.6708623932317986
acs_full_income,23,1,4901,50915,148.6,1.0,1.0,0.6429610856768463,0.6500363878038289,0.6429610856768463,0.6500363878038289,0.6500363878038289,0.6454887757687001,0.6479161269735625,0.6491698755638287,0.6500363878038289,0.6500363878038289,0.6429610856768463,0.0,0.6429610856768463
acs_full_income,23,1,4901,50915,148.6,1.0,1.0,0.6334940551120076,0.6391368201089311,0.6334940551120076,0.6391368201089311,0.6391368201089311,0.6359390625270926,0.6374929480581795,0.6383291305212087,0.6391368201089311,0.6391368201089311,0.6334940551120076,0.0,0.6334940551120076
acs_full_income,23,1,4901,50915,148.6,1.0,0.0,0.6708623932317986,0.6690965209920888,0.6708623932317986,0.6690965209920888,0.6690965209920888,0.6708065483333565,0.6704257351813361,0.669666324609043,0.6708623932317986,0.6708623932317986,0.6708623932317986,0.0,0.6708623932317986
acs_full_income,23,2,4901,110752,148.6,0.375,0.0,0.6429610856768463,0.6399359977496948,0.6429610856768463,0.6429610856768463,0.6421313793249196,0.6425212237600239,0.6420300520350426,0.6412283053807584,0.6429610856768463,0.6429610856768463,0.6429610856768463,0.0,0.6429610856768463
acs_full_income,23,2,4901,110752,148.6,0.25,0.125,0.6334940551120076,0.6298909005161214,0.6334940551120076,0.6334940551120076,0.6331596774659334,0.6331596774659334,0.6331202406484123,0.6316877156238054,0.6334940551120076,0.633501944306869,0.6334940551120076,0.0,0.6334940551120076
acs_full_income,23,2,4901,110752,148.6,0.25,0.25,0.6708623932317986,0.6686548451303362,0.6708623932317986,0.6708623932317986,0.6711548065402039,0.6711548065402039,0.6708393469237425,0.6700263827731567,0.6708623932317986,0.6711548065402039,0.6708623932317986,0.0,0.6708623932317986
acs_full_income,23,4,4901,185114,148.6,0.5,1.0,0.6429610856768463,0.6445944457694328,0.6429610856768463,0.6445944457694328,0.644065691140377,0.6438674702926663,0.644065691140377,0.6441709205316144,0.6445944457694328,0.6445944457694328,0.6429610856768463,0.0,0.6429610856768463
acs_full_income,23,4,4901,185114,148.6,0.125,0.375,0.6334940551120076,0.6327052672647518,0.6334940551120076,0.6334940551120076,0.634028570505448,0.6339509571770084,0.6337159755834604,0.633733660399384,0.6334940551120076,0.6341426443269029,0.6334940551120076,0.0,0.6334940551120076
acs_full_income,23,4,4901,185114,148.6,0.0,0.0,0.6708623932317986,0.6662811434900591,0.6708623932317986,0.6708623932317986,0.6708623932317986,0.6701630997295498,0.6690412143558501,0.6676696356940292,0.6708623932317986,0.6708623932317986,0.6708623932317986,0.0,0.6708623932317986
acs_full_income,23,1,4901,17745,148.6,0.5,1.0,0.6429610856768463,0.6490439468560547,0.6429610856768463,0.6429610856768463,0.6469209227011619,0.6452005501687339,0.6469209227011619,0.648200478895723,0.6490439468560547,0.6490439468560547,0.6429610856768463,0.0,0.6429610856768463
acs_full_income,23,1,4901,17745,148.6,0.625,0.5,0.6334940551120076,0.6347647799264284,0.6334940551120076,0.6347647799264284,0.6351991970861021,0.6346236532155852,0.6354631281119525,0.6350938572466202,0.6347647799264284,0.6354631281119525,0.6334940551120076,0.0,0.6334940551120076
acs_full_income,23,1,4901,17745,148.6,0.25,0.0,0.6708623932317986,0.6648235502601607,0.6708623932317986,0.6708623932317986,0.6699998964502901,0.6699998964502901,0.6684527009954301,0.6669731894174935,0.6708623932317986,0.6708623932317986,0.6708623932317986,0.0,0.6708623932317986
acs_full_income,23,1,4901,15807,148.6,0.5,1.0,0.6429610856768463,0.6521243472350293,0.6429610856768463,0.6429610856768463,0.6499017116170116,0.6468273427750566,0.6499017116170116,0.6514733348161307,0.6521243472350293,0.6521243472350293,0.6429610856768463,0.0,0.6429610856768463
acs_full_income,23,1,4901,15807,148.6,0.625,1.0,0.6334940551120076,0.6445909426693778,0.6334940551120076,0.6445909426693778,0.6428244340641923,0.6378539854204398,0.6410579598289823,0.6437148248670962,0.6445909426693778,0.6445909426693778,0.6334940551120076,0.0,0.6334940551120076
acs_full_income,23,1,4901,15807,148.6,0.75,0.0,0.6708623932317986,0.6625837597403806,0.6708623932317986,0.6625837597403806,0.6651755759701876,0.6696715208600728,0.66762031886407,0.6651755759701876,0.6708623932317986,0.6708623932317986,0.6708623932317986,0.0,0.6708623932317986
acs_full_income,23,2,4901,38505,148.6,0.125,0.0,0.6429610856768463,0.6391020051134362,0.6429610856768463,0.6429610856768463,0.6428069449733341,0.6424700715561322,0.6415494916924236,0.6402707608733819,0.6429610856768463,0.6429610856768463,0.6429610856768463,0.0,0.6429610856768463
acs_full_income,23,2,4901,38505,148.6,0.0,0.0,0.6334940551120076,0.6223827008745773,0.6334940551120076,0.6334940551120076,0.6334940551120076,0.6315118821516045,0.6291769186291202,0.6259390591974758,0.6334940551120076,0.6334940551120076,0.6334940551120076,0.0,0.6334940551120076
acs_full_income,23,2,4901,38505,148.6,0.0,0.0,0.6708623932317986,0.6649092331671418,0.6708623932317986,0.6708623932317986,0.6708623932317986,0.6703926440214435,0.6691939580226801,0.6673370761136299,0.6708623932317986,0.6708623932317986,0.6708623932317986,0.0,0.6708623932317986
acs_full_income,23,3,4901,75447,148.6,0.75,1.0,0.6429610856768463,0.6519081532339224,0.6429610856768463,0.6429610856768463,0.6506834464346742,0.6460538053989734,0.6487850445122417,0.6506834464346742,0.6519081532339224,0.6519081532339224,0.6429610856768463,0.0,0.6429610856768463
acs_full_income,23,3,4901,75447,148.6,0.875,1.0,0.6334940551120076,0.6404275851251263,0.6334940551120076,0.6404275851251263,0.6401557833122792,0.6361741123329018,0.6380648225011358,0.6396631168354547,0.6404275851251263,0.6404275851251263,0.6334940551120076,0.0,0.6334940551120076
acs_full_income,23,3,4901,75447,148.6,1.0,0.0,0.6708623932317986,0.6669889552386338,0.6708623932317986,0.6669889552386338,0.6669889552386338,0.6702432385152407,0.6693986059073556,0.6682028161253779,0.6708623932317986,0.6708623932317986,0.6708623932317986,0.0,0.6708623932317986
acs_full_income,23,2,4901,30990,148.6,0.875,1.0,0.6429610856768463,0.6490859394299492,0.6429610856768463,0.6490859394299492,0.6489564053210187,0.6450817852849317,0.6477016739569923,0.6485114881149765,0.6490859394299492,0.6490859394299492,0.6429610856768463,0.0,0.6429610856768463
acs_full_income,23,2,4901,30990,148.6,1.0,0.75,0.6334940551120076,0.6355149892349563,0.6334940551120076,0.6355149892349563,0.6355149892349563,0.6347536421508425,0.63505362719567,0.635878483130898,0.6355149892349563,0.635878483130898,0.6334940551120076,0.0,0.6334940551120076
acs_full_income,23,2,4901,30990,148.6,1.0,0.25,0.6708623932317986,0.6692591323685279,0.6708623932317986,0.6692591323685279,0.6692591323685279,0.671213141664437,0.6706632798130812,0.6698582811927345,0.6708623932317986,0.671213141664437,0.6708623932317986,0.0,0.6708623932317986
acs_full_income,23,1,4901,68308,148.6,0.875,0.875,0.6429610856768463,0.6470035529548506,0.6429610856768463,0.6470035529548506,0.6470697641012515,0.6443958646339207,0.6458529992474344,0.6464730328180553,0.6470035529548506,0.6470697641012515,0.6429610856768463,0.0,0.6429610856768463
acs_full_income,23,1,4901,68308,148.6,0.875,0.5,0.6334940551120076,0.6342905235255892,0.6334940551120076,0.6342905235255892,0.6348105305142717,0.6343275449943867,0.6350814818233985,0.6347164680150539,0.6342905235255892,0.6350814818233985,0.6334940551120076,0.0,0.6334940551120076
acs_full_income,23,1,4901,68308,148.6,0.75,0.125,0.6708623932317986,0.6674642533943056,0.6708623932317986,0.6708623932317986,0.6686371455262862,0.6706056294396593,0.6696790889604127,0.6686371455262862,0.6708623932317986,0.6708657837866292,0.6708623932317986,0.0,0.6708623932317986
acs_full_income,23,1,4901,24879,148.6,0.375,1.0,0.6429610856768463,0.6504963761791671,0.6429610856768463,0.6429610856768463,0.6474108590602644,0.6458385887083244,0.648755309317816,0.6495756701348241,0.6504963761791671,0.6504963761791671,0.6429610856768463,0.0,0.6429610856768463
acs_full_income,23,1,4901,24879,148.6,1.0,0.75,0.6334940551120076,0.6349226988348373,0.6334940551120076,0.6349226988348373,0.6349226988348373,0.6347048138249924,0.6350935930016945,0.6355299177652383,0.6349226988348373,0.6355299177652383,0.6334940551120076,0.0,0.6334940551120076
acs_full_income,23,1,4901,24879,148.6,1.0,0.0,0.6708623932317986,0.6667691286738292,0.6708623932317986,0.6667691286738292,0.6667691286738292,0.6704973504714173,0.669550166047142,0.6682930072942596,0.6708623932317986,0.6708623932317986,0.6708623932317986,0.0,0.6708623932317986
acs_full_income,23,1,4901,3767,148.6,0.875,1.0,0.6429610856768463,0.6496874429994163,0.6429610856768463,0.6496874429994163,0.6493805470374246,0.6449603488654545,0.6470155481587276,0.648629978461277,0.6496874429994163,0.6496874429994163,0.6429610856768463,0.0,0.6429610856768463
acs_full_income,23,1,4901,3767,148.6,1.0,1.0,0.6334940551120076,0.639754134915578,0.6334940551120076,0.639754134915578,0.639754134915578,0.6358875112893103,0.6372149517181203,0.6385990251441577,0.639754134915578,0.639754134915578,0.6334940551120076,0.0,0.6334940551120076
acs_full_income,23,1,4901,3767,148.6,1.0,0.375,0.6708623932317986,0.6700192128059028,0.6708623932317986,0.6700192128059028,0.6700192128059028,0.6708166563727105,0.6709428963100976,0.6704721440083858,0.6708623932317986,0.6709546667952185,0.6708623932317986,0.0,0.6708623932317986
acs_full_income,24,1,23129,3546,1122.2,1.0,1.0,0.8256716934323736,0.8269556822308463,0.8256716934323736,0.8269556822308463,0.8269556822308463,0.8260318116776606,0.8263925228105877,0.8266692508317667,0.8269556822308463,0.8269556822308463,0.8256716934323736,0.0,0.8256716934323736
acs_full_income,24,1,23129,3546,1122.2,1.0,1.0,0.8272162696302577,0.8288424315088181,0.8272162696302577,0.8288424315088181,0.8288424315088181,0.8276010474125723,0.8280155567697463,0.8284411477315637,0.8288424315088181,0.8288424315088181,0.8272162696302577,0.0,0.8272162696302577
acs_full_income,24,1,23129,3546,1122.2,1.0,1.0,0.8272148676732249,0.8290213063575417,0.8272148676732249,0.8290213063575417,0.8290213063575417,0.8276888244772143,0.8281236851142277,0.828585950587968,0.8290213063575417,0.8290213063575417,0.8272148676732249,0.0,0.8272148676732249
acs_full_income,24,4,23129,124069,1122.2,0.75,1.0,0.8256716934323736,0.8278958780349921,0.8256716934323736,0.8278958780349921,0.8277442708926557,0.8265848433318609,0.8272235558362919,0.8277442708926557,0.8278958780349921,0.8278958780349921,0.8256716934323736,0.0,0.8256716934323736
acs_full_income,24,4,23129,124069,1122.2,1.0,0.875,0.8272162696302577,0.8295596566188587,0.8272162696302577,0.8295596566188587,0.8295596566188587,0.8282113245210699,0.8289083424023083,0.8294411256010203,0.8295596566188587,0.8295763036672011,0.8272162696302577,0.0,0.8272162696302577
acs_full_income,24,4,23129,124069,1122.2,0.75,1.0,0.8272148676732249,0.8300998178809221,0.8272148676732249,0.8300998178809221,0.8299788391649114,0.8283820735539144,0.8293427526334836,0.8299788391649114,0.8300998178809221,0.8300998178809221,0.8272148676732249,0.0,0.8272148676732249
acs_full_income,24,3,23129,120974,1122.2,1.0,1.0,0.8256716934323736,0.826869859364227,0.8256716934323736,0.826869859364227,0.826869859364227,0.8261279445499503,0.8264647079636034,0.8266787401417381,0.826869859364227,0.826869859364227,0.8256716934323736,0.0,0.8256716934323736
acs_full_income,24,3,23129,120974,1122.2,1.0,1.0,0.8272162696302577,0.8287471188068988,0.8272162696302577,0.8287471188068988,0.8287471188068988,0.8277403088937738,0.8281649279826351,0.828444451755292,0.8287471188068988,0.8287471188068988,0.8272162696302577,0.0,0.8272162696302577
acs_full_income,24,3,23129,120974,1122.2,1.0,1.0,0.8272148676732249,0.8297945053947631,0.8272148676732249,0.8297945053947631,0.8297945053947631,0.8279980786647512,0.8287089817849144,0.8292955408869688,0.8297945053947631,0.8297945053947631,0.8272148676732249,0.0,0.8272148676732249
acs_full_income,24,1,23129,7731,1122.2,0.5,0.125,0.8256716934323736,0.8253924052396884,0.8256716934323736,0.8256716934323736,0.8256004880551483,0.8256718374307924,0.8256004880551483,0.8254977172285771,0.8256716934323736,0.8256881490296395,0.8256716934323736,0.0,0.8256716934323736
acs_full_income,24,1,23129,7731,1122.2,0.875,0.0,0.8272162696302577,0.8266730858778486,0.8272162696302577,0.8266730858778486,0.8267655198930756,0.8271071431748738,0.8270218065990845,0.8268682547568482,0.8272162696302577,0.8272162696302577,0.8272162696302577,0.0,0.8272162696302577
acs_full_income,24,1,23129,7731,1122.2,0.25,0.25,0.8272148676732249,0.8272171798384826,0.8272148676732249,0.8272148676732249,0.8273004099832239,0.8273004099832239,0.827290319976215,0.8272662511921751,0.8272171798384826,0.8273004099832239,0.8272148676732249,0.0,0.8272148676732249
acs_full_income,24,3,23129,88528,1122.2,0.625,0.75,0.8256716934323736,0.8267502535083271,0.8256716934323736,0.8267502535083271,0.8268497898808925,0.8263414517296973,0.8266960018073672,0.8269225708449818,0.8267502535083271,0.8269225708449818,0.8256716934323736,0.0,0.8256716934323736
acs_full_income,24,3,23129,88528,1122.2,0.75,0.75,0.8272162696302577,0.8282098423875333,0.8272162696302577,0.8282098423875333,0.8284134007486248,0.8278156844237345,0.8282929288707455,0.8284134007486248,0.8282098423875333,0.8284134007486248,0.8272162696302577,0.0,0.8272162696302577
acs_full_income,24,3,23129,88528,1122.2,0.75,0.875,0.8272148676732249,0.8291329656890932,0.8272148676732249,0.8291329656890932,0.8292397447443605,0.8281599586302786,0.8288730446221428,0.8292397447443605,0.8291329656890932,0.8292705422218303,0.8272148676732249,0.0,0.8272148676732249
acs_full_income,24,3,23129,90943,1122.2,0.25,0.25,0.8256716934323736,0.823674663510975,0.8256716934323736,0.8256716934323736,0.8257997358213782,0.8257997358213782,0.8255117719106815,0.8248079558656098,0.8256716934323736,0.8257997358213782,0.8256716934323736,0.0,0.8256716934323736
acs_full_income,24,3,23129,90943,1122.2,0.375,0.125,0.8272162696302577,0.8247530231850208,0.8272162696302577,0.8272162696302577,0.8271597942389813,0.8272363387202771,0.8268454174434695,0.8260444619570206,0.8272162696302577,0.82725035184371,0.8272162696302577,0.0,0.8272162696302577
acs_full_income,24,3,23129,90943,1122.2,0.125,0.375,0.8272148676732249,0.8258262557217826,0.8272148676732249,0.8272148676732249,0.8273907856912148,0.8275217359283611,0.8275688668391554,0.8269522976002907,0.8272148676732249,0.827591526208387,0.8272148676732249,0.0,0.8272148676732249
acs_full_income,24,2,23129,51688,1122.2,0.625,0.75,0.8256716934323736,0.8272203708230296,0.8256716934323736,0.8272203708230296,0.8275627782559044,0.8267334057018325,0.8274234047948981,0.827628377988104,0.8272203708230296,0.827628377988104,0.8256716934323736,0.0,0.8256716934323736
acs_full_income,24,2,23129,51688,1122.2,0.75,0.625,0.8272162696302577,0.8283955493350663,0.8272162696302577,0.8283955493350663,0.8289195147399464,0.8281866360142411,0.8288714125213155,0.8289195147399464,0.8283955493350663,0.8290287799011405,0.8272162696302577,0.0,0.8272162696302577
acs_full_income,24,2,23129,51688,1122.2,0.5,0.75,0.8272148676732249,0.8300590312315334,0.8272148676732249,0.8300590312315334,0.8298423227089692,0.8286872800770265,0.8298423227089692,0.8303151759804103,0.8300590312315334,0.8303151759804103,0.8272148676732249,0.0,0.8272148676732249
acs_full_income,24,2,23129,20191,1122.2,0.5,0.625,0.8256716934323736,0.8262605482902796,0.8256716934323736,0.8262605482902796,0.8262837225042262,0.8260588026651682,0.8262837225042262,0.8262779248804146,0.8262605482902796,0.8262879547927835,0.8256716934323736,0.0,0.8256716934323736
acs_full_income,24,2,23129,20191,1122.2,0.625,0.875,0.8272162696302577,0.8282150375113628,0.8272162696302577,0.8282150375113628,0.8281725777214795,0.8277453630086331,0.8280984530100984,0.8282406437301677,0.8282150375113628,0.828279378129578,0.8272162696302577,0.0,0.8272162696302577
acs_full_income,24,2,23129,20191,1122.2,0.625,0.875,0.8272148676732249,0.8285755424703976,0.8272148676732249,0.8285755424703976,0.8284103358699633,0.8278190342537055,0.8282361969959777,0.8285554581170316,0.8285755424703976,0.8285883099466753,0.8272148676732249,0.0,0.8272148676732249
acs_full_income,24,3,23129,57174,1122.2,1.0,1.0,0.8256716934323736,0.8274368737490405,0.8256716934323736,0.8274368737490405,0.8274368737490405,0.8263048631897064,0.8267792872486228,0.8271589838247438,0.8274368737490405,0.8274368737490405,0.8256716934323736,0.0,0.8256716934323736
acs_full_income,24,3,23129,57174,1122.2,1.0,1.0,0.8272162696302577,0.8293477619719805,0.8272162696302577,0.8293477619719805,0.8293477619719805,0.8279014979187679,0.8285219840234016,0.8290549441905996,0.8293477619719805,0.8293477619719805,0.8272162696302577,0.0,0.8272162696302577
acs_full_income,24,3,23129,57174,1122.2,1.0,1.0,0.8272148676732249,0.8295636148165048,0.8272148676732249,0.8295636148165048,0.8295636148165048,0.8279424491622203,0.8285915760429262,0.8291003840427749,0.8295636148165048,0.8295636148165048,0.8272148676732249,0.0,0.8272148676732249
acs_full_income,24,3,23129,61307,1122.2,0.25,0.375,0.8256716934323736,0.8256102069165449,0.8256716934323736,0.8256716934323736,0.8258760558364018,0.8258760558364018,0.8259009477807865,0.8258480141666144,0.8256716934323736,0.8259172728719163,0.8256716934323736,0.0,0.8256716934323736
acs_full_income,24,3,23129,61307,1122.2,0.75,0.375,0.8272162696302577,0.8267718796936172,0.8272162696302577,0.8267718796936172,0.8271486414580553,0.8272722614450275,0.8272303918647645,0.8271486414580553,0.8272162696302577,0.8272935144783566,0.8272162696302577,0.0,0.8272162696302577
acs_full_income,24,3,23129,61307,1122.2,0.25,0.875,0.8272148676732249,0.8281184331182649,0.8272148676732249,0.8272148676732249,0.827608106317371,0.827608106317371,0.8279657276312797,0.8281681852145909,0.8281184331182649,0.8281867835518751,0.8272148676732249,0.0,0.8272148676732249
acs_full_income,24,1,23129,4455,1122.2,1.0,1.0,0.8256716934323736,0.8266323630116559,0.8256716934323736,0.8266323630116559,0.8266323630116559,0.8259518088446262,0.8262367499417155,0.8264475345304534,0.8266323630116559,0.8266323630116559,0.8256716934323736,0.0,0.8256716934323736
acs_full_income,24,1,23129,4455,1122.2,1.0,1.0,0.8272162696302577,0.82833673368138,0.8272162696302577,0.82833673368138,0.82833673368138,0.8275445999255804,0.8278712002895825,0.8281102677629987,0.82833673368138,0.82833673368138,0.8272162696302577,0.0,0.8272162696302577
acs_full_income,24,1,23129,4455,1122.2,1.0,1.0,0.8272148676732249,0.8287514930982768,0.8272148676732249,0.8287514930982768,0.8287514930982768,0.8276519074132875,0.8280446044361026,0.8284049203881259,0.8287514930982768,0.8287514930982768,0.8272148676732249,0.0,0.8272148676732249
acs_full_income,24,1,23129,34003,1122.2,0.5,1.0,0.8256716934323736,0.8263534679980145,0.8256716934323736,0.8263534679980145,0.8262319219750519,0.8260284354429985,0.8262319219750519,0.8262850619424226,0.8263534679980145,0.8263534679980145,0.8256716934323736,0.0,0.8256716934323736
acs_full_income,24,1,23129,34003,1122.2,0.875,1.0,0.8272162696302577,0.8280947683044384,0.8272162696302577,0.8280947683044384,0.8280663722210966,0.8276725123607879,0.8279701198362642,0.8280786636813166,0.8280947683044384,0.8280947683044384,0.8272162696302577,0.0,0.8272162696302577
acs_full_income,24,1,23129,34003,1122.2,0.625,1.0,0.8272148676732249,0.8284635768719277,0.8272148676732249,0.8284635768719277,0.8282799675890609,0.8277388909504222,0.8281169026579243,0.8284167178776035,0.8284635768719277,0.8284635768719277,0.8272148676732249,0.0,0.8272148676732249
acs_full_income,25,4,28079,211145,1315.3,0.25,0.0,0.8248829986117089,0.8228873822158373,0.8248829986117089,0.8248829986117089,0.8247644751245501,0.8247644751245501,0.8243930482541122,0.8237971873966352,0.8248829986117089,0.8248829986117089,0.8248829986117089,0.0,0.8248829986117089
acs_full_income,25,4,28079,211145,1315.3,0.5,0.125,0.8253192619750306,0.8239514925726654,0.8253192619750306,0.8239514925726654,0.8251194814789948,0.825347941679014,0.8251194814789948,0.8246731144278402,0.8253192619750306,0.825374784233407,0.8253192619750306,0.0,0.8253192619750306
acs_full_income,25,4,28079,211145,1315.3,0.125,0.125,0.8243397328951384,0.8232816892496992,0.8243397328951384,0.8243397328951384,0.8243533428157906,0.8243334585924891,0.8241953639811332,0.8239055287947684,0.8243397328951384,0.8243533428157906,0.8243397328951384,0.0,0.8243397328951384
acs_full_income,25,3,28079,192305,1315.3,0.25,0.125,0.8248829986117089,0.8234853838458627,0.8248829986117089,0.8248829986117089,0.8248325136316408,0.8248325136316408,0.8245837349083943,0.824139045759241,0.8248829986117089,0.8248950771490808,0.8248829986117089,0.0,0.8248829986117089
acs_full_income,25,3,28079,192305,1315.3,0.625,0.25,0.8253192619750306,0.8244098328882614,0.8253192619750306,0.8244098328882614,0.8251444059189761,0.8254047382790899,0.825288398106635,0.824966053657048,0.8253192619750306,0.8254047382790899,0.8253192619750306,0.0,0.8253192619750306
acs_full_income,25,3,28079,192305,1315.3,0.0,0.0,0.8243397328951384,0.8231994031507446,0.8243397328951384,0.8243397328951384,0.8243397328951384,0.8242529867650797,0.8241005263898147,0.8237223057343717,0.8243397328951384,0.8243397328951384,0.8243397328951384,0.0,0.8243397328951384
acs_full_income,25,4,28079,252826,1315.3,0.875,0.625,0.8248829986117089,0.82503592368629,0.8248829986117089,0.82503592368629,0.825100643759692,0.8250693661106667,0.8251462005215183,0.8251671444448785,0.82503592368629,0.8251722546126177,0.8248829986117089,0.0,0.8248829986117089
acs_full_income,25,4,28079,252826,1315.3,1.0,0.875,0.8253192619750306,0.8257726082674133,0.8253192619750306,0.8257726082674133,0.8257726082674133,0.8255680312470663,0.8257509739487198,0.8258072026798788,0.8257726082674133,0.8258103033162494,0.8253192619750306,0.0,0.8253192619750306
acs_full_income,25,4,28079,252826,1315.3,0.375,0.75,0.8243397328951384,0.824622273061306,0.8243397328951384,0.8243397328951384,0.8245690654114872,0.8244909176626474,0.8246193995665713,0.8246802086110582,0.824622273061306,0.8246802086110582,0.8243397328951384,0.0,0.8243397328951384
acs_full_income,25,4,28079,364756,1315.3,0.625,0.5,0.8248829986117089,0.8247289634556767,0.8248829986117089,0.8247289634556767,0.8251511993831827,0.825070250597457,0.8251531859647359,0.8250625630074917,0.8248829986117089,0.8251531859647359,0.8248829986117089,0.0,0.8248829986117089
acs_full_income,25,4,28079,364756,1315.3,1.0,0.625,0.8253192619750306,0.8255640965511712,0.8253192619750306,0.8255640965511712,0.8255640965511712,0.8256181568197396,0.8257823182357074,0.8257467930885307,0.8255640965511712,0.8257834815354259,0.8253192619750306,0.0,0.8253192619750306
acs_full_income,25,4,28079,364756,1315.3,0.25,0.75,0.8243397328951384,0.8247073538215871,0.8243397328951384,0.8243397328951384,0.8245844942717464,0.8245844942717464,0.8247249422091045,0.8248150604612469,0.8247073538215871,0.8248150604612469,0.8243397328951384,0.0,0.8243397328951384
acs_full_income,25,4,28079,109810,1315.3,0.125,0.125,0.8248829986117089,0.8237569364535571,0.8248829986117089,0.8248829986117089,0.8248979182632891,0.8248512584702321,0.8246553115624764,0.8243268161804345,0.8248829986117089,0.8248979182632891,0.8248829986117089,0.0,0.8248829986117089
acs_full_income,25,4,28079,109810,1315.3,0.875,0.25,0.8253192619750306,0.824369080270865,0.8253192619750306,0.824369080270865,0.8246392666441715,0.825354978849172,0.8252265381204092,0.8248607493550127,0.8253192619750306,0.825354978849172,0.8253192619750306,0.0,0.8253192619750306
acs_full_income,25,4,28079,109810,1315.3,0.0,0.125,0.8243397328951384,0.8235076956779107,0.8243397328951384,0.8243397328951384,0.8243397328951384,0.8243210234322242,0.8241960641373164,0.8239706987477955,0.8243397328951384,0.8243659609496221,0.8243397328951384,0.0,0.8243397328951384
acs_full_income,25,4,28079,56973,1315.3,0.5,0.25,0.8248829986117089,0.8240164418770753,0.8248829986117089,0.8248829986117089,0.8249171261996107,0.8249808097176035,0.8249171261996107,0.824597607080765,0.8248829986117089,0.8249808097176035,0.8248829986117089,0.0,0.8248829986117089
acs_full_income,25,4,28079,56973,1315.3,0.875,0.375,0.8253192619750306,0.8248002379862343,0.8253192619750306,0.8248002379862343,0.8250527581620453,0.8255122436140134,0.825483167934487,0.8252187207209385,0.8253192619750306,0.8255500686010623,0.8253192619750306,0.0,0.8253192619750306
acs_full_income,25,4,28079,56973,1315.3,0.125,0.625,0.8243397328951384,0.8240476397641265,0.8243397328951384,0.8243397328951384,0.8244479728953403,0.8244924484218359,0.8245491590822673,0.824433648172457,0.8243397328951384,0.8245567967966373,0.8243397328951384,0.0,0.8243397328951384
acs_full_income,25,2,28079,40377,1315.3,0.5,0.5,0.8248829986117089,0.8247903647512775,0.8248829986117089,0.8247903647512775,0.8251157287121086,0.8250400541703115,0.8251157287121086,0.8250459743453733,0.8248829986117089,0.8251157287121086,0.8248829986117089,0.0,0.8248829986117089
acs_full_income,25,2,28079,40377,1315.3,1.0,0.5,0.8253192619750306,0.8254546858104501,0.8253192619750306,0.8254546858104501,0.8254546858104501,0.8255323331096054,0.8256729328776178,0.8256361097259228,0.8254546858104501,0.8256729328776178,0.8253192619750306,0.0,0.8253192619750306
acs_full_income,25,2,28079,40377,1315.3,0.125,0.625,0.8243397328951384,0.824323909026073,0.8243397328951384,0.8243397328951384,0.8244260934876145,0.8244575270880262,0.8245280081403586,0.8244868726093205,0.8243397328951384,0.824540810354643,0.8243397328951384,0.0,0.8243397328951384
acs_full_income,25,4,28079,98226,1315.3,0.625,0.5,0.8248829986117089,0.825252549336903,0.8248829986117089,0.825252549336903,0.8254183601344376,0.8252149416457106,0.8254272704655911,0.825358861860694,0.825252549336903,0.8254272704655911,0.8248829986117089,0.0,0.8248829986117089
acs_full_income,25,4,28079,98226,1315.3,1.0,0.625,0.8253192619750306,0.8258210396247707,0.8253192619750306,0.8258210396247707,0.8258210396247707,0.8256921551832606,0.8259110705957184,0.8259585391393969,0.8258210396247707,0.8259663374679498,0.8253192619750306,0.0,0.8253192619750306
acs_full_income,25,4,28079,98226,1315.3,0.5,0.875,0.8243397328951384,0.8254722206968881,0.8243397328951384,0.8243397328951384,0.8251940927062991,0.8247959208204001,0.8251940927062991,0.8254139796903737,0.8254722206968881,0.8254874957804554,0.8243397328951384,0.0,0.8243397328951384
acs_full_income,25,4,28079,129143,1315.3,0.375,0.375,0.8248829986117089,0.8241181436846918,0.8248829986117089,0.8248829986117089,0.8252382308780986,0.8251696868168525,0.8251808968203449,0.8248186185042257,0.8248829986117089,0.8252382308780986,0.8248829986117089,0.0,0.8248829986117089
acs_full_income,25,4,28079,129143,1315.3,0.875,0.25,0.8253192619750306,0.8245441618700627,0.8253192619750306,0.8245441618700627,0.8249151856621846,0.8255557947662768,0.8255402980600415,0.8252105831332155,0.8253192619750306,0.8255557947662768,0.8253192619750306,0.0,0.8253192619750306
acs_full_income,25,4,28079,129143,1315.3,0.375,0.625,0.8243397328951384,0.8248490132622719,0.8243397328951384,0.8243397328951384,0.8250532178456353,0.8248370640071173,0.8252067305511595,0.8252161409754853,0.8248490132622719,0.8252568718321766,0.8243397328951384,0.0,0.8243397328951384
acs_full_income,25,4,28079,115058,1315.3,0.0,0.125,0.8248829986117089,0.8231555712692953,0.8248829986117089,0.8248829986117089,0.8248829986117089,0.824803078206382,0.8245300160746925,0.8239934518105402,0.8248829986117089,0.8248863269983248,0.8248829986117089,0.0,0.8248829986117089
acs_full_income,25,4,28079,115058,1315.3,0.75,0.0,0.8253192619750306,0.8233562491363153,0.8253192619750306,0.8233562491363153,0.8242467031877189,0.8252148693865101,0.8248618516662442,0.8242467031877189,0.8253192619750306,0.8253192619750306,0.8253192619750306,0.0,0.8253192619750306
acs_full_income,25,4,28079,115058,1315.3,0.125,0.125,0.8243397328951384,0.8234308042555427,0.8243397328951384,0.8243397328951384,0.8244204995417906,0.8243886950448636,0.8243241759810949,0.8240435705425319,0.8243397328951384,0.8244204995417906,0.8243397328951384,0.0,0.8243397328951384
acs_full_income,25,2,28079,60778,1315.3,0.5,0.375,0.8248829986117089,0.8247705037844371,0.8248829986117089,0.8247705037844371,0.8253264512473388,0.8251978890349851,0.8253264512473388,0.8251594496378287,0.8248829986117089,0.8253495449922509,0.8248829986117089,0.0,0.8248829986117089
acs_full_income,25,2,28079,60778,1315.3,1.0,0.5,0.8253192619750306,0.8255910322528878,0.8253192619750306,0.8255910322528878,0.8255910322528878,0.8257350289634917,0.8259311058938025,0.8258659540031883,0.8255910322528878,0.8259311058938025,0.8253192619750306,0.0,0.8253192619750306
acs_full_income,25,2,28079,60778,1315.3,0.375,0.75,0.8243397328951384,0.8251079075328456,0.8243397328951384,0.8243397328951384,0.8250119717355548,0.8248035738997377,0.825171453022114,0.8252559124264239,0.8251079075328456,0.8252559124264239,0.8243397328951384,0.0,0.8243397328951384
acs_full_income,25,2,28079,29334,1315.3,0.375,0.375,0.8248829986117089,0.8243113581679297,0.8248829986117089,0.8248829986117089,0.8250846333560442,0.8250750586074052,0.8250030964904803,0.8248016324689972,0.8248829986117089,0.8250846333560442,0.8248829986117089,0.0,0.8248829986117089
acs_full_income,25,2,28079,29334,1315.3,0.875,0.375,0.8253192619750306,0.8246681482841027,0.8253192619750306,0.8246681482841027,0.8249508804411221,0.8254788908733619,0.8254492680974892,0.8251686058063485,0.8253192619750306,0.8254981819492744,0.8253192619750306,0.0,0.8253192619750306
acs_full_income,25,2,28079,29334,1315.3,0.375,0.625,0.8243397328951384,0.8247459626424006,0.8243397328951384,0.8243397328951384,0.8248118284183357,0.824706717875717,0.8249208804195779,0.8249367782319805,0.8247459626424006,0.8249575848491036,0.8243397328951384,0.0,0.8243397328951384
acs_full_income,26,4,35005,142285,1180.2,1.0,1.0,0.7328038884869246,0.733674281603556,0.7328038884869246,0.733674281603556,0.733674281603556,0.733123632924397,0.7333887960878696,0.7335222709287257,0.733674281603556,0.733674281603556,0.7328038884869246,0.0,0.7328038884869246
acs_full_income,26,4,35005,142285,1180.2,1.0,1.0,0.7259823557878388,0.7265280332749722,0.7259823557878388,0.7265280332749722,0.7265280332749722,0.7262057572484425,0.7263598478736198,0.7264784413752157,0.7265280332749722,0.7265280332749722,0.7259823557878388,0.0,0.7259823557878388
acs_full_income,26,4,35005,142285,1180.2,0.625,1.0,0.7154732470400478,0.7156747819294396,0.7154732470400478,0.7156747819294396,0.7156742710850177,0.7155949855183539,0.7156629857780803,0.7156687929551245,0.7156747819294396,0.7156747819294396,0.7154732470400478,0.0,0.7154732470400478
acs_full_income,26,3,35005,73088,1180.2,0.0,0.0,0.7328038884869246,0.730267998085895,0.7328038884869246,0.7328038884869246,0.7328038884869246,0.7324735577512163,0.7319468063371888,0.7312007953960287,0.7328038884869246,0.7328038884869246,0.7328038884869246,0.0,0.7328038884869246
acs_full_income,26,3,35005,73088,1180.2,0.0,0.0,0.7259823557878388,0.7227695868835513,0.7259823557878388,0.7259823557878388,0.7259823557878388,0.7254348624210578,0.7247193520683176,0.7238534861878214,0.7259823557878388,0.7259823557878388,0.7259823557878388,0.0,0.7259823557878388
acs_full_income,26,3,35005,73088,1180.2,0.0,0.0,0.7154732470400478,0.7125461607588975,0.7154732470400478,0.7154732470400478,0.7154732470400478,0.7150276803017674,0.7143681151905598,0.7135669331026663,0.7154732470400478,0.7154732470400478,0.7154732470400478,0.0,0.7154732470400478
acs_full_income,26,3,35005,169708,1180.2,0.125,0.125,0.7328038884869246,0.7315825836871707,0.7328038884869246,0.7328038884869246,0.7328373697615853,0.7328070981051276,0.7326363148717105,0.732258849501243,0.7328038884869246,0.7328373697615853,0.7328038884869246,0.0,0.7328038884869246
acs_full_income,26,3,35005,169708,1180.2,0.375,0.0,0.7259823557878388,0.7241126514337507,0.7259823557878388,0.7259823557878388,0.7256169615179209,0.7257639629717241,0.7254118877338012,0.7248729058173545,0.7259823557878388,0.7259823557878388,0.7259823557878388,0.0,0.7259823557878388
acs_full_income,26,3,35005,169708,1180.2,0.0,0.0,0.7154732470400478,0.7140706758439934,0.7154732470400478,0.7154732470400478,0.7154732470400478,0.7153667889699857,0.7151119406504981,0.7146917870720562,0.7154732470400478,0.7154732470400478,0.7154732470400478,0.0,0.7154732470400478
acs_full_income,26,4,35005,61960,1180.2,1.0,1.0,0.7328038884869246,0.7339793553275037,0.7328038884869246,0.7339793553275037,0.7339793553275037,0.7332489805338931,0.7335908248040911,0.7339156651891179,0.7339793553275037,0.7339793553275037,0.7328038884869246,0.0,0.7328038884869246
acs_full_income,26,4,35005,61960,1180.2,1.0,1.0,0.7259823557878388,0.7274231331593771,0.7259823557878388,0.7274231331593771,0.7274231331593771,0.7265403358113456,0.7269935472141904,0.727284346186999,0.7274231331593771,0.7274231331593771,0.7259823557878388,0.0,0.7259823557878388
acs_full_income,26,4,35005,61960,1180.2,0.625,1.0,0.7154732470400478,0.7166979030273118,0.7154732470400478,0.7166979030273118,0.7164405441228959,0.7159341579929778,0.7163198711863538,0.7165524330550831,0.7166979030273118,0.7166979030273118,0.7154732470400478,0.0,0.7154732470400478
acs_full_income,26,3,35005,62935,1180.2,0.0,0.25,0.7328038884869246,0.7321829685915703,0.7328038884869246,0.7328038884869246,0.7328038884869246,0.7328797377390557,0.7327952566477396,0.7326024175030509,0.7328038884869246,0.7328797377390557,0.7328038884869246,0.0,0.7328038884869246
acs_full_income,26,3,35005,62935,1180.2,0.75,0.375,0.7259823557878388,0.7254048633647391,0.7259823557878388,0.7254048633647391,0.7258260879169814,0.7260848567251076,0.7260473135913053,0.7258260879169814,0.7259823557878388,0.7261239369968061,0.7259823557878388,0.0,0.7259823557878388
acs_full_income,26,3,35005,62935,1180.2,0.0,0.0,0.7154732470400478,0.7144603420878088,0.7154732470400478,0.7154732470400478,0.7154732470400478,0.7154188893300569,0.7152416013875493,0.7149422621858318,0.7154732470400478,0.7154732470400478,0.7154732470400478,0.0,0.7154732470400478
acs_full_income,26,4,35005,84078,1180.2,0.0,0.0,0.7328038884869246,0.7313019420060225,0.7328038884869246,0.7328038884869246,0.7328038884869246,0.7325674878537215,0.732235970469296,0.7318340847528269,0.7328038884869246,0.7328038884869246,0.7328038884869246,0.0,0.7328038884869246
acs_full_income,26,4,35005,84078,1180.2,0.125,0.0,0.7259823557878388,0.7241571160265338,0.7259823557878388,0.7259823557878388,0.7258161340213489,0.725650933112982,0.7252680461604607,0.7247646815466687,0.7259823557878388,0.7259823557878388,0.7259823557878388,0.0,0.7259823557878388
acs_full_income,26,4,35005,84078,1180.2,0.0,0.0,0.7154732470400478,0.7137225018326678,0.7154732470400478,0.7154732470400478,0.7154732470400478,0.7151519573960592,0.7147792236273086,0.7142872649135953,0.7154732470400478,0.7154732470400478,0.7154732470400478,0.0,0.7154732470400478
acs_full_income,26,2,35005,60611,1180.2,0.0,0.0,0.7328038884869246,0.7313938751130155,0.7328038884869246,0.7328038884869246,0.7328038884869246,0.7325819232910546,0.7322392680398281,0.7318835348054021,0.7328038884869246,0.7328038884869246,0.7328038884869246,0.0,0.7328038884869246
acs_full_income,26,2,35005,60611,1180.2,0.0,0.0,0.7259823557878388,0.724559557383636,0.7259823557878388,0.7259823557878388,0.7259823557878388,0.7257349807430097,0.7254575414762804,0.7250417690176005,0.7259823557878388,0.7259823557878388,0.7259823557878388,0.0,0.7259823557878388
acs_full_income,26,2,35005,60611,1180.2,0.0,0.0,0.7154732470400478,0.7137825484777159,0.7154732470400478,0.7154732470400478,0.7154732470400478,0.7151406317033862,0.7147531905686288,0.714269227049123,0.7154732470400478,0.7154732470400478,0.7154732470400478,0.0,0.7154732470400478
acs_full_income,26,1,35005,14807,1180.2,0.0,0.0,0.7328038884869246,0.7300285988837023,0.7328038884869246,0.7328038884869246,0.7328038884869246,0.7323086670370251,0.7316793750485587,0.730953668152971,0.7328038884869246,0.7328038884869246,0.7328038884869246,0.0,0.7328038884869246
acs_full_income,26,1,35005,14807,1180.2,0.0,0.0,0.7259823557878388,0.7227650253028691,0.7259823557878388,0.7259823557878388,0.7259823557878388,0.7253318156152349,0.7245887423334653,0.7236977090872075,0.7259823557878388,0.7259823557878388,0.7259823557878388,0.0,0.7259823557878388
acs_full_income,26,1,35005,14807,1180.2,0.0,0.0,0.7154732470400478,0.7129270316204414,0.7154732470400478,0.7154732470400478,0.7154732470400478,0.7149971055289973,0.7143723128273562,0.7137075541656388,0.7154732470400478,0.7154732470400478,0.7154732470400478,0.0,0.7154732470400478
acs_full_income,26,1,35005,62135,1180.2,0.0,0.0,0.7328038884869246,0.7315051131725616,0.7328038884869246,0.7328038884869246,0.7328038884869246,0.7325934376292966,0.7323027252614385,0.731948220919649,0.7328038884869246,0.7328038884869246,0.7328038884869246,0.0,0.7328038884869246
acs_full_income,26,1,35005,62135,1180.2,0.125,0.0,0.7259823557878388,0.7243363832964419,0.7259823557878388,0.7259823557878388,0.7258282750629985,0.7256528761912682,0.7253289538563951,0.7248708988296808,0.7259823557878388,0.7259823557878388,0.7259823557878388,0.0,0.7259823557878388
acs_full_income,26,1,35005,62135,1180.2,0.0,0.0,0.7154732470400478,0.7139136901040198,0.7154732470400478,0.7154732470400478,0.7154732470400478,0.7151956700954996,0.7148032111604935,0.7143982410555129,0.7154732470400478,0.7154732470400478,0.7154732470400478,0.0,0.7154732470400478
acs_full_income,26,1,35005,17917,1180.2,0.375,0.5,0.7328038884869246,0.7329631104859712,0.7328038884869246,0.7328038884869246,0.7330254750763544,0.732951280024793,0.7330709294259643,0.7330389922530063,0.7329631104859712,0.7330709294259643,0.7328038884869246,0.0,0.7328038884869246
acs_full_income,26,1,35005,17917,1180.2,0.75,0.875,0.7259823557878388,0.7265924990685257,0.7259823557878388,0.7265924990685257,0.7265827192521764,0.7262436128110753,0.7264756087180656,0.7265827192521764,0.7265924990685257,0.7265998429876231,0.7259823557878388,0.0,0.7259823557878388
acs_full_income,26,1,35005,17917,1180.2,0.625,0.5,0.7154732470400478,0.7153241769242791,0.7154732470400478,0.7154732470400478,0.7155432219570002,0.7155330497582886,0.7155691770875964,0.7154818058956318,0.7154732470400478,0.7155691770875964,0.7154732470400478,0.0,0.7154732470400478
acs_full_income,26,2,35005,100998,1180.2,1.0,1.0,0.7328038884869246,0.7336678305065879,0.7328038884869246,0.7336678305065879,0.7336678305065879,0.7330797967062813,0.7333288165972703,0.7334875562061407,0.7336678305065879,0.7336678305065879,0.7328038884869246,0.0,0.7328038884869246
acs_full_income,26,2,35005,100998,1180.2,1.0,1.0,0.7259823557878388,0.726933326090946,0.7259823557878388,0.726933326090946,0.726933326090946,0.7263305956088489,0.726650451875557,0.7268145874580388,0.726933326090946,0.726933326090946,0.7259823557878388,0.0,0.7259823557878388
acs_full_income,26,2,35005,100998,1180.2,0.5,1.0,0.7154732470400478,0.7160336686973465,0.7154732470400478,0.7160336686973465,0.7158716163109082,0.7156941615156605,0.7158716163109082,0.715988075572591,0.7160336686973465,0.7160336686973465,0.7154732470400478,0.0,0.7154732470400478
acs_full_income,26,1,35005,3767,1180.2,1.0,1.0,0.7328038884869246,0.7336944545220984,0.7328038884869246,0.7336944545220984,0.7336944545220984,0.7330183994678852,0.7332712580679972,0.7334869367281525,0.7336944545220984,0.7336944545220984,0.7328038884869246,0.0,0.7328038884869246
acs_full_income,26,1,35005,3767,1180.2,1.0,1.0,0.7259823557878388,0.7268546961903448,0.7259823557878388,0.7268546961903448,0.7268546961903448,0.7261932307572981,0.7263980620427515,0.7266334665023926,0.7268546961903448,0.7268546961903448,0.7259823557878388,0.0,0.7259823557878388
acs_full_income,26,1,35005,3767,1180.2,1.0,1.0,0.7154732470400478,0.7161218920980519,0.7154732470400478,0.7161218920980519,0.7161218920980519,0.7156521808390373,0.7158127292914245,0.7160086319671,0.7161218920980519,0.7161218920980519,0.7154732470400478,0.0,0.7154732470400478
acs_full_income,27,4,21714,85382,808.5,0.0,0.0,0.7186837452009502,0.7094910413436342,0.7186837452009502,0.7186837452009502,0.7186837452009502,0.7167672885253981,0.7146436515994126,0.712165994760416,0.7186837452009502,0.7186837452009502,0.7186837452009502,0.0,0.7186837452009502
acs_full_income,27,4,21714,85382,808.5,0.0,0.0,0.7066249982462272,0.6992779811438805,0.7066249982462272,0.7066249982462272,0.7066249982462272,0.705303419878144,0.7035102924541455,0.7016304372421405,0.7066249982462272,0.7066249982462272,0.7066249982462272,0.0,0.7066249982462272
acs_full_income,27,4,21714,85382,808.5,0.0,0.0,0.7256097748653147,0.7157300360423069,0.7256097748653147,0.7256097748653147,0.7256097748653147,0.7235770591105158,0.7213250815304006,0.7186522552068276,0.7256097748653147,0.7256097748653147,0.7256097748653147,0.0,0.7256097748653147
acs_full_income,27,4,21714,93165,808.5,0.0,0.0,0.7186837452009502,0.7123331346166926,0.7186837452009502,0.7186837452009502,0.7186837452009502,0.7174008122535188,0.7159900343224209,0.7143530753486497,0.7186837452009502,0.7186837452009502,0.7186837452009502,0.0,0.7186837452009502
acs_full_income,27,4,21714,93165,808.5,0.0,0.0,0.7066249982462272,0.7022132114150649,0.7066249982462272,0.7066249982462272,0.7066249982462272,0.7059296764449804,0.7049334847585863,0.7037117830853538,0.7066249982462272,0.7066249982462272,0.7066249982462272,0.0,0.7066249982462272
acs_full_income,27,4,21714,93165,808.5,0.0,0.0,0.7256097748653147,0.7190659533845063,0.7256097748653147,0.7256097748653147,0.7256097748653147,0.7243112515875477,0.7228037219882075,0.7210794317890298,0.7256097748653147,0.7256097748653147,0.7256097748653147,0.0,0.7256097748653147
acs_full_income,27,3,21714,39976,808.5,0.0,0.0,0.7186837452009502,0.7100231910067965,0.7186837452009502,0.7186837452009502,0.7186837452009502,0.7168527963282658,0.7148516037198394,0.7125909566619238,0.7186837452009502,0.7186837452009502,0.7186837452009502,0.0,0.7186837452009502
acs_full_income,27,3,21714,39976,808.5,0.0,0.0,0.7066249982462272,0.6997835995110593,0.7066249982462272,0.7066249982462272,0.7066249982462272,0.7053108925269874,0.7036696576082757,0.7018792804154,0.7066249982462272,0.7066249982462272,0.7066249982462272,0.0,0.7066249982462272
acs_full_income,27,3,21714,39976,808.5,0.0,0.0,0.7256097748653147,0.7167090120994113,0.7256097748653147,0.7256097748653147,0.7256097748653147,0.7237774686371052,0.7217510386524186,0.7193314606494856,0.7256097748653147,0.7256097748653147,0.7256097748653147,0.0,0.7256097748653147
acs_full_income,27,4,21714,156595,808.5,0.0,0.0,0.7186837452009502,0.7073323918744494,0.7186837452009502,0.7186837452009502,0.7186837452009502,0.7166373323711409,0.7141809119661569,0.7109506245072527,0.7186837452009502,0.7186837452009502,0.7186837452009502,0.0,0.7186837452009502
acs_full_income,27,4,21714,156595,808.5,0.0,0.0,0.7066249982462272,0.698062800395822,0.7066249982462272,0.7066249982462272,0.7066249982462272,0.7054476380866396,0.7036206918069384,0.7011856665911949,0.7066249982462272,0.7066249982462272,0.7066249982462272,0.0,0.7066249982462272
acs_full_income,27,4,21714,156595,808.5,0.0,0.0,0.7256097748653147,0.7138781017151895,0.7256097748653147,0.7256097748653147,0.7256097748653147,0.7236598705629925,0.7210323194643858,0.7176928191677453,0.7256097748653147,0.7256097748653147,0.7256097748653147,0.0,0.7256097748653147
acs_full_income,27,1,21714,67016,808.5,0.0,0.0,0.7186837452009502,0.7106628596551745,0.7186837452009502,0.7186837452009502,0.7186837452009502,0.7169350300571965,0.715029017833843,0.7128874989106038,0.7186837452009502,0.7186837452009502,0.7186837452009502,0.0,0.7186837452009502
acs_full_income,27,1,21714,67016,808.5,0.0,0.0,0.7066249982462272,0.6999737891311453,0.7066249982462272,0.7066249982462272,0.7066249982462272,0.7052249948911091,0.703600405863111,0.7019629266964469,0.7066249982462272,0.7066249982462272,0.7066249982462272,0.0,0.7066249982462272
acs_full_income,27,1,21714,67016,808.5,0.0,0.0,0.7256097748653147,0.7171048227219565,0.7256097748653147,0.7256097748653147,0.7256097748653147,0.7237752769547143,0.7217552826790989,0.7195168747003144,0.7256097748653147,0.7256097748653147,0.7256097748653147,0.0,0.7256097748653147
acs_full_income,27,3,21714,60923,808.5,0.0,0.0,0.7186837452009502,0.7102388257034455,0.7186837452009502,0.7186837452009502,0.7186837452009502,0.7168820764339386,0.7147760069941904,0.712576770955501,0.7186837452009502,0.7186837452009502,0.7186837452009502,0.0,0.7186837452009502
acs_full_income,27,3,21714,60923,808.5,0.0,0.0,0.7066249982462272,0.6991135780722147,0.7066249982462272,0.7066249982462272,0.7066249982462272,0.7051113795239972,0.7032088230259336,0.7013164970855775,0.7066249982462272,0.7066249982462272,0.7066249982462272,0.0,0.7066249982462272
acs_full_income,27,3,21714,60923,808.5,0.0,0.0,0.7256097748653147,0.7161018458909821,0.7256097748653147,0.7256097748653147,0.7256097748653147,0.7235559355233596,0.72136088237572,0.7187324514728964,0.7256097748653147,0.7256097748653147,0.7256097748653147,0.0,0.7256097748653147
acs_full_income,27,3,21714,45155,808.5,0.0,0.0,0.7186837452009502,0.715581547474586,0.7186837452009502,0.7186837452009502,0.7186837452009502,0.7180293633375139,0.7172628600302171,0.7164597531468945,0.7186837452009502,0.7186837452009502,0.7186837452009502,0.0,0.7186837452009502
acs_full_income,27,3,21714,45155,808.5,0.0,0.0,0.7066249982462272,0.7043801187868305,0.7066249982462272,0.7066249982462272,0.7066249982462272,0.7062127453590009,0.7056722211572826,0.7050683830345714,0.7066249982462272,0.7066249982462272,0.7066249982462272,0.0,0.7066249982462272
acs_full_income,27,3,21714,45155,808.5,0.0,0.0,0.7256097748653147,0.7221144394859526,0.7256097748653147,0.7256097748653147,0.7256097748653147,0.724863199700637,0.7240857634605048,0.7231604494076891,0.7256097748653147,0.7256097748653147,0.7256097748653147,0.0,0.7256097748653147
acs_full_income,27,2,21714,31881,808.5,0.0,0.0,0.7186837452009502,0.712340930135984,0.7186837452009502,0.7186837452009502,0.7186837452009502,0.7174183366162218,0.7159588425475689,0.7142573723177525,0.7186837452009502,0.7186837452009502,0.7186837452009502,0.0,0.7186837452009502
acs_full_income,27,2,21714,31881,808.5,0.0,0.0,0.7066249982462272,0.7022264259756203,0.7066249982462272,0.7066249982462272,0.7066249982462272,0.7059313581926077,0.7049618119660854,0.7037497506530724,0.7066249982462272,0.7066249982462272,0.7066249982462272,0.0,0.7066249982462272
acs_full_income,27,2,21714,31881,808.5,0.0,0.0,0.7256097748653147,0.7190459434211609,0.7256097748653147,0.7256097748653147,0.7256097748653147,0.7243401110095348,0.7228973361228341,0.7211045815398676,0.7256097748653147,0.7256097748653147,0.7256097748653147,0.0,0.7256097748653147
acs_full_income,27,4,21714,145816,808.5,0.0,0.0,0.7186837452009502,0.7042467424096076,0.7186837452009502,0.7186837452009502,0.7186837452009502,0.7158981463412418,0.7124221195387382,0.7085388577600413,0.7186837452009502,0.7186837452009502,0.7186837452009502,0.0,0.7186837452009502
acs_full_income,27,4,21714,145816,808.5,0.0,0.0,0.7066249982462272,0.6938756257453751,0.7066249982462272,0.7066249982462272,0.7066249982462272,0.704299745390759,0.7013586708136703,0.6978682052340894,0.7066249982462272,0.7066249982462272,0.7066249982462272,0.0,0.7066249982462272
acs_full_income,27,4,21714,145816,808.5,0.0,0.0,0.7256097748653147,0.7097975548517192,0.7256097748653147,0.7256097748653147,0.7256097748653147,0.722586384371814,0.7187684986730537,0.7144464895754905,0.7256097748653147,0.7256097748653147,0.7256097748653147,0.0,0.7256097748653147
acs_full_income,27,1,21714,13189,808.5,0.0,0.0,0.7186837452009502,0.7143697374324078,0.7186837452009502,0.7186837452009502,0.7186837452009502,0.7178617065971646,0.7168117585129518,0.7156983685162572,0.7186837452009502,0.7186837452009502,0.7186837452009502,0.0,0.7186837452009502
acs_full_income,27,1,21714,13189,808.5,0.0,0.0,0.7066249982462272,0.7037472852326114,0.7066249982462272,0.7066249982462272,0.7066249982462272,0.7061807362069238,0.7055152826532657,0.7047222644320125,0.7066249982462272,0.7066249982462272,0.7066249982462272,0.0,0.7066249982462272
acs_full_income,27,1,21714,13189,808.5,0.0,0.0,0.7256097748653147,0.7216620651105374,0.7256097748653147,0.7256097748653147,0.7256097748653147,0.7248841681658834,0.7239714563404243,0.7229075164608432,0.7256097748653147,0.7256097748653147,0.7256097748653147,0.0,0.7256097748653147
acs_full_income,27,2,21714,20792,808.5,0.0,0.0,0.7186837452009502,0.7095210794627641,0.7186837452009502,0.7186837452009502,0.7186837452009502,0.7166739314763138,0.7144115264403121,0.7120820223817874,0.7186837452009502,0.7186837452009502,0.7186837452009502,0.0,0.7186837452009502
acs_full_income,27,2,21714,20792,808.5,0.0,0.0,0.7066249982462272,0.6988932629241036,0.7066249982462272,0.7066249982462272,0.7066249982462272,0.7050729693565403,0.7032311229239891,0.7010985271232847,0.7066249982462272,0.7066249982462272,0.7066249982462272,0.0,0.7066249982462272
acs_full_income,27,2,21714,20792,808.5,0.0,0.0,0.7256097748653147,0.7176300292265341,0.7256097748653147,0.7256097748653147,0.7256097748653147,0.7238846044296358,0.7220182023202243,0.7200094408516621,0.7256097748653147,0.7256097748653147,0.7256097748653147,0.0,0.7256097748653147
acs_full_income,27,2,21714,41761,808.5,0.0,0.0,0.7186837452009502,0.7166787940150418,0.7186837452009502,0.7186837452009502,0.7186837452009502,0.7183077285003578,0.71785068555725,0.7172838474103357,0.7186837452009502,0.7186837452009502,0.7186837452009502,0.0,0.7186837452009502
acs_full_income,27,2,21714,41761,808.5,0.0,0.0,0.7066249982462272,0.7057475367237602,0.7066249982462272,0.7066249982462272,0.7066249982462272,0.7065994529424692,0.7064374688447551,0.7061102117749687,0.7066249982462272,0.7066249982462272,0.7066249982462272,0.0,0.7066249982462272
acs_full_income,27,2,21714,41761,808.5,0.0,0.0,0.7256097748653147,0.7232587103201317,0.7256097748653147,0.7256097748653147,0.7256097748653147,0.7251465346722584,0.724661439845472,0.7239833430401178,0.7256097748653147,0.7256097748653147,0.7256097748653147,0.0,0.7256097748653147
acs_full_income,28,4,9232,50719,248.8,0.0,0.0,0.647983950237423,0.643713062577963,0.647983950237423,0.647983950237423,0.647983950237423,0.6474536165944896,0.6465476033379416,0.6452218506822514,0.647983950237423,0.647983950237423,0.647983950237423,0.0,0.647983950237423
acs_full_income,28,4,9232,50719,248.8,0.375,0.125,0.6470009951546187,0.643105471974887,0.6470009951546187,0.6470009951546187,0.6466133361106456,0.6466197266357617,0.6460313923474165,0.6447003002972701,0.6470009951546187,0.6471418057272172,0.6470009951546187,0.0,0.6470009951546187
acs_full_income,28,4,9232,50719,248.8,0.125,0.125,0.6528518633339456,0.6492629024599949,0.6528518633339456,0.6528518633339456,0.6528843340163064,0.6525951239193268,0.6521189639804832,0.6508302487984511,0.6528518633339456,0.6528843340163064,0.6528518633339456,0.0,0.6528518633339456
acs_full_income,28,4,9232,119898,248.8,0.0,0.0,0.647983950237423,0.6429642393471504,0.647983950237423,0.647983950237423,0.647983950237423,0.6472760190473535,0.6463363402706914,0.6448680664101789,0.647983950237423,0.647983950237423,0.647983950237423,0.0,0.647983950237423
acs_full_income,28,4,9232,119898,248.8,0.25,0.0,0.6470009951546187,0.6421330821913582,0.6470009951546187,0.6470009951546187,0.6466497768962494,0.6466497768962494,0.645816223648105,0.6442955185824764,0.6470009951546187,0.6470009951546187,0.6470009951546187,0.0,0.6470009951546187
acs_full_income,28,4,9232,119898,248.8,0.125,0.0,0.6528518633339456,0.6478218892701476,0.6528518633339456,0.6528518633339456,0.6527843893485992,0.6525194239522425,0.6515431802871671,0.6497827227789275,0.6528518633339456,0.6528518633339456,0.6528518633339456,0.0,0.6528518633339456
acs_full_income,28,3,9232,222297,248.8,0.0,0.0,0.647983950237423,0.6322543956586003,0.647983950237423,0.647983950237423,0.647983950237423,0.646233248376463,0.6426484626632326,0.6374950486747686,0.647983950237423,0.647983950237423,0.647983950237423,0.0,0.647983950237423
acs_full_income,28,3,9232,222297,248.8,0.25,0.0,0.6470009951546187,0.6350561203390319,0.6470009951546187,0.6470009951546187,0.6468836340814917,0.6468836340814917,0.6446311482657437,0.6405332781342472,0.6470009951546187,0.6470009951546187,0.6470009951546187,0.0,0.6470009951546187
acs_full_income,28,3,9232,222297,248.8,0.125,0.125,0.6528518633339456,0.6408904811941337,0.6528518633339456,0.6528518633339456,0.6529869517568202,0.6529232457341851,0.6502880819044645,0.6463487670216803,0.6528518633339456,0.6529869517568202,0.6528518633339456,0.0,0.6528518633339456
acs_full_income,28,4,9232,64726,248.8,0.0,0.0,0.647983950237423,0.6458466073960658,0.647983950237423,0.647983950237423,0.647983950237423,0.6478727288008004,0.6474838821885287,0.6466551875133667,0.647983950237423,0.647983950237423,0.647983950237423,0.0,0.647983950237423
acs_full_income,28,4,9232,64726,248.8,0.375,0.0,0.6470009951546187,0.6437202358199421,0.6470009951546187,0.6470009951546187,0.6464506490385622,0.6464994616429183,0.6462471577262098,0.6450093053209318,0.6470009951546187,0.6470009951546187,0.6470009951546187,0.0,0.6470009951546187
acs_full_income,28,4,9232,64726,248.8,0.375,0.125,0.6528518633339456,0.6498861475854373,0.6528518633339456,0.6528518633339456,0.6524436961111417,0.6528470026526791,0.6522153706271747,0.6509075160091953,0.6528518633339456,0.6529298378623909,0.6528518633339456,0.0,0.6528518633339456
acs_full_income,28,1,9232,50915,248.8,0.0,0.125,0.647983950237423,0.643840749923345,0.647983950237423,0.647983950237423,0.647983950237423,0.6480241997673991,0.6474100525898483,0.6460515875005249,0.647983950237423,0.6481016878825394,0.647983950237423,0.0,0.647983950237423
acs_full_income,28,1,9232,50915,248.8,0.25,0.25,0.6470009951546187,0.6430393205402644,0.6470009951546187,0.6470009951546187,0.6470825338368583,0.6470825338368583,0.6464664570124318,0.6449336476861778,0.6470009951546187,0.6470825338368583,0.6470009951546187,0.0,0.6470009951546187
acs_full_income,28,1,9232,50915,248.8,0.375,0.125,0.6528518633339456,0.6487904346061403,0.6528518633339456,0.6528518633339456,0.6528678979811169,0.6531689771925493,0.6523818523273848,0.6510364956862204,0.6528518633339456,0.6531798574328528,0.6528518633339456,0.0,0.6528518633339456
acs_full_income,28,3,9232,132081,248.8,0.0,0.0,0.647983950237423,0.6404566389995501,0.647983950237423,0.647983950237423,0.647983950237423,0.6469813361765574,0.645498873166867,0.6431924446331025,0.647983950237423,0.647983950237423,0.647983950237423,0.0,0.647983950237423
acs_full_income,28,3,9232,132081,248.8,0.25,0.0,0.6470009951546187,0.6399724804109687,0.6470009951546187,0.6470009951546187,0.6466111508826975,0.6466111508826975,0.645201225045067,0.6428664703194122,0.6470009951546187,0.6470009951546187,0.6470009951546187,0.0,0.6470009951546187
acs_full_income,28,3,9232,132081,248.8,0.125,0.125,0.6528518633339456,0.6461428201307639,0.6528518633339456,0.6528518633339456,0.6528743513502429,0.6525120151795767,0.6509294324037396,0.6489311504379045,0.6528518633339456,0.6528743513502429,0.6528518633339456,0.0,0.6528518633339456
acs_full_income,28,4,9232,197122,248.8,0.0,0.0,0.647983950237423,0.6355978516231859,0.647983950237423,0.647983950237423,0.647983950237423,0.6462492234724613,0.6438448602274436,0.64003390364181,0.647983950237423,0.647983950237423,0.647983950237423,0.0,0.647983950237423
acs_full_income,28,4,9232,197122,248.8,0.25,0.0,0.6470009951546187,0.6362336897103155,0.6470009951546187,0.6470009951546187,0.6461396036510234,0.6461396036510234,0.6438677152027619,0.6407500603170887,0.6470009951546187,0.6470009951546187,0.6470009951546187,0.0,0.6470009951546187
acs_full_income,28,4,9232,197122,248.8,0.125,0.125,0.6528518633339456,0.6431894027201351,0.6528518633339456,0.6528518633339456,0.6528871825560306,0.6523174726577183,0.6504211976404405,0.6472672736271062,0.6528518633339456,0.6528871825560306,0.6528518633339456,0.0,0.6528518633339456
acs_full_income,28,2,9232,43178,248.8,0.0,0.0,0.647983950237423,0.6311171183974665,0.647983950237423,0.647983950237423,0.647983950237423,0.6458063235854711,0.6421234833222007,0.6368964280442144,0.647983950237423,0.647983950237423,0.647983950237423,0.0,0.647983950237423
acs_full_income,28,2,9232,43178,248.8,0.125,0.0,0.6470009951546187,0.6340095312164264,0.6470009951546187,0.6470009951546187,0.6466692505446419,0.6463778760032197,0.643569434534899,0.6395988062749544,0.6470009951546187,0.6470009951546187,0.6470009951546187,0.0,0.6470009951546187
acs_full_income,28,2,9232,43178,248.8,0.125,0.0,0.6528518633339456,0.639227857421274,0.6528518633339456,0.6528518633339456,0.6525649035759188,0.6519523465407476,0.6489096214554131,0.6446706144488276,0.6528518633339456,0.6528518633339456,0.6528518633339456,0.0,0.6528518633339456
acs_full_income,28,1,9232,5463,248.8,0.0,0.875,0.647983950237423,0.6486226838951226,0.647983950237423,0.647983950237423,0.647983950237423,0.6485544765660674,0.6487134557854346,0.6487356540424573,0.6486226838951226,0.6488162257918377,0.647983950237423,0.0,0.647983950237423
acs_full_income,28,1,9232,5463,248.8,0.75,0.0,0.6470009951546187,0.6447062873310184,0.6470009951546187,0.6447062873310184,0.6455533866857841,0.6466576710153353,0.6461200239177487,0.6455533866857841,0.6470009951546187,0.6470009951546187,0.6470009951546187,0.0,0.6470009951546187
acs_full_income,28,1,9232,5463,248.8,0.5,0.0,0.6528518633339456,0.6509405727691127,0.6528518633339456,0.6509405727691127,0.6519486902570386,0.6525589994114359,0.6519486902570386,0.6516672133069359,0.6528518633339456,0.6528518633339456,0.6528518633339456,0.0,0.6528518633339456
acs_full_income,28,1,9232,10785,248.8,0.0,1.0,0.647983950237423,0.6527213264594277,0.647983950237423,0.647983950237423,0.647983950237423,0.6497476286962872,0.6507683017422503,0.6518251999126057,0.6527213264594277,0.6527213264594277,0.647983950237423,0.0,0.647983950237423
acs_full_income,28,1,9232,10785,248.8,1.0,0.75,0.6470009951546187,0.6475055199978216,0.6470009951546187,0.6475055199978216,0.6475055199978216,0.6472947952692547,0.6475497833213285,0.6478079146438728,0.6475055199978216,0.6478079146438728,0.6470009951546187,0.0,0.6470009951546187
acs_full_income,28,1,9232,10785,248.8,1.0,0.375,0.6528518633339456,0.652522571484293,0.6528518633339456,0.652522571484293,0.652522571484293,0.652868298462507,0.6529305948569448,0.6527875108908999,0.6528518633339456,0.6529360125711713,0.6528518633339456,0.0,0.6528518633339456
acs_full_income,28,2,9232,72660,248.8,0.0,0.0,0.647983950237423,0.6344559750632339,0.647983950237423,0.647983950237423,0.647983950237423,0.6461810084274905,0.6431322978051475,0.6392198998927613,0.647983950237423,0.647983950237423,0.647983950237423,0.0,0.647983950237423
acs_full_income,28,2,9232,72660,248.8,0.25,0.0,0.6470009951546187,0.6374578899634483,0.6470009951546187,0.6470009951546187,0.6466215506172601,0.6466215506172601,0.6443575728611001,0.6412078476311457,0.6470009951546187,0.6470009951546187,0.6470009951546187,0.0,0.6470009951546187
acs_full_income,28,2,9232,72660,248.8,0.125,0.0,0.6528518633339456,0.6427688965217873,0.6528518633339456,0.6528518633339456,0.6526743706761489,0.6524870346492689,0.6502374244003615,0.6468283451683884,0.6528518633339456,0.6528518633339456,0.6528518633339456,0.0,0.6528518633339456
acs_full_income,28,2,9232,152261,248.8,0.0,0.0,0.647983950237423,0.6418335039497877,0.647983950237423,0.647983950237423,0.647983950237423,0.6473263225002844,0.6463146192907403,0.6443571160966457,0.647983950237423,0.647983950237423,0.647983950237423,0.0,0.647983950237423
acs_full_income,28,2,9232,152261,248.8,0.25,0.0,0.6470009951546187,0.6412047956158007,0.6470009951546187,0.6470009951546187,0.6468959330811868,0.6468959330811868,0.6456099781958632,0.6437941846244528,0.6470009951546187,0.6470009951546187,0.6470009951546187,0.0,0.6470009951546187
acs_full_income,28,2,9232,152261,248.8,0.125,0.125,0.6528518633339456,0.6458861103484645,0.6528518633339456,0.6528518633339456,0.6528707551193421,0.6524861738137795,0.6512189646909647,0.6491029046479149,0.6528518633339456,0.6528707551193421,0.6528518633339456,0.0,0.6528518633339456
acs_full_income,29,4,22164,50523,683.0,1.0,0.0,0.6913413988577133,0.6900209716392869,0.6913413988577133,0.6900209716392869,0.6900209716392869,0.6910750013056368,0.6907863742473914,0.6904283048894232,0.6913413988577133,0.6913413988577133,0.6913413988577133,0.0,0.6913413988577133
acs_full_income,29,4,22164,50523,683.0,0.5,0.25,0.6627426800997607,0.6624482601503914,0.6627426800997607,0.6627426800997607,0.6627660919415851,0.6628142022258131,0.6627660919415851,0.6626247958057946,0.6627426800997607,0.6628142022258131,0.6627426800997607,0.0,0.6627426800997607
acs_full_income,29,4,22164,50523,683.0,1.0,0.375,0.6720484672388033,0.6718644306519513,0.6720484672388033,0.6718644306519513,0.6718644306519513,0.6720825535103299,0.6720899878739253,0.6720378414282978,0.6720484672388033,0.6721110281285091,0.6720484672388033,0.0,0.6720484672388033
acs_full_income,29,3,22164,66583,683.0,0.375,0.0,0.6913413988577133,0.6881239052202247,0.6913413988577133,0.6913413988577133,0.6903706061839556,0.6906843919684469,0.690051078324126,0.6891523819379011,0.6913413988577133,0.6913413988577133,0.6913413988577133,0.0,0.6913413988577133
acs_full_income,29,3,22164,66583,683.0,0.0,0.0,0.6627426800997607,0.6604145223382645,0.6627426800997607,0.6627426800997607,0.6627426800997607,0.6625183848363828,0.6620716409149509,0.6612620753645388,0.6627426800997607,0.6627426800997607,0.6627426800997607,0.0,0.6627426800997607
acs_full_income,29,3,22164,66583,683.0,0.125,0.0,0.6720484672388033,0.6693040946017533,0.6720484672388033,0.6720484672388033,0.6718074168080804,0.6716236971460661,0.6711312987576028,0.6703194802645719,0.6720484672388033,0.6720484672388033,0.6720484672388033,0.0,0.6720484672388033
acs_full_income,29,3,22164,136866,683.0,0.0,0.0,0.6913413988577133,0.6824490796180321,0.6913413988577133,0.6913413988577133,0.6913413988577133,0.6898243955441489,0.6879012772779507,0.6853602780667404,0.6913413988577133,0.6913413988577133,0.6913413988577133,0.0,0.6913413988577133
acs_full_income,29,3,22164,136866,683.0,0.0,0.0,0.6627426800997607,0.6566724031727791,0.6627426800997607,0.6627426800997607,0.6627426800997607,0.662223774213841,0.6608914088329545,0.658874510566847,0.6627426800997607,0.6627426800997607,0.6627426800997607,0.0,0.6627426800997607
acs_full_income,29,3,22164,136866,683.0,0.0,0.0,0.6720484672388033,0.6646918891393653,0.6720484672388033,0.6720484672388033,0.6720484672388033,0.67099775413,0.6693381738222297,0.6672330459962439,0.6720484672388033,0.6720484672388033,0.6720484672388033,0.0,0.6720484672388033
acs_full_income,29,4,22164,116703,683.0,0.5,0.0,0.6913413988577133,0.6892866001786331,0.6913413988577133,0.6892866001786331,0.6903781964333717,0.6908500183719896,0.6903781964333717,0.6898511415847735,0.6913413988577133,0.6913413988577133,0.6913413988577133,0.0,0.6913413988577133
acs_full_income,29,4,22164,116703,683.0,0.0,0.0,0.6627426800997607,0.6611838056123374,0.6627426800997607,0.6627426800997607,0.6627426800997607,0.6625269862743906,0.6622261257260302,0.6618221202365109,0.6627426800997607,0.6627426800997607,0.6627426800997607,0.0,0.6627426800997607
acs_full_income,29,4,22164,116703,683.0,0.625,0.0,0.6720484672388033,0.6709273925341777,0.6720484672388033,0.6709273925341777,0.671527315196874,0.6718097743895678,0.6716666350873293,0.6713869386833852,0.6720484672388033,0.6720484672388033,0.6720484672388033,0.0,0.6720484672388033
acs_full_income,29,4,22164,143754,683.0,0.0,0.0,0.6913413988577133,0.6830167367014434,0.6913413988577133,0.6913413988577133,0.6913413988577133,0.6898453555995023,0.6878349705668876,0.6856410448634035,0.6913413988577133,0.6913413988577133,0.6913413988577133,0.0,0.6913413988577133
acs_full_income,29,4,22164,143754,683.0,0.0,0.0,0.6627426800997607,0.6540093596220149,0.6627426800997607,0.6627426800997607,0.6627426800997607,0.66104423706029,0.6591244388583658,0.6568058068121921,0.6627426800997607,0.6627426800997607,0.6627426800997607,0.0,0.6627426800997607
acs_full_income,29,4,22164,143754,683.0,0.0,0.0,0.6720484672388033,0.6638238693707614,0.6720484672388033,0.6720484672388033,0.6720484672388033,0.6706051248996608,0.6687042350758632,0.6663208946114819,0.6720484672388033,0.6720484672388033,0.6720484672388033,0.0,0.6720484672388033
acs_full_income,29,2,22164,61951,683.0,0.375,0.0,0.6913413988577133,0.6876036794226004,0.6913413988577133,0.6913413988577133,0.690321717403321,0.6906889664152461,0.689875820972853,0.6887758536126518,0.6913413988577133,0.6913413988577133,0.6913413988577133,0.0,0.6913413988577133
acs_full_income,29,2,22164,61951,683.0,0.0,0.25,0.6627426800997607,0.6612258226847687,0.6627426800997607,0.6627426800997607,0.6627426800997607,0.6628464786690694,0.6625708673066518,0.6619848942024432,0.6627426800997607,0.6628464786690694,0.6627426800997607,0.0,0.6627426800997607
acs_full_income,29,2,22164,61951,683.0,0.375,0.0,0.6720484672388033,0.6703977969909234,0.6720484672388033,0.6720484672388033,0.671807410874933,0.671931841461521,0.6717118574909112,0.6711303266346824,0.6720484672388033,0.6720484672388033,0.6720484672388033,0.0,0.6720484672388033
acs_full_income,29,3,22164,82227,683.0,0.0,0.0,0.6913413988577133,0.6826025367822535,0.6913413988577133,0.6913413988577133,0.6913413988577133,0.6899940264413148,0.6880308828342843,0.6853413612123922,0.6913413988577133,0.6913413988577133,0.6913413988577133,0.0,0.6913413988577133
acs_full_income,29,3,22164,82227,683.0,0.0,0.0,0.6627426800997607,0.6552537726292236,0.6627426800997607,0.6627426800997607,0.6627426800997607,0.6617710811316978,0.6601485174699101,0.6578996199353306,0.6627426800997607,0.6627426800997607,0.6627426800997607,0.0,0.6627426800997607
acs_full_income,29,3,22164,82227,683.0,0.0,0.0,0.6720484672388033,0.6638834570725268,0.6720484672388033,0.6720484672388033,0.6720484672388033,0.6708814181634009,0.6689948474394963,0.6666161221285718,0.6720484672388033,0.6720484672388033,0.6720484672388033,0.0,0.6720484672388033
acs_full_income,29,2,22164,24303,683.0,0.0,0.0,0.6913413988577133,0.6866247316857497,0.6913413988577133,0.6913413988577133,0.6913413988577133,0.6902655308766019,0.6891596987524968,0.6879180707215369,0.6913413988577133,0.6913413988577133,0.6913413988577133,0.0,0.6913413988577133
acs_full_income,29,2,22164,24303,683.0,0.0,0.0,0.6627426800997607,0.6573345573976683,0.6627426800997607,0.6627426800997607,0.6627426800997607,0.6614983025840504,0.6601640620591318,0.6588224619972229,0.6627426800997607,0.6627426800997607,0.6627426800997607,0.0,0.6627426800997607
acs_full_income,29,2,22164,24303,683.0,0.0,0.0,0.6720484672388033,0.667686532738773,0.6720484672388033,0.6720484672388033,0.6720484672388033,0.6710849631283259,0.670045971292772,0.6689413220577752,0.6720484672388033,0.6720484672388033,0.6720484672388033,0.0,0.6720484672388033
acs_full_income,29,1,22164,47781,683.0,0.0,0.0,0.6913413988577133,0.6831095889969834,0.6913413988577133,0.6913413988577133,0.6913413988577133,0.690054943503917,0.6880979767282601,0.6858089253799252,0.6913413988577133,0.6913413988577133,0.6913413988577133,0.0,0.6913413988577133
acs_full_income,29,1,22164,47781,683.0,0.0,0.0,0.6627426800997607,0.6532079282718389,0.6627426800997607,0.6627426800997607,0.6627426800997607,0.6609415549092383,0.6588814565043166,0.6562327686254041,0.6627426800997607,0.6627426800997607,0.6627426800997607,0.0,0.6627426800997607
acs_full_income,29,1,22164,47781,683.0,0.0,0.0,0.6720484672388033,0.6627134075265737,0.6720484672388033,0.6720484672388033,0.6720484672388033,0.6705250249901641,0.6682466531185558,0.6656763007628718,0.6720484672388033,0.6720484672388033,0.6720484672388033,0.0,0.6720484672388033
acs_full_income,29,3,22164,86037,683.0,0.0,0.0,0.6913413988577133,0.6842425500215471,0.6913413988577133,0.6913413988577133,0.6913413988577133,0.690152554379226,0.6883676639242184,0.686283233306086,0.6913413988577133,0.6913413988577133,0.6913413988577133,0.0,0.6913413988577133
acs_full_income,29,3,22164,86037,683.0,0.0,0.0,0.6627426800997607,0.6547945316702259,0.6627426800997607,0.6627426800997607,0.6627426800997607,0.6611801869993832,0.6594137470355378,0.6573049408513023,0.6627426800997607,0.6627426800997607,0.6627426800997607,0.0,0.6627426800997607
acs_full_income,29,3,22164,86037,683.0,0.0,0.0,0.6720484672388033,0.6644833287493048,0.6720484672388033,0.6720484672388033,0.6720484672388033,0.6707385111942132,0.6688791358563738,0.6667893913746579,0.6720484672388033,0.6720484672388033,0.6720484672388033,0.0,0.6720484672388033
acs_full_income,29,4,22164,218981,683.0,0.875,0.0,0.6913413988577133,0.6897373152929569,0.6913413988577133,0.6897373152929569,0.690108203875013,0.6911807990171767,0.6908848114546993,0.6904137280390501,0.6913413988577133,0.6913413988577133,0.6913413988577133,0.0,0.6913413988577133
acs_full_income,29,4,22164,218981,683.0,0.0,0.375,0.6627426800997607,0.6621944105836447,0.6627426800997607,0.6627426800997607,0.6627426800997607,0.6629560339783563,0.6628992145698589,0.662560360342,0.6627426800997607,0.6629720332957215,0.6627426800997607,0.0,0.6627426800997607
acs_full_income,29,4,22164,218981,683.0,0.75,0.5,0.6720484672388033,0.6716911754403171,0.6720484672388033,0.6716911754403171,0.6720266466342579,0.672266828522931,0.6723053200538409,0.6720266466342579,0.6720484672388033,0.6723053200538409,0.6720484672388033,0.0,0.6720484672388033
acs_full_income,29,1,22164,3064,683.0,0.0,0.0,0.6913413988577133,0.691202656062784,0.6913413988577133,0.6913413988577133,0.6913413988577133,0.6913169664643484,0.6912901098196934,0.6912570405495504,0.6913413988577133,0.6913413988577133,0.6913413988577133,0.0,0.6913413988577133
acs_full_income,29,1,22164,3064,683.0,0.0,0.0,0.6627426800997607,0.6615887920701838,0.6627426800997607,0.6627426800997607,0.6627426800997607,0.6624769558963662,0.6622279827038009,0.6619237246916636,0.6627426800997607,0.6627426800997607,0.6627426800997607,0.0,0.6627426800997607
acs_full_income,29,1,22164,3064,683.0,0.125,0.0,0.6720484672388033,0.6716435867397789,0.6720484672388033,0.6720484672388033,0.6720322910863672,0.6720125738179336,0.6719055382785029,0.6717600286900043,0.6720484672388033,0.6720484672388033,0.6720484672388033,0.0,0.6720484672388033
acs_full_income,30,3,3824,86125,111.9,0.25,0.25,0.5689658006048766,0.5683134016062802,0.5689658006048766,0.5689658006048766,0.5696930548510186,0.5696930548510186,0.5696541678749895,0.5690250315111446,0.5689658006048766,0.5696930548510186,0.5689658006048766,0.0,0.5689658006048766
acs_full_income,30,3,3824,86125,111.9,0.125,0.0,0.6102562531221363,0.5982415273999717,0.6102562531221363,0.6102562531221363,0.609156306524024,0.6088615760950322,0.6049825198530527,0.6015999372518848,0.6102562531221363,0.6102562531221363,0.6102562531221363,0.0,0.6102562531221363
acs_full_income,30,3,3824,86125,111.9,0.0,0.75,0.5946656913010795,0.598372015450357,0.5946656913010795,0.5946656913010795,0.5946656913010795,0.5975198065269623,0.5985229133794707,0.5989496135212933,0.598372015450357,0.5989496135212933,0.5946656913010795,0.0,0.5946656913010795
acs_full_income,30,1,3824,195665,111.9,0.0,0.0,0.5689658006048766,0.5547705207699876,0.5689658006048766,0.5689658006048766,0.5689658006048766,0.5665044292838557,0.5629372159464547,0.5591277453058349,0.5689658006048766,0.5689658006048766,0.5689658006048766,0.0,0.5689658006048766
acs_full_income,30,1,3824,195665,111.9,0.0,0.0,0.6102562531221363,0.5877898862702305,0.6102562531221363,0.6102562531221363,0.6102562531221363,0.6054297337562605,0.5996018719112404,0.594001491113261,0.6102562531221363,0.6102562531221363,0.6102562531221363,0.0,0.6102562531221363
acs_full_income,30,1,3824,195665,111.9,0.0,0.25,0.5946656913010795,0.589101700625586,0.5946656913010795,0.5946656913010795,0.5946656913010795,0.5978774079755992,0.5958401448101157,0.5930769028556729,0.5946656913010795,0.5978774079755992,0.5946656913010795,0.0,0.5946656913010795
acs_full_income,30,3,3824,57726,111.9,0.0,0.0,0.5689658006048766,0.5529865406023531,0.5689658006048766,0.5689658006048766,0.5689658006048766,0.5655089659434194,0.5611511542050436,0.5570822268651862,0.5689658006048766,0.5689658006048766,0.5689658006048766,0.0,0.5689658006048766
acs_full_income,30,3,3824,57726,111.9,0.0,0.0,0.6102562531221363,0.5880755587164461,0.6102562531221363,0.6102562531221363,0.6102562531221363,0.6046214716914107,0.5996387488805426,0.5937906348319706,0.6102562531221363,0.6102562531221363,0.6102562531221363,0.0,0.6102562531221363
acs_full_income,30,3,3824,57726,111.9,0.0,0.25,0.5946656913010795,0.5857034278375172,0.5946656913010795,0.5946656913010795,0.5946656913010795,0.5967682085600704,0.5933344164437578,0.5901963506318975,0.5946656913010795,0.5967682085600704,0.5946656913010795,0.0,0.5946656913010795
acs_full_income,30,4,3824,145022,111.9,0.0,0.0,0.5689658006048766,0.5622996604269563,0.5689658006048766,0.5689658006048766,0.5689658006048766,0.5676926887216243,0.5662695335375292,0.564222660086192,0.5689658006048766,0.5689658006048766,0.5689658006048766,0.0,0.5689658006048766
acs_full_income,30,4,3824,145022,111.9,0.0,0.0,0.6102562531221363,0.5946448385120174,0.6102562531221363,0.6102562531221363,0.6102562531221363,0.6058626033714369,0.602285170258542,0.5987612526451654,0.6102562531221363,0.6102562531221363,0.6102562531221363,0.0,0.6102562531221363
acs_full_income,30,4,3824,145022,111.9,0.0,0.25,0.5946656913010795,0.5929429824292499,0.5946656913010795,0.5946656913010795,0.5946656913010795,0.5977364533641323,0.5954310284225119,0.5941193793709331,0.5946656913010795,0.5977364533641323,0.5946656913010795,0.0,0.5946656913010795
acs_full_income,30,4,3824,75202,111.9,0.25,0.625,0.5689658006048766,0.5690578468217585,0.5689658006048766,0.5689658006048766,0.5699124295393672,0.5699124295393672,0.5699205410811122,0.5695297753855111,0.5690578468217585,0.5699314740658742,0.5689658006048766,0.0,0.5689658006048766
acs_full_income,30,4,3824,75202,111.9,0.125,0.0,0.6102562531221363,0.5983659921844734,0.6102562531221363,0.6102562531221363,0.6093641771504357,0.6091792459041385,0.6050542860330462,0.6023309506643346,0.6102562531221363,0.6102562531221363,0.6102562531221363,0.0,0.6102562531221363
acs_full_income,30,4,3824,75202,111.9,0.0,0.625,0.5946656913010795,0.5978966126507204,0.5946656913010795,0.5946656913010795,0.5946656913010795,0.59742367520245,0.5985490866142225,0.5985209751398319,0.5978966126507204,0.5988005483509166,0.5946656913010795,0.0,0.5946656913010795
acs_full_income,30,2,3824,26632,111.9,0.25,0.0,0.5689658006048766,0.5629949662182624,0.5689658006048766,0.5689658006048766,0.568115289324983,0.568115289324983,0.566896261475164,0.5645249210784905,0.5689658006048766,0.5689658006048766,0.5689658006048766,0.0,0.5689658006048766
acs_full_income,30,2,3824,26632,111.9,0.125,0.0,0.6102562531221363,0.5950283981217024,0.6102562531221363,0.6102562531221363,0.6091586730520308,0.6082864918538721,0.6039827186160651,0.5989737195359919,0.6102562531221363,0.6102562531221363,0.6102562531221363,0.0,0.6102562531221363
acs_full_income,30,2,3824,26632,111.9,0.0,0.375,0.5946656913010795,0.5949615462880806,0.5946656913010795,0.5946656913010795,0.5946656913010795,0.5980348814187744,0.5985526106156314,0.5966605319378455,0.5949615462880806,0.5986903537359798,0.5946656913010795,0.0,0.5946656913010795
acs_full_income,30,3,3824,81545,111.9,0.375,0.25,0.5689658006048766,0.5646301824243801,0.5689658006048766,0.5689658006048766,0.5684571811448391,0.5691034641272074,0.5680177818561529,0.5666960286157248,0.5689658006048766,0.5691034641272074,0.5689658006048766,0.0,0.5689658006048766
acs_full_income,30,3,3824,81545,111.9,0.0,0.0,0.6102562531221363,0.5944054028440736,0.6102562531221363,0.6102562531221363,0.6102562531221363,0.6081148074051121,0.6036513117899849,0.5989949978960215,0.6102562531221363,0.6102562531221363,0.6102562531221363,0.0,0.6102562531221363
acs_full_income,30,3,3824,81545,111.9,0.0,0.5,0.5946656913010795,0.5964531747024567,0.5946656913010795,0.5946656913010795,0.5946656913010795,0.5979546777569011,0.5991773525622032,0.5977422638761039,0.5964531747024567,0.5991773525622032,0.5946656913010795,0.0,0.5946656913010795
acs_full_income,30,3,3824,36911,111.9,0.0,0.0,0.5689658006048766,0.5643202217685523,0.5689658006048766,0.5689658006048766,0.5689658006048766,0.5686023478078149,0.5672315224137896,0.5662320504625613,0.5689658006048766,0.5689658006048766,0.5689658006048766,0.0,0.5689658006048766
acs_full_income,30,3,3824,36911,111.9,0.125,0.0,0.6102562531221363,0.5955213335563079,0.6102562531221363,0.6102562531221363,0.6086890464337161,0.60832691640435,0.6035237510058725,0.5989085305366468,0.6102562531221363,0.6102562531221363,0.6102562531221363,0.0,0.6102562531221363
acs_full_income,30,3,3824,36911,111.9,0.0,0.25,0.5946656913010795,0.5954053435817264,0.5946656913010795,0.5946656913010795,0.5946656913010795,0.5977557977201008,0.5971928160318206,0.5966693530883145,0.5954053435817264,0.5977557977201008,0.5946656913010795,0.0,0.5946656913010795
acs_full_income,30,2,3824,84761,111.9,0.0,0.0,0.5689658006048766,0.5635645308387305,0.5689658006048766,0.5689658006048766,0.5689658006048766,0.5678204972807974,0.5663731952664157,0.5651041094452989,0.5689658006048766,0.5689658006048766,0.5689658006048766,0.0,0.5689658006048766
acs_full_income,30,2,3824,84761,111.9,0.0,0.0,0.6102562531221363,0.5966010385736192,0.6102562531221363,0.6102562531221363,0.6102562531221363,0.606666003358278,0.6034147358534165,0.5994405717800737,0.6102562531221363,0.6102562531221363,0.6102562531221363,0.0,0.6102562531221363
acs_full_income,30,2,3824,84761,111.9,0.0,0.375,0.5946656913010795,0.5923459305965416,0.5946656913010795,0.5946656913010795,0.5946656913010795,0.5966916525935189,0.5957752155416152,0.5935211920134681,0.5946656913010795,0.5968072696421349,0.5946656913010795,0.0,0.5946656913010795
acs_full_income,30,3,3824,81799,111.9,0.0,0.0,0.5689658006048766,0.5623084790107217,0.5689658006048766,0.5689658006048766,0.5689658006048766,0.5679801947544432,0.566215856642914,0.5646821965894132,0.5689658006048766,0.5689658006048766,0.5689658006048766,0.0,0.5689658006048766
acs_full_income,30,3,3824,81799,111.9,0.0,0.0,0.6102562531221363,0.594472745812495,0.6102562531221363,0.6102562531221363,0.6102562531221363,0.6061510001749729,0.602387090742306,0.5986864426702565,0.6102562531221363,0.6102562531221363,0.6102562531221363,0.0,0.6102562531221363
acs_full_income,30,3,3824,81799,111.9,0.0,0.375,0.5946656913010795,0.5932995153464192,0.5946656913010795,0.5946656913010795,0.5946656913010795,0.5969864501491722,0.5951354901430179,0.5941703591697806,0.5946656913010795,0.597145472791638,0.5946656913010795,0.0,0.5946656913010795
acs_full_income,30,3,3824,37241,111.9,0.375,0.75,0.5689658006048766,0.5699650178442301,0.5689658006048766,0.5689658006048766,0.5697359049113775,0.5694807846909002,0.569934753743282,0.5701371091789683,0.5699650178442301,0.5701371091789683,0.5689658006048766,0.0,0.5689658006048766
acs_full_income,30,3,3824,37241,111.9,0.125,0.0,0.6102562531221363,0.6015793051739808,0.6102562531221363,0.6102562531221363,0.6093101730345385,0.6092865388851123,0.6078781952470833,0.605182335239407,0.6102562531221363,0.6102562531221363,0.6102562531221363,0.0,0.6102562531221363
acs_full_income,30,3,3824,37241,111.9,0.125,1.0,0.5946656913010795,0.5987540876931657,0.5946656913010795,0.5946656913010795,0.5960757831612655,0.5971937552629815,0.5984850653916154,0.5987112240616673,0.5987540876931657,0.5987540876931657,0.5946656913010795,0.0,0.5946656913010795
acs_full_income,30,2,3824,14783,111.9,0.0,0.0,0.5689658006048766,0.5622084038740098,0.5689658006048766,0.5689658006048766,0.5689658006048766,0.5685085768312039,0.5670251759562288,0.5643891907619281,0.5689658006048766,0.5689658006048766,0.5689658006048766,0.0,0.5689658006048766
acs_full_income,30,2,3824,14783,111.9,0.0,0.0,0.6102562531221363,0.5917480678950213,0.6102562531221363,0.6102562531221363,0.6102562531221363,0.6069988049470223,0.6018118977830156,0.597018764469894,0.6102562531221363,0.6102562531221363,0.6102562531221363,0.0,0.6102562531221363
acs_full_income,30,2,3824,14783,111.9,0.0,0.5,0.5946656913010795,0.5946456316484034,0.5946656913010795,0.5946656913010795,0.5946656913010795,0.5974848970454499,0.5980432708332497,0.5961358841050581,0.5946656913010795,0.5980432708332497,0.5946656913010795,0.0,0.5946656913010795
acs_full_income,31,4,7549,135978,235.7,0.0,0.0,0.6582326329773147,0.6274499819398185,0.6582326329773147,0.6582326329773147,0.6582326329773147,0.6504684300834142,0.6424651262023524,0.6345547452905197,0.6582326329773147,0.6582326329773147,0.6582326329773147,0.0,0.6582326329773147
acs_full_income,31,4,7549,135978,235.7,0.0,0.0,0.6511271103410776,0.6172322777469729,0.6511271103410776,0.6511271103410776,0.6511271103410776,0.6424154479502804,0.633287020739954,0.6251891830304106,0.6511271103410776,0.6511271103410776,0.6511271103410776,0.0,0.6511271103410776
acs_full_income,31,4,7549,135978,235.7,0.0,0.0,0.6386188955040799,0.6111121425329642,0.6386188955040799,0.6386188955040799,0.6386188955040799,0.6318279668021923,0.6248785887361039,0.6174933101145551,0.6386188955040799,0.6386188955040799,0.6386188955040799,0.0,0.6386188955040799
acs_full_income,31,1,7549,195665,235.7,0.0,0.0,0.6582326329773147,0.629450366131991,0.6582326329773147,0.6582326329773147,0.6582326329773147,0.651549466170782,0.6441151211610053,0.6368768079746114,0.6582326329773147,0.6582326329773147,0.6582326329773147,0.0,0.6582326329773147
acs_full_income,31,1,7549,195665,235.7,0.0,0.0,0.6511271103410776,0.6192230601199201,0.6511271103410776,0.6511271103410776,0.6511271103410776,0.6438682033632182,0.6354779907858262,0.6274889156036411,0.6511271103410776,0.6511271103410776,0.6511271103410776,0.0,0.6511271103410776
acs_full_income,31,1,7549,195665,235.7,0.0,0.0,0.6386188955040799,0.6117386532765402,0.6386188955040799,0.6386188955040799,0.6386188955040799,0.6325774265460697,0.6259100276146593,0.6188637397204584,0.6386188955040799,0.6386188955040799,0.6386188955040799,0.0,0.6386188955040799
acs_full_income,31,4,7549,53454,235.7,0.0,0.0,0.6582326329773147,0.6360370684899835,0.6582326329773147,0.6582326329773147,0.6582326329773147,0.6533096612884912,0.6473030369839752,0.6416540757332788,0.6582326329773147,0.6582326329773147,0.6582326329773147,0.0,0.6582326329773147
acs_full_income,31,4,7549,53454,235.7,0.0,0.0,0.6511271103410776,0.6265682782080996,0.6511271103410776,0.6511271103410776,0.6511271103410776,0.645114339665536,0.6387138100388597,0.6326191379363099,0.6511271103410776,0.6511271103410776,0.6511271103410776,0.0,0.6511271103410776
acs_full_income,31,4,7549,53454,235.7,0.0,0.0,0.6386188955040799,0.6185073550347882,0.6386188955040799,0.6386188955040799,0.6386188955040799,0.6338530450312687,0.6287686958947688,0.6237712178314238,0.6386188955040799,0.6386188955040799,0.6386188955040799,0.0,0.6386188955040799
acs_full_income,31,3,7549,68697,235.7,0.0,0.0,0.6582326329773147,0.6426391322218588,0.6582326329773147,0.6582326329773147,0.6582326329773147,0.6549081336795411,0.6505140733862088,0.6464821563263432,0.6582326329773147,0.6582326329773147,0.6582326329773147,0.0,0.6582326329773147
acs_full_income,31,3,7549,68697,235.7,0.0,0.0,0.6511271103410776,0.6338902148436607,0.6511271103410776,0.6511271103410776,0.6511271103410776,0.6472555438520762,0.6428858047567325,0.6381412033165171,0.6511271103410776,0.6511271103410776,0.6511271103410776,0.0,0.6511271103410776
acs_full_income,31,3,7549,68697,235.7,0.0,0.0,0.6386188955040799,0.6223427072848785,0.6386188955040799,0.6386188955040799,0.6386188955040799,0.6346448412167439,0.6306559188103922,0.6265605347107717,0.6386188955040799,0.6386188955040799,0.6386188955040799,0.0,0.6386188955040799
acs_full_income,31,3,7549,109980,235.7,0.0,0.0,0.6582326329773147,0.6289180551400759,0.6582326329773147,0.6582326329773147,0.6582326329773147,0.6509446068551492,0.6432180094186992,0.6356959489251912,0.6582326329773147,0.6582326329773147,0.6582326329773147,0.0,0.6582326329773147
acs_full_income,31,3,7549,109980,235.7,0.0,0.0,0.6511271103410776,0.619514477844225,0.6511271103410776,0.6511271103410776,0.6511271103410776,0.6430368713931229,0.6346601837442202,0.6271011080811798,0.6511271103410776,0.6511271103410776,0.6511271103410776,0.0,0.6511271103410776
acs_full_income,31,3,7549,109980,235.7,0.0,0.0,0.6386188955040799,0.6125400920739804,0.6386188955040799,0.6386188955040799,0.6386188955040799,0.6322230107427772,0.6254795443639877,0.6186462001057081,0.6386188955040799,0.6386188955040799,0.6386188955040799,0.0,0.6386188955040799
acs_full_income,31,1,7549,35022,235.7,0.0,0.0,0.6582326329773147,0.6268325214306124,0.6582326329773147,0.6582326329773147,0.6582326329773147,0.6509283131327684,0.6424594126766213,0.6345118544951215,0.6582326329773147,0.6582326329773147,0.6582326329773147,0.0,0.6582326329773147
acs_full_income,31,1,7549,35022,235.7,0.0,0.0,0.6511271103410776,0.6218618419730209,0.6511271103410776,0.6511271103410776,0.6511271103410776,0.644261771670146,0.6368210196934985,0.6291948140723568,0.6511271103410776,0.6511271103410776,0.6511271103410776,0.0,0.6511271103410776
acs_full_income,31,1,7549,35022,235.7,0.0,0.0,0.6386188955040799,0.6135757530665832,0.6386188955040799,0.6386188955040799,0.6386188955040799,0.6324903408975319,0.6261853205742305,0.6201423829240558,0.6386188955040799,0.6386188955040799,0.6386188955040799,0.0,0.6386188955040799
acs_full_income,31,1,7549,17745,235.7,0.0,0.0,0.6582326329773147,0.6410076313772002,0.6582326329773147,0.6582326329773147,0.6582326329773147,0.6542368511699899,0.6500837831290157,0.6453188132877338,0.6582326329773147,0.6582326329773147,0.6582326329773147,0.0,0.6582326329773147
acs_full_income,31,1,7549,17745,235.7,0.0,0.0,0.6511271103410776,0.6326230641067161,0.6511271103410776,0.6511271103410776,0.6511271103410776,0.6465082074059469,0.6419167213600854,0.6370247346851587,0.6511271103410776,0.6511271103410776,0.6511271103410776,0.0,0.6511271103410776
acs_full_income,31,1,7549,17745,235.7,0.0,0.0,0.6386188955040799,0.6239525886544534,0.6386188955040799,0.6386188955040799,0.6386188955040799,0.6354824595814034,0.6313914720940026,0.6275930326559287,0.6386188955040799,0.6386188955040799,0.6386188955040799,0.0,0.6386188955040799
acs_full_income,31,2,7549,82802,235.7,0.0,0.0,0.6582326329773147,0.6337449522288846,0.6582326329773147,0.6582326329773147,0.6582326329773147,0.6523733581549248,0.6457890654077253,0.6397335004013448,0.6582326329773147,0.6582326329773147,0.6582326329773147,0.0,0.6582326329773147
acs_full_income,31,2,7549,82802,235.7,0.0,0.0,0.6511271103410776,0.6246117455447904,0.6511271103410776,0.6511271103410776,0.6511271103410776,0.6442092945377125,0.6372062592711056,0.6305872198335979,0.6511271103410776,0.6511271103410776,0.6511271103410776,0.0,0.6511271103410776
acs_full_income,31,2,7549,82802,235.7,0.0,0.0,0.6386188955040799,0.6160324156511277,0.6386188955040799,0.6386188955040799,0.6386188955040799,0.6332219856488294,0.6273002919452085,0.62179926479427,0.6386188955040799,0.6386188955040799,0.6386188955040799,0.0,0.6386188955040799
acs_full_income,31,2,7549,38153,235.7,0.0,0.0,0.6582326329773147,0.642749740378613,0.6582326329773147,0.6582326329773147,0.6582326329773147,0.6547520232538775,0.6511341235222474,0.6471300785886897,0.6582326329773147,0.6582326329773147,0.6582326329773147,0.0,0.6582326329773147
acs_full_income,31,2,7549,38153,235.7,0.0,0.0,0.6511271103410776,0.6390077600697738,0.6511271103410776,0.6511271103410776,0.6511271103410776,0.6486181958159103,0.645831291969907,0.6422954904950714,0.6511271103410776,0.6511271103410776,0.6511271103410776,0.0,0.6511271103410776
acs_full_income,31,2,7549,38153,235.7,0.0,0.0,0.6386188955040799,0.6248554920565715,0.6386188955040799,0.6386188955040799,0.6386188955040799,0.6358366716324962,0.6318036118147012,0.6281865599496714,0.6386188955040799,0.6386188955040799,0.6386188955040799,0.0,0.6386188955040799
acs_full_income,31,3,7549,177007,235.7,0.0,0.0,0.6582326329773147,0.6321398741214023,0.6582326329773147,0.6582326329773147,0.6582326329773147,0.6523149714854187,0.6454707860364605,0.6392275388877404,0.6582326329773147,0.6582326329773147,0.6582326329773147,0.0,0.6582326329773147
acs_full_income,31,3,7549,177007,235.7,0.0,0.0,0.6511271103410776,0.6232271705256863,0.6511271103410776,0.6511271103410776,0.6511271103410776,0.6449264170832936,0.6376155187586092,0.6304948865655352,0.6511271103410776,0.6511271103410776,0.6511271103410776,0.0,0.6511271103410776
acs_full_income,31,3,7549,177007,235.7,0.0,0.0,0.6386188955040799,0.6140070762752441,0.6386188955040799,0.6386188955040799,0.6386188955040799,0.6330682965759813,0.6269408805360644,0.6206950513705487,0.6386188955040799,0.6386188955040799,0.6386188955040799,0.0,0.6386188955040799
acs_full_income,31,2,7549,56281,235.7,0.0,0.0,0.6582326329773147,0.6280153169125472,0.6582326329773147,0.6582326329773147,0.6582326329773147,0.6506422541982141,0.642181536313648,0.6350840805628198,0.6582326329773147,0.6582326329773147,0.6582326329773147,0.0,0.6582326329773147
acs_full_income,31,2,7549,56281,235.7,0.0,0.0,0.6511271103410776,0.6196735481747273,0.6511271103410776,0.6511271103410776,0.6511271103410776,0.6431635225211825,0.6347738712806882,0.627109497066635,0.6511271103410776,0.6511271103410776,0.6511271103410776,0.0,0.6511271103410776
acs_full_income,31,2,7549,56281,235.7,0.0,0.0,0.6386188955040799,0.612547131361597,0.6386188955040799,0.6386188955040799,0.6386188955040799,0.6322188570486436,0.6252599431021291,0.6188958156317075,0.6386188955040799,0.6386188955040799,0.6386188955040799,0.0,0.6386188955040799
acs_full_income,31,2,7549,12135,235.7,0.0,0.0,0.6582326329773147,0.6511839999307946,0.6582326329773147,0.6582326329773147,0.6582326329773147,0.6568318861491405,0.6550808054081273,0.6531777439064037,0.6582326329773147,0.6582326329773147,0.6582326329773147,0.0,0.6582326329773147
acs_full_income,31,2,7549,12135,235.7,0.0,0.0,0.6511271103410776,0.6433946227803042,0.6511271103410776,0.6511271103410776,0.6511271103410776,0.6491557337056157,0.6474457646253596,0.6455699709088412,0.6511271103410776,0.6511271103410776,0.6511271103410776,0.0,0.6511271103410776
acs_full_income,31,2,7549,12135,235.7,0.0,0.0,0.6386188955040799,0.6296623857017173,0.6386188955040799,0.6386188955040799,0.6386188955040799,0.6368549768501758,0.6344506931966879,0.6318887188212389,0.6386188955040799,0.6386188955040799,0.6386188955040799,0.0,0.6386188955040799
acs_full_income,32,1,10364,22268,348.9,0.5,0.75,0.706151834389564,0.7087856819842325,0.706151834389564,0.7087856819842325,0.7090132026030483,0.7079886457393144,0.7090132026030483,0.7091439095768651,0.7087856819842325,0.7091439095768651,0.706151834389564,0.0,0.706151834389564
acs_full_income,32,1,10364,22268,348.9,0.625,0.5,0.6949822298791374,0.6936595403897278,0.6949822298791374,0.6936595403897278,0.6952548355860448,0.6953071001757316,0.6953296233362334,0.6949014462479914,0.6949822298791374,0.6953296233362334,0.6949822298791374,0.0,0.6949822298791374
acs_full_income,32,1,10364,22268,348.9,0.375,0.5,0.6941496870526329,0.693813564380069,0.6941496870526329,0.6941496870526329,0.6950248315849114,0.6947597678250506,0.695104151988394,0.6945060112432296,0.6941496870526329,0.695104151988394,0.6941496870526329,0.0,0.6941496870526329
acs_full_income,32,2,10364,55613,348.9,0.875,0.75,0.706151834389564,0.7098467174808304,0.706151834389564,0.7098467174808304,0.7100027947766291,0.708192096729343,0.7095819219606204,0.7100079284910217,0.7098467174808304,0.7100079284910217,0.706151834389564,0.0,0.706151834389564
acs_full_income,32,2,10364,55613,348.9,1.0,0.75,0.6949822298791374,0.6963138967342891,0.6949822298791374,0.6963138967342891,0.6963138967342891,0.6961548985522444,0.6967296088984425,0.696989817443325,0.6963138967342891,0.696989817443325,0.6949822298791374,0.0,0.6949822298791374
acs_full_income,32,2,10364,55613,348.9,0.75,0.875,0.6941496870526329,0.6977518768082057,0.6941496870526329,0.6977518768082057,0.6978272655344685,0.6959618986632078,0.6970059796517745,0.6978272655344685,0.6977518768082057,0.697891841879647,0.6941496870526329,0.0,0.6941496870526329
acs_full_income,32,2,10364,81058,348.9,0.375,0.125,0.706151834389564,0.7033311592476793,0.706151834389564,0.706151834389564,0.7060878154851661,0.7061906575053405,0.7056840599569972,0.7047054290259762,0.706151834389564,0.7064478514400911,0.706151834389564,0.0,0.706151834389564
acs_full_income,32,2,10364,81058,348.9,0.125,0.25,0.6949822298791374,0.6938181192414986,0.6949822298791374,0.6949822298791374,0.6952106994701179,0.6955020100126695,0.6953438397414402,0.694817911910516,0.6949822298791374,0.6955020100126695,0.6949822298791374,0.0,0.6949822298791374
acs_full_income,32,2,10364,81058,348.9,0.25,0.75,0.6941496870526329,0.6950377038838014,0.6941496870526329,0.6941496870526329,0.6948298072164245,0.6948298072164245,0.6953711615755451,0.6954696222220492,0.6950377038838014,0.6954696222220492,0.6941496870526329,0.0,0.6941496870526329
acs_full_income,32,2,10364,104637,348.9,1.0,1.0,0.706151834389564,0.7082726573101751,0.706151834389564,0.7082726573101751,0.7082726573101751,0.7072026235991813,0.7075680428109827,0.708268743562854,0.7082726573101751,0.7082726573101751,0.706151834389564,0.0,0.706151834389564
acs_full_income,32,2,10364,104637,348.9,1.0,0.75,0.6949822298791374,0.6960966183759116,0.6949822298791374,0.6960966183759116,0.6960966183759116,0.6955500859843223,0.6959231866300536,0.6961780750464177,0.6960966183759116,0.6961780750464177,0.6949822298791374,0.0,0.6949822298791374
acs_full_income,32,2,10364,104637,348.9,0.875,1.0,0.6941496870526329,0.6968964629916412,0.6941496870526329,0.6968964629916412,0.696801931742546,0.6953008361378593,0.6959800845636235,0.6966216204697524,0.6968964629916412,0.6968964629916412,0.6941496870526329,0.0,0.6941496870526329
acs_full_income,32,4,10364,190197,348.9,0.25,0.125,0.706151834389564,0.70371628025552,0.706151834389564,0.706151834389564,0.7063865304744678,0.7063865304744678,0.7061424524340472,0.7053593387675369,0.706151834389564,0.7065108371965819,0.706151834389564,0.0,0.706151834389564
acs_full_income,32,4,10364,190197,348.9,0.25,0.375,0.6949822298791374,0.693013925716196,0.6949822298791374,0.6949822298791374,0.6953819805999374,0.6953819805999374,0.6950940670574245,0.6945748040314472,0.6949822298791374,0.695382733111723,0.6949822298791374,0.0,0.6949822298791374
acs_full_income,32,4,10364,190197,348.9,0.25,0.5,0.6941496870526329,0.694702889191426,0.6941496870526329,0.6941496870526329,0.6950335306546317,0.6950335306546317,0.6953909978430224,0.6952332300387253,0.694702889191426,0.6953909978430224,0.6941496870526329,0.0,0.6941496870526329
acs_full_income,32,3,10364,37273,348.9,0.5,0.75,0.706151834389564,0.7087078244059243,0.706151834389564,0.7087078244059243,0.708951395784326,0.7078639330106572,0.708951395784326,0.7091923830212474,0.7087078244059243,0.7091923830212474,0.706151834389564,0.0,0.706151834389564
acs_full_income,32,3,10364,37273,348.9,0.625,0.375,0.6949822298791374,0.6940926888469952,0.6949822298791374,0.6940926888469952,0.6955681314237302,0.6955012741485352,0.6958033616753727,0.6952553265883786,0.6949822298791374,0.6959423652930933,0.6949822298791374,0.0,0.6949822298791374
acs_full_income,32,3,10364,37273,348.9,0.375,0.75,0.6941496870526329,0.6953707437145378,0.6941496870526329,0.6941496870526329,0.6955612091946022,0.6952530831385776,0.6957742480543643,0.6959665355834909,0.6953707437145378,0.6959665355834909,0.6941496870526329,0.0,0.6941496870526329
acs_full_income,32,1,10364,67016,348.9,0.25,0.375,0.706151834389564,0.7059004223300123,0.706151834389564,0.706151834389564,0.7070026362872605,0.7070026362872605,0.7072255053611417,0.7067963098614498,0.706151834389564,0.7073562752618361,0.706151834389564,0.0,0.706151834389564
acs_full_income,32,1,10364,67016,348.9,0.625,0.375,0.6949822298791374,0.6931493180838058,0.6949822298791374,0.6931493180838058,0.6949150264261046,0.6954553558822009,0.6951760928484707,0.6945949246378994,0.6949822298791374,0.6954658875614743,0.6949822298791374,0.0,0.6949822298791374
acs_full_income,32,1,10364,67016,348.9,0.5,0.75,0.6941496870526329,0.694979745628781,0.6941496870526329,0.6941496870526329,0.695388471738958,0.6950576187554787,0.695388471738958,0.6955189618221161,0.694979745628781,0.6955189618221161,0.6941496870526329,0.0,0.6941496870526329
acs_full_income,32,4,10364,80443,348.9,0.5,0.75,0.706151834389564,0.7082841150837218,0.706151834389564,0.706151834389564,0.7090241647210923,0.707996256767123,0.7090241647210923,0.7091069876594474,0.7082841150837218,0.7091069876594474,0.706151834389564,0.0,0.706151834389564
acs_full_income,32,4,10364,80443,348.9,0.625,0.375,0.6949822298791374,0.6930160788437733,0.6949822298791374,0.6930160788437733,0.6950594944583707,0.6955068111868621,0.695380159127581,0.6945715601630471,0.6949822298791374,0.6955865227808639,0.6949822298791374,0.0,0.6949822298791374
acs_full_income,32,4,10364,80443,348.9,0.375,0.625,0.6941496870526329,0.6943568247369227,0.6941496870526329,0.6941496870526329,0.6953558370085565,0.6950904580030405,0.6953350256886291,0.6953385467842436,0.6943568247369227,0.6956247461745272,0.6941496870526329,0.0,0.6941496870526329
acs_full_income,32,1,10364,50008,348.9,0.125,0.375,0.706151834389564,0.7032265889522185,0.706151834389564,0.706151834389564,0.7068082367977447,0.7067843321243132,0.7067203685511091,0.7053348372475335,0.706151834389564,0.7069049419253962,0.706151834389564,0.0,0.706151834389564
acs_full_income,32,1,10364,50008,348.9,0.375,0.25,0.6949822298791374,0.6899605955627024,0.6949822298791374,0.6949822298791374,0.6948120931872606,0.6952148860585572,0.6944414283872768,0.6926336264422438,0.6949822298791374,0.6952148860585572,0.6949822298791374,0.0,0.6949822298791374
acs_full_income,32,1,10364,50008,348.9,0.25,0.375,0.6941496870526329,0.6915409039677587,0.6941496870526329,0.6941496870526329,0.6946191682730766,0.6946191682730766,0.6944570907652905,0.6936390837295393,0.6941496870526329,0.6946536217590232,0.6941496870526329,0.0,0.6941496870526329
acs_full_income,32,2,10364,47192,348.9,0.5,0.75,0.706151834389564,0.7090328529222449,0.706151834389564,0.7090328529222449,0.709260472892365,0.707963710609709,0.709260472892365,0.7094186488990784,0.7090328529222449,0.7094186488990784,0.706151834389564,0.0,0.706151834389564
acs_full_income,32,2,10364,47192,348.9,0.75,0.125,0.6949822298791374,0.693567750711141,0.6949822298791374,0.693567750711141,0.6945927074937669,0.6953361218456728,0.6952674414338758,0.6945927074937669,0.6949822298791374,0.6953429996912511,0.6949822298791374,0.0,0.6949822298791374
acs_full_income,32,2,10364,47192,348.9,0.375,0.5,0.6941496870526329,0.6943403957341732,0.6941496870526329,0.6941496870526329,0.6951260054231198,0.6949095186454962,0.6952481276098523,0.6947484594402721,0.6943403957341732,0.6952481276098523,0.6941496870526329,0.0,0.6941496870526329
acs_full_income,32,1,10364,135924,348.9,0.75,0.75,0.706151834389564,0.7075869276543197,0.706151834389564,0.7075869276543197,0.7082639638795893,0.7075702882334121,0.7082546787836532,0.7082639638795893,0.7075869276543197,0.7082639638795893,0.706151834389564,0.0,0.706151834389564
acs_full_income,32,1,10364,135924,348.9,0.875,0.5,0.6949822298791374,0.6950214775294782,0.6949822298791374,0.6950214775294782,0.6955192301684854,0.6958074459814545,0.6961657338305672,0.6957812442048096,0.6950214775294782,0.6961657338305672,0.6949822298791374,0.0,0.6949822298791374
acs_full_income,32,1,10364,135924,348.9,0.75,0.75,0.6941496870526329,0.6965943006381269,0.6941496870526329,0.6965943006381269,0.6968612009931141,0.6955436744023342,0.6964127364625784,0.6968612009931141,0.6965943006381269,0.6968612009931141,0.6941496870526329,0.0,0.6941496870526329
acs_full_income,32,1,10364,46144,348.9,0.625,0.625,0.706151834389564,0.7069113661994433,0.706151834389564,0.7069113661994433,0.7074640571483236,0.7071448256441435,0.7074423725096853,0.7073427003587139,0.7069113661994433,0.7074640571483236,0.706151834389564,0.0,0.706151834389564
acs_full_income,32,1,10364,46144,348.9,0.875,0.25,0.6949822298791374,0.6935995573568114,0.6949822298791374,0.6935995573568114,0.6940308026628933,0.6952501621170641,0.6948665500628088,0.6943413601083935,0.6949822298791374,0.6952501621170641,0.6949822298791374,0.0,0.6949822298791374
acs_full_income,32,1,10364,46144,348.9,0.625,0.5,0.6941496870526329,0.694194710296537,0.6941496870526329,0.694194710296537,0.6951418258824038,0.6948566062735279,0.6951939677963354,0.6949671945816821,0.694194710296537,0.6951939677963354,0.6941496870526329,0.0,0.6941496870526329
acs_full_income,33,3,5576,95188,223.0,0.375,0.625,0.7586567995591995,0.7590529315014738,0.7586567995591995,0.7586567995591995,0.7591395194876857,0.7589285034827824,0.7590242393654768,0.7590804446432465,0.7590529315014738,0.759211429523368,0.7586567995591995,0.0,0.7586567995591995
acs_full_income,33,3,5576,95188,223.0,0.625,0.125,0.7630600250437499,0.7615329566090683,0.7630600250437499,0.7615329566090683,0.7627160105051832,0.7631559515919019,0.7629349721710829,0.7624725068154146,0.7630600250437499,0.7633004317339254,0.7630600250437499,0.0,0.7630600250437499
acs_full_income,33,3,5576,95188,223.0,0.0,0.75,0.7758911985311318,0.7766194589474593,0.7758911985311318,0.7758911985311318,0.7758911985311318,0.7764145228692838,0.7767518447027691,0.776753758281375,0.7766194589474593,0.776753758281375,0.7758911985311318,0.0,0.7758911985311318
acs_full_income,33,2,5576,37075,223.0,0.0,0.25,0.7586567995591995,0.7572980493599637,0.7586567995591995,0.7586567995591995,0.7586567995591995,0.7588073092670393,0.7586660201753581,0.7580801603192971,0.7586567995591995,0.7588073092670393,0.7586567995591995,0.0,0.7586567995591995
acs_full_income,33,2,5576,37075,223.0,0.125,0.125,0.7630600250437499,0.7591011493984161,0.7630600250437499,0.7630600250437499,0.7631047256597103,0.7629978569134112,0.7620873730487888,0.760790962828383,0.7630600250437499,0.7631047256597103,0.7630600250437499,0.0,0.7630600250437499
acs_full_income,33,2,5576,37075,223.0,0.0,0.625,0.7758911985311318,0.7753123651476603,0.7758911985311318,0.7758911985311318,0.7758911985311318,0.7764598028846752,0.7765391280898752,0.7762957197796564,0.7758911985311318,0.7766043416645415,0.7758911985311318,0.0,0.7758911985311318
acs_full_income,33,1,5576,3546,223.0,0.75,0.625,0.7586567995591995,0.7591006523489436,0.7586567995591995,0.7591006523489436,0.7593568066968068,0.7592064818072481,0.7594269364469798,0.7593568066968068,0.7591006523489436,0.7595132182654517,0.7586567995591995,0.0,0.7586567995591995
acs_full_income,33,1,5576,3546,223.0,1.0,0.375,0.7630600250437499,0.7622109437726803,0.7630600250437499,0.7622109437726803,0.7622109437726803,0.7632220230198838,0.7632336716635174,0.7627424268116556,0.7630600250437499,0.7633861389081866,0.7630600250437499,0.0,0.7630600250437499
acs_full_income,33,1,5576,3546,223.0,0.25,1.0,0.7758911985311318,0.7770794173169088,0.7758911985311318,0.7758911985311318,0.7763552238353728,0.7763552238353728,0.7767961178087692,0.7770256179933409,0.7770794173169088,0.7770794173169088,0.7758911985311318,0.0,0.7758911985311318
acs_full_income,33,3,5576,98100,223.0,0.375,0.5,0.7586567995591995,0.7588772760872595,0.7586567995591995,0.7586567995591995,0.7589741968432562,0.7588942996187219,0.7590354032727111,0.7588511508187201,0.7588772760872595,0.7590354032727111,0.7586567995591995,0.0,0.7586567995591995
acs_full_income,33,3,5576,98100,223.0,0.625,0.125,0.7630600250437499,0.7616631998487778,0.7630600250437499,0.7616631998487778,0.7627316778147247,0.7631031703193296,0.7627761226295072,0.7623844854873943,0.7630600250437499,0.7631525600900605,0.7630600250437499,0.0,0.7630600250437499
acs_full_income,33,3,5576,98100,223.0,0.0,0.5,0.7758911985311318,0.7757426886678227,0.7758911985311318,0.7758911985311318,0.7758911985311318,0.7762368055635654,0.7763725284467217,0.7760732817236793,0.7758911985311318,0.7763725284467217,0.7758911985311318,0.0,0.7758911985311318
acs_full_income,33,1,5576,50915,223.0,1.0,0.625,0.7586567995591995,0.7588828118721778,0.7586567995591995,0.7588828118721778,0.7588828118721778,0.7592826349970246,0.7592499144801724,0.7593518569416948,0.7588828118721778,0.7594072950662958,0.7586567995591995,0.0,0.7586567995591995
acs_full_income,33,1,5576,50915,223.0,1.0,0.125,0.7630600250437499,0.7616357347497433,0.7630600250437499,0.7616357347497433,0.7616357347497433,0.7633086600073623,0.762863432252117,0.7623340600962716,0.7630600250437499,0.7633261856347011,0.7630600250437499,0.0,0.7630600250437499
acs_full_income,33,1,5576,50915,223.0,0.125,0.625,0.7758911985311318,0.7759267352359767,0.7758911985311318,0.7758911985311318,0.7760718044442859,0.7762265230495768,0.7762292449373193,0.7762157279398983,0.7759267352359767,0.7763256385687619,0.7758911985311318,0.0,0.7758911985311318
acs_full_income,33,4,5576,141829,223.0,1.0,0.875,0.7586567995591995,0.759570119982875,0.7586567995591995,0.759570119982875,0.759570119982875,0.759040323395746,0.7594101224501993,0.7595344261919783,0.759570119982875,0.7596617473607449,0.7586567995591995,0.0,0.7586567995591995
acs_full_income,33,4,5576,141829,223.0,1.0,0.25,0.7630600250437499,0.7621493225826129,0.7630600250437499,0.7621493225826129,0.7621493225826129,0.7632494704681608,0.7630290500944574,0.7626355187045017,0.7630600250437499,0.7632494704681608,0.7630600250437499,0.0,0.7630600250437499
acs_full_income,33,4,5576,141829,223.0,0.0,1.0,0.7758911985311318,0.7776408271545977,0.7758911985311318,0.7758911985311318,0.7758911985311318,0.776573997219514,0.7771888805760043,0.7774018212390601,0.7776408271545977,0.7776408271545977,0.7758911985311318,0.0,0.7758911985311318
acs_full_income,33,2,5576,21512,223.0,1.0,0.625,0.7586567995591995,0.7588027764110993,0.7586567995591995,0.7588027764110993,0.7588027764110993,0.7589268597359636,0.7590621298240153,0.7589938004531434,0.7588027764110993,0.7591166005258222,0.7586567995591995,0.0,0.7586567995591995
acs_full_income,33,2,5576,21512,223.0,1.0,0.625,0.7630600250437499,0.7633659490887685,0.7630600250437499,0.7633659490887685,0.7633659490887685,0.7634428743553398,0.7635405571476658,0.7635927320906266,0.7633659490887685,0.7636462464970054,0.7630600250437499,0.0,0.7630600250437499
acs_full_income,33,2,5576,21512,223.0,0.125,1.0,0.7758911985311318,0.7784938795462645,0.7758911985311318,0.7758911985311318,0.7764343855806197,0.7767589610566308,0.7776250288091071,0.778286648008155,0.7784938795462645,0.7784938795462645,0.7758911985311318,0.0,0.7758911985311318
acs_full_income,33,2,5576,12714,223.0,0.0,0.625,0.7586567995591995,0.7581757761534527,0.7586567995591995,0.7586567995591995,0.7586567995591995,0.7587123839307103,0.7588118243611742,0.7586588245256556,0.7586567995591995,0.7589606431002526,0.7586567995591995,0.0,0.7586567995591995
acs_full_income,33,2,5576,12714,223.0,0.0,0.0,0.7630600250437499,0.760559765090802,0.7630600250437499,0.7630600250437499,0.7630600250437499,0.762817744184752,0.7622067271429573,0.7616859085692348,0.7630600250437499,0.7630600250437499,0.7630600250437499,0.0,0.7630600250437499
acs_full_income,33,2,5576,12714,223.0,0.0,0.0,0.7758911985311318,0.7731338473115501,0.7758911985311318,0.7758911985311318,0.7758911985311318,0.7756118687718282,0.775042804669792,0.7743014055462129,0.7758911985311318,0.7758911985311318,0.7758911985311318,0.0,0.7758911985311318
acs_full_income,33,2,5576,83050,223.0,0.0,0.25,0.7586567995591995,0.7580429449015162,0.7586567995591995,0.7586567995591995,0.7586567995591995,0.7589186096676221,0.758852698018681,0.7584955905565491,0.7586567995591995,0.7589186096676221,0.7586567995591995,0.0,0.7586567995591995
acs_full_income,33,2,5576,83050,223.0,0.25,0.25,0.7630600250437499,0.7611888280709798,0.7630600250437499,0.7630600250437499,0.7631776982347964,0.7631776982347964,0.7627400007951093,0.7620176820637999,0.7630600250437499,0.7631776982347964,0.7630600250437499,0.0,0.7630600250437499
acs_full_income,33,2,5576,83050,223.0,0.0,0.125,0.7758911985311318,0.7743215315448957,0.7758911985311318,0.7758911985311318,0.7758911985311318,0.7760472133127245,0.7759992922433503,0.775307267720489,0.7758911985311318,0.7761859099669521,0.7758911985311318,0.0,0.7758911985311318
acs_full_income,33,2,5576,93156,223.0,1.0,1.0,0.7586567995591995,0.759666474884334,0.7586567995591995,0.759666474884334,0.759666474884334,0.7592465056884178,0.7594296731547467,0.7594391531547843,0.759666474884334,0.759666474884334,0.7586567995591995,0.0,0.7586567995591995
acs_full_income,33,2,5576,93156,223.0,0.875,0.25,0.7630600250437499,0.7625964652981174,0.7630600250437499,0.7625964652981174,0.7626569168028514,0.7632702165193161,0.7629984509481083,0.762746058676845,0.7630600250437499,0.7632702165193161,0.7630600250437499,0.0,0.7630600250437499
acs_full_income,33,2,5576,93156,223.0,0.0,0.75,0.7758911985311318,0.7766844592895739,0.7758911985311318,0.7758911985311318,0.7758911985311318,0.7762175515143699,0.7765603363217265,0.7767997965142704,0.7766844592895739,0.7767997965142704,0.7758911985311318,0.0,0.7758911985311318
acs_full_income,33,2,5576,99972,223.0,0.875,0.625,0.7586567995591995,0.7591406190493575,0.7586567995591995,0.7591406190493575,0.7591206766038743,0.759074696435369,0.7591562660973799,0.7591484589720434,0.7591406190493575,0.7592441734161932,0.7586567995591995,0.0,0.7586567995591995
acs_full_income,33,2,5576,99972,223.0,1.0,0.25,0.7630600250437499,0.7629761313352015,0.7630600250437499,0.7629761313352015,0.7629761313352015,0.7634374267483067,0.7632134588475122,0.7631040545128251,0.7630600250437499,0.7634374267483067,0.7630600250437499,0.0,0.7630600250437499
acs_full_income,33,2,5576,99972,223.0,0.0,0.875,0.7758911985311318,0.7770783979344191,0.7758911985311318,0.7758911985311318,0.7758911985311318,0.7764756549620812,0.7768008751750619,0.7770343987381346,0.7770783979344191,0.7771487268297723,0.7758911985311318,0.0,0.7758911985311318
acs_full_income,33,1,5576,39944,223.0,0.0,0.5,0.7586567995591995,0.7583998020415678,0.7586567995591995,0.7586567995591995,0.7586567995591995,0.7589301104005821,0.7590380661670009,0.7589127466073081,0.7586567995591995,0.7590380661670009,0.7586567995591995,0.0,0.7586567995591995
acs_full_income,33,1,5576,39944,223.0,0.375,0.375,0.7630600250437499,0.7626807860031587,0.7630600250437499,0.7630600250437499,0.7631968951038511,0.7631320319177671,0.7631718980825442,0.7629360356170205,0.7630600250437499,0.7631968951038511,0.7630600250437499,0.0,0.7630600250437499
acs_full_income,33,1,5576,39944,223.0,0.0,0.125,0.7758911985311318,0.774479680666969,0.7758911985311318,0.7758911985311318,0.7758911985311318,0.7758806690790975,0.7756548413963492,0.7754981919078815,0.7758911985311318,0.7759224520401871,0.7758911985311318,0.0,0.7758911985311318
acs_full_income,34,3,33446,248954,1640.1,1.0,1.0,0.8203609793138894,0.8229079373488326,0.8203609793138894,0.8229079373488326,0.8229079373488326,0.8211528399544974,0.8218538218658846,0.8224113375832923,0.8229079373488326,0.8229079373488326,0.8203609793138894,0.0,0.8203609793138894
acs_full_income,34,3,33446,248954,1640.1,1.0,1.0,0.8347835121648326,0.8373753501877942,0.8347835121648326,0.8373753501877942,0.8373753501877942,0.8356285507286689,0.8363593395839046,0.8369527278274578,0.8373753501877942,0.8373753501877942,0.8347835121648326,0.0,0.8347835121648326
acs_full_income,34,3,33446,248954,1640.1,1.0,1.0,0.8339399622842256,0.8353024864743864,0.8339399622842256,0.8353024864743864,0.8353024864743864,0.8344496224862042,0.8349031301632313,0.8351800034247665,0.8353024864743864,0.8353024864743864,0.8339399622842256,0.0,0.8339399622842256
acs_full_income,34,4,33446,21978,1640.1,1.0,1.0,0.8203609793138894,0.821630945711328,0.8203609793138894,0.821630945711328,0.821630945711328,0.8207992252025929,0.8211757589949987,0.82143616333084,0.821630945711328,0.821630945711328,0.8203609793138894,0.0,0.8203609793138894
acs_full_income,34,4,33446,21978,1640.1,0.5,1.0,0.8347835121648326,0.8364454728612906,0.8347835121648326,0.8347835121648326,0.835812926426789,0.8353572507318291,0.835812926426789,0.8362059507757404,0.8364454728612906,0.8364454728612906,0.8347835121648326,0.0,0.8347835121648326
acs_full_income,34,4,33446,21978,1640.1,0.625,0.875,0.8339399622842256,0.8344152999186512,0.8339399622842256,0.8344152999186512,0.8344364488716604,0.8342131463323452,0.834394372637043,0.8344350638738549,0.8344152999186512,0.8344405485377606,0.8339399622842256,0.0,0.8339399622842256
acs_full_income,34,3,33446,64010,1640.1,1.0,1.0,0.8203609793138894,0.8230588948466881,0.8203609793138894,0.8230588948466881,0.8230588948466881,0.8212120307623639,0.8219632184505855,0.8225536089574985,0.8230588948466881,0.8230588948466881,0.8203609793138894,0.0,0.8203609793138894
acs_full_income,34,3,33446,64010,1640.1,0.875,1.0,0.8347835121648326,0.8373192787996842,0.8347835121648326,0.8373192787996842,0.8371852266793386,0.835655913973751,0.8363946947303883,0.8369876620457648,0.8373192787996842,0.8373192787996842,0.8347835121648326,0.0,0.8347835121648326
acs_full_income,34,3,33446,64010,1640.1,0.875,0.875,0.8339399622842256,0.8349328689906912,0.8339399622842256,0.8349328689906912,0.834942535123036,0.8343972900407374,0.8347576437807201,0.8349328403290183,0.8349328689906912,0.834942535123036,0.8339399622842256,0.0,0.8339399622842256
acs_full_income,34,4,33446,100588,1640.1,1.0,1.0,0.8203609793138894,0.8233122568224587,0.8203609793138894,0.8233122568224587,0.8233122568224587,0.8214147548001132,0.822326434334717,0.8229776742628919,0.8233122568224587,0.8233122568224587,0.8203609793138894,0.0,0.8203609793138894
acs_full_income,34,4,33446,100588,1640.1,0.75,1.0,0.8347835121648326,0.838162416716783,0.8347835121648326,0.838162416716783,0.8377989697154433,0.8360743206784595,0.8371059526448106,0.8377989697154433,0.838162416716783,0.838162416716783,0.8347835121648326,0.0,0.8347835121648326
acs_full_income,34,4,33446,100588,1640.1,0.75,0.75,0.8339399622842256,0.8351694089072311,0.8339399622842256,0.8351694089072311,0.8352839638120353,0.8346708992920704,0.8351377628146296,0.8352839638120353,0.8351694089072311,0.8352839638120353,0.8339399622842256,0.0,0.8339399622842256
acs_full_income,34,2,33446,40773,1640.1,0.0,0.25,0.8203609793138894,0.8198230954300381,0.8203609793138894,0.8203609793138894,0.8203609793138894,0.8203698138868133,0.8202744014865275,0.8200788484999116,0.8203609793138894,0.8203698138868133,0.8203609793138894,0.0,0.8203609793138894
acs_full_income,34,2,33446,40773,1640.1,0.0,0.0,0.8347835121648326,0.8339661943887995,0.8347835121648326,0.8347835121648326,0.8347835121648326,0.8346907856618688,0.8345304934377262,0.8342997494216743,0.8347835121648326,0.8347835121648326,0.8347835121648326,0.0,0.8347835121648326
acs_full_income,34,2,33446,40773,1640.1,0.0,0.0,0.8339399622842256,0.8328212494278828,0.8339399622842256,0.8339399622842256,0.8339399622842256,0.8338424760426693,0.8335872471993274,0.8332649798436287,0.8339399622842256,0.8339399622842256,0.8339399622842256,0.0,0.8339399622842256
acs_full_income,34,4,33446,53820,1640.1,0.875,0.875,0.8203609793138894,0.821901596086884,0.8203609793138894,0.821901596086884,0.821943897883388,0.8210495420578553,0.821537511213568,0.8218962407531779,0.821901596086884,0.821943897883388,0.8203609793138894,0.0,0.8203609793138894
acs_full_income,34,4,33446,53820,1640.1,0.5,1.0,0.8347835121648326,0.8371666322225134,0.8347835121648326,0.8347835121648326,0.8364955237020895,0.8357754364748176,0.8364955237020895,0.8369800750154573,0.8371666322225134,0.8371666322225134,0.8347835121648326,0.0,0.8347835121648326
acs_full_income,34,4,33446,53820,1640.1,0.625,0.5,0.8339399622842256,0.8340636598377311,0.8339399622842256,0.8340636598377311,0.8345250366950276,0.8343478029077502,0.8345390466089259,0.8344132172944465,0.8340636598377311,0.8345390466089259,0.8339399622842256,0.0,0.8339399622842256
acs_full_income,34,4,33446,204670,1640.1,0.875,0.875,0.8203609793138894,0.8217005102351812,0.8203609793138894,0.8217005102351812,0.8217803326124908,0.8210515834794497,0.8215085916785808,0.8217693159052155,0.8217005102351812,0.8217803326124908,0.8203609793138894,0.0,0.8203609793138894
acs_full_income,34,4,33446,204670,1640.1,0.5,0.875,0.8347835121648326,0.8369862086609272,0.8347835121648326,0.8347835121648326,0.836481557539924,0.8357970101404002,0.836481557539924,0.8368839977604019,0.8369862086609272,0.8369928115164971,0.8347835121648326,0.0,0.8347835121648326
acs_full_income,34,4,33446,204670,1640.1,0.5,0.375,0.8339399622842256,0.8337676429163495,0.8339399622842256,0.8337676429163495,0.8344261634008148,0.8343235268072751,0.8344261634008148,0.8342391074449768,0.8339399622842256,0.8344273966143816,0.8339399622842256,0.0,0.8339399622842256
acs_full_income,34,3,33446,115956,1640.1,0.75,0.875,0.8203609793138894,0.8219848371246967,0.8203609793138894,0.8219848371246967,0.8219834529110606,0.8211378276049757,0.8216657123031004,0.8219834529110606,0.8219848371246967,0.8220095490336423,0.8203609793138894,0.0,0.8203609793138894
acs_full_income,34,3,33446,115956,1640.1,0.5,1.0,0.8347835121648326,0.8367590210722629,0.8347835121648326,0.8347835121648326,0.8363352076681072,0.8356830037034596,0.8363352076681072,0.8366830726097689,0.8367590210722629,0.8367590210722629,0.8347835121648326,0.0,0.8347835121648326
acs_full_income,34,3,33446,115956,1640.1,0.5,0.5,0.8339399622842256,0.8338769799451959,0.8339399622842256,0.8339399622842256,0.8344856143581086,0.8343513226585226,0.8344856143581086,0.8342822919769035,0.8339399622842256,0.8344856143581086,0.8339399622842256,0.0,0.8339399622842256
acs_full_income,34,3,33446,182809,1640.1,1.0,1.0,0.8203609793138894,0.8228991955170599,0.8203609793138894,0.8228991955170599,0.8228991955170599,0.8212838731754664,0.8220035206106031,0.8225806867343513,0.8228991955170599,0.8228991955170599,0.8203609793138894,0.0,0.8203609793138894
acs_full_income,34,3,33446,182809,1640.1,0.625,1.0,0.8347835121648326,0.8377232577363218,0.8347835121648326,0.8377232577363218,0.8370643769820173,0.8358670285100398,0.8367436693897385,0.8373608860320436,0.8377232577363218,0.8377232577363218,0.8347835121648326,0.0,0.8347835121648326
acs_full_income,34,3,33446,182809,1640.1,0.75,0.625,0.8339399622842256,0.8348141455697835,0.8339399622842256,0.8348141455697835,0.8349354695225448,0.8345061137649263,0.8348704358219948,0.8349354695225448,0.8348141455697835,0.8349504734045574,0.8339399622842256,0.0,0.8339399622842256
acs_full_income,34,4,33446,194361,1640.1,0.75,1.0,0.8203609793138894,0.8223446811856149,0.8203609793138894,0.8223446811856149,0.8221611754306546,0.8211648478904663,0.8217535940884195,0.8221611754306546,0.8223446811856149,0.8223446811856149,0.8203609793138894,0.0,0.8203609793138894
acs_full_income,34,4,33446,194361,1640.1,0.5,1.0,0.8347835121648326,0.8372806378148208,0.8347835121648326,0.8372806378148208,0.8365465435532553,0.8358002198950826,0.8365465435532553,0.8370597865943623,0.8372806378148208,0.8372806378148208,0.8347835121648326,0.0,0.8347835121648326
acs_full_income,34,4,33446,194361,1640.1,0.5,0.5,0.8339399622842256,0.834229488635551,0.8339399622842256,0.834229488635551,0.8346326279926719,0.8343919198458688,0.8346326279926719,0.8345536128796057,0.834229488635551,0.8346326279926719,0.8339399622842256,0.0,0.8339399622842256
acs_full_income,34,4,33446,86212,1640.1,0.375,0.5,0.8203609793138894,0.8201431640455926,0.8203609793138894,0.8203609793138894,0.8207441019420627,0.8206708698986784,0.8207552874967847,0.8206001092072549,0.8203609793138894,0.8207552874967847,0.8203609793138894,0.0,0.8203609793138894
acs_full_income,34,4,33446,86212,1640.1,0.0,0.625,0.8347835121648326,0.8351494275351199,0.8347835121648326,0.8347835121648326,0.8347835121648326,0.835259016244596,0.8355248011234028,0.8354878926730329,0.8351494275351199,0.8355731172395952,0.8347835121648326,0.0,0.8347835121648326
acs_full_income,34,4,33446,86212,1640.1,0.0,0.125,0.8339399622842256,0.8322387822395204,0.8339399622842256,0.8339399622842256,0.8339399622842256,0.8339305864492573,0.8336224478626897,0.8330803285217567,0.8339399622842256,0.8339687631136063,0.8339399622842256,0.0,0.8339399622842256
acs_full_income,34,3,33446,42900,1640.1,1.0,1.0,0.8203609793138894,0.8219176035484176,0.8203609793138894,0.8219176035484176,0.8219176035484176,0.8209380631287079,0.8213744635947078,0.8217048970391391,0.8219176035484176,0.8219176035484176,0.8203609793138894,0.0,0.8203609793138894
acs_full_income,34,3,33446,42900,1640.1,0.625,1.0,0.8347835121648326,0.8366619433570964,0.8347835121648326,0.8366619433570964,0.8362480478464847,0.8354951994867887,0.8360022567426428,0.8364349286871333,0.8366619433570964,0.8366619433570964,0.8347835121648326,0.0,0.8347835121648326
acs_full_income,34,3,33446,42900,1640.1,0.625,0.5,0.8339399622842256,0.8340279089765433,0.8339399622842256,0.8340279089765433,0.8343059891305493,0.8341762924593212,0.8343203314480385,0.834257587772691,0.8340279089765433,0.8343203314480385,0.8339399622842256,0.0,0.8339399622842256
acs_full_income,35,4,6097,243485,181.5,0.25,0.125,0.6989736156121595,0.6939563756000392,0.6989736156121595,0.6989736156121595,0.6991482200506363,0.6991482200506363,0.698608580116463,0.6965807926225063,0.6989736156121595,0.699391372585432,0.6989736156121595,0.0,0.6989736156121595
acs_full_income,35,4,6097,243485,181.5,0.0,0.25,0.6974963634556512,0.6931413983222842,0.6974963634556512,0.6974963634556512,0.6974963634556512,0.6976286991808963,0.6969439797192981,0.6952088015774787,0.6974963634556512,0.6976286991808963,0.6974963634556512,0.0,0.6974963634556512
acs_full_income,35,4,6097,243485,181.5,0.0,0.0,0.6701160235527419,0.6642959086534945,0.6701160235527419,0.6701160235527419,0.6701160235527419,0.6698148713846109,0.6683338955045157,0.6667867013955526,0.6701160235527419,0.6701160235527419,0.6701160235527419,0.0,0.6701160235527419
acs_full_income,35,4,6097,198927,181.5,0.375,0.125,0.6989736156121595,0.6956103847200448,0.6989736156121595,0.6989736156121595,0.6988522121380452,0.6992749758088516,0.6985345202777847,0.6972459483152834,0.6989736156121595,0.699356484521725,0.6989736156121595,0.0,0.6989736156121595
acs_full_income,35,4,6097,198927,181.5,0.75,0.125,0.6974963634556512,0.6941571752750403,0.6974963634556512,0.6941571752750403,0.695801518059449,0.6976148925090695,0.6972186270840735,0.695801518059449,0.6974963634556512,0.6976820218296133,0.6974963634556512,0.0,0.6974963634556512
acs_full_income,35,4,6097,198927,181.5,0.0,0.625,0.6701160235527419,0.6703425597340528,0.6701160235527419,0.6701160235527419,0.6701160235527419,0.6712601433515784,0.671532124254216,0.6712297572510876,0.6703425597340528,0.6715627713050584,0.6701160235527419,0.0,0.6701160235527419
acs_full_income,35,4,6097,118643,181.5,0.25,0.125,0.6989736156121595,0.6952205811804688,0.6989736156121595,0.6989736156121595,0.6994467708330594,0.6994467708330594,0.6987018836481983,0.6976404289151902,0.6989736156121595,0.6995079240353705,0.6989736156121595,0.0,0.6989736156121595
acs_full_income,35,4,6097,118643,181.5,0.125,0.125,0.6974963634556512,0.6928339077648094,0.6974963634556512,0.6974963634556512,0.6975855320080762,0.697536788317798,0.6969437674817777,0.6951375745135902,0.6974963634556512,0.6975855320080762,0.6974963634556512,0.0,0.6974963634556512
acs_full_income,35,4,6097,118643,181.5,0.0,0.375,0.6701160235527419,0.6680290474482086,0.6701160235527419,0.6701160235527419,0.6701160235527419,0.6706783175634805,0.6705808258281064,0.6697265827652702,0.6701160235527419,0.67069705455464,0.6701160235527419,0.0,0.6701160235527419
acs_full_income,35,3,6097,109263,181.5,0.375,0.125,0.6989736156121595,0.6936041097972843,0.6989736156121595,0.6989736156121595,0.6986067527637669,0.6991413777033413,0.6983341396982077,0.6963888074352993,0.6989736156121595,0.6994851235561041,0.6989736156121595,0.0,0.6989736156121595
acs_full_income,35,3,6097,109263,181.5,0.625,0.25,0.6974963634556512,0.691859153191852,0.6974963634556512,0.6974963634556512,0.6958426294257544,0.6977215990984525,0.6968537631386906,0.6946882228651371,0.6974963634556512,0.6977215990984525,0.6974963634556512,0.0,0.6974963634556512
acs_full_income,35,3,6097,109263,181.5,0.0,0.25,0.6701160235527419,0.6683834709916101,0.6701160235527419,0.6701160235527419,0.6701160235527419,0.6712070697645627,0.6709267017892915,0.6706803124048144,0.6701160235527419,0.6712070697645627,0.6701160235527419,0.0,0.6701160235527419
acs_full_income,35,2,6097,35474,181.5,0.375,0.0,0.6989736156121595,0.6903146060241852,0.6989736156121595,0.6989736156121595,0.696926122755322,0.6978240217819677,0.6959741206574273,0.6936972491832379,0.6989736156121595,0.6989736156121595,0.6989736156121595,0.0,0.6989736156121595
acs_full_income,35,2,6097,35474,181.5,0.0,0.0,0.6974963634556512,0.6898355023555545,0.6974963634556512,0.6974963634556512,0.6974963634556512,0.6965819364172366,0.6952607377196948,0.6927007699601853,0.6974963634556512,0.6974963634556512,0.6974963634556512,0.0,0.6974963634556512
acs_full_income,35,2,6097,35474,181.5,0.0,0.375,0.6701160235527419,0.6682045584493365,0.6701160235527419,0.6701160235527419,0.6701160235527419,0.6706190958850949,0.6708445936386006,0.6699290130914048,0.6701160235527419,0.6709573204584302,0.6701160235527419,0.0,0.6701160235527419
acs_full_income,35,2,6097,10769,181.5,0.125,0.625,0.6989736156121595,0.698896549599041,0.6989736156121595,0.6989736156121595,0.6994452587727464,0.6995245761614103,0.6994623468619746,0.6993363137270568,0.6989736156121595,0.6995359090154787,0.6989736156121595,0.0,0.6989736156121595
acs_full_income,35,2,6097,10769,181.5,0.75,0.0,0.6974963634556512,0.6956884420259936,0.6974963634556512,0.6956884420259936,0.6965599419017034,0.6974860392909261,0.6970508440528926,0.6965599419017034,0.6974963634556512,0.6974963634556512,0.6974963634556512,0.0,0.6974963634556512
acs_full_income,35,2,6097,10769,181.5,0.0,0.75,0.6701160235527419,0.6711535323178918,0.6701160235527419,0.6701160235527419,0.6701160235527419,0.6709161619630721,0.6709923825828529,0.6711791904145494,0.6711535323178918,0.6711791904145494,0.6701160235527419,0.0,0.6701160235527419
acs_full_income,35,3,6097,58865,181.5,0.25,0.125,0.6989736156121595,0.6919578073841957,0.6989736156121595,0.6989736156121595,0.6990922319257038,0.6990922319257038,0.6978761603218778,0.6955908670713741,0.6989736156121595,0.6994186883406377,0.6989736156121595,0.0,0.6989736156121595
acs_full_income,35,3,6097,58865,181.5,0.125,0.25,0.6974963634556512,0.6903259888427078,0.6974963634556512,0.6974963634556512,0.6975981643334,0.6976683597608475,0.6962802513238769,0.693779409529074,0.6974963634556512,0.6976683597608475,0.6974963634556512,0.0,0.6974963634556512
acs_full_income,35,3,6097,58865,181.5,0.0,0.0,0.6701160235527419,0.6617955974893219,0.6701160235527419,0.6701160235527419,0.6701160235527419,0.6697123608536005,0.6679787332468916,0.6656929590897129,0.6701160235527419,0.6701160235527419,0.6701160235527419,0.0,0.6701160235527419
acs_full_income,35,2,6097,70965,181.5,0.375,0.125,0.6989736156121595,0.6933664878224011,0.6989736156121595,0.6989736156121595,0.6994322990985589,0.6994869417665938,0.6989503512586961,0.6969301208443155,0.6989736156121595,0.6997427472220491,0.6989736156121595,0.0,0.6989736156121595
acs_full_income,35,2,6097,70965,181.5,0.375,0.125,0.6974963634556512,0.6910893902624891,0.6974963634556512,0.6974963634556512,0.6974442638508113,0.6976099682238971,0.6967540983615528,0.6939596870697117,0.6974963634556512,0.6976240208893824,0.6974963634556512,0.0,0.6974963634556512
acs_full_income,35,2,6097,70965,181.5,0.0,0.25,0.6701160235527419,0.665944881253715,0.6701160235527419,0.6701160235527419,0.6701160235527419,0.6707988561086916,0.6702031345114529,0.6688993849038074,0.6701160235527419,0.6707988561086916,0.6701160235527419,0.0,0.6701160235527419
acs_full_income,35,2,6097,63711,181.5,0.375,0.375,0.6989736156121595,0.6937049014130706,0.6989736156121595,0.6937049014130706,0.6998949915031659,0.699836865067518,0.6993506078418581,0.6969925294345385,0.6989736156121595,0.6998949915031659,0.6989736156121595,0.0,0.6989736156121595
acs_full_income,35,2,6097,63711,181.5,0.75,0.25,0.6974963634556512,0.6923987826338618,0.6974963634556512,0.6923987826338618,0.6955003016468325,0.6983462757500023,0.6975482033145777,0.6955003016468325,0.6974963634556512,0.6983462757500023,0.6974963634556512,0.0,0.6974963634556512
acs_full_income,35,2,6097,63711,181.5,0.0,0.5,0.6701160235527419,0.6714989659526506,0.6701160235527419,0.6701160235527419,0.6701160235527419,0.6723230704114189,0.6737330860699928,0.6731265245315687,0.6714989659526506,0.6737330860699928,0.6701160235527419,0.0,0.6701160235527419
acs_full_income,35,1,6097,47781,181.5,0.125,0.125,0.6989736156121595,0.686261942277773,0.6989736156121595,0.6989736156121595,0.6990233811307736,0.6985379148967448,0.695368575249227,0.6911704892892223,0.6989736156121595,0.6990233811307736,0.6989736156121595,0.0,0.6989736156121595
acs_full_income,35,1,6097,47781,181.5,0.0,0.0,0.6974963634556512,0.6844281538003243,0.6974963634556512,0.6974963634556512,0.6974963634556512,0.6964863271180656,0.693822308368398,0.6892791802833038,0.6974963634556512,0.6974963634556512,0.6974963634556512,0.0,0.6974963634556512
acs_full_income,35,1,6097,47781,181.5,0.0,0.0,0.6701160235527419,0.6515380449792508,0.6701160235527419,0.6701160235527419,0.6701160235527419,0.6675409350312376,0.6630000315926401,0.6578108140711388,0.6701160235527419,0.6701160235527419,0.6701160235527419,0.0,0.6701160235527419
acs_full_income,35,2,6097,53493,181.5,0.125,0.0,0.6989736156121595,0.6857292813171297,0.6989736156121595,0.6989736156121595,0.6989296949010047,0.6982706306212612,0.6951626149909953,0.6908609432421365,0.6989736156121595,0.6989736156121595,0.6989736156121595,0.0,0.6989736156121595
acs_full_income,35,2,6097,53493,181.5,0.0,0.0,0.6974963634556512,0.6841289355017843,0.6974963634556512,0.6974963634556512,0.6974963634556512,0.696372567909892,0.6937581540443396,0.6889215880751406,0.6974963634556512,0.6974963634556512,0.6974963634556512,0.0,0.6974963634556512
acs_full_income,35,2,6097,53493,181.5,0.0,0.0,0.6701160235527419,0.6512193460864563,0.6701160235527419,0.6701160235527419,0.6701160235527419,0.6675190981342153,0.662967423738165,0.6578168562588909,0.6701160235527419,0.6701160235527419,0.6701160235527419,0.0,0.6701160235527419
acs_full_income,35,2,6097,183705,181.5,0.25,0.125,0.6989736156121595,0.6925188014064289,0.6989736156121595,0.6989736156121595,0.6990397586778542,0.6990397586778542,0.69829024570357,0.6958779509304667,0.6989736156121595,0.699504311700497,0.6989736156121595,0.0,0.6989736156121595
acs_full_income,35,2,6097,183705,181.5,0.125,0.25,0.6974963634556512,0.691621662396834,0.6974963634556512,0.6974963634556512,0.6975724466379476,0.6977997263915814,0.69656419839883,0.6944305651857883,0.6974963634556512,0.6977997263915814,0.6974963634556512,0.0,0.6974963634556512
acs_full_income,35,2,6097,183705,181.5,0.0,0.0,0.6701160235527419,0.6640893411531482,0.6701160235527419,0.6701160235527419,0.6701160235527419,0.6699881204837685,0.6689879348701901,0.6669285813263423,0.6701160235527419,0.6701160235527419,0.6701160235527419,0.0,0.6701160235527419
acs_full_income,36,4,72114,42976,2990.9,0.375,0.125,0.7696515026242815,0.7683760011974834,0.7696515026242815,0.7696515026242815,0.7695652172266995,0.7696659693133785,0.7694476225645861,0.7689889897935174,0.7696515026242815,0.7696824765762729,0.7696515026242815,0.0,0.7696515026242815
acs_full_income,36,4,72114,42976,2990.9,0.125,0.0,0.7662092618115475,0.7644221721697237,0.7662092618115475,0.7662092618115475,0.7661685779609886,0.7660557000530812,0.7657175207450111,0.7651627700221143,0.7662092618115475,0.7662092618115475,0.7662092618115475,0.0,0.7662092618115475
acs_full_income,36,4,72114,42976,2990.9,0.125,0.0,0.7610201289699039,0.7591255883521802,0.7610201289699039,0.7610201289699039,0.7609571360056782,0.7608370496516925,0.7604651196005924,0.7598922399152352,0.7610201289699039,0.7610201289699039,0.7610201289699039,0.0,0.7610201289699039
acs_full_income,36,2,72114,17475,2990.9,1.0,1.0,0.7696515026242815,0.7701460807009908,0.7696515026242815,0.7701460807009908,0.7701460807009908,0.7698188765495358,0.7699654622839933,0.7700665894679517,0.7701460807009908,0.7701460807009908,0.7696515026242815,0.0,0.7696515026242815
acs_full_income,36,2,72114,17475,2990.9,1.0,0.625,0.7662092618115475,0.7662964190147431,0.7662092618115475,0.7662964190147431,0.7662964190147431,0.7662976614698708,0.766324062816945,0.7663282362545311,0.7662964190147431,0.7663292388775974,0.7662092618115475,0.0,0.7662092618115475
acs_full_income,36,2,72114,17475,2990.9,1.0,0.625,0.7610201289699039,0.7611161847390515,0.7610201289699039,0.7611161847390515,0.7611161847390515,0.7610963018027159,0.7611338103256957,0.7611400477929783,0.7611161847390515,0.7611431954615565,0.7610201289699039,0.0,0.7610201289699039
acs_full_income,36,4,72114,105405,2990.9,1.0,0.75,0.7696515026242815,0.7702020381385809,0.7696515026242815,0.7702020381385809,0.7702020381385809,0.7700299083082343,0.7702353090363343,0.7702766456440826,0.7702020381385809,0.7702766456440826,0.7696515026242815,0.0,0.7696515026242815
acs_full_income,36,4,72114,105405,2990.9,0.75,0.375,0.7662092618115475,0.7659844354620993,0.7662092618115475,0.7659844354620993,0.7662606338608419,0.7663732123196026,0.7663661421132795,0.7662606338608419,0.7662092618115475,0.766390305170171,0.7662092618115475,0.0,0.7662092618115475
acs_full_income,36,4,72114,105405,2990.9,0.625,0.375,0.7610201289699039,0.7608488867722473,0.7610201289699039,0.7608488867722473,0.7611431342357654,0.7611719450716475,0.76118664889734,0.761056914499892,0.7610201289699039,0.7611951713014695,0.7610201289699039,0.0,0.7610201289699039
acs_full_income,36,3,72114,34199,2990.9,0.25,0.0,0.7696515026242815,0.7690022266204218,0.7696515026242815,0.7696515026242815,0.769572930874423,0.769572930874423,0.7694454080484833,0.7692449995674553,0.7696515026242815,0.7696515026242815,0.7696515026242815,0.0,0.7696515026242815
acs_full_income,36,3,72114,34199,2990.9,0.125,0.0,0.7662092618115475,0.7653277276688258,0.7662092618115475,0.7662092618115475,0.7661557809011529,0.7661001481296718,0.7658832648419637,0.7656527849447735,0.7662092618115475,0.7662092618115475,0.7662092618115475,0.0,0.7662092618115475
acs_full_income,36,3,72114,34199,2990.9,0.0,0.0,0.7610201289699039,0.7601615143378521,0.7610201289699039,0.7610201289699039,0.7610201289699039,0.7608896317208289,0.7606983458855701,0.7604496278971546,0.7610201289699039,0.7610201289699039,0.7610201289699039,0.0,0.7610201289699039
acs_full_income,36,3,72114,95367,2990.9,0.75,0.375,0.7696515026242815,0.769710245278731,0.7696515026242815,0.769710245278731,0.7698340853591381,0.7698229140196878,0.7698700710232289,0.7698340853591381,0.769710245278731,0.7698783947276128,0.7696515026242815,0.0,0.7696515026242815
acs_full_income,36,3,72114,95367,2990.9,0.375,0.125,0.7662092618115475,0.765574560812017,0.7662092618115475,0.7662092618115475,0.7661471326420476,0.7661901081936038,0.7660759222734012,0.7658639281465698,0.7662092618115475,0.7662251791259087,0.7662092618115475,0.0,0.7662092618115475
acs_full_income,36,3,72114,95367,2990.9,0.375,0.125,0.7610201289699039,0.7605707682510889,0.7610201289699039,0.7610201289699039,0.7610058948276861,0.7610210364465858,0.7609627917619907,0.760821036978386,0.7610201289699039,0.7610448437461056,0.7610201289699039,0.0,0.7610201289699039
acs_full_income,36,2,72114,103824,2990.9,0.375,0.25,0.7696515026242815,0.7691753305232727,0.7696515026242815,0.7696515026242815,0.7696636871414946,0.7696658678352554,0.7696045684293099,0.7694366210457065,0.7696515026242815,0.7696658678352554,0.7696515026242815,0.0,0.7696515026242815
acs_full_income,36,2,72114,103824,2990.9,0.5,0.0,0.7662092618115475,0.7653106174364699,0.7662092618115475,0.7662092618115475,0.7659526642841525,0.766124891101204,0.7659526642841525,0.7656692628640485,0.7662092618115475,0.7662092618115475,0.7662092618115475,0.0,0.7662092618115475
acs_full_income,36,2,72114,103824,2990.9,0.25,0.125,0.7610201289699039,0.7604146925949904,0.7610201289699039,0.7610201289699039,0.7610151794913461,0.7610151794913461,0.7609109412183315,0.7607045968169429,0.7610201289699039,0.7610251805483815,0.7610201289699039,0.0,0.7610201289699039
acs_full_income,36,4,72114,84370,2990.9,0.5,0.125,0.7696515026242815,0.7688268684652428,0.7696515026242815,0.7696515026242815,0.7695207119563025,0.7696521838989262,0.7695207119563025,0.7692212673210315,0.7696515026242815,0.7696797249030818,0.7696515026242815,0.0,0.7696515026242815
acs_full_income,36,4,72114,84370,2990.9,0.25,0.0,0.7662092618115475,0.7647898716941842,0.7662092618115475,0.7662092618115475,0.7660543742055772,0.7660543742055772,0.7657420180682186,0.7653201353552963,0.7662092618115475,0.7662092618115475,0.7662092618115475,0.0,0.7662092618115475
acs_full_income,36,4,72114,84370,2990.9,0.125,0.0,0.7610201289699039,0.7596363707778252,0.7610201289699039,0.7610201289699039,0.7609521460047235,0.7608596826162277,0.7605731763376303,0.7601617687061347,0.7610201289699039,0.7610201289699039,0.7610201289699039,0.0,0.7610201289699039
acs_full_income,36,2,72114,34082,2990.9,0.0,0.0,0.7696515026242815,0.7681897115799641,0.7696515026242815,0.7696515026242815,0.7696515026242815,0.7694673055800646,0.7691596866642905,0.7687217772076399,0.7696515026242815,0.7696515026242815,0.7696515026242815,0.0,0.7696515026242815
acs_full_income,36,2,72114,34082,2990.9,0.0,0.0,0.7662092618115475,0.7645515122264075,0.7662092618115475,0.7662092618115475,0.7662092618115475,0.765975411359827,0.765593526734535,0.7651247352238383,0.7662092618115475,0.7662092618115475,0.7662092618115475,0.0,0.7662092618115475
acs_full_income,36,2,72114,34082,2990.9,0.0,0.0,0.7610201289699039,0.7591700658339695,0.7610201289699039,0.7610201289699039,0.7610201289699039,0.7607191872178998,0.7603152992560692,0.7597952722162659,0.7610201289699039,0.7610201289699039,0.7610201289699039,0.0,0.7610201289699039
acs_full_income,36,4,72114,65805,2990.9,0.0,0.0,0.7696515026242815,0.7683113862858808,0.7696515026242815,0.7696515026242815,0.7696515026242815,0.7694430862457201,0.7691508369075039,0.7687785867454079,0.7696515026242815,0.7696515026242815,0.7696515026242815,0.0,0.7696515026242815
acs_full_income,36,4,72114,65805,2990.9,0.0,0.0,0.7662092618115475,0.7648323589075408,0.7662092618115475,0.7662092618115475,0.7662092618115475,0.7660155312715581,0.7657204679789676,0.7653115153072104,0.7662092618115475,0.7662092618115475,0.7662092618115475,0.0,0.7662092618115475
acs_full_income,36,4,72114,65805,2990.9,0.0,0.0,0.7610201289699039,0.7593022262173725,0.7610201289699039,0.7610201289699039,0.7610201289699039,0.7607227796645314,0.7603470158006645,0.7598496186915742,0.7610201289699039,0.7610201289699039,0.7610201289699039,0.0,0.7610201289699039
acs_full_income,36,2,72114,76942,2990.9,0.0,0.0,0.7696515026242815,0.7678014961131325,0.7696515026242815,0.7696515026242815,0.7696515026242815,0.7693464366208252,0.7689328926617609,0.7684229983937338,0.7696515026242815,0.7696515026242815,0.7696515026242815,0.0,0.7696515026242815
acs_full_income,36,2,72114,76942,2990.9,0.0,0.0,0.7662092618115475,0.7641861119010376,0.7662092618115475,0.7662092618115475,0.7662092618115475,0.765859310277437,0.7653814447304947,0.7648518659861637,0.7662092618115475,0.7662092618115475,0.7662092618115475,0.0,0.7662092618115475
acs_full_income,36,2,72114,76942,2990.9,0.0,0.0,0.7610201289699039,0.7588534906000561,0.7610201289699039,0.7610201289699039,0.7610201289699039,0.7606328289815089,0.7601424341843043,0.7595477105126841,0.7610201289699039,0.7610201289699039,0.7610201289699039,0.0,0.7610201289699039
acs_full_income,36,2,72114,26988,2990.9,1.0,0.75,0.7696515026242815,0.7699649550588781,0.7696515026242815,0.7699649550588781,0.7699649550588781,0.7698456917640796,0.7699716924428153,0.77002586359495,0.7699649550588781,0.77002586359495,0.7696515026242815,0.0,0.7696515026242815
acs_full_income,36,2,72114,26988,2990.9,0.625,0.25,0.7662092618115475,0.7660050063800216,0.7662092618115475,0.7660050063800216,0.766208855030316,0.7662719835984848,0.7662529637968454,0.7661443455728147,0.7662092618115475,0.7662719835984848,0.7662092618115475,0.0,0.7662092618115475
acs_full_income,36,2,72114,26988,2990.9,0.625,0.25,0.7610201289699039,0.760819165704604,0.7610201289699039,0.760819165704604,0.7610305698573347,0.7610903047913474,0.7610619926365454,0.7609788361983952,0.7610201289699039,0.7610903047913474,0.7610201289699039,0.0,0.7610201289699039
acs_full_income,36,1,72114,21919,2990.9,1.0,1.0,0.7696515026242815,0.7702864563496559,0.7696515026242815,0.7702864563496559,0.7702864563496559,0.7698422451491258,0.7700003599227689,0.7701715161616394,0.7702864563496559,0.7702864563496559,0.7696515026242815,0.0,0.7696515026242815
acs_full_income,36,1,72114,21919,2990.9,1.0,1.0,0.7662092618115475,0.7665445838173066,0.7662092618115475,0.7665445838173066,0.7665445838173066,0.7663192056178845,0.7664192744998832,0.7664927268692334,0.7665445838173066,0.7665445838173066,0.7662092618115475,0.0,0.7662092618115475
acs_full_income,36,1,72114,21919,2990.9,1.0,1.0,0.7610201289699039,0.761309456354116,0.7610201289699039,0.761309456354116,0.761309456354116,0.7611169971672227,0.7611942193741335,0.7612544215866219,0.761309456354116,0.761309456354116,0.7610201289699039,0.0,0.7610201289699039
acs_full_income,37,4,36446,51861,1188.6,0.0,0.0,0.7253120035613186,0.7237987468004254,0.7253120035613186,0.7253120035613186,0.7253120035613186,0.7250008169159383,0.7246577482812607,0.724274294310516,0.7253120035613186,0.7253120035613186,0.7253120035613186,0.0,0.7253120035613186
acs_full_income,37,4,36446,51861,1188.6,0.0,0.0,0.7146974664582418,0.7135578706169019,0.7146974664582418,0.7146974664582418,0.7146974664582418,0.7144804575121548,0.7141912783371117,0.7139083947397079,0.7146974664582418,0.7146974664582418,0.7146974664582418,0.0,0.7146974664582418
acs_full_income,37,4,36446,51861,1188.6,0.0,0.0,0.7202221923655607,0.7181865711086813,0.7202221923655607,0.7202221923655607,0.7202221923655607,0.7198112421989744,0.7193718364471178,0.718843995754814,0.7202221923655607,0.7202221923655607,0.7202221923655607,0.0,0.7202221923655607
acs_full_income,37,4,36446,90136,1188.6,0.0,0.0,0.7253120035613186,0.7198510063018863,0.7253120035613186,0.7253120035613186,0.7253120035613186,0.724261291763929,0.7230398257422406,0.7215558446476845,0.7253120035613186,0.7253120035613186,0.7253120035613186,0.0,0.7253120035613186
acs_full_income,37,4,36446,90136,1188.6,0.0,0.0,0.7146974664582418,0.7093534681848896,0.7146974664582418,0.7146974664582418,0.7146974664582418,0.7136017273008985,0.712364190157515,0.7109468019421363,0.7146974664582418,0.7146974664582418,0.7146974664582418,0.0,0.7146974664582418
acs_full_income,37,4,36446,90136,1188.6,0.0,0.0,0.7202221923655607,0.7143334853274264,0.7202221923655607,0.7202221923655607,0.7202221923655607,0.7188989557433324,0.7175307672300492,0.7160192332914361,0.7202221923655607,0.7202221923655607,0.7202221923655607,0.0,0.7202221923655607
acs_full_income,37,4,36446,101742,1188.6,0.0,0.0,0.7253120035613186,0.7228298916786899,0.7253120035613186,0.7253120035613186,0.7253120035613186,0.724793343439302,0.724262007817619,0.7235603746930975,0.7253120035613186,0.7253120035613186,0.7253120035613186,0.0,0.7253120035613186
acs_full_income,37,4,36446,101742,1188.6,0.0,0.0,0.7146974664582418,0.7122877489109125,0.7146974664582418,0.7146974664582418,0.7146974664582418,0.7141692993720531,0.7136005687128476,0.7130033598231437,0.7146974664582418,0.7146974664582418,0.7146974664582418,0.0,0.7146974664582418
acs_full_income,37,4,36446,101742,1188.6,0.0,0.0,0.7202221923655607,0.7174218249997482,0.7202221923655607,0.7202221923655607,0.7202221923655607,0.7195796736778692,0.7189052440626853,0.7181516852836471,0.7202221923655607,0.7202221923655607,0.7202221923655607,0.0,0.7202221923655607
acs_full_income,37,2,36446,72479,1188.6,0.0,0.0,0.7253120035613186,0.7224068127714558,0.7253120035613186,0.7253120035613186,0.7253120035613186,0.7246815537112512,0.7239994378194183,0.7231990551552949,0.7253120035613186,0.7253120035613186,0.7253120035613186,0.0,0.7253120035613186
acs_full_income,37,2,36446,72479,1188.6,0.0,0.0,0.7146974664582418,0.7116440515118091,0.7146974664582418,0.7146974664582418,0.7146974664582418,0.7140200404209676,0.7133287676855149,0.7125026826041505,0.7146974664582418,0.7146974664582418,0.7146974664582418,0.0,0.7146974664582418
acs_full_income,37,2,36446,72479,1188.6,0.0,0.0,0.7202221923655607,0.7171045356981107,0.7202221923655607,0.7202221923655607,0.7202221923655607,0.7195315526115623,0.718767723355253,0.7179548873288956,0.7202221923655607,0.7202221923655607,0.7202221923655607,0.0,0.7202221923655607
acs_full_income,37,1,36446,17745,1188.6,0.0,0.0,0.7253120035613186,0.7242608751856223,0.7253120035613186,0.7253120035613186,0.7253120035613186,0.725128237144141,0.7248889093572314,0.7245970612816228,0.7253120035613186,0.7253120035613186,0.7253120035613186,0.0,0.7253120035613186
acs_full_income,37,1,36446,17745,1188.6,0.0,0.0,0.7146974664582418,0.7137229424840831,0.7146974664582418,0.7146974664582418,0.7146974664582418,0.7145181747352314,0.7142983511654115,0.7140287961082448,0.7146974664582418,0.7146974664582418,0.7146974664582418,0.0,0.7146974664582418
acs_full_income,37,1,36446,17745,1188.6,0.0,0.0,0.7202221923655607,0.7187884593857166,0.7202221923655607,0.7202221923655607,0.7202221923655607,0.7199520613135595,0.7196572275113463,0.7192840864042914,0.7202221923655607,0.7202221923655607,0.7202221923655607,0.0,0.7202221923655607
acs_full_income,37,3,36446,28365,1188.6,0.25,0.125,0.7253120035613186,0.724263960309654,0.7253120035613186,0.7253120035613186,0.7252911907263141,0.7252911907263141,0.7251056056505539,0.7247888908958261,0.7253120035613186,0.725324067487047,0.7253120035613186,0.0,0.7253120035613186
acs_full_income,37,3,36446,28365,1188.6,0.125,0.5,0.7146974664582418,0.7144186524545473,0.7146974664582418,0.7146974664582418,0.7147507080330631,0.7147948920844618,0.7148489117224403,0.7146677908163007,0.7146974664582418,0.7148489117224403,0.7146974664582418,0.0,0.7146974664582418
acs_full_income,37,3,36446,28365,1188.6,0.375,0.0,0.7202221923655607,0.7187650132053934,0.7202221923655607,0.7202221923655607,0.7199489776585231,0.7200896820669274,0.7197814498416639,0.7193489767290492,0.7202221923655607,0.7202221923655607,0.7202221923655607,0.0,0.7202221923655607
acs_full_income,37,2,36446,35474,1188.6,0.0,0.0,0.7253120035613186,0.7224809410635757,0.7253120035613186,0.7253120035613186,0.7253120035613186,0.724821783119326,0.7241843006669599,0.7234323318064902,0.7253120035613186,0.7253120035613186,0.7253120035613186,0.0,0.7253120035613186
acs_full_income,37,2,36446,35474,1188.6,0.0,0.0,0.7146974664582418,0.711554411003894,0.7146974664582418,0.7146974664582418,0.7146974664582418,0.7140976421758416,0.7133727818656765,0.7125712915923732,0.7146974664582418,0.7146974664582418,0.7146974664582418,0.0,0.7146974664582418
acs_full_income,37,2,36446,35474,1188.6,0.0,0.0,0.7202221923655607,0.7168581837179322,0.7202221923655607,0.7202221923655607,0.7202221923655607,0.7194418452739173,0.7187018775977427,0.7178302207274365,0.7202221923655607,0.7202221923655607,0.7202221923655607,0.0,0.7202221923655607
acs_full_income,37,2,36446,18888,1188.6,0.5,0.625,0.7253120035613186,0.7253190332354753,0.7253120035613186,0.7253190332354753,0.725431197425819,0.7254131182358338,0.725431197425819,0.7254364214767246,0.7253190332354753,0.7254529159588836,0.7253120035613186,0.0,0.7253120035613186
acs_full_income,37,2,36446,18888,1188.6,0.625,1.0,0.7146974664582418,0.7153514011213292,0.7146974664582418,0.7146974664582418,0.7151997336944355,0.7149393702546344,0.7151167554572428,0.7152338478544966,0.7153514011213292,0.7153514011213292,0.7146974664582418,0.0,0.7146974664582418
acs_full_income,37,2,36446,18888,1188.6,0.75,0.0,0.7202221923655607,0.7198178440815328,0.7202221923655607,0.7198178440815328,0.7200236170095692,0.7202019034700682,0.7201478972906136,0.7200236170095692,0.7202221923655607,0.7202221923655607,0.7202221923655607,0.0,0.7202221923655607
acs_full_income,37,2,36446,141636,1188.6,0.0,0.0,0.7253120035613186,0.7230227125546101,0.7253120035613186,0.7253120035613186,0.7253120035613186,0.7248201757310855,0.7243218444487023,0.7237011092283299,0.7253120035613186,0.7253120035613186,0.7253120035613186,0.0,0.7253120035613186
acs_full_income,37,2,36446,141636,1188.6,0.0,0.0,0.7146974664582418,0.7124654726086945,0.7146974664582418,0.7146974664582418,0.7146974664582418,0.7141957195965298,0.7136882811601639,0.7131203237952841,0.7146974664582418,0.7146974664582418,0.7146974664582418,0.0,0.7146974664582418
acs_full_income,37,2,36446,141636,1188.6,0.0,0.0,0.7202221923655607,0.7177928164513923,0.7202221923655607,0.7202221923655607,0.7202221923655607,0.7196853209451153,0.719108097760121,0.7185054462501542,0.7202221923655607,0.7202221923655607,0.7202221923655607,0.0,0.7202221923655607
acs_full_income,37,1,36446,135924,1188.6,0.0,0.0,0.7253120035613186,0.7233592597274844,0.7253120035613186,0.7253120035613186,0.7253120035613186,0.7248698331550281,0.7245005613239991,0.7239605428622521,0.7253120035613186,0.7253120035613186,0.7253120035613186,0.0,0.7253120035613186
acs_full_income,37,1,36446,135924,1188.6,0.0,0.0,0.7146974664582418,0.7128805378108114,0.7146974664582418,0.7146974664582418,0.7146974664582418,0.7142844095339931,0.7138590592840386,0.7133943771251886,0.7146974664582418,0.7146974664582418,0.7146974664582418,0.0,0.7146974664582418
acs_full_income,37,1,36446,135924,1188.6,0.0,0.0,0.7202221923655607,0.7181688414923499,0.7202221923655607,0.7202221923655607,0.7202221923655607,0.7197733474768605,0.7192866538602667,0.7187604149341013,0.7202221923655607,0.7202221923655607,0.7202221923655607,0.0,0.7202221923655607
acs_full_income,37,1,36446,3064,1188.6,0.0,0.0,0.7253120035613186,0.72496641943934,0.7253120035613186,0.7253120035613186,0.7253120035613186,0.7252433581734125,0.725156528749519,0.7250399747176902,0.7253120035613186,0.7253120035613186,0.7253120035613186,0.0,0.7253120035613186
acs_full_income,37,1,36446,3064,1188.6,0.0,0.0,0.7146974664582418,0.7143184923958453,0.7146974664582418,0.7146974664582418,0.7146974664582418,0.7146040452842116,0.7145227013281082,0.7144366684742299,0.7146974664582418,0.7146974664582418,0.7146974664582418,0.0,0.7146974664582418
acs_full_income,37,1,36446,3064,1188.6,0.0,0.0,0.7202221923655607,0.7196259494815609,0.7202221923655607,0.7202221923655607,0.7202221923655607,0.7200810074998558,0.7199260941156695,0.719772247880513,0.7202221923655607,0.7202221923655607,0.7202221923655607,0.0,0.7202221923655607
acs_full_income,38,3,3118,110437,114.5,0.125,0.0,0.6528244155820163,0.6343068901145508,0.6528244155820163,0.6528244155820163,0.6521116809247167,0.6511167220121988,0.6472073475910582,0.6414181119779331,0.6528244155820163,0.6528244155820163,0.6528244155820163,0.0,0.6528244155820163
acs_full_income,38,3,3118,110437,114.5,0.0,0.0,0.6609290463738732,0.635436484136585,0.6609290463738732,0.6609290463738732,0.6609290463738732,0.6579806298334308,0.6518400313945578,0.6438253933986982,0.6609290463738732,0.6609290463738732,0.6609290463738732,0.0,0.6609290463738732
acs_full_income,38,3,3118,110437,114.5,0.125,0.0,0.6670757682011882,0.6270660067696612,0.6670757682011882,0.6670757682011882,0.6634345950256602,0.6599235556732583,0.6505371493862541,0.6380070538667308,0.6670757682011882,0.6670757682011882,0.6670757682011882,0.0,0.6670757682011882
acs_full_income,38,3,3118,82228,114.5,0.125,0.0,0.6528244155820163,0.6411771244453854,0.6528244155820163,0.6528244155820163,0.6518886823984595,0.6518632442818522,0.6480279984090894,0.6444209754582605,0.6528244155820163,0.6528244155820163,0.6528244155820163,0.0,0.6528244155820163
acs_full_income,38,3,3118,82228,114.5,0.0,0.0,0.6609290463738732,0.6450074169013383,0.6609290463738732,0.6609290463738732,0.6609290463738732,0.6584899557357651,0.6549951701698176,0.6503534371875093,0.6609290463738732,0.6609290463738732,0.6609290463738732,0.0,0.6609290463738732
acs_full_income,38,3,3118,82228,114.5,0.375,0.0,0.6670757682011882,0.6406011628594852,0.6670757682011882,0.6670757682011882,0.6584943258338309,0.6617120463540381,0.6548113794183683,0.6482008479628771,0.6670757682011882,0.6670757682011882,0.6670757682011882,0.0,0.6670757682011882
acs_full_income,38,3,3118,131314,114.5,0.125,0.0,0.6528244155820163,0.6411120146360045,0.6528244155820163,0.6528244155820163,0.652540120559211,0.6522513401979907,0.6495736557460909,0.6460526656338933,0.6528244155820163,0.6528244155820163,0.6528244155820163,0.0,0.6528244155820163
acs_full_income,38,3,3118,131314,114.5,0.0,0.0,0.6609290463738732,0.6451411493330149,0.6609290463738732,0.6609290463738732,0.6609290463738732,0.6592224385106127,0.6561296731762678,0.6505156140757653,0.6609290463738732,0.6609290463738732,0.6609290463738732,0.0,0.6609290463738732
acs_full_income,38,3,3118,131314,114.5,0.375,0.0,0.6670757682011882,0.6391043243398908,0.6670757682011882,0.6670757682011882,0.6591559643544657,0.6619563598265111,0.6556755275790287,0.6482896914494636,0.6670757682011882,0.6670757682011882,0.6670757682011882,0.0,0.6670757682011882
acs_full_income,38,3,3118,242636,114.5,0.125,0.0,0.6528244155820163,0.6312737046263769,0.6528244155820163,0.6528244155820163,0.6523777084943941,0.6506557832520317,0.646061816455843,0.6392149733493409,0.6528244155820163,0.6528244155820163,0.6528244155820163,0.0,0.6528244155820163
acs_full_income,38,3,3118,242636,114.5,0.0,0.0,0.6609290463738732,0.6318110680835879,0.6609290463738732,0.6609290463738732,0.6609290463738732,0.6569258434735428,0.6503846645543836,0.641008184994665,0.6609290463738732,0.6609290463738732,0.6609290463738732,0.0,0.6609290463738732
acs_full_income,38,3,3118,242636,114.5,0.125,0.0,0.6670757682011882,0.6213576395601362,0.6670757682011882,0.6670757682011882,0.6630500767429313,0.6588905690452465,0.6477525950857521,0.6344165200564627,0.6670757682011882,0.6670757682011882,0.6670757682011882,0.0,0.6670757682011882
acs_full_income,38,3,3118,117259,114.5,0.125,0.0,0.6528244155820163,0.6416016154467183,0.6528244155820163,0.6528244155820163,0.6519394207234378,0.6516084077401507,0.6480210794679782,0.6444409821637499,0.6528244155820163,0.6528244155820163,0.6528244155820163,0.0,0.6528244155820163
acs_full_income,38,3,3118,117259,114.5,0.0,0.0,0.6609290463738732,0.6453865430549307,0.6609290463738732,0.6609290463738732,0.6609290463738732,0.6587639758757999,0.6553189962936999,0.65071394935413,0.6609290463738732,0.6609290463738732,0.6609290463738732,0.0,0.6609290463738732
acs_full_income,38,3,3118,117259,114.5,0.375,0.0,0.6670757682011882,0.6414803209747303,0.6670757682011882,0.6670757682011882,0.6589791193025883,0.6621972684767622,0.6553835015895583,0.6488144230108097,0.6670757682011882,0.6670757682011882,0.6670757682011882,0.0,0.6670757682011882
acs_full_income,38,4,3118,167614,114.5,0.125,0.0,0.6528244155820163,0.6328554216588598,0.6528244155820163,0.6528244155820163,0.6521316267242754,0.6506713113723476,0.6464118188148918,0.6400423303184101,0.6528244155820163,0.6528244155820163,0.6528244155820163,0.0,0.6528244155820163
acs_full_income,38,4,3118,167614,114.5,0.0,0.0,0.6609290463738732,0.6338121330717641,0.6609290463738732,0.6609290463738732,0.6609290463738732,0.6579370745434466,0.6511926403681468,0.6432560004517036,0.6609290463738732,0.6609290463738732,0.6609290463738732,0.0,0.6609290463738732
acs_full_income,38,4,3118,167614,114.5,0.375,0.0,0.6670757682011882,0.625409496542185,0.6670757682011882,0.6670757682011882,0.6548256679742132,0.6595542707346649,0.6494685312240936,0.6374275872216287,0.6670757682011882,0.6670757682011882,0.6670757682011882,0.0,0.6670757682011882
acs_full_income,38,2,3118,56627,114.5,0.125,0.0,0.6528244155820163,0.6400248544117288,0.6528244155820163,0.6528244155820163,0.6526806015348727,0.6521413574180619,0.6491209316548532,0.6456359615377187,0.6528244155820163,0.6528244155820163,0.6528244155820163,0.0,0.6528244155820163
acs_full_income,38,2,3118,56627,114.5,0.0,0.0,0.6609290463738732,0.6417622344679959,0.6609290463738732,0.6609290463738732,0.6609290463738732,0.6589477690358482,0.6544408422031665,0.6488306136127489,0.6609290463738732,0.6609290463738732,0.6609290463738732,0.0,0.6609290463738732
acs_full_income,38,2,3118,56627,114.5,0.375,0.0,0.6670757682011882,0.6361490587244576,0.6670757682011882,0.6670757682011882,0.6578320420003392,0.6612099831026657,0.6544828630098923,0.6455951580709436,0.6670757682011882,0.6670757682011882,0.6670757682011882,0.0,0.6670757682011882
acs_full_income,38,2,3118,12714,114.5,0.0,0.0,0.6528244155820163,0.6379420651126889,0.6528244155820163,0.6528244155820163,0.6528244155820163,0.6504702788753841,0.6462462698421575,0.6421234495278819,0.6528244155820163,0.6528244155820163,0.6528244155820163,0.0,0.6528244155820163
acs_full_income,38,2,3118,12714,114.5,0.0,0.0,0.6609290463738732,0.6417332062276866,0.6609290463738732,0.6609290463738732,0.6609290463738732,0.6584160735095381,0.6542516772560545,0.6481305128240453,0.6609290463738732,0.6609290463738732,0.6609290463738732,0.0,0.6609290463738732
acs_full_income,38,2,3118,12714,114.5,0.375,0.0,0.6670757682011882,0.6362526629848706,0.6670757682011882,0.6670757682011882,0.6568514500350027,0.6611743611244978,0.6534317528915934,0.6454767556005604,0.6670757682011882,0.6670757682011882,0.6670757682011882,0.0,0.6670757682011882
acs_full_income,38,3,3118,42275,114.5,0.25,0.0,0.6528244155820163,0.6446806777293626,0.6528244155820163,0.6528244155820163,0.6522424951729484,0.6522424951729484,0.65031581986765,0.6475266269817552,0.6528244155820163,0.6528244155820163,0.6528244155820163,0.0,0.6528244155820163
acs_full_income,38,3,3118,42275,114.5,0.0,0.0,0.6609290463738732,0.648125935390119,0.6609290463738732,0.6609290463738732,0.6609290463738732,0.6597109978378177,0.6572088426479062,0.6532748068758135,0.6609290463738732,0.6609290463738732,0.6609290463738732,0.0,0.6609290463738732
acs_full_income,38,3,3118,42275,114.5,0.5,0.0,0.6670757682011882,0.6460283126645006,0.6670757682011882,0.6460283126645006,0.6576536953256443,0.6627957220389568,0.6576536953256443,0.6522955418915396,0.6670757682011882,0.6670757682011882,0.6670757682011882,0.0,0.6670757682011882
acs_full_income,38,3,3118,32406,114.5,0.125,0.0,0.6528244155820163,0.6410233887999726,0.6528244155820163,0.6528244155820163,0.6513388727924092,0.650709672936467,0.6475177332927599,0.6442757439602521,0.6528244155820163,0.6528244155820163,0.6528244155820163,0.0,0.6528244155820163
acs_full_income,38,3,3118,32406,114.5,0.0,0.0,0.6609290463738732,0.6466588349870788,0.6609290463738732,0.6609290463738732,0.6609290463738732,0.6583600357073007,0.6546613937444895,0.6510538363234831,0.6609290463738732,0.6609290463738732,0.6609290463738732,0.0,0.6609290463738732
acs_full_income,38,3,3118,32406,114.5,0.25,0.0,0.6670757682011882,0.6427687945747412,0.6670757682011882,0.6670757682011882,0.6613223545380469,0.6613223545380469,0.6545622410345251,0.6490944964826124,0.6670757682011882,0.6670757682011882,0.6670757682011882,0.0,0.6670757682011882
acs_full_income,38,1,3118,4899,114.5,0.125,0.5,0.6528244155820163,0.6537995778913714,0.6528244155820163,0.6528244155820163,0.6525605473591235,0.6531866922897385,0.6538395336458449,0.6536637723855843,0.6537995778913714,0.6538395336458449,0.6528244155820163,0.0,0.6528244155820163
acs_full_income,38,1,3118,4899,114.5,0.875,0.375,0.6609290463738732,0.6600522996703245,0.6609290463738732,0.6600522996703245,0.6607232004818674,0.6614110461267741,0.6616949176339397,0.6609023432860094,0.6609290463738732,0.6617001930358108,0.6609290463738732,0.0,0.6609290463738732
acs_full_income,38,1,3118,4899,114.5,1.0,0.0,0.6670757682011882,0.6641447491927951,0.6670757682011882,0.6641447491927951,0.6641447491927951,0.6664418592385724,0.6661147088750718,0.6653405535651388,0.6670757682011882,0.6670757682011882,0.6670757682011882,0.0,0.6670757682011882
acs_full_income,38,1,3118,39944,114.5,0.125,0.0,0.6528244155820163,0.6359110687740842,0.6528244155820163,0.6528244155820163,0.6518089333743458,0.6505496593965181,0.6459338144845287,0.6411139765445011,0.6528244155820163,0.6528244155820163,0.6528244155820163,0.0,0.6528244155820163
acs_full_income,38,1,3118,39944,114.5,0.0,0.0,0.6609290463738732,0.6398542977809764,0.6609290463738732,0.6609290463738732,0.6609290463738732,0.657792363374356,0.6525768784346544,0.6460764232180526,0.6609290463738732,0.6609290463738732,0.6609290463738732,0.0,0.6609290463738732
acs_full_income,38,1,3118,39944,114.5,0.375,0.0,0.6670757682011882,0.6320703399438359,0.6670757682011882,0.6670757682011882,0.6558565775031858,0.6601043559256838,0.6518883435593201,0.642561660685321,0.6670757682011882,0.6670757682011882,0.6670757682011882,0.0,0.6670757682011882
acs_full_income,39,2,43494,27731,1477.4,0.125,1.0,0.7276224672306691,0.728226223466285,0.7276224672306691,0.7276224672306691,0.7277468556721799,0.72790087087371,0.7280322722510971,0.7281317558212216,0.728226223466285,0.728226223466285,0.7276224672306691,0.0,0.7276224672306691
acs_full_income,39,2,43494,27731,1477.4,0.875,0.875,0.7371377862606708,0.7375574643507712,0.7371377862606708,0.7375574643507712,0.7375592330038571,0.7373061802321943,0.7374368026297371,0.7374813614183551,0.7375574643507712,0.7375592330038571,0.7371377862606708,0.0,0.7371377862606708
acs_full_income,39,2,43494,27731,1477.4,1.0,1.0,0.7300048809211874,0.7307142967750746,0.7300048809211874,0.7307142967750746,0.7307142967750746,0.730225386056009,0.7304074311309086,0.7305671253086226,0.7307142967750746,0.7307142967750746,0.7300048809211874,0.0,0.7300048809211874
acs_full_income,39,4,43494,56055,1477.4,0.25,0.625,0.7276224672306691,0.727598102598192,0.7276224672306691,0.7276224672306691,0.7276656579965124,0.7276656579965124,0.7276302502715313,0.7276368627236246,0.7276224672306691,0.7276682959795695,0.7276224672306691,0.0,0.7276224672306691
acs_full_income,39,4,43494,56055,1477.4,0.0,0.0,0.7371377862606708,0.737050817333591,0.7371377862606708,0.7371377862606708,0.7371377862606708,0.7371321413037455,0.7371256033413404,0.7371167700233888,0.7371377862606708,0.7371377862606708,0.7371377862606708,0.0,0.7371377862606708
acs_full_income,39,4,43494,56055,1477.4,0.75,1.0,0.7300048809211874,0.7302648712249026,0.7300048809211874,0.7302648712249026,0.7302526092091414,0.7300916077020401,0.7302027284717496,0.7302526092091414,0.7302648712249026,0.7302648712249026,0.7300048809211874,0.0,0.7300048809211874
acs_full_income,39,3,43494,153386,1477.4,0.875,1.0,0.7276224672306691,0.728607211850214,0.7276224672306691,0.728607211850214,0.7285992479443516,0.7280167548808125,0.7283424456175059,0.728604974686593,0.728607211850214,0.728607211850214,0.7276224672306691,0.0,0.7276224672306691
acs_full_income,39,3,43494,153386,1477.4,0.875,1.0,0.7371377862606708,0.7389316985778539,0.7371377862606708,0.7389316985778539,0.7388243069235741,0.7377866059102743,0.738323413067709,0.7387220731485181,0.7389316985778539,0.7389316985778539,0.7371377862606708,0.0,0.7371377862606708
acs_full_income,39,3,43494,153386,1477.4,0.875,1.0,0.7300048809211874,0.7316996145807625,0.7300048809211874,0.7316996145807625,0.7316010491916435,0.7306165297298178,0.7311309817606552,0.7314834783086517,0.7316996145807625,0.7316996145807625,0.7300048809211874,0.0,0.7300048809211874
acs_full_income,39,4,43494,233538,1477.4,0.375,0.375,0.7276224672306691,0.7270581252025898,0.7276224672306691,0.7276224672306691,0.7278248412193531,0.7277907328350016,0.7278000361072186,0.7275440222119827,0.7276224672306691,0.7278248412193531,0.7276224672306691,0.0,0.7276224672306691
acs_full_income,39,4,43494,233538,1477.4,0.25,0.625,0.7371377862606708,0.7375827960275322,0.7371377862606708,0.7371377862606708,0.7375843856154193,0.7375843856154193,0.7378671048182239,0.73785292949977,0.7375827960275322,0.7378824982186538,0.7371377862606708,0.0,0.7371377862606708
acs_full_income,39,4,43494,233538,1477.4,0.375,0.5,0.7300048809211874,0.730059137754171,0.7300048809211874,0.7300048809211874,0.7304473573613119,0.7303484454776477,0.7305243570925865,0.7304099302133861,0.730059137754171,0.7305243570925865,0.7300048809211874,0.0,0.7300048809211874
acs_full_income,39,2,43494,44664,1477.4,1.0,1.0,0.7276224672306691,0.7281111837514043,0.7276224672306691,0.7281111837514043,0.7281111837514043,0.7277953507348618,0.727920304173649,0.7280215703255754,0.7281111837514043,0.7281111837514043,0.7276224672306691,0.0,0.7276224672306691
acs_full_income,39,2,43494,44664,1477.4,0.875,1.0,0.7371377862606708,0.7376639731551904,0.7371377862606708,0.7376639731551904,0.7376184195171762,0.7372878882504239,0.7374623190361623,0.7375761924201871,0.7376639731551904,0.7376639731551904,0.7371377862606708,0.0,0.7371377862606708
acs_full_income,39,2,43494,44664,1477.4,1.0,1.0,0.7300048809211874,0.730896459426924,0.7300048809211874,0.730896459426924,0.730896459426924,0.7302682488099009,0.7305160345322086,0.7307456800619571,0.730896459426924,0.730896459426924,0.7300048809211874,0.0,0.7300048809211874
acs_full_income,39,3,43494,141773,1477.4,0.625,0.25,0.7276224672306691,0.7273765027225747,0.7276224672306691,0.7273765027225747,0.7277346320199358,0.7277639607586597,0.7277449347101357,0.7276477681720492,0.7276224672306691,0.7277639607586597,0.7276224672306691,0.0,0.7276224672306691
acs_full_income,39,3,43494,141773,1477.4,0.375,0.75,0.7371377862606708,0.7377254145146562,0.7371377862606708,0.7371377862606708,0.7376009254861382,0.7374670518248456,0.7377237600978189,0.7378110106472411,0.7377254145146562,0.7378110106472411,0.7371377862606708,0.0,0.7371377862606708
acs_full_income,39,3,43494,141773,1477.4,0.625,0.625,0.7300048809211874,0.7302109641600258,0.7300048809211874,0.7302109641600258,0.7304369371293263,0.7302821597739869,0.7304046180246193,0.730411911515136,0.7302109641600258,0.7304369371293263,0.7300048809211874,0.0,0.7300048809211874
acs_full_income,39,3,43494,91088,1477.4,1.0,1.0,0.7276224672306691,0.7289211231942885,0.7276224672306691,0.7289211231942885,0.7289211231942885,0.7280766481192885,0.728455710321795,0.7287171697956476,0.7289211231942885,0.7289211231942885,0.7276224672306691,0.0,0.7276224672306691
acs_full_income,39,3,43494,91088,1477.4,1.0,1.0,0.7371377862606708,0.7387961229756763,0.7371377862606708,0.7387961229756763,0.7387961229756763,0.7376018770876115,0.7380365072500699,0.7384914003074761,0.7387961229756763,0.7387961229756763,0.7371377862606708,0.0,0.7371377862606708
acs_full_income,39,3,43494,91088,1477.4,1.0,1.0,0.7300048809211874,0.7318134365976536,0.7300048809211874,0.7318134365976536,0.7318134365976536,0.7305523627672015,0.7310171442483888,0.731438765305769,0.7318134365976536,0.7318134365976536,0.7300048809211874,0.0,0.7300048809211874
acs_full_income,39,3,43494,54730,1477.4,0.625,1.0,0.7276224672306691,0.7282087443414517,0.7276224672306691,0.7276224672306691,0.7280620259271356,0.7278977490230462,0.7280222085600415,0.7281162308024326,0.7282087443414517,0.7282087443414517,0.7276224672306691,0.0,0.7276224672306691
acs_full_income,39,3,43494,54730,1477.4,1.0,1.0,0.7371377862606708,0.7376468025422677,0.7371377862606708,0.7376468025422677,0.7376468025422677,0.7372954001757525,0.7374276020874525,0.7375837418562183,0.7376468025422677,0.7376468025422677,0.7371377862606708,0.0,0.7371377862606708
acs_full_income,39,3,43494,54730,1477.4,1.0,1.0,0.7300048809211874,0.7310271796766465,0.7300048809211874,0.7310271796766465,0.7310271796766465,0.7303010206587353,0.7305619678566696,0.7308287884865428,0.7310271796766465,0.7310271796766465,0.7300048809211874,0.0,0.7300048809211874
acs_full_income,39,4,43494,92557,1477.4,0.0,0.0,0.7276224672306691,0.7257453659953061,0.7276224672306691,0.7276224672306691,0.7276224672306691,0.727313390708321,0.726941419061615,0.7264151453326009,0.7276224672306691,0.7276224672306691,0.7276224672306691,0.0,0.7276224672306691
acs_full_income,39,4,43494,92557,1477.4,0.0,0.0,0.7371377862606708,0.736035789531145,0.7371377862606708,0.7371377862606708,0.7371377862606708,0.7370328656018648,0.7368843048855303,0.736512436237008,0.7371377862606708,0.7371377862606708,0.7371377862606708,0.0,0.7371377862606708
acs_full_income,39,4,43494,92557,1477.4,0.0,0.0,0.7300048809211874,0.7284839936194315,0.7300048809211874,0.7300048809211874,0.7300048809211874,0.7298212738667349,0.7295081420009087,0.7290069807877039,0.7300048809211874,0.7300048809211874,0.7300048809211874,0.0,0.7300048809211874
acs_full_income,39,1,43494,5463,1477.4,0.875,1.0,0.7276224672306691,0.7279584250234677,0.7276224672306691,0.7279584250234677,0.7279286540757002,0.7277351499464735,0.7278167519914109,0.727885605679566,0.7279584250234677,0.7279584250234677,0.7276224672306691,0.0,0.7276224672306691
acs_full_income,39,1,43494,5463,1477.4,1.0,1.0,0.7371377862606708,0.7373995974684993,0.7371377862606708,0.7373995974684993,0.7373995974684993,0.7372022469983542,0.7372824274881096,0.7373480862245964,0.7373995974684993,0.7373995974684993,0.7371377862606708,0.0,0.7371377862606708
acs_full_income,39,1,43494,5463,1477.4,1.0,1.0,0.7300048809211874,0.7304340805397287,0.7300048809211874,0.7304340805397287,0.7304340805397287,0.7301323113815321,0.7302326599372768,0.7303464335574135,0.7304340805397287,0.7304340805397287,0.7300048809211874,0.0,0.7300048809211874
acs_full_income,39,3,43494,30871,1477.4,0.375,0.875,0.7276224672306691,0.727882844817681,0.7276224672306691,0.7276224672306691,0.7278304435389791,0.7277028445014094,0.7278381712759817,0.7278868124227026,0.727882844817681,0.7278884148942993,0.7276224672306691,0.0,0.7276224672306691
acs_full_income,39,3,43494,30871,1477.4,1.0,1.0,0.7371377862606708,0.7374722976374315,0.7371377862606708,0.7374722976374315,0.7374722976374315,0.7372570924448963,0.7373666374071456,0.7374104750439654,0.7374722976374315,0.7374722976374315,0.7371377862606708,0.0,0.7371377862606708
acs_full_income,39,3,43494,30871,1477.4,1.0,1.0,0.7300048809211874,0.73060892326997,0.7300048809211874,0.73060892326997,0.73060892326997,0.7301943408502911,0.7303698263972966,0.7304803245629918,0.73060892326997,0.73060892326997,0.7300048809211874,0.0,0.7300048809211874
acs_full_income,39,1,43494,8711,1477.4,0.625,1.0,0.7276224672306691,0.7280447861155259,0.7276224672306691,0.7280447861155259,0.7279069901152524,0.7277468370410213,0.7278480705508921,0.7279362376083237,0.7280447861155259,0.7280447861155259,0.7276224672306691,0.0,0.7276224672306691
acs_full_income,39,1,43494,8711,1477.4,0.875,1.0,0.7371377862606708,0.7377624882731114,0.7371377862606708,0.7377624882731114,0.737715005520895,0.7373085165429806,0.7374784385872283,0.7376315565193822,0.7377624882731114,0.7377624882731114,0.7371377862606708,0.0,0.7371377862606708
acs_full_income,39,1,43494,8711,1477.4,1.0,1.0,0.7300048809211874,0.7304333208167676,0.7300048809211874,0.7304333208167676,0.7304333208167676,0.7301402660609632,0.7302544460521647,0.7303417709564477,0.7304333208167676,0.7304333208167676,0.7300048809211874,0.0,0.7300048809211874
acs_full_income,40,3,12541,50051,354.1,0.0,0.0,0.6467711761939181,0.6350941618526198,0.6467711761939181,0.6467711761939181,0.6467711761939181,0.6444871385082926,0.6418854054220506,0.6384648092771492,0.6467711761939181,0.6467711761939181,0.6467711761939181,0.0,0.6467711761939181
acs_full_income,40,3,12541,50051,354.1,0.0,0.0,0.6505223015924356,0.6402763853414178,0.6505223015924356,0.6505223015924356,0.6505223015924356,0.6483669896352277,0.6460186284117381,0.6431950124056347,0.6505223015924356,0.6505223015924356,0.6505223015924356,0.0,0.6505223015924356
acs_full_income,40,3,12541,50051,354.1,0.0,0.0,0.619368524727973,0.6118747350873608,0.619368524727973,0.619368524727973,0.619368524727973,0.6181162726808936,0.6162348950892181,0.6142029986929808,0.619368524727973,0.619368524727973,0.619368524727973,0.0,0.619368524727973
acs_full_income,40,1,12541,19785,354.1,0.0,0.0,0.6467711761939181,0.6315859184109796,0.6467711761939181,0.6467711761939181,0.6467711761939181,0.6442968685881595,0.6407089543171307,0.6365248398674532,0.6467711761939181,0.6467711761939181,0.6467711761939181,0.0,0.6467711761939181
acs_full_income,40,1,12541,19785,354.1,0.0,0.0,0.6505223015924356,0.6371433876846871,0.6505223015924356,0.6505223015924356,0.6505223015924356,0.6481145905916359,0.6449931520091812,0.6413050726054034,0.6505223015924356,0.6505223015924356,0.6505223015924356,0.0,0.6505223015924356
acs_full_income,40,1,12541,19785,354.1,0.0,0.0,0.619368524727973,0.6089209824039158,0.619368524727973,0.619368524727973,0.619368524727973,0.6176510403675167,0.6152902632102583,0.6123320308385684,0.619368524727973,0.619368524727973,0.619368524727973,0.0,0.619368524727973
acs_full_income,40,3,12541,119491,354.1,0.0,0.0,0.6467711761939181,0.6352333400063159,0.6467711761939181,0.6467711761939181,0.6467711761939181,0.6447879837527656,0.6424161886211665,0.638863177645618,0.6467711761939181,0.6467711761939181,0.6467711761939181,0.0,0.6467711761939181
acs_full_income,40,3,12541,119491,354.1,0.0,0.0,0.6505223015924356,0.6404075919032493,0.6505223015924356,0.6505223015924356,0.6505223015924356,0.6487737048314829,0.646270236339418,0.64367745126063,0.6505223015924356,0.6505223015924356,0.6505223015924356,0.0,0.6505223015924356
acs_full_income,40,3,12541,119491,354.1,0.125,0.0,0.619368524727973,0.6114656612895014,0.619368524727973,0.619368524727973,0.6189317822296244,0.6182007176284159,0.6164568644983386,0.6141767071207996,0.619368524727973,0.619368524727973,0.619368524727973,0.0,0.619368524727973
acs_full_income,40,2,12541,55814,354.1,0.0,0.0,0.6467711761939181,0.6383462705081484,0.6467711761939181,0.6467711761939181,0.6467711761939181,0.6453449906058026,0.643543474220143,0.6410843223940834,0.6467711761939181,0.6467711761939181,0.6467711761939181,0.0,0.6467711761939181
acs_full_income,40,2,12541,55814,354.1,0.125,0.0,0.6505223015924356,0.6434344817466631,0.6505223015924356,0.6505223015924356,0.6500989030446143,0.6496656305381012,0.6481169563099818,0.6459963913961504,0.6505223015924356,0.6505223015924356,0.6505223015924356,0.0,0.6505223015924356
acs_full_income,40,2,12541,55814,354.1,0.375,0.0,0.619368524727973,0.6145877715735977,0.619368524727973,0.619368524727973,0.6185115184263711,0.6190956294184644,0.6180011749186429,0.6165316487957823,0.619368524727973,0.619368524727973,0.619368524727973,0.0,0.619368524727973
acs_full_income,40,2,12541,58273,354.1,0.0,0.0,0.6467711761939181,0.6360133505224974,0.6467711761939181,0.6467711761939181,0.6467711761939181,0.644662043176694,0.6422835334242234,0.6393451961609253,0.6467711761939181,0.6467711761939181,0.6467711761939181,0.0,0.6467711761939181
acs_full_income,40,2,12541,58273,354.1,0.0,0.0,0.6505223015924356,0.6407973573849782,0.6505223015924356,0.6505223015924356,0.6505223015924356,0.6487051209422271,0.6465162657679966,0.6437578702120319,0.6505223015924356,0.6505223015924356,0.6505223015924356,0.0,0.6505223015924356
acs_full_income,40,2,12541,58273,354.1,0.0,0.0,0.619368524727973,0.612488059310038,0.619368524727973,0.619368524727973,0.619368524727973,0.6183266202594199,0.6167311484760001,0.6147449875376727,0.619368524727973,0.619368524727973,0.619368524727973,0.0,0.619368524727973
acs_full_income,40,1,12541,17745,354.1,0.0,0.0,0.6467711761939181,0.6444119651393427,0.6467711761939181,0.6467711761939181,0.6467711761939181,0.6464414845906865,0.6458306356345053,0.645241733343648,0.6467711761939181,0.6467711761939181,0.6467711761939181,0.0,0.6467711761939181
acs_full_income,40,1,12541,17745,354.1,0.0,0.0,0.6505223015924356,0.647916629625702,0.6505223015924356,0.6505223015924356,0.6505223015924356,0.6499367250506146,0.6494148715851651,0.6486808930763174,0.6505223015924356,0.6505223015924356,0.6505223015924356,0.0,0.6505223015924356
acs_full_income,40,1,12541,17745,354.1,0.625,0.0,0.619368524727973,0.617742033578035,0.619368524727973,0.619368524727973,0.6185071844083927,0.6191754882588423,0.6188838812474629,0.6182851866192884,0.619368524727973,0.619368524727973,0.619368524727973,0.0,0.619368524727973
acs_full_income,40,2,12541,24434,354.1,0.125,0.0,0.6467711761939181,0.6462386524456816,0.6467711761939181,0.6467711761939181,0.6466234060510971,0.6467622229381913,0.6465845033822724,0.6465567073889031,0.6467711761939181,0.6467711761939181,0.6467711761939181,0.0,0.6467711761939181
acs_full_income,40,2,12541,24434,354.1,1.0,0.0,0.6505223015924356,0.6498044486043927,0.6505223015924356,0.6498044486043927,0.6498044486043927,0.6503842865547506,0.6502795682233604,0.6501449653731107,0.6505223015924356,0.6505223015924356,0.6505223015924356,0.0,0.6505223015924356
acs_full_income,40,2,12541,24434,354.1,0.25,0.25,0.619368524727973,0.619253829486894,0.619368524727973,0.619368524727973,0.6194683119829162,0.6194683119829162,0.6193690849868748,0.6192290272408183,0.619368524727973,0.6194683119829162,0.619368524727973,0.0,0.619368524727973
acs_full_income,40,3,12541,57971,354.1,0.0,0.0,0.6467711761939181,0.6371587691763608,0.6467711761939181,0.6467711761939181,0.6467711761939181,0.6447505182608717,0.6427489874859641,0.6399374794220962,0.6467711761939181,0.6467711761939181,0.6467711761939181,0.0,0.6467711761939181
acs_full_income,40,3,12541,57971,354.1,0.0,0.0,0.6505223015924356,0.6416091649258564,0.6505223015924356,0.6505223015924356,0.6505223015924356,0.6487507635848291,0.6468109291672707,0.6443639194901686,0.6505223015924356,0.6505223015924356,0.6505223015924356,0.0,0.6505223015924356
acs_full_income,40,3,12541,57971,354.1,0.0,0.0,0.619368524727973,0.6126946924848901,0.619368524727973,0.619368524727973,0.619368524727973,0.6183073071906137,0.6168297021563923,0.6148381902312916,0.619368524727973,0.619368524727973,0.619368524727973,0.0,0.619368524727973
acs_full_income,40,3,12541,102870,354.1,0.0,0.0,0.6467711761939181,0.636246862212615,0.6467711761939181,0.6467711761939181,0.6467711761939181,0.6446772000917903,0.6423332015931388,0.6395030036112846,0.6467711761939181,0.6467711761939181,0.6467711761939181,0.0,0.6467711761939181
acs_full_income,40,3,12541,102870,354.1,0.0,0.0,0.6505223015924356,0.6405947360865192,0.6505223015924356,0.6505223015924356,0.6505223015924356,0.6487160771997859,0.6466441952158034,0.6436979502153629,0.6505223015924356,0.6505223015924356,0.6505223015924356,0.0,0.6505223015924356
acs_full_income,40,3,12541,102870,354.1,0.0,0.0,0.619368524727973,0.6122832813373108,0.619368524727973,0.619368524727973,0.619368524727973,0.6182753549847422,0.6168045294594603,0.6147903573948188,0.619368524727973,0.619368524727973,0.619368524727973,0.0,0.619368524727973
acs_full_income,40,2,12541,37376,354.1,0.0,0.0,0.6467711761939181,0.6402415280292294,0.6467711761939181,0.6467711761939181,0.6467711761939181,0.645405525946259,0.6439882716261355,0.6422552496545697,0.6467711761939181,0.6467711761939181,0.6467711761939181,0.0,0.6467711761939181
acs_full_income,40,2,12541,37376,354.1,0.0,0.0,0.6505223015924356,0.6447994718930034,0.6505223015924356,0.6505223015924356,0.6505223015924356,0.6495808414662355,0.6484032869113678,0.6466097906192139,0.6505223015924356,0.6505223015924356,0.6505223015924356,0.0,0.6505223015924356
acs_full_income,40,2,12541,37376,354.1,0.25,0.0,0.619368524727973,0.615080523687607,0.619368524727973,0.619368524727973,0.6187034415003501,0.6187034415003501,0.6176636309893178,0.6163985451770637,0.619368524727973,0.619368524727973,0.619368524727973,0.0,0.619368524727973
acs_full_income,40,2,12541,19401,354.1,0.0,0.0,0.6467711761939181,0.6397884531728604,0.6467711761939181,0.6467711761939181,0.6467711761939181,0.6452559530771593,0.6436104133573379,0.64190253330578,0.6467711761939181,0.6467711761939181,0.6467711761939181,0.0,0.6467711761939181
acs_full_income,40,2,12541,19401,354.1,0.0,0.0,0.6505223015924356,0.6441176938590457,0.6505223015924356,0.6505223015924356,0.6505223015924356,0.648854317545302,0.6474752143106511,0.6456732776663217,0.6505223015924356,0.6505223015924356,0.6505223015924356,0.0,0.6505223015924356
acs_full_income,40,2,12541,19401,354.1,0.0,0.0,0.619368524727973,0.6152151317224307,0.619368524727973,0.619368524727973,0.619368524727973,0.618506064069241,0.6175460703137459,0.616429868363704,0.619368524727973,0.619368524727973,0.619368524727973,0.0,0.619368524727973
acs_full_income,40,1,12541,8103,354.1,0.0,0.0,0.6467711761939181,0.6444952386023322,0.6467711761939181,0.6467711761939181,0.6467711761939181,0.6462354500939159,0.6459696976193438,0.6452961299936604,0.6467711761939181,0.6467711761939181,0.6467711761939181,0.0,0.6467711761939181
acs_full_income,40,1,12541,8103,354.1,0.0,0.0,0.6505223015924356,0.6480818750117361,0.6505223015924356,0.6505223015924356,0.6505223015924356,0.6501120337726622,0.6495033317808449,0.6488064265385889,0.6505223015924356,0.6505223015924356,0.6505223015924356,0.0,0.6505223015924356
acs_full_income,40,1,12541,8103,354.1,0.0,0.0,0.619368524727973,0.6170438694917504,0.619368524727973,0.619368524727973,0.619368524727973,0.6189688358283751,0.6183976693331267,0.617696761590814,0.619368524727973,0.619368524727973,0.619368524727973,0.0,0.619368524727973
acs_full_income,41,4,15343,255606,559.2,0.0,0.0,0.7447158516244328,0.7424012401892532,0.7447158516244328,0.7447158516244328,0.7447158516244328,0.7442727928151495,0.7438011688789076,0.7431005324745852,0.7447158516244328,0.7447158516244328,0.7447158516244328,0.0,0.7447158516244328
acs_full_income,41,4,15343,255606,559.2,0.0,0.0,0.7325025510376185,0.7291725700243845,0.7325025510376185,0.7325025510376185,0.7325025510376185,0.7317702704597654,0.7309739163469743,0.730094313817389,0.7325025510376185,0.7325025510376185,0.7325025510376185,0.0,0.7325025510376185
acs_full_income,41,4,15343,255606,559.2,0.125,0.0,0.7277013728603116,0.7247921979752101,0.7277013728603116,0.7277013728603116,0.7273710549966084,0.7270822921775435,0.7263137906017919,0.7255752087233589,0.7277013728603116,0.7277013728603116,0.7277013728603116,0.0,0.7277013728603116
acs_full_income,41,1,15343,19785,559.2,0.0,0.0,0.7447158516244328,0.7414001884211561,0.7447158516244328,0.7447158516244328,0.7447158516244328,0.7440656420099563,0.7432794811261683,0.7423160661003501,0.7447158516244328,0.7447158516244328,0.7447158516244328,0.0,0.7447158516244328
acs_full_income,41,1,15343,19785,559.2,0.0,0.0,0.7325025510376185,0.7278063815279007,0.7325025510376185,0.7325025510376185,0.7325025510376185,0.7315384492493326,0.7304896057322114,0.7292832992105572,0.7325025510376185,0.7325025510376185,0.7325025510376185,0.0,0.7325025510376185
acs_full_income,41,1,15343,19785,559.2,0.0,0.0,0.7277013728603116,0.7234160556683701,0.7277013728603116,0.7277013728603116,0.7277013728603116,0.7267803390693326,0.7257297274181456,0.7246945147530949,0.7277013728603116,0.7277013728603116,0.7277013728603116,0.0,0.7277013728603116
acs_full_income,41,1,15343,4713,559.2,1.0,1.0,0.7447158516244328,0.745432677555528,0.7447158516244328,0.745432677555528,0.745432677555528,0.7449139275181059,0.7450882804297896,0.7452450115341078,0.745432677555528,0.745432677555528,0.7447158516244328,0.0,0.7447158516244328
acs_full_income,41,1,15343,4713,559.2,1.0,1.0,0.7325025510376185,0.7326773775389063,0.7325025510376185,0.7326773775389063,0.7326773775389063,0.7326261360239643,0.7326057201028837,0.7326389036765001,0.7326773775389063,0.7326773775389063,0.7325025510376185,0.0,0.7325025510376185
acs_full_income,41,1,15343,4713,559.2,1.0,1.0,0.7277013728603116,0.728408510536634,0.7277013728603116,0.728408510536634,0.728408510536634,0.727836020987374,0.7280184846464938,0.7281443162839544,0.728408510536634,0.728408510536634,0.7277013728603116,0.0,0.7277013728603116
acs_full_income,41,4,15343,119535,559.2,0.0,0.0,0.7447158516244328,0.7426038026189966,0.7447158516244328,0.7447158516244328,0.7447158516244328,0.744538963310643,0.7442490629292855,0.743601395710711,0.7447158516244328,0.7447158516244328,0.7447158516244328,0.0,0.7447158516244328
acs_full_income,41,4,15343,119535,559.2,0.375,0.0,0.7325025510376185,0.7285706908386229,0.7325025510376185,0.7325025510376185,0.731388214499503,0.731758414086846,0.7309646168320952,0.7298557638549044,0.7325025510376185,0.7325025510376185,0.7325025510376185,0.0,0.7325025510376185
acs_full_income,41,4,15343,119535,559.2,0.375,0.0,0.7277013728603116,0.7249738779847509,0.7277013728603116,0.7277013728603116,0.7270744422028692,0.727342268409558,0.7267461237581379,0.726142851028645,0.7277013728603116,0.7277013728603116,0.7277013728603116,0.0,0.7277013728603116
acs_full_income,41,4,15343,181142,559.2,0.0,0.0,0.7447158516244328,0.741044759442285,0.7447158516244328,0.7447158516244328,0.7447158516244328,0.7439650779617788,0.7431524560790971,0.7421661794585686,0.7447158516244328,0.7447158516244328,0.7447158516244328,0.0,0.7447158516244328
acs_full_income,41,4,15343,181142,559.2,0.0,0.0,0.7325025510376185,0.7273434498613723,0.7325025510376185,0.7325025510376185,0.7325025510376185,0.7313306249749116,0.7301420904607687,0.7287927830330395,0.7325025510376185,0.7325025510376185,0.7325025510376185,0.0,0.7325025510376185
acs_full_income,41,4,15343,181142,559.2,0.0,0.0,0.7277013728603116,0.7235862794301876,0.7277013728603116,0.7277013728603116,0.7277013728603116,0.7269386945376676,0.7259141904255055,0.724854993785036,0.7277013728603116,0.7277013728603116,0.7277013728603116,0.0,0.7277013728603116
acs_full_income,41,1,15343,22006,559.2,0.25,0.375,0.7447158516244328,0.7438888665614528,0.7447158516244328,0.7447158516244328,0.7448287946609466,0.7448287946609466,0.744835646663615,0.7444330074636623,0.7447158516244328,0.7449462904970579,0.7447158516244328,0.0,0.7447158516244328
acs_full_income,41,1,15343,22006,559.2,0.75,0.0,0.7325025510376185,0.7301680211614612,0.7325025510376185,0.7301680211614612,0.731094992352994,0.7321400446750916,0.7317177105368937,0.731094992352994,0.7325025510376185,0.7325025510376185,0.7325025510376185,0.0,0.7325025510376185
acs_full_income,41,1,15343,22006,559.2,0.375,0.5,0.7277013728603116,0.7272335117295368,0.7277013728603116,0.7277013728603116,0.7279615964260606,0.727905016991105,0.7279637187789048,0.72767585447979,0.7277013728603116,0.7279637187789048,0.7277013728603116,0.0,0.7277013728603116
acs_full_income,41,1,15343,20667,559.2,0.125,0.0,0.7447158516244328,0.7416303081541064,0.7447158516244328,0.7447158516244328,0.7446632613699649,0.7445838081356251,0.7440096033394732,0.743183022129597,0.7447158516244328,0.7447158516244328,0.7447158516244328,0.0,0.7447158516244328
acs_full_income,41,1,15343,20667,559.2,0.5,0.0,0.7325025510376185,0.7275228782942961,0.7325025510376185,0.7325025510376185,0.7307214495773784,0.7317155429928444,0.7307214495773784,0.7292942161020872,0.7325025510376185,0.7325025510376185,0.7325025510376185,0.0,0.7325025510376185
acs_full_income,41,1,15343,20667,559.2,0.375,0.0,0.7277013728603116,0.724918933612936,0.7277013728603116,0.7277013728603116,0.7274637479462776,0.7276020503322407,0.7272185159269378,0.7261849318507388,0.7277013728603116,0.7277013728603116,0.7277013728603116,0.0,0.7277013728603116
acs_full_income,41,1,15343,7002,559.2,0.0,0.0,0.7447158516244328,0.7442408070151002,0.7447158516244328,0.7447158516244328,0.7447158516244328,0.744637859298507,0.7445506101791388,0.7444474067350194,0.7447158516244328,0.7447158516244328,0.7447158516244328,0.0,0.7447158516244328
acs_full_income,41,1,15343,7002,559.2,0.25,0.0,0.7325025510376185,0.7312328375673876,0.7325025510376185,0.7325025510376185,0.732210232166563,0.732210232166563,0.7319237917994926,0.7316170281241983,0.7325025510376185,0.7325025510376185,0.7325025510376185,0.0,0.7325025510376185
acs_full_income,41,1,15343,7002,559.2,0.0,0.0,0.7277013728603116,0.7268931594694704,0.7277013728603116,0.7277013728603116,0.7277013728603116,0.7275541122862828,0.7274290735475619,0.7272120212064217,0.7277013728603116,0.7277013728603116,0.7277013728603116,0.0,0.7277013728603116
acs_full_income,41,3,15343,187531,559.2,0.0,0.25,0.7447158516244328,0.7439180816388856,0.7447158516244328,0.7447158516244328,0.7447158516244328,0.7447214225626715,0.7446232569497337,0.7443268348490655,0.7447158516244328,0.7447214225626715,0.7447158516244328,0.0,0.7447158516244328
acs_full_income,41,3,15343,187531,559.2,0.75,0.0,0.7325025510376185,0.730698239250148,0.7325025510376185,0.730698239250148,0.7312884784838669,0.7322095266001745,0.7318176784519066,0.7312884784838669,0.7325025510376185,0.7325025510376185,0.7325025510376185,0.0,0.7325025510376185
acs_full_income,41,3,15343,187531,559.2,0.625,0.0,0.7277013728603116,0.7265404170831153,0.7277013728603116,0.7265404170831153,0.7272058756283664,0.7275595883544153,0.7273102834078541,0.7270371371769655,0.7277013728603116,0.7277013728603116,0.7277013728603116,0.0,0.7277013728603116
acs_full_income,41,2,15343,34254,559.2,0.0,0.0,0.7447158516244328,0.7388679578708199,0.7447158516244328,0.7447158516244328,0.7447158516244328,0.744160027327059,0.7429447111957744,0.7411597820897513,0.7447158516244328,0.7447158516244328,0.7447158516244328,0.0,0.7447158516244328
acs_full_income,41,2,15343,34254,559.2,0.125,0.0,0.7325025510376185,0.7245861494416821,0.7325025510376185,0.7325025510376185,0.7318232860795697,0.7310935930224314,0.7293076832550476,0.7271329325933216,0.7325025510376185,0.7325025510376185,0.7325025510376185,0.0,0.7325025510376185
acs_full_income,41,2,15343,34254,559.2,0.125,0.0,0.7277013728603116,0.7221399032510891,0.7277013728603116,0.7277013728603116,0.7274671173176555,0.7270309608724157,0.7259065386950362,0.7243012701136481,0.7277013728603116,0.7277013728603116,0.7277013728603116,0.0,0.7277013728603116
acs_full_income,41,2,15343,80147,559.2,0.0,0.0,0.7447158516244328,0.742085862390692,0.7447158516244328,0.7447158516244328,0.7447158516244328,0.7444180714238792,0.7439245196046109,0.7430964304435582,0.7447158516244328,0.7447158516244328,0.7447158516244328,0.0,0.7447158516244328
acs_full_income,41,2,15343,80147,559.2,0.0,0.0,0.7325025510376185,0.7284919606671014,0.7325025510376185,0.7325025510376185,0.7325025510376185,0.7317786936256535,0.7307049419850564,0.7295394461107376,0.7325025510376185,0.7325025510376185,0.7325025510376185,0.0,0.7325025510376185
acs_full_income,41,2,15343,80147,559.2,0.0,0.0,0.7277013728603116,0.7235477531820343,0.7277013728603116,0.7277013728603116,0.7277013728603116,0.7268833024065811,0.7260240420095775,0.7248782731244552,0.7277013728603116,0.7277013728603116,0.7277013728603116,0.0,0.7277013728603116
acs_full_income,41,2,15343,17174,559.2,0.25,0.25,0.7447158516244328,0.7437874049786654,0.7447158516244328,0.7447158516244328,0.7448643055572407,0.7448643055572407,0.7448357166046177,0.7444503060138788,0.7447158516244328,0.7448643055572407,0.7447158516244328,0.0,0.7447158516244328
acs_full_income,41,2,15343,17174,559.2,0.625,0.0,0.7325025510376185,0.7309193606453642,0.7325025510376185,0.7309193606453642,0.7318643806877208,0.7323304728732232,0.7320669002464102,0.7315512447100723,0.7325025510376185,0.7325025510376185,0.7325025510376185,0.0,0.7325025510376185
acs_full_income,41,2,15343,17174,559.2,0.25,0.5,0.7277013728603116,0.7277660450840006,0.7277013728603116,0.7277013728603116,0.7279848224096965,0.7279848224096965,0.7282106269955738,0.7279482042979607,0.7277660450840006,0.7282106269955738,0.7277013728603116,0.0,0.7277013728603116
acs_full_income,42,4,47815,89585,1706.9,0.125,0.0,0.733519162178296,0.7318482958251206,0.733519162178296,0.733519162178296,0.7333830579269417,0.7332341231434256,0.7328484998539121,0.7323887891549442,0.733519162178296,0.733519162178296,0.733519162178296,0.0,0.733519162178296
acs_full_income,42,4,47815,89585,1706.9,0.0,0.0,0.7437319017820772,0.7416675796337414,0.7437319017820772,0.7437319017820772,0.7437319017820772,0.7433476261224239,0.7428947049294384,0.7423048589935667,0.7437319017820772,0.7437319017820772,0.7437319017820772,0.0,0.7437319017820772
acs_full_income,42,4,47815,89585,1706.9,0.0,0.0,0.7383377011332682,0.7368913570111206,0.7383377011332682,0.7383377011332682,0.7383377011332682,0.7381200599726937,0.7377790759198213,0.7373477662297439,0.7383377011332682,0.7383377011332682,0.7383377011332682,0.0,0.7383377011332682
acs_full_income,42,4,47815,117136,1706.9,0.375,0.0,0.733519162178296,0.7323828861933701,0.733519162178296,0.733519162178296,0.7333420254223665,0.7334251224383681,0.7332153598734786,0.7328225179403067,0.733519162178296,0.733519162178296,0.733519162178296,0.0,0.733519162178296
acs_full_income,42,4,47815,117136,1706.9,0.625,0.0,0.7437319017820772,0.7422280295942438,0.7437319017820772,0.7422280295942438,0.7430366084606785,0.7435648895908213,0.7432414311466918,0.7427578820539618,0.7437319017820772,0.7437319017820772,0.7437319017820772,0.0,0.7437319017820772
acs_full_income,42,4,47815,117136,1706.9,0.0,0.125,0.7383377011332682,0.7375846925144335,0.7383377011332682,0.7383377011332682,0.7383377011332682,0.7383511681808328,0.7382497117232759,0.7380016731564744,0.7383377011332682,0.7383566235538535,0.7383377011332682,0.0,0.7383377011332682
acs_full_income,42,1,47815,98925,1706.9,0.375,0.0,0.733519162178296,0.7318057565899214,0.733519162178296,0.733519162178296,0.7332177443491125,0.733358060030325,0.7330175770329506,0.7324920330801781,0.733519162178296,0.733519162178296,0.733519162178296,0.0,0.733519162178296
acs_full_income,42,1,47815,98925,1706.9,0.375,0.0,0.7437319017820772,0.7415387945468503,0.7437319017820772,0.7437319017820772,0.7433084536762607,0.7435049231826065,0.7430600377294874,0.7424069141853804,0.7437319017820772,0.7437319017820772,0.7437319017820772,0.0,0.7437319017820772
acs_full_income,42,1,47815,98925,1706.9,0.0,0.0,0.7383377011332682,0.7369265622222947,0.7383377011332682,0.7383377011332682,0.7383377011332682,0.7382730919501505,0.7379970663508115,0.7375632806924843,0.7383377011332682,0.7383377011332682,0.7383377011332682,0.0,0.7383377011332682
acs_full_income,42,2,47815,149840,1706.9,0.75,0.25,0.733519162178296,0.7327274110042215,0.733519162178296,0.7327274110042215,0.7331882708095311,0.7335701752895503,0.7334460785867828,0.7331882708095311,0.733519162178296,0.7335701752895503,0.733519162178296,0.0,0.733519162178296
acs_full_income,42,2,47815,149840,1706.9,0.75,0.0,0.7437319017820772,0.7424145808995285,0.7437319017820772,0.7424145808995285,0.7430417424447815,0.7436610265630865,0.7434541126357277,0.7430417424447815,0.7437319017820772,0.7437319017820772,0.7437319017820772,0.0,0.7437319017820772
acs_full_income,42,2,47815,149840,1706.9,0.25,0.375,0.7383377011332682,0.7379127160330536,0.7383377011332682,0.7383377011332682,0.7384776337874476,0.7384776337874476,0.7384771504257438,0.7382918172814292,0.7383377011332682,0.7384895889571549,0.7383377011332682,0.0,0.7383377011332682
acs_full_income,42,3,47815,45074,1706.9,0.0,0.0,0.733519162178296,0.7317640980458718,0.733519162178296,0.733519162178296,0.733519162178296,0.7332752760160759,0.7328688681783199,0.7323756167154829,0.733519162178296,0.733519162178296,0.733519162178296,0.0,0.733519162178296
acs_full_income,42,3,47815,45074,1706.9,0.125,0.0,0.7437319017820772,0.7417143597826558,0.7437319017820772,0.7437319017820772,0.7435868522634743,0.7434180514750836,0.7429282917561292,0.7423699990104597,0.7437319017820772,0.7437319017820772,0.7437319017820772,0.0,0.7437319017820772
acs_full_income,42,3,47815,45074,1706.9,0.0,0.0,0.7383377011332682,0.736817144261621,0.7383377011332682,0.7383377011332682,0.7383377011332682,0.7381305054292568,0.7378321543503811,0.7373540558869343,0.7383377011332682,0.7383377011332682,0.7383377011332682,0.0,0.7383377011332682
acs_full_income,42,3,47815,98948,1706.9,0.0,0.0,0.733519162178296,0.7321905728695737,0.733519162178296,0.733519162178296,0.733519162178296,0.733241049709976,0.7329743640504384,0.7326377847740494,0.733519162178296,0.733519162178296,0.733519162178296,0.0,0.733519162178296
acs_full_income,42,3,47815,98948,1706.9,0.125,0.0,0.7437319017820772,0.7420311532057189,0.7437319017820772,0.7437319017820772,0.7435525338171457,0.7433833997467103,0.7429901847270223,0.7425532711728663,0.7437319017820772,0.7437319017820772,0.7437319017820772,0.0,0.7437319017820772
acs_full_income,42,3,47815,98948,1706.9,0.0,0.0,0.7383377011332682,0.7370360020348522,0.7383377011332682,0.7383377011332682,0.7383377011332682,0.7380978799682394,0.7377874170966304,0.737449063403396,0.7383377011332682,0.7383377011332682,0.7383377011332682,0.0,0.7383377011332682
acs_full_income,42,3,47815,85923,1706.9,1.0,1.0,0.733519162178296,0.7341113500713952,0.733519162178296,0.7341113500713952,0.7341113500713952,0.7338074279268021,0.7339960930931315,0.7340795841290773,0.7341113500713952,0.7341113500713952,0.733519162178296,0.0,0.733519162178296
acs_full_income,42,3,47815,85923,1706.9,1.0,0.5,0.7437319017820772,0.7437551238219939,0.7437319017820772,0.7437551238219939,0.7437551238219939,0.7438092278502895,0.7438956357567799,0.7438610199379495,0.7437551238219939,0.7438956357567799,0.7437319017820772,0.0,0.7437319017820772
acs_full_income,42,3,47815,85923,1706.9,0.75,1.0,0.7383377011332682,0.7394753143127871,0.7383377011332682,0.7394753143127871,0.7393413426178692,0.7387948271664688,0.7391302868251898,0.7393413426178692,0.7394753143127871,0.7394753143127871,0.7383377011332682,0.0,0.7383377011332682
acs_full_income,42,2,47815,25122,1706.9,0.25,0.375,0.733519162178296,0.733322685599924,0.733519162178296,0.733519162178296,0.7335751940179374,0.7335751940179374,0.733571241100792,0.7334845051941625,0.733519162178296,0.7335909950576788,0.733519162178296,0.0,0.733519162178296
acs_full_income,42,2,47815,25122,1706.9,0.75,0.0,0.7437319017820772,0.7432508673984803,0.7437319017820772,0.7432508673984803,0.7434772226470906,0.7436847289284273,0.7435812123801102,0.7434772226470906,0.7437319017820772,0.7437319017820772,0.7437319017820772,0.0,0.7437319017820772
acs_full_income,42,2,47815,25122,1706.9,0.0,0.5,0.7383377011332682,0.7382367827388299,0.7383377011332682,0.7383377011332682,0.7383377011332682,0.7384367848626048,0.7384633642129087,0.7383932530041709,0.7383377011332682,0.7384633642129087,0.7383377011332682,0.0,0.7383377011332682
acs_full_income,42,4,47815,74667,1706.9,0.0,0.0,0.733519162178296,0.7312139013252458,0.733519162178296,0.733519162178296,0.733519162178296,0.7331957159664121,0.7326921764492809,0.7320083046842997,0.733519162178296,0.733519162178296,0.733519162178296,0.0,0.733519162178296
acs_full_income,42,4,47815,74667,1706.9,0.0,0.0,0.7437319017820772,0.7410901881831236,0.7437319017820772,0.7437319017820772,0.7437319017820772,0.7433410042301467,0.7427130172659813,0.7420061264077774,0.7437319017820772,0.7437319017820772,0.7437319017820772,0.0,0.7437319017820772
acs_full_income,42,4,47815,74667,1706.9,0.0,0.0,0.7383377011332682,0.736318303239678,0.7383377011332682,0.7383377011332682,0.7383377011332682,0.7381000099048532,0.7376850507597872,0.7370855292832876,0.7383377011332682,0.7383377011332682,0.7383377011332682,0.0,0.7383377011332682
acs_full_income,42,4,47815,199669,1706.9,1.0,1.0,0.733519162178296,0.7343484095047776,0.733519162178296,0.7343484095047776,0.7343484095047776,0.7337600915366309,0.7340011075601797,0.7341816157301781,0.7343484095047776,0.7343484095047776,0.733519162178296,0.0,0.733519162178296
acs_full_income,42,4,47815,199669,1706.9,1.0,1.0,0.7437319017820772,0.744081529808157,0.7437319017820772,0.744081529808157,0.744081529808157,0.7438403355733701,0.7439503802016313,0.7440277496893122,0.744081529808157,0.744081529808157,0.7437319017820772,0.0,0.7437319017820772
acs_full_income,42,4,47815,199669,1706.9,1.0,1.0,0.7383377011332682,0.739622578408387,0.7383377011332682,0.739622578408387,0.739622578408387,0.7387296818082201,0.7390968051347758,0.7393814767375844,0.739622578408387,0.739622578408387,0.7383377011332682,0.0,0.7383377011332682
acs_full_income,42,2,47815,12865,1706.9,1.0,0.875,0.733519162178296,0.733584798872989,0.733519162178296,0.733584798872989,0.733584798872989,0.733520528626166,0.7335570342237453,0.7335831606511822,0.733584798872989,0.7335899182971038,0.733519162178296,0.0,0.733519162178296
acs_full_income,42,2,47815,12865,1706.9,1.0,0.0,0.7437319017820772,0.7436434547385535,0.7437319017820772,0.7436434547385535,0.7436434547385535,0.7437180756517566,0.743714444697219,0.7436789128271915,0.7437319017820772,0.7437319017820772,0.7437319017820772,0.0,0.7437319017820772
acs_full_income,42,2,47815,12865,1706.9,0.375,1.0,0.7383377011332682,0.7385292124190731,0.7383377011332682,0.7383377011332682,0.7384190899822989,0.738396113438087,0.7384359968501752,0.7384792944536643,0.7385292124190731,0.7385292124190731,0.7383377011332682,0.0,0.7383377011332682
acs_full_income,42,1,47815,135924,1706.9,1.0,1.0,0.733519162178296,0.7340436239061088,0.733519162178296,0.7340436239061088,0.7340436239061088,0.7337232657079762,0.7338827859199123,0.7339679112251928,0.7340436239061088,0.7340436239061088,0.733519162178296,0.0,0.733519162178296
acs_full_income,42,1,47815,135924,1706.9,1.0,0.625,0.7437319017820772,0.7438106808399606,0.7437319017820772,0.7438106808399606,0.7438106808399606,0.7437888486348496,0.7438326435275737,0.7438401697129393,0.7438106808399606,0.7438521417635728,0.7437319017820772,0.0,0.7437319017820772
acs_full_income,42,1,47815,135924,1706.9,0.875,1.0,0.7383377011332682,0.7393677112649635,0.7383377011332682,0.7393677112649635,0.7392877099537258,0.7386645025168572,0.7389823629445655,0.7391983718966346,0.7393677112649635,0.7393677112649635,0.7383377011332682,0.0,0.7383377011332682
acs_full_income,44,3,3998,64256,168.2,0.25,0.875,0.7922637033037486,0.7967334297167709,0.7922637033037486,0.7922637033037486,0.7943897013237399,0.7943897013237399,0.7958593532853753,0.7965726263147771,0.7967334297167709,0.7968607103567513,0.7922637033037486,0.0,0.7922637033037486
acs_full_income,44,3,3998,64256,168.2,0.5,1.0,0.7878641851094164,0.7935787637189781,0.7878641851094164,0.7935787637189781,0.7923689641634092,0.7900769623737544,0.7923689641634092,0.7933349795679262,0.7935787637189781,0.7935787637189781,0.7878641851094164,0.0,0.7878641851094164
acs_full_income,44,3,3998,64256,168.2,0.875,0.75,0.7923796145934733,0.7943453496298529,0.7923796145934733,0.7943453496298529,0.7949125219855702,0.7937295429308807,0.7943056595147785,0.7949373972625746,0.7943453496298529,0.7949373972625746,0.7923796145934733,0.0,0.7923796145934733
acs_full_income,44,2,3998,25332,168.2,0.0,0.5,0.7922637033037486,0.7918962115488247,0.7922637033037486,0.7922637033037486,0.7922637033037486,0.7936154554721943,0.7941347675956987,0.7935332692852916,0.7922637033037486,0.7941347675956987,0.7922637033037486,0.0,0.7922637033037486
acs_full_income,44,2,3998,25332,168.2,0.0,0.5,0.7878641851094164,0.7869078530964191,0.7878641851094164,0.7878641851094164,0.7878641851094164,0.789123238257749,0.789670731419225,0.7890095407823544,0.7878641851094164,0.789670731419225,0.7878641851094164,0.0,0.7878641851094164
acs_full_income,44,2,3998,25332,168.2,0.0,0.375,0.7923796145934733,0.7911544869759052,0.7923796145934733,0.7923796145934733,0.7923796145934733,0.7933669538823218,0.7935944349927514,0.7931568708081924,0.7923796145934733,0.7936745255820468,0.7923796145934733,0.0,0.7923796145934733
acs_full_income,44,4,3998,90464,168.2,0.0,0.875,0.7922637033037486,0.7947670846370183,0.7922637033037486,0.7922637033037486,0.7922637033037486,0.7936967641740709,0.7945902055569243,0.7951106893660241,0.7947670846370183,0.7951236281949712,0.7922637033037486,0.0,0.7922637033037486
acs_full_income,44,4,3998,90464,168.2,0.5,1.0,0.7878641851094164,0.7930191661779487,0.7878641851094164,0.7930191661779487,0.7916369950520213,0.789878626116803,0.7916369950520213,0.7925673595735411,0.7930191661779487,0.7930191661779487,0.7878641851094164,0.0,0.7878641851094164
acs_full_income,44,4,3998,90464,168.2,0.5,0.625,0.7923796145934733,0.7926048735689317,0.7923796145934733,0.7923796145934733,0.7936674136250722,0.7931745112519044,0.7936674136250722,0.7934195126516372,0.7926048735689317,0.7937800114671988,0.7923796145934733,0.0,0.7923796145934733
acs_full_income,44,3,3998,52130,168.2,0.5,1.0,0.7922637033037486,0.7965482083564128,0.7922637033037486,0.7922637033037486,0.7950106476202359,0.7939693309710656,0.7950106476202359,0.7957371853674932,0.7965482083564128,0.7965482083564128,0.7922637033037486,0.0,0.7922637033037486
acs_full_income,44,3,3998,52130,168.2,0.75,1.0,0.7878641851094164,0.7937033527433272,0.7878641851094164,0.7937033527433272,0.7929352571172515,0.7898199306276503,0.7915945320904766,0.7929352571172515,0.7937033527433272,0.7937033527433272,0.7878641851094164,0.0,0.7878641851094164
acs_full_income,44,3,3998,52130,168.2,0.875,0.875,0.7923796145934733,0.7942503909896999,0.7923796145934733,0.7942503909896999,0.7943573381934689,0.7931499989622616,0.7939299966887587,0.7942243677270598,0.7942503909896999,0.7943573381934689,0.7923796145934733,0.0,0.7923796145934733
acs_full_income,44,3,3998,109615,168.2,0.5,1.0,0.7922637033037486,0.7986443362644995,0.7922637033037486,0.7922637033037486,0.7961728262758149,0.794627607652233,0.7961728262758149,0.7976734595802122,0.7986443362644995,0.7986443362644995,0.7922637033037486,0.0,0.7922637033037486
acs_full_income,44,3,3998,109615,168.2,0.75,1.0,0.7878641851094164,0.794887779889571,0.7878641851094164,0.794887779889571,0.7938444724598192,0.7903889019779556,0.7922662315037774,0.7938444724598192,0.794887779889571,0.794887779889571,0.7878641851094164,0.0,0.7878641851094164
acs_full_income,44,3,3998,109615,168.2,1.0,1.0,0.7923796145934733,0.7951180081763145,0.7923796145934733,0.7951180081763145,0.7951180081763145,0.7935480292103879,0.7945241194163777,0.7949834522836554,0.7951180081763145,0.7951180081763145,0.7923796145934733,0.0,0.7923796145934733
acs_full_income,44,3,3998,85767,168.2,0.375,1.0,0.7922637033037486,0.7971298845876578,0.7922637033037486,0.7922637033037486,0.7949315537236413,0.7942964426437682,0.795714015436187,0.7966598406772898,0.7971298845876578,0.7971298845876578,0.7922637033037486,0.0,0.7922637033037486
acs_full_income,44,3,3998,85767,168.2,0.875,1.0,0.7878641851094164,0.7963661230847416,0.7878641851094164,0.7963661230847416,0.7956141990904946,0.7906262022864288,0.7936622853945082,0.7952574636385311,0.7963661230847416,0.7963661230847416,0.7878641851094164,0.0,0.7878641851094164
acs_full_income,44,3,3998,85767,168.2,1.0,0.75,0.7923796145934733,0.7944194487437781,0.7923796145934733,0.7944194487437781,0.7944194487437781,0.7936494792922355,0.794592650132564,0.7951278091855022,0.7944194487437781,0.7951278091855022,0.7923796145934733,0.0,0.7923796145934733
acs_full_income,44,4,3998,199228,168.2,0.375,1.0,0.7922637033037486,0.7976906294298227,0.7922637033037486,0.7922637033037486,0.7952280532082427,0.7945123006261763,0.7960376960742176,0.7973403528668943,0.7976906294298227,0.7976906294298227,0.7922637033037486,0.0,0.7922637033037486
acs_full_income,44,4,3998,199228,168.2,0.75,1.0,0.7878641851094164,0.7982723599607671,0.7878641851094164,0.7982723599607671,0.7966907445042974,0.7908955583673196,0.7943981901817218,0.7966907445042974,0.7982723599607671,0.7982723599607671,0.7878641851094164,0.0,0.7878641851094164
acs_full_income,44,4,3998,199228,168.2,1.0,0.75,0.7923796145934733,0.794858141119279,0.7923796145934733,0.794858141119279,0.794858141119279,0.7937591694361688,0.7947809955860207,0.7954398472642907,0.794858141119279,0.7954398472642907,0.7923796145934733,0.0,0.7923796145934733
acs_full_income,44,4,3998,245655,168.2,0.75,1.0,0.7922637033037486,0.7978759530920894,0.7922637033037486,0.7978759530920894,0.7971496342498519,0.7941688185088588,0.7957379007641758,0.7971496342498519,0.7978759530920894,0.7978759530920894,0.7922637033037486,0.0,0.7922637033037486
acs_full_income,44,4,3998,245655,168.2,0.75,1.0,0.7878641851094164,0.7978635842880183,0.7878641851094164,0.7978635842880183,0.7958711236458302,0.7907419163049229,0.7935774422926852,0.7958711236458302,0.7978635842880183,0.7978635842880183,0.7878641851094164,0.0,0.7878641851094164
acs_full_income,44,4,3998,245655,168.2,1.0,0.875,0.7923796145934733,0.7947846427048818,0.7923796145934733,0.7947846427048818,0.7947846427048818,0.7933024694744358,0.7942308046375766,0.7948888834631617,0.7947846427048818,0.7950049456834516,0.7923796145934733,0.0,0.7923796145934733
acs_full_income,44,4,3998,58936,168.2,0.375,1.0,0.7922637033037486,0.7974653505866599,0.7922637033037486,0.7922637033037486,0.7948998699890464,0.7940182479768298,0.7956008363246136,0.796788078300443,0.7974653505866599,0.7974653505866599,0.7922637033037486,0.0,0.7922637033037486
acs_full_income,44,4,3998,58936,168.2,0.75,1.0,0.7878641851094164,0.7947967791420683,0.7878641851094164,0.7947967791420683,0.793712493418302,0.7900878321343123,0.7920037762137342,0.793712493418302,0.7947967791420683,0.7947967791420683,0.7878641851094164,0.0,0.7878641851094164
acs_full_income,44,4,3998,58936,168.2,1.0,0.875,0.7923796145934733,0.7948622853924717,0.7923796145934733,0.7948622853924717,0.7948622853924717,0.7935489376095026,0.7945266943355759,0.794903041712187,0.7948622853924717,0.7949713885005165,0.7923796145934733,0.0,0.7923796145934733
acs_full_income,44,2,3998,94825,168.2,0.5,1.0,0.7922637033037486,0.7967876209807114,0.7922637033037486,0.7922637033037486,0.7952778249699365,0.794133867242534,0.7952778249699365,0.7964550012974823,0.7967876209807114,0.7967876209807114,0.7922637033037486,0.0,0.7922637033037486
acs_full_income,44,2,3998,94825,168.2,0.75,1.0,0.7878641851094164,0.7950821914173878,0.7878641851094164,0.7950821914173878,0.7941401361295116,0.7905015815963451,0.7927999726445578,0.7941401361295116,0.7950821914173878,0.7950821914173878,0.7878641851094164,0.0,0.7878641851094164
acs_full_income,44,2,3998,94825,168.2,0.75,0.75,0.7923796145934733,0.793617622492854,0.7923796145934733,0.793617622492854,0.794391392970672,0.7935603322145655,0.7943297794923829,0.794391392970672,0.793617622492854,0.794391392970672,0.7923796145934733,0.0,0.7923796145934733
acs_full_income,44,2,3998,43074,168.2,0.125,0.75,0.7922637033037486,0.7945558126919712,0.7922637033037486,0.7922637033037486,0.7932007798067353,0.7938580925425774,0.7949021202889417,0.795155627143074,0.7945558126919712,0.795155627143074,0.7922637033037486,0.0,0.7922637033037486
acs_full_income,44,2,3998,43074,168.2,0.375,0.625,0.7878641851094164,0.7903257042209031,0.7878641851094164,0.7878641851094164,0.7904368228831485,0.7894280164170331,0.7911640529879035,0.7911552083318113,0.7903257042209031,0.7914807741663552,0.7878641851094164,0.0,0.7878641851094164
acs_full_income,44,2,3998,43074,168.2,0.75,0.75,0.7923796145934733,0.7939952127988934,0.7923796145934733,0.7939952127988934,0.7947392593604875,0.793796135482766,0.7941449230712128,0.7947392593604875,0.7939952127988934,0.7947392593604875,0.7923796145934733,0.0,0.7923796145934733
acs_full_income,44,1,3998,39944,168.2,0.625,1.0,0.7922637033037486,0.7957175084249807,0.7922637033037486,0.7922637033037486,0.794945036374008,0.7936055212873827,0.7947309569273354,0.795330193921295,0.7957175084249807,0.7957175084249807,0.7922637033037486,0.0,0.7922637033037486
acs_full_income,44,1,3998,39944,168.2,0.75,1.0,0.7878641851094164,0.7937671498435682,0.7878641851094164,0.7937671498435682,0.793003191396047,0.7899871956097406,0.7914215666087139,0.793003191396047,0.7937671498435682,0.7937671498435682,0.7878641851094164,0.0,0.7878641851094164
acs_full_income,44,1,3998,39944,168.2,0.75,0.75,0.7923796145934733,0.7932991917453103,0.7923796145934733,0.7932991917453103,0.793777996179029,0.7930648706365545,0.7936822770651539,0.793777996179029,0.7932991917453103,0.793777996179029,0.7923796145934733,0.0,0.7923796145934733
acs_full_income,45,4,17415,61249,534.8,0.0,0.0,0.6911527712038008,0.6881376351910672,0.6911527712038008,0.6911527712038008,0.6911527712038008,0.6907374518863738,0.6900683735449779,0.6891762420952483,0.6911527712038008,0.6911527712038008,0.6911527712038008,0.0,0.6911527712038008
acs_full_income,45,4,17415,61249,534.8,0.0,0.0,0.70255648416498,0.6985012569028489,0.70255648416498,0.70255648416498,0.70255648416498,0.7018623275882914,0.7009664006056011,0.6998663656177548,0.70255648416498,0.70255648416498,0.70255648416498,0.0,0.70255648416498
acs_full_income,45,4,17415,61249,534.8,0.0,0.0,0.6774173444297789,0.674368640691858,0.6774173444297789,0.6774173444297789,0.6774173444297789,0.6767597554588709,0.6762967717567311,0.6754670060142238,0.6774173444297789,0.6774173444297789,0.6774173444297789,0.0,0.6774173444297789
acs_full_income,45,4,17415,85459,534.8,0.0,0.0,0.6911527712038008,0.6876268853567895,0.6911527712038008,0.6911527712038008,0.6911527712038008,0.6908041791414434,0.6899462606835409,0.6889123757075754,0.6911527712038008,0.6911527712038008,0.6911527712038008,0.0,0.6911527712038008
acs_full_income,45,4,17415,85459,534.8,0.0,0.0,0.70255648416498,0.6969238609262521,0.70255648416498,0.70255648416498,0.70255648416498,0.7014963857231786,0.700118595764318,0.6986053350648047,0.70255648416498,0.70255648416498,0.70255648416498,0.0,0.70255648416498
acs_full_income,45,4,17415,85459,534.8,0.0,0.0,0.6774173444297789,0.6721757882565671,0.6774173444297789,0.6774173444297789,0.6774173444297789,0.6764044998582913,0.6752301698757628,0.6739293395808642,0.6774173444297789,0.6774173444297789,0.6774173444297789,0.0,0.6774173444297789
acs_full_income,45,4,17415,110923,534.8,0.0,0.125,0.6911527712038008,0.6876949214211592,0.6911527712038008,0.6911527712038008,0.6911527712038008,0.6909443587811126,0.6902518621646165,0.6891419598403656,0.6911527712038008,0.6912308949285689,0.6911527712038008,0.0,0.6911527712038008
acs_full_income,45,4,17415,110923,534.8,0.0,0.0,0.70255648416498,0.6958595484884552,0.70255648416498,0.70255648416498,0.70255648416498,0.7013674746912612,0.6997451713608215,0.6978456985383923,0.70255648416498,0.70255648416498,0.70255648416498,0.0,0.70255648416498
acs_full_income,45,4,17415,110923,534.8,0.0,0.0,0.6774173444297789,0.6720289412436242,0.6774173444297789,0.6774173444297789,0.6774173444297789,0.6765641922332933,0.67552698939683,0.6739777914976357,0.6774173444297789,0.6774173444297789,0.6774173444297789,0.0,0.6774173444297789
acs_full_income,45,4,17415,296837,534.8,0.0,0.125,0.6911527712038008,0.68724628218013,0.6911527712038008,0.6911527712038008,0.6911527712038008,0.6909894232121117,0.6901149693719244,0.6888463472304553,0.6911527712038008,0.6912346017731991,0.6911527712038008,0.0,0.6911527712038008
acs_full_income,45,4,17415,296837,534.8,0.0,0.0,0.70255648416498,0.6949043016785129,0.70255648416498,0.70255648416498,0.70255648416498,0.7012317916728427,0.6994966682368917,0.6974517841886219,0.70255648416498,0.70255648416498,0.70255648416498,0.0,0.70255648416498
acs_full_income,45,4,17415,296837,534.8,0.0,0.0,0.6774173444297789,0.6703011643766791,0.6774173444297789,0.6774173444297789,0.6774173444297789,0.6763613338485812,0.6749147622293822,0.6729253483460425,0.6774173444297789,0.6774173444297789,0.6774173444297789,0.0,0.6774173444297789
acs_full_income,45,3,17415,48781,534.8,0.25,0.375,0.6911527712038008,0.6907525402930801,0.6911527712038008,0.6911527712038008,0.6914090051118864,0.6914090051118864,0.69140497677625,0.6911120282139567,0.6911527712038008,0.6915037707410083,0.6911527712038008,0.0,0.6911527712038008
acs_full_income,45,3,17415,48781,534.8,0.0,0.0,0.70255648416498,0.6996308735925166,0.70255648416498,0.70255648416498,0.70255648416498,0.7020905133476558,0.7014547116479859,0.7006790668464584,0.70255648416498,0.70255648416498,0.70255648416498,0.0,0.70255648416498
acs_full_income,45,3,17415,48781,534.8,0.0,0.375,0.6774173444297789,0.6766937758349726,0.6774173444297789,0.6774173444297789,0.6774173444297789,0.677427096603166,0.6774295580206751,0.6771110957108885,0.6774173444297789,0.6774734156283859,0.6774173444297789,0.0,0.6774173444297789
acs_full_income,45,3,17415,239748,534.8,0.0,0.25,0.6911527712038008,0.6899959785520703,0.6911527712038008,0.6911527712038008,0.6911527712038008,0.6914740071826149,0.6911434892242744,0.690798136316128,0.6911527712038008,0.6914740071826149,0.6911527712038008,0.0,0.6911527712038008
acs_full_income,45,3,17415,239748,534.8,0.0,0.0,0.70255648416498,0.6984273540521313,0.70255648416498,0.70255648416498,0.70255648416498,0.7019358123800394,0.7008960634508741,0.6997665504894325,0.70255648416498,0.70255648416498,0.70255648416498,0.0,0.70255648416498
acs_full_income,45,3,17415,239748,534.8,0.0,0.0,0.6774173444297789,0.6741715830728293,0.6774173444297789,0.6774173444297789,0.6774173444297789,0.6769592280287464,0.6764108715116556,0.6754109705021468,0.6774173444297789,0.6774173444297789,0.6774173444297789,0.0,0.6774173444297789
acs_full_income,45,3,17415,64016,534.8,0.0,0.125,0.6911527712038008,0.6891419569405581,0.6911527712038008,0.6911527712038008,0.6911527712038008,0.6912361164508591,0.6907427973443327,0.6901316662556876,0.6911527712038008,0.6912581085313483,0.6911527712038008,0.0,0.6911527712038008
acs_full_income,45,3,17415,64016,534.8,0.0,0.0,0.70255648416498,0.6978698171775108,0.70255648416498,0.70255648416498,0.70255648416498,0.7017637343031573,0.7007757419404412,0.6994949510539392,0.70255648416498,0.70255648416498,0.70255648416498,0.0,0.70255648416498
acs_full_income,45,3,17415,64016,534.8,0.0,0.0,0.6774173444297789,0.6740650934664274,0.6774173444297789,0.6774173444297789,0.6774173444297789,0.6769382016020087,0.6764247951754907,0.6753872167933893,0.6774173444297789,0.6774173444297789,0.6774173444297789,0.0,0.6774173444297789
acs_full_income,45,1,17415,35022,534.8,0.0,0.0,0.6911527712038008,0.6824134615079769,0.6911527712038008,0.6911527712038008,0.6911527712038008,0.6900103514675604,0.6879326703485574,0.6855284058687162,0.6911527712038008,0.6911527712038008,0.6911527712038008,0.0,0.6911527712038008
acs_full_income,45,1,17415,35022,534.8,0.0,0.0,0.70255648416498,0.6916512597707903,0.70255648416498,0.70255648416498,0.70255648416498,0.7006311288889309,0.6982821117907334,0.695285130992582,0.70255648416498,0.70255648416498,0.70255648416498,0.0,0.70255648416498
acs_full_income,45,1,17415,35022,534.8,0.0,0.0,0.6774173444297789,0.669151780487142,0.6774173444297789,0.6774173444297789,0.6774173444297789,0.6761242791749428,0.674314450198428,0.6720187896793661,0.6774173444297789,0.6774173444297789,0.6774173444297789,0.0,0.6774173444297789
acs_full_income,45,3,17415,260951,534.8,0.0,0.25,0.6911527712038008,0.6891055969544655,0.6911527712038008,0.6911527712038008,0.6911527712038008,0.6914583954201583,0.6910054895655364,0.6903245026340312,0.6911527712038008,0.6914583954201583,0.6911527712038008,0.0,0.6911527712038008
acs_full_income,45,3,17415,260951,534.8,0.0,0.0,0.70255648416498,0.6969705038186148,0.70255648416498,0.70255648416498,0.70255648416498,0.7016858603111298,0.7004495745157425,0.698959366739766,0.70255648416498,0.70255648416498,0.70255648416498,0.0,0.70255648416498
acs_full_income,45,3,17415,260951,534.8,0.0,0.0,0.6774173444297789,0.6725654891036663,0.6774173444297789,0.6774173444297789,0.6774173444297789,0.6768044486214146,0.6759412767974367,0.6743675723306061,0.6774173444297789,0.6774173444297789,0.6774173444297789,0.0,0.6774173444297789
acs_full_income,45,3,17415,99277,534.8,0.0,0.0,0.6911527712038008,0.6875757764530378,0.6911527712038008,0.6911527712038008,0.6911527712038008,0.6908089877603468,0.6900292402499446,0.6889188890935862,0.6911527712038008,0.6911527712038008,0.6911527712038008,0.0,0.6911527712038008
acs_full_income,45,3,17415,99277,534.8,0.0,0.0,0.70255648416498,0.6970471621483274,0.70255648416498,0.70255648416498,0.70255648416498,0.7016247493559437,0.7002759087944986,0.6988138675202255,0.70255648416498,0.70255648416498,0.70255648416498,0.0,0.70255648416498
acs_full_income,45,3,17415,99277,534.8,0.0,0.0,0.6774173444297789,0.6717232392451202,0.6774173444297789,0.6774173444297789,0.6774173444297789,0.6763305321313036,0.6750634192019216,0.6736045177854663,0.6774173444297789,0.6774173444297789,0.6774173444297789,0.0,0.6774173444297789
acs_full_income,45,1,17415,52067,534.8,0.625,1.0,0.6911527712038008,0.6937927016989174,0.6911527712038008,0.6937927016989174,0.6931516269042948,0.6921107585939192,0.6929183145852299,0.6933750558127991,0.6937927016989174,0.6937927016989174,0.6911527712038008,0.0,0.6911527712038008
acs_full_income,45,1,17415,52067,534.8,0.375,0.5,0.70255648416498,0.7025292801898005,0.70255648416498,0.7025292801898005,0.7027900758765181,0.7027529163000633,0.7028517436737441,0.7027259460799526,0.70255648416498,0.7028517436737441,0.70255648416498,0.0,0.70255648416498
acs_full_income,45,1,17415,52067,534.8,0.875,0.875,0.6774173444297789,0.6784686554952265,0.6774173444297789,0.6784686554952265,0.6785852569065216,0.6778330053330798,0.6782673760045832,0.6785085898274483,0.6784686554952265,0.6785852569065216,0.6774173444297789,0.0,0.6774173444297789
acs_full_income,45,1,17415,4899,534.8,1.0,1.0,0.6911527712038008,0.6921195431664297,0.6911527712038008,0.6921195431664297,0.6921195431664297,0.6913890039924618,0.6916226370854317,0.6918703434988939,0.6921195431664297,0.6921195431664297,0.6911527712038008,0.0,0.6911527712038008
acs_full_income,45,1,17415,4899,534.8,1.0,1.0,0.70255648416498,0.70340562642345,0.70255648416498,0.70340562642345,0.70340562642345,0.702853800393537,0.7030776360026086,0.7032387583738058,0.70340562642345,0.70340562642345,0.70255648416498,0.0,0.70255648416498
acs_full_income,45,1,17415,4899,534.8,1.0,1.0,0.6774173444297789,0.6788171272877936,0.6774173444297789,0.6788171272877936,0.6788171272877936,0.6777574604877464,0.6782118216821182,0.6784392501584497,0.6788171272877936,0.6788171272877936,0.6774173444297789,0.0,0.6774173444297789
acs_full_income,46,3,3429,70307,92.6,0.75,0.0,0.6030804959369219,0.5929640994697557,0.6030804959369219,0.5929640994697557,0.5963108260391243,0.6001631132995009,0.598271847116049,0.5963108260391243,0.6030804959369219,0.6030804959369219,0.6030804959369219,0.0,0.6030804959369219
acs_full_income,46,3,3429,70307,92.6,0.0,0.0,0.574543045356591,0.5681449269348092,0.574543045356591,0.574543045356591,0.574543045356591,0.574230495045364,0.5722104634597349,0.5708195169096119,0.574543045356591,0.574543045356591,0.574543045356591,0.0,0.574543045356591
acs_full_income,46,3,3429,70307,92.6,0.0,0.0,0.6174331002252714,0.5920540362917488,0.6174331002252714,0.6174331002252714,0.6174331002252714,0.6097205190033035,0.6044561983653449,0.597837380498164,0.6174331002252714,0.6174331002252714,0.6174331002252714,0.0,0.6174331002252714
acs_full_income,46,3,3429,27785,92.6,0.375,0.0,0.6030804959369219,0.5872602323144254,0.6030804959369219,0.6030804959369219,0.5968526080095388,0.5994661189593522,0.5947254924588086,0.5924999792104483,0.6030804959369219,0.6030804959369219,0.6030804959369219,0.0,0.6030804959369219
acs_full_income,46,3,3429,27785,92.6,0.0,0.0,0.574543045356591,0.5672862891786219,0.574543045356591,0.574543045356591,0.574543045356591,0.5736086125883122,0.571867621222719,0.5693285645012761,0.574543045356591,0.574543045356591,0.574543045356591,0.0,0.574543045356591
acs_full_income,46,3,3429,27785,92.6,0.0,0.0,0.6174331002252714,0.5873846090670369,0.6174331002252714,0.6174331002252714,0.6174331002252714,0.6083234319930998,0.6009949733908093,0.5939091748749963,0.6174331002252714,0.6174331002252714,0.6174331002252714,0.0,0.6174331002252714
acs_full_income,46,3,3429,122835,92.6,0.5,0.0,0.6030804959369219,0.587191151097725,0.6030804959369219,0.587191151097725,0.5945013723282729,0.5990845591404341,0.5945013723282729,0.5919979283290108,0.6030804959369219,0.6030804959369219,0.6030804959369219,0.0,0.6030804959369219
acs_full_income,46,3,3429,122835,92.6,0.0,0.0,0.574543045356591,0.5656131395847799,0.574543045356591,0.574543045356591,0.574543045356591,0.5732068584036296,0.5714811708157524,0.5682512113356489,0.574543045356591,0.574543045356591,0.574543045356591,0.0,0.574543045356591
acs_full_income,46,3,3429,122835,92.6,0.0,0.0,0.6174331002252714,0.5848490465822316,0.6174331002252714,0.6174331002252714,0.6174331002252714,0.6076351483048844,0.5993321782840464,0.5917931521724044,0.6174331002252714,0.6174331002252714,0.6174331002252714,0.0,0.6174331002252714
acs_full_income,46,2,3429,57028,92.6,0.0,0.0,0.6030804959369219,0.5937047023489211,0.6030804959369219,0.6030804959369219,0.6030804959369219,0.5997910841862019,0.5995195607339691,0.5963001245476087,0.6030804959369219,0.6030804959369219,0.6030804959369219,0.0,0.6030804959369219
acs_full_income,46,2,3429,57028,92.6,0.0,0.125,0.574543045356591,0.5712456179625486,0.574543045356591,0.574543045356591,0.574543045356591,0.5741529585513084,0.572966521602163,0.5715970712170696,0.574543045356591,0.5747612879841928,0.574543045356591,0.0,0.574543045356591
acs_full_income,46,2,3429,57028,92.6,0.0,0.0,0.6174331002252714,0.5924030926320973,0.6174331002252714,0.6174331002252714,0.6174331002252714,0.6096570816563659,0.6034093254974717,0.5981257614715672,0.6174331002252714,0.6174331002252714,0.6174331002252714,0.0,0.6174331002252714
acs_full_income,46,2,3429,33552,92.6,0.625,0.0,0.6030804959369219,0.5997100582352687,0.6030804959369219,0.5997100582352687,0.5999175482489512,0.601367174690269,0.600296006868082,0.6006788195248434,0.6030804959369219,0.6030804959369219,0.6030804959369219,0.0,0.6030804959369219
acs_full_income,46,2,3429,33552,92.6,0.0,0.375,0.574543045356591,0.5737798008337933,0.574543045356591,0.574543045356591,0.574543045356591,0.5752657737368786,0.5748830718731354,0.5732838539700469,0.574543045356591,0.5754427666650068,0.574543045356591,0.0,0.574543045356591
acs_full_income,46,2,3429,33552,92.6,0.0,0.0,0.6174331002252714,0.6000520417868821,0.6174331002252714,0.6174331002252714,0.6174331002252714,0.6125033478477115,0.6081219925746872,0.6039796111060399,0.6174331002252714,0.6174331002252714,0.6174331002252714,0.0,0.6174331002252714
acs_full_income,46,3,3429,133834,92.6,0.25,0.0,0.6030804959369219,0.587482900932693,0.6030804959369219,0.6030804959369219,0.5991973296259099,0.5991973296259099,0.5962241225400046,0.5920606363866425,0.6030804959369219,0.6030804959369219,0.6030804959369219,0.0,0.6030804959369219
acs_full_income,46,3,3429,133834,92.6,0.0,0.125,0.574543045356591,0.5676413497856412,0.574543045356591,0.574543045356591,0.574543045356591,0.573916422697311,0.5722359404792543,0.5697492937871126,0.574543045356591,0.574592196560425,0.574543045356591,0.0,0.574543045356591
acs_full_income,46,3,3429,133834,92.6,0.0,0.0,0.6174331002252714,0.5816810014982312,0.6174331002252714,0.6174331002252714,0.6174331002252714,0.6068434022268222,0.596402087406053,0.5882888049047879,0.6174331002252714,0.6174331002252714,0.6174331002252714,0.0,0.6174331002252714
acs_full_income,46,3,3429,78659,92.6,1.0,0.0,0.6030804959369219,0.597825005221755,0.6030804959369219,0.597825005221755,0.597825005221755,0.6016033778848412,0.6000975314865311,0.5979730121351512,0.6030804959369219,0.6030804959369219,0.6030804959369219,0.0,0.6030804959369219
acs_full_income,46,3,3429,78659,92.6,0.0,0.25,0.574543045356591,0.571016412147791,0.574543045356591,0.574543045356591,0.574543045356591,0.5751555442644517,0.5739658029474799,0.5724868591622452,0.574543045356591,0.5751555442644517,0.574543045356591,0.0,0.574543045356591
acs_full_income,46,3,3429,78659,92.6,0.125,0.0,0.6174331002252714,0.5987658843058725,0.6174331002252714,0.6174331002252714,0.6149077003045182,0.612104017784868,0.6077218833582806,0.6032464094572364,0.6174331002252714,0.6174331002252714,0.6174331002252714,0.0,0.6174331002252714
acs_full_income,46,3,3429,63011,92.6,0.75,0.0,0.6030804959369219,0.5930339123826807,0.6030804959369219,0.5930339123826807,0.5946901665079422,0.6001355499141623,0.5973486127805899,0.5946901665079422,0.6030804959369219,0.6030804959369219,0.6030804959369219,0.0,0.6030804959369219
acs_full_income,46,3,3429,63011,92.6,0.0,0.0,0.574543045356591,0.5683763995948363,0.574543045356591,0.574543045356591,0.574543045356591,0.5739570041937146,0.5719924493883742,0.570598770995022,0.574543045356591,0.574543045356591,0.574543045356591,0.0,0.574543045356591
acs_full_income,46,3,3429,63011,92.6,0.0,0.0,0.6174331002252714,0.5950482956209333,0.6174331002252714,0.6174331002252714,0.6174331002252714,0.6105218941913779,0.6054159031044979,0.5997554219776626,0.6174331002252714,0.6174331002252714,0.6174331002252714,0.0,0.6174331002252714
acs_full_income,46,3,3429,51532,92.6,0.875,0.0,0.6030804959369219,0.5946826293777013,0.6030804959369219,0.5946826293777013,0.5952726332821234,0.6006667968569911,0.5978251967729339,0.5958797854705603,0.6030804959369219,0.6030804959369219,0.6030804959369219,0.0,0.6030804959369219
acs_full_income,46,3,3429,51532,92.6,0.0,0.125,0.574543045356591,0.5708715933482981,0.574543045356591,0.574543045356591,0.574543045356591,0.5744319050923115,0.5731387943972315,0.5717792162889865,0.574543045356591,0.574696763152413,0.574543045356591,0.0,0.574543045356591
acs_full_income,46,3,3429,51532,92.6,0.0,0.0,0.6174331002252714,0.5984072456802927,0.6174331002252714,0.6174331002252714,0.6174331002252714,0.6109062365361397,0.6065206693102012,0.601487791278173,0.6174331002252714,0.6174331002252714,0.6174331002252714,0.0,0.6174331002252714
acs_full_income,46,3,3429,117195,92.6,0.5,0.0,0.6030804959369219,0.5796696801071325,0.6030804959369219,0.5796696801071325,0.5936613718025612,0.5980589448658779,0.5936613718025612,0.5867149601797851,0.6030804959369219,0.6030804959369219,0.6030804959369219,0.0,0.6030804959369219
acs_full_income,46,3,3429,117195,92.6,0.0,0.0,0.574543045356591,0.5612528027927001,0.574543045356591,0.574543045356591,0.574543045356591,0.5729690542149003,0.5702041191461942,0.5660621005189966,0.574543045356591,0.574543045356591,0.574543045356591,0.0,0.574543045356591
acs_full_income,46,3,3429,117195,92.6,0.0,0.0,0.6174331002252714,0.575338812342681,0.6174331002252714,0.6174331002252714,0.6174331002252714,0.606449300837701,0.5955251728981711,0.5855159226068624,0.6174331002252714,0.6174331002252714,0.6174331002252714,0.0,0.6174331002252714
acs_full_income,46,1,3429,62135,92.6,0.5,0.0,0.6030804959369219,0.5902765417985822,0.6030804959369219,0.5902765417985822,0.596750836434242,0.5994110668304167,0.596750836434242,0.5938819528274363,0.6030804959369219,0.6030804959369219,0.6030804959369219,0.0,0.6030804959369219
acs_full_income,46,1,3429,62135,92.6,0.0,0.0,0.574543045356591,0.5686881542552622,0.574543045356591,0.574543045356591,0.574543045356591,0.573890434171214,0.5721120756953206,0.5709375151245705,0.574543045356591,0.574543045356591,0.574543045356591,0.0,0.574543045356591
acs_full_income,46,1,3429,62135,92.6,0.0,0.0,0.6174331002252714,0.5890495649974327,0.6174331002252714,0.6174331002252714,0.6174331002252714,0.6080772158254029,0.600376557211044,0.5939273296250381,0.6174331002252714,0.6174331002252714,0.6174331002252714,0.0,0.6174331002252714
acs_full_income,46,2,3429,71206,92.6,0.5,0.0,0.6030804959369219,0.5901893845716041,0.6030804959369219,0.5901893845716041,0.5971133709044191,0.5993631219355291,0.5971133709044191,0.5940976759622834,0.6030804959369219,0.6030804959369219,0.6030804959369219,0.0,0.6030804959369219
acs_full_income,46,2,3429,71206,92.6,0.0,0.0,0.574543045356591,0.5688803556995965,0.574543045356591,0.574543045356591,0.574543045356591,0.573885764823015,0.5721283511798647,0.5709490019054104,0.574543045356591,0.574543045356591,0.574543045356591,0.0,0.574543045356591
acs_full_income,46,2,3429,71206,92.6,0.0,0.0,0.6174331002252714,0.5901643732342607,0.6174331002252714,0.6174331002252714,0.6174331002252714,0.6088256322438234,0.6018341549327865,0.595292329288057,0.6174331002252714,0.6174331002252714,0.6174331002252714,0.0,0.6174331002252714
acs_full_income,47,4,23802,94212,731.8,1.0,1.0,0.6888939643419891,0.690717576345045,0.6888939643419891,0.690717576345045,0.690717576345045,0.689524187932339,0.6900371154632337,0.6904814402973353,0.690717576345045,0.690717576345045,0.6888939643419891,0.0,0.6888939643419891
acs_full_income,47,4,23802,94212,731.8,1.0,1.0,0.6933892496139067,0.6949167569296971,0.6933892496139067,0.6949167569296971,0.6949167569296971,0.6939276302748316,0.6943513167056827,0.6948543559541882,0.6949167569296971,0.6949167569296971,0.6933892496139067,0.0,0.6933892496139067
acs_full_income,47,4,23802,94212,731.8,1.0,0.75,0.6945626578599541,0.6951865090854084,0.6945626578599541,0.6951865090854084,0.6951865090854084,0.6947685186840332,0.6950929116983191,0.6951942987682169,0.6951865090854084,0.6951942987682169,0.6945626578599541,0.0,0.6945626578599541
acs_full_income,47,4,23802,34795,731.8,0.0,0.0,0.6888939643419891,0.6875090690843082,0.6888939643419891,0.6888939643419891,0.6888939643419891,0.6886646453534546,0.6882671962057317,0.6879422965253804,0.6888939643419891,0.6888939643419891,0.6888939643419891,0.0,0.6888939643419891
acs_full_income,47,4,23802,34795,731.8,0.0,0.0,0.6933892496139067,0.6920845028814956,0.6933892496139067,0.6933892496139067,0.6933892496139067,0.6931389556275225,0.692869225618785,0.692538920308226,0.6933892496139067,0.6933892496139067,0.6933892496139067,0.0,0.6933892496139067
acs_full_income,47,4,23802,34795,731.8,0.0,0.0,0.6945626578599541,0.6927118036271369,0.6945626578599541,0.6945626578599541,0.6945626578599541,0.6941405056597411,0.6937792365662867,0.6932455886963732,0.6945626578599541,0.6945626578599541,0.6945626578599541,0.0,0.6945626578599541
acs_full_income,47,4,23802,63763,731.8,1.0,1.0,0.6888939643419891,0.6900887451905929,0.6888939643419891,0.6900887451905929,0.6900887451905929,0.6893123050378307,0.6896915270021318,0.6899080119210852,0.6900887451905929,0.6900887451905929,0.6888939643419891,0.0,0.6888939643419891
acs_full_income,47,4,23802,63763,731.8,1.0,0.875,0.6933892496139067,0.6944950463390079,0.6933892496139067,0.6944950463390079,0.6944950463390079,0.6938168479734501,0.6940453352526701,0.6944431454647239,0.6944950463390079,0.6945135819424013,0.6933892496139067,0.0,0.6933892496139067
acs_full_income,47,4,23802,63763,731.8,1.0,0.5,0.6945626578599541,0.6944178387164607,0.6945626578599541,0.6944178387164607,0.6944178387164607,0.6945298702878363,0.6946419999852227,0.6945145850776387,0.6945626578599541,0.6946419999852227,0.6945626578599541,0.0,0.6945626578599541
acs_full_income,47,3,23802,84122,731.8,0.0,0.0,0.6888939643419891,0.6851673739178245,0.6888939643419891,0.6888939643419891,0.6888939643419891,0.6884118847098966,0.6878534065173003,0.6867383415841335,0.6888939643419891,0.6888939643419891,0.6888939643419891,0.0,0.6888939643419891
acs_full_income,47,3,23802,84122,731.8,0.0,0.0,0.6933892496139067,0.6901979057997067,0.6933892496139067,0.6933892496139067,0.6933892496139067,0.6931441447324975,0.6927673791416188,0.6915741675549816,0.6933892496139067,0.6933892496139067,0.6933892496139067,0.0,0.6933892496139067
acs_full_income,47,3,23802,84122,731.8,0.0,0.0,0.6945626578599541,0.6881531641760076,0.6945626578599541,0.6945626578599541,0.6945626578599541,0.6932870284281903,0.6918160470386152,0.6901613396835622,0.6945626578599541,0.6945626578599541,0.6945626578599541,0.0,0.6945626578599541
acs_full_income,47,2,23802,29736,731.8,1.0,1.0,0.6888939643419891,0.6904106018915298,0.6888939643419891,0.6904106018915298,0.6904106018915298,0.6894769014486983,0.689906942281705,0.6902185126386802,0.6904106018915298,0.6904106018915298,0.6888939643419891,0.0,0.6888939643419891
acs_full_income,47,2,23802,29736,731.8,1.0,0.875,0.6933892496139067,0.6943658832171551,0.6933892496139067,0.6943658832171551,0.6943658832171551,0.6938182927532138,0.694247569629384,0.6943551780525666,0.6943658832171551,0.6943795706389058,0.6933892496139067,0.0,0.6933892496139067
acs_full_income,47,2,23802,29736,731.8,1.0,1.0,0.6945626578599541,0.6954950221423051,0.6945626578599541,0.6954950221423051,0.6954950221423051,0.6949389486907189,0.6952758537861075,0.695474561725004,0.6954950221423051,0.6954950221423051,0.6945626578599541,0.0,0.6945626578599541
acs_full_income,47,3,23802,115017,731.8,0.75,0.25,0.6888939643419891,0.6885342282366107,0.6888939643419891,0.6885342282366107,0.6888578486183434,0.6890762153292107,0.6889443842752005,0.6888578486183434,0.6888939643419891,0.6890762153292107,0.6888939643419891,0.0,0.6888939643419891
acs_full_income,47,3,23802,115017,731.8,0.625,0.625,0.6933892496139067,0.6930777714017482,0.6933892496139067,0.6933892496139067,0.6935557732516043,0.6934630380734262,0.6935235303095963,0.6934772692263361,0.6933892496139067,0.6935557732516043,0.6933892496139067,0.0,0.6933892496139067
acs_full_income,47,3,23802,115017,731.8,0.5,0.0,0.6945626578599541,0.692907278347694,0.6945626578599541,0.6945626578599541,0.6939288214741803,0.6942535206293987,0.6939288214741803,0.6935864775983597,0.6945626578599541,0.6945626578599541,0.6945626578599541,0.0,0.6945626578599541
acs_full_income,47,4,23802,113050,731.8,1.0,0.75,0.6888939643419891,0.689316984602004,0.6888939643419891,0.689316984602004,0.689316984602004,0.689176731326733,0.6893427386608871,0.6894752011289003,0.689316984602004,0.6894752011289003,0.6888939643419891,0.0,0.6888939643419891
acs_full_income,47,4,23802,113050,731.8,1.0,0.75,0.6933892496139067,0.6934538260797279,0.6933892496139067,0.6934538260797279,0.6934538260797279,0.6934626025172893,0.6934504010244015,0.6935498987366081,0.6934538260797279,0.6935498987366081,0.6933892496139067,0.0,0.6933892496139067
acs_full_income,47,4,23802,113050,731.8,1.0,0.0,0.6945626578599541,0.6935977972480654,0.6945626578599541,0.6935977972480654,0.6935977972480654,0.6943959186655482,0.6942085689606589,0.6939683302715538,0.6945626578599541,0.6945626578599541,0.6945626578599541,0.0,0.6945626578599541
acs_full_income,47,3,23802,119518,731.8,0.0,0.125,0.6888939643419891,0.6861259566540006,0.6888939643419891,0.6888939643419891,0.6888939643419891,0.6888190776280763,0.6882271068991517,0.6874769815804735,0.6888939643419891,0.6889558202942594,0.6888939643419891,0.0,0.6888939643419891
acs_full_income,47,3,23802,119518,731.8,0.0,0.125,0.6933892496139067,0.6911536984110206,0.6933892496139067,0.6933892496139067,0.6933892496139067,0.693356542389153,0.6929458149544439,0.6922253773086474,0.6933892496139067,0.6934146868466674,0.6933892496139067,0.0,0.6933892496139067
acs_full_income,47,3,23802,119518,731.8,0.125,0.0,0.6945626578599541,0.6897751488076188,0.6945626578599541,0.6945626578599541,0.694131588301678,0.6937524427530579,0.6926500828586195,0.6914178903388076,0.6945626578599541,0.6945626578599541,0.6945626578599541,0.0,0.6945626578599541
acs_full_income,47,1,23802,7966,731.8,0.5,0.5,0.6888939643419891,0.6887952054832422,0.6888939643419891,0.6887952054832422,0.6890351438058193,0.6889800933076442,0.6890351438058193,0.6888962236543926,0.6888939643419891,0.6890351438058193,0.6888939643419891,0.0,0.6888939643419891
acs_full_income,47,1,23802,7966,731.8,0.125,0.0,0.6933892496139067,0.6930909772725591,0.6933892496139067,0.6933892496139067,0.6933751552584346,0.6933257518284983,0.6932366126081881,0.6931272020580647,0.6933892496139067,0.6933892496139067,0.6933892496139067,0.0,0.6933892496139067
acs_full_income,47,1,23802,7966,731.8,0.0,0.0,0.6945626578599541,0.6935681038244675,0.6945626578599541,0.6945626578599541,0.6945626578599541,0.6942908079699865,0.6940690754077377,0.6938346882322288,0.6945626578599541,0.6945626578599541,0.6945626578599541,0.0,0.6945626578599541
acs_full_income,47,1,23802,62135,731.8,0.0,0.0,0.6888939643419891,0.6879699227798316,0.6888939643419891,0.6888939643419891,0.6888939643419891,0.6888219639916652,0.6886037683982865,0.6883435474080373,0.6888939643419891,0.6888939643419891,0.6888939643419891,0.0,0.6888939643419891
acs_full_income,47,1,23802,62135,731.8,0.0,0.0,0.6933892496139067,0.692241989168474,0.6933892496139067,0.6933892496139067,0.6933892496139067,0.6931549906402722,0.6929159439086114,0.6925854275498473,0.6933892496139067,0.6933892496139067,0.6933892496139067,0.0,0.6933892496139067
acs_full_income,47,1,23802,62135,731.8,0.0,0.0,0.6945626578599541,0.6918675925121638,0.6945626578599541,0.6945626578599541,0.6945626578599541,0.6938968942786942,0.6932780370902937,0.692636991016873,0.6945626578599541,0.6945626578599541,0.6945626578599541,0.0,0.6945626578599541
acs_full_income,47,2,23802,168614,731.8,0.875,0.75,0.6888939643419891,0.6895064494751981,0.6888939643419891,0.6895064494751981,0.6896063322899091,0.6894066470030393,0.6895995518436829,0.6897183795533438,0.6895064494751981,0.6897183795533438,0.6888939643419891,0.0,0.6888939643419891
acs_full_income,47,2,23802,168614,731.8,0.75,0.625,0.6933892496139067,0.6937552221093114,0.6933892496139067,0.6937552221093114,0.6941653766871937,0.6938459820780983,0.6941797992877912,0.6941653766871937,0.6937552221093114,0.6941832277234357,0.6933892496139067,0.0,0.6933892496139067
acs_full_income,47,2,23802,168614,731.8,0.875,0.0,0.6945626578599541,0.6931558909462029,0.6945626578599541,0.6931558909462029,0.6935333471991333,0.6944867648585352,0.6942895961597415,0.6938474633075394,0.6945626578599541,0.6945626578599541,0.6945626578599541,0.0,0.6945626578599541
acs_full_income,47,1,23802,3064,731.8,0.625,1.0,0.6888939643419891,0.6890180346148781,0.6888939643419891,0.6890180346148781,0.6889785038033375,0.6889427772289899,0.6889608885574943,0.6889734297684772,0.6890180346148781,0.6890180346148781,0.6888939643419891,0.0,0.6888939643419891
acs_full_income,47,1,23802,3064,731.8,0.625,0.0,0.6933892496139067,0.6930964062715779,0.6933892496139067,0.6933892496139067,0.69323520392483,0.6933316385451688,0.6932738013578893,0.693169921452717,0.6933892496139067,0.6933892496139067,0.6933892496139067,0.0,0.6933892496139067
acs_full_income,47,1,23802,3064,731.8,0.0,0.0,0.6945626578599541,0.6942199143647261,0.6945626578599541,0.6945626578599541,0.6945626578599541,0.6944156559045709,0.6943456301901684,0.6942919570248653,0.6945626578599541,0.6945626578599541,0.6945626578599541,0.0,0.6945626578599541
acs_full_income,48,1,95146,22268,3470.9,0.0,0.0,0.7455689990288439,0.7450668940304384,0.7455689990288439,0.7455689990288439,0.7455689990288439,0.7454811181734879,0.7453621739621313,0.745222890942862,0.7455689990288439,0.7455689990288439,0.7455689990288439,0.0,0.7455689990288439
acs_full_income,48,1,95146,22268,3470.9,0.0,0.0,0.7501023699272698,0.7494902392180816,0.7501023699272698,0.7501023699272698,0.7501023699272698,0.7499666613389092,0.749837591090392,0.7496720319329323,0.7501023699272698,0.7501023699272698,0.7501023699272698,0.0,0.7501023699272698
acs_full_income,48,1,95146,22268,3470.9,0.0,0.0,0.7462364631798816,0.7457832569858525,0.7462364631798816,0.7462364631798816,0.7462364631798816,0.7461726797637495,0.7460681940456176,0.7459379673181051,0.7462364631798816,0.7462364631798816,0.7462364631798816,0.0,0.7462364631798816
acs_full_income,48,1,95146,3546,3470.9,1.0,1.0,0.7455689990288439,0.7458805295825971,0.7455689990288439,0.7458805295825971,0.7458805295825971,0.7456518875356892,0.7457347784389463,0.7458121570619324,0.7458805295825971,0.7458805295825971,0.7455689990288439,0.0,0.7455689990288439
acs_full_income,48,1,95146,3546,3470.9,1.0,1.0,0.7501023699272698,0.7502994791457805,0.7501023699272698,0.7502994791457805,0.7502994791457805,0.7501560256850723,0.7502078155381692,0.7502564102467932,0.7502994791457805,0.7502994791457805,0.7501023699272698,0.0,0.7501023699272698
acs_full_income,48,1,95146,3546,3470.9,1.0,1.0,0.7462364631798816,0.7465602489496607,0.7462364631798816,0.7465602489496607,0.7465602489496607,0.7463205303249625,0.7464022655080403,0.7464813772420379,0.7465602489496607,0.7465602489496607,0.7462364631798816,0.0,0.7462364631798816
acs_full_income,48,3,95146,67134,3470.9,0.0,0.0,0.7455689990288439,0.7439567143833903,0.7455689990288439,0.7455689990288439,0.7455689990288439,0.7451963433093959,0.7447860761977805,0.7443734968495737,0.7455689990288439,0.7455689990288439,0.7455689990288439,0.0,0.7455689990288439
acs_full_income,48,3,95146,67134,3470.9,0.0,0.0,0.7501023699272698,0.7484004217225014,0.7501023699272698,0.7501023699272698,0.7501023699272698,0.7497247593024898,0.7492955928113809,0.74885462131169,0.7501023699272698,0.7501023699272698,0.7501023699272698,0.0,0.7501023699272698
acs_full_income,48,3,95146,67134,3470.9,0.0,0.0,0.7462364631798816,0.7445562131768647,0.7462364631798816,0.7462364631798816,0.7462364631798816,0.7458349364952226,0.7454161669022641,0.7449978172698677,0.7462364631798816,0.7462364631798816,0.7462364631798816,0.0,0.7462364631798816
acs_full_income,48,2,95146,82237,3470.9,0.0,0.0,0.7455689990288439,0.7447783876598083,0.7455689990288439,0.7455689990288439,0.7455689990288439,0.7453968753600517,0.7452077473838146,0.7449982419375043,0.7455689990288439,0.7455689990288439,0.7455689990288439,0.0,0.7455689990288439
acs_full_income,48,2,95146,82237,3470.9,0.0,0.0,0.7501023699272698,0.7493682357917413,0.7501023699272698,0.7501023699272698,0.7501023699272698,0.7499628368172819,0.7497768129511062,0.7495859200865036,0.7501023699272698,0.7501023699272698,0.7501023699272698,0.0,0.7501023699272698
acs_full_income,48,2,95146,82237,3470.9,0.0,0.0,0.7462364631798816,0.7453817929231574,0.7462364631798816,0.7462364631798816,0.7462364631798816,0.7460511807926524,0.7458369819777331,0.745608341340378,0.7462364631798816,0.7462364631798816,0.7462364631798816,0.0,0.7462364631798816
acs_full_income,48,3,95146,82854,3470.9,0.0,0.0,0.7455689990288439,0.7433605645129968,0.7455689990288439,0.7455689990288439,0.7455689990288439,0.7450812056927951,0.7445573462358651,0.7439742749777635,0.7455689990288439,0.7455689990288439,0.7455689990288439,0.0,0.7455689990288439
acs_full_income,48,3,95146,82854,3470.9,0.0,0.0,0.7501023699272698,0.7478455128375749,0.7501023699272698,0.7501023699272698,0.7501023699272698,0.7496106974467198,0.7490578740727439,0.7484567553544822,0.7501023699272698,0.7501023699272698,0.7501023699272698,0.0,0.7501023699272698
acs_full_income,48,3,95146,82854,3470.9,0.0,0.0,0.7462364631798816,0.7439918198883302,0.7462364631798816,0.7462364631798816,0.7462364631798816,0.7457183913345204,0.7451757969491067,0.7446139857735024,0.7462364631798816,0.7462364631798816,0.7462364631798816,0.0,0.7462364631798816
acs_full_income,48,4,95146,70346,3470.9,1.0,1.0,0.7455689990288439,0.7462371797216109,0.7455689990288439,0.7462371797216109,0.7462371797216109,0.7457592435897272,0.7459338100982214,0.746079482934744,0.7462371797216109,0.7462371797216109,0.7455689990288439,0.0,0.7455689990288439
acs_full_income,48,4,95146,70346,3470.9,1.0,1.0,0.7501023699272698,0.7503626486799995,0.7501023699272698,0.7503626486799995,0.7503626486799995,0.7501928147140153,0.7502571364613019,0.7503206008581909,0.7503626486799995,0.7503626486799995,0.7501023699272698,0.0,0.7501023699272698
acs_full_income,48,4,95146,70346,3470.9,1.0,1.0,0.7462364631798816,0.7468360933498978,0.7462364631798816,0.7468360933498978,0.7468360933498978,0.7464103114805736,0.7465627413418211,0.7467004322319855,0.7468360933498978,0.7468360933498978,0.7462364631798816,0.0,0.7462364631798816
acs_full_income,48,4,95146,39127,3470.9,1.0,0.875,0.7455689990288439,0.7459486667849802,0.7455689990288439,0.7459486667849802,0.7459486667849802,0.7457129034168234,0.7458257600042537,0.7459207085044158,0.7459486667849802,0.7459571007009693,0.7455689990288439,0.0,0.7455689990288439
acs_full_income,48,4,95146,39127,3470.9,1.0,0.75,0.7501023699272698,0.7502575021395423,0.7501023699272698,0.7502575021395423,0.7502575021395423,0.7501781864245287,0.7502316998491445,0.7502577484985143,0.7502575021395423,0.7502577484985143,0.7501023699272698,0.0,0.7501023699272698
acs_full_income,48,4,95146,39127,3470.9,1.0,1.0,0.7462364631798816,0.74660362593917,0.7462364631798816,0.74660362593917,0.74660362593917,0.7463733110180459,0.7464848672464542,0.7465517148438195,0.74660362593917,0.74660362593917,0.7462364631798816,0.0,0.7462364631798816
acs_full_income,48,4,95146,208970,3470.9,0.0,0.0,0.7455689990288439,0.7429542604787525,0.7455689990288439,0.7455689990288439,0.7455689990288439,0.7449554367145541,0.7443046530547064,0.743628856866026,0.7455689990288439,0.7455689990288439,0.7455689990288439,0.0,0.7455689990288439
acs_full_income,48,4,95146,208970,3470.9,0.0,0.0,0.7501023699272698,0.747345283033945,0.7501023699272698,0.7501023699272698,0.7501023699272698,0.7494593900014772,0.7487913471082286,0.7480804433529233,0.7501023699272698,0.7501023699272698,0.7501023699272698,0.0,0.7501023699272698
acs_full_income,48,4,95146,208970,3470.9,0.0,0.0,0.7462364631798816,0.7435919715941814,0.7462364631798816,0.7462364631798816,0.7462364631798816,0.7456264325022721,0.7449956503770374,0.7442969280809808,0.7462364631798816,0.7462364631798816,0.7462364631798816,0.0,0.7462364631798816
acs_full_income,48,3,95146,138174,3470.9,0.0,0.0,0.7455689990288439,0.7434662262533704,0.7455689990288439,0.7455689990288439,0.7455689990288439,0.7450791877200396,0.7445784242603756,0.7440444465724145,0.7455689990288439,0.7455689990288439,0.7455689990288439,0.0,0.7455689990288439
acs_full_income,48,3,95146,138174,3470.9,0.0,0.0,0.7501023699272698,0.7480831387348211,0.7501023699272698,0.7501023699272698,0.7501023699272698,0.7496556794086873,0.7491613639780897,0.7486381813184498,0.7501023699272698,0.7501023699272698,0.7501023699272698,0.0,0.7501023699272698
acs_full_income,48,3,95146,138174,3470.9,0.0,0.0,0.7462364631798816,0.7440887351359943,0.7462364631798816,0.7462364631798816,0.7462364631798816,0.7457504732161276,0.745224315861205,0.7446609868236028,0.7462364631798816,0.7462364631798816,0.7462364631798816,0.0,0.7462364631798816
acs_full_income,48,2,95146,33144,3470.9,0.75,0.875,0.7455689990288439,0.7457192906309908,0.7455689990288439,0.7457192906309908,0.7457214075728731,0.7456472328357839,0.7456977700002749,0.7457214075728731,0.7457192906309908,0.7457363126063971,0.7455689990288439,0.0,0.7455689990288439
acs_full_income,48,2,95146,33144,3470.9,0.75,0.0,0.7501023699272698,0.7499614636326867,0.7501023699272698,0.7499614636326867,0.7500240323730583,0.7500890838531025,0.7500651692399444,0.7500240323730583,0.7501023699272698,0.7501023699272698,0.7501023699272698,0.0,0.7501023699272698
acs_full_income,48,2,95146,33144,3470.9,0.625,1.0,0.7462364631798816,0.7464394991650171,0.7462364631798816,0.7464394991650171,0.7464137629623222,0.7463428156462998,0.7463865027394231,0.7464196772048804,0.7464394991650171,0.7464394991650171,0.7462364631798816,0.0,0.7462364631798816
acs_full_income,48,2,95146,30717,3470.9,0.0,0.375,0.7455689990288439,0.7455085089276962,0.7455689990288439,0.7455689990288439,0.7455689990288439,0.7455811074225468,0.7455696734414294,0.7455540834745279,0.7455689990288439,0.7455836679502894,0.7455689990288439,0.0,0.7455689990288439
acs_full_income,48,2,95146,30717,3470.9,0.25,0.0,0.7501023699272698,0.7497595072131785,0.7501023699272698,0.7501023699272698,0.7500274029150122,0.7500274029150122,0.7499515511734856,0.749861282485412,0.7501023699272698,0.7501023699272698,0.7501023699272698,0.0,0.7501023699272698
acs_full_income,48,2,95146,30717,3470.9,0.0,0.375,0.7462364631798816,0.7461288032194161,0.7462364631798816,0.7462364631798816,0.7462364631798816,0.7462449568480449,0.746229223087445,0.7461869885295717,0.7462364631798816,0.7462479367825897,0.7462364631798816,0.0,0.7462364631798816
acs_full_income,48,2,95146,18888,3470.9,1.0,1.0,0.7455689990288439,0.7462311066727383,0.7455689990288439,0.7462311066727383,0.7462311066727383,0.7457596823573094,0.7459313336643476,0.7460876783776467,0.7462311066727383,0.7462311066727383,0.7455689990288439,0.0,0.7455689990288439
acs_full_income,48,2,95146,18888,3470.9,1.0,1.0,0.7501023699272698,0.7505607591747662,0.7501023699272698,0.7505607591747662,0.7505607591747662,0.7502467492732037,0.7503663460851914,0.7504754134903693,0.7505607591747662,0.7505607591747662,0.7501023699272698,0.0,0.7501023699272698
acs_full_income,48,2,95146,18888,3470.9,1.0,1.0,0.7462364631798816,0.746881751990338,0.7462364631798816,0.746881751990338,0.746881751990338,0.7464296354188167,0.7465884435084617,0.7467429762199578,0.746881751990338,0.746881751990338,0.7462364631798816,0.0,0.7462364631798816
acs_full_income,49,1,11435,3546,381.7,1.0,1.0,0.7529648693629449,0.7551418090652143,0.7529648693629449,0.7551418090652143,0.7551418090652143,0.7536442360871606,0.7540687629797069,0.7546159859602731,0.7551418090652143,0.7551418090652143,0.7529648693629449,0.0,0.7529648693629449
acs_full_income,49,1,11435,3546,381.7,1.0,1.0,0.7475396264701488,0.7501798279463832,0.7475396264701488,0.7501798279463832,0.7501798279463832,0.7482315078045164,0.7488431349922676,0.7494744501871972,0.7501798279463832,0.7501798279463832,0.7475396264701488,0.0,0.7475396264701488
acs_full_income,49,1,11435,3546,381.7,1.0,1.0,0.7562082558206709,0.7595279564606103,0.7562082558206709,0.7595279564606103,0.7595279564606103,0.7570756501109324,0.7579478045470541,0.7588232590697637,0.7595279564606103,0.7595279564606103,0.7562082558206709,0.0,0.7562082558206709
acs_full_income,49,4,11435,135833,381.7,1.0,0.75,0.7529648693629449,0.7532193685965571,0.7529648693629449,0.7532193685965571,0.7532193685965571,0.753351305206769,0.753661095383718,0.7536741748397668,0.7532193685965571,0.7536741748397668,0.7529648693629449,0.0,0.7529648693629449
acs_full_income,49,4,11435,135833,381.7,1.0,0.875,0.7475396264701488,0.7493058915214589,0.7475396264701488,0.7493058915214589,0.7493058915214589,0.7483157527301683,0.7489307410408662,0.7492549140253044,0.7493058915214589,0.7493216920659009,0.7475396264701488,0.0,0.7475396264701488
acs_full_income,49,4,11435,135833,381.7,0.625,1.0,0.7562082558206709,0.7590701944141266,0.7562082558206709,0.7562082558206709,0.7587389343643919,0.757377423381543,0.758302649273757,0.7589588641212295,0.7590701944141266,0.7590701944141266,0.7562082558206709,0.0,0.7562082558206709
acs_full_income,49,4,11435,133037,381.7,1.0,0.875,0.7529648693629449,0.7544331985973213,0.7529648693629449,0.7544331985973213,0.7544331985973213,0.7536661659450714,0.7541133860725067,0.7544253094532658,0.7544331985973213,0.7544809870820672,0.7529648693629449,0.0,0.7529648693629449
acs_full_income,49,4,11435,133037,381.7,1.0,1.0,0.7475396264701488,0.7502684516788578,0.7475396264701488,0.7502684516788578,0.7502684516788578,0.7484692281158476,0.7492748161529681,0.7498554713314999,0.7502684516788578,0.7502684516788578,0.7475396264701488,0.0,0.7475396264701488
acs_full_income,49,4,11435,133037,381.7,0.75,1.0,0.7562082558206709,0.760424945645739,0.7562082558206709,0.760424945645739,0.759935366517372,0.7577773719250137,0.7590011849177372,0.759935366517372,0.760424945645739,0.760424945645739,0.7562082558206709,0.0,0.7562082558206709
acs_full_income,49,4,11435,182497,381.7,1.0,0.625,0.7529648693629449,0.7534708216601791,0.7529648693629449,0.7534708216601791,0.7534708216601791,0.7536319151255756,0.7540047159624084,0.7539469844817704,0.7534708216601791,0.754083963211338,0.7529648693629449,0.0,0.7529648693629449
acs_full_income,49,4,11435,182497,381.7,0.75,0.625,0.7475396264701488,0.7486547785245738,0.7475396264701488,0.7486547785245738,0.7488624829820404,0.7483226380012606,0.7488127516006646,0.7488624829820404,0.7486547785245738,0.7489315231592866,0.7475396264701488,0.0,0.7475396264701488
acs_full_income,49,4,11435,182497,381.7,0.75,0.75,0.7562082558206709,0.7591025533019593,0.7562082558206709,0.7591025533019593,0.7591745448856764,0.7576176444272088,0.7584302355774508,0.7591745448856764,0.7591025533019593,0.7591745448856764,0.7562082558206709,0.0,0.7562082558206709
acs_full_income,49,3,11435,37643,381.7,1.0,1.0,0.7529648693629449,0.7552540780458189,0.7529648693629449,0.7552540780458189,0.7552540780458189,0.7537314361020203,0.7544806402355075,0.7548359107130858,0.7552540780458189,0.7552540780458189,0.7529648693629449,0.0,0.7529648693629449
acs_full_income,49,3,11435,37643,381.7,1.0,1.0,0.7475396264701488,0.7510535354940358,0.7475396264701488,0.7510535354940358,0.7510535354940358,0.7487245192405833,0.7497586277088356,0.7505516598460268,0.7510535354940358,0.7510535354940358,0.7475396264701488,0.0,0.7475396264701488
acs_full_income,49,3,11435,37643,381.7,0.625,1.0,0.7562082558206709,0.7610109327831109,0.7562082558206709,0.7562082558206709,0.7597530036590815,0.7575167672591803,0.7591573352228513,0.7602583117424365,0.7610109327831109,0.7610109327831109,0.7562082558206709,0.0,0.7562082558206709
acs_full_income,49,2,11435,76573,381.7,1.0,0.5,0.7529648693629449,0.7530427956957393,0.7529648693629449,0.7530427956957393,0.7530427956957393,0.7532325288850588,0.7534574528966764,0.7532928509364378,0.7530427956957393,0.7534574528966764,0.7529648693629449,0.0,0.7529648693629449
acs_full_income,49,2,11435,76573,381.7,1.0,1.0,0.7475396264701488,0.749170411524944,0.7475396264701488,0.749170411524944,0.749170411524944,0.7482540198396859,0.7488495794176215,0.7491326338521591,0.749170411524944,0.749170411524944,0.7475396264701488,0.0,0.7475396264701488
acs_full_income,49,2,11435,76573,381.7,0.5,1.0,0.7562082558206709,0.7590518046379884,0.7562082558206709,0.7562082558206709,0.758426908174265,0.7573985872453193,0.758426908174265,0.758703997367889,0.7590518046379884,0.7590518046379884,0.7562082558206709,0.0,0.7562082558206709
acs_full_income,49,3,11435,99568,381.7,0.625,0.25,0.7529648693629449,0.7523758658396027,0.7529648693629449,0.7523758658396027,0.7530401173125078,0.7531366547285249,0.7530535667990867,0.7529279129816944,0.7529648693629449,0.7531366547285249,0.7529648693629449,0.0,0.7529648693629449
acs_full_income,49,3,11435,99568,381.7,0.875,0.625,0.7475396264701488,0.7479512172130628,0.7475396264701488,0.7479512172130628,0.7481287977489028,0.7480347586042846,0.7482563101866979,0.7483351027841586,0.7479512172130628,0.7484112800099664,0.7475396264701488,0.0,0.7475396264701488
acs_full_income,49,3,11435,99568,381.7,0.625,0.75,0.7562082558206709,0.7579022362785777,0.7562082558206709,0.7579022362785777,0.7579358575562068,0.7571336018099992,0.7578098670851946,0.7580625347872657,0.7579022362785777,0.7580625347872657,0.7562082558206709,0.0,0.7562082558206709
acs_full_income,49,3,11435,54794,381.7,1.0,1.0,0.7529648693629449,0.756807796882877,0.7529648693629449,0.756807796882877,0.756807796882877,0.7544471402209726,0.7555136185672942,0.7564693183171645,0.756807796882877,0.756807796882877,0.7529648693629449,0.0,0.7529648693629449
acs_full_income,49,3,11435,54794,381.7,1.0,1.0,0.7475396264701488,0.7528998423695151,0.7475396264701488,0.7528998423695151,0.7528998423695151,0.7491090500415689,0.7506906899948768,0.7520895974937698,0.7528998423695151,0.7528998423695151,0.7475396264701488,0.0,0.7475396264701488
acs_full_income,49,3,11435,54794,381.7,0.75,1.0,0.7562082558206709,0.7629217434592002,0.7562082558206709,0.7629217434592002,0.7619526591070981,0.7586719893727664,0.7606077291321303,0.7619526591070981,0.7629217434592002,0.7629217434592002,0.7562082558206709,0.0,0.7562082558206709
acs_full_income,49,4,11435,87157,381.7,1.0,1.0,0.7529648693629449,0.7561393767420993,0.7529648693629449,0.7561393767420993,0.7561393767420993,0.753901533971631,0.7547195948963917,0.7554303088091413,0.7561393767420993,0.7561393767420993,0.7529648693629449,0.0,0.7529648693629449
acs_full_income,49,4,11435,87157,381.7,1.0,1.0,0.7475396264701488,0.7515659863063596,0.7475396264701488,0.7515659863063596,0.7515659863063596,0.7487429007305594,0.7495973886266598,0.7507588397967377,0.7515659863063596,0.7515659863063596,0.7475396264701488,0.0,0.7475396264701488
acs_full_income,49,4,11435,87157,381.7,1.0,1.0,0.7562082558206709,0.7615301482947086,0.7562082558206709,0.7615301482947086,0.7615301482947086,0.7576688095149272,0.7593207981235627,0.7605727961078417,0.7615301482947086,0.7615301482947086,0.7562082558206709,0.0,0.7562082558206709
acs_full_income,49,4,11435,112613,381.7,1.0,0.5,0.7529648693629449,0.7528915399007828,0.7529648693629449,0.7528915399007828,0.7528915399007828,0.7531653747413176,0.7533223032793825,0.7531114449497427,0.7529648693629449,0.7533223032793825,0.7529648693629449,0.0,0.7529648693629449
acs_full_income,49,4,11435,112613,381.7,0.75,0.75,0.7475396264701488,0.7486423408283378,0.7475396264701488,0.7486423408283378,0.7486929687990276,0.7480523398741883,0.7485084797135555,0.7486929687990276,0.7486423408283378,0.7486929687990276,0.7475396264701488,0.0,0.7475396264701488
acs_full_income,49,4,11435,112613,381.7,0.625,0.875,0.7562082558206709,0.7575475862369173,0.7562082558206709,0.7575475862369173,0.757542257649868,0.756876064617463,0.757422809165017,0.7575979562274967,0.7575475862369173,0.7577630949435482,0.7562082558206709,0.0,0.7562082558206709
acs_full_income,49,1,11435,4455,381.7,1.0,1.0,0.7529648693629449,0.7558379190415175,0.7529648693629449,0.7558379190415175,0.7558379190415175,0.7539107894167234,0.7545548599162323,0.7551742680868083,0.7558379190415175,0.7558379190415175,0.7529648693629449,0.0,0.7529648693629449
acs_full_income,49,1,11435,4455,381.7,1.0,1.0,0.7475396264701488,0.7505114149979815,0.7475396264701488,0.7505114149979815,0.7505114149979815,0.7483317287765789,0.7491536942687598,0.7498695897777804,0.7505114149979815,0.7505114149979815,0.7475396264701488,0.0,0.7475396264701488
acs_full_income,49,1,11435,4455,381.7,1.0,1.0,0.7562082558206709,0.7605165191282852,0.7562082558206709,0.7605165191282852,0.7605165191282852,0.7572779171636181,0.758305333990799,0.7594997878326636,0.7605165191282852,0.7605165191282852,0.7562082558206709,0.0,0.7562082558206709
acs_full_income,49,1,11435,9071,381.7,1.0,0.75,0.7529648693629449,0.7539010145825088,0.7529648693629449,0.7539010145825088,0.7539010145825088,0.7536263891381145,0.7540563691278995,0.7542385462145901,0.7539010145825088,0.7542385462145901,0.7529648693629449,0.0,0.7529648693629449
acs_full_income,49,1,11435,9071,381.7,0.875,0.375,0.7475396264701488,0.7471386148785792,0.7475396264701488,0.7471386148785792,0.7475619756045768,0.7478844363003161,0.748177813959314,0.7478723532646548,0.7475396264701488,0.7482705571531061,0.7475396264701488,0.0,0.7475396264701488
acs_full_income,49,1,11435,9071,381.7,0.625,0.625,0.7562082558206709,0.7571355782622453,0.7562082558206709,0.7571355782622453,0.7573766135849327,0.7569512470578458,0.757305625736545,0.7573147042690681,0.7571355782622453,0.7573766135849327,0.7562082558206709,0.0,0.7562082558206709
acs_full_income,50,3,2636,270000,90.5,0.75,0.0,0.6891091612646532,0.674354473521906,0.6891091612646532,0.674354473521906,0.6789418890440795,0.6864439848087321,0.6830972427707274,0.6789418890440795,0.6891091612646532,0.6891091612646532,0.6891091612646532,0.0,0.6891091612646532
acs_full_income,50,3,2636,270000,90.5,0.625,0.0,0.6965430531149273,0.6838391742742042,0.6965430531149273,0.6838391742742042,0.6893608655501823,0.6941144116745895,0.6910003577954538,0.6869339721435705,0.6965430531149273,0.6965430531149273,0.6965430531149273,0.0,0.6965430531149273
acs_full_income,50,3,2636,270000,90.5,0.0,0.0,0.7176544802960113,0.7050642092828292,0.7176544802960113,0.7176544802960113,0.7176544802960113,0.7120905450505461,0.7108465552981252,0.7072338287477112,0.7176544802960113,0.7176544802960113,0.7176544802960113,0.0,0.7176544802960113
acs_full_income,50,4,2636,51200,90.5,0.5,0.0,0.6891091612646532,0.680266115474097,0.6891091612646532,0.680266115474097,0.6866838036527609,0.6884226144894858,0.6866838036527609,0.6837549009429655,0.6891091612646532,0.6891091612646532,0.6891091612646532,0.0,0.6891091612646532
acs_full_income,50,4,2636,51200,90.5,0.375,0.0,0.6965430531149273,0.6846471460060107,0.6965430531149273,0.6846471460060107,0.6929509564327433,0.6939065571853479,0.6916519763874358,0.6881802138555971,0.6965430531149273,0.6965430531149273,0.6965430531149273,0.0,0.6965430531149273
acs_full_income,50,4,2636,51200,90.5,0.0,0.0,0.7176544802960113,0.7052138534745004,0.7176544802960113,0.7176544802960113,0.7176544802960113,0.7150597036088694,0.7109959861297488,0.7083053705081224,0.7176544802960113,0.7176544802960113,0.7176544802960113,0.0,0.7176544802960113
acs_full_income,50,3,2636,47373,90.5,0.75,0.0,0.6891091612646532,0.6716137860690393,0.6891091612646532,0.6716137860690393,0.6754015775530555,0.6858771006855124,0.6804019824964296,0.6754015775530555,0.6891091612646532,0.6891091612646532,0.6891091612646532,0.0,0.6891091612646532
acs_full_income,50,3,2636,47373,90.5,0.5,0.0,0.6965430531149273,0.6778394740776855,0.6965430531149273,0.6965430531149273,0.6894176153276294,0.6935528440226268,0.6894176153276294,0.6837138235103944,0.6965430531149273,0.6965430531149273,0.6965430531149273,0.0,0.6965430531149273
acs_full_income,50,3,2636,47373,90.5,0.0,0.0,0.7176544802960113,0.7029761644787468,0.7176544802960113,0.7176544802960113,0.7176544802960113,0.7125372776104597,0.7099978476924006,0.7064916794452684,0.7176544802960113,0.7176544802960113,0.7176544802960113,0.0,0.7176544802960113
acs_full_income,50,3,2636,109850,90.5,0.75,0.0,0.6891091612646532,0.679305274400085,0.6891091612646532,0.679305274400085,0.682133006077959,0.688096845493416,0.6863135545856185,0.682133006077959,0.6891091612646532,0.6891091612646532,0.6891091612646532,0.0,0.6891091612646532
acs_full_income,50,3,2636,109850,90.5,0.375,0.0,0.6965430531149273,0.6838843259423341,0.6965430531149273,0.6838843259423341,0.6923868530976077,0.694128916224345,0.6908010751806677,0.6878642148012675,0.6965430531149273,0.6965430531149273,0.6965430531149273,0.0,0.6965430531149273
acs_full_income,50,3,2636,109850,90.5,0.125,0.0,0.7176544802960113,0.7050839936976625,0.7176544802960113,0.7176544802960113,0.7162171990288269,0.7127768109804413,0.7106730612118869,0.7084762983990682,0.7176544802960113,0.7176544802960113,0.7176544802960113,0.0,0.7176544802960113
acs_full_income,50,4,2636,99730,90.5,0.625,0.5,0.6891091612646532,0.686634165645036,0.6891091612646532,0.686634165645036,0.6894122560741927,0.6895356696308449,0.6898805759065235,0.6888929144849321,0.6891091612646532,0.6898805759065235,0.6891091612646532,0.0,0.6891091612646532
acs_full_income,50,4,2636,99730,90.5,0.875,0.125,0.6965430531149273,0.6909307829264516,0.6965430531149273,0.6909307829264516,0.6929386188529387,0.6957212727641005,0.694305171686928,0.6935279846223885,0.6965430531149273,0.6965444334106232,0.6965430531149273,0.0,0.6965430531149273
acs_full_income,50,4,2636,99730,90.5,0.25,0.0,0.7176544802960113,0.7085620570398423,0.7176544802960113,0.7176544802960113,0.7164145523798109,0.7164145523798109,0.712486067733572,0.7103384752495511,0.7176544802960113,0.7176544802960113,0.7176544802960113,0.0,0.7176544802960113
acs_full_income,50,4,2636,124684,90.5,0.75,0.0,0.6891091612646532,0.6807821152776492,0.6891091612646532,0.6807821152776492,0.6830332968743312,0.6883368254065814,0.6871680900302407,0.6830332968743312,0.6891091612646532,0.6891091612646532,0.6891091612646532,0.0,0.6891091612646532
acs_full_income,50,4,2636,124684,90.5,0.25,0.0,0.6965430531149273,0.6845162910566097,0.6965430531149273,0.6845162910566097,0.6941245903961257,0.6941245903961257,0.6913370635323659,0.6883725102955416,0.6965430531149273,0.6965430531149273,0.6965430531149273,0.0,0.6965430531149273
acs_full_income,50,4,2636,124684,90.5,0.125,0.0,0.7176544802960113,0.7055778558066693,0.7176544802960113,0.7176544802960113,0.7164191591803883,0.7132535461844688,0.7109287414143507,0.7092155715618021,0.7176544802960113,0.7176544802960113,0.7176544802960113,0.0,0.7176544802960113
acs_full_income,50,2,2636,123804,90.5,0.625,0.0,0.6891091612646532,0.6705749327054005,0.6891091612646532,0.6705749327054005,0.6776225399282239,0.6855879046753982,0.6803607847744935,0.6754061803073415,0.6891091612646532,0.6891091612646532,0.6891091612646532,0.0,0.6891091612646532
acs_full_income,50,2,2636,123804,90.5,0.5,0.0,0.6965430531149273,0.67897961307885,0.6965430531149273,0.6965430531149273,0.6888536332739676,0.6936399452879929,0.6888536332739676,0.6839829278292496,0.6965430531149273,0.6965430531149273,0.6965430531149273,0.0,0.6965430531149273
acs_full_income,50,2,2636,123804,90.5,0.0,0.0,0.7176544802960113,0.7031274102620181,0.7176544802960113,0.7176544802960113,0.7176544802960113,0.7125612966753009,0.7100817821554473,0.7061764494207892,0.7176544802960113,0.7176544802960113,0.7176544802960113,0.0,0.7176544802960113
acs_full_income,50,1,2636,8265,90.5,0.375,0.0,0.6891091612646532,0.6783575241097815,0.6891091612646532,0.6783575241097815,0.6866413494301015,0.6879700753078577,0.6856245156007835,0.6812021158137914,0.6891091612646532,0.6891091612646532,0.6891091612646532,0.0,0.6891091612646532
acs_full_income,50,1,2636,8265,90.5,0.5,0.0,0.6965430531149273,0.6827750551711931,0.6965430531149273,0.6965430531149273,0.6901916999077418,0.6938159195526321,0.6901916999077418,0.6872694087946668,0.6965430531149273,0.6965430531149273,0.6965430531149273,0.0,0.6965430531149273
acs_full_income,50,1,2636,8265,90.5,0.0,0.0,0.7176544802960113,0.7063904031749644,0.7176544802960113,0.7176544802960113,0.7176544802960113,0.7149177371839378,0.7115983601296718,0.7087104700689145,0.7176544802960113,0.7176544802960113,0.7176544802960113,0.0,0.7176544802960113
acs_full_income,50,2,2636,15267,90.5,0.875,0.0,0.6891091612646532,0.6771046149126835,0.6891091612646532,0.6771046149126835,0.678231060911857,0.6873354577803664,0.6849140100025289,0.6804725623827906,0.6891091612646532,0.6891091612646532,0.6891091612646532,0.0,0.6891091612646532
acs_full_income,50,2,2636,15267,90.5,0.5,0.0,0.6965430531149273,0.6830926225503552,0.6965430531149273,0.6830926225503552,0.6904521635223122,0.6933397851294407,0.6904521635223122,0.6865239312111234,0.6965430531149273,0.6965430531149273,0.6965430531149273,0.0,0.6965430531149273
acs_full_income,50,2,2636,15267,90.5,0.0,0.0,0.7176544802960113,0.7072334128269484,0.7176544802960113,0.7176544802960113,0.7176544802960113,0.7141659633722512,0.7122419235859314,0.7100285696167372,0.7176544802960113,0.7176544802960113,0.7176544802960113,0.0,0.7176544802960113
acs_full_income,50,3,2636,48147,90.5,0.5,0.0,0.6891091612646532,0.664170894019658,0.6891091612646532,0.664170894019658,0.6776702888052353,0.6846899652474321,0.6776702888052353,0.6717289304374192,0.6891091612646532,0.6891091612646532,0.6891091612646532,0.0,0.6891091612646532
acs_full_income,50,3,2636,48147,90.5,0.375,0.0,0.6965430531149273,0.6706144545894698,0.6965430531149273,0.6965430531149273,0.6889702624505484,0.691638413993926,0.685046220101938,0.6780976641025721,0.6965430531149273,0.6965430531149273,0.6965430531149273,0.0,0.6965430531149273
acs_full_income,50,3,2636,48147,90.5,0.0,0.0,0.7176544802960113,0.7001370728362202,0.7176544802960113,0.7176544802960113,0.7176544802960113,0.7114325838490138,0.7087747312925605,0.7041905074814377,0.7176544802960113,0.7176544802960113,0.7176544802960113,0.0,0.7176544802960113
acs_full_income,50,1,2636,14807,90.5,0.5,0.0,0.6891091612646532,0.6590816596686639,0.6891091612646532,0.6891091612646532,0.6758422106706742,0.6841266542562683,0.6758422106706742,0.6685269325830825,0.6891091612646532,0.6891091612646532,0.6891091612646532,0.0,0.6891091612646532
acs_full_income,50,1,2636,14807,90.5,0.375,0.0,0.6965430531149273,0.6676309322970047,0.6965430531149273,0.6965430531149273,0.6886500143393606,0.691967753422116,0.6841525099150787,0.6764285528519796,0.6965430531149273,0.6965430531149273,0.6965430531149273,0.0,0.6965430531149273
acs_full_income,50,1,2636,14807,90.5,0.0,0.0,0.7176544802960113,0.6995963472836857,0.7176544802960113,0.7176544802960113,0.7176544802960113,0.7110715459334586,0.707482047372257,0.7030995134731052,0.7176544802960113,0.7176544802960113,0.7176544802960113,0.0,0.7176544802960113
acs_full_income,50,1,2636,8103,90.5,0.625,0.25,0.6891091612646532,0.6812207213732249,0.6891091612646532,0.6812207213732249,0.687380216942408,0.6895364428713036,0.6886556955753842,0.6850702852776156,0.6891091612646532,0.6895364428713036,0.6891091612646532,0.0,0.6891091612646532
acs_full_income,50,1,2636,8103,90.5,0.375,0.0,0.6965430531149273,0.6812533243178356,0.6965430531149273,0.6965430531149273,0.6918155484602513,0.6937479682422765,0.6899899566181136,0.686154578690642,0.6965430531149273,0.6965430531149273,0.6965430531149273,0.0,0.6965430531149273
acs_full_income,50,1,2636,8103,90.5,0.0,0.0,0.7176544802960113,0.7055608307724235,0.7176544802960113,0.7176544802960113,0.7176544802960113,0.7166553165356756,0.7117447229811817,0.7095638955942063,0.7176544802960113,0.7176544802960113,0.7176544802960113,0.0,0.7176544802960113
acs_full_income,51,3,32300,79633,1411.7,0.375,0.5,0.8162355912183228,0.816439406880402,0.8162355912183228,0.8162355912183228,0.8165068177876196,0.8164687229912322,0.8165469701181873,0.8165112580525373,0.816439406880402,0.8165469701181873,0.8162355912183228,0.0,0.8162355912183228
acs_full_income,51,3,32300,79633,1411.7,0.125,0.5,0.8148341898358956,0.8144369613765,0.8148341898358956,0.8148341898358956,0.8148469548633197,0.8148535381760321,0.8148651442626201,0.8147006859890893,0.8148341898358956,0.8148651442626201,0.8148341898358956,0.0,0.8148341898358956
acs_full_income,51,3,32300,79633,1411.7,0.25,0.0,0.8150992291924686,0.8140935900581668,0.8150992291924686,0.8150992291924686,0.8149782342170987,0.8149782342170987,0.8147750901875082,0.8144819881108236,0.8150992291924686,0.8150992291924686,0.8150992291924686,0.0,0.8150992291924686
acs_full_income,51,3,32300,43278,1411.7,1.0,1.0,0.8162355912183228,0.8183069710647,0.8162355912183228,0.8183069710647,0.8183069710647,0.816984175892151,0.8175353928844157,0.8179525560465422,0.8183069710647,0.8183069710647,0.8162355912183228,0.0,0.8162355912183228
acs_full_income,51,3,32300,43278,1411.7,0.625,1.0,0.8148341898358956,0.8162282775572426,0.8148341898358956,0.8162282775572426,0.816025797765654,0.8154155484147453,0.8158628590814796,0.8161688265173949,0.8162282775572426,0.8162282775572426,0.8148341898358956,0.0,0.8148341898358956
acs_full_income,51,3,32300,43278,1411.7,0.875,0.625,0.8150992291924686,0.8154070010152256,0.8150992291924686,0.8154070010152256,0.8155553113919567,0.8154218075767865,0.8155873253840994,0.8156242863309052,0.8154070010152256,0.8156714310802387,0.8150992291924686,0.0,0.8150992291924686
acs_full_income,51,1,32300,31306,1411.7,0.5,0.625,0.8162355912183228,0.8163667049732117,0.8162355912183228,0.8162355912183228,0.8164150697701815,0.816357629796316,0.8164150697701815,0.816424321679794,0.8163667049732117,0.8164277495720385,0.8162355912183228,0.0,0.8162355912183228
acs_full_income,51,1,32300,31306,1411.7,0.0,0.25,0.8148341898358956,0.8146817025148818,0.8148341898358956,0.8148341898358956,0.8148341898358956,0.8148350070016317,0.8148175653546172,0.8147996463482704,0.8148341898358956,0.8148350070016317,0.8148341898358956,0.0,0.8148341898358956
acs_full_income,51,1,32300,31306,1411.7,0.0,0.0,0.8150992291924686,0.814645594466731,0.8150992291924686,0.8150992291924686,0.8150992291924686,0.8150673175791089,0.8149655118482476,0.8148296523432873,0.8150992291924686,0.8150992291924686,0.8150992291924686,0.0,0.8150992291924686
acs_full_income,51,2,32300,52475,1411.7,0.0,0.25,0.8162355912183228,0.815349233143923,0.8162355912183228,0.8162355912183228,0.8162355912183228,0.8163554042553274,0.8162393664557317,0.8159402581494059,0.8162355912183228,0.8163554042553274,0.8162355912183228,0.0,0.8162355912183228
acs_full_income,51,2,32300,52475,1411.7,0.0,0.0,0.8148341898358956,0.8132519392711808,0.8148341898358956,0.8148341898358956,0.8148341898358956,0.8148062573073209,0.8145905227709459,0.814069568645606,0.8148341898358956,0.8148341898358956,0.8148341898358956,0.0,0.8148341898358956
acs_full_income,51,2,32300,52475,1411.7,0.0,0.0,0.8150992291924686,0.8127966673693922,0.8150992291924686,0.8150992291924686,0.8150992291924686,0.8148795409957521,0.8144342257943437,0.8138029002189548,0.8150992291924686,0.8150992291924686,0.8150992291924686,0.0,0.8150992291924686
acs_full_income,51,2,32300,116842,1411.7,0.125,0.375,0.8162355912183228,0.816081998427907,0.8162355912183228,0.8162355912183228,0.8163130288687268,0.816368483290907,0.8163698127994263,0.816225400815919,0.8162355912183228,0.8164003987243621,0.8162355912183228,0.0,0.8162355912183228
acs_full_income,51,2,32300,116842,1411.7,0.125,0.5,0.8148341898358956,0.8147858067250444,0.8148341898358956,0.8148341898358956,0.81489947026442,0.8149679915682129,0.8150489134463923,0.8149826198003711,0.8148341898358956,0.8150489134463923,0.8148341898358956,0.0,0.8148341898358956
acs_full_income,51,2,32300,116842,1411.7,0.5,0.0,0.8150992291924686,0.8144928763039846,0.8150992291924686,0.8150992291924686,0.8149801552216974,0.8150398863957456,0.8149801552216974,0.814746354864109,0.8150992291924686,0.8150992291924686,0.8150992291924686,0.0,0.8150992291924686
acs_full_income,51,3,32300,74737,1411.7,0.0,0.0,0.8162355912183228,0.813259971096461,0.8162355912183228,0.8162355912183228,0.8162355912183228,0.8159631968549119,0.8153629611694466,0.8145013282594366,0.8162355912183228,0.8162355912183228,0.8162355912183228,0.0,0.8162355912183228
acs_full_income,51,3,32300,74737,1411.7,0.0,0.0,0.8148341898358956,0.810975949189726,0.8148341898358956,0.8148341898358956,0.8148341898358956,0.8143082401774192,0.8135603920046945,0.8124905293170597,0.8148341898358956,0.8148341898358956,0.8148341898358956,0.0,0.8148341898358956
acs_full_income,51,3,32300,74737,1411.7,0.0,0.0,0.8150992291924686,0.8104153098015887,0.8150992291924686,0.8150992291924686,0.8150992291924686,0.8143457625913484,0.8133605642573299,0.8121175876317903,0.8150992291924686,0.8150992291924686,0.8150992291924686,0.0,0.8150992291924686
acs_full_income,51,4,32300,168751,1411.7,0.125,0.25,0.8162355912183228,0.8151512577750033,0.8162355912183228,0.8162355912183228,0.8163957505819308,0.8164315795149306,0.8162952621708459,0.8159291956789285,0.8162355912183228,0.8164315795149306,0.8162355912183228,0.0,0.8162355912183228
acs_full_income,51,4,32300,168751,1411.7,0.0,0.0,0.8148341898358956,0.8126295050206497,0.8148341898358956,0.8148341898358956,0.8148341898358956,0.8147771702333365,0.814434086767867,0.8137402568178623,0.8148341898358956,0.8148341898358956,0.8148341898358956,0.0,0.8148341898358956
acs_full_income,51,4,32300,168751,1411.7,0.0,0.0,0.8150992291924686,0.8117872496007938,0.8150992291924686,0.8150992291924686,0.8150992291924686,0.8147692087098686,0.8141498939511551,0.8131857924369943,0.8150992291924686,0.8150992291924686,0.8150992291924686,0.0,0.8150992291924686
acs_full_income,51,1,32300,22006,1411.7,0.5,0.875,0.8162355912183228,0.8168454501184592,0.8162355912183228,0.8168454501184592,0.8167250565774997,0.8165469304646507,0.8167250565774997,0.8168107335659431,0.8168454501184592,0.8168670605773395,0.8162355912183228,0.0,0.8162355912183228
acs_full_income,51,1,32300,22006,1411.7,0.25,0.625,0.8148341898358956,0.8149016144692939,0.8148341898358956,0.8148341898358956,0.81497077750198,0.81497077750198,0.8150586325222725,0.8150256513445493,0.8149016144692939,0.8150756983405096,0.8148341898358956,0.0,0.8148341898358956
acs_full_income,51,1,32300,22006,1411.7,0.5,0.0,0.8150992291924686,0.8144102531746805,0.8150992291924686,0.8150992291924686,0.8149453200350629,0.8150710402103051,0.8149453200350629,0.814718127032278,0.8150992291924686,0.8150992291924686,0.8150992291924686,0.0,0.8150992291924686
acs_full_income,51,1,32300,31664,1411.7,0.625,0.875,0.8162355912183228,0.8171569434340896,0.8162355912183228,0.8171569434340896,0.8170119588780476,0.8166585290634674,0.8168971371606437,0.8170795996862015,0.8171569434340896,0.8171733532296636,0.8162355912183228,0.0,0.8162355912183228
acs_full_income,51,1,32300,31664,1411.7,0.5,0.625,0.8148341898358956,0.8151320289128422,0.8148341898358956,0.8148341898358956,0.8152298592091978,0.8150587976191754,0.8152298592091978,0.8152446734736797,0.8151320289128422,0.8152730081451336,0.8148341898358956,0.0,0.8148341898358956
acs_full_income,51,1,32300,31664,1411.7,0.5,0.25,0.8150992291924686,0.8145284218333239,0.8150992291924686,0.8150992291924686,0.8150267357523376,0.815131508125369,0.8150267357523376,0.8148319036676683,0.8150992291924686,0.815131508125369,0.8150992291924686,0.0,0.8150992291924686
acs_full_income,51,3,32300,32406,1411.7,0.0,0.125,0.8162355912183228,0.8149362004969873,0.8162355912183228,0.8162355912183228,0.8162355912183228,0.8161870522912126,0.8159242970230178,0.8155252041893577,0.8162355912183228,0.8162591665027978,0.8162355912183228,0.0,0.8162355912183228
acs_full_income,51,3,32300,32406,1411.7,0.0,0.0,0.8148341898358956,0.8126647713533365,0.8148341898358956,0.8148341898358956,0.8148341898358956,0.8145037923105425,0.8140999920954157,0.8134994622601709,0.8148341898358956,0.8148341898358956,0.8148341898358956,0.0,0.8148341898358956
acs_full_income,51,3,32300,32406,1411.7,0.0,0.0,0.8150992291924686,0.812195151304547,0.8150992291924686,0.8150992291924686,0.8150992291924686,0.8146083759840759,0.813963903295605,0.8131793481011633,0.8150992291924686,0.8150992291924686,0.8150992291924686,0.0,0.8150992291924686
acs_full_income,51,2,32300,155088,1411.7,0.0,0.0,0.8162355912183228,0.8153355070211218,0.8162355912183228,0.8162355912183228,0.8162355912183228,0.8162006801556684,0.8160224060628172,0.815719645700454,0.8162355912183228,0.8162355912183228,0.8162355912183228,0.0,0.8162355912183228
acs_full_income,51,2,32300,155088,1411.7,0.0,0.0,0.8148341898358956,0.8137592727340472,0.8148341898358956,0.8148341898358956,0.8148341898358956,0.8147271723381421,0.8145417428795374,0.8142239638355446,0.8148341898358956,0.8148341898358956,0.8148341898358956,0.0,0.8148341898358956
acs_full_income,51,2,32300,155088,1411.7,0.0,0.0,0.8150992291924686,0.8136748193309169,0.8150992291924686,0.8150992291924686,0.8150992291924686,0.8149304121349925,0.814691939242711,0.8142915786405351,0.8150992291924686,0.8150992291924686,0.8150992291924686,0.0,0.8150992291924686
acs_full_income,51,1,32300,135924,1411.7,0.375,0.625,0.8162355912183228,0.8166320259331931,0.8162355912183228,0.8162355912183228,0.81667379667209,0.8165632103577947,0.8167430505942164,0.8167196497784024,0.8166320259331931,0.8167481249323716,0.8162355912183228,0.0,0.8162355912183228
acs_full_income,51,1,32300,135924,1411.7,0.25,0.625,0.8148341898358956,0.8148356929471096,0.8148341898358956,0.8148341898358956,0.815065429522731,0.815065429522731,0.8152109332119031,0.8151349383737532,0.8148356929471096,0.8152156092242192,0.8148341898358956,0.0,0.8148341898358956
acs_full_income,51,1,32300,135924,1411.7,0.5,0.25,0.8150992291924686,0.8143769691219196,0.8150992291924686,0.8150992291924686,0.8150457685325689,0.8151199779387841,0.8150457685325689,0.814795037792829,0.8150992291924686,0.8151199779387841,0.8150992291924686,0.0,0.8150992291924686
acs_full_income,53,3,27960,84369,1197.7,0.5,0.0,0.7806692192677221,0.7787256884432515,0.7806692192677221,0.7787256884432515,0.7799587242329853,0.7803589408236085,0.7799587242329853,0.7793984991857457,0.7806692192677221,0.7806692192677221,0.7806692192677221,0.0,0.7806692192677221
acs_full_income,53,3,27960,84369,1197.7,0.125,0.125,0.7822648303743788,0.7812124750259646,0.7822648303743788,0.7822648303743788,0.7822805727075804,0.7822550052463156,0.7820497273657255,0.781712831756041,0.7822648303743788,0.7822805727075804,0.7822648303743788,0.0,0.7822648303743788
acs_full_income,53,3,27960,84369,1197.7,0.0,0.0,0.7694728428505531,0.7681670746895886,0.7694728428505531,0.7694728428505531,0.7694728428505531,0.7694064633192829,0.7691231828731402,0.768666878739581,0.7694728428505531,0.7694728428505531,0.7694728428505531,0.0,0.7694728428505531
acs_full_income,53,4,27960,121233,1197.7,1.0,1.0,0.7806692192677221,0.7814610722593657,0.7806692192677221,0.7814610722593657,0.7814610722593657,0.7809896935908558,0.7811878167213627,0.7813873198382497,0.7814610722593657,0.7814610722593657,0.7806692192677221,0.0,0.7806692192677221
acs_full_income,53,4,27960,121233,1197.7,0.875,1.0,0.7822648303743788,0.7834334442264947,0.7822648303743788,0.7834334442264947,0.7833710338510731,0.7827337365563432,0.7830391702109994,0.7832852253140765,0.7834334442264947,0.7834334442264947,0.7822648303743788,0.0,0.7822648303743788
acs_full_income,53,4,27960,121233,1197.7,1.0,1.0,0.7694728428505531,0.7709359773183762,0.7694728428505531,0.7709359773183762,0.7709359773183762,0.7700064654874166,0.7704005411996777,0.7707119412325987,0.7709359773183762,0.7709359773183762,0.7694728428505531,0.0,0.7694728428505531
acs_full_income,53,4,27960,71195,1197.7,0.75,1.0,0.7806692192677221,0.7818847713251915,0.7806692192677221,0.7818847713251915,0.7816305588045342,0.7810410428268494,0.7813339658962537,0.7816305588045342,0.7818847713251915,0.7818847713251915,0.7806692192677221,0.0,0.7806692192677221
acs_full_income,53,4,27960,71195,1197.7,1.0,1.0,0.7822648303743788,0.7831328703971013,0.7822648303743788,0.7831328703971013,0.7831328703971013,0.7826136132140491,0.7828666016176662,0.7830427231311797,0.7831328703971013,0.7831328703971013,0.7822648303743788,0.0,0.7822648303743788
acs_full_income,53,4,27960,71195,1197.7,1.0,1.0,0.7694728428505531,0.7712781138206046,0.7694728428505531,0.7712781138206046,0.7712781138206046,0.7700355331969826,0.7704917954783372,0.7709070382611305,0.7712781138206046,0.7712781138206046,0.7694728428505531,0.0,0.7694728428505531
acs_full_income,53,3,27960,83903,1197.7,0.0,0.0,0.7806692192677221,0.7794274544751099,0.7806692192677221,0.7806692192677221,0.7806692192677221,0.7804744553984746,0.7801701884684601,0.7798215914511366,0.7806692192677221,0.7806692192677221,0.7806692192677221,0.0,0.7806692192677221
acs_full_income,53,3,27960,83903,1197.7,0.0,0.0,0.7822648303743788,0.780915871552615,0.7822648303743788,0.7822648303743788,0.7822648303743788,0.7820619631171732,0.78178701021156,0.781371378658233,0.7822648303743788,0.7822648303743788,0.7822648303743788,0.0,0.7822648303743788
acs_full_income,53,3,27960,83903,1197.7,0.0,0.0,0.7694728428505531,0.7682882353530028,0.7694728428505531,0.7694728428505531,0.7694728428505531,0.7692649574300429,0.769096664671365,0.768714608715379,0.7694728428505531,0.7694728428505531,0.7694728428505531,0.0,0.7694728428505531
acs_full_income,53,3,27960,94940,1197.7,1.0,1.0,0.7806692192677221,0.7835479061164062,0.7806692192677221,0.7835479061164062,0.7835479061164062,0.7814874890251545,0.782200901389952,0.7829547444846922,0.7835479061164062,0.7835479061164062,0.7806692192677221,0.0,0.7806692192677221
acs_full_income,53,3,27960,94940,1197.7,1.0,1.0,0.7822648303743788,0.7845859534290863,0.7822648303743788,0.7845859534290863,0.7845859534290863,0.7829670977102161,0.7835888781120997,0.7841243440623047,0.7845859534290863,0.7845859534290863,0.7822648303743788,0.0,0.7822648303743788
acs_full_income,53,3,27960,94940,1197.7,1.0,1.0,0.7694728428505531,0.7730071206306157,0.7694728428505531,0.7730071206306157,0.7730071206306157,0.7704952304068773,0.7713943824914643,0.7722182184474129,0.7730071206306157,0.7730071206306157,0.7694728428505531,0.0,0.7694728428505531
acs_full_income,53,1,27960,35022,1197.7,0.0,0.0,0.7806692192677221,0.7790146840677066,0.7806692192677221,0.7806692192677221,0.7806692192677221,0.7804982157356053,0.780199196554977,0.7796950982532705,0.7806692192677221,0.7806692192677221,0.7806692192677221,0.0,0.7806692192677221
acs_full_income,53,1,27960,35022,1197.7,0.0,0.0,0.7822648303743788,0.779976487739123,0.7822648303743788,0.7822648303743788,0.7822648303743788,0.7819277413999192,0.781413748759007,0.7808280865191641,0.7822648303743788,0.7822648303743788,0.7822648303743788,0.0,0.7822648303743788
acs_full_income,53,1,27960,35022,1197.7,0.0,0.0,0.7694728428505531,0.7678049411031542,0.7694728428505531,0.7694728428505531,0.7694728428505531,0.7692905477939799,0.7689944449887197,0.7684819729769383,0.7694728428505531,0.7694728428505531,0.7694728428505531,0.0,0.7694728428505531
acs_full_income,53,4,27960,91942,1197.7,0.0,0.0,0.7806692192677221,0.7790760132392875,0.7806692192677221,0.7806692192677221,0.7806692192677221,0.780382905244997,0.7800080058987103,0.7795106273194492,0.7806692192677221,0.7806692192677221,0.7806692192677221,0.0,0.7806692192677221
acs_full_income,53,4,27960,91942,1197.7,0.25,0.125,0.7822648303743788,0.7816488358426891,0.7822648303743788,0.7822648303743788,0.7822885497412309,0.7822885497412309,0.782194300823883,0.78197245008297,0.7822648303743788,0.7823242363089867,0.7822648303743788,0.0,0.7822648303743788
acs_full_income,53,4,27960,91942,1197.7,0.0,0.0,0.7694728428505531,0.7686411991611539,0.7694728428505531,0.7694728428505531,0.7694728428505531,0.7694094084728531,0.7692775878426604,0.7690457144192973,0.7694728428505531,0.7694728428505531,0.7694728428505531,0.0,0.7694728428505531
acs_full_income,53,1,27960,5463,1197.7,0.625,1.0,0.7806692192677221,0.7816721702860026,0.7806692192677221,0.7806692192677221,0.7813298436568137,0.780930706529172,0.7812029446793143,0.781446662530555,0.7816721702860026,0.7816721702860026,0.7806692192677221,0.0,0.7806692192677221
acs_full_income,53,1,27960,5463,1197.7,1.0,1.0,0.7822648303743788,0.7829674812235297,0.7822648303743788,0.7829674812235297,0.7829674812235297,0.7825064531748644,0.7826677179083814,0.7828287982172975,0.7829674812235297,0.7829674812235297,0.7822648303743788,0.0,0.7822648303743788
acs_full_income,53,1,27960,5463,1197.7,1.0,1.0,0.7694728428505531,0.7706236676032998,0.7694728428505531,0.7706236676032998,0.7706236676032998,0.7697778246973596,0.7700343834697146,0.7703501073453802,0.7706236676032998,0.7706236676032998,0.7694728428505531,0.0,0.7694728428505531
acs_full_income,53,2,27960,10362,1197.7,0.375,1.0,0.7806692192677221,0.7826042042436611,0.7806692192677221,0.7806692192677221,0.7814313318025521,0.7811900981398227,0.7816962743878022,0.7822208183005431,0.7826042042436611,0.7826042042436611,0.7806692192677221,0.0,0.7806692192677221
acs_full_income,53,2,27960,10362,1197.7,1.0,1.0,0.7822648303743788,0.7838217825305144,0.7822648303743788,0.7838217825305144,0.7838217825305144,0.7827783276768883,0.7832055695329243,0.7835418516537971,0.7838217825305144,0.7838217825305144,0.7822648303743788,0.0,0.7822648303743788
acs_full_income,53,2,27960,10362,1197.7,1.0,1.0,0.7694728428505531,0.771597835992492,0.7694728428505531,0.771597835992492,0.771597835992492,0.7701037798401879,0.7705780380789683,0.7710735098095396,0.771597835992492,0.771597835992492,0.7694728428505531,0.0,0.7694728428505531
acs_full_income,53,1,27960,4455,1197.7,0.375,1.0,0.7806692192677221,0.7822370952906306,0.7806692192677221,0.7806692192677221,0.7812859309956076,0.781083116846759,0.7814577156392405,0.781845000306564,0.7822370952906306,0.7822370952906306,0.7806692192677221,0.0,0.7806692192677221
acs_full_income,53,1,27960,4455,1197.7,1.0,1.0,0.7822648303743788,0.783450722706362,0.7822648303743788,0.783450722706362,0.783450722706362,0.782621340141385,0.7828978513717096,0.7831745540335723,0.783450722706362,0.783450722706362,0.7822648303743788,0.0,0.7822648303743788
acs_full_income,53,1,27960,4455,1197.7,1.0,1.0,0.7694728428505531,0.7709371400197321,0.7694728428505531,0.7709371400197321,0.7709371400197321,0.7699047866286725,0.7702442440472846,0.7706150972295192,0.7709371400197321,0.7709371400197321,0.7694728428505531,0.0,0.7694728428505531
acs_full_income,53,4,27960,38244,1197.7,1.0,1.0,0.7806692192677221,0.783739190663477,0.7806692192677221,0.783739190663477,0.783739190663477,0.7815270508800425,0.782343391702556,0.7830745346073121,0.783739190663477,0.783739190663477,0.7806692192677221,0.0,0.7806692192677221
acs_full_income,53,4,27960,38244,1197.7,1.0,1.0,0.7822648303743788,0.7846424517524512,0.7822648303743788,0.7846424517524512,0.7846424517524512,0.7830144128172984,0.7836124415809147,0.784176273402488,0.7846424517524512,0.7846424517524512,0.7822648303743788,0.0,0.7822648303743788
acs_full_income,53,4,27960,38244,1197.7,1.0,1.0,0.7694728428505531,0.7730975039382049,0.7694728428505531,0.7730975039382049,0.7730975039382049,0.770508460632159,0.7714215542217792,0.7723316445131403,0.7730975039382049,0.7730975039382049,0.7694728428505531,0.0,0.7694728428505531
acs_full_income,53,1,27960,32690,1197.7,1.0,1.0,0.7806692192677221,0.7846836280116595,0.7806692192677221,0.7846836280116595,0.7846836280116595,0.7818543012885123,0.7828789253190445,0.7838670327232344,0.7846836280116595,0.7846836280116595,0.7806692192677221,0.0,0.7806692192677221
acs_full_income,53,1,27960,32690,1197.7,1.0,1.0,0.7822648303743788,0.7845645434227384,0.7822648303743788,0.7845645434227384,0.7845645434227384,0.7830748505650269,0.7837041169293043,0.7842028894990902,0.7845645434227384,0.7845645434227384,0.7822648303743788,0.0,0.7822648303743788
acs_full_income,53,1,27960,32690,1197.7,1.0,1.0,0.7694728428505531,0.7734683478008146,0.7694728428505531,0.7734683478008146,0.7734683478008146,0.7707051399282556,0.7718100867314357,0.7727216652879525,0.7734683478008146,0.7734683478008146,0.7694728428505531,0.0,0.7694728428505531
acs_full_income,54,1,5672,22268,164.8,0.0,0.375,0.6490088456714695,0.6474339666291195,0.6490088456714695,0.6490088456714695,0.6490088456714695,0.6495419478220636,0.6492929988789843,0.648644776938902,0.6490088456714695,0.6495888855027063,0.6490088456714695,0.0,0.6490088456714695
acs_full_income,54,1,5672,22268,164.8,0.125,1.0,0.6445253241907012,0.6473286916736828,0.6445253241907012,0.6445253241907012,0.6448538232868929,0.6452487325638172,0.6464340782686218,0.6469934852855603,0.6473286916736828,0.6473286916736828,0.6445253241907012,0.0,0.6445253241907012
acs_full_income,54,1,5672,22268,164.8,0.0,0.25,0.633499436986177,0.631575827578958,0.633499436986177,0.633499436986177,0.633499436986177,0.6340545752635676,0.6332914874299076,0.6324136843710886,0.633499436986177,0.6340545752635676,0.633499436986177,0.0,0.633499436986177
acs_full_income,54,3,5672,42130,164.8,0.625,0.5,0.6490088456714695,0.6490381047139462,0.6490088456714695,0.6490381047139462,0.6495678082578095,0.649329336247531,0.6498410135901955,0.6493609665677897,0.6490381047139462,0.6498410135901955,0.6490088456714695,0.0,0.6490088456714695
acs_full_income,54,3,5672,42130,164.8,0.25,1.0,0.6445253241907012,0.6506944230799964,0.6445253241907012,0.6445253241907012,0.6457694514056335,0.6457694514056335,0.6476767831145877,0.6498776011238511,0.6506944230799964,0.6506944230799964,0.6445253241907012,0.0,0.6445253241907012
acs_full_income,54,3,5672,42130,164.8,1.0,0.375,0.633499436986177,0.6334206864311789,0.633499436986177,0.6334206864311789,0.6334206864311789,0.6341099786760076,0.634090654577278,0.6339189582129809,0.633499436986177,0.6343741457742699,0.633499436986177,0.0,0.633499436986177
acs_full_income,54,3,5672,136259,164.8,0.0,0.25,0.6490088456714695,0.6421255694199649,0.6490088456714695,0.6490088456714695,0.6490088456714695,0.6492129493810731,0.6484273486665327,0.6455988166512732,0.6490088456714695,0.6492129493810731,0.6490088456714695,0.0,0.6490088456714695
acs_full_income,54,3,5672,136259,164.8,0.25,0.75,0.6445253241907012,0.647744961522438,0.6445253241907012,0.6445253241907012,0.6467620542432927,0.6467620542432927,0.6488332783379592,0.6488457545343674,0.647744961522438,0.6488457545343674,0.6445253241907012,0.0,0.6445253241907012
acs_full_income,54,3,5672,136259,164.8,0.625,0.0,0.633499436986177,0.6263262468206733,0.633499436986177,0.633499436986177,0.6302339541073586,0.6326388972329626,0.6312066171805802,0.6290169396768268,0.633499436986177,0.633499436986177,0.633499436986177,0.0,0.633499436986177
acs_full_income,54,4,5672,95401,164.8,0.0,0.0,0.6490088456714695,0.6461910171282882,0.6490088456714695,0.6490088456714695,0.6490088456714695,0.6487115770216058,0.648486010149001,0.6476995453435512,0.6490088456714695,0.6490088456714695,0.6490088456714695,0.0,0.6490088456714695
acs_full_income,54,4,5672,95401,164.8,0.5,1.0,0.6445253241907012,0.6488595490203255,0.6445253241907012,0.6445253241907012,0.6470231380073178,0.6457708027483127,0.6470231380073178,0.6485877672934842,0.6488595490203255,0.6488595490203255,0.6445253241907012,0.0,0.6445253241907012
acs_full_income,54,4,5672,95401,164.8,0.75,0.0,0.633499436986177,0.6301993143688364,0.633499436986177,0.6301993143688364,0.6315315052829152,0.6332096230663803,0.6322300947260245,0.6315315052829152,0.633499436986177,0.633499436986177,0.633499436986177,0.0,0.633499436986177
acs_full_income,54,4,5672,238191,164.8,0.0,0.0,0.6490088456714695,0.6377860961660378,0.6490088456714695,0.6490088456714695,0.6490088456714695,0.6484792810122817,0.6462677549563249,0.6425671291089227,0.6490088456714695,0.6490088456714695,0.6490088456714695,0.0,0.6490088456714695
acs_full_income,54,4,5672,238191,164.8,0.125,0.375,0.6445253241907012,0.6428051798797906,0.6445253241907012,0.6445253241907012,0.6452053183633883,0.6461306269506325,0.6469311982644526,0.6457176980758798,0.6445253241907012,0.6469857586434691,0.6445253241907012,0.0,0.6445253241907012
acs_full_income,54,4,5672,238191,164.8,0.125,0.0,0.633499436986177,0.6202999791268612,0.633499436986177,0.633499436986177,0.6329245428719047,0.631669770108973,0.6296297449690967,0.6259469976869158,0.633499436986177,0.633499436986177,0.633499436986177,0.0,0.633499436986177
acs_full_income,54,2,5672,77450,164.8,0.0,0.0,0.6490088456714695,0.6395470640834096,0.6490088456714695,0.6490088456714695,0.6490088456714695,0.6486674671991461,0.6470929489416601,0.6436123793373214,0.6490088456714695,0.6490088456714695,0.6490088456714695,0.0,0.6490088456714695
acs_full_income,54,2,5672,77450,164.8,0.125,0.625,0.6445253241907012,0.6446672960538502,0.6445253241907012,0.6445253241907012,0.6454991677549908,0.6463483008891255,0.6472535727636188,0.6464266706911462,0.6446672960538502,0.6473812338731771,0.6445253241907012,0.0,0.6445253241907012
acs_full_income,54,2,5672,77450,164.8,0.25,0.0,0.633499436986177,0.6246559200173969,0.633499436986177,0.633499436986177,0.6321795521279485,0.6321795521279485,0.6305612824828485,0.6277497710157284,0.633499436986177,0.633499436986177,0.633499436986177,0.0,0.633499436986177
acs_full_income,54,4,5672,17131,164.8,1.0,0.75,0.6490088456714695,0.6493312882638157,0.6490088456714695,0.6493312882638157,0.6493312882638157,0.6491688666439529,0.6495187359381103,0.6495763203120253,0.6493312882638157,0.6495763203120253,0.6490088456714695,0.0,0.6490088456714695
acs_full_income,54,4,5672,17131,164.8,1.0,1.0,0.6445253241907012,0.6490960918247822,0.6445253241907012,0.6490960918247822,0.6490960918247822,0.6454424319473254,0.6466720453990561,0.6480769063074144,0.6490960918247822,0.6490960918247822,0.6445253241907012,0.0,0.6445253241907012
acs_full_income,54,4,5672,17131,164.8,1.0,0.5,0.633499436986177,0.6341519962001627,0.633499436986177,0.6341519962001627,0.6341519962001627,0.6344988588854841,0.6350068220565795,0.6345782341707625,0.6341519962001627,0.6350068220565795,0.633499436986177,0.0,0.633499436986177
acs_full_income,54,1,5672,50915,164.8,0.0,0.25,0.6490088456714695,0.6423218817265635,0.6490088456714695,0.6490088456714695,0.6490088456714695,0.6491830770859628,0.6484825101225351,0.6456927983330649,0.6490088456714695,0.6491830770859628,0.6490088456714695,0.0,0.6490088456714695
acs_full_income,54,1,5672,50915,164.8,0.25,0.5,0.6445253241907012,0.6470532952846992,0.6445253241907012,0.6445253241907012,0.6465509391682926,0.6465509391682926,0.6483406205450819,0.6479725268325062,0.6470532952846992,0.6483406205450819,0.6445253241907012,0.0,0.6445253241907012
acs_full_income,54,1,5672,50915,164.8,0.625,0.0,0.633499436986177,0.626593913432633,0.633499436986177,0.633499436986177,0.630331920123485,0.6325656521642116,0.6313091336025042,0.6290633569670874,0.633499436986177,0.633499436986177,0.633499436986177,0.0,0.633499436986177
acs_full_income,54,4,5672,134872,164.8,0.0,0.25,0.6490088456714695,0.6435422380107331,0.6490088456714695,0.6490088456714695,0.6490088456714695,0.6494603440389402,0.6485442399786205,0.6465413503146618,0.6490088456714695,0.6494603440389402,0.6490088456714695,0.0,0.6490088456714695
acs_full_income,54,4,5672,134872,164.8,0.125,0.5,0.6445253241907012,0.6479041746890086,0.6445253241907012,0.6445253241907012,0.6452936299441798,0.6464363770368617,0.6486169321286464,0.648427883055581,0.6479041746890086,0.6486169321286464,0.6445253241907012,0.0,0.6445253241907012
acs_full_income,54,4,5672,134872,164.8,0.625,0.0,0.633499436986177,0.6272901795580405,0.633499436986177,0.633499436986177,0.6304156089769093,0.6325434343012137,0.6315360207579983,0.6297981647082994,0.633499436986177,0.633499436986177,0.633499436986177,0.0,0.633499436986177
acs_full_income,54,3,5672,130690,164.8,0.0,0.0,0.6490088456714695,0.6377502484864238,0.6490088456714695,0.6490088456714695,0.6490088456714695,0.6482977188653585,0.6460316094202421,0.6421725808039206,0.6490088456714695,0.6490088456714695,0.6490088456714695,0.0,0.6490088456714695
acs_full_income,54,3,5672,130690,164.8,0.125,0.375,0.6445253241907012,0.6410266825770253,0.6445253241907012,0.6445253241907012,0.6449515040695661,0.6453181878088771,0.6451957216115183,0.6438923322135177,0.6445253241907012,0.6457314963953196,0.6445253241907012,0.0,0.6445253241907012
acs_full_income,54,3,5672,130690,164.8,0.0,0.0,0.633499436986177,0.6217129145363798,0.633499436986177,0.633499436986177,0.633499436986177,0.6319299534057864,0.6301876693952184,0.6271103579921696,0.633499436986177,0.633499436986177,0.633499436986177,0.0,0.633499436986177
acs_full_income,54,4,5672,147404,164.8,0.0,0.0,0.6490088456714695,0.644041161536477,0.6490088456714695,0.6490088456714695,0.6490088456714695,0.6488066486066772,0.6481715204349316,0.6461550830797326,0.6490088456714695,0.6490088456714695,0.6490088456714695,0.0,0.6490088456714695
acs_full_income,54,4,5672,147404,164.8,0.25,0.75,0.6445253241907012,0.6468427621647845,0.6445253241907012,0.6445253241907012,0.6457156368483794,0.6457156368483794,0.6470533849805197,0.6474615122216555,0.6468427621647845,0.6474615122216555,0.6445253241907012,0.0,0.6445253241907012
acs_full_income,54,4,5672,147404,164.8,0.0,0.0,0.633499436986177,0.6275518807347341,0.633499436986177,0.633499436986177,0.633499436986177,0.6327056700930407,0.6314826044274754,0.6296515947335087,0.633499436986177,0.633499436986177,0.633499436986177,0.0,0.633499436986177
acs_full_income,54,4,5672,109017,164.8,0.0,0.0,0.6490088456714695,0.6423944166424511,0.6490088456714695,0.6490088456714695,0.6490088456714695,0.6488974160970145,0.6477341381835763,0.6451003501895389,0.6490088456714695,0.6490088456714695,0.6490088456714695,0.0,0.6490088456714695
acs_full_income,54,4,5672,109017,164.8,0.125,0.625,0.6445253241907012,0.6454375907681382,0.6445253241907012,0.6445253241907012,0.645100152556123,0.6456325023201358,0.6469217254163881,0.6467991838469651,0.6454375907681382,0.6469390469898699,0.6445253241907012,0.0,0.6445253241907012
acs_full_income,54,4,5672,109017,164.8,0.0,0.0,0.633499436986177,0.6267548744439796,0.633499436986177,0.633499436986177,0.633499436986177,0.6324624621805771,0.6316166508348688,0.6292757518243399,0.633499436986177,0.633499436986177,0.633499436986177,0.0,0.633499436986177
acs_full_income,55,1,22883,195665,781.0,0.0,0.0,0.6909559269016599,0.6779552158475887,0.6909559269016599,0.6909559269016599,0.6909559269016599,0.6892145549953775,0.6862931065723855,0.6824041253355728,0.6909559269016599,0.6909559269016599,0.6909559269016599,0.0,0.6909559269016599
acs_full_income,55,1,22883,195665,781.0,0.0,0.0,0.6885323876856668,0.673610160046691,0.6885323876856668,0.6885323876856668,0.6885323876856668,0.6860951458679013,0.6827784622244095,0.6786151694878585,0.6885323876856668,0.6885323876856668,0.6885323876856668,0.0,0.6885323876856668
acs_full_income,55,1,22883,195665,781.0,0.0,0.0,0.6947924469051029,0.679576127318687,0.6947924469051029,0.6947924469051029,0.6947924469051029,0.6922167491563098,0.6886110316847861,0.6843800264680967,0.6947924469051029,0.6947924469051029,0.6947924469051029,0.0,0.6947924469051029
acs_full_income,55,3,22883,251946,781.0,0.0,0.0,0.6909559269016599,0.6782068769340331,0.6909559269016599,0.6909559269016599,0.6909559269016599,0.6889820268251813,0.6860269041716005,0.6822703416493836,0.6909559269016599,0.6909559269016599,0.6909559269016599,0.0,0.6909559269016599
acs_full_income,55,3,22883,251946,781.0,0.0,0.0,0.6885323876856668,0.6741009739303706,0.6885323876856668,0.6885323876856668,0.6885323876856668,0.6859422333553076,0.6827276217306385,0.6787500074042209,0.6885323876856668,0.6885323876856668,0.6885323876856668,0.0,0.6885323876856668
acs_full_income,55,3,22883,251946,781.0,0.0,0.0,0.6947924469051029,0.6801235879365896,0.6947924469051029,0.6947924469051029,0.6947924469051029,0.6920868179179593,0.6885184275912126,0.6846087116197692,0.6947924469051029,0.6947924469051029,0.6947924469051029,0.0,0.6947924469051029
acs_full_income,55,3,22883,91367,781.0,0.0,0.0,0.6909559269016599,0.6856257128480212,0.6909559269016599,0.6909559269016599,0.6909559269016599,0.6900373681815436,0.6889116443913041,0.6873329286957445,0.6909559269016599,0.6909559269016599,0.6909559269016599,0.0,0.6909559269016599
acs_full_income,55,3,22883,91367,781.0,0.0,0.0,0.6885323876856668,0.6824363946841077,0.6885323876856668,0.6885323876856668,0.6885323876856668,0.687408495460075,0.6860000096855123,0.6843428191600373,0.6885323876856668,0.6885323876856668,0.6885323876856668,0.0,0.6885323876856668
acs_full_income,55,3,22883,91367,781.0,0.0,0.0,0.6947924469051029,0.6879879782403093,0.6947924469051029,0.6947924469051029,0.6947924469051029,0.6934494919765434,0.6919009987093533,0.6900019749568842,0.6947924469051029,0.6947924469051029,0.6947924469051029,0.0,0.6947924469051029
acs_full_income,55,1,22883,98925,781.0,0.0,0.0,0.6909559269016599,0.6791397545695879,0.6909559269016599,0.6909559269016599,0.6909559269016599,0.6893127578187553,0.6867043340188826,0.6832205088316234,0.6909559269016599,0.6909559269016599,0.6909559269016599,0.0,0.6909559269016599
acs_full_income,55,1,22883,98925,781.0,0.0,0.0,0.6885323876856668,0.6746158476842274,0.6885323876856668,0.6885323876856668,0.6885323876856668,0.6862749279772044,0.6832340151086616,0.6793167236422554,0.6885323876856668,0.6885323876856668,0.6885323876856668,0.0,0.6885323876856668
acs_full_income,55,1,22883,98925,781.0,0.0,0.0,0.6947924469051029,0.680622351608833,0.6947924469051029,0.6947924469051029,0.6947924469051029,0.6924673805262622,0.6892290813693963,0.6851278545006759,0.6947924469051029,0.6947924469051029,0.6947924469051029,0.0,0.6947924469051029
acs_full_income,55,4,22883,147072,781.0,0.0,0.0,0.6909559269016599,0.6769934290570931,0.6909559269016599,0.6909559269016599,0.6909559269016599,0.6888166438022828,0.6856558071579608,0.681589418778939,0.6909559269016599,0.6909559269016599,0.6909559269016599,0.0,0.6909559269016599
acs_full_income,55,4,22883,147072,781.0,0.0,0.0,0.6885323876856668,0.6722375538096069,0.6885323876856668,0.6885323876856668,0.6885323876856668,0.6857858999717661,0.6821516054696969,0.6775895237872481,0.6885323876856668,0.6885323876856668,0.6885323876856668,0.0,0.6885323876856668
acs_full_income,55,4,22883,147072,781.0,0.0,0.0,0.6947924469051029,0.6785827759252874,0.6947924469051029,0.6947924469051029,0.6947924469051029,0.6919577706236683,0.6881042055749065,0.6834951935233772,0.6947924469051029,0.6947924469051029,0.6947924469051029,0.0,0.6947924469051029
acs_full_income,55,3,22883,73666,781.0,0.0,0.0,0.6909559269016599,0.6845852665413599,0.6909559269016599,0.6909559269016599,0.6909559269016599,0.6897266289297374,0.6882639499199639,0.6864673143681885,0.6909559269016599,0.6909559269016599,0.6909559269016599,0.0,0.6909559269016599
acs_full_income,55,3,22883,73666,781.0,0.0,0.0,0.6885323876856668,0.6814781143489601,0.6885323876856668,0.6885323876856668,0.6885323876856668,0.687040822508118,0.6853118402193392,0.6836249165713925,0.6885323876856668,0.6885323876856668,0.6885323876856668,0.0,0.6885323876856668
acs_full_income,55,3,22883,73666,781.0,0.0,0.0,0.6947924469051029,0.687681258144486,0.6947924469051029,0.6947924469051029,0.6947924469051029,0.6931892387597215,0.6915828413492514,0.6897117149318642,0.6947924469051029,0.6947924469051029,0.6947924469051029,0.0,0.6947924469051029
acs_full_income,55,3,22883,69448,781.0,0.0,0.0,0.6909559269016599,0.683135060949555,0.6909559269016599,0.6909559269016599,0.6909559269016599,0.6895910042319746,0.6878881035362444,0.6857887104414659,0.6909559269016599,0.6909559269016599,0.6909559269016599,0.0,0.6909559269016599
acs_full_income,55,3,22883,69448,781.0,0.0,0.0,0.6885323876856668,0.679751286340143,0.6885323876856668,0.6885323876856668,0.6885323876856668,0.6868649195041157,0.6847428735204762,0.6824364980494938,0.6885323876856668,0.6885323876856668,0.6885323876856668,0.0,0.6885323876856668
acs_full_income,55,3,22883,69448,781.0,0.0,0.0,0.6947924469051029,0.6858599725917781,0.6947924469051029,0.6947924469051029,0.6947924469051029,0.6929650890177717,0.6908370122457503,0.6884344307954008,0.6947924469051029,0.6947924469051029,0.6947924469051029,0.0,0.6947924469051029
acs_full_income,55,2,22883,149113,781.0,0.0,0.0,0.6909559269016599,0.6852284089678282,0.6909559269016599,0.6909559269016599,0.6909559269016599,0.6900827141242611,0.6889532478160305,0.6872774864724751,0.6909559269016599,0.6909559269016599,0.6909559269016599,0.0,0.6909559269016599
acs_full_income,55,2,22883,149113,781.0,0.0,0.0,0.6885323876856668,0.6817400507875482,0.6885323876856668,0.6885323876856668,0.6885323876856668,0.6873527151250499,0.6858547098917286,0.6839336259840156,0.6885323876856668,0.6885323876856668,0.6885323876856668,0.0,0.6885323876856668
acs_full_income,55,2,22883,149113,781.0,0.0,0.0,0.6947924469051029,0.6874680129926367,0.6947924469051029,0.6947924469051029,0.6947924469051029,0.6934806028682378,0.6917473769066916,0.6898304489245054,0.6947924469051029,0.6947924469051029,0.6947924469051029,0.0,0.6947924469051029
acs_full_income,55,2,22883,56522,781.0,0.0,0.0,0.6909559269016599,0.6890161527956299,0.6909559269016599,0.6909559269016599,0.6909559269016599,0.6908729678882645,0.6904080512251298,0.6897940315625697,0.6909559269016599,0.6909559269016599,0.6909559269016599,0.0,0.6909559269016599
acs_full_income,55,2,22883,56522,781.0,0.0,0.0,0.6885323876856668,0.6858246718742727,0.6885323876856668,0.6885323876856668,0.6885323876856668,0.6881934061225421,0.6876188818539024,0.6867096121882267,0.6885323876856668,0.6885323876856668,0.6885323876856668,0.0,0.6885323876856668
acs_full_income,55,2,22883,56522,781.0,0.0,0.0,0.6947924469051029,0.6914597790201845,0.6947924469051029,0.6947924469051029,0.6947924469051029,0.6943739546313856,0.6936459226414913,0.6926256847943593,0.6947924469051029,0.6947924469051029,0.6947924469051029,0.0,0.6947924469051029
acs_full_income,55,2,22883,76946,781.0,0.0,0.0,0.6909559269016599,0.6873516310778586,0.6909559269016599,0.6909559269016599,0.6909559269016599,0.6906001632809677,0.6898644670193572,0.688809360233833,0.6909559269016599,0.6909559269016599,0.6909559269016599,0.0,0.6909559269016599
acs_full_income,55,2,22883,76946,781.0,0.0,0.0,0.6885323876856668,0.6840197404062012,0.6885323876856668,0.6885323876856668,0.6885323876856668,0.6879308682149056,0.6868780303843505,0.6856184808419068,0.6885323876856668,0.6885323876856668,0.6885323876856668,0.0,0.6885323876856668
acs_full_income,55,2,22883,76946,781.0,0.0,0.0,0.6947924469051029,0.6894308389441319,0.6947924469051029,0.6947924469051029,0.6947924469051029,0.6940374553050562,0.6927951482217345,0.6911607316701351,0.6947924469051029,0.6947924469051029,0.6947924469051029,0.0,0.6947924469051029
acs_full_income,55,1,22883,4899,781.0,0.5,1.0,0.6909559269016599,0.691204150115045,0.6909559269016599,0.691204150115045,0.6911057260091225,0.6910634728907068,0.6911057260091225,0.6911715081107941,0.691204150115045,0.691204150115045,0.6909559269016599,0.0,0.6909559269016599
acs_full_income,55,1,22883,4899,781.0,1.0,1.0,0.6885323876856668,0.6891887700641675,0.6885323876856668,0.6891887700641675,0.6891887700641675,0.6887006468837346,0.6888643121718887,0.6890212905235409,0.6891887700641675,0.6891887700641675,0.6885323876856668,0.0,0.6885323876856668
acs_full_income,55,1,22883,4899,781.0,0.75,0.875,0.6947924469051029,0.6948979914003561,0.6947924469051029,0.6948979914003561,0.6949032430752728,0.6948700451778415,0.6948345909358342,0.6949032430752728,0.6948979914003561,0.694905096943866,0.6947924469051029,0.0,0.6947924469051029
acs_full_income,55,2,22883,43008,781.0,0.0,0.0,0.6909559269016599,0.6824980340540436,0.6909559269016599,0.6909559269016599,0.6909559269016599,0.689124098756953,0.6870471702478291,0.684826419063519,0.6909559269016599,0.6909559269016599,0.6909559269016599,0.0,0.6909559269016599
acs_full_income,55,2,22883,43008,781.0,0.0,0.0,0.6885323876856668,0.6797015654920694,0.6885323876856668,0.6885323876856668,0.6885323876856668,0.6866035565736666,0.6844405051118182,0.6822365364704991,0.6885323876856668,0.6885323876856668,0.6885323876856668,0.0,0.6885323876856668
acs_full_income,55,2,22883,43008,781.0,0.0,0.0,0.6947924469051029,0.685732389331242,0.6947924469051029,0.6947924469051029,0.6947924469051029,0.6927412140591268,0.6906042879625189,0.6881873161431316,0.6947924469051029,0.6947924469051029,0.6947924469051029,0.0,0.6947924469051029
acs_full_income,56,1,2144,33277,76.7,0.0,0.125,0.7256265091694963,0.7149960666122565,0.7256265091694963,0.7256265091694963,0.7256265091694963,0.7257436017523229,0.7244974996987067,0.7196801319029716,0.7256265091694963,0.7261224028382673,0.7256265091694963,0.0,0.7256265091694963
acs_full_income,56,1,2144,33277,76.7,0.25,0.5,0.696923678827871,0.6959582860459521,0.696923678827871,0.696923678827871,0.7012990171235542,0.7012990171235542,0.7020673587974992,0.7000205295006734,0.696923678827871,0.7020673587974992,0.696923678827871,0.0,0.696923678827871
acs_full_income,56,1,2144,33277,76.7,0.5,0.375,0.6860731672455868,0.681259295452559,0.6860731672455868,0.681259295452559,0.6866177507567971,0.6873708261028914,0.6866177507567971,0.6845771058701261,0.6860731672455868,0.6873736396749378,0.6860731672455868,0.0,0.6860731672455868
acs_full_income,56,4,2144,141103,76.7,0.0,0.25,0.7256265091694963,0.7208122524069969,0.7256265091694963,0.7256265091694963,0.7256265091694963,0.726518416838455,0.7255819619059561,0.7239053607971406,0.7256265091694963,0.726518416838455,0.7256265091694963,0.0,0.7256265091694963
acs_full_income,56,4,2144,141103,76.7,0.5,0.5,0.696923678827871,0.699577282323134,0.696923678827871,0.696923678827871,0.7027725093074685,0.7010395795828213,0.7027725093074685,0.7013983722540736,0.699577282323134,0.7027725093074685,0.696923678827871,0.0,0.696923678827871
acs_full_income,56,4,2144,141103,76.7,0.375,0.625,0.6860731672455868,0.6854951986586532,0.6860731672455868,0.6854951986586532,0.6879576278120486,0.6878056673904428,0.687622181199256,0.6873112789635404,0.6860731672455868,0.6882550268353449,0.6860731672455868,0.0,0.6860731672455868
acs_full_income,56,2,2144,40279,76.7,0.0,0.125,0.7256265091694963,0.7160562386023306,0.7256265091694963,0.7256265091694963,0.7256265091694963,0.7257403023340098,0.7246978309721901,0.7207553792812167,0.7256265091694963,0.7260577169893387,0.7256265091694963,0.0,0.7256265091694963
acs_full_income,56,2,2144,40279,76.7,0.5,0.5,0.696923678827871,0.6960951477478399,0.696923678827871,0.696923678827871,0.7014752692491067,0.7009750298829711,0.7014752692491067,0.7000343242980556,0.696923678827871,0.7014752692491067,0.696923678827871,0.0,0.696923678827871
acs_full_income,56,2,2144,40279,76.7,0.625,0.25,0.6860731672455868,0.6817079451191683,0.6860731672455868,0.6817079451191683,0.686619974119107,0.6872896477498602,0.6869222113928971,0.6849295348875571,0.6860731672455868,0.6872896477498602,0.6860731672455868,0.0,0.6860731672455868
acs_full_income,56,3,2144,62402,76.7,0.0,0.125,0.7256265091694963,0.7188588101623639,0.7256265091694963,0.7256265091694963,0.7256265091694963,0.7256658028513207,0.7241716542598609,0.7225896127045021,0.7256265091694963,0.7258278389853903,0.7256265091694963,0.0,0.7256265091694963
acs_full_income,56,3,2144,62402,76.7,0.375,0.5,0.696923678827871,0.7002812012197762,0.696923678827871,0.696923678827871,0.7010269958562438,0.7008813888502262,0.7021980032608788,0.7012240395732885,0.7002812012197762,0.7021980032608788,0.696923678827871,0.0,0.696923678827871
acs_full_income,56,3,2144,62402,76.7,0.875,0.625,0.6860731672455868,0.686044606019052,0.6860731672455868,0.686044606019052,0.6865867560511937,0.687623810995983,0.6876814267662088,0.6877382493254307,0.6860731672455868,0.6882854880563398,0.6860731672455868,0.0,0.6860731672455868
acs_full_income,56,4,2144,115193,76.7,0.0,0.125,0.7256265091694963,0.714861139903325,0.7256265091694963,0.7256265091694963,0.7256265091694963,0.7256863319760198,0.7236721843256835,0.7199824126314381,0.7256265091694963,0.7261563250444216,0.7256265091694963,0.0,0.7256265091694963
acs_full_income,56,4,2144,115193,76.7,0.25,0.5,0.696923678827871,0.6951318731410936,0.696923678827871,0.696923678827871,0.7010694654207289,0.7010694654207289,0.7020100107563677,0.7000128606784606,0.696923678827871,0.7020100107563677,0.696923678827871,0.0,0.696923678827871
acs_full_income,56,4,2144,115193,76.7,0.625,0.375,0.6860731672455868,0.6802362761469002,0.6860731672455868,0.6802362761469002,0.6862406029678546,0.687280392607777,0.6867464905840707,0.6849631995767251,0.6860731672455868,0.6875436385104704,0.6860731672455868,0.0,0.6860731672455868
acs_full_income,56,1,2144,7731,76.7,0.0,0.125,0.7256265091694963,0.7176782084660683,0.7256265091694963,0.7256265091694963,0.7256265091694963,0.7255132225496871,0.724241651402753,0.7220618377317782,0.7256265091694963,0.7256708506955494,0.7256265091694963,0.0,0.7256265091694963
acs_full_income,56,1,2144,7731,76.7,0.25,0.375,0.696923678827871,0.6937516782817779,0.696923678827871,0.696923678827871,0.6985343823184035,0.6985343823184035,0.6983986578226127,0.6954638724890928,0.696923678827871,0.699306603141851,0.696923678827871,0.0,0.696923678827871
acs_full_income,56,1,2144,7731,76.7,0.5,0.25,0.6860731672455868,0.6789871286827934,0.6860731672455868,0.6789871286827934,0.684246295607116,0.6860859591276124,0.684246295607116,0.6816515042728901,0.6860731672455868,0.6860859591276124,0.6860731672455868,0.0,0.6860731672455868
acs_full_income,56,1,2144,7002,76.7,0.0,0.25,0.7256265091694963,0.7222721700782703,0.7256265091694963,0.7256265091694963,0.7256265091694963,0.7262741316585872,0.7250597169024894,0.7239912681240901,0.7256265091694963,0.7262741316585872,0.7256265091694963,0.0,0.7256265091694963
acs_full_income,56,1,2144,7002,76.7,0.5,0.375,0.696923678827871,0.6965699018723971,0.696923678827871,0.6965699018723971,0.6989253497864859,0.6987459307041652,0.6989253497864859,0.6983380587603057,0.696923678827871,0.6991064072107097,0.696923678827871,0.0,0.696923678827871
acs_full_income,56,1,2144,7002,76.7,0.875,0.5,0.6860731672455868,0.6857252023526729,0.6860731672455868,0.6857252023526729,0.6864247353790542,0.6868147902556985,0.6875188222460785,0.6874763655272405,0.6860731672455868,0.6875188222460785,0.6860731672455868,0.0,0.6860731672455868
acs_full_income,56,4,2144,53804,76.7,0.0,0.375,0.7256265091694963,0.7220714528491611,0.7256265091694963,0.7256265091694963,0.7256265091694963,0.7271064385871512,0.7270346606437299,0.725006180648526,0.7256265091694963,0.727347047524538,0.7256265091694963,0.0,0.7256265091694963
acs_full_income,56,4,2144,53804,76.7,0.375,0.75,0.696923678827871,0.7013776006710444,0.696923678827871,0.7013776006710444,0.701881584596137,0.700955406746955,0.7025425957731455,0.7031057003568084,0.7013776006710444,0.7031057003568084,0.696923678827871,0.0,0.696923678827871
acs_full_income,56,4,2144,53804,76.7,0.875,0.5,0.6860731672455868,0.6850155371016131,0.6860731672455868,0.6850155371016131,0.6864065244593203,0.6873089914343227,0.6880041239942866,0.6873338274888238,0.6860731672455868,0.6880041239942866,0.6860731672455868,0.0,0.6860731672455868
acs_full_income,56,4,2144,281916,76.7,0.0,0.125,0.7256265091694963,0.7135147804186684,0.7256265091694963,0.7256265091694963,0.7256265091694963,0.7253966582941638,0.723271057992822,0.7180385783332506,0.7256265091694963,0.7259536356106575,0.7256265091694963,0.0,0.7256265091694963
acs_full_income,56,4,2144,281916,76.7,0.25,0.5,0.696923678827871,0.6956777491591499,0.696923678827871,0.696923678827871,0.7012346144424961,0.7012346144424961,0.7024089486592707,0.6997199237359264,0.696923678827871,0.7024089486592707,0.696923678827871,0.0,0.696923678827871
acs_full_income,56,4,2144,281916,76.7,0.625,0.25,0.6860731672455868,0.6808560280095023,0.6860731672455868,0.6808560280095023,0.686072684439225,0.6875118882461797,0.6867721953724294,0.6840937518584111,0.6860731672455868,0.6875118882461797,0.6860731672455868,0.0,0.6860731672455868
acs_full_income,56,2,2144,55884,76.7,0.0,0.125,0.7256265091694963,0.7137043674845782,0.7256265091694963,0.7256265091694963,0.7256265091694963,0.7243675428840247,0.722785504631046,0.7186901021051506,0.7256265091694963,0.725666477620487,0.7256265091694963,0.0,0.7256265091694963
acs_full_income,56,2,2144,55884,76.7,0.25,0.25,0.696923678827871,0.6915378416441069,0.696923678827871,0.696923678827871,0.7001802215181334,0.7001802215181334,0.6991753070838738,0.6963683145660482,0.696923678827871,0.7001802215181334,0.696923678827871,0.0,0.696923678827871
acs_full_income,56,2,2144,55884,76.7,0.5,0.25,0.6860731672455868,0.6794954722042358,0.6860731672455868,0.6794954722042358,0.6868629081311429,0.6876753673256387,0.6868629081311429,0.6843085513354866,0.6860731672455868,0.6876753673256387,0.6860731672455868,0.0,0.6860731672455868
acs_full_income,56,2,2144,73986,76.7,0.0,0.25,0.7256265091694963,0.7140848930542458,0.7256265091694963,0.7256265091694963,0.7256265091694963,0.7261682889117828,0.7237301172272668,0.7185384786976471,0.7256265091694963,0.7261682889117828,0.7256265091694963,0.0,0.7256265091694963
acs_full_income,56,2,2144,73986,76.7,0.25,0.375,0.696923678827871,0.6981263538133861,0.696923678827871,0.696923678827871,0.7018084826671401,0.7018084826671401,0.7024121054557682,0.7013505452066402,0.6981263538133861,0.7027834124060414,0.696923678827871,0.0,0.696923678827871
acs_full_income,56,2,2144,73986,76.7,0.625,0.375,0.6860731672455868,0.6807920275875634,0.6860731672455868,0.6807920275875634,0.6866499750642722,0.687423810222161,0.6873320900885621,0.68459657435074,0.6860731672455868,0.6878430644897517,0.6860731672455868,0.0,0.6860731672455868
acs_full_income,56,1,2144,3767,76.7,0.0,0.375,0.7256265091694963,0.7246664966992906,0.7256265091694963,0.7256265091694963,0.7256265091694963,0.7276556553166212,0.7278447658219933,0.726861513954383,0.7256265091694963,0.7282258282153129,0.7256265091694963,0.0,0.7256265091694963
acs_full_income,56,1,2144,3767,76.7,0.375,0.75,0.696923678827871,0.7032331360533616,0.696923678827871,0.696923678827871,0.7018622454233154,0.7011787763726403,0.7030108181466677,0.7041982048235766,0.7032331360533616,0.7041982048235766,0.696923678827871,0.0,0.696923678827871
acs_full_income,56,1,2144,3767,76.7,1.0,0.25,0.6860731672455868,0.6845218484908273,0.6860731672455868,0.6845218484908273,0.6845218484908273,0.6868879445248597,0.6861894653722637,0.6861637226353844,0.6860731672455868,0.6868879445248597,0.6860731672455868,0.0,0.6860731672455868
acs_full_income,72,3,6349,67861,67.3,0.0,0.125,0.4636374359412941,0.45475892378513194,0.4636374359412941,0.4636374359412941,0.4636374359412941,0.46459736962657605,0.4635783111805673,0.45943870636501694,0.4636374359412941,0.46468487451106927,0.4636374359412941,0.0,0.4636374359412941
acs_full_income,72,3,6349,67861,67.3,0.0,0.125,0.4685361224902902,0.4603891107153497,0.4685361224902902,0.4685361224902902,0.4685361224902902,0.47112967446743054,0.4701138195227743,0.46650965126079935,0.4685361224902902,0.4716145460189474,0.4685361224902902,0.0,0.4685361224902902
acs_full_income,72,3,6349,67861,67.3,0.125,0.625,0.4286770330766085,0.429558118598523,0.4286770330766085,0.4286770330766085,0.43133209280975493,0.4323991354929908,0.4337298831297267,0.4332701691687826,0.429558118598523,0.43415172379059896,0.4286770330766085,0.0,0.4286770330766085
acs_full_income,72,4,6349,64447,67.3,0.0,0.25,0.4636374359412941,0.44845739945349233,0.4636374359412941,0.4636374359412941,0.4636374359412941,0.46417462468004617,0.4617874172351112,0.45598665476307526,0.4636374359412941,0.46417462468004617,0.4636374359412941,0.0,0.4636374359412941
acs_full_income,72,4,6349,64447,67.3,0.0,0.125,0.4685361224902902,0.45289812683121494,0.4685361224902902,0.4685361224902902,0.4685361224902902,0.47049964532406613,0.4682736136151106,0.46207956917261883,0.4685361224902902,0.4709134068930871,0.4685361224902902,0.0,0.4685361224902902
acs_full_income,72,4,6349,64447,67.3,0.0,0.375,0.4286770330766085,0.42091107400581074,0.4286770330766085,0.4286770330766085,0.4286770330766085,0.4313742979496365,0.43097833278402026,0.42726928945049053,0.4286770330766085,0.4319750261612818,0.4286770330766085,0.0,0.4286770330766085
acs_full_income,72,1,6349,4713,67.3,0.0,0.625,0.4636374359412941,0.46632736974166944,0.4636374359412941,0.4636374359412941,0.4636374359412941,0.46587706521657657,0.4672610249975096,0.46660410389055795,0.46632736974166944,0.46728684367085854,0.4636374359412941,0.0,0.4636374359412941
acs_full_income,72,1,6349,4713,67.3,0.0,0.625,0.4685361224902902,0.4723734636727662,0.4685361224902902,0.4685361224902902,0.4685361224902902,0.4715967761048377,0.47243956386241126,0.47289185473864465,0.4723734636727662,0.4732925261932291,0.4685361224902902,0.0,0.4685361224902902
acs_full_income,72,1,6349,4713,67.3,0.5,1.0,0.4286770330766085,0.4398857844529958,0.4286770330766085,0.4398857844529958,0.43678973049454084,0.4332386263252657,0.43678973049454084,0.4385840908740327,0.4398857844529958,0.4398857844529958,0.4286770330766085,0.0,0.4286770330766085
acs_full_income,72,4,6349,180736,67.3,0.0,0.375,0.4636374359412941,0.4604535973598061,0.4636374359412941,0.4636374359412941,0.4636374359412941,0.4663825180216114,0.4666029733084218,0.4640478774354544,0.4636374359412941,0.46757471851864757,0.4636374359412941,0.0,0.4636374359412941
acs_full_income,72,4,6349,180736,67.3,0.0,0.375,0.4685361224902902,0.4621040096810916,0.4685361224902902,0.4685361224902902,0.4685361224902902,0.47125096389321114,0.47116662491630884,0.46726359052600397,0.4685361224902902,0.47168464785988096,0.4685361224902902,0.0,0.4685361224902902
acs_full_income,72,4,6349,180736,67.3,0.125,0.75,0.4286770330766085,0.4365243581109315,0.4286770330766085,0.4286770330766085,0.4321595652404863,0.4349969328701701,0.4383209932750764,0.4406481793356691,0.4365243581109315,0.4406481793356691,0.4286770330766085,0.0,0.4286770330766085
acs_full_income,72,3,6349,87722,67.3,0.0,0.25,0.4636374359412941,0.4571743094652412,0.4636374359412941,0.4636374359412941,0.4636374359412941,0.4658478176161399,0.4640908846804885,0.46152346279308065,0.4636374359412941,0.4658478176161399,0.4636374359412941,0.0,0.4636374359412941
acs_full_income,72,3,6349,87722,67.3,0.0,0.375,0.4685361224902902,0.4626175165939442,0.4685361224902902,0.4685361224902902,0.4685361224902902,0.4721011695553125,0.4716194212052997,0.46768083634064067,0.4685361224902902,0.47241649996083973,0.4685361224902902,0.0,0.4685361224902902
acs_full_income,72,3,6349,87722,67.3,0.125,0.75,0.4286770330766085,0.43509288962989817,0.4286770330766085,0.4286770330766085,0.43234996797655495,0.4348730443492431,0.43778538827039665,0.4388248261748908,0.43509288962989817,0.4388248261748908,0.4286770330766085,0.0,0.4286770330766085
acs_full_income,72,1,6349,17745,67.3,0.0,0.125,0.4636374359412941,0.45387949023748186,0.4636374359412941,0.4636374359412941,0.4636374359412941,0.4640637244648931,0.4617048146365736,0.45818670566970643,0.4636374359412941,0.46442802731540345,0.4636374359412941,0.0,0.4636374359412941
acs_full_income,72,1,6349,17745,67.3,0.0,0.25,0.4685361224902902,0.46143048076299736,0.4685361224902902,0.4685361224902902,0.4685361224902902,0.4719230219423115,0.47108752200784526,0.466303423391842,0.4685361224902902,0.4719230219423115,0.4685361224902902,0.0,0.4685361224902902
acs_full_income,72,1,6349,17745,67.3,0.0,0.625,0.4286770330766085,0.43245921162771384,0.4286770330766085,0.4286770330766085,0.4286770330766085,0.43367748634332315,0.4357927163685629,0.43520986857530713,0.43245921162771384,0.43595435477895617,0.4286770330766085,0.0,0.4286770330766085
acs_full_income,72,3,6349,87729,67.3,0.0,0.25,0.4636374359412941,0.45489803526786177,0.4636374359412941,0.4636374359412941,0.4636374359412941,0.46536685527041377,0.46369705711595965,0.45915563885819194,0.4636374359412941,0.46536685527041377,0.4636374359412941,0.0,0.4636374359412941
acs_full_income,72,3,6349,87729,67.3,0.0,0.5,0.4685361224902902,0.4633013519882325,0.4685361224902902,0.4685361224902902,0.4685361224902902,0.4726002164350057,0.47315260667893355,0.4683417101047682,0.4685361224902902,0.47315260667893355,0.4685361224902902,0.0,0.4685361224902902
acs_full_income,72,3,6349,87729,67.3,0.125,0.5,0.4286770330766085,0.4323342887472653,0.4286770330766085,0.4286770330766085,0.43221235581937834,0.43386268903664477,0.4362034865647203,0.4356262751963266,0.4323342887472653,0.4362034865647203,0.4286770330766085,0.0,0.4286770330766085
acs_full_income,72,4,6349,99836,67.3,0.0,0.125,0.4636374359412941,0.45665204613220023,0.4636374359412941,0.4636374359412941,0.4636374359412941,0.46496751697493954,0.46316676881135177,0.4612204988539982,0.4636374359412941,0.4649858072540033,0.4636374359412941,0.0,0.4636374359412941
acs_full_income,72,4,6349,99836,67.3,0.0,0.25,0.4685361224902902,0.4610799990110036,0.4685361224902902,0.4685361224902902,0.4685361224902902,0.4713952161217505,0.47031788174588574,0.4663623240127798,0.4685361224902902,0.4713952161217505,0.4685361224902902,0.0,0.4685361224902902
acs_full_income,72,4,6349,99836,67.3,0.125,0.75,0.4286770330766085,0.43121545461078986,0.4286770330766085,0.4286770330766085,0.43186792209942904,0.4337873911139671,0.43508476933167756,0.43590566998606856,0.43121545461078986,0.43590566998606856,0.4286770330766085,0.0,0.4286770330766085
acs_full_income,72,3,6349,86175,67.3,0.0,0.25,0.4636374359412941,0.4543203152397163,0.4636374359412941,0.4636374359412941,0.4636374359412941,0.46540576367881975,0.46450987411173417,0.46040129550685055,0.4636374359412941,0.46540576367881975,0.4636374359412941,0.0,0.4636374359412941
acs_full_income,72,3,6349,86175,67.3,0.0,0.25,0.4685361224902902,0.4550465313273806,0.4685361224902902,0.4685361224902902,0.4685361224902902,0.47085105360962226,0.467274102792836,0.46228591128114316,0.4685361224902902,0.47085105360962226,0.4685361224902902,0.0,0.4685361224902902
acs_full_income,72,3,6349,86175,67.3,0.0,0.5,0.4286770330766085,0.42794037559376963,0.4286770330766085,0.4286770330766085,0.4286770330766085,0.4338537293631329,0.43592239715975745,0.4321263317266184,0.4286770330766085,0.43592239715975745,0.4286770330766085,0.0,0.4286770330766085
acs_full_income,72,2,6349,78802,67.3,0.0,0.25,0.4636374359412941,0.4526668961221609,0.4636374359412941,0.4636374359412941,0.4636374359412941,0.4659991439559013,0.46418265457412233,0.46013781846841856,0.4636374359412941,0.4659991439559013,0.4636374359412941,0.0,0.4636374359412941
acs_full_income,72,2,6349,78802,67.3,0.0,0.25,0.4685361224902902,0.4538980857548658,0.4685361224902902,0.4685361224902902,0.4685361224902902,0.47166022637809946,0.467931916166181,0.4619315453387988,0.4685361224902902,0.47166022637809946,0.4685361224902902,0.0,0.4685361224902902
acs_full_income,72,2,6349,78802,67.3,0.125,0.625,0.4286770330766085,0.4330385078056902,0.4286770330766085,0.4286770330766085,0.4337484847404538,0.43684741317158143,0.4413484193628355,0.43926268520070777,0.4330385078056902,0.44160240429888287,0.4286770330766085,0.0,0.4286770330766085
acs_full_income,72,1,6349,52067,67.3,0.0,0.375,0.4636374359412941,0.45930856222358896,0.4636374359412941,0.4636374359412941,0.4636374359412941,0.4658901229810428,0.4659831984729761,0.46423875800884634,0.4636374359412941,0.4666331194895069,0.4636374359412941,0.0,0.4636374359412941
acs_full_income,72,1,6349,52067,67.3,0.0,0.5,0.4685361224902902,0.4686472197628226,0.4685361224902902,0.4685361224902902,0.4685361224902902,0.4735639194331154,0.4740566830671499,0.47267782095112165,0.4686472197628226,0.4740566830671499,0.4685361224902902,0.0,0.4685361224902902
acs_full_income,72,1,6349,52067,67.3,0.125,0.875,0.4286770330766085,0.4369116284476503,0.4286770330766085,0.4286770330766085,0.4321225026190763,0.43401655397169425,0.43656003355327044,0.4380016419701889,0.4369116284476503,0.43814525824912337,0.4286770330766085,0.0,0.4286770330766085
acs_full_income,72,2,6349,35754,67.3,0.125,0.25,0.4636374359412941,0.45386681670258644,0.4636374359412941,0.4636374359412941,0.4651416794376057,0.46652267247835383,0.46386757189647154,0.4587927314415971,0.4636374359412941,0.46652267247835383,0.4636374359412941,0.0,0.4636374359412941
acs_full_income,72,2,6349,35754,67.3,0.0,0.25,0.4685361224902902,0.46138840653729407,0.4685361224902902,0.4685361224902902,0.4685361224902902,0.4728961503261958,0.4724550515600365,0.46735858510640255,0.4685361224902902,0.4728961503261958,0.4685361224902902,0.0,0.4685361224902902
acs_full_income,72,2,6349,35754,67.3,0.125,0.75,0.4286770330766085,0.4363577359153972,0.4286770330766085,0.4286770330766085,0.43220992237057565,0.4359553686992994,0.4382328006598631,0.4386802695877296,0.4363577359153972,0.4386802695877296,0.4286770330766085,0.0,0.4286770330766085
