dataset,target,n_partners,n_target,n_partner_total,epv_target,lam_star,ap_never_merge,ap_always_merge,ap_epv_gate,ap_local_cv,ap_blend,ap_oracle
lendingclub,AK,3,60,3096,0.6666666666666666,0.875,0.19496131887436235,0.3389584328714763,0.3389584328714763,0.3389584328714763,0.3149108138238573,0.3389584328714763
lendingclub,AK,3,60,3096,0.6666666666666666,0.0,0.23525252525252527,0.3348251748251748,0.3348251748251748,0.23525252525252527,0.23525252525252527,0.3348251748251748
lendingclub,AK,3,60,3096,0.6666666666666666,1.0,0.2548830409356725,0.3536369910282954,0.3536369910282954,0.3536369910282954,0.3536369910282954,0.3536369910282954
lendingclub,AK,4,60,7949,0.6666666666666666,0.875,0.19496131887436235,0.35324414715719066,0.35324414715719066,0.35324414715719066,0.3149108138238573,0.35324414715719066
lendingclub,AK,4,60,7949,0.6666666666666666,0.0,0.23525252525252527,0.26430735930735927,0.26430735930735927,0.23525252525252527,0.23525252525252527,0.26430735930735927
lendingclub,AK,4,60,7949,0.6666666666666666,1.0,0.2548830409356725,0.37347826086956526,0.37347826086956526,0.37347826086956526,0.37347826086956526,0.37347826086956526
lendingclub,AK,1,60,816,0.6666666666666666,0.875,0.19496131887436235,0.3717948717948718,0.3717948717948718,0.3717948717948718,0.35750915750915746,0.3717948717948718
lendingclub,AK,1,60,816,0.6666666666666666,0.0,0.23525252525252527,0.2993073593073593,0.2993073593073593,0.23525252525252527,0.23525252525252527,0.2993073593073593
lendingclub,AK,1,60,816,0.6666666666666666,1.0,0.2548830409356725,0.36725274725274726,0.36725274725274726,0.36725274725274726,0.36725274725274726,0.36725274725274726
lendingclub,AK,3,60,795,0.6666666666666666,1.0,0.19496131887436235,0.2742063492063492,0.2742063492063492,0.2742063492063492,0.2742063492063492,0.2742063492063492
lendingclub,AK,3,60,795,0.6666666666666666,1.0,0.23525252525252527,0.22551036682615627,0.22551036682615627,0.22551036682615627,0.22551036682615627,0.23525252525252527
lendingclub,AK,3,60,795,0.6666666666666666,1.0,0.2548830409356725,0.32985527544351073,0.32985527544351073,0.32985527544351073,0.32985527544351073,0.32985527544351073
lendingclub,AK,4,60,2271,0.6666666666666666,0.875,0.19496131887436235,0.40815850815850807,0.40815850815850807,0.40815850815850807,0.35324414715719066,0.40815850815850807
lendingclub,AK,4,60,2271,0.6666666666666666,0.0,0.23525252525252527,0.35966873706004143,0.35966873706004143,0.23525252525252527,0.23525252525252527,0.35966873706004143
lendingclub,AK,4,60,2271,0.6666666666666666,1.0,0.2548830409356725,0.46450216450216447,0.46450216450216447,0.46450216450216447,0.46450216450216447,0.46450216450216447
lendingclub,AK,1,60,298,0.6666666666666666,0.125,0.19496131887436235,0.45379487179487177,0.45379487179487177,0.19496131887436235,0.21846153846153846,0.45379487179487177
lendingclub,AK,1,60,298,0.6666666666666666,0.0,0.23525252525252527,0.21693043798306957,0.21693043798306957,0.23525252525252527,0.23525252525252527,0.23525252525252527
lendingclub,AK,1,60,298,0.6666666666666666,1.0,0.2548830409356725,0.2754615384615384,0.2754615384615384,0.2754615384615384,0.2754615384615384,0.2754615384615384
lendingclub,AK,2,60,1921,0.6666666666666666,0.75,0.19496131887436235,0.36928571428571433,0.36928571428571433,0.36928571428571433,0.28434898434898437,0.36928571428571433
lendingclub,AK,2,60,1921,0.6666666666666666,1.0,0.23525252525252527,0.27824016563146997,0.27824016563146997,0.27824016563146997,0.27824016563146997,0.27824016563146997
lendingclub,AK,2,60,1921,0.6666666666666666,0.875,0.2548830409356725,0.3854545454545454,0.3854545454545454,0.3854545454545454,0.33994076099339254,0.3854545454545454
lendingclub,AK,3,60,2110,0.6666666666666666,0.875,0.19496131887436235,0.2986346986346986,0.2986346986346986,0.2986346986346986,0.2777896017026452,0.2986346986346986
lendingclub,AK,3,60,2110,0.6666666666666666,1.0,0.23525252525252527,0.2734782608695652,0.2734782608695652,0.2734782608695652,0.2734782608695652,0.2734782608695652
lendingclub,AK,3,60,2110,0.6666666666666666,1.0,0.2548830409356725,0.3933333333333333,0.3933333333333333,0.3933333333333333,0.3933333333333333,0.3933333333333333
lendingclub,AK,3,60,1534,0.6666666666666666,1.0,0.19496131887436235,0.34982517482517483,0.34982517482517483,0.34982517482517483,0.34982517482517483,0.34982517482517483
lendingclub,AK,3,60,1534,0.6666666666666666,0.875,0.23525252525252527,0.2981159420289855,0.2981159420289855,0.23525252525252527,0.2823593073593073,0.2981159420289855
lendingclub,AK,3,60,1534,0.6666666666666666,1.0,0.2548830409356725,0.4066666666666666,0.4066666666666666,0.4066666666666666,0.4066666666666666,0.4066666666666666
lendingclub,AK,1,60,317,0.6666666666666666,0.75,0.19496131887436235,0.29794871794871797,0.29794871794871797,0.29794871794871797,0.2892948717948718,0.29794871794871797
lendingclub,AK,1,60,317,0.6666666666666666,0.0,0.23525252525252527,0.2815567765567766,0.2815567765567766,0.23525252525252527,0.23525252525252527,0.2815567765567766
lendingclub,AK,1,60,317,0.6666666666666666,1.0,0.2548830409356725,0.28012820512820513,0.28012820512820513,0.28012820512820513,0.28012820512820513,0.28012820512820513
lendingclub,AK,2,60,254,0.6666666666666666,0.75,0.19496131887436235,0.30512820512820515,0.30512820512820515,0.30512820512820515,0.30393772893772897,0.30512820512820515
lendingclub,AK,2,60,254,0.6666666666666666,0.625,0.23525252525252527,0.21088217338217338,0.21088217338217338,0.23525252525252527,0.21166875522138678,0.23525252525252527
lendingclub,AK,2,60,254,0.6666666666666666,1.0,0.2548830409356725,0.24427106227106227,0.24427106227106227,0.24427106227106227,0.24427106227106227,0.2548830409356725
lendingclub,AK,1,60,2915,0.6666666666666666,0.875,0.19496131887436235,0.3446969696969697,0.3446969696969697,0.3446969696969697,0.3132441471571906,0.3446969696969697
lendingclub,AK,1,60,2915,0.6666666666666666,0.0,0.23525252525252527,0.38809523809523805,0.38809523809523805,0.23525252525252527,0.23525252525252527,0.38809523809523805
lendingclub,AK,1,60,2915,0.6666666666666666,1.0,0.2548830409356725,0.5149068322981366,0.5149068322981366,0.5149068322981366,0.5149068322981366,0.5149068322981366
lendingclub,AL,3,338,7895,2.388888888888889,0.0,0.26140253663196794,0.36317483018696883,0.36317483018696883,0.26140253663196794,0.26140253663196794,0.36317483018696883
lendingclub,AL,3,338,7895,2.388888888888889,0.625,0.2993390629837358,0.3554998471870594,0.3554998471870594,0.3554998471870594,0.348166733112242,0.3554998471870594
lendingclub,AL,3,338,7895,2.388888888888889,0.375,0.3240651792686513,0.3609379297370954,0.3609379297370954,0.3609379297370954,0.33707091407982226,0.3609379297370954
lendingclub,AL,4,338,11594,2.388888888888889,0.0,0.26140253663196794,0.3829496215897033,0.3829496215897033,0.26140253663196794,0.26140253663196794,0.3829496215897033
lendingclub,AL,4,338,11594,2.388888888888889,0.75,0.2993390629837358,0.34790559577095925,0.34790559577095925,0.34790559577095925,0.3537640793225651,0.34790559577095925
lendingclub,AL,4,338,11594,2.388888888888889,1.0,0.3240651792686513,0.3750426720519321,0.3750426720519321,0.3750426720519321,0.3750426720519321,0.3750426720519321
lendingclub,AL,3,338,4416,2.388888888888889,0.125,0.26140253663196794,0.4244004939355231,0.4244004939355231,0.26140253663196794,0.2811953590193722,0.4244004939355231
lendingclub,AL,3,338,4416,2.388888888888889,0.5,0.2993390629837358,0.3542295744110513,0.3542295744110513,0.2993390629837358,0.3248940143733947,0.3542295744110513
lendingclub,AL,3,338,4416,2.388888888888889,0.75,0.3240651792686513,0.3745967109436653,0.3745967109436653,0.3745967109436653,0.3618184159471581,0.3745967109436653
lendingclub,AL,2,338,3159,2.388888888888889,1.0,0.26140253663196794,0.3295944440892923,0.3295944440892923,0.3295944440892923,0.3295944440892923,0.3295944440892923
lendingclub,AL,2,338,3159,2.388888888888889,0.875,0.2993390629837358,0.3304631456360153,0.3304631456360153,0.3304631456360153,0.3216957312331559,0.3304631456360153
lendingclub,AL,2,338,3159,2.388888888888889,0.625,0.3240651792686513,0.34092741561786655,0.34092741561786655,0.34092741561786655,0.3361530355698804,0.34092741561786655
lendingclub,AL,4,338,2628,2.388888888888889,0.125,0.26140253663196794,0.3251039344282169,0.3251039344282169,0.26140253663196794,0.2802810608060661,0.3251039344282169
lendingclub,AL,4,338,2628,2.388888888888889,1.0,0.2993390629837358,0.3289230569019849,0.3289230569019849,0.3289230569019849,0.3289230569019849,0.3289230569019849
lendingclub,AL,4,338,2628,2.388888888888889,0.5,0.3240651792686513,0.34477341077708273,0.34477341077708273,0.3240651792686513,0.3383933341124884,0.34477341077708273
lendingclub,AL,2,338,848,2.388888888888889,0.125,0.26140253663196794,0.38681431736540234,0.38681431736540234,0.26140253663196794,0.27569638921764844,0.38681431736540234
lendingclub,AL,2,338,848,2.388888888888889,1.0,0.2993390629837358,0.3440765058207518,0.3440765058207518,0.3440765058207518,0.3440765058207518,0.3440765058207518
lendingclub,AL,2,338,848,2.388888888888889,0.875,0.3240651792686513,0.3601931517194154,0.3601931517194154,0.3601931517194154,0.35947670949611576,0.3601931517194154
lendingclub,AL,3,338,2545,2.388888888888889,1.0,0.26140253663196794,0.34528715687603717,0.34528715687603717,0.34528715687603717,0.34528715687603717,0.34528715687603717
lendingclub,AL,3,338,2545,2.388888888888889,1.0,0.2993390629837358,0.3572917327690075,0.3572917327690075,0.3572917327690075,0.3572917327690075,0.3572917327690075
lendingclub,AL,3,338,2545,2.388888888888889,0.875,0.3240651792686513,0.34723134504750824,0.34723134504750824,0.34723134504750824,0.343706636101317,0.34723134504750824
lendingclub,AL,3,338,1995,2.388888888888889,0.125,0.26140253663196794,0.3833408682783081,0.3833408682783081,0.26140253663196794,0.28289312011045536,0.3833408682783081
lendingclub,AL,3,338,1995,2.388888888888889,1.0,0.2993390629837358,0.41876109011364426,0.41876109011364426,0.41876109011364426,0.41876109011364426,0.41876109011364426
lendingclub,AL,3,338,1995,2.388888888888889,1.0,0.3240651792686513,0.3827067494945121,0.3827067494945121,0.3827067494945121,0.3827067494945121,0.3827067494945121
lendingclub,AL,4,338,7307,2.388888888888889,0.125,0.26140253663196794,0.3351423818020783,0.3351423818020783,0.26140253663196794,0.27629321313061145,0.3351423818020783
lendingclub,AL,4,338,7307,2.388888888888889,1.0,0.2993390629837358,0.3196274064946554,0.3196274064946554,0.3196274064946554,0.3196274064946554,0.3196274064946554
lendingclub,AL,4,338,7307,2.388888888888889,0.5,0.3240651792686513,0.3339522746870419,0.3339522746870419,0.3339522746870419,0.33542604060551773,0.3339522746870419
lendingclub,AL,4,338,2031,2.388888888888889,0.125,0.26140253663196794,0.3356462509607079,0.3356462509607079,0.26140253663196794,0.27919012888511524,0.3356462509607079
lendingclub,AL,4,338,2031,2.388888888888889,0.5,0.2993390629837358,0.3674024693358867,0.3674024693358867,0.3674024693358867,0.3608652214445179,0.3674024693358867
lendingclub,AL,4,338,2031,2.388888888888889,0.5,0.3240651792686513,0.3480385462604322,0.3480385462604322,0.3480385462604322,0.3385864921053566,0.3480385462604322
lendingclub,AL,2,338,833,2.388888888888889,0.0,0.26140253663196794,0.27686269441801,0.27686269441801,0.26140253663196794,0.26140253663196794,0.27686269441801
lendingclub,AL,2,338,833,2.388888888888889,0.0,0.2993390629837358,0.29064840259158464,0.29064840259158464,0.2993390629837358,0.2993390629837358,0.2993390629837358
lendingclub,AL,2,338,833,2.388888888888889,1.0,0.3240651792686513,0.2893439992704279,0.2893439992704279,0.2893439992704279,0.2893439992704279,0.3240651792686513
lendingclub,AL,1,338,516,2.388888888888889,0.0,0.26140253663196794,0.2602310935812778,0.2602310935812778,0.26140253663196794,0.26140253663196794,0.26140253663196794
lendingclub,AL,1,338,516,2.388888888888889,0.25,0.2993390629837358,0.27735063376513036,0.27735063376513036,0.2993390629837358,0.29514696121468315,0.2993390629837358
lendingclub,AL,1,338,516,2.388888888888889,1.0,0.3240651792686513,0.25521848335610475,0.25521848335610475,0.25521848335610475,0.25521848335610475,0.3240651792686513
lendingclub,AR,3,182,1252,1.3333333333333333,0.0,0.16880595840348162,0.2931165088703006,0.2931165088703006,0.16880595840348162,0.16880595840348162,0.2931165088703006
lendingclub,AR,3,182,1252,1.3333333333333333,0.875,0.23241047872183918,0.27921383568442387,0.27921383568442387,0.27921383568442387,0.2866174490644268,0.27921383568442387
lendingclub,AR,3,182,1252,1.3333333333333333,0.875,0.27522028707837004,0.24579042140017748,0.24579042140017748,0.24579042140017748,0.25061278093886785,0.27522028707837004
lendingclub,AR,4,182,3608,1.3333333333333333,0.0,0.16880595840348162,0.3135688549191881,0.3135688549191881,0.16880595840348162,0.16880595840348162,0.3135688549191881
lendingclub,AR,4,182,3608,1.3333333333333333,1.0,0.23241047872183918,0.30733082262256833,0.30733082262256833,0.30733082262256833,0.30733082262256833,0.30733082262256833
lendingclub,AR,4,182,3608,1.3333333333333333,1.0,0.27522028707837004,0.23973861922391337,0.23973861922391337,0.23973861922391337,0.23973861922391337,0.27522028707837004
lendingclub,AR,4,182,3296,1.3333333333333333,0.125,0.16880595840348162,0.26132159257231447,0.26132159257231447,0.16880595840348162,0.17605509852430345,0.26132159257231447
lendingclub,AR,4,182,3296,1.3333333333333333,1.0,0.23241047872183918,0.2665526053544254,0.2665526053544254,0.2665526053544254,0.2665526053544254,0.2665526053544254
lendingclub,AR,4,182,3296,1.3333333333333333,1.0,0.27522028707837004,0.2580119012757762,0.2580119012757762,0.2580119012757762,0.2580119012757762,0.27522028707837004
lendingclub,AR,2,182,3620,1.3333333333333333,0.0,0.16880595840348162,0.4048382112534936,0.4048382112534936,0.16880595840348162,0.16880595840348162,0.4048382112534936
lendingclub,AR,2,182,3620,1.3333333333333333,0.5,0.23241047872183918,0.23612324305418933,0.23612324305418933,0.23612324305418933,0.22225433506736025,0.23612324305418933
lendingclub,AR,2,182,3620,1.3333333333333333,1.0,0.27522028707837004,0.24610329771267067,0.24610329771267067,0.24610329771267067,0.24610329771267067,0.27522028707837004
lendingclub,AR,3,182,3773,1.3333333333333333,0.0,0.16880595840348162,0.33492953730856956,0.33492953730856956,0.16880595840348162,0.16880595840348162,0.33492953730856956
lendingclub,AR,3,182,3773,1.3333333333333333,1.0,0.23241047872183918,0.2577985550316129,0.2577985550316129,0.2577985550316129,0.2577985550316129,0.2577985550316129
lendingclub,AR,3,182,3773,1.3333333333333333,1.0,0.27522028707837004,0.2184944581760691,0.2184944581760691,0.2184944581760691,0.2184944581760691,0.27522028707837004
lendingclub,AR,4,182,1278,1.3333333333333333,0.0,0.16880595840348162,0.2647992601064868,0.2647992601064868,0.16880595840348162,0.16880595840348162,0.2647992601064868
lendingclub,AR,4,182,1278,1.3333333333333333,0.375,0.23241047872183918,0.22656686006252208,0.22656686006252208,0.22656686006252208,0.22807977000507199,0.23241047872183918
lendingclub,AR,4,182,1278,1.3333333333333333,1.0,0.27522028707837004,0.24993030719716516,0.24993030719716516,0.24993030719716516,0.24993030719716516,0.27522028707837004
lendingclub,AR,4,182,2485,1.3333333333333333,0.0,0.16880595840348162,0.3121432884748102,0.3121432884748102,0.16880595840348162,0.16880595840348162,0.3121432884748102
lendingclub,AR,4,182,2485,1.3333333333333333,1.0,0.23241047872183918,0.23207967224591264,0.23207967224591264,0.23207967224591264,0.23207967224591264,0.23241047872183918
lendingclub,AR,4,182,2485,1.3333333333333333,1.0,0.27522028707837004,0.22168986417579767,0.22168986417579767,0.22168986417579767,0.22168986417579767,0.27522028707837004
lendingclub,AR,1,182,796,1.3333333333333333,0.0,0.16880595840348162,0.44554775412482095,0.44554775412482095,0.16880595840348162,0.16880595840348162,0.44554775412482095
lendingclub,AR,1,182,796,1.3333333333333333,0.875,0.23241047872183918,0.22704535737910936,0.22704535737910936,0.22704535737910936,0.21356440077938116,0.23241047872183918
lendingclub,AR,1,182,796,1.3333333333333333,0.875,0.27522028707837004,0.19125609400255442,0.19125609400255442,0.19125609400255442,0.2035501333828451,0.27522028707837004
lendingclub,AR,3,182,1623,1.3333333333333333,0.0,0.16880595840348162,0.26706267416793733,0.26706267416793733,0.16880595840348162,0.16880595840348162,0.26706267416793733
lendingclub,AR,3,182,1623,1.3333333333333333,0.25,0.23241047872183918,0.2516352434115592,0.2516352434115592,0.2516352434115592,0.24064543380791797,0.2516352434115592
lendingclub,AR,3,182,1623,1.3333333333333333,1.0,0.27522028707837004,0.25926530872005504,0.25926530872005504,0.25926530872005504,0.25926530872005504,0.27522028707837004
lendingclub,AR,2,182,1859,1.3333333333333333,0.0,0.16880595840348162,0.3071859687931116,0.3071859687931116,0.16880595840348162,0.16880595840348162,0.3071859687931116
lendingclub,AR,2,182,1859,1.3333333333333333,0.5,0.23241047872183918,0.29991220984517836,0.29991220984517836,0.29991220984517836,0.24632320434805222,0.29991220984517836
lendingclub,AR,2,182,1859,1.3333333333333333,1.0,0.27522028707837004,0.2351033223409854,0.2351033223409854,0.2351033223409854,0.2351033223409854,0.27522028707837004
lendingclub,AR,1,182,87,1.3333333333333333,0.0,0.16880595840348162,0.24219508561613826,0.24219508561613826,0.16880595840348162,0.16880595840348162,0.24219508561613826
lendingclub,AR,1,182,87,1.3333333333333333,1.0,0.23241047872183918,0.22001111544749652,0.22001111544749652,0.22001111544749652,0.22001111544749652,0.23241047872183918
lendingclub,AR,1,182,87,1.3333333333333333,0.0,0.27522028707837004,0.2220377539127539,0.2220377539127539,0.27522028707837004,0.27522028707837004,0.27522028707837004
lendingclub,AZ,3,653,2202,5.555555555555555,0.0,0.24564025295893643,0.2541848669553412,0.2541848669553412,0.24564025295893643,0.24564025295893643,0.2541848669553412
lendingclub,AZ,3,653,2202,5.555555555555555,1.0,0.3333233055984056,0.29100921780161515,0.29100921780161515,0.29100921780161515,0.29100921780161515,0.3333233055984056
lendingclub,AZ,3,653,2202,5.555555555555555,1.0,0.21827893067691412,0.23888454327030234,0.23888454327030234,0.23888454327030234,0.23888454327030234,0.23888454327030234
lendingclub,AZ,3,653,3023,5.555555555555555,0.0,0.24564025295893643,0.25325342690505265,0.25325342690505265,0.24564025295893643,0.24564025295893643,0.25325342690505265
lendingclub,AZ,3,653,3023,5.555555555555555,1.0,0.3333233055984056,0.2949500679021715,0.2949500679021715,0.2949500679021715,0.2949500679021715,0.3333233055984056
lendingclub,AZ,3,653,3023,5.555555555555555,1.0,0.21827893067691412,0.25928585250605846,0.25928585250605846,0.25928585250605846,0.25928585250605846,0.25928585250605846
lendingclub,AZ,4,653,2025,5.555555555555555,0.0,0.24564025295893643,0.30117542160585536,0.30117542160585536,0.24564025295893643,0.24564025295893643,0.30117542160585536
lendingclub,AZ,4,653,2025,5.555555555555555,1.0,0.3333233055984056,0.3217094833602117,0.3217094833602117,0.3217094833602117,0.3217094833602117,0.3333233055984056
lendingclub,AZ,4,653,2025,5.555555555555555,0.75,0.21827893067691412,0.3016701751505526,0.3016701751505526,0.3016701751505526,0.2759582615648894,0.3016701751505526
lendingclub,AZ,4,653,1572,5.555555555555555,0.0,0.24564025295893643,0.2682058042445611,0.2682058042445611,0.24564025295893643,0.24564025295893643,0.2682058042445611
lendingclub,AZ,4,653,1572,5.555555555555555,0.5,0.3333233055984056,0.29382551661626966,0.29382551661626966,0.3333233055984056,0.3118828387965511,0.3333233055984056
lendingclub,AZ,4,653,1572,5.555555555555555,1.0,0.21827893067691412,0.22717465162866574,0.22717465162866574,0.22717465162866574,0.22717465162866574,0.22717465162866574
lendingclub,AZ,3,653,2514,5.555555555555555,0.0,0.24564025295893643,0.293702346027684,0.293702346027684,0.24564025295893643,0.24564025295893643,0.293702346027684
lendingclub,AZ,3,653,2514,5.555555555555555,1.0,0.3333233055984056,0.3190638686713956,0.3190638686713956,0.3190638686713956,0.3190638686713956,0.3333233055984056
lendingclub,AZ,3,653,2514,5.555555555555555,0.875,0.21827893067691412,0.28355642876768977,0.28355642876768977,0.28355642876768977,0.2763851355344382,0.28355642876768977
lendingclub,AZ,2,653,1570,5.555555555555555,0.0,0.24564025295893643,0.28002660638964444,0.28002660638964444,0.24564025295893643,0.24564025295893643,0.28002660638964444
lendingclub,AZ,2,653,1570,5.555555555555555,0.125,0.3333233055984056,0.2983219027759723,0.2983219027759723,0.3333233055984056,0.3211234506281925,0.3333233055984056
lendingclub,AZ,2,653,1570,5.555555555555555,1.0,0.21827893067691412,0.28715041638907607,0.28715041638907607,0.28715041638907607,0.28715041638907607,0.28715041638907607
lendingclub,AZ,2,653,1560,5.555555555555555,0.0,0.24564025295893643,0.28616111656700416,0.28616111656700416,0.24564025295893643,0.24564025295893643,0.28616111656700416
lendingclub,AZ,2,653,1560,5.555555555555555,0.875,0.3333233055984056,0.30773215934402287,0.30773215934402287,0.3333233055984056,0.31232128687888744,0.3333233055984056
lendingclub,AZ,2,653,1560,5.555555555555555,1.0,0.21827893067691412,0.29166536827242084,0.29166536827242084,0.29166536827242084,0.29166536827242084,0.29166536827242084
lendingclub,AZ,4,653,2494,5.555555555555555,0.0,0.24564025295893643,0.2504473430424631,0.2504473430424631,0.24564025295893643,0.24564025295893643,0.2504473430424631
lendingclub,AZ,4,653,2494,5.555555555555555,0.125,0.3333233055984056,0.25176300113110894,0.25176300113110894,0.3333233055984056,0.31554090319278,0.3333233055984056
lendingclub,AZ,4,653,2494,5.555555555555555,0.875,0.21827893067691412,0.21951707902614645,0.21951707902614645,0.21951707902614645,0.22169959408574372,0.21951707902614645
lendingclub,AZ,1,653,830,5.555555555555555,0.0,0.24564025295893643,0.2974085663655778,0.2974085663655778,0.24564025295893643,0.24564025295893643,0.2974085663655778
lendingclub,AZ,1,653,830,5.555555555555555,0.5,0.3333233055984056,0.2858337617543799,0.2858337617543799,0.3333233055984056,0.30853849945479084,0.3333233055984056
lendingclub,AZ,1,653,830,5.555555555555555,1.0,0.21827893067691412,0.23686386439151882,0.23686386439151882,0.23686386439151882,0.23686386439151882,0.23686386439151882
lendingclub,AZ,1,653,1988,5.555555555555555,0.0,0.24564025295893643,0.2370751791324697,0.2370751791324697,0.24564025295893643,0.24564025295893643,0.24564025295893643
lendingclub,AZ,1,653,1988,5.555555555555555,0.0,0.3333233055984056,0.2746986235051759,0.2746986235051759,0.3333233055984056,0.3333233055984056,0.3333233055984056
lendingclub,AZ,1,653,1988,5.555555555555555,0.75,0.21827893067691412,0.22080838401572295,0.22080838401572295,0.22080838401572295,0.21824142510345446,0.22080838401572295
lendingclub,AZ,1,653,208,5.555555555555555,0.125,0.24564025295893643,0.2485597402397868,0.2485597402397868,0.24564025295893643,0.24899258586035694,0.2485597402397868
lendingclub,AZ,1,653,208,5.555555555555555,0.625,0.3333233055984056,0.3463666743269577,0.3463666743269577,0.3463666743269577,0.3451555984458522,0.3463666743269577
lendingclub,AZ,1,653,208,5.555555555555555,1.0,0.21827893067691412,0.22795248144449717,0.22795248144449717,0.22795248144449717,0.22795248144449717,0.22795248144449717
lendingclub,AZ,1,653,888,5.555555555555555,0.0,0.24564025295893643,0.2717295230850607,0.2717295230850607,0.24564025295893643,0.24564025295893643,0.2717295230850607
lendingclub,AZ,1,653,888,5.555555555555555,1.0,0.3333233055984056,0.3057894412094969,0.3057894412094969,0.3057894412094969,0.3057894412094969,0.3333233055984056
lendingclub,AZ,1,653,888,5.555555555555555,0.875,0.21827893067691412,0.27636914073105107,0.27636914073105107,0.27636914073105107,0.27532424766518193,0.27636914073105107
lendingclub,CA,1,5200,86,47.888888888888886,1.0,0.2811626620337964,0.2811355416250687,0.2811626620337964,0.2811355416250687,0.2811355416250687,0.2811626620337964
lendingclub,CA,1,5200,86,47.888888888888886,1.0,0.26287429048075656,0.2637753705754358,0.26287429048075656,0.2637753705754358,0.2637753705754358,0.2637753705754358
lendingclub,CA,1,5200,86,47.888888888888886,0.625,0.302841632745643,0.30309579477228543,0.302841632745643,0.30309579477228543,0.30287245947325764,0.30309579477228543
lendingclub,CA,4,5200,2914,47.888888888888886,1.0,0.2811626620337964,0.27820714131394436,0.2811626620337964,0.27820714131394436,0.27820714131394436,0.2811626620337964
lendingclub,CA,4,5200,2914,47.888888888888886,0.125,0.26287429048075656,0.2638664195250078,0.26287429048075656,0.26287429048075656,0.2632809024353402,0.2638664195250078
lendingclub,CA,4,5200,2914,47.888888888888886,0.5,0.302841632745643,0.3054038129438298,0.302841632745643,0.3054038129438298,0.30414710802295264,0.3054038129438298
lendingclub,CA,1,5200,816,47.888888888888886,0.375,0.2811626620337964,0.27793786273813115,0.2811626620337964,0.27793786273813115,0.27984021018108274,0.2811626620337964
lendingclub,CA,1,5200,816,47.888888888888886,0.0,0.26287429048075656,0.2647244916148608,0.26287429048075656,0.26287429048075656,0.26287429048075656,0.2647244916148608
lendingclub,CA,1,5200,816,47.888888888888886,1.0,0.302841632745643,0.3050573834905508,0.302841632745643,0.3050573834905508,0.3050573834905508,0.3050573834905508
lendingclub,CA,4,5200,5304,47.888888888888886,1.0,0.2811626620337964,0.27860796794520915,0.2811626620337964,0.27860796794520915,0.27860796794520915,0.2811626620337964
lendingclub,CA,4,5200,5304,47.888888888888886,0.625,0.26287429048075656,0.26818523013913864,0.26287429048075656,0.26818523013913864,0.26659404295351813,0.26818523013913864
lendingclub,CA,4,5200,5304,47.888888888888886,0.875,0.302841632745643,0.3031131550184347,0.302841632745643,0.3031131550184347,0.30290755819378945,0.3031131550184347
lendingclub,CA,2,5200,2437,47.888888888888886,0.5,0.2811626620337964,0.27233985189992166,0.2811626620337964,0.2811626620337964,0.2778584096590708,0.2811626620337964
lendingclub,CA,2,5200,2437,47.888888888888886,0.125,0.26287429048075656,0.2645935645794748,0.26287429048075656,0.26287429048075656,0.2633763094283248,0.2645935645794748
lendingclub,CA,2,5200,2437,47.888888888888886,1.0,0.302841632745643,0.30347991160922067,0.302841632745643,0.30347991160922067,0.30347991160922067,0.30347991160922067
lendingclub,CA,4,5200,3853,47.888888888888886,0.75,0.2811626620337964,0.2728981256097664,0.2811626620337964,0.2728981256097664,0.275617150614425,0.2811626620337964
lendingclub,CA,4,5200,3853,47.888888888888886,0.125,0.26287429048075656,0.2646896748909839,0.26287429048075656,0.26287429048075656,0.2632463567663033,0.2646896748909839
lendingclub,CA,4,5200,3853,47.888888888888886,0.875,0.302841632745643,0.3011467869357604,0.302841632745643,0.3011467869357604,0.3017227397103088,0.302841632745643
lendingclub,CA,3,5200,6391,47.888888888888886,1.0,0.2811626620337964,0.2735356144759714,0.2811626620337964,0.2735356144759714,0.2735356144759714,0.2811626620337964
lendingclub,CA,3,5200,6391,47.888888888888886,0.375,0.26287429048075656,0.2666873283075184,0.26287429048075656,0.26287429048075656,0.26447442631289886,0.2666873283075184
lendingclub,CA,3,5200,6391,47.888888888888886,0.75,0.302841632745643,0.3034115489703857,0.302841632745643,0.3034115489703857,0.30381788328142817,0.3034115489703857
lendingclub,CA,3,5200,1472,47.888888888888886,1.0,0.2811626620337964,0.28104782198248623,0.2811626620337964,0.28104782198248623,0.28104782198248623,0.2811626620337964
lendingclub,CA,3,5200,1472,47.888888888888886,0.625,0.26287429048075656,0.2643694161823049,0.26287429048075656,0.2643694161823049,0.2646020320723082,0.2643694161823049
lendingclub,CA,3,5200,1472,47.888888888888886,0.625,0.302841632745643,0.3040220549877505,0.302841632745643,0.3040220549877505,0.3035154164259772,0.3040220549877505
lendingclub,CA,1,5200,1988,47.888888888888886,0.375,0.2811626620337964,0.2753077435194242,0.2811626620337964,0.2753077435194242,0.27906442963409395,0.2811626620337964
lendingclub,CA,1,5200,1988,47.888888888888886,0.125,0.26287429048075656,0.26121197250980077,0.26287429048075656,0.26287429048075656,0.26266305974513166,0.26287429048075656
lendingclub,CA,1,5200,1988,47.888888888888886,1.0,0.302841632745643,0.297960446985747,0.302841632745643,0.297960446985747,0.297960446985747,0.302841632745643
lendingclub,CA,1,5200,205,47.888888888888886,0.125,0.2811626620337964,0.2812133326850278,0.2811626620337964,0.2811626620337964,0.2812382352673142,0.2812133326850278
lendingclub,CA,1,5200,205,47.888888888888886,1.0,0.26287429048075656,0.26498312511547945,0.26287429048075656,0.26498312511547945,0.26498312511547945,0.26498312511547945
lendingclub,CA,1,5200,205,47.888888888888886,0.625,0.302841632745643,0.3024747918175351,0.302841632745643,0.3024747918175351,0.3023615156350048,0.302841632745643
lendingclub,CA,2,5200,2982,47.888888888888886,0.625,0.2811626620337964,0.28022693425032175,0.2811626620337964,0.28022693425032175,0.28178494997008585,0.2811626620337964
lendingclub,CA,2,5200,2982,47.888888888888886,0.875,0.26287429048075656,0.26291530460988977,0.26287429048075656,0.26291530460988977,0.26309729560740214,0.26291530460988977
lendingclub,CA,2,5200,2982,47.888888888888886,1.0,0.302841632745643,0.30227676069428494,0.302841632745643,0.30227676069428494,0.30227676069428494,0.302841632745643
lendingclub,CA,1,5200,278,47.888888888888886,1.0,0.2811626620337964,0.2824421357475807,0.2811626620337964,0.2824421357475807,0.2824421357475807,0.2824421357475807
lendingclub,CA,1,5200,278,47.888888888888886,0.75,0.26287429048075656,0.2640482787996299,0.26287429048075656,0.2640482787996299,0.2639063521580961,0.2640482787996299
lendingclub,CA,1,5200,278,47.888888888888886,1.0,0.302841632745643,0.30175243324007034,0.302841632745643,0.30175243324007034,0.30175243324007034,0.302841632745643
lendingclub,CO,2,599,357,4.333333333333333,0.875,0.24302931535742142,0.2559062110217576,0.2559062110217576,0.2559062110217576,0.24378585505923825,0.2559062110217576
lendingclub,CO,2,599,357,4.333333333333333,1.0,0.18722304362032105,0.20118935992124642,0.20118935992124642,0.20118935992124642,0.20118935992124642,0.20118935992124642
lendingclub,CO,2,599,357,4.333333333333333,1.0,0.21056106081441922,0.2134214674108563,0.2134214674108563,0.2134214674108563,0.2134214674108563,0.2134214674108563
lendingclub,CO,1,599,933,4.333333333333333,0.875,0.24302931535742142,0.266048689811212,0.266048689811212,0.266048689811212,0.26115467800323267,0.266048689811212
lendingclub,CO,1,599,933,4.333333333333333,1.0,0.18722304362032105,0.19414303680603257,0.19414303680603257,0.19414303680603257,0.19414303680603257,0.19414303680603257
lendingclub,CO,1,599,933,4.333333333333333,0.875,0.21056106081441922,0.21987767671801095,0.21987767671801095,0.21987767671801095,0.2169212757189704,0.21987767671801095
lendingclub,CO,1,599,136,4.333333333333333,1.0,0.24302931535742142,0.2553008997073742,0.2553008997073742,0.2553008997073742,0.2553008997073742,0.2553008997073742
lendingclub,CO,1,599,136,4.333333333333333,1.0,0.18722304362032105,0.1870273792749135,0.1870273792749135,0.1870273792749135,0.1870273792749135,0.18722304362032105
lendingclub,CO,1,599,136,4.333333333333333,0.125,0.21056106081441922,0.215480816221725,0.215480816221725,0.215480816221725,0.21057525739346772,0.215480816221725
lendingclub,CO,4,599,4620,4.333333333333333,1.0,0.24302931535742142,0.24203068516566748,0.24203068516566748,0.24203068516566748,0.24203068516566748,0.24302931535742142
lendingclub,CO,4,599,4620,4.333333333333333,1.0,0.18722304362032105,0.18262514587326076,0.18262514587326076,0.18262514587326076,0.18262514587326076,0.18722304362032105
lendingclub,CO,4,599,4620,4.333333333333333,0.75,0.21056106081441922,0.23115565145609068,0.23115565145609068,0.23115565145609068,0.22436508170822955,0.23115565145609068
lendingclub,CO,2,599,3159,4.333333333333333,0.875,0.24302931535742142,0.21035292243805445,0.21035292243805445,0.21035292243805445,0.21407732205793695,0.24302931535742142
lendingclub,CO,2,599,3159,4.333333333333333,0.875,0.18722304362032105,0.21162550503224264,0.21162550503224264,0.21162550503224264,0.20955569595006973,0.21162550503224264
lendingclub,CO,2,599,3159,4.333333333333333,0.875,0.21056106081441922,0.2236945123955864,0.2236945123955864,0.2236945123955864,0.22025937628916858,0.2236945123955864
lendingclub,CO,1,599,298,4.333333333333333,1.0,0.24302931535742142,0.20863885468940313,0.20863885468940313,0.20863885468940313,0.20863885468940313,0.24302931535742142
lendingclub,CO,1,599,298,4.333333333333333,0.0,0.18722304362032105,0.19517982985551163,0.19517982985551163,0.18722304362032105,0.18722304362032105,0.19517982985551163
lendingclub,CO,1,599,298,4.333333333333333,0.0,0.21056106081441922,0.1845188336349112,0.1845188336349112,0.21056106081441922,0.21056106081441922,0.21056106081441922
lendingclub,CO,2,599,1155,4.333333333333333,0.625,0.24302931535742142,0.26878020478917347,0.26878020478917347,0.26878020478917347,0.25976747300141556,0.26878020478917347
lendingclub,CO,2,599,1155,4.333333333333333,1.0,0.18722304362032105,0.17506759363504815,0.17506759363504815,0.17506759363504815,0.17506759363504815,0.18722304362032105
lendingclub,CO,2,599,1155,4.333333333333333,0.75,0.21056106081441922,0.22175164321632956,0.22175164321632956,0.22175164321632956,0.2153000019550636,0.22175164321632956
lendingclub,CO,3,599,2434,4.333333333333333,1.0,0.24302931535742142,0.26712418514901326,0.26712418514901326,0.26712418514901326,0.26712418514901326,0.26712418514901326
lendingclub,CO,3,599,2434,4.333333333333333,1.0,0.18722304362032105,0.1766811947935128,0.1766811947935128,0.1766811947935128,0.1766811947935128,0.18722304362032105
lendingclub,CO,3,599,2434,4.333333333333333,1.0,0.21056106081441922,0.21693128715721985,0.21693128715721985,0.21693128715721985,0.21693128715721985,0.21693128715721985
lendingclub,CO,1,599,1438,4.333333333333333,1.0,0.24302931535742142,0.24409729093611676,0.24409729093611676,0.24409729093611676,0.24409729093611676,0.24409729093611676
lendingclub,CO,1,599,1438,4.333333333333333,1.0,0.18722304362032105,0.19925074344718052,0.19925074344718052,0.19925074344718052,0.19925074344718052,0.19925074344718052
lendingclub,CO,1,599,1438,4.333333333333333,0.875,0.21056106081441922,0.22444090018062524,0.22444090018062524,0.22444090018062524,0.22410929568122145,0.22444090018062524
lendingclub,CO,2,599,4253,4.333333333333333,1.0,0.24302931535742142,0.23853968772157452,0.23853968772157452,0.23853968772157452,0.23853968772157452,0.24302931535742142
lendingclub,CO,2,599,4253,4.333333333333333,1.0,0.18722304362032105,0.17606100926028723,0.17606100926028723,0.17606100926028723,0.17606100926028723,0.18722304362032105
lendingclub,CO,2,599,4253,4.333333333333333,0.75,0.21056106081441922,0.2307208351446475,0.2307208351446475,0.2307208351446475,0.22074364400833718,0.2307208351446475
lendingclub,CO,4,599,3233,4.333333333333333,0.875,0.24302931535742142,0.22633485715518198,0.22633485715518198,0.22633485715518198,0.22608471094522403,0.24302931535742142
lendingclub,CO,4,599,3233,4.333333333333333,0.875,0.18722304362032105,0.17695496019350804,0.17695496019350804,0.17695496019350804,0.18004428508956183,0.18722304362032105
lendingclub,CO,4,599,3233,4.333333333333333,0.75,0.21056106081441922,0.21918797548404334,0.21918797548404334,0.21918797548404334,0.21160268981770614,0.21918797548404334
lendingclub,CO,2,599,655,4.333333333333333,1.0,0.24302931535742142,0.23357118573000593,0.23357118573000593,0.23357118573000593,0.23357118573000593,0.24302931535742142
lendingclub,CO,2,599,655,4.333333333333333,0.5,0.18722304362032105,0.19883533673644233,0.19883533673644233,0.19883533673644233,0.19635079750454337,0.19883533673644233
lendingclub,CO,2,599,655,4.333333333333333,1.0,0.21056106081441922,0.2055616896752559,0.2055616896752559,0.2055616896752559,0.2055616896752559,0.21056106081441922
lendingclub,CT,2,571,274,4.111111111111111,1.0,0.2546418893643875,0.26935267189178197,0.26935267189178197,0.26935267189178197,0.26935267189178197,0.26935267189178197
lendingclub,CT,2,571,274,4.111111111111111,0.875,0.24300401260448376,0.23618987875362565,0.23618987875362565,0.23618987875362565,0.23737388206016885,0.24300401260448376
lendingclub,CT,2,571,274,4.111111111111111,0.375,0.2492176881389578,0.2730763139963632,0.2730763139963632,0.2492176881389578,0.2543016256102847,0.2730763139963632
lendingclub,CT,4,571,2718,4.111111111111111,0.25,0.2546418893643875,0.30481409897194905,0.30481409897194905,0.2546418893643875,0.2656074188892695,0.30481409897194905
lendingclub,CT,4,571,2718,4.111111111111111,0.0,0.24300401260448376,0.29477972102255845,0.29477972102255845,0.24300401260448376,0.24300401260448376,0.29477972102255845
lendingclub,CT,4,571,2718,4.111111111111111,1.0,0.2492176881389578,0.24992873030867943,0.24992873030867943,0.24992873030867943,0.24992873030867943,0.24992873030867943
lendingclub,CT,4,571,1515,4.111111111111111,0.25,0.2546418893643875,0.3131238913944252,0.3131238913944252,0.2546418893643875,0.26754161532669674,0.3131238913944252
lendingclub,CT,4,571,1515,4.111111111111111,0.75,0.24300401260448376,0.2742162274576735,0.2742162274576735,0.24300401260448376,0.25655929387898396,0.2742162274576735
lendingclub,CT,4,571,1515,4.111111111111111,0.875,0.2492176881389578,0.2524536206915684,0.2524536206915684,0.2524536206915684,0.24939124399597296,0.2524536206915684
lendingclub,CT,4,571,3715,4.111111111111111,0.25,0.2546418893643875,0.29393166860624803,0.29393166860624803,0.2546418893643875,0.270132729962152,0.29393166860624803
lendingclub,CT,4,571,3715,4.111111111111111,0.0,0.24300401260448376,0.2806634620062659,0.2806634620062659,0.24300401260448376,0.24300401260448376,0.2806634620062659
lendingclub,CT,4,571,3715,4.111111111111111,1.0,0.2492176881389578,0.22204147597103863,0.22204147597103863,0.22204147597103863,0.22204147597103863,0.2492176881389578
lendingclub,CT,4,571,9977,4.111111111111111,0.125,0.2546418893643875,0.2977464409406677,0.2977464409406677,0.2546418893643875,0.25852166034132035,0.2977464409406677
lendingclub,CT,4,571,9977,4.111111111111111,0.0,0.24300401260448376,0.2701260167556839,0.2701260167556839,0.24300401260448376,0.24300401260448376,0.2701260167556839
lendingclub,CT,4,571,9977,4.111111111111111,1.0,0.2492176881389578,0.24066238312028226,0.24066238312028226,0.24066238312028226,0.24066238312028226,0.2492176881389578
lendingclub,CT,4,571,2735,4.111111111111111,0.375,0.2546418893643875,0.30467335704914605,0.30467335704914605,0.30467335704914605,0.2763222847804666,0.30467335704914605
lendingclub,CT,4,571,2735,4.111111111111111,0.0,0.24300401260448376,0.2711333729342071,0.2711333729342071,0.24300401260448376,0.24300401260448376,0.2711333729342071
lendingclub,CT,4,571,2735,4.111111111111111,1.0,0.2492176881389578,0.2825548123426746,0.2825548123426746,0.2825548123426746,0.2825548123426746,0.2825548123426746
lendingclub,CT,3,571,902,4.111111111111111,0.125,0.2546418893643875,0.3043504736619013,0.3043504736619013,0.2546418893643875,0.26030319621012415,0.3043504736619013
lendingclub,CT,3,571,902,4.111111111111111,0.0,0.24300401260448376,0.2853035566517622,0.2853035566517622,0.24300401260448376,0.24300401260448376,0.2853035566517622
lendingclub,CT,3,571,902,4.111111111111111,1.0,0.2492176881389578,0.2517253395790034,0.2517253395790034,0.2517253395790034,0.2517253395790034,0.2517253395790034
lendingclub,CT,4,571,2131,4.111111111111111,0.75,0.2546418893643875,0.2873054486403304,0.2873054486403304,0.2873054486403304,0.27936761541437827,0.2873054486403304
lendingclub,CT,4,571,2131,4.111111111111111,0.0,0.24300401260448376,0.2925340943025171,0.2925340943025171,0.24300401260448376,0.24300401260448376,0.2925340943025171
lendingclub,CT,4,571,2131,4.111111111111111,1.0,0.2492176881389578,0.2768184375277454,0.2768184375277454,0.2768184375277454,0.2768184375277454,0.2768184375277454
lendingclub,CT,3,571,6743,4.111111111111111,0.25,0.2546418893643875,0.29391307856674026,0.29391307856674026,0.2546418893643875,0.2665238226460458,0.29391307856674026
lendingclub,CT,3,571,6743,4.111111111111111,0.0,0.24300401260448376,0.2668276083322584,0.2668276083322584,0.24300401260448376,0.24300401260448376,0.2668276083322584
lendingclub,CT,3,571,6743,4.111111111111111,1.0,0.2492176881389578,0.23577854737489246,0.23577854737489246,0.23577854737489246,0.23577854737489246,0.2492176881389578
lendingclub,CT,3,571,1551,4.111111111111111,0.125,0.2546418893643875,0.2967238323842839,0.2967238323842839,0.2546418893643875,0.2567064918846662,0.2967238323842839
lendingclub,CT,3,571,1551,4.111111111111111,0.0,0.24300401260448376,0.24275757111151125,0.24275757111151125,0.24300401260448376,0.24300401260448376,0.24300401260448376
lendingclub,CT,3,571,1551,4.111111111111111,1.0,0.2492176881389578,0.22379220600088984,0.22379220600088984,0.22379220600088984,0.22379220600088984,0.2492176881389578
lendingclub,CT,2,571,1517,4.111111111111111,0.25,0.2546418893643875,0.29400931235659683,0.29400931235659683,0.2546418893643875,0.270842581723389,0.29400931235659683
lendingclub,CT,2,571,1517,4.111111111111111,0.0,0.24300401260448376,0.28076160111838,0.28076160111838,0.24300401260448376,0.24300401260448376,0.28076160111838
lendingclub,CT,2,571,1517,4.111111111111111,0.375,0.2492176881389578,0.27531606778492296,0.27531606778492296,0.2492176881389578,0.2550581958311888,0.27531606778492296
lendingclub,CT,3,571,781,4.111111111111111,0.25,0.2546418893643875,0.2955473867125267,0.2955473867125267,0.2546418893643875,0.26075799667244415,0.2955473867125267
lendingclub,CT,3,571,781,4.111111111111111,0.0,0.24300401260448376,0.27964150165694296,0.27964150165694296,0.24300401260448376,0.24300401260448376,0.27964150165694296
lendingclub,CT,3,571,781,4.111111111111111,0.0,0.2492176881389578,0.21501657499294127,0.21501657499294127,0.2492176881389578,0.2492176881389578,0.2492176881389578
lendingclub,DC,4,156,3012,0.6666666666666666,1.0,0.3922826086956522,0.22335526315789472,0.22335526315789472,0.22335526315789472,0.22335526315789472,0.3922826086956522
lendingclub,DC,4,156,3012,0.6666666666666666,0.875,0.0762463837994214,0.07669158763905343,0.07669158763905343,0.07669158763905343,0.0745347397978977,0.07669158763905343
lendingclub,DC,4,156,3012,0.6666666666666666,0.25,0.2707863149998026,0.19560492139439506,0.19560492139439506,0.2707863149998026,0.2795533219593007,0.2707863149998026
lendingclub,DC,2,156,4755,0.6666666666666666,1.0,0.3922826086956522,0.15588769414575865,0.15588769414575865,0.15588769414575865,0.15588769414575865,0.3922826086956522
lendingclub,DC,2,156,4755,0.6666666666666666,0.875,0.0762463837994214,0.07917562348103174,0.07917562348103174,0.07917562348103174,0.07595092524659655,0.07917562348103174
lendingclub,DC,2,156,4755,0.6666666666666666,0.5,0.2707863149998026,0.21478354978354977,0.21478354978354977,0.2707863149998026,0.28574074074074074,0.2707863149998026
lendingclub,DC,4,156,5710,0.6666666666666666,1.0,0.3922826086956522,0.22447293447293448,0.22447293447293448,0.22447293447293448,0.22447293447293448,0.3922826086956522
lendingclub,DC,4,156,5710,0.6666666666666666,0.75,0.0762463837994214,0.07948918011140382,0.07948918011140382,0.07948918011140382,0.07511033681765389,0.07948918011140382
lendingclub,DC,4,156,5710,0.6666666666666666,0.125,0.2707863149998026,0.21777777777777776,0.21777777777777776,0.2707863149998026,0.2753868553609379,0.2707863149998026
lendingclub,DC,2,156,1790,0.6666666666666666,1.0,0.3922826086956522,0.21844430079724197,0.21844430079724197,0.21844430079724197,0.21844430079724197,0.3922826086956522
lendingclub,DC,2,156,1790,0.6666666666666666,0.875,0.0762463837994214,0.06640876927519367,0.06640876927519367,0.06640876927519367,0.06765239288723833,0.0762463837994214
lendingclub,DC,2,156,1790,0.6666666666666666,0.25,0.2707863149998026,0.3895238095238095,0.3895238095238095,0.3895238095238095,0.2747599028223281,0.3895238095238095
lendingclub,DC,1,156,765,0.6666666666666666,1.0,0.3922826086956522,0.23419437340153454,0.23419437340153454,0.23419437340153454,0.23419437340153454,0.3922826086956522
lendingclub,DC,1,156,765,0.6666666666666666,0.875,0.0762463837994214,0.07926409409168031,0.07926409409168031,0.07926409409168031,0.0800379450719335,0.07926409409168031
lendingclub,DC,1,156,765,0.6666666666666666,0.125,0.2707863149998026,0.21800751879699246,0.21800751879699246,0.2707863149998026,0.2749601128289322,0.2707863149998026
lendingclub,DC,4,156,1878,0.6666666666666666,1.0,0.3922826086956522,0.23346560846560846,0.23346560846560846,0.23346560846560846,0.23346560846560846,0.3922826086956522
lendingclub,DC,4,156,1878,0.6666666666666666,0.75,0.0762463837994214,0.08522966022406113,0.08522966022406113,0.08522966022406113,0.07909879015390435,0.08522966022406113
lendingclub,DC,4,156,1878,0.6666666666666666,0.125,0.2707863149998026,0.20174749163879596,0.20174749163879596,0.2707863149998026,0.2749222792866057,0.2707863149998026
lendingclub,DC,3,156,810,0.6666666666666666,1.0,0.3922826086956522,0.3232456140350877,0.3232456140350877,0.3232456140350877,0.3232456140350877,0.3922826086956522
lendingclub,DC,3,156,810,0.6666666666666666,0.875,0.0762463837994214,0.12410674121200437,0.12410674121200437,0.12410674121200437,0.10415204678362573,0.12410674121200437
lendingclub,DC,3,156,810,0.6666666666666666,0.25,0.2707863149998026,0.21694749694749696,0.21694749694749696,0.21694749694749696,0.286984126984127,0.2707863149998026
lendingclub,DC,3,156,480,0.6666666666666666,1.0,0.3922826086956522,0.29662586289272946,0.29662586289272946,0.29662586289272946,0.29662586289272946,0.3922826086956522
lendingclub,DC,3,156,480,0.6666666666666666,0.75,0.0762463837994214,0.06799353779331532,0.06799353779331532,0.06799353779331532,0.06906973315642045,0.0762463837994214
lendingclub,DC,3,156,480,0.6666666666666666,0.125,0.2707863149998026,0.1184920634920635,0.1184920634920635,0.1184920634920635,0.27074809740344546,0.2707863149998026
lendingclub,DC,1,156,205,0.6666666666666666,1.0,0.3922826086956522,0.36868628329074576,0.36868628329074576,0.36868628329074576,0.36868628329074576,0.3922826086956522
lendingclub,DC,1,156,205,0.6666666666666666,0.375,0.0762463837994214,0.06828999434708874,0.06828999434708874,0.0762463837994214,0.07466267339218158,0.0762463837994214
lendingclub,DC,1,156,205,0.6666666666666666,0.625,0.2707863149998026,0.2591690913499424,0.2591690913499424,0.2707863149998026,0.26386946386946386,0.2707863149998026
lendingclub,DC,1,156,468,0.6666666666666666,1.0,0.3922826086956522,0.24578898225957047,0.24578898225957047,0.24578898225957047,0.24578898225957047,0.3922826086956522
lendingclub,DC,1,156,468,0.6666666666666666,1.0,0.0762463837994214,0.08761588411588411,0.08761588411588411,0.08761588411588411,0.08761588411588411,0.08761588411588411
lendingclub,DC,1,156,468,0.6666666666666666,0.75,0.2707863149998026,0.2563492063492063,0.2563492063492063,0.2707863149998026,0.3202147525676938,0.2707863149998026
lendingclub,DC,1,156,67,0.6666666666666666,0.75,0.3922826086956522,0.28179539758487127,0.28179539758487127,0.28179539758487127,0.41512873091820457,0.3922826086956522
lendingclub,DC,1,156,67,0.6666666666666666,0.875,0.0762463837994214,0.07636067013695273,0.07636067013695273,0.07636067013695273,0.07643624803351544,0.07636067013695273
lendingclub,DC,1,156,67,0.6666666666666666,0.125,0.2707863149998026,0.28204481911378465,0.28204481911378465,0.28204481911378465,0.2707863149998026,0.28204481911378465
lendingclub,DC,1,156,1487,0.6666666666666666,1.0,0.3922826086956522,0.2451215451215451,0.2451215451215451,0.2451215451215451,0.2451215451215451,0.3922826086956522
lendingclub,DC,1,156,1487,0.6666666666666666,0.75,0.0762463837994214,0.06394975955940319,0.06394975955940319,0.06394975955940319,0.0676396689639491,0.0762463837994214
lendingclub,DC,1,156,1487,0.6666666666666666,0.375,0.2707863149998026,0.21015817085584526,0.21015817085584526,0.2707863149998026,0.2811553473848556,0.2707863149998026
lendingclub,DE,4,95,2400,0.6111111111111112,1.0,0.10920505871725383,0.18924924924924924,0.18924924924924924,0.18924924924924924,0.18924924924924924,0.18924924924924924
lendingclub,DE,4,95,2400,0.6111111111111112,0.875,0.22938107869142352,0.2135732323232323,0.2135732323232323,0.2135732323232323,0.22868589743589743,0.22938107869142352
lendingclub,DE,4,95,2400,0.6111111111111112,0.0,0.10901728352947865,0.2747826086956522,0.2747826086956522,0.10901728352947865,0.10901728352947865,0.2747826086956522
lendingclub,DE,4,95,2188,0.6111111111111112,0.625,0.10920505871725383,0.13985132916167398,0.13985132916167398,0.10920505871725383,0.11643578643578645,0.13985132916167398
lendingclub,DE,4,95,2188,0.6111111111111112,1.0,0.22938107869142352,0.1853966033966034,0.1853966033966034,0.1853966033966034,0.1853966033966034,0.22938107869142352
lendingclub,DE,4,95,2188,0.6111111111111112,0.0,0.10901728352947865,0.19834920634920633,0.19834920634920633,0.10901728352947865,0.10901728352947865,0.19834920634920633
lendingclub,DE,3,95,570,0.6111111111111112,0.0,0.10920505871725383,0.11498975934459807,0.11498975934459807,0.10920505871725383,0.10920505871725383,0.11498975934459807
lendingclub,DE,3,95,570,0.6111111111111112,1.0,0.22938107869142352,0.15976512226512227,0.15976512226512227,0.15976512226512227,0.15976512226512227,0.22938107869142352
lendingclub,DE,3,95,570,0.6111111111111112,0.0,0.10901728352947865,0.1223527192427622,0.1223527192427622,0.10901728352947865,0.10901728352947865,0.1223527192427622
lendingclub,DE,3,95,763,0.6111111111111112,0.875,0.10920505871725383,0.15998975934459808,0.15998975934459808,0.15998975934459808,0.15326118326118326,0.15998975934459808
lendingclub,DE,3,95,763,0.6111111111111112,1.0,0.22938107869142352,0.21627591706539076,0.21627591706539076,0.21627591706539076,0.21627591706539076,0.22938107869142352
lendingclub,DE,3,95,763,0.6111111111111112,0.0,0.10901728352947865,0.13590909090909092,0.13590909090909092,0.10901728352947865,0.10901728352947865,0.13590909090909092
lendingclub,DE,2,95,929,0.6111111111111112,0.5,0.10920505871725383,0.14776580197296307,0.14776580197296307,0.10920505871725383,0.11944444444444444,0.14776580197296307
lendingclub,DE,2,95,929,0.6111111111111112,1.0,0.22938107869142352,0.16803030303030303,0.16803030303030303,0.16803030303030303,0.16803030303030303,0.22938107869142352
lendingclub,DE,2,95,929,0.6111111111111112,0.0,0.10901728352947865,0.17800696035990154,0.17800696035990154,0.10901728352947865,0.10901728352947865,0.17800696035990154
lendingclub,DE,1,95,1125,0.6111111111111112,0.875,0.10920505871725383,0.18661246612466123,0.18661246612466123,0.18661246612466123,0.15865079365079365,0.18661246612466123
lendingclub,DE,1,95,1125,0.6111111111111112,1.0,0.22938107869142352,0.2116384063964709,0.2116384063964709,0.2116384063964709,0.2116384063964709,0.22938107869142352
lendingclub,DE,1,95,1125,0.6111111111111112,0.0,0.10901728352947865,0.20313923549217666,0.20313923549217666,0.10901728352947865,0.10901728352947865,0.20313923549217666
lendingclub,DE,1,95,796,0.6111111111111112,0.0,0.10920505871725383,0.18793741109530582,0.18793741109530582,0.10920505871725383,0.10920505871725383,0.18793741109530582
lendingclub,DE,1,95,796,0.6111111111111112,1.0,0.22938107869142352,0.16116463826910074,0.16116463826910074,0.16116463826910074,0.16116463826910074,0.22938107869142352
lendingclub,DE,1,95,796,0.6111111111111112,0.0,0.10901728352947865,0.16689584924879042,0.16689584924879042,0.10901728352947865,0.10901728352947865,0.16689584924879042
lendingclub,DE,4,95,1436,0.6111111111111112,0.0,0.10920505871725383,0.15918388977212505,0.15918388977212505,0.10920505871725383,0.10920505871725383,0.15918388977212505
lendingclub,DE,4,95,1436,0.6111111111111112,1.0,0.22938107869142352,0.17569444444444443,0.17569444444444443,0.17569444444444443,0.17569444444444443,0.22938107869142352
lendingclub,DE,4,95,1436,0.6111111111111112,0.25,0.10901728352947865,0.1967169389750035,0.1967169389750035,0.10901728352947865,0.11758799986316833,0.1967169389750035
lendingclub,DE,3,95,3767,0.6111111111111112,0.875,0.10920505871725383,0.15986180486180485,0.15986180486180485,0.15986180486180485,0.14882478632478632,0.15986180486180485
lendingclub,DE,3,95,3767,0.6111111111111112,1.0,0.22938107869142352,0.20362637362637365,0.20362637362637365,0.20362637362637365,0.20362637362637365,0.22938107869142352
lendingclub,DE,3,95,3767,0.6111111111111112,0.0,0.10901728352947865,0.17408380018674136,0.17408380018674136,0.10901728352947865,0.10901728352947865,0.17408380018674136
lendingclub,DE,1,95,96,0.6111111111111112,1.0,0.10920505871725383,0.11898106251047427,0.11898106251047427,0.11898106251047427,0.11898106251047427,0.11898106251047427
lendingclub,DE,1,95,96,0.6111111111111112,1.0,0.22938107869142352,0.2491830065359477,0.2491830065359477,0.2491830065359477,0.2491830065359477,0.2491830065359477
lendingclub,DE,1,95,96,0.6111111111111112,0.0,0.10901728352947865,0.1580807200929152,0.1580807200929152,0.10901728352947865,0.10901728352947865,0.1580807200929152
lendingclub,DE,2,95,393,0.6111111111111112,0.125,0.10920505871725383,0.12548588666235724,0.12548588666235724,0.10920505871725383,0.11807841594544977,0.12548588666235724
lendingclub,DE,2,95,393,0.6111111111111112,1.0,0.22938107869142352,0.14789473684210525,0.14789473684210525,0.14789473684210525,0.14789473684210525,0.22938107869142352
lendingclub,DE,2,95,393,0.6111111111111112,0.0,0.10901728352947865,0.11785773366418528,0.11785773366418528,0.10901728352947865,0.10901728352947865,0.11785773366418528
lendingclub,DE,1,95,1487,0.6111111111111112,1.0,0.10920505871725383,0.18388977212506621,0.18388977212506621,0.18388977212506621,0.18388977212506621,0.18388977212506621
lendingclub,DE,1,95,1487,0.6111111111111112,1.0,0.22938107869142352,0.22683982683982684,0.22683982683982684,0.22683982683982684,0.22683982683982684,0.22938107869142352
lendingclub,DE,1,95,1487,0.6111111111111112,0.0,0.10901728352947865,0.1696190476190476,0.1696190476190476,0.10901728352947865,0.10901728352947865,0.1696190476190476
lendingclub,FL,2,2172,851,22.61111111111111,0.875,0.31173736458362766,0.32866875641744625,0.31173736458362766,0.32866875641744625,0.32708129213809545,0.32866875641744625
lendingclub,FL,2,2172,851,22.61111111111111,1.0,0.32168151035013903,0.319312005167103,0.32168151035013903,0.319312005167103,0.319312005167103,0.32168151035013903
lendingclub,FL,2,2172,851,22.61111111111111,0.75,0.29958160053400146,0.31771193077319215,0.29958160053400146,0.31771193077319215,0.3122100295315635,0.31771193077319215
lendingclub,FL,1,2172,857,22.61111111111111,1.0,0.31173736458362766,0.32251236548910456,0.31173736458362766,0.32251236548910456,0.32251236548910456,0.32251236548910456
lendingclub,FL,1,2172,857,22.61111111111111,1.0,0.32168151035013903,0.32608599632559576,0.32168151035013903,0.32608599632559576,0.32608599632559576,0.32608599632559576
lendingclub,FL,1,2172,857,22.61111111111111,0.875,0.29958160053400146,0.29841619366689687,0.29958160053400146,0.29841619366689687,0.30154232615630816,0.29958160053400146
lendingclub,FL,3,2172,2476,22.61111111111111,1.0,0.31173736458362766,0.3234370875347836,0.31173736458362766,0.3234370875347836,0.3234370875347836,0.3234370875347836
lendingclub,FL,3,2172,2476,22.61111111111111,0.75,0.32168151035013903,0.3250159140575878,0.32168151035013903,0.3250159140575878,0.3243566075850758,0.3250159140575878
lendingclub,FL,3,2172,2476,22.61111111111111,0.625,0.29958160053400146,0.3045461524317328,0.29958160053400146,0.3045461524317328,0.30431726607865384,0.3045461524317328
lendingclub,FL,4,2172,2601,22.61111111111111,1.0,0.31173736458362766,0.301270829412158,0.31173736458362766,0.301270829412158,0.301270829412158,0.31173736458362766
lendingclub,FL,4,2172,2601,22.61111111111111,0.375,0.32168151035013903,0.32037997653771455,0.32168151035013903,0.32168151035013903,0.3253760297789429,0.32168151035013903
lendingclub,FL,4,2172,2601,22.61111111111111,0.5,0.29958160053400146,0.2904920716747729,0.29958160053400146,0.2904920716747729,0.30013015623661266,0.29958160053400146
lendingclub,FL,2,2172,615,22.61111111111111,0.125,0.31173736458362766,0.3245323471397008,0.31173736458362766,0.31173736458362766,0.3149201031779991,0.3245323471397008
lendingclub,FL,2,2172,615,22.61111111111111,0.75,0.32168151035013903,0.3156562332141879,0.32168151035013903,0.3156562332141879,0.316969824626514,0.32168151035013903
lendingclub,FL,2,2172,615,22.61111111111111,0.375,0.29958160053400146,0.2930395966029019,0.29958160053400146,0.29958160053400146,0.2989430836627106,0.29958160053400146
lendingclub,FL,2,2172,2013,22.61111111111111,0.0,0.31173736458362766,0.33025591342190513,0.31173736458362766,0.31173736458362766,0.31173736458362766,0.33025591342190513
lendingclub,FL,2,2172,2013,22.61111111111111,0.875,0.32168151035013903,0.32300936792682605,0.32168151035013903,0.32300936792682605,0.3235296512400055,0.32300936792682605
lendingclub,FL,2,2172,2013,22.61111111111111,0.5,0.29958160053400146,0.3053323636573253,0.29958160053400146,0.3053323636573253,0.3030010972017847,0.3053323636573253
lendingclub,FL,1,2172,796,22.61111111111111,0.0,0.31173736458362766,0.3135125688684998,0.31173736458362766,0.31173736458362766,0.31173736458362766,0.3135125688684998
lendingclub,FL,1,2172,796,22.61111111111111,0.25,0.32168151035013903,0.32369187107373376,0.32168151035013903,0.32168151035013903,0.32167434279749013,0.32369187107373376
lendingclub,FL,1,2172,796,22.61111111111111,0.0,0.29958160053400146,0.2929035620343553,0.29958160053400146,0.29958160053400146,0.29958160053400146,0.29958160053400146
lendingclub,FL,2,2172,926,22.61111111111111,0.0,0.31173736458362766,0.3342687616843369,0.31173736458362766,0.31173736458362766,0.31173736458362766,0.3342687616843369
lendingclub,FL,2,2172,926,22.61111111111111,1.0,0.32168151035013903,0.3136454478659308,0.32168151035013903,0.3136454478659308,0.3136454478659308,0.32168151035013903
lendingclub,FL,2,2172,926,22.61111111111111,0.125,0.29958160053400146,0.3173882560793798,0.29958160053400146,0.29958160053400146,0.30064788123509695,0.3173882560793798
lendingclub,FL,2,2172,1516,22.61111111111111,0.125,0.31173736458362766,0.30718496251150856,0.31173736458362766,0.31173736458362766,0.3128353443728996,0.31173736458362766
lendingclub,FL,2,2172,1516,22.61111111111111,0.625,0.32168151035013903,0.32025661169988867,0.32168151035013903,0.32025661169988867,0.32060943199196235,0.32168151035013903
lendingclub,FL,2,2172,1516,22.61111111111111,0.5,0.29958160053400146,0.29041194139894566,0.29958160053400146,0.29958160053400146,0.29802630430911276,0.29958160053400146
lendingclub,FL,1,2172,468,22.61111111111111,0.5,0.31173736458362766,0.3058528855382928,0.31173736458362766,0.3058528855382928,0.30834732984180624,0.31173736458362766
lendingclub,FL,1,2172,468,22.61111111111111,1.0,0.32168151035013903,0.32529981933925434,0.32168151035013903,0.32529981933925434,0.32529981933925434,0.32529981933925434
lendingclub,FL,1,2172,468,22.61111111111111,1.0,0.29958160053400146,0.29573220338156275,0.29958160053400146,0.29573220338156275,0.29573220338156275,0.29958160053400146
lendingclub,FL,1,2172,278,22.61111111111111,0.125,0.31173736458362766,0.30982478217413517,0.31173736458362766,0.30982478217413517,0.3111522323525935,0.31173736458362766
lendingclub,FL,1,2172,278,22.61111111111111,0.25,0.32168151035013903,0.33245524709529617,0.32168151035013903,0.33245524709529617,0.32295748714574746,0.33245524709529617
lendingclub,FL,1,2172,278,22.61111111111111,0.75,0.29958160053400146,0.30322733971520444,0.29958160053400146,0.29958160053400146,0.30285531785449005,0.30322733971520444
lendingclub,FL,1,2172,87,22.61111111111111,0.0,0.31173736458362766,0.3190831317892631,0.31173736458362766,0.31173736458362766,0.31173736458362766,0.3190831317892631
lendingclub,FL,1,2172,87,22.61111111111111,0.875,0.32168151035013903,0.3220048447984871,0.32168151035013903,0.3220048447984871,0.321936615204916,0.3220048447984871
lendingclub,FL,1,2172,87,22.61111111111111,0.5,0.29958160053400146,0.3021985418171245,0.29958160053400146,0.29958160053400146,0.3002732571199047,0.3021985418171245
lendingclub,GA,3,1052,2568,9.722222222222221,0.375,0.24894711718354726,0.25288462050344834,0.25288462050344834,0.24894711718354726,0.2544924269261024,0.25288462050344834
lendingclub,GA,3,1052,2568,9.722222222222221,0.875,0.250781270442595,0.2541358874516797,0.2541358874516797,0.2541358874516797,0.2523431706272092,0.2541358874516797
lendingclub,GA,3,1052,2568,9.722222222222221,0.75,0.2721438040240663,0.2782154466427822,0.2782154466427822,0.2782154466427822,0.2756970010384474,0.2782154466427822
lendingclub,GA,3,1052,2099,9.722222222222221,0.5,0.24894711718354726,0.27112048709635195,0.27112048709635195,0.27112048709635195,0.257276910265365,0.27112048709635195
lendingclub,GA,3,1052,2099,9.722222222222221,0.75,0.250781270442595,0.2719945932858171,0.2719945932858171,0.2719945932858171,0.26434862828508343,0.2719945932858171
lendingclub,GA,3,1052,2099,9.722222222222221,0.375,0.2721438040240663,0.2766730003002473,0.2766730003002473,0.2721438040240663,0.2776088819082903,0.2766730003002473
lendingclub,GA,3,1052,10532,9.722222222222221,1.0,0.24894711718354726,0.2753202070386124,0.2753202070386124,0.2753202070386124,0.2753202070386124,0.2753202070386124
lendingclub,GA,3,1052,10532,9.722222222222221,1.0,0.250781270442595,0.27766731992722404,0.27766731992722404,0.27766731992722404,0.27766731992722404,0.27766731992722404
lendingclub,GA,3,1052,10532,9.722222222222221,0.125,0.2721438040240663,0.2717492327354446,0.2717492327354446,0.2721438040240663,0.2735907084023136,0.2721438040240663
lendingclub,GA,4,1052,1834,9.722222222222221,0.75,0.24894711718354726,0.2939159480814166,0.2939159480814166,0.2939159480814166,0.28114447112421687,0.2939159480814166
lendingclub,GA,4,1052,1834,9.722222222222221,0.0,0.250781270442595,0.2796060558557324,0.2796060558557324,0.250781270442595,0.250781270442595,0.2796060558557324
lendingclub,GA,4,1052,1834,9.722222222222221,0.5,0.2721438040240663,0.27865839660000546,0.27865839660000546,0.2721438040240663,0.27528097547954755,0.27865839660000546
lendingclub,GA,1,1052,1672,9.722222222222221,0.875,0.24894711718354726,0.2899646698911666,0.2899646698911666,0.2899646698911666,0.28936413961969054,0.2899646698911666
lendingclub,GA,1,1052,1672,9.722222222222221,0.125,0.250781270442595,0.2869200663908584,0.2869200663908584,0.250781270442595,0.2558226754577849,0.2869200663908584
lendingclub,GA,1,1052,1672,9.722222222222221,0.5,0.2721438040240663,0.270454104461754,0.270454104461754,0.2721438040240663,0.2732686231623377,0.2721438040240663
lendingclub,GA,3,1052,1628,9.722222222222221,0.125,0.24894711718354726,0.2899991062241213,0.2899991062241213,0.24894711718354726,0.2564493527044099,0.2899991062241213
lendingclub,GA,3,1052,1628,9.722222222222221,0.0,0.250781270442595,0.2625688643723559,0.2625688643723559,0.250781270442595,0.250781270442595,0.2625688643723559
lendingclub,GA,3,1052,1628,9.722222222222221,0.25,0.2721438040240663,0.27081076354606026,0.27081076354606026,0.2721438040240663,0.2743920299615672,0.2721438040240663
lendingclub,GA,2,1052,1186,9.722222222222221,0.25,0.24894711718354726,0.279111560916027,0.279111560916027,0.24894711718354726,0.2589207624847506,0.279111560916027
lendingclub,GA,2,1052,1186,9.722222222222221,1.0,0.250781270442595,0.26769919179166524,0.26769919179166524,0.26769919179166524,0.26769919179166524,0.26769919179166524
lendingclub,GA,2,1052,1186,9.722222222222221,0.625,0.2721438040240663,0.27126587929548823,0.27126587929548823,0.27126587929548823,0.2732116031287244,0.2721438040240663
lendingclub,GA,2,1052,528,9.722222222222221,0.875,0.24894711718354726,0.26758762566463523,0.26758762566463523,0.26758762566463523,0.26621348320371474,0.26758762566463523
lendingclub,GA,2,1052,528,9.722222222222221,0.875,0.250781270442595,0.25756081089917526,0.25756081089917526,0.250781270442595,0.25221398701013165,0.25756081089917526
lendingclub,GA,2,1052,528,9.722222222222221,0.125,0.2721438040240663,0.2801410518116659,0.2801410518116659,0.2721438040240663,0.2745520679731114,0.2801410518116659
lendingclub,GA,2,1052,2776,9.722222222222221,0.75,0.24894711718354726,0.28851009348836265,0.28851009348836265,0.24894711718354726,0.2765625443215103,0.28851009348836265
lendingclub,GA,2,1052,2776,9.722222222222221,1.0,0.250781270442595,0.2612362693155196,0.2612362693155196,0.2612362693155196,0.2612362693155196,0.2612362693155196
lendingclub,GA,2,1052,2776,9.722222222222221,0.125,0.2721438040240663,0.27679436087421094,0.27679436087421094,0.2721438040240663,0.27305172496757374,0.27679436087421094
lendingclub,GA,4,1052,1677,9.722222222222221,0.125,0.24894711718354726,0.2856880680008049,0.2856880680008049,0.24894711718354726,0.2535097239801037,0.2856880680008049
lendingclub,GA,4,1052,1677,9.722222222222221,0.5,0.250781270442595,0.2860438587226625,0.2860438587226625,0.250781270442595,0.26637627947337844,0.2860438587226625
lendingclub,GA,4,1052,1677,9.722222222222221,0.625,0.2721438040240663,0.2654257443779017,0.2654257443779017,0.2721438040240663,0.2707702336602867,0.2721438040240663
lendingclub,GA,2,1052,897,9.722222222222221,0.125,0.24894711718354726,0.23564136271228964,0.23564136271228964,0.24894711718354726,0.24779580813233393,0.24894711718354726
lendingclub,GA,2,1052,897,9.722222222222221,0.75,0.250781270442595,0.23821626363673445,0.23821626363673445,0.23821626363673445,0.2415711955124747,0.250781270442595
lendingclub,GA,2,1052,897,9.722222222222221,0.375,0.2721438040240663,0.2666966290715288,0.2666966290715288,0.2721438040240663,0.27506632460889197,0.2721438040240663
lendingclub,GA,2,1052,272,9.722222222222221,0.0,0.24894711718354726,0.2806605611245613,0.2806605611245613,0.24894711718354726,0.24894711718354726,0.2806605611245613
lendingclub,GA,2,1052,272,9.722222222222221,0.5,0.250781270442595,0.2581653846945894,0.2581653846945894,0.250781270442595,0.2549423601796814,0.2581653846945894
lendingclub,GA,2,1052,272,9.722222222222221,1.0,0.2721438040240663,0.27158158507206387,0.27158158507206387,0.27158158507206387,0.27158158507206387,0.2721438040240663
lendingclub,HI,3,126,1436,1.1666666666666667,0.75,0.21930609073466217,0.1880921313524145,0.1880921313524145,0.1880921313524145,0.20831868057978548,0.21930609073466217
lendingclub,HI,3,126,1436,1.1666666666666667,1.0,0.27854302875615744,0.30407534523505,0.30407534523505,0.30407534523505,0.30407534523505,0.30407534523505
lendingclub,HI,3,126,1436,1.1666666666666667,1.0,0.37698569917089486,0.42743182743182745,0.42743182743182745,0.42743182743182745,0.42743182743182745,0.42743182743182745
lendingclub,HI,3,126,1400,1.1666666666666667,0.0,0.21930609073466217,0.30771684192736826,0.30771684192736826,0.21930609073466217,0.21930609073466217,0.30771684192736826
lendingclub,HI,3,126,1400,1.1666666666666667,1.0,0.27854302875615744,0.36115376364005597,0.36115376364005597,0.36115376364005597,0.36115376364005597,0.36115376364005597
lendingclub,HI,3,126,1400,1.1666666666666667,1.0,0.37698569917089486,0.35680363295477,0.35680363295477,0.35680363295477,0.35680363295477,0.37698569917089486
lendingclub,HI,3,126,728,1.1666666666666667,0.5,0.21930609073466217,0.18907376842159454,0.18907376842159454,0.21930609073466217,0.2119594721933903,0.21930609073466217
lendingclub,HI,3,126,728,1.1666666666666667,1.0,0.27854302875615744,0.4100625231479541,0.4100625231479541,0.4100625231479541,0.4100625231479541,0.4100625231479541
lendingclub,HI,3,126,728,1.1666666666666667,0.875,0.37698569917089486,0.32953498363644,0.32953498363644,0.32953498363644,0.35082313146829275,0.37698569917089486
lendingclub,HI,3,126,2613,1.1666666666666667,0.875,0.21930609073466217,0.2518338685005352,0.2518338685005352,0.21930609073466217,0.2492688811529391,0.2518338685005352
lendingclub,HI,3,126,2613,1.1666666666666667,0.875,0.27854302875615744,0.41261192511192507,0.41261192511192507,0.41261192511192507,0.39535300005888235,0.41261192511192507
lendingclub,HI,3,126,2613,1.1666666666666667,1.0,0.37698569917089486,0.33239222337452834,0.33239222337452834,0.33239222337452834,0.33239222337452834,0.37698569917089486
lendingclub,HI,1,126,359,1.1666666666666667,1.0,0.21930609073466217,0.24335535802190128,0.24335535802190128,0.24335535802190128,0.24335535802190128,0.24335535802190128
lendingclub,HI,1,126,359,1.1666666666666667,0.875,0.27854302875615744,0.46919191919191916,0.46919191919191916,0.46919191919191916,0.49155035233466604,0.46919191919191916
lendingclub,HI,1,126,359,1.1666666666666667,1.0,0.37698569917089486,0.3360483384386893,0.3360483384386893,0.3360483384386893,0.3360483384386893,0.37698569917089486
lendingclub,HI,3,126,1402,1.1666666666666667,0.0,0.21930609073466217,0.2677933184215017,0.2677933184215017,0.21930609073466217,0.21930609073466217,0.2677933184215017
lendingclub,HI,3,126,1402,1.1666666666666667,1.0,0.27854302875615744,0.40653770246954285,0.40653770246954285,0.40653770246954285,0.40653770246954285,0.40653770246954285
lendingclub,HI,3,126,1402,1.1666666666666667,1.0,0.37698569917089486,0.34527879527879524,0.34527879527879524,0.34527879527879524,0.34527879527879524,0.37698569917089486
lendingclub,HI,3,126,2052,1.1666666666666667,0.0,0.21930609073466217,0.3154271740185053,0.3154271740185053,0.21930609073466217,0.21930609073466217,0.3154271740185053
lendingclub,HI,3,126,2052,1.1666666666666667,1.0,0.27854302875615744,0.41015952629427804,0.41015952629427804,0.41015952629427804,0.41015952629427804,0.41015952629427804
lendingclub,HI,3,126,2052,1.1666666666666667,1.0,0.37698569917089486,0.4038677372010705,0.4038677372010705,0.4038677372010705,0.4038677372010705,0.4038677372010705
lendingclub,HI,2,126,2084,1.1666666666666667,0.0,0.21930609073466217,0.28743353596294774,0.28743353596294774,0.21930609073466217,0.21930609073466217,0.28743353596294774
lendingclub,HI,2,126,2084,1.1666666666666667,0.75,0.27854302875615744,0.41485394765193523,0.41485394765193523,0.41485394765193523,0.48617116362214396,0.41485394765193523
lendingclub,HI,2,126,2084,1.1666666666666667,1.0,0.37698569917089486,0.33511083358989413,0.33511083358989413,0.33511083358989413,0.33511083358989413,0.37698569917089486
lendingclub,HI,1,126,1988,1.1666666666666667,0.0,0.21930609073466217,0.286971864689256,0.286971864689256,0.21930609073466217,0.21930609073466217,0.286971864689256
lendingclub,HI,1,126,1988,1.1666666666666667,0.875,0.27854302875615744,0.4127130080640517,0.4127130080640517,0.4127130080640517,0.47275155339671465,0.4127130080640517
lendingclub,HI,1,126,1988,1.1666666666666667,1.0,0.37698569917089486,0.35951245599833537,0.35951245599833537,0.35951245599833537,0.35951245599833537,0.37698569917089486
lendingclub,HI,1,126,205,1.1666666666666667,0.625,0.21930609073466217,0.22789723094833697,0.22789723094833697,0.22789723094833697,0.21498088519048625,0.22789723094833697
lendingclub,HI,1,126,205,1.1666666666666667,0.5,0.27854302875615744,0.1935506507559617,0.1935506507559617,0.27854302875615744,0.2875999677132141,0.27854302875615744
lendingclub,HI,1,126,205,1.1666666666666667,0.75,0.37698569917089486,0.3377379463885623,0.3377379463885623,0.3377379463885623,0.35831017232619067,0.37698569917089486
lendingclub,HI,1,126,468,1.1666666666666667,1.0,0.21930609073466217,0.2838191811060028,0.2838191811060028,0.2838191811060028,0.2838191811060028,0.2838191811060028
lendingclub,HI,1,126,468,1.1666666666666667,1.0,0.27854302875615744,0.3955876436086107,0.3955876436086107,0.3955876436086107,0.3955876436086107,0.3955876436086107
lendingclub,HI,1,126,468,1.1666666666666667,0.75,0.37698569917089486,0.3737253284921208,0.3737253284921208,0.3737253284921208,0.39478306144972813,0.37698569917089486
lendingclub,HI,2,126,655,1.1666666666666667,1.0,0.21930609073466217,0.2697069676093322,0.2697069676093322,0.2697069676093322,0.2697069676093322,0.2697069676093322
lendingclub,HI,2,126,655,1.1666666666666667,0.75,0.27854302875615744,0.45864055445044366,0.45864055445044366,0.27854302875615744,0.40749521784004544,0.45864055445044366
lendingclub,HI,2,126,655,1.1666666666666667,0.875,0.37698569917089486,0.31203120136943663,0.31203120136943663,0.31203120136943663,0.33865616510965346,0.37698569917089486
lendingclub,IL,3,1170,515,9.11111111111111,0.125,0.2542553201890138,0.25704268490736615,0.25704268490736615,0.2542553201890138,0.2550551777444686,0.25704268490736615
lendingclub,IL,3,1170,515,9.11111111111111,0.625,0.2937205517660656,0.308954127679816,0.308954127679816,0.2937205517660656,0.3093222435041947,0.308954127679816
lendingclub,IL,3,1170,515,9.11111111111111,1.0,0.33633476643906146,0.33051116875971154,0.33051116875971154,0.33051116875971154,0.33051116875971154,0.33633476643906146
lendingclub,IL,1,1170,933,9.11111111111111,0.125,0.2542553201890138,0.2499527808579392,0.2499527808579392,0.2542553201890138,0.25433967349542075,0.2542553201890138
lendingclub,IL,1,1170,933,9.11111111111111,0.5,0.2937205517660656,0.29299429728351933,0.29299429728351933,0.29299429728351933,0.30045650215968733,0.2937205517660656
lendingclub,IL,1,1170,933,9.11111111111111,1.0,0.33633476643906146,0.30947070398909315,0.30947070398909315,0.30947070398909315,0.30947070398909315,0.33633476643906146
lendingclub,IL,2,1170,1231,9.11111111111111,0.0,0.2542553201890138,0.27414266474372195,0.27414266474372195,0.2542553201890138,0.2542553201890138,0.27414266474372195
lendingclub,IL,2,1170,1231,9.11111111111111,0.75,0.2937205517660656,0.2896760386199206,0.2896760386199206,0.2896760386199206,0.29768856843489816,0.2937205517660656
lendingclub,IL,2,1170,1231,9.11111111111111,0.5,0.33633476643906146,0.31440980330558466,0.31440980330558466,0.31440980330558466,0.326226637545106,0.33633476643906146
lendingclub,IL,3,1170,8132,9.11111111111111,0.75,0.2542553201890138,0.25970485520204856,0.25970485520204856,0.25970485520204856,0.2606200201904563,0.25970485520204856
lendingclub,IL,3,1170,8132,9.11111111111111,0.875,0.2937205517660656,0.28598740685485724,0.28598740685485724,0.28598740685485724,0.290404270125414,0.2937205517660656
lendingclub,IL,3,1170,8132,9.11111111111111,1.0,0.33633476643906146,0.3212547031201642,0.3212547031201642,0.3212547031201642,0.3212547031201642,0.33633476643906146
lendingclub,IL,4,1170,2195,9.11111111111111,0.0,0.2542553201890138,0.2743492969893299,0.2743492969893299,0.2542553201890138,0.2542553201890138,0.2743492969893299
lendingclub,IL,4,1170,2195,9.11111111111111,1.0,0.2937205517660656,0.35267304779394626,0.35267304779394626,0.35267304779394626,0.35267304779394626,0.35267304779394626
lendingclub,IL,4,1170,2195,9.11111111111111,1.0,0.33633476643906146,0.3376008070937998,0.3376008070937998,0.3376008070937998,0.3376008070937998,0.3376008070937998
lendingclub,IL,1,1170,816,9.11111111111111,0.0,0.2542553201890138,0.2786068950006007,0.2786068950006007,0.2542553201890138,0.2542553201890138,0.2786068950006007
lendingclub,IL,1,1170,816,9.11111111111111,1.0,0.2937205517660656,0.34098308771979946,0.34098308771979946,0.34098308771979946,0.34098308771979946,0.34098308771979946
lendingclub,IL,1,1170,816,9.11111111111111,1.0,0.33633476643906146,0.3367395023238941,0.3367395023238941,0.3367395023238941,0.3367395023238941,0.3367395023238941
lendingclub,IL,4,1170,4145,9.11111111111111,1.0,0.2542553201890138,0.24817306732784938,0.24817306732784938,0.24817306732784938,0.24817306732784938,0.2542553201890138
lendingclub,IL,4,1170,4145,9.11111111111111,1.0,0.2937205517660656,0.3514383557700343,0.3514383557700343,0.3514383557700343,0.3514383557700343,0.3514383557700343
lendingclub,IL,4,1170,4145,9.11111111111111,1.0,0.33633476643906146,0.36379680325014696,0.36379680325014696,0.36379680325014696,0.36379680325014696,0.36379680325014696
lendingclub,IL,2,1170,759,9.11111111111111,0.0,0.2542553201890138,0.27902587375540994,0.27902587375540994,0.2542553201890138,0.2542553201890138,0.27902587375540994
lendingclub,IL,2,1170,759,9.11111111111111,0.625,0.2937205517660656,0.28063721982743617,0.28063721982743617,0.28063721982743617,0.2813208601673007,0.2937205517660656
lendingclub,IL,2,1170,759,9.11111111111111,0.625,0.33633476643906146,0.3253900805488892,0.3253900805488892,0.3253900805488892,0.33060422384223204,0.33633476643906146
lendingclub,IL,3,1170,2922,9.11111111111111,0.0,0.2542553201890138,0.26218565123750504,0.26218565123750504,0.2542553201890138,0.2542553201890138,0.26218565123750504
lendingclub,IL,3,1170,2922,9.11111111111111,0.75,0.2937205517660656,0.31112518660429517,0.31112518660429517,0.31112518660429517,0.31105185799524593,0.31112518660429517
lendingclub,IL,3,1170,2922,9.11111111111111,0.75,0.33633476643906146,0.33752962078152154,0.33752962078152154,0.33752962078152154,0.33687107606698496,0.33752962078152154
lendingclub,IL,2,1170,1403,9.11111111111111,0.0,0.2542553201890138,0.25224423220315445,0.25224423220315445,0.2542553201890138,0.2542553201890138,0.2542553201890138
lendingclub,IL,2,1170,1403,9.11111111111111,0.5,0.2937205517660656,0.2895344021663116,0.2895344021663116,0.2895344021663116,0.29852742050081393,0.2937205517660656
lendingclub,IL,2,1170,1403,9.11111111111111,0.625,0.33633476643906146,0.31967735263892944,0.31967735263892944,0.31967735263892944,0.3222924117327115,0.33633476643906146
lendingclub,IL,3,1170,3807,9.11111111111111,0.0,0.2542553201890138,0.23994974063536254,0.23994974063536254,0.2542553201890138,0.2542553201890138,0.2542553201890138
lendingclub,IL,3,1170,3807,9.11111111111111,0.625,0.2937205517660656,0.29041059085502785,0.29041059085502785,0.29041059085502785,0.2990558659431827,0.2937205517660656
lendingclub,IL,3,1170,3807,9.11111111111111,0.625,0.33633476643906146,0.30828325533911943,0.30828325533911943,0.30828325533911943,0.32493446795640296,0.33633476643906146
lendingclub,IL,2,1170,673,9.11111111111111,0.875,0.2542553201890138,0.23363302781134523,0.23363302781134523,0.23363302781134523,0.23932985646133403,0.2542553201890138
lendingclub,IL,2,1170,673,9.11111111111111,0.375,0.2937205517660656,0.29582515644488083,0.29582515644488083,0.29582515644488083,0.29938249135288164,0.29582515644488083
lendingclub,IL,2,1170,673,9.11111111111111,1.0,0.33633476643906146,0.34490371164697775,0.34490371164697775,0.34490371164697775,0.34490371164697775,0.34490371164697775
lendingclub,KS,1,208,86,1.3888888888888888,1.0,0.25617780136310386,0.21730235877704054,0.21730235877704054,0.21730235877704054,0.21730235877704054,0.25617780136310386
lendingclub,KS,1,208,86,1.3888888888888888,0.0,0.22604158467794833,0.21974430458620112,0.21974430458620112,0.22604158467794833,0.22604158467794833,0.22604158467794833
lendingclub,KS,1,208,86,1.3888888888888888,0.0,0.2463565709798506,0.2402457497643833,0.2402457497643833,0.2463565709798506,0.2463565709798506,0.2463565709798506
lendingclub,KS,2,208,3001,1.3888888888888888,1.0,0.25617780136310386,0.1744267253234276,0.1744267253234276,0.1744267253234276,0.1744267253234276,0.25617780136310386
lendingclub,KS,2,208,3001,1.3888888888888888,1.0,0.22604158467794833,0.22317391171848575,0.22317391171848575,0.22317391171848575,0.22317391171848575,0.22604158467794833
lendingclub,KS,2,208,3001,1.3888888888888888,0.75,0.2463565709798506,0.20563702320809774,0.20563702320809774,0.2463565709798506,0.21081203407406618,0.2463565709798506
lendingclub,KS,4,208,3155,1.3888888888888888,0.125,0.25617780136310386,0.19312291148170288,0.19312291148170288,0.25617780136310386,0.25507402954211467,0.25617780136310386
lendingclub,KS,4,208,3155,1.3888888888888888,1.0,0.22604158467794833,0.26261315849785843,0.26261315849785843,0.26261315849785843,0.26261315849785843,0.26261315849785843
lendingclub,KS,4,208,3155,1.3888888888888888,0.0,0.2463565709798506,0.2706768148683858,0.2706768148683858,0.2463565709798506,0.2463565709798506,0.2706768148683858
lendingclub,KS,3,208,2289,1.3888888888888888,1.0,0.25617780136310386,0.1765735379791615,0.1765735379791615,0.1765735379791615,0.1765735379791615,0.25617780136310386
lendingclub,KS,3,208,2289,1.3888888888888888,0.875,0.22604158467794833,0.23427733012833757,0.23427733012833757,0.23427733012833757,0.23534130187040214,0.23427733012833757
lendingclub,KS,3,208,2289,1.3888888888888888,0.0,0.2463565709798506,0.20952712726623485,0.20952712726623485,0.2463565709798506,0.2463565709798506,0.2463565709798506
lendingclub,KS,1,208,816,1.3888888888888888,1.0,0.25617780136310386,0.2585081035982907,0.2585081035982907,0.2585081035982907,0.2585081035982907,0.2585081035982907
lendingclub,KS,1,208,816,1.3888888888888888,1.0,0.22604158467794833,0.35839414553700266,0.35839414553700266,0.35839414553700266,0.35839414553700266,0.35839414553700266
lendingclub,KS,1,208,816,1.3888888888888888,0.375,0.2463565709798506,0.2885321946395458,0.2885321946395458,0.2463565709798506,0.25297630001246424,0.2885321946395458
lendingclub,KS,1,208,224,1.3888888888888888,0.75,0.25617780136310386,0.3684546968825513,0.3684546968825513,0.3684546968825513,0.3774127069398331,0.3684546968825513
lendingclub,KS,1,208,224,1.3888888888888888,0.875,0.22604158467794833,0.29294076379329836,0.29294076379329836,0.29294076379329836,0.28791343024379734,0.29294076379329836
lendingclub,KS,1,208,224,1.3888888888888888,0.0,0.2463565709798506,0.33552585581550753,0.33552585581550753,0.2463565709798506,0.2463565709798506,0.33552585581550753
lendingclub,KS,2,208,1349,1.3888888888888888,0.875,0.25617780136310386,0.21751795113063394,0.21751795113063394,0.21751795113063394,0.22440382269927725,0.25617780136310386
lendingclub,KS,2,208,1349,1.3888888888888888,1.0,0.22604158467794833,0.24620806479876944,0.24620806479876944,0.24620806479876944,0.24620806479876944,0.24620806479876944
lendingclub,KS,2,208,1349,1.3888888888888888,0.5,0.2463565709798506,0.31151666447120996,0.31151666447120996,0.2463565709798506,0.2299729114307119,0.31151666447120996
lendingclub,KS,2,208,740,1.3888888888888888,1.0,0.25617780136310386,0.20795002310643007,0.20795002310643007,0.20795002310643007,0.20795002310643007,0.25617780136310386
lendingclub,KS,2,208,740,1.3888888888888888,0.875,0.22604158467794833,0.265929576739398,0.265929576739398,0.265929576739398,0.201674883422784,0.265929576739398
lendingclub,KS,2,208,740,1.3888888888888888,0.0,0.2463565709798506,0.2363252464461411,0.2363252464461411,0.2463565709798506,0.2463565709798506,0.2463565709798506
lendingclub,KS,4,208,3522,1.3888888888888888,0.25,0.25617780136310386,0.20806218679354607,0.20806218679354607,0.20806218679354607,0.26219016327949546,0.25617780136310386
lendingclub,KS,4,208,3522,1.3888888888888888,0.875,0.22604158467794833,0.27639454129926,0.27639454129926,0.27639454129926,0.26798229634142945,0.27639454129926
lendingclub,KS,4,208,3522,1.3888888888888888,0.375,0.2463565709798506,0.26691468969247134,0.26691468969247134,0.2463565709798506,0.23404397147712658,0.26691468969247134
lendingclub,KS,4,208,2967,1.3888888888888888,1.0,0.25617780136310386,0.1910748557458618,0.1910748557458618,0.1910748557458618,0.1910748557458618,0.25617780136310386
lendingclub,KS,4,208,2967,1.3888888888888888,1.0,0.22604158467794833,0.2537466098963425,0.2537466098963425,0.2537466098963425,0.2537466098963425,0.2537466098963425
lendingclub,KS,4,208,2967,1.3888888888888888,0.25,0.2463565709798506,0.28182382183318533,0.28182382183318533,0.2463565709798506,0.2265761442363816,0.28182382183318533
lendingclub,KS,2,208,2045,1.3888888888888888,1.0,0.25617780136310386,0.18493631673390099,0.18493631673390099,0.18493631673390099,0.18493631673390099,0.25617780136310386
lendingclub,KS,2,208,2045,1.3888888888888888,0.0,0.22604158467794833,0.25756513352488586,0.25756513352488586,0.22604158467794833,0.22604158467794833,0.25756513352488586
lendingclub,KS,2,208,2045,1.3888888888888888,0.375,0.2463565709798506,0.20875722137897684,0.20875722137897684,0.2463565709798506,0.2139569732191152,0.2463565709798506
lendingclub,KS,3,208,743,1.3888888888888888,0.5,0.25617780136310386,0.17250190494405082,0.17250190494405082,0.25617780136310386,0.202958382582837,0.25617780136310386
lendingclub,KS,3,208,743,1.3888888888888888,1.0,0.22604158467794833,0.22154234654234653,0.22154234654234653,0.22154234654234653,0.22154234654234653,0.22604158467794833
lendingclub,KS,3,208,743,1.3888888888888888,0.0,0.2463565709798506,0.22668305848500608,0.22668305848500608,0.2463565709798506,0.2463565709798506,0.2463565709798506
lendingclub,KY,3,251,1631,2.111111111111111,1.0,0.38496264630158783,0.3523432316390983,0.3523432316390983,0.3523432316390983,0.3523432316390983,0.38496264630158783
lendingclub,KY,3,251,1631,2.111111111111111,0.875,0.3532555464517985,0.3430252415840503,0.3430252415840503,0.3430252415840503,0.34993268875131694,0.3532555464517985
lendingclub,KY,3,251,1631,2.111111111111111,1.0,0.358158976590505,0.26882212148919465,0.26882212148919465,0.26882212148919465,0.26882212148919465,0.358158976590505
lendingclub,KY,2,251,1000,2.111111111111111,1.0,0.38496264630158783,0.2831259793357746,0.2831259793357746,0.2831259793357746,0.2831259793357746,0.38496264630158783
lendingclub,KY,2,251,1000,2.111111111111111,0.625,0.3532555464517985,0.339499373434606,0.339499373434606,0.339499373434606,0.35767039283182855,0.3532555464517985
lendingclub,KY,2,251,1000,2.111111111111111,0.875,0.358158976590505,0.37371687952939125,0.37371687952939125,0.37371687952939125,0.33670354044019424,0.37371687952939125
lendingclub,KY,4,251,8361,2.111111111111111,1.0,0.38496264630158783,0.2784809622679282,0.2784809622679282,0.2784809622679282,0.2784809622679282,0.38496264630158783
lendingclub,KY,4,251,8361,2.111111111111111,0.75,0.3532555464517985,0.3446344480658352,0.3446344480658352,0.3532555464517985,0.3307183232840068,0.3532555464517985
lendingclub,KY,4,251,8361,2.111111111111111,0.625,0.358158976590505,0.3403782771968318,0.3403782771968318,0.3403782771968318,0.32634875080227865,0.358158976590505
lendingclub,KY,2,251,1384,2.111111111111111,1.0,0.38496264630158783,0.29450224819135795,0.29450224819135795,0.29450224819135795,0.29450224819135795,0.38496264630158783
lendingclub,KY,2,251,1384,2.111111111111111,0.75,0.3532555464517985,0.29939344870017526,0.29939344870017526,0.3532555464517985,0.3305959320491824,0.3532555464517985
lendingclub,KY,2,251,1384,2.111111111111111,0.75,0.358158976590505,0.3922049564043379,0.3922049564043379,0.3922049564043379,0.39900442673848335,0.3922049564043379
lendingclub,KY,4,251,2071,2.111111111111111,0.875,0.38496264630158783,0.2920799684948915,0.2920799684948915,0.38496264630158783,0.3035910060783237,0.38496264630158783
lendingclub,KY,4,251,2071,2.111111111111111,0.75,0.3532555464517985,0.31821472057011635,0.31821472057011635,0.31821472057011635,0.3411703409317299,0.3532555464517985
lendingclub,KY,4,251,2071,2.111111111111111,0.75,0.358158976590505,0.3338395273828072,0.3338395273828072,0.3338395273828072,0.3250523422053072,0.358158976590505
lendingclub,KY,3,251,1832,2.111111111111111,0.875,0.38496264630158783,0.35447691546782867,0.35447691546782867,0.38496264630158783,0.3577479685380036,0.38496264630158783
lendingclub,KY,3,251,1832,2.111111111111111,0.625,0.3532555464517985,0.3437465677716257,0.3437465677716257,0.3437465677716257,0.35307004434987405,0.3532555464517985
lendingclub,KY,3,251,1832,2.111111111111111,1.0,0.358158976590505,0.2483335221311312,0.2483335221311312,0.2483335221311312,0.2483335221311312,0.358158976590505
lendingclub,KY,4,251,3263,2.111111111111111,0.125,0.38496264630158783,0.30415508473838343,0.30415508473838343,0.38496264630158783,0.3726408075737028,0.38496264630158783
lendingclub,KY,4,251,3263,2.111111111111111,0.875,0.3532555464517985,0.3221861367284387,0.3221861367284387,0.3221861367284387,0.33617936308160207,0.3532555464517985
lendingclub,KY,4,251,3263,2.111111111111111,0.875,0.358158976590505,0.3189450718248796,0.3189450718248796,0.3189450718248796,0.31411852370801874,0.358158976590505
lendingclub,KY,3,251,1446,2.111111111111111,0.125,0.38496264630158783,0.2978404035640058,0.2978404035640058,0.38496264630158783,0.37526360639636913,0.38496264630158783
lendingclub,KY,3,251,1446,2.111111111111111,0.875,0.3532555464517985,0.33984522307692927,0.33984522307692927,0.33984522307692927,0.3514207199667772,0.3532555464517985
lendingclub,KY,3,251,1446,2.111111111111111,0.875,0.358158976590505,0.3722152736114055,0.3722152736114055,0.358158976590505,0.36690133188990637,0.3722152736114055
lendingclub,KY,1,251,188,2.111111111111111,0.375,0.38496264630158783,0.3271335484139153,0.3271335484139153,0.38496264630158783,0.3760424342372786,0.38496264630158783
lendingclub,KY,1,251,188,2.111111111111111,0.125,0.3532555464517985,0.34671958851667567,0.34671958851667567,0.3532555464517985,0.3617517513442822,0.3532555464517985
lendingclub,KY,1,251,188,2.111111111111111,0.25,0.358158976590505,0.25435725466258,0.25435725466258,0.25435725466258,0.3371818446303054,0.358158976590505
lendingclub,KY,4,251,2217,2.111111111111111,0.75,0.38496264630158783,0.3213498012136574,0.3213498012136574,0.38496264630158783,0.3447610389353267,0.38496264630158783
lendingclub,KY,4,251,2217,2.111111111111111,0.75,0.3532555464517985,0.30815683150077744,0.30815683150077744,0.30815683150077744,0.3332576842254179,0.3532555464517985
lendingclub,KY,4,251,2217,2.111111111111111,0.75,0.358158976590505,0.3878621714427254,0.3878621714427254,0.3878621714427254,0.40799580647153966,0.3878621714427254
lendingclub,KY,3,251,2286,2.111111111111111,1.0,0.38496264630158783,0.33791848039014816,0.33791848039014816,0.33791848039014816,0.33791848039014816,0.38496264630158783
lendingclub,KY,3,251,2286,2.111111111111111,0.75,0.3532555464517985,0.3312697384582518,0.3312697384582518,0.3312697384582518,0.3594828828053167,0.3532555464517985
lendingclub,KY,3,251,2286,2.111111111111111,0.875,0.358158976590505,0.31461135933358464,0.31461135933358464,0.31461135933358464,0.33428140583486976,0.358158976590505
lendingclub,KY,1,251,57,2.111111111111111,0.0,0.38496264630158783,0.3609067665468818,0.3609067665468818,0.38496264630158783,0.38496264630158783,0.38496264630158783
lendingclub,KY,1,251,57,2.111111111111111,1.0,0.3532555464517985,0.31966579132999723,0.31966579132999723,0.31966579132999723,0.31966579132999723,0.3532555464517985
lendingclub,KY,1,251,57,2.111111111111111,0.5,0.358158976590505,0.34926964697327834,0.34926964697327834,0.34926964697327834,0.3586191540476965,0.358158976590505
lendingclub,LA,1,322,261,2.2777777777777777,0.0,0.43238287628205874,0.3363371321387909,0.3363371321387909,0.43238287628205874,0.43238287628205874,0.43238287628205874
lendingclub,LA,1,322,261,2.2777777777777777,0.125,0.4404569218041977,0.35178589970779794,0.35178589970779794,0.4404569218041977,0.43766948695599406,0.4404569218041977
lendingclub,LA,1,322,261,2.2777777777777777,0.625,0.42544088507984457,0.3872247605626806,0.3872247605626806,0.3872247605626806,0.422134289719353,0.42544088507984457
lendingclub,LA,3,322,965,2.2777777777777777,0.0,0.43238287628205874,0.27341107715843704,0.27341107715843704,0.43238287628205874,0.43238287628205874,0.43238287628205874
lendingclub,LA,3,322,965,2.2777777777777777,0.5,0.4404569218041977,0.2532505305165658,0.2532505305165658,0.4404569218041977,0.36434619371315224,0.4404569218041977
lendingclub,LA,3,322,965,2.2777777777777777,0.0,0.42544088507984457,0.3046810813765717,0.3046810813765717,0.42544088507984457,0.42544088507984457,0.42544088507984457
lendingclub,LA,2,322,1763,2.2777777777777777,0.0,0.43238287628205874,0.30257798653396023,0.30257798653396023,0.43238287628205874,0.43238287628205874,0.43238287628205874
lendingclub,LA,2,322,1763,2.2777777777777777,0.125,0.4404569218041977,0.24547789733272637,0.24547789733272637,0.4404569218041977,0.4061393056396012,0.4404569218041977
lendingclub,LA,2,322,1763,2.2777777777777777,0.5,0.42544088507984457,0.32058911250701905,0.32058911250701905,0.32058911250701905,0.42250554555499764,0.42544088507984457
lendingclub,LA,3,322,8778,2.2777777777777777,0.0,0.43238287628205874,0.33118909079321013,0.33118909079321013,0.43238287628205874,0.43238287628205874,0.43238287628205874
lendingclub,LA,3,322,8778,2.2777777777777777,0.0,0.4404569218041977,0.22441215191932762,0.22441215191932762,0.4404569218041977,0.4404569218041977,0.4404569218041977
lendingclub,LA,3,322,8778,2.2777777777777777,0.875,0.42544088507984457,0.31712566758171695,0.31712566758171695,0.31712566758171695,0.34956257747462693,0.42544088507984457
lendingclub,LA,3,322,6368,2.2777777777777777,0.0,0.43238287628205874,0.35476290620106676,0.35476290620106676,0.43238287628205874,0.43238287628205874,0.43238287628205874
lendingclub,LA,3,322,6368,2.2777777777777777,0.0,0.4404569218041977,0.2355749432729044,0.2355749432729044,0.4404569218041977,0.4404569218041977,0.4404569218041977
lendingclub,LA,3,322,6368,2.2777777777777777,0.75,0.42544088507984457,0.32971605987165015,0.32971605987165015,0.32971605987165015,0.3801484400964721,0.42544088507984457
lendingclub,LA,3,322,4476,2.2777777777777777,0.0,0.43238287628205874,0.334514779730625,0.334514779730625,0.43238287628205874,0.43238287628205874,0.43238287628205874
lendingclub,LA,3,322,4476,2.2777777777777777,0.5,0.4404569218041977,0.22614091233564104,0.22614091233564104,0.4404569218041977,0.36919805121065374,0.4404569218041977
lendingclub,LA,3,322,4476,2.2777777777777777,0.5,0.42544088507984457,0.3104313525573367,0.3104313525573367,0.3104313525573367,0.416830441622841,0.42544088507984457
lendingclub,LA,2,322,1525,2.2777777777777777,0.0,0.43238287628205874,0.38189541941900984,0.38189541941900984,0.43238287628205874,0.43238287628205874,0.43238287628205874
lendingclub,LA,2,322,1525,2.2777777777777777,0.5,0.4404569218041977,0.2632137115413651,0.2632137115413651,0.4404569218041977,0.3669841570106988,0.4404569218041977
lendingclub,LA,2,322,1525,2.2777777777777777,0.375,0.42544088507984457,0.35134288586646834,0.35134288586646834,0.35134288586646834,0.4034609103952661,0.42544088507984457
lendingclub,LA,4,322,3276,2.2777777777777777,0.0,0.43238287628205874,0.2427951034022887,0.2427951034022887,0.43238287628205874,0.43238287628205874,0.43238287628205874
lendingclub,LA,4,322,3276,2.2777777777777777,0.0,0.4404569218041977,0.23408457861648435,0.23408457861648435,0.4404569218041977,0.4404569218041977,0.4404569218041977
lendingclub,LA,4,322,3276,2.2777777777777777,0.375,0.42544088507984457,0.2621857350901541,0.2621857350901541,0.2621857350901541,0.4353040464913227,0.42544088507984457
lendingclub,LA,1,322,527,2.2777777777777777,0.0,0.43238287628205874,0.31828960474600443,0.31828960474600443,0.43238287628205874,0.43238287628205874,0.43238287628205874
lendingclub,LA,1,322,527,2.2777777777777777,0.0,0.4404569218041977,0.28533777235413665,0.28533777235413665,0.4404569218041977,0.4404569218041977,0.4404569218041977
lendingclub,LA,1,322,527,2.2777777777777777,0.375,0.42544088507984457,0.3427419565799146,0.3427419565799146,0.3427419565799146,0.4228739587777952,0.42544088507984457
lendingclub,LA,1,322,317,2.2777777777777777,0.0,0.43238287628205874,0.393046481183689,0.393046481183689,0.43238287628205874,0.43238287628205874,0.43238287628205874
lendingclub,LA,1,322,317,2.2777777777777777,0.5,0.4404569218041977,0.35425885631259,0.35425885631259,0.4404569218041977,0.3886975936944066,0.4404569218041977
lendingclub,LA,1,322,317,2.2777777777777777,0.375,0.42544088507984457,0.4294769322462493,0.4294769322462493,0.42544088507984457,0.46398572648301084,0.4294769322462493
lendingclub,LA,2,322,957,2.2777777777777777,0.0,0.43238287628205874,0.32553544415840163,0.32553544415840163,0.43238287628205874,0.43238287628205874,0.43238287628205874
lendingclub,LA,2,322,957,2.2777777777777777,0.25,0.4404569218041977,0.29581161234677655,0.29581161234677655,0.4404569218041977,0.41087864229654897,0.4404569218041977
lendingclub,LA,2,322,957,2.2777777777777777,0.75,0.42544088507984457,0.3386620195390898,0.3386620195390898,0.3386620195390898,0.41519584747824495,0.42544088507984457
lendingclub,LA,1,322,2915,2.2777777777777777,0.0,0.43238287628205874,0.3273092971897537,0.3273092971897537,0.43238287628205874,0.43238287628205874,0.43238287628205874
lendingclub,LA,1,322,2915,2.2777777777777777,0.125,0.4404569218041977,0.22716524538162053,0.22716524538162053,0.4404569218041977,0.4064202504645351,0.4404569218041977
lendingclub,LA,1,322,2915,2.2777777777777777,0.125,0.42544088507984457,0.27631856813879235,0.27631856813879235,0.42544088507984457,0.442604783374654,0.42544088507984457
lendingclub,MA,2,1006,469,7.166666666666667,0.875,0.2221520338572643,0.2661513280165373,0.2661513280165373,0.2661513280165373,0.25997267365050925,0.2661513280165373
lendingclub,MA,2,1006,469,7.166666666666667,0.125,0.28584251814795714,0.29785139013049483,0.29785139013049483,0.28584251814795714,0.2870781530818022,0.29785139013049483
lendingclub,MA,2,1006,469,7.166666666666667,1.0,0.2406546205670777,0.25336785261749006,0.25336785261749006,0.25336785261749006,0.25336785261749006,0.25336785261749006
lendingclub,MA,3,1006,1367,7.166666666666667,1.0,0.2221520338572643,0.24189299794490027,0.24189299794490027,0.24189299794490027,0.24189299794490027,0.24189299794490027
lendingclub,MA,3,1006,1367,7.166666666666667,0.75,0.28584251814795714,0.29820598472550613,0.29820598472550613,0.29820598472550613,0.29773825552203886,0.29820598472550613
lendingclub,MA,3,1006,1367,7.166666666666667,1.0,0.2406546205670777,0.28231681661594105,0.28231681661594105,0.28231681661594105,0.28231681661594105,0.28231681661594105
lendingclub,MA,1,1006,136,7.166666666666667,1.0,0.2221520338572643,0.22850723438456066,0.22850723438456066,0.22850723438456066,0.22850723438456066,0.22850723438456066
lendingclub,MA,1,1006,136,7.166666666666667,0.0,0.28584251814795714,0.2863709664538438,0.2863709664538438,0.28584251814795714,0.28584251814795714,0.2863709664538438
lendingclub,MA,1,1006,136,7.166666666666667,1.0,0.2406546205670777,0.2377502399265617,0.2377502399265617,0.2377502399265617,0.2377502399265617,0.2406546205670777
lendingclub,MA,1,1006,181,7.166666666666667,1.0,0.2221520338572643,0.23809469687898355,0.23809469687898355,0.23809469687898355,0.23809469687898355,0.23809469687898355
lendingclub,MA,1,1006,181,7.166666666666667,0.0,0.28584251814795714,0.3075115655422996,0.3075115655422996,0.28584251814795714,0.28584251814795714,0.3075115655422996
lendingclub,MA,1,1006,181,7.166666666666667,0.0,0.2406546205670777,0.2698659564614651,0.2698659564614651,0.2406546205670777,0.2406546205670777,0.2698659564614651
lendingclub,MA,2,1006,1128,7.166666666666667,0.5,0.2221520338572643,0.2579586850583219,0.2579586850583219,0.2221520338572643,0.2415297267676108,0.2579586850583219
lendingclub,MA,2,1006,1128,7.166666666666667,0.5,0.28584251814795714,0.23129718522504533,0.23129718522504533,0.28584251814795714,0.275382191417228,0.28584251814795714
lendingclub,MA,2,1006,1128,7.166666666666667,0.875,0.2406546205670777,0.24961044745680555,0.24961044745680555,0.24961044745680555,0.24887292144164103,0.24961044745680555
lendingclub,MA,4,1006,6055,7.166666666666667,0.625,0.2221520338572643,0.2965282383277632,0.2965282383277632,0.2965282383277632,0.2724223067797545,0.2965282383277632
lendingclub,MA,4,1006,6055,7.166666666666667,0.125,0.28584251814795714,0.2801620194430146,0.2801620194430146,0.2801620194430146,0.2871766486956543,0.28584251814795714
lendingclub,MA,4,1006,6055,7.166666666666667,1.0,0.2406546205670777,0.29236201816070884,0.29236201816070884,0.29236201816070884,0.29236201816070884,0.29236201816070884
lendingclub,MA,2,1006,825,7.166666666666667,0.125,0.2221520338572643,0.2558753834880306,0.2558753834880306,0.2221520338572643,0.22661401196820136,0.2558753834880306
lendingclub,MA,2,1006,825,7.166666666666667,0.875,0.28584251814795714,0.2762999917101781,0.2762999917101781,0.2762999917101781,0.28032559570974463,0.28584251814795714
lendingclub,MA,2,1006,825,7.166666666666667,1.0,0.2406546205670777,0.25901756887222777,0.25901756887222777,0.25901756887222777,0.25901756887222777,0.25901756887222777
lendingclub,MA,3,1006,751,7.166666666666667,0.5,0.2221520338572643,0.25245855179370746,0.25245855179370746,0.2221520338572643,0.2384466093827579,0.25245855179370746
lendingclub,MA,3,1006,751,7.166666666666667,0.125,0.28584251814795714,0.2422761799736329,0.2422761799736329,0.28584251814795714,0.2869216012711835,0.28584251814795714
lendingclub,MA,3,1006,751,7.166666666666667,1.0,0.2406546205670777,0.2734458811681999,0.2734458811681999,0.2734458811681999,0.2734458811681999,0.2734458811681999
lendingclub,MA,1,1006,1125,7.166666666666667,0.875,0.2221520338572643,0.2728562442947118,0.2728562442947118,0.2728562442947118,0.2650149343913897,0.2728562442947118
lendingclub,MA,1,1006,1125,7.166666666666667,0.75,0.28584251814795714,0.2668470181490997,0.2668470181490997,0.2668470181490997,0.2747431105614293,0.28584251814795714
lendingclub,MA,1,1006,1125,7.166666666666667,1.0,0.2406546205670777,0.2519196447134685,0.2519196447134685,0.2519196447134685,0.2519196447134685,0.2519196447134685
lendingclub,MA,3,1006,1801,7.166666666666667,0.625,0.2221520338572643,0.27997094199336736,0.27997094199336736,0.2221520338572643,0.25268156669861236,0.27997094199336736
lendingclub,MA,3,1006,1801,7.166666666666667,0.625,0.28584251814795714,0.23534137099504465,0.23534137099504465,0.28584251814795714,0.27669497102212137,0.28584251814795714
lendingclub,MA,3,1006,1801,7.166666666666667,1.0,0.2406546205670777,0.2550209297948674,0.2550209297948674,0.2550209297948674,0.2550209297948674,0.2550209297948674
lendingclub,MA,1,1006,188,7.166666666666667,0.25,0.2221520338572643,0.21773474411145333,0.21773474411145333,0.2221520338572643,0.21818010072973415,0.2221520338572643
lendingclub,MA,1,1006,188,7.166666666666667,0.875,0.28584251814795714,0.2802858966855534,0.2802858966855534,0.28584251814795714,0.2823637351627096,0.28584251814795714
lendingclub,MA,1,1006,188,7.166666666666667,1.0,0.2406546205670777,0.25353498234954597,0.25353498234954597,0.25353498234954597,0.25353498234954597,0.25353498234954597
lendingclub,MA,4,1006,2777,7.166666666666667,0.375,0.2221520338572643,0.2837827491297031,0.2837827491297031,0.2221520338572643,0.24848502754740104,0.2837827491297031
lendingclub,MA,4,1006,2777,7.166666666666667,0.125,0.28584251814795714,0.24163057364431928,0.24163057364431928,0.28584251814795714,0.28572920083085807,0.28584251814795714
lendingclub,MA,4,1006,2777,7.166666666666667,1.0,0.2406546205670777,0.28852917816724677,0.28852917816724677,0.28852917816724677,0.28852917816724677,0.28852917816724677
lendingclub,MD,3,787,1620,7.222222222222222,0.625,0.2756346196070633,0.26303931444542905,0.26303931444542905,0.26303931444542905,0.273179041185055,0.2756346196070633
lendingclub,MD,3,787,1620,7.222222222222222,0.0,0.23267939543640492,0.2825504194944157,0.2825504194944157,0.23267939543640492,0.23267939543640492,0.2825504194944157
lendingclub,MD,3,787,1620,7.222222222222222,0.625,0.36387063550998555,0.3604166569569567,0.3604166569569567,0.36387063550998555,0.37763480685209494,0.36387063550998555
lendingclub,MD,2,787,613,7.222222222222222,0.875,0.2756346196070633,0.2657284813672986,0.2657284813672986,0.2657284813672986,0.267309809281013,0.2756346196070633
lendingclub,MD,2,787,613,7.222222222222222,1.0,0.23267939543640492,0.2425981619497622,0.2425981619497622,0.2425981619497622,0.2425981619497622,0.2425981619497622
lendingclub,MD,2,787,613,7.222222222222222,0.75,0.36387063550998555,0.3406782966573549,0.3406782966573549,0.3406782966573549,0.35014422697647885,0.36387063550998555
lendingclub,MD,3,787,2644,7.222222222222222,1.0,0.2756346196070633,0.268458588662036,0.268458588662036,0.268458588662036,0.268458588662036,0.2756346196070633
lendingclub,MD,3,787,2644,7.222222222222222,0.0,0.23267939543640492,0.29651904192746925,0.29651904192746925,0.23267939543640492,0.23267939543640492,0.29651904192746925
lendingclub,MD,3,787,2644,7.222222222222222,0.375,0.36387063550998555,0.39495815004716794,0.39495815004716794,0.36387063550998555,0.38123041203616065,0.39495815004716794
lendingclub,MD,1,787,816,7.222222222222222,0.875,0.2756346196070633,0.26936218994286043,0.26936218994286043,0.26936218994286043,0.26849377251373435,0.2756346196070633
lendingclub,MD,1,787,816,7.222222222222222,0.0,0.23267939543640492,0.25803807372599946,0.25803807372599946,0.23267939543640492,0.23267939543640492,0.25803807372599946
lendingclub,MD,1,787,816,7.222222222222222,0.125,0.36387063550998555,0.37586627177210385,0.37586627177210385,0.36387063550998555,0.36888038101420156,0.37586627177210385
lendingclub,MD,4,787,4914,7.222222222222222,1.0,0.2756346196070633,0.2664766325854239,0.2664766325854239,0.2664766325854239,0.2664766325854239,0.2756346196070633
lendingclub,MD,4,787,4914,7.222222222222222,0.0,0.23267939543640492,0.28285636397569774,0.28285636397569774,0.23267939543640492,0.23267939543640492,0.28285636397569774
lendingclub,MD,4,787,4914,7.222222222222222,0.5,0.36387063550998555,0.4026158273679861,0.4026158273679861,0.4026158273679861,0.38980147505810636,0.4026158273679861
lendingclub,MD,3,787,1953,7.222222222222222,1.0,0.2756346196070633,0.25578131413761857,0.25578131413761857,0.25578131413761857,0.25578131413761857,0.2756346196070633
lendingclub,MD,3,787,1953,7.222222222222222,0.0,0.23267939543640492,0.28153898054676973,0.28153898054676973,0.23267939543640492,0.23267939543640492,0.28153898054676973
lendingclub,MD,3,787,1953,7.222222222222222,0.625,0.36387063550998555,0.38911942331049953,0.38911942331049953,0.38911942331049953,0.3885165970470665,0.38911942331049953
lendingclub,MD,3,787,1536,7.222222222222222,1.0,0.2756346196070633,0.26207080630676327,0.26207080630676327,0.26207080630676327,0.26207080630676327,0.2756346196070633
lendingclub,MD,3,787,1536,7.222222222222222,0.0,0.23267939543640492,0.25631405112216055,0.25631405112216055,0.23267939543640492,0.23267939543640492,0.25631405112216055
lendingclub,MD,3,787,1536,7.222222222222222,0.5,0.36387063550998555,0.40620705989699823,0.40620705989699823,0.36387063550998555,0.3901363573460944,0.40620705989699823
lendingclub,MD,3,787,1421,7.222222222222222,0.875,0.2756346196070633,0.2608300508120841,0.2608300508120841,0.2608300508120841,0.26421240951307456,0.2756346196070633
lendingclub,MD,3,787,1421,7.222222222222222,0.0,0.23267939543640492,0.2619836518614205,0.2619836518614205,0.23267939543640492,0.23267939543640492,0.2619836518614205
lendingclub,MD,3,787,1421,7.222222222222222,1.0,0.36387063550998555,0.38866947456365425,0.38866947456365425,0.38866947456365425,0.38866947456365425,0.38866947456365425
lendingclub,MD,1,787,1503,7.222222222222222,0.875,0.2756346196070633,0.24905490970074068,0.24905490970074068,0.24905490970074068,0.25501333229091505,0.2756346196070633
lendingclub,MD,1,787,1503,7.222222222222222,0.5,0.23267939543640492,0.2540389441669245,0.2540389441669245,0.23267939543640492,0.24402898117161403,0.2540389441669245
lendingclub,MD,1,787,1503,7.222222222222222,1.0,0.36387063550998555,0.37148582217828713,0.37148582217828713,0.37148582217828713,0.37148582217828713,0.37148582217828713
lendingclub,MD,4,787,1727,7.222222222222222,1.0,0.2756346196070633,0.2623449602466149,0.2623449602466149,0.2623449602466149,0.2623449602466149,0.2756346196070633
lendingclub,MD,4,787,1727,7.222222222222222,0.125,0.23267939543640492,0.2818437936169287,0.2818437936169287,0.23267939543640492,0.2384063627004171,0.2818437936169287
lendingclub,MD,4,787,1727,7.222222222222222,1.0,0.36387063550998555,0.37096936797419355,0.37096936797419355,0.37096936797419355,0.37096936797419355,0.37096936797419355
lendingclub,MD,1,787,830,7.222222222222222,1.0,0.2756346196070633,0.29276089011595563,0.29276089011595563,0.29276089011595563,0.29276089011595563,0.29276089011595563
lendingclub,MD,1,787,830,7.222222222222222,1.0,0.23267939543640492,0.23606044901518086,0.23606044901518086,0.23606044901518086,0.23606044901518086,0.23606044901518086
lendingclub,MD,1,787,830,7.222222222222222,1.0,0.36387063550998555,0.36627892492406927,0.36627892492406927,0.36627892492406927,0.36627892492406927,0.36627892492406927
lendingclub,MD,1,787,489,7.222222222222222,1.0,0.2756346196070633,0.26983824452584426,0.26983824452584426,0.26983824452584426,0.26983824452584426,0.2756346196070633
lendingclub,MD,1,787,489,7.222222222222222,0.0,0.23267939543640492,0.2551578052865559,0.2551578052865559,0.23267939543640492,0.23267939543640492,0.2551578052865559
lendingclub,MD,1,787,489,7.222222222222222,0.125,0.36387063550998555,0.40319978554489116,0.40319978554489116,0.36387063550998555,0.37007183569711366,0.40319978554489116
lendingclub,MI,3,557,1809,4.777777777777778,0.875,0.32692996557106363,0.37759967702161407,0.37759967702161407,0.37759967702161407,0.37049219168947345,0.37759967702161407
lendingclub,MI,3,557,1809,4.777777777777778,1.0,0.2732241605710485,0.28947161844289043,0.28947161844289043,0.28947161844289043,0.28947161844289043,0.28947161844289043
lendingclub,MI,3,557,1809,4.777777777777778,0.75,0.2717783352215403,0.27108732419358794,0.27108732419358794,0.27108732419358794,0.26625836602345454,0.2717783352215403
lendingclub,MI,1,557,136,4.777777777777778,0.875,0.32692996557106363,0.36151792401920047,0.36151792401920047,0.36151792401920047,0.3569235026315275,0.36151792401920047
lendingclub,MI,1,557,136,4.777777777777778,0.0,0.2732241605710485,0.2700674486373936,0.2700674486373936,0.2732241605710485,0.2732241605710485,0.2732241605710485
lendingclub,MI,1,557,136,4.777777777777778,0.25,0.2717783352215403,0.2793831332047205,0.2793831332047205,0.2717783352215403,0.2761303761308704,0.2793831332047205
lendingclub,MI,2,557,663,4.777777777777778,1.0,0.32692996557106363,0.3391674427761689,0.3391674427761689,0.3391674427761689,0.3391674427761689,0.3391674427761689
lendingclub,MI,2,557,663,4.777777777777778,0.25,0.2732241605710485,0.2679366963771571,0.2679366963771571,0.2732241605710485,0.27266797634025836,0.2732241605710485
lendingclub,MI,2,557,663,4.777777777777778,0.25,0.2717783352215403,0.269341964885201,0.269341964885201,0.2717783352215403,0.27400876365258087,0.2717783352215403
lendingclub,MI,1,557,181,4.777777777777778,1.0,0.32692996557106363,0.34201981439117174,0.34201981439117174,0.34201981439117174,0.34201981439117174,0.34201981439117174
lendingclub,MI,1,557,181,4.777777777777778,1.0,0.2732241605710485,0.261156933396842,0.261156933396842,0.261156933396842,0.261156933396842,0.2732241605710485
lendingclub,MI,1,557,181,4.777777777777778,0.0,0.2717783352215403,0.2948633250070486,0.2948633250070486,0.2717783352215403,0.2717783352215403,0.2948633250070486
lendingclub,MI,4,557,4952,4.777777777777778,0.75,0.32692996557106363,0.3752482101632061,0.3752482101632061,0.3752482101632061,0.3684825923979546,0.3752482101632061
lendingclub,MI,4,557,4952,4.777777777777778,1.0,0.2732241605710485,0.2633558477397574,0.2633558477397574,0.2633558477397574,0.2633558477397574,0.2732241605710485
lendingclub,MI,4,557,4952,4.777777777777778,0.875,0.2717783352215403,0.2695791941290952,0.2695791941290952,0.2695791941290952,0.27289213121873085,0.2717783352215403
lendingclub,MI,1,557,298,4.777777777777778,0.0,0.32692996557106363,0.335231657063804,0.335231657063804,0.32692996557106363,0.32692996557106363,0.335231657063804
lendingclub,MI,1,557,298,4.777777777777778,0.0,0.2732241605710485,0.248450243824255,0.248450243824255,0.2732241605710485,0.2732241605710485,0.2732241605710485
lendingclub,MI,1,557,298,4.777777777777778,1.0,0.2717783352215403,0.26749730775447195,0.26749730775447195,0.26749730775447195,0.26749730775447195,0.2717783352215403
lendingclub,MI,2,557,557,4.777777777777778,0.75,0.32692996557106363,0.37799014772277745,0.37799014772277745,0.37799014772277745,0.36371988619629814,0.37799014772277745
lendingclub,MI,2,557,557,4.777777777777778,0.5,0.2732241605710485,0.23570290452132991,0.23570290452132991,0.23570290452132991,0.2487889895920764,0.2732241605710485
lendingclub,MI,2,557,557,4.777777777777778,0.625,0.2717783352215403,0.26065351461141284,0.26065351461141284,0.26065351461141284,0.258560056631053,0.2717783352215403
lendingclub,MI,3,557,4478,4.777777777777778,1.0,0.32692996557106363,0.3871793046624001,0.3871793046624001,0.3871793046624001,0.3871793046624001,0.3871793046624001
lendingclub,MI,3,557,4478,4.777777777777778,1.0,0.2732241605710485,0.28394107766644366,0.28394107766644366,0.28394107766644366,0.28394107766644366,0.28394107766644366
lendingclub,MI,3,557,4478,4.777777777777778,1.0,0.2717783352215403,0.2939798874352373,0.2939798874352373,0.2939798874352373,0.2939798874352373,0.2939798874352373
lendingclub,MI,2,557,555,4.777777777777778,0.5,0.32692996557106363,0.3395957431013764,0.3395957431013764,0.3395957431013764,0.3451923302757208,0.3395957431013764
lendingclub,MI,2,557,555,4.777777777777778,0.875,0.2732241605710485,0.26095437032780466,0.26095437032780466,0.26095437032780466,0.26232039269301977,0.2732241605710485
lendingclub,MI,2,557,555,4.777777777777778,0.25,0.2717783352215403,0.24421817447896155,0.24421817447896155,0.2717783352215403,0.25156397618638776,0.2717783352215403
lendingclub,MI,1,557,1651,4.777777777777778,0.875,0.32692996557106363,0.35870524380826274,0.35870524380826274,0.35870524380826274,0.35053484928403955,0.35870524380826274
lendingclub,MI,1,557,1651,4.777777777777778,1.0,0.2732241605710485,0.2702455981625769,0.2702455981625769,0.2702455981625769,0.2702455981625769,0.2732241605710485
lendingclub,MI,1,557,1651,4.777777777777778,1.0,0.2717783352215403,0.27578788525900216,0.27578788525900216,0.27578788525900216,0.27578788525900216,0.27578788525900216
lendingclub,MI,1,557,489,4.777777777777778,0.75,0.32692996557106363,0.40141297907921386,0.40141297907921386,0.40141297907921386,0.3820841253962352,0.40141297907921386
lendingclub,MI,1,557,489,4.777777777777778,1.0,0.2732241605710485,0.27730416485873105,0.27730416485873105,0.27730416485873105,0.27730416485873105,0.27730416485873105
lendingclub,MI,1,557,489,4.777777777777778,1.0,0.2717783352215403,0.2916876836299123,0.2916876836299123,0.2916876836299123,0.2916876836299123,0.2916876836299123
lendingclub,MI,1,557,1487,4.777777777777778,0.875,0.32692996557106363,0.37819540473212654,0.37819540473212654,0.37819540473212654,0.3890788072355974,0.37819540473212654
lendingclub,MI,1,557,1487,4.777777777777778,1.0,0.2732241605710485,0.24333060356834213,0.24333060356834213,0.24333060356834213,0.24333060356834213,0.2732241605710485
lendingclub,MI,1,557,1487,4.777777777777778,0.125,0.2717783352215403,0.2748591901587488,0.2748591901587488,0.2717783352215403,0.27822160094155074,0.2748591901587488
lendingclub,MN,1,456,86,3.5555555555555554,0.25,0.2139399009938038,0.24440133030907085,0.24440133030907085,0.2139399009938038,0.22160406540734895,0.24440133030907085
lendingclub,MN,1,456,86,3.5555555555555554,0.0,0.36536925853840146,0.41527389533604364,0.41527389533604364,0.36536925853840146,0.36536925853840146,0.41527389533604364
lendingclub,MN,1,456,86,3.5555555555555554,0.0,0.3098854293218754,0.2992041897296516,0.2992041897296516,0.3098854293218754,0.3098854293218754,0.3098854293218754
lendingclub,MN,4,456,8935,3.5555555555555554,0.625,0.2139399009938038,0.32065995408501835,0.32065995408501835,0.32065995408501835,0.2800551258840672,0.32065995408501835
lendingclub,MN,4,456,8935,3.5555555555555554,1.0,0.36536925853840146,0.4385247371005801,0.4385247371005801,0.4385247371005801,0.4385247371005801,0.4385247371005801
lendingclub,MN,4,456,8935,3.5555555555555554,1.0,0.3098854293218754,0.2872822914869499,0.2872822914869499,0.2872822914869499,0.2872822914869499,0.3098854293218754
lendingclub,MN,3,456,710,3.5555555555555554,0.5,0.2139399009938038,0.29622681602468665,0.29622681602468665,0.29622681602468665,0.2651069144923713,0.29622681602468665
lendingclub,MN,3,456,710,3.5555555555555554,0.0,0.36536925853840146,0.335600343684033,0.335600343684033,0.36536925853840146,0.36536925853840146,0.36536925853840146
lendingclub,MN,3,456,710,3.5555555555555554,0.5,0.3098854293218754,0.28034232759686306,0.28034232759686306,0.3098854293218754,0.2906459007008868,0.3098854293218754
lendingclub,MN,1,456,3104,3.5555555555555554,0.75,0.2139399009938038,0.2754013884180936,0.2754013884180936,0.2754013884180936,0.26875050538044404,0.2754013884180936
lendingclub,MN,1,456,3104,3.5555555555555554,1.0,0.36536925853840146,0.39246283442805413,0.39246283442805413,0.39246283442805413,0.39246283442805413,0.39246283442805413
lendingclub,MN,1,456,3104,3.5555555555555554,1.0,0.3098854293218754,0.2469892216559142,0.2469892216559142,0.2469892216559142,0.2469892216559142,0.3098854293218754
lendingclub,MN,3,456,4662,3.5555555555555554,0.75,0.2139399009938038,0.32190690679090217,0.32190690679090217,0.32190690679090217,0.2843287089366803,0.32190690679090217
lendingclub,MN,3,456,4662,3.5555555555555554,0.125,0.36536925853840146,0.4404006829441327,0.4404006829441327,0.36536925853840146,0.3726142718077217,0.4404006829441327
lendingclub,MN,3,456,4662,3.5555555555555554,1.0,0.3098854293218754,0.2807017517292775,0.2807017517292775,0.2807017517292775,0.2807017517292775,0.3098854293218754
lendingclub,MN,3,456,3291,3.5555555555555554,0.75,0.2139399009938038,0.29696823586426147,0.29696823586426147,0.29696823586426147,0.2661362452357228,0.29696823586426147
lendingclub,MN,3,456,3291,3.5555555555555554,1.0,0.36536925853840146,0.4056721693682045,0.4056721693682045,0.4056721693682045,0.4056721693682045,0.4056721693682045
lendingclub,MN,3,456,3291,3.5555555555555554,1.0,0.3098854293218754,0.28598701747001665,0.28598701747001665,0.28598701747001665,0.28598701747001665,0.3098854293218754
lendingclub,MN,2,456,1484,3.5555555555555554,0.875,0.2139399009938038,0.23643817243638374,0.23643817243638374,0.23643817243638374,0.2407295786735396,0.23643817243638374
lendingclub,MN,2,456,1484,3.5555555555555554,1.0,0.36536925853840146,0.3602493123863333,0.3602493123863333,0.3602493123863333,0.3602493123863333,0.36536925853840146
lendingclub,MN,2,456,1484,3.5555555555555554,1.0,0.3098854293218754,0.28323823141044274,0.28323823141044274,0.28323823141044274,0.28323823141044274,0.3098854293218754
lendingclub,MN,2,456,1257,3.5555555555555554,1.0,0.2139399009938038,0.19991283307444063,0.19991283307444063,0.19991283307444063,0.19991283307444063,0.2139399009938038
lendingclub,MN,2,456,1257,3.5555555555555554,0.75,0.36536925853840146,0.3617692539362959,0.3617692539362959,0.3617692539362959,0.3624420929780742,0.36536925853840146
lendingclub,MN,2,456,1257,3.5555555555555554,1.0,0.3098854293218754,0.27346291898362046,0.27346291898362046,0.27346291898362046,0.27346291898362046,0.3098854293218754
lendingclub,MN,3,456,432,3.5555555555555554,0.25,0.2139399009938038,0.2752627760167349,0.2752627760167349,0.2139399009938038,0.2163002725386528,0.2752627760167349
lendingclub,MN,3,456,432,3.5555555555555554,0.25,0.36536925853840146,0.35637620657670654,0.35637620657670654,0.36536925853840146,0.40124967781192766,0.36536925853840146
lendingclub,MN,3,456,432,3.5555555555555554,1.0,0.3098854293218754,0.3354438817334711,0.3354438817334711,0.3354438817334711,0.3354438817334711,0.3354438817334711
lendingclub,MN,3,456,6140,3.5555555555555554,0.875,0.2139399009938038,0.31246138027462167,0.31246138027462167,0.31246138027462167,0.30490724691596127,0.31246138027462167
lendingclub,MN,3,456,6140,3.5555555555555554,1.0,0.36536925853840146,0.4074882897298269,0.4074882897298269,0.4074882897298269,0.4074882897298269,0.4074882897298269
lendingclub,MN,3,456,6140,3.5555555555555554,1.0,0.3098854293218754,0.26827339607463696,0.26827339607463696,0.26827339607463696,0.26827339607463696,0.3098854293218754
lendingclub,MN,1,456,1329,3.5555555555555554,0.25,0.2139399009938038,0.3045301233792992,0.3045301233792992,0.2139399009938038,0.22335114766987957,0.3045301233792992
lendingclub,MN,1,456,1329,3.5555555555555554,1.0,0.36536925853840146,0.31869565470680855,0.31869565470680855,0.31869565470680855,0.31869565470680855,0.36536925853840146
lendingclub,MN,1,456,1329,3.5555555555555554,1.0,0.3098854293218754,0.2806931739452223,0.2806931739452223,0.2806931739452223,0.2806931739452223,0.3098854293218754
lendingclub,MN,1,456,67,3.5555555555555554,0.25,0.2139399009938038,0.2117848382238387,0.2117848382238387,0.2139399009938038,0.21580514311893229,0.2139399009938038
lendingclub,MN,1,456,67,3.5555555555555554,0.375,0.36536925853840146,0.3884850082235438,0.3884850082235438,0.36536925853840146,0.38619017131757083,0.3884850082235438
lendingclub,MN,1,456,67,3.5555555555555554,1.0,0.3098854293218754,0.2895894189564634,0.2895894189564634,0.2895894189564634,0.2895894189564634,0.3098854293218754
lendingclub,MO,4,535,2636,5.444444444444445,1.0,0.34673300478680313,0.428642208963071,0.428642208963071,0.428642208963071,0.428642208963071,0.428642208963071
lendingclub,MO,4,535,2636,5.444444444444445,1.0,0.3298149984916206,0.4072579652028143,0.4072579652028143,0.4072579652028143,0.4072579652028143,0.4072579652028143
lendingclub,MO,4,535,2636,5.444444444444445,0.25,0.3071248298037446,0.29153268376323777,0.29153268376323777,0.29153268376323777,0.3083710941846179,0.3071248298037446
lendingclub,MO,3,535,2116,5.444444444444445,1.0,0.34673300478680313,0.3815359540048896,0.3815359540048896,0.3815359540048896,0.3815359540048896,0.3815359540048896
lendingclub,MO,3,535,2116,5.444444444444445,1.0,0.3298149984916206,0.4101706992362511,0.4101706992362511,0.4101706992362511,0.4101706992362511,0.4101706992362511
lendingclub,MO,3,535,2116,5.444444444444445,1.0,0.3071248298037446,0.30058139738307305,0.30058139738307305,0.30058139738307305,0.30058139738307305,0.3071248298037446
lendingclub,MO,4,535,2650,5.444444444444445,1.0,0.34673300478680313,0.4031782578194376,0.4031782578194376,0.4031782578194376,0.4031782578194376,0.4031782578194376
lendingclub,MO,4,535,2650,5.444444444444445,1.0,0.3298149984916206,0.3514237382779908,0.3514237382779908,0.3514237382779908,0.3514237382779908,0.3514237382779908
lendingclub,MO,4,535,2650,5.444444444444445,0.625,0.3071248298037446,0.2781713088478183,0.2781713088478183,0.2781713088478183,0.2911533444802345,0.3071248298037446
lendingclub,MO,4,535,4088,5.444444444444445,1.0,0.34673300478680313,0.38191679730326134,0.38191679730326134,0.38191679730326134,0.38191679730326134,0.38191679730326134
lendingclub,MO,4,535,4088,5.444444444444445,1.0,0.3298149984916206,0.391526080885129,0.391526080885129,0.391526080885129,0.391526080885129,0.391526080885129
lendingclub,MO,4,535,4088,5.444444444444445,1.0,0.3071248298037446,0.2960857697273453,0.2960857697273453,0.2960857697273453,0.2960857697273453,0.3071248298037446
lendingclub,MO,4,535,9616,5.444444444444445,1.0,0.34673300478680313,0.39434777686213396,0.39434777686213396,0.39434777686213396,0.39434777686213396,0.39434777686213396
lendingclub,MO,4,535,9616,5.444444444444445,1.0,0.3298149984916206,0.38991150973677,0.38991150973677,0.38991150973677,0.38991150973677,0.38991150973677
lendingclub,MO,4,535,9616,5.444444444444445,0.375,0.3071248298037446,0.2865316868688964,0.2865316868688964,0.2865316868688964,0.30159656023704556,0.3071248298037446
lendingclub,MO,4,535,9917,5.444444444444445,0.875,0.34673300478680313,0.4256547843319548,0.4256547843319548,0.4256547843319548,0.4127602898769649,0.4256547843319548
lendingclub,MO,4,535,9917,5.444444444444445,1.0,0.3298149984916206,0.3992679232294902,0.3992679232294902,0.3992679232294902,0.3992679232294902,0.3992679232294902
lendingclub,MO,4,535,9917,5.444444444444445,0.375,0.3071248298037446,0.28433344692756934,0.28433344692756934,0.28433344692756934,0.30397531432493674,0.3071248298037446
lendingclub,MO,2,535,7516,5.444444444444445,1.0,0.34673300478680313,0.4039502238218274,0.4039502238218274,0.4039502238218274,0.4039502238218274,0.4039502238218274
lendingclub,MO,2,535,7516,5.444444444444445,1.0,0.3298149984916206,0.3991128536589489,0.3991128536589489,0.3991128536589489,0.3991128536589489,0.3991128536589489
lendingclub,MO,2,535,7516,5.444444444444445,0.375,0.3071248298037446,0.2891563820250583,0.2891563820250583,0.2891563820250583,0.3031459097024145,0.3071248298037446
lendingclub,MO,4,535,6760,5.444444444444445,0.875,0.34673300478680313,0.3957953302164246,0.3957953302164246,0.3957953302164246,0.37822485620214796,0.3957953302164246
lendingclub,MO,4,535,6760,5.444444444444445,1.0,0.3298149984916206,0.3505030501065953,0.3505030501065953,0.3505030501065953,0.3505030501065953,0.3505030501065953
lendingclub,MO,4,535,6760,5.444444444444445,0.375,0.3071248298037446,0.28886684586440803,0.28886684586440803,0.28886684586440803,0.30415677127109564,0.3071248298037446
lendingclub,MO,4,535,3603,5.444444444444445,0.875,0.34673300478680313,0.38551279799387767,0.38551279799387767,0.38551279799387767,0.382024704567456,0.38551279799387767
lendingclub,MO,4,535,3603,5.444444444444445,1.0,0.3298149984916206,0.39455196224283406,0.39455196224283406,0.39455196224283406,0.39455196224283406,0.39455196224283406
lendingclub,MO,4,535,3603,5.444444444444445,0.25,0.3071248298037446,0.3049856217743323,0.3049856217743323,0.3049856217743323,0.30712679761048844,0.3071248298037446
lendingclub,MO,4,535,3283,5.444444444444445,1.0,0.34673300478680313,0.34397519328187687,0.34397519328187687,0.34397519328187687,0.34397519328187687,0.34673300478680313
lendingclub,MO,4,535,3283,5.444444444444445,1.0,0.3298149984916206,0.377074381725626,0.377074381725626,0.377074381725626,0.377074381725626,0.377074381725626
lendingclub,MO,4,535,3283,5.444444444444445,0.375,0.3071248298037446,0.2924661282974313,0.2924661282974313,0.3071248298037446,0.3048262269161668,0.3071248298037446
lendingclub,MO,2,535,4592,5.444444444444445,1.0,0.34673300478680313,0.4044460751787338,0.4044460751787338,0.4044460751787338,0.4044460751787338,0.4044460751787338
lendingclub,MO,2,535,4592,5.444444444444445,1.0,0.3298149984916206,0.36283388595385724,0.36283388595385724,0.36283388595385724,0.36283388595385724,0.36283388595385724
lendingclub,MO,2,535,4592,5.444444444444445,0.25,0.3071248298037446,0.29586517351084735,0.29586517351084735,0.29586517351084735,0.3042716020531392,0.3071248298037446
lendingclub,MO,2,535,1818,5.444444444444445,1.0,0.34673300478680313,0.33703563740862175,0.33703563740862175,0.33703563740862175,0.33703563740862175,0.34673300478680313
lendingclub,MO,2,535,1818,5.444444444444445,1.0,0.3298149984916206,0.33224792956377125,0.33224792956377125,0.33224792956377125,0.33224792956377125,0.33224792956377125
lendingclub,MO,2,535,1818,5.444444444444445,0.125,0.3071248298037446,0.29567683409214873,0.29567683409214873,0.3071248298037446,0.3072122710723548,0.3071248298037446
lendingclub,MT,4,67,5198,0.6666666666666666,1.0,0.7259259259259259,0.18874458874458874,0.18874458874458874,0.18874458874458874,0.18874458874458874,0.7259259259259259
lendingclub,MT,4,67,5198,0.6666666666666666,0.125,0.5198168498168498,0.2456499780412824,0.2456499780412824,0.5198168498168498,0.5185853227232537,0.5198168498168498
lendingclub,MT,4,67,5198,0.6666666666666666,0.0,0.5115151515151515,0.25703703703703706,0.25703703703703706,0.5115151515151515,0.5115151515151515,0.5115151515151515
lendingclub,MT,3,67,2778,0.6666666666666666,1.0,0.7259259259259259,0.2184920634920635,0.2184920634920635,0.2184920634920635,0.2184920634920635,0.7259259259259259
lendingclub,MT,3,67,2778,0.6666666666666666,0.125,0.5198168498168498,0.29428571428571426,0.29428571428571426,0.5198168498168498,0.5198168498168498,0.5198168498168498
lendingclub,MT,3,67,2778,0.6666666666666666,1.0,0.5115151515151515,0.29705882352941176,0.29705882352941176,0.29705882352941176,0.29705882352941176,0.5115151515151515
lendingclub,MT,3,67,3214,0.6666666666666666,1.0,0.7259259259259259,0.1720330351415544,0.1720330351415544,0.1720330351415544,0.1720330351415544,0.7259259259259259
lendingclub,MT,3,67,3214,0.6666666666666666,0.0,0.5198168498168498,0.2557183557183557,0.2557183557183557,0.5198168498168498,0.5198168498168498,0.5198168498168498
lendingclub,MT,3,67,3214,0.6666666666666666,0.5,0.5115151515151515,0.24720375106564363,0.24720375106564363,0.5115151515151515,0.5533910533910533,0.5115151515151515
lendingclub,MT,4,67,4846,0.6666666666666666,1.0,0.7259259259259259,0.47722222222222227,0.47722222222222227,0.47722222222222227,0.47722222222222227,0.7259259259259259
lendingclub,MT,4,67,4846,0.6666666666666666,0.75,0.5198168498168498,0.2389272030651341,0.2389272030651341,0.5198168498168498,0.32435288849081956,0.5198168498168498
lendingclub,MT,4,67,4846,0.6666666666666666,1.0,0.5115151515151515,0.5715384615384616,0.5715384615384616,0.5715384615384616,0.5715384615384616,0.5715384615384616
lendingclub,MT,3,67,3632,0.6666666666666666,1.0,0.7259259259259259,0.35297619047619044,0.35297619047619044,0.35297619047619044,0.35297619047619044,0.7259259259259259
lendingclub,MT,3,67,3632,0.6666666666666666,0.25,0.5198168498168498,0.27268788682581785,0.27268788682581785,0.5198168498168498,0.5198160919540229,0.5198168498168498
lendingclub,MT,3,67,3632,0.6666666666666666,1.0,0.5115151515151515,0.5031077694235588,0.5031077694235588,0.5031077694235588,0.5031077694235588,0.5115151515151515
lendingclub,MT,4,67,4829,0.6666666666666666,1.0,0.7259259259259259,0.25369532428355956,0.25369532428355956,0.25369532428355956,0.25369532428355956,0.7259259259259259
lendingclub,MT,4,67,4829,0.6666666666666666,0.125,0.5198168498168498,0.23607006020799126,0.23607006020799126,0.5198168498168498,0.5185853227232537,0.5198168498168498
lendingclub,MT,4,67,4829,0.6666666666666666,1.0,0.5115151515151515,0.40608391608391614,0.40608391608391614,0.40608391608391614,0.40608391608391614,0.5115151515151515
lendingclub,MT,2,67,1247,0.6666666666666666,1.0,0.7259259259259259,0.16798925212718316,0.16798925212718316,0.16798925212718316,0.16798925212718316,0.7259259259259259
lendingclub,MT,2,67,1247,0.6666666666666666,0.0,0.5198168498168498,0.4516256157635468,0.4516256157635468,0.5198168498168498,0.5198168498168498,0.5198168498168498
lendingclub,MT,2,67,1247,0.6666666666666666,0.0,0.5115151515151515,0.26617107030900133,0.26617107030900133,0.5115151515151515,0.5115151515151515,0.5115151515151515
lendingclub,MT,1,67,188,0.6666666666666666,0.125,0.7259259259259259,0.42715675129468234,0.42715675129468234,0.7259259259259259,0.7370370370370369,0.7259259259259259
lendingclub,MT,1,67,188,0.6666666666666666,0.0,0.5198168498168498,0.19917972831765934,0.19917972831765934,0.5198168498168498,0.5198168498168498,0.5198168498168498
lendingclub,MT,1,67,188,0.6666666666666666,0.5,0.5115151515151515,0.4263403263403263,0.4263403263403263,0.4263403263403263,0.5762055335968379,0.5115151515151515
lendingclub,MT,1,67,317,0.6666666666666666,0.875,0.7259259259259259,0.14639484653277757,0.14639484653277757,0.14639484653277757,0.14718117131910236,0.7259259259259259
lendingclub,MT,1,67,317,0.6666666666666666,0.0,0.5198168498168498,0.19935127674258107,0.19935127674258107,0.5198168498168498,0.5198168498168498,0.5198168498168498
lendingclub,MT,1,67,317,0.6666666666666666,0.375,0.5115151515151515,0.19436154649947754,0.19436154649947754,0.5115151515151515,0.5318115942028985,0.5115151515151515
lendingclub,MT,2,67,2167,0.6666666666666666,1.0,0.7259259259259259,0.34296703296703296,0.34296703296703296,0.34296703296703296,0.34296703296703296,0.7259259259259259
lendingclub,MT,2,67,2167,0.6666666666666666,0.25,0.5198168498168498,0.24358815097945533,0.24358815097945533,0.5198168498168498,0.4985853227232538,0.5198168498168498
lendingclub,MT,2,67,2167,0.6666666666666666,1.0,0.5115151515151515,0.30963369963369963,0.30963369963369963,0.30963369963369963,0.30963369963369963,0.5115151515151515
lendingclub,MT,1,67,1487,0.6666666666666666,1.0,0.7259259259259259,0.21569487983281088,0.21569487983281088,0.21569487983281088,0.21569487983281088,0.7259259259259259
lendingclub,MT,1,67,1487,0.6666666666666666,0.125,0.5198168498168498,0.3817948717948718,0.3817948717948718,0.5198168498168498,0.5185853227232537,0.5198168498168498
lendingclub,MT,1,67,1487,0.6666666666666666,0.625,0.5115151515151515,0.21304430863254392,0.21304430863254392,0.5115151515151515,0.5115151515151515,0.5115151515151515
lendingclub,NC,4,581,1872,4.888888888888889,0.625,0.19712101254599007,0.22189097736241253,0.22189097736241253,0.19712101254599007,0.2094920955605495,0.22189097736241253
lendingclub,NC,4,581,1872,4.888888888888889,1.0,0.23205106378752058,0.2508041635421127,0.2508041635421127,0.2508041635421127,0.2508041635421127,0.2508041635421127
lendingclub,NC,4,581,1872,4.888888888888889,1.0,0.21945691066973705,0.2563336306075551,0.2563336306075551,0.2563336306075551,0.2563336306075551,0.2563336306075551
lendingclub,NC,4,581,1153,4.888888888888889,1.0,0.19712101254599007,0.20802561185719848,0.20802561185719848,0.20802561185719848,0.20802561185719848,0.20802561185719848
lendingclub,NC,4,581,1153,4.888888888888889,0.5,0.23205106378752058,0.24897878070547289,0.24897878070547289,0.23205106378752058,0.24300280935302665,0.24897878070547289
lendingclub,NC,4,581,1153,4.888888888888889,0.75,0.21945691066973705,0.2878535503919159,0.2878535503919159,0.2878535503919159,0.2731796083308225,0.2878535503919159
lendingclub,NC,3,581,2114,4.888888888888889,1.0,0.19712101254599007,0.21618463987209455,0.21618463987209455,0.21618463987209455,0.21618463987209455,0.21618463987209455
lendingclub,NC,3,581,2114,4.888888888888889,0.25,0.23205106378752058,0.2881874862502317,0.2881874862502317,0.23205106378752058,0.24176945171840983,0.2881874862502317
lendingclub,NC,3,581,2114,4.888888888888889,1.0,0.21945691066973705,0.25006758608971197,0.25006758608971197,0.25006758608971197,0.25006758608971197,0.25006758608971197
lendingclub,NC,4,581,1168,4.888888888888889,0.25,0.19712101254599007,0.24056502046660155,0.24056502046660155,0.19712101254599007,0.20501424820600017,0.24056502046660155
lendingclub,NC,4,581,1168,4.888888888888889,0.75,0.23205106378752058,0.24311693265105022,0.24311693265105022,0.24311693265105022,0.23958992086373698,0.24311693265105022
lendingclub,NC,4,581,1168,4.888888888888889,0.5,0.21945691066973705,0.25401898779048254,0.25401898779048254,0.21945691066973705,0.2463696142032763,0.25401898779048254
lendingclub,NC,1,581,1503,4.888888888888889,0.5,0.19712101254599007,0.20535666015348733,0.20535666015348733,0.19712101254599007,0.19500289648658045,0.20535666015348733
lendingclub,NC,1,581,1503,4.888888888888889,1.0,0.23205106378752058,0.2383095918622312,0.2383095918622312,0.2383095918622312,0.2383095918622312,0.2383095918622312
lendingclub,NC,1,581,1503,4.888888888888889,0.25,0.21945691066973705,0.27265731960994,0.27265731960994,0.21945691066973705,0.2327970177414438,0.27265731960994
lendingclub,NC,3,581,1493,4.888888888888889,0.75,0.19712101254599007,0.22944538814648213,0.22944538814648213,0.22944538814648213,0.21879328096870648,0.22944538814648213
lendingclub,NC,3,581,1493,4.888888888888889,0.875,0.23205106378752058,0.236493570281691,0.236493570281691,0.236493570281691,0.23694093742940453,0.236493570281691
lendingclub,NC,3,581,1493,4.888888888888889,0.75,0.21945691066973705,0.2482181707707334,0.2482181707707334,0.2482181707707334,0.23852258830457843,0.2482181707707334
lendingclub,NC,3,581,1742,4.888888888888889,0.75,0.19712101254599007,0.21512850006453418,0.21512850006453418,0.21512850006453418,0.20794879094369345,0.21512850006453418
lendingclub,NC,3,581,1742,4.888888888888889,0.375,0.23205106378752058,0.2701184196508445,0.2701184196508445,0.23205106378752058,0.2396177862620088,0.2701184196508445
lendingclub,NC,3,581,1742,4.888888888888889,0.875,0.21945691066973705,0.27769393705551293,0.27769393705551293,0.27769393705551293,0.26380839191046235,0.27769393705551293
lendingclub,NC,2,581,950,4.888888888888889,0.625,0.19712101254599007,0.21949592384999606,0.21949592384999606,0.19712101254599007,0.20700230645614592,0.21949592384999606
lendingclub,NC,2,581,950,4.888888888888889,0.125,0.23205106378752058,0.27292769053755433,0.27292769053755433,0.23205106378752058,0.234358638280521,0.27292769053755433
lendingclub,NC,2,581,950,4.888888888888889,0.375,0.21945691066973705,0.24241360687261648,0.24241360687261648,0.21945691066973705,0.22399940518293096,0.24241360687261648
lendingclub,NC,4,581,4002,4.888888888888889,0.625,0.19712101254599007,0.24607532690379363,0.24607532690379363,0.19712101254599007,0.2077732599181163,0.24607532690379363
lendingclub,NC,4,581,4002,4.888888888888889,0.875,0.23205106378752058,0.2872572109210419,0.2872572109210419,0.2872572109210419,0.2765560285821456,0.2872572109210419
lendingclub,NC,4,581,4002,4.888888888888889,0.5,0.21945691066973705,0.27985744154684344,0.27985744154684344,0.27985744154684344,0.23783577519477586,0.27985744154684344
lendingclub,NC,1,581,652,4.888888888888889,0.5,0.19712101254599007,0.21002400555056708,0.21002400555056708,0.19712101254599007,0.2037090656017683,0.21002400555056708
lendingclub,NC,1,581,652,4.888888888888889,0.25,0.23205106378752058,0.22010335995609817,0.22010335995609817,0.23205106378752058,0.23152196748349385,0.23205106378752058
lendingclub,NC,1,581,652,4.888888888888889,0.875,0.21945691066973705,0.2140859307816695,0.2140859307816695,0.2140859307816695,0.2137309422801913,0.21945691066973705
lendingclub,NC,2,581,1607,4.888888888888889,0.0,0.19712101254599007,0.2343757181352374,0.2343757181352374,0.19712101254599007,0.19712101254599007,0.2343757181352374
lendingclub,NC,2,581,1607,4.888888888888889,0.125,0.23205106378752058,0.2590938216699109,0.2590938216699109,0.23205106378752058,0.2357122921888681,0.2590938216699109
lendingclub,NC,2,581,1607,4.888888888888889,0.25,0.21945691066973705,0.2571664389851822,0.2571664389851822,0.21945691066973705,0.22593477754832364,0.2571664389851822
lendingclub,NC,2,581,603,4.888888888888889,1.0,0.19712101254599007,0.19932596875705885,0.19932596875705885,0.19932596875705885,0.19932596875705885,0.19932596875705885
lendingclub,NC,2,581,603,4.888888888888889,0.0,0.23205106378752058,0.2378711791319148,0.2378711791319148,0.23205106378752058,0.23205106378752058,0.2378711791319148
lendingclub,NC,2,581,603,4.888888888888889,0.875,0.21945691066973705,0.24425567753359917,0.24425567753359917,0.24425567753359917,0.24176701645120582,0.24425567753359917
lendingclub,NH,4,131,2919,1.0555555555555556,1.0,0.21643470246411425,0.3590693897297671,0.3590693897297671,0.3590693897297671,0.3590693897297671,0.3590693897297671
lendingclub,NH,4,131,2919,1.0555555555555556,0.75,0.1464270683020683,0.176508694220483,0.176508694220483,0.176508694220483,0.1880522401575033,0.176508694220483
lendingclub,NH,4,131,2919,1.0555555555555556,0.0,0.16961106023606023,0.2191464285454055,0.2191464285454055,0.16961106023606023,0.16961106023606023,0.2191464285454055
lendingclub,NH,4,131,3357,1.0555555555555556,1.0,0.21643470246411425,0.3657116032116032,0.3657116032116032,0.3657116032116032,0.3657116032116032,0.3657116032116032
lendingclub,NH,4,131,3357,1.0555555555555556,0.875,0.1464270683020683,0.2251666258270032,0.2251666258270032,0.2251666258270032,0.23191938695124603,0.2251666258270032
lendingclub,NH,4,131,3357,1.0555555555555556,0.125,0.16961106023606023,0.2865303577571379,0.2865303577571379,0.16961106023606023,0.1691656994374386,0.2865303577571379
lendingclub,NH,3,131,2258,1.0555555555555556,1.0,0.21643470246411425,0.331953197945845,0.331953197945845,0.331953197945845,0.331953197945845,0.331953197945845
lendingclub,NH,3,131,2258,1.0555555555555556,0.625,0.1464270683020683,0.18479431014451986,0.18479431014451986,0.18479431014451986,0.20597374173709312,0.18479431014451986
lendingclub,NH,3,131,2258,1.0555555555555556,0.0,0.16961106023606023,0.2823728510076513,0.2823728510076513,0.16961106023606023,0.16961106023606023,0.2823728510076513
lendingclub,NH,4,131,5700,1.0555555555555556,0.875,0.21643470246411425,0.40489198301698304,0.40489198301698304,0.40489198301698304,0.37315210218702866,0.40489198301698304
lendingclub,NH,4,131,5700,1.0555555555555556,0.875,0.1464270683020683,0.19325452663867296,0.19325452663867296,0.19325452663867296,0.18943283790222157,0.19325452663867296
lendingclub,NH,4,131,5700,1.0555555555555556,0.125,0.16961106023606023,0.22956327003971316,0.22956327003971316,0.16961106023606023,0.17940499139548055,0.22956327003971316
lendingclub,NH,1,131,136,1.0555555555555556,0.0,0.21643470246411425,0.3033225108225108,0.3033225108225108,0.21643470246411425,0.21643470246411425,0.3033225108225108
lendingclub,NH,1,131,136,1.0555555555555556,0.875,0.1464270683020683,0.12866088272266762,0.12866088272266762,0.12866088272266762,0.1319953629926483,0.1464270683020683
lendingclub,NH,1,131,136,1.0555555555555556,0.125,0.16961106023606023,0.14556793503194432,0.14556793503194432,0.16961106023606023,0.17109915547415547,0.16961106023606023
lendingclub,NH,3,131,374,1.0555555555555556,1.0,0.21643470246411425,0.23491771708683473,0.23491771708683473,0.23491771708683473,0.23491771708683473,0.23491771708683473
lendingclub,NH,3,131,374,1.0555555555555556,1.0,0.1464270683020683,0.16979429587562286,0.16979429587562286,0.16979429587562286,0.16979429587562286,0.16979429587562286
lendingclub,NH,3,131,374,1.0555555555555556,0.625,0.16961106023606023,0.15631803511918602,0.15631803511918602,0.16961106023606023,0.1543554956650418,0.16961106023606023
lendingclub,NH,4,131,1591,1.0555555555555556,1.0,0.21643470246411425,0.3428054224738676,0.3428054224738676,0.3428054224738676,0.3428054224738676,0.3428054224738676
lendingclub,NH,4,131,1591,1.0555555555555556,1.0,0.1464270683020683,0.22803896182433916,0.22803896182433916,0.22803896182433916,0.22803896182433916,0.22803896182433916
lendingclub,NH,4,131,1591,1.0555555555555556,0.125,0.16961106023606023,0.21805794138111212,0.21805794138111212,0.16961106023606023,0.1698245327575622,0.21805794138111212
lendingclub,NH,2,131,1312,1.0555555555555556,1.0,0.21643470246411425,0.4106005553586199,0.4106005553586199,0.4106005553586199,0.4106005553586199,0.4106005553586199
lendingclub,NH,2,131,1312,1.0555555555555556,1.0,0.1464270683020683,0.23361177641813802,0.23361177641813802,0.23361177641813802,0.23361177641813802,0.23361177641813802
lendingclub,NH,2,131,1312,1.0555555555555556,0.0,0.16961106023606023,0.27119740639477485,0.27119740639477485,0.16961106023606023,0.16961106023606023,0.27119740639477485
lendingclub,NH,1,131,765,1.0555555555555556,1.0,0.21643470246411425,0.3033131622805536,0.3033131622805536,0.3033131622805536,0.3033131622805536,0.3033131622805536
lendingclub,NH,1,131,765,1.0555555555555556,0.75,0.1464270683020683,0.22852123721688938,0.22852123721688938,0.22852123721688938,0.22949028162442797,0.22852123721688938
lendingclub,NH,1,131,765,1.0555555555555556,0.125,0.16961106023606023,0.20152049339549338,0.20152049339549338,0.16961106023606023,0.16976093753267668,0.20152049339549338
lendingclub,NH,1,131,96,1.0555555555555556,1.0,0.21643470246411425,0.23044880902185802,0.23044880902185802,0.23044880902185802,0.23044880902185802,0.23044880902185802
lendingclub,NH,1,131,96,1.0555555555555556,1.0,0.1464270683020683,0.15443162804603755,0.15443162804603755,0.15443162804603755,0.15443162804603755,0.15443162804603755
lendingclub,NH,1,131,96,1.0555555555555556,0.0,0.16961106023606023,0.17079724433633103,0.17079724433633103,0.16961106023606023,0.16961106023606023,0.17079724433633103
lendingclub,NH,2,131,2477,1.0555555555555556,1.0,0.21643470246411425,0.37106782106782105,0.37106782106782105,0.37106782106782105,0.37106782106782105,0.37106782106782105
lendingclub,NH,2,131,2477,1.0555555555555556,1.0,0.1464270683020683,0.20466983043877646,0.20466983043877646,0.20466983043877646,0.20466983043877646,0.20466983043877646
lendingclub,NH,2,131,2477,1.0555555555555556,0.75,0.16961106023606023,0.223483460983461,0.223483460983461,0.16961106023606023,0.20806688878497392,0.223483460983461
lendingclub,NH,2,131,3193,1.0555555555555556,0.875,0.21643470246411425,0.3380211962833914,0.3380211962833914,0.3380211962833914,0.40654048458396286,0.3380211962833914
lendingclub,NH,2,131,3193,1.0555555555555556,1.0,0.1464270683020683,0.1864595981124114,0.1864595981124114,0.1864595981124114,0.1864595981124114,0.1864595981124114
lendingclub,NH,2,131,3193,1.0555555555555556,0.125,0.16961106023606023,0.19678281488626317,0.19678281488626317,0.16961106023606023,0.1776291523413234,0.19678281488626317
lendingclub,NJ,4,1391,2027,12.0,1.0,0.25079297469844464,0.24320854169290868,0.25079297469844464,0.24320854169290868,0.24320854169290868,0.25079297469844464
lendingclub,NJ,4,1391,2027,12.0,1.0,0.2760068974068252,0.2667067342739526,0.2760068974068252,0.2667067342739526,0.2667067342739526,0.2760068974068252
lendingclub,NJ,4,1391,2027,12.0,0.375,0.3219456306362498,0.3127859929190406,0.3219456306362498,0.3219456306362498,0.324274544788035,0.3219456306362498
lendingclub,NJ,3,1391,1814,12.0,1.0,0.25079297469844464,0.2502859336722536,0.25079297469844464,0.2502859336722536,0.2502859336722536,0.25079297469844464
lendingclub,NJ,3,1391,1814,12.0,0.0,0.2760068974068252,0.2861179442830053,0.2760068974068252,0.2760068974068252,0.2760068974068252,0.2861179442830053
lendingclub,NJ,3,1391,1814,12.0,1.0,0.3219456306362498,0.3237690412022499,0.3219456306362498,0.3237690412022499,0.3237690412022499,0.3237690412022499
lendingclub,NJ,3,1391,2151,12.0,1.0,0.25079297469844464,0.2424347169100361,0.25079297469844464,0.2424347169100361,0.2424347169100361,0.25079297469844464
lendingclub,NJ,3,1391,2151,12.0,0.5,0.2760068974068252,0.26196474554632704,0.2760068974068252,0.2760068974068252,0.27536835028943935,0.2760068974068252
lendingclub,NJ,3,1391,2151,12.0,0.0,0.3219456306362498,0.29791935026498484,0.3219456306362498,0.3219456306362498,0.3219456306362498,0.3219456306362498
lendingclub,NJ,4,1391,2155,12.0,1.0,0.25079297469844464,0.2485483197307244,0.25079297469844464,0.2485483197307244,0.2485483197307244,0.25079297469844464
lendingclub,NJ,4,1391,2155,12.0,0.625,0.2760068974068252,0.2617013670962029,0.2760068974068252,0.2617013670962029,0.2706479847006099,0.2760068974068252
lendingclub,NJ,4,1391,2155,12.0,0.875,0.3219456306362498,0.2933987574059169,0.3219456306362498,0.2933987574059169,0.29748206608013245,0.3219456306362498
lendingclub,NJ,4,1391,2703,12.0,0.875,0.25079297469844464,0.25540640359692257,0.25079297469844464,0.25540640359692257,0.2545257644281892,0.25540640359692257
lendingclub,NJ,4,1391,2703,12.0,0.125,0.2760068974068252,0.27945230870962146,0.2760068974068252,0.2760068974068252,0.2800644815224601,0.27945230870962146
lendingclub,NJ,4,1391,2703,12.0,0.0,0.3219456306362498,0.31725964069588997,0.3219456306362498,0.3219456306362498,0.3219456306362498,0.3219456306362498
lendingclub,NJ,2,1391,1729,12.0,0.875,0.25079297469844464,0.25714019821145107,0.25079297469844464,0.25714019821145107,0.25697676914010453,0.25714019821145107
lendingclub,NJ,2,1391,1729,12.0,0.625,0.2760068974068252,0.2811184371479907,0.2760068974068252,0.2760068974068252,0.2874720908670007,0.2811184371479907
lendingclub,NJ,2,1391,1729,12.0,0.0,0.3219456306362498,0.3138853554463047,0.3219456306362498,0.3219456306362498,0.3219456306362498,0.3219456306362498
lendingclub,NJ,3,1391,1712,12.0,1.0,0.25079297469844464,0.24561766416444708,0.25079297469844464,0.24561766416444708,0.24561766416444708,0.25079297469844464
lendingclub,NJ,3,1391,1712,12.0,0.25,0.2760068974068252,0.2657096480992811,0.2760068974068252,0.2760068974068252,0.2760233408308828,0.2760068974068252
lendingclub,NJ,3,1391,1712,12.0,0.0,0.3219456306362498,0.3154382141117713,0.3219456306362498,0.3219456306362498,0.3219456306362498,0.3219456306362498
lendingclub,NJ,1,1391,188,12.0,0.875,0.25079297469844464,0.2503792138629434,0.25079297469844464,0.2503792138629434,0.2496479404278177,0.25079297469844464
lendingclub,NJ,1,1391,188,12.0,0.875,0.2760068974068252,0.277533518219546,0.2760068974068252,0.277533518219546,0.27549495399160634,0.277533518219546
lendingclub,NJ,1,1391,188,12.0,1.0,0.3219456306362498,0.31618513403320203,0.3219456306362498,0.31618513403320203,0.31618513403320203,0.3219456306362498
lendingclub,NJ,3,1391,2143,12.0,1.0,0.25079297469844464,0.2555956395328636,0.25079297469844464,0.2555956395328636,0.2555956395328636,0.2555956395328636
lendingclub,NJ,3,1391,2143,12.0,0.5,0.2760068974068252,0.278257833143651,0.2760068974068252,0.278257833143651,0.28198874329353185,0.278257833143651
lendingclub,NJ,3,1391,2143,12.0,0.0,0.3219456306362498,0.32739882552072175,0.3219456306362498,0.3219456306362498,0.3219456306362498,0.32739882552072175
lendingclub,NJ,2,1391,466,12.0,1.0,0.25079297469844464,0.24371874723000408,0.25079297469844464,0.24371874723000408,0.24371874723000408,0.25079297469844464
lendingclub,NJ,2,1391,466,12.0,1.0,0.2760068974068252,0.2793936395870981,0.2760068974068252,0.2793936395870981,0.2793936395870981,0.2793936395870981
lendingclub,NJ,2,1391,466,12.0,0.0,0.3219456306362498,0.3200270589483484,0.3219456306362498,0.3219456306362498,0.3219456306362498,0.3219456306362498
lendingclub,NJ,4,1391,4898,12.0,1.0,0.25079297469844464,0.24425427244401798,0.25079297469844464,0.24425427244401798,0.24425427244401798,0.25079297469844464
lendingclub,NJ,4,1391,4898,12.0,1.0,0.2760068974068252,0.2815699392434361,0.2760068974068252,0.2815699392434361,0.2815699392434361,0.2815699392434361
lendingclub,NJ,4,1391,4898,12.0,0.0,0.3219456306362498,0.30976230269048227,0.3219456306362498,0.3219456306362498,0.3219456306362498,0.3219456306362498
lendingclub,NJ,1,1391,87,12.0,1.0,0.25079297469844464,0.2500324477369025,0.25079297469844464,0.2500324477369025,0.2500324477369025,0.25079297469844464
lendingclub,NJ,1,1391,87,12.0,1.0,0.2760068974068252,0.2737636035409707,0.2760068974068252,0.2737636035409707,0.2737636035409707,0.2760068974068252
lendingclub,NJ,1,1391,87,12.0,1.0,0.3219456306362498,0.3173758773211895,0.3219456306362498,0.3173758773211895,0.3173758773211895,0.3219456306362498
lendingclub,NM,3,143,1473,1.2777777777777777,0.0,0.19277307890347845,0.38235605995134125,0.38235605995134125,0.19277307890347845,0.19277307890347845,0.38235605995134125
lendingclub,NM,3,143,1473,1.2777777777777777,0.25,0.19589816718388145,0.2927940877205583,0.2927940877205583,0.19589816718388145,0.20901257277490215,0.2927940877205583
lendingclub,NM,3,143,1473,1.2777777777777777,0.625,0.15909820340993433,0.15726505500108331,0.15726505500108331,0.15909820340993433,0.1508483779632722,0.15909820340993433
lendingclub,NM,1,143,933,1.2777777777777777,0.0,0.19277307890347845,0.4081724955005115,0.4081724955005115,0.19277307890347845,0.19277307890347845,0.4081724955005115
lendingclub,NM,1,143,933,1.2777777777777777,0.375,0.19589816718388145,0.36651717776829285,0.36651717776829285,0.19589816718388145,0.21350315222642646,0.36651717776829285
lendingclub,NM,1,143,933,1.2777777777777777,0.75,0.15909820340993433,0.19689417528667022,0.19689417528667022,0.15909820340993433,0.17107185736510006,0.19689417528667022
lendingclub,NM,3,143,2784,1.2777777777777777,0.0,0.19277307890347845,0.2900762477149847,0.2900762477149847,0.19277307890347845,0.19277307890347845,0.2900762477149847
lendingclub,NM,3,143,2784,1.2777777777777777,0.25,0.19589816718388145,0.2772034787761107,0.2772034787761107,0.19589816718388145,0.20706599913496462,0.2772034787761107
lendingclub,NM,3,143,2784,1.2777777777777777,0.625,0.15909820340993433,0.24949567258479532,0.24949567258479532,0.15909820340993433,0.15453966832291954,0.24949567258479532
lendingclub,NM,4,143,2661,1.2777777777777777,0.875,0.19277307890347845,0.3217332323464164,0.3217332323464164,0.19277307890347845,0.258428805612415,0.3217332323464164
lendingclub,NM,4,143,2661,1.2777777777777777,0.25,0.19589816718388145,0.2748772467370028,0.2748772467370028,0.19589816718388145,0.20447195575144758,0.2748772467370028
lendingclub,NM,4,143,2661,1.2777777777777777,0.625,0.15909820340993433,0.2742955918267422,0.2742955918267422,0.15909820340993433,0.17927464085049225,0.2742955918267422
lendingclub,NM,4,143,2990,1.2777777777777777,0.0,0.19277307890347845,0.4526155804758345,0.4526155804758345,0.19277307890347845,0.19277307890347845,0.4526155804758345
lendingclub,NM,4,143,2990,1.2777777777777777,0.375,0.19589816718388145,0.28688332663396604,0.28688332663396604,0.28688332663396604,0.2182459981940572,0.28688332663396604
lendingclub,NM,4,143,2990,1.2777777777777777,0.5,0.15909820340993433,0.1938021398890964,0.1938021398890964,0.15909820340993433,0.15363750288731948,0.1938021398890964
lendingclub,NM,2,143,2467,1.2777777777777777,0.625,0.19277307890347845,0.3429949775639431,0.3429949775639431,0.3429949775639431,0.22650181646173406,0.3429949775639431
lendingclub,NM,2,143,2467,1.2777777777777777,0.625,0.19589816718388145,0.2864474060218741,0.2864474060218741,0.2864474060218741,0.2559070033644261,0.2864474060218741
lendingclub,NM,2,143,2467,1.2777777777777777,0.625,0.15909820340993433,0.1948669851564094,0.1948669851564094,0.1948669851564094,0.15253805182416602,0.1948669851564094
lendingclub,NM,3,143,2592,1.2777777777777777,0.875,0.19277307890347845,0.49144963290492216,0.49144963290492216,0.49144963290492216,0.4389648296964348,0.49144963290492216
lendingclub,NM,3,143,2592,1.2777777777777777,0.375,0.19589816718388145,0.32370420038898295,0.32370420038898295,0.19589816718388145,0.20472722679619232,0.32370420038898295
lendingclub,NM,3,143,2592,1.2777777777777777,0.75,0.15909820340993433,0.19833674778540417,0.19833674778540417,0.15909820340993433,0.19121344044709082,0.19833674778540417
lendingclub,NM,3,143,5080,1.2777777777777777,0.5,0.19277307890347845,0.3108770068407092,0.3108770068407092,0.19277307890347845,0.2206105646392924,0.3108770068407092
lendingclub,NM,3,143,5080,1.2777777777777777,1.0,0.19589816718388145,0.30147207613547883,0.30147207613547883,0.30147207613547883,0.30147207613547883,0.30147207613547883
lendingclub,NM,3,143,5080,1.2777777777777777,0.625,0.15909820340993433,0.27284456922931843,0.27284456922931843,0.15909820340993433,0.16303269939800358,0.27284456922931843
lendingclub,NM,2,143,1684,1.2777777777777777,0.0,0.19277307890347845,0.33252265780654755,0.33252265780654755,0.19277307890347845,0.19277307890347845,0.33252265780654755
lendingclub,NM,2,143,1684,1.2777777777777777,1.0,0.19589816718388145,0.27850147160633953,0.27850147160633953,0.27850147160633953,0.27850147160633953,0.27850147160633953
lendingclub,NM,2,143,1684,1.2777777777777777,0.5,0.15909820340993433,0.18051710332011367,0.18051710332011367,0.15909820340993433,0.15134971438902786,0.18051710332011367
lendingclub,NM,3,143,1798,1.2777777777777777,0.0,0.19277307890347845,0.46202908017674693,0.46202908017674693,0.19277307890347845,0.19277307890347845,0.46202908017674693
lendingclub,NM,3,143,1798,1.2777777777777777,0.25,0.19589816718388145,0.4013722955369444,0.4013722955369444,0.19589816718388145,0.21224739619033556,0.4013722955369444
lendingclub,NM,3,143,1798,1.2777777777777777,0.625,0.15909820340993433,0.18805496983051162,0.18805496983051162,0.15909820340993433,0.1557487310540505,0.18805496983051162
lendingclub,NM,3,143,804,1.2777777777777777,0.0,0.19277307890347845,0.18021033314511575,0.18021033314511575,0.19277307890347845,0.19277307890347845,0.19277307890347845
lendingclub,NM,3,143,804,1.2777777777777777,0.875,0.19589816718388145,0.20605398827511562,0.20605398827511562,0.19589816718388145,0.2054374957265365,0.20605398827511562
lendingclub,NM,3,143,804,1.2777777777777777,0.375,0.15909820340993433,0.2386658419344102,0.2386658419344102,0.15909820340993433,0.1504141416189141,0.2386658419344102
lendingclub,NM,2,143,295,1.2777777777777777,0.0,0.19277307890347845,0.36297971712846655,0.36297971712846655,0.19277307890347845,0.19277307890347845,0.36297971712846655
lendingclub,NM,2,143,295,1.2777777777777777,0.0,0.19589816718388145,0.3152956834624332,0.3152956834624332,0.19589816718388145,0.19589816718388145,0.3152956834624332
lendingclub,NM,2,143,295,1.2777777777777777,0.75,0.15909820340993433,0.18211270618889866,0.18211270618889866,0.15909820340993433,0.17622003494672073,0.18211270618889866
lendingclub,NV,4,368,1188,4.833333333333333,1.0,0.3340878982683143,0.331889454606303,0.331889454606303,0.331889454606303,0.331889454606303,0.3340878982683143
lendingclub,NV,4,368,1188,4.833333333333333,0.25,0.4073470287960942,0.3602428234683642,0.3602428234683642,0.4073470287960942,0.40353548511657644,0.4073470287960942
lendingclub,NV,4,368,1188,4.833333333333333,0.875,0.4083458813359083,0.43002104792175844,0.43002104792175844,0.43002104792175844,0.43556352616997807,0.43002104792175844
lendingclub,NV,1,368,933,4.833333333333333,0.75,0.3340878982683143,0.34076824135215444,0.34076824135215444,0.34076824135215444,0.3428360578360294,0.34076824135215444
lendingclub,NV,1,368,933,4.833333333333333,0.375,0.4073470287960942,0.3763031717607109,0.3763031717607109,0.4073470287960942,0.4049765007955549,0.4073470287960942
lendingclub,NV,1,368,933,4.833333333333333,0.75,0.4083458813359083,0.45712663791907177,0.45712663791907177,0.45712663791907177,0.46581142520846863,0.45712663791907177
lendingclub,NV,4,368,2171,4.833333333333333,0.875,0.3340878982683143,0.3227460077329699,0.3227460077329699,0.3227460077329699,0.32179215793036287,0.3340878982683143
lendingclub,NV,4,368,2171,4.833333333333333,0.0,0.4073470287960942,0.382550774068573,0.382550774068573,0.4073470287960942,0.4073470287960942,0.4073470287960942
lendingclub,NV,4,368,2171,4.833333333333333,0.5,0.4083458813359083,0.4710113173593894,0.4710113173593894,0.4710113173593894,0.4798884677624752,0.4710113173593894
lendingclub,NV,3,368,2590,4.833333333333333,1.0,0.3340878982683143,0.3099912849453032,0.3099912849453032,0.3099912849453032,0.3099912849453032,0.3340878982683143
lendingclub,NV,3,368,2590,4.833333333333333,0.0,0.4073470287960942,0.3538294471487889,0.3538294471487889,0.4073470287960942,0.4073470287960942,0.4073470287960942
lendingclub,NV,3,368,2590,4.833333333333333,1.0,0.4083458813359083,0.44276708409555476,0.44276708409555476,0.44276708409555476,0.44276708409555476,0.44276708409555476
lendingclub,NV,3,368,2211,4.833333333333333,0.0,0.3340878982683143,0.30403922698064845,0.30403922698064845,0.3340878982683143,0.3340878982683143,0.3340878982683143
lendingclub,NV,3,368,2211,4.833333333333333,0.0,0.4073470287960942,0.37772095579377696,0.37772095579377696,0.4073470287960942,0.4073470287960942,0.4073470287960942
lendingclub,NV,3,368,2211,4.833333333333333,0.875,0.4083458813359083,0.4718161792966548,0.4718161792966548,0.4718161792966548,0.47823390586233006,0.4718161792966548
lendingclub,NV,1,368,181,4.833333333333333,1.0,0.3340878982683143,0.33956887765496335,0.33956887765496335,0.33956887765496335,0.33956887765496335,0.33956887765496335
lendingclub,NV,1,368,181,4.833333333333333,0.75,0.4073470287960942,0.3676867210351503,0.3676867210351503,0.3676867210351503,0.3751368705827901,0.4073470287960942
lendingclub,NV,1,368,181,4.833333333333333,1.0,0.4083458813359083,0.416515094896142,0.416515094896142,0.416515094896142,0.416515094896142,0.416515094896142
lendingclub,NV,1,368,1672,4.833333333333333,0.75,0.3340878982683143,0.33224256032040234,0.33224256032040234,0.33224256032040234,0.33279181239460925,0.3340878982683143
lendingclub,NV,1,368,1672,4.833333333333333,0.0,0.4073470287960942,0.371116611633379,0.371116611633379,0.4073470287960942,0.4073470287960942,0.4073470287960942
lendingclub,NV,1,368,1672,4.833333333333333,0.75,0.4083458813359083,0.4448617569104436,0.4448617569104436,0.4448617569104436,0.44110305292337815,0.4448617569104436
lendingclub,NV,2,368,676,4.833333333333333,0.0,0.3340878982683143,0.28984803732985687,0.28984803732985687,0.3340878982683143,0.3340878982683143,0.3340878982683143
lendingclub,NV,2,368,676,4.833333333333333,0.0,0.4073470287960942,0.3786000563622066,0.3786000563622066,0.4073470287960942,0.4073470287960942,0.4073470287960942
lendingclub,NV,2,368,676,4.833333333333333,1.0,0.4083458813359083,0.46152843894452,0.46152843894452,0.46152843894452,0.46152843894452,0.46152843894452
lendingclub,NV,2,368,283,4.833333333333333,0.0,0.3340878982683143,0.34752962285722855,0.34752962285722855,0.3340878982683143,0.3340878982683143,0.34752962285722855
lendingclub,NV,2,368,283,4.833333333333333,0.0,0.4073470287960942,0.3625843532717574,0.3625843532717574,0.4073470287960942,0.4073470287960942,0.4073470287960942
lendingclub,NV,2,368,283,4.833333333333333,0.75,0.4083458813359083,0.38885099022472525,0.38885099022472525,0.38885099022472525,0.4109376141612083,0.4083458813359083
lendingclub,NV,3,368,5921,4.833333333333333,0.0,0.3340878982683143,0.30073963158199407,0.30073963158199407,0.3340878982683143,0.3340878982683143,0.3340878982683143
lendingclub,NV,3,368,5921,4.833333333333333,0.0,0.4073470287960942,0.38202427119361415,0.38202427119361415,0.4073470287960942,0.4073470287960942,0.4073470287960942
lendingclub,NV,3,368,5921,4.833333333333333,0.75,0.4083458813359083,0.4631315514061163,0.4631315514061163,0.4631315514061163,0.4608470463208967,0.4631315514061163
lendingclub,NV,2,368,1166,4.833333333333333,1.0,0.3340878982683143,0.33193585810037074,0.33193585810037074,0.33193585810037074,0.33193585810037074,0.3340878982683143
lendingclub,NV,2,368,1166,4.833333333333333,0.875,0.4073470287960942,0.39755883579006845,0.39755883579006845,0.39755883579006845,0.39741138230835715,0.4073470287960942
lendingclub,NV,2,368,1166,4.833333333333333,0.625,0.4083458813359083,0.4904971584662872,0.4904971584662872,0.4904971584662872,0.47006766757151014,0.4904971584662872
lendingclub,NV,2,368,274,4.833333333333333,0.0,0.3340878982683143,0.3421554242957501,0.3421554242957501,0.3340878982683143,0.3340878982683143,0.3421554242957501
lendingclub,NV,2,368,274,4.833333333333333,0.0,0.4073470287960942,0.3578820160073526,0.3578820160073526,0.4073470287960942,0.4073470287960942,0.4073470287960942
lendingclub,NV,2,368,274,4.833333333333333,0.75,0.4083458813359083,0.43075075969283816,0.43075075969283816,0.43075075969283816,0.4366681894915517,0.43075075969283816
lendingclub,NY,1,2845,86,21.72222222222222,1.0,0.2678155529311783,0.26778782353108904,0.2678155529311783,0.26778782353108904,0.26778782353108904,0.2678155529311783
lendingclub,NY,1,2845,86,21.72222222222222,1.0,0.23032760934348093,0.22783803334184485,0.23032760934348093,0.22783803334184485,0.22783803334184485,0.23032760934348093
lendingclub,NY,1,2845,86,21.72222222222222,1.0,0.24821380292151812,0.24666280681820074,0.24821380292151812,0.24666280681820074,0.24666280681820074,0.24821380292151812
lendingclub,NY,2,2845,613,21.72222222222222,1.0,0.2678155529311783,0.2659875786023748,0.2678155529311783,0.2659875786023748,0.2659875786023748,0.2678155529311783
lendingclub,NY,2,2845,613,21.72222222222222,0.75,0.23032760934348093,0.2277962267134826,0.23032760934348093,0.2277962267134826,0.23054555896866588,0.23032760934348093
lendingclub,NY,2,2845,613,21.72222222222222,1.0,0.24821380292151812,0.24087862652214065,0.24821380292151812,0.24087862652214065,0.24087862652214065,0.24821380292151812
lendingclub,NY,2,2845,672,21.72222222222222,1.0,0.2678155529311783,0.27154111373238055,0.2678155529311783,0.27154111373238055,0.27154111373238055,0.27154111373238055
lendingclub,NY,2,2845,672,21.72222222222222,1.0,0.23032760934348093,0.23976514989866957,0.23032760934348093,0.23976514989866957,0.23976514989866957,0.23976514989866957
lendingclub,NY,2,2845,672,21.72222222222222,1.0,0.24821380292151812,0.2522496491187047,0.24821380292151812,0.2522496491187047,0.2522496491187047,0.2522496491187047
lendingclub,NY,2,2845,432,21.72222222222222,0.875,0.2678155529311783,0.27232965858710745,0.2678155529311783,0.27232965858710745,0.27120035544530474,0.27232965858710745
lendingclub,NY,2,2845,432,21.72222222222222,0.625,0.23032760934348093,0.2293739092684778,0.23032760934348093,0.2293739092684778,0.22971698890506173,0.23032760934348093
lendingclub,NY,2,2845,432,21.72222222222222,0.625,0.24821380292151812,0.2451191972116321,0.24821380292151812,0.2451191972116321,0.24721187532588323,0.24821380292151812
lendingclub,NY,4,2845,1294,21.72222222222222,1.0,0.2678155529311783,0.2759529975215393,0.2678155529311783,0.2759529975215393,0.2759529975215393,0.2759529975215393
lendingclub,NY,4,2845,1294,21.72222222222222,1.0,0.23032760934348093,0.23695052267502145,0.23032760934348093,0.23695052267502145,0.23695052267502145,0.23695052267502145
lendingclub,NY,4,2845,1294,21.72222222222222,1.0,0.24821380292151812,0.2522508450663269,0.24821380292151812,0.2522508450663269,0.2522508450663269,0.2522508450663269
lendingclub,NY,3,2845,3863,21.72222222222222,0.625,0.2678155529311783,0.2649941677773586,0.2678155529311783,0.2649941677773586,0.2665992406330772,0.2678155529311783
lendingclub,NY,3,2845,3863,21.72222222222222,1.0,0.23032760934348093,0.23450132461726553,0.23032760934348093,0.23450132461726553,0.23450132461726553,0.23450132461726553
lendingclub,NY,3,2845,3863,21.72222222222222,0.625,0.24821380292151812,0.24253588976243873,0.24821380292151812,0.24253588976243873,0.24324788012584037,0.24821380292151812
lendingclub,NY,1,2845,1503,21.72222222222222,1.0,0.2678155529311783,0.2809321750144737,0.2678155529311783,0.2809321750144737,0.2809321750144737,0.2809321750144737
lendingclub,NY,1,2845,1503,21.72222222222222,1.0,0.23032760934348093,0.22999351964253054,0.23032760934348093,0.22999351964253054,0.22999351964253054,0.23032760934348093
lendingclub,NY,1,2845,1503,21.72222222222222,1.0,0.24821380292151812,0.24306449520081508,0.24821380292151812,0.24306449520081508,0.24306449520081508,0.24821380292151812
lendingclub,NY,4,2845,5059,21.72222222222222,0.875,0.2678155529311783,0.27653388636700127,0.2678155529311783,0.27653388636700127,0.2760538978738352,0.27653388636700127
lendingclub,NY,4,2845,5059,21.72222222222222,1.0,0.23032760934348093,0.2331731932010962,0.23032760934348093,0.2331731932010962,0.2331731932010962,0.2331731932010962
lendingclub,NY,4,2845,5059,21.72222222222222,0.75,0.24821380292151812,0.24421825230882904,0.24821380292151812,0.24421825230882904,0.2433492420749914,0.24821380292151812
lendingclub,NY,1,2845,796,21.72222222222222,1.0,0.2678155529311783,0.26670255209004345,0.2678155529311783,0.26670255209004345,0.26670255209004345,0.2678155529311783
lendingclub,NY,1,2845,796,21.72222222222222,1.0,0.23032760934348093,0.2325878209159999,0.23032760934348093,0.2325878209159999,0.2325878209159999,0.2325878209159999
lendingclub,NY,1,2845,796,21.72222222222222,1.0,0.24821380292151812,0.24611851135924126,0.24821380292151812,0.24611851135924126,0.24611851135924126,0.24821380292151812
lendingclub,NY,2,2845,3567,21.72222222222222,0.875,0.2678155529311783,0.28116586601106364,0.2678155529311783,0.28116586601106364,0.2796838202110091,0.28116586601106364
lendingclub,NY,2,2845,3567,21.72222222222222,1.0,0.23032760934348093,0.23314577425507704,0.23032760934348093,0.23314577425507704,0.23314577425507704,0.23314577425507704
lendingclub,NY,2,2845,3567,21.72222222222222,1.0,0.24821380292151812,0.2424142847055728,0.24821380292151812,0.2424142847055728,0.2424142847055728,0.24821380292151812
lendingclub,NY,1,2845,2915,21.72222222222222,1.0,0.2678155529311783,0.2778147930873894,0.2678155529311783,0.2778147930873894,0.2778147930873894,0.2778147930873894
lendingclub,NY,1,2845,2915,21.72222222222222,1.0,0.23032760934348093,0.228132685727242,0.23032760934348093,0.228132685727242,0.228132685727242,0.23032760934348093
lendingclub,NY,1,2845,2915,21.72222222222222,1.0,0.24821380292151812,0.23893968156725093,0.24821380292151812,0.23893968156725093,0.23893968156725093,0.24821380292151812
lendingclub,NY,1,2845,57,21.72222222222222,0.125,0.2678155529311783,0.26815875012341495,0.2678155529311783,0.2678155529311783,0.26760968321304274,0.26815875012341495
lendingclub,NY,1,2845,57,21.72222222222222,1.0,0.23032760934348093,0.22897628765266864,0.23032760934348093,0.22897628765266864,0.22897628765266864,0.23032760934348093
lendingclub,NY,1,2845,57,21.72222222222222,0.75,0.24821380292151812,0.24642020446526564,0.24821380292151812,0.24642020446526564,0.24697286132274487,0.24821380292151812
lendingclub,OH,3,930,4981,6.777777777777778,0.25,0.3326988632093115,0.33122995588232235,0.33122995588232235,0.3326988632093115,0.33008219550516277,0.3326988632093115
lendingclub,OH,3,930,4981,6.777777777777778,1.0,0.29022525316485986,0.29967165276869223,0.29967165276869223,0.29967165276869223,0.29967165276869223,0.29967165276869223
lendingclub,OH,3,930,4981,6.777777777777778,1.0,0.23757899677559016,0.23699502842589162,0.23699502842589162,0.23699502842589162,0.23699502842589162,0.23757899677559016
lendingclub,OH,2,930,274,6.777777777777778,0.125,0.3326988632093115,0.3215109680918407,0.3215109680918407,0.3326988632093115,0.33272327035617183,0.3326988632093115
lendingclub,OH,2,930,274,6.777777777777778,1.0,0.29022525316485986,0.27436149899755774,0.27436149899755774,0.27436149899755774,0.27436149899755774,0.29022525316485986
lendingclub,OH,2,930,274,6.777777777777778,0.125,0.23757899677559016,0.25143798784542065,0.25143798784542065,0.23757899677559016,0.24065524516980347,0.25143798784542065
lendingclub,OH,1,930,484,6.777777777777778,0.875,0.3326988632093115,0.3612738346060527,0.3612738346060527,0.3612738346060527,0.3580282444871773,0.3612738346060527
lendingclub,OH,1,930,484,6.777777777777778,1.0,0.29022525316485986,0.3070829860092168,0.3070829860092168,0.3070829860092168,0.3070829860092168,0.3070829860092168
lendingclub,OH,1,930,484,6.777777777777778,1.0,0.23757899677559016,0.24476262550684794,0.24476262550684794,0.24476262550684794,0.24476262550684794,0.24476262550684794
lendingclub,OH,3,930,1638,6.777777777777778,0.25,0.3326988632093115,0.33567840834454804,0.33567840834454804,0.3326988632093115,0.33060024794941745,0.33567840834454804
lendingclub,OH,3,930,1638,6.777777777777778,1.0,0.29022525316485986,0.32131097133921116,0.32131097133921116,0.32131097133921116,0.32131097133921116,0.32131097133921116
lendingclub,OH,3,930,1638,6.777777777777778,0.875,0.23757899677559016,0.24446105065654725,0.24446105065654725,0.24446105065654725,0.24308983802032347,0.24446105065654725
lendingclub,OH,1,930,224,6.777777777777778,0.125,0.3326988632093115,0.3773016782056332,0.3773016782056332,0.3326988632093115,0.343245208076412,0.3773016782056332
lendingclub,OH,1,930,224,6.777777777777778,0.0,0.29022525316485986,0.2831493183311871,0.2831493183311871,0.29022525316485986,0.29022525316485986,0.29022525316485986
lendingclub,OH,1,930,224,6.777777777777778,0.875,0.23757899677559016,0.23850905850767057,0.23850905850767057,0.23850905850767057,0.2396673339659135,0.23850905850767057
lendingclub,OH,4,930,4751,6.777777777777778,0.25,0.3326988632093115,0.30089438881296876,0.30089438881296876,0.3326988632093115,0.33228113892266053,0.3326988632093115
lendingclub,OH,4,930,4751,6.777777777777778,1.0,0.29022525316485986,0.2512475786152313,0.2512475786152313,0.2512475786152313,0.2512475786152313,0.29022525316485986
lendingclub,OH,4,930,4751,6.777777777777778,0.75,0.23757899677559016,0.2349325423449261,0.2349325423449261,0.2349325423449261,0.23535822011812305,0.23757899677559016
lendingclub,OH,2,930,1668,6.777777777777778,0.5,0.3326988632093115,0.2987691008925748,0.2987691008925748,0.2987691008925748,0.32321585413215626,0.3326988632093115
lendingclub,OH,2,930,1668,6.777777777777778,1.0,0.29022525316485986,0.3134708324171336,0.3134708324171336,0.3134708324171336,0.3134708324171336,0.3134708324171336
lendingclub,OH,2,930,1668,6.777777777777778,0.875,0.23757899677559016,0.24358882671219778,0.24358882671219778,0.24358882671219778,0.24260114667371518,0.24358882671219778
lendingclub,OH,2,930,669,6.777777777777778,0.625,0.3326988632093115,0.3765800080921604,0.3765800080921604,0.3765800080921604,0.3644782584719552,0.3765800080921604
lendingclub,OH,2,930,669,6.777777777777778,0.625,0.29022525316485986,0.29963878581414743,0.29963878581414743,0.29963878581414743,0.3083695051585092,0.29963878581414743
lendingclub,OH,2,930,669,6.777777777777778,0.625,0.23757899677559016,0.2595969901389408,0.2595969901389408,0.2595969901389408,0.2515345229547151,0.2595969901389408
lendingclub,OH,2,930,2234,6.777777777777778,0.875,0.3326988632093115,0.31202272835698935,0.31202272835698935,0.31202272835698935,0.3143944996760381,0.3326988632093115
lendingclub,OH,2,930,2234,6.777777777777778,1.0,0.29022525316485986,0.2846945129862547,0.2846945129862547,0.2846945129862547,0.2846945129862547,0.29022525316485986
lendingclub,OH,2,930,2234,6.777777777777778,0.875,0.23757899677559016,0.2347378853679047,0.2347378853679047,0.2347378853679047,0.2357202569758654,0.23757899677559016
lendingclub,OH,2,930,1113,6.777777777777778,1.0,0.3326988632093115,0.28507811506345143,0.28507811506345143,0.28507811506345143,0.28507811506345143,0.3326988632093115
lendingclub,OH,2,930,1113,6.777777777777778,0.875,0.29022525316485986,0.27697936677635127,0.27697936677635127,0.27697936677635127,0.28231101793160024,0.29022525316485986
lendingclub,OH,2,930,1113,6.777777777777778,0.25,0.23757899677559016,0.24053695389453478,0.24053695389453478,0.23757899677559016,0.23808172076670958,0.24053695389453478
lendingclub,OH,2,930,973,6.777777777777778,0.25,0.3326988632093115,0.3562774117188154,0.3562774117188154,0.3326988632093115,0.3369574983602565,0.3562774117188154
lendingclub,OH,2,930,973,6.777777777777778,1.0,0.29022525316485986,0.31256295134466716,0.31256295134466716,0.31256295134466716,0.31256295134466716,0.31256295134466716
lendingclub,OH,2,930,973,6.777777777777778,1.0,0.23757899677559016,0.23522248417849975,0.23522248417849975,0.23522248417849975,0.23522248417849975,0.23757899677559016
lendingclub,OH,1,930,888,6.777777777777778,0.25,0.3326988632093115,0.3046449452438472,0.3046449452438472,0.3326988632093115,0.32530712352406904,0.3326988632093115
lendingclub,OH,1,930,888,6.777777777777778,1.0,0.29022525316485986,0.29066091057054066,0.29066091057054066,0.29066091057054066,0.29066091057054066,0.29066091057054066
lendingclub,OH,1,930,888,6.777777777777778,1.0,0.23757899677559016,0.24288650367241438,0.24288650367241438,0.24288650367241438,0.24288650367241438,0.24288650367241438
lendingclub,OK,3,221,1815,1.7222222222222223,1.0,0.2532738126629529,0.26766051314422085,0.26766051314422085,0.26766051314422085,0.26766051314422085,0.26766051314422085
lendingclub,OK,3,221,1815,1.7222222222222223,0.125,0.19190460297943657,0.2187656538217025,0.2187656538217025,0.19190460297943657,0.19320495220558614,0.2187656538217025
lendingclub,OK,3,221,1815,1.7222222222222223,0.375,0.1876689569487732,0.3507861208084644,0.3507861208084644,0.1876689569487732,0.21758143413363193,0.3507861208084644
lendingclub,OK,4,221,7861,1.7222222222222223,1.0,0.2532738126629529,0.2798848227299833,0.2798848227299833,0.2798848227299833,0.2798848227299833,0.2798848227299833
lendingclub,OK,4,221,7861,1.7222222222222223,0.0,0.19190460297943657,0.2314630894893525,0.2314630894893525,0.19190460297943657,0.19190460297943657,0.2314630894893525
lendingclub,OK,4,221,7861,1.7222222222222223,0.875,0.1876689569487732,0.30296003525070464,0.30296003525070464,0.30296003525070464,0.29770973715347115,0.30296003525070464
lendingclub,OK,3,221,7993,1.7222222222222223,1.0,0.2532738126629529,0.2673270609696137,0.2673270609696137,0.2673270609696137,0.2673270609696137,0.2673270609696137
lendingclub,OK,3,221,7993,1.7222222222222223,0.125,0.19190460297943657,0.20466177799932858,0.20466177799932858,0.19190460297943657,0.19534873545881468,0.20466177799932858
lendingclub,OK,3,221,7993,1.7222222222222223,0.5,0.1876689569487732,0.2965018625804783,0.2965018625804783,0.1876689569487732,0.22128450253502163,0.2965018625804783
lendingclub,OK,4,221,1768,1.7222222222222223,1.0,0.2532738126629529,0.24550827380570084,0.24550827380570084,0.24550827380570084,0.24550827380570084,0.2532738126629529
lendingclub,OK,4,221,1768,1.7222222222222223,0.125,0.19190460297943657,0.2078522119805151,0.2078522119805151,0.19190460297943657,0.19444378191369555,0.2078522119805151
lendingclub,OK,4,221,1768,1.7222222222222223,1.0,0.1876689569487732,0.26681452316200116,0.26681452316200116,0.26681452316200116,0.26681452316200116,0.26681452316200116
lendingclub,OK,2,221,597,1.7222222222222223,1.0,0.2532738126629529,0.23473804667345177,0.23473804667345177,0.23473804667345177,0.23473804667345177,0.2532738126629529
lendingclub,OK,2,221,597,1.7222222222222223,0.75,0.19190460297943657,0.2045905074323257,0.2045905074323257,0.19190460297943657,0.20824837734133184,0.2045905074323257
lendingclub,OK,2,221,597,1.7222222222222223,0.875,0.1876689569487732,0.1832998892199669,0.1832998892199669,0.1832998892199669,0.1810886816005855,0.1876689569487732
lendingclub,OK,4,221,4297,1.7222222222222223,1.0,0.2532738126629529,0.3081016399126402,0.3081016399126402,0.3081016399126402,0.3081016399126402,0.3081016399126402
lendingclub,OK,4,221,4297,1.7222222222222223,0.125,0.19190460297943657,0.23277035065670515,0.23277035065670515,0.19190460297943657,0.19565466858037595,0.23277035065670515
lendingclub,OK,4,221,4297,1.7222222222222223,0.375,0.1876689569487732,0.3316439035470866,0.3316439035470866,0.1876689569487732,0.2101396927835796,0.3316439035470866
lendingclub,OK,4,221,3460,1.7222222222222223,1.0,0.2532738126629529,0.24088850766607467,0.24088850766607467,0.24088850766607467,0.24088850766607467,0.2532738126629529
lendingclub,OK,4,221,3460,1.7222222222222223,0.0,0.19190460297943657,0.22315147584295908,0.22315147584295908,0.19190460297943657,0.19190460297943657,0.22315147584295908
lendingclub,OK,4,221,3460,1.7222222222222223,1.0,0.1876689569487732,0.24792947843108756,0.24792947843108756,0.24792947843108756,0.24792947843108756,0.24792947843108756
lendingclub,OK,3,221,3686,1.7222222222222223,1.0,0.2532738126629529,0.2497628236345271,0.2497628236345271,0.2497628236345271,0.2497628236345271,0.2532738126629529
lendingclub,OK,3,221,3686,1.7222222222222223,0.125,0.19190460297943657,0.2236607173214157,0.2236607173214157,0.19190460297943657,0.21084987093871593,0.2236607173214157
lendingclub,OK,3,221,3686,1.7222222222222223,1.0,0.1876689569487732,0.25478101296407485,0.25478101296407485,0.25478101296407485,0.25478101296407485,0.25478101296407485
lendingclub,OK,3,221,1126,1.7222222222222223,1.0,0.2532738126629529,0.2512228673900834,0.2512228673900834,0.2512228673900834,0.2512228673900834,0.2532738126629529
lendingclub,OK,3,221,1126,1.7222222222222223,0.0,0.19190460297943657,0.21595706311730653,0.21595706311730653,0.19190460297943657,0.19190460297943657,0.21595706311730653
lendingclub,OK,3,221,1126,1.7222222222222223,0.75,0.1876689569487732,0.23838683923227144,0.23838683923227144,0.23838683923227144,0.23159200338741934,0.23838683923227144
lendingclub,OK,4,221,3609,1.7222222222222223,1.0,0.2532738126629529,0.25697847810577845,0.25697847810577845,0.25697847810577845,0.25697847810577845,0.25697847810577845
lendingclub,OK,4,221,3609,1.7222222222222223,0.0,0.19190460297943657,0.24111235890800897,0.24111235890800897,0.19190460297943657,0.19190460297943657,0.24111235890800897
lendingclub,OK,4,221,3609,1.7222222222222223,0.75,0.1876689569487732,0.3068048485931626,0.3068048485931626,0.3068048485931626,0.26114969012743927,0.3068048485931626
lendingclub,OK,4,221,4930,1.7222222222222223,1.0,0.2532738126629529,0.26003562591024676,0.26003562591024676,0.26003562591024676,0.26003562591024676,0.26003562591024676
lendingclub,OK,4,221,4930,1.7222222222222223,0.125,0.19190460297943657,0.23538288726535844,0.23538288726535844,0.19190460297943657,0.2119295838576174,0.23538288726535844
lendingclub,OK,4,221,4930,1.7222222222222223,0.875,0.1876689569487732,0.28927139889096415,0.28927139889096415,0.28927139889096415,0.271505848052274,0.28927139889096415
lendingclub,OK,3,221,1984,1.7222222222222223,0.875,0.2532738126629529,0.23988932053274492,0.23988932053274492,0.23988932053274492,0.2465603859654203,0.2532738126629529
lendingclub,OK,3,221,1984,1.7222222222222223,0.75,0.19190460297943657,0.20700421727910343,0.20700421727910343,0.19190460297943657,0.20383476593001423,0.20700421727910343
lendingclub,OK,3,221,1984,1.7222222222222223,0.75,0.1876689569487732,0.25729450665184206,0.25729450665184206,0.25729450665184206,0.24468398139855171,0.25729450665184206
lendingclub,OR,4,327,1801,3.0,0.0,0.2983491800867005,0.4048424601296572,0.4048424601296572,0.2983491800867005,0.2983491800867005,0.4048424601296572
lendingclub,OR,4,327,1801,3.0,0.0,0.2599876593136124,0.39462796473547873,0.39462796473547873,0.2599876593136124,0.2599876593136124,0.39462796473547873
lendingclub,OR,4,327,1801,3.0,0.375,0.294313295367342,0.3570448927600238,0.3570448927600238,0.294313295367342,0.3110365370855378,0.3570448927600238
lendingclub,OR,4,327,3853,3.0,0.0,0.2983491800867005,0.34866115515103324,0.34866115515103324,0.2983491800867005,0.2983491800867005,0.34866115515103324
lendingclub,OR,4,327,3853,3.0,0.0,0.2599876593136124,0.33879529550245263,0.33879529550245263,0.2599876593136124,0.2599876593136124,0.33879529550245263
lendingclub,OR,4,327,3853,3.0,0.875,0.294313295367342,0.2646831349826248,0.2646831349826248,0.2646831349826248,0.2754301900489774,0.294313295367342
lendingclub,OR,4,327,3051,3.0,0.875,0.2983491800867005,0.3968677096647835,0.3968677096647835,0.3968677096647835,0.38133333064846325,0.3968677096647835
lendingclub,OR,4,327,3051,3.0,0.0,0.2599876593136124,0.4068203064125577,0.4068203064125577,0.2599876593136124,0.2599876593136124,0.4068203064125577
lendingclub,OR,4,327,3051,3.0,1.0,0.294313295367342,0.38644206153344335,0.38644206153344335,0.38644206153344335,0.38644206153344335,0.38644206153344335
lendingclub,OR,3,327,5271,3.0,0.0,0.2983491800867005,0.3503209295991032,0.3503209295991032,0.2983491800867005,0.2983491800867005,0.3503209295991032
lendingclub,OR,3,327,5271,3.0,0.0,0.2599876593136124,0.39124360584902323,0.39124360584902323,0.2599876593136124,0.2599876593136124,0.39124360584902323
lendingclub,OR,3,327,5271,3.0,0.75,0.294313295367342,0.33079725372142443,0.33079725372142443,0.33079725372142443,0.32459760800435433,0.33079725372142443
lendingclub,OR,2,327,1189,3.0,1.0,0.2983491800867005,0.3311977378623988,0.3311977378623988,0.3311977378623988,0.3311977378623988,0.3311977378623988
lendingclub,OR,2,327,1189,3.0,0.0,0.2599876593136124,0.32821682678005426,0.32821682678005426,0.2599876593136124,0.2599876593136124,0.32821682678005426
lendingclub,OR,2,327,1189,3.0,0.0,0.294313295367342,0.2645341538932175,0.2645341538932175,0.294313295367342,0.294313295367342,0.294313295367342
lendingclub,OR,2,327,1948,3.0,1.0,0.2983491800867005,0.37745375563342226,0.37745375563342226,0.37745375563342226,0.37745375563342226,0.37745375563342226
lendingclub,OR,2,327,1948,3.0,0.0,0.2599876593136124,0.37263239022696276,0.37263239022696276,0.2599876593136124,0.2599876593136124,0.37263239022696276
lendingclub,OR,2,327,1948,3.0,0.75,0.294313295367342,0.35250491334735157,0.35250491334735157,0.294313295367342,0.34646287678983206,0.35250491334735157
lendingclub,OR,3,327,1409,3.0,0.0,0.2983491800867005,0.3792520257223273,0.3792520257223273,0.2983491800867005,0.2983491800867005,0.3792520257223273
lendingclub,OR,3,327,1409,3.0,0.0,0.2599876593136124,0.34175602809891437,0.34175602809891437,0.2599876593136124,0.2599876593136124,0.34175602809891437
lendingclub,OR,3,327,1409,3.0,0.125,0.294313295367342,0.3404172111669665,0.3404172111669665,0.294313295367342,0.30483049543215995,0.3404172111669665
lendingclub,OR,2,327,853,3.0,1.0,0.2983491800867005,0.310142409308047,0.310142409308047,0.310142409308047,0.310142409308047,0.310142409308047
lendingclub,OR,2,327,853,3.0,0.0,0.2599876593136124,0.44796228032083873,0.44796228032083873,0.2599876593136124,0.2599876593136124,0.44796228032083873
lendingclub,OR,2,327,853,3.0,0.625,0.294313295367342,0.37003851320793374,0.37003851320793374,0.294313295367342,0.3481134064193838,0.37003851320793374
lendingclub,OR,2,327,1312,3.0,0.75,0.2983491800867005,0.33969198812627216,0.33969198812627216,0.2983491800867005,0.36315973455419936,0.33969198812627216
lendingclub,OR,2,327,1312,3.0,0.0,0.2599876593136124,0.42419020596157314,0.42419020596157314,0.2599876593136124,0.2599876593136124,0.42419020596157314
lendingclub,OR,2,327,1312,3.0,0.625,0.294313295367342,0.39798517786935295,0.39798517786935295,0.294313295367342,0.35017772331367875,0.39798517786935295
lendingclub,OR,1,327,1988,3.0,1.0,0.2983491800867005,0.39098260801455037,0.39098260801455037,0.39098260801455037,0.39098260801455037,0.39098260801455037
lendingclub,OR,1,327,1988,3.0,0.0,0.2599876593136124,0.4246883844998025,0.4246883844998025,0.2599876593136124,0.2599876593136124,0.4246883844998025
lendingclub,OR,1,327,1988,3.0,0.25,0.294313295367342,0.3468500613600397,0.3468500613600397,0.294313295367342,0.305705855303059,0.3468500613600397
lendingclub,OR,2,327,4903,3.0,0.0,0.2983491800867005,0.3594035892483839,0.3594035892483839,0.2983491800867005,0.2983491800867005,0.3594035892483839
lendingclub,OR,2,327,4903,3.0,0.0,0.2599876593136124,0.35994649424240927,0.35994649424240927,0.2599876593136124,0.2599876593136124,0.35994649424240927
lendingclub,OR,2,327,4903,3.0,0.75,0.294313295367342,0.28620878924080834,0.28620878924080834,0.28620878924080834,0.29374846884452416,0.294313295367342
lendingclub,OR,2,327,413,3.0,0.0,0.2983491800867005,0.2864584216788484,0.2864584216788484,0.2983491800867005,0.2983491800867005,0.2983491800867005
lendingclub,OR,2,327,413,3.0,0.0,0.2599876593136124,0.38815365169479843,0.38815365169479843,0.2599876593136124,0.2599876593136124,0.38815365169479843
lendingclub,OR,2,327,413,3.0,0.0,0.294313295367342,0.34782245934190864,0.34782245934190864,0.294313295367342,0.294313295367342,0.34782245934190864
lendingclub,PA,4,1155,4990,8.722222222222221,0.375,0.2917067548484037,0.34136630375307153,0.34136630375307153,0.34136630375307153,0.3081529683156265,0.34136630375307153
lendingclub,PA,4,1155,4990,8.722222222222221,0.75,0.25039913083030896,0.2471715814923629,0.2471715814923629,0.2471715814923629,0.24878716623519007,0.25039913083030896
lendingclub,PA,4,1155,4990,8.722222222222221,1.0,0.2739218454595458,0.26739477468480255,0.26739477468480255,0.26739477468480255,0.26739477468480255,0.2739218454595458
lendingclub,PA,2,1155,1417,8.722222222222221,0.875,0.2917067548484037,0.3065595293262389,0.3065595293262389,0.3065595293262389,0.30543272780294106,0.3065595293262389
lendingclub,PA,2,1155,1417,8.722222222222221,1.0,0.25039913083030896,0.25868704231393563,0.25868704231393563,0.25868704231393563,0.25868704231393563,0.25868704231393563
lendingclub,PA,2,1155,1417,8.722222222222221,1.0,0.2739218454595458,0.26894454539847934,0.26894454539847934,0.26894454539847934,0.26894454539847934,0.2739218454595458
lendingclub,PA,3,1155,1187,8.722222222222221,0.75,0.2917067548484037,0.28398303566369226,0.28398303566369226,0.28398303566369226,0.2877074936409466,0.2917067548484037
lendingclub,PA,3,1155,1187,8.722222222222221,0.625,0.25039913083030896,0.24581083397828665,0.24581083397828665,0.24581083397828665,0.2472288575289534,0.25039913083030896
lendingclub,PA,3,1155,1187,8.722222222222221,1.0,0.2739218454595458,0.25474084790153684,0.25474084790153684,0.25474084790153684,0.25474084790153684,0.2739218454595458
lendingclub,PA,4,1155,9777,8.722222222222221,1.0,0.2917067548484037,0.3177037155328694,0.3177037155328694,0.3177037155328694,0.3177037155328694,0.3177037155328694
lendingclub,PA,4,1155,9777,8.722222222222221,1.0,0.25039913083030896,0.2710081219793482,0.2710081219793482,0.2710081219793482,0.2710081219793482,0.2710081219793482
lendingclub,PA,4,1155,9777,8.722222222222221,1.0,0.2739218454595458,0.28019023124597425,0.28019023124597425,0.28019023124597425,0.28019023124597425,0.28019023124597425
lendingclub,PA,3,1155,8815,8.722222222222221,1.0,0.2917067548484037,0.31261098276882365,0.31261098276882365,0.31261098276882365,0.31261098276882365,0.31261098276882365
lendingclub,PA,3,1155,8815,8.722222222222221,0.875,0.25039913083030896,0.264117465892322,0.264117465892322,0.264117465892322,0.2624517769927294,0.264117465892322
lendingclub,PA,3,1155,8815,8.722222222222221,1.0,0.2739218454595458,0.27290521988049,0.27290521988049,0.27290521988049,0.27290521988049,0.2739218454595458
lendingclub,PA,2,1155,291,8.722222222222221,0.0,0.2917067548484037,0.29743240281073513,0.29743240281073513,0.2917067548484037,0.2917067548484037,0.29743240281073513
lendingclub,PA,2,1155,291,8.722222222222221,1.0,0.25039913083030896,0.25211760913457654,0.25211760913457654,0.25211760913457654,0.25211760913457654,0.25211760913457654
lendingclub,PA,2,1155,291,8.722222222222221,1.0,0.2739218454595458,0.28244819972186425,0.28244819972186425,0.28244819972186425,0.28244819972186425,0.28244819972186425
lendingclub,PA,4,1155,7745,8.722222222222221,0.875,0.2917067548484037,0.3177891810727461,0.3177891810727461,0.3177891810727461,0.31901255948697427,0.3177891810727461
lendingclub,PA,4,1155,7745,8.722222222222221,0.875,0.25039913083030896,0.24992640614797912,0.24992640614797912,0.24992640614797912,0.24799907519364128,0.25039913083030896
lendingclub,PA,4,1155,7745,8.722222222222221,1.0,0.2739218454595458,0.269406889091373,0.269406889091373,0.269406889091373,0.269406889091373,0.2739218454595458
lendingclub,PA,2,1155,1950,8.722222222222221,0.875,0.2917067548484037,0.3282000282838613,0.3282000282838613,0.3282000282838613,0.3220122761712787,0.3282000282838613
lendingclub,PA,2,1155,1950,8.722222222222221,1.0,0.25039913083030896,0.2498946380737227,0.2498946380737227,0.2498946380737227,0.2498946380737227,0.25039913083030896
lendingclub,PA,2,1155,1950,8.722222222222221,1.0,0.2739218454595458,0.2951418860017808,0.2951418860017808,0.2951418860017808,0.2951418860017808,0.2951418860017808
lendingclub,PA,4,1155,1997,8.722222222222221,0.75,0.2917067548484037,0.3107417825774815,0.3107417825774815,0.3107417825774815,0.3084299208283179,0.3107417825774815
lendingclub,PA,4,1155,1997,8.722222222222221,0.875,0.25039913083030896,0.25113036416703516,0.25113036416703516,0.25113036416703516,0.24855110224444185,0.25113036416703516
lendingclub,PA,4,1155,1997,8.722222222222221,1.0,0.2739218454595458,0.26574501375438947,0.26574501375438947,0.26574501375438947,0.26574501375438947,0.2739218454595458
lendingclub,PA,2,1155,4895,8.722222222222221,0.75,0.2917067548484037,0.3232637731771261,0.3232637731771261,0.3232637731771261,0.3151386678183298,0.3232637731771261
lendingclub,PA,2,1155,4895,8.722222222222221,0.75,0.25039913083030896,0.24475676035442007,0.24475676035442007,0.24475676035442007,0.24782060557401012,0.25039913083030896
lendingclub,PA,2,1155,4895,8.722222222222221,1.0,0.2739218454595458,0.26187704864921524,0.26187704864921524,0.26187704864921524,0.26187704864921524,0.2739218454595458
lendingclub,PA,2,1155,1416,8.722222222222221,0.0,0.2917067548484037,0.2998344343881594,0.2998344343881594,0.2917067548484037,0.2917067548484037,0.2998344343881594
lendingclub,PA,2,1155,1416,8.722222222222221,0.875,0.25039913083030896,0.2502710951709692,0.2502710951709692,0.2502710951709692,0.2546156164115479,0.25039913083030896
lendingclub,PA,2,1155,1416,8.722222222222221,1.0,0.2739218454595458,0.2681380504489444,0.2681380504489444,0.2681380504489444,0.2681380504489444,0.2739218454595458
lendingclub,PA,1,1155,317,8.722222222222221,0.0,0.2917067548484037,0.29630262944851443,0.29630262944851443,0.2917067548484037,0.2917067548484037,0.29630262944851443
lendingclub,PA,1,1155,317,8.722222222222221,0.0,0.25039913083030896,0.24635584478926423,0.24635584478926423,0.25039913083030896,0.25039913083030896,0.25039913083030896
lendingclub,PA,1,1155,317,8.722222222222221,1.0,0.2739218454595458,0.2629328653177873,0.2629328653177873,0.2629328653177873,0.2629328653177873,0.2739218454595458
lendingclub,RI,4,145,2352,1.0555555555555556,1.0,0.11094049956695634,0.26708308726797836,0.26708308726797836,0.26708308726797836,0.26708308726797836,0.26708308726797836
lendingclub,RI,4,145,2352,1.0555555555555556,0.875,0.10052358973217365,0.34942762993503246,0.34942762993503246,0.34942762993503246,0.312454886310113,0.34942762993503246
lendingclub,RI,4,145,2352,1.0555555555555556,1.0,0.1181961766388735,0.1829823290508774,0.1829823290508774,0.1829823290508774,0.1829823290508774,0.1829823290508774
lendingclub,RI,4,145,5127,1.0555555555555556,1.0,0.11094049956695634,0.2732195466570466,0.2732195466570466,0.2732195466570466,0.2732195466570466,0.2732195466570466
lendingclub,RI,4,145,5127,1.0555555555555556,0.75,0.10052358973217365,0.3399090223944875,0.3399090223944875,0.3399090223944875,0.2804185982014214,0.3399090223944875
lendingclub,RI,4,145,5127,1.0555555555555556,1.0,0.1181961766388735,0.2440641569459173,0.2440641569459173,0.2440641569459173,0.2440641569459173,0.2440641569459173
lendingclub,RI,4,145,5432,1.0555555555555556,1.0,0.11094049956695634,0.25291408495127077,0.25291408495127077,0.25291408495127077,0.25291408495127077,0.25291408495127077
lendingclub,RI,4,145,5432,1.0555555555555556,0.875,0.10052358973217365,0.3347263029282189,0.3347263029282189,0.3347263029282189,0.3144698503251135,0.3347263029282189
lendingclub,RI,4,145,5432,1.0555555555555556,1.0,0.1181961766388735,0.22199248894221718,0.22199248894221718,0.22199248894221718,0.22199248894221718,0.22199248894221718
lendingclub,RI,2,145,1599,1.0555555555555556,1.0,0.11094049956695634,0.2330342553688142,0.2330342553688142,0.2330342553688142,0.2330342553688142,0.2330342553688142
lendingclub,RI,2,145,1599,1.0555555555555556,1.0,0.10052358973217365,0.3911533226301829,0.3911533226301829,0.3911533226301829,0.3911533226301829,0.3911533226301829
lendingclub,RI,2,145,1599,1.0555555555555556,1.0,0.1181961766388735,0.2524402868879613,0.2524402868879613,0.2524402868879613,0.2524402868879613,0.2524402868879613
lendingclub,RI,1,145,1672,1.0555555555555556,1.0,0.11094049956695634,0.17306820869777836,0.17306820869777836,0.17306820869777836,0.17306820869777836,0.17306820869777836
lendingclub,RI,1,145,1672,1.0555555555555556,0.75,0.10052358973217365,0.4833437309799148,0.4833437309799148,0.4833437309799148,0.2415150181694299,0.4833437309799148
lendingclub,RI,1,145,1672,1.0555555555555556,1.0,0.1181961766388735,0.2690287347456465,0.2690287347456465,0.2690287347456465,0.2690287347456465,0.2690287347456465
lendingclub,RI,3,145,4879,1.0555555555555556,1.0,0.11094049956695634,0.2666679224224331,0.2666679224224331,0.2666679224224331,0.2666679224224331,0.2666679224224331
lendingclub,RI,3,145,4879,1.0555555555555556,0.75,0.10052358973217365,0.3410058980896095,0.3410058980896095,0.3410058980896095,0.2843695910883411,0.3410058980896095
lendingclub,RI,3,145,4879,1.0555555555555556,1.0,0.1181961766388735,0.22549349111849112,0.22549349111849112,0.22549349111849112,0.22549349111849112,0.22549349111849112
lendingclub,RI,2,145,649,1.0555555555555556,0.25,0.11094049956695634,0.18774097802169837,0.18774097802169837,0.11094049956695634,0.11992594286518435,0.18774097802169837
lendingclub,RI,2,145,649,1.0555555555555556,0.0,0.10052358973217365,0.1695638107538356,0.1695638107538356,0.10052358973217365,0.10052358973217365,0.1695638107538356
lendingclub,RI,2,145,649,1.0555555555555556,1.0,0.1181961766388735,0.12703978647483488,0.12703978647483488,0.12703978647483488,0.12703978647483488,0.12703978647483488
lendingclub,RI,2,145,984,1.0555555555555556,1.0,0.11094049956695634,0.276814690101876,0.276814690101876,0.276814690101876,0.276814690101876,0.276814690101876
lendingclub,RI,2,145,984,1.0555555555555556,1.0,0.10052358973217365,0.5506222943722944,0.5506222943722944,0.5506222943722944,0.5506222943722944,0.5506222943722944
lendingclub,RI,2,145,984,1.0555555555555556,1.0,0.1181961766388735,0.2473899389150403,0.2473899389150403,0.2473899389150403,0.2473899389150403,0.2473899389150403
lendingclub,RI,2,145,1929,1.0555555555555556,1.0,0.11094049956695634,0.29513848957634536,0.29513848957634536,0.29513848957634536,0.29513848957634536,0.29513848957634536
lendingclub,RI,2,145,1929,1.0555555555555556,0.875,0.10052358973217365,0.36854198336053173,0.36854198336053173,0.36854198336053173,0.33393823626745134,0.36854198336053173
lendingclub,RI,2,145,1929,1.0555555555555556,1.0,0.1181961766388735,0.22660698445235614,0.22660698445235614,0.22660698445235614,0.22660698445235614,0.22660698445235614
lendingclub,RI,1,145,2915,1.0555555555555556,0.875,0.11094049956695634,0.2582151164009422,0.2582151164009422,0.2582151164009422,0.25941354612020245,0.2582151164009422
lendingclub,RI,1,145,2915,1.0555555555555556,1.0,0.10052358973217365,0.3019285536707026,0.3019285536707026,0.3019285536707026,0.3019285536707026,0.3019285536707026
lendingclub,RI,1,145,2915,1.0555555555555556,1.0,0.1181961766388735,0.18400027475104874,0.18400027475104874,0.18400027475104874,0.18400027475104874,0.18400027475104874
lendingclub,RI,1,145,187,1.0555555555555556,1.0,0.11094049956695634,0.11695846792351484,0.11695846792351484,0.11695846792351484,0.11695846792351484,0.11695846792351484
lendingclub,RI,1,145,187,1.0555555555555556,1.0,0.10052358973217365,0.1522193313228713,0.1522193313228713,0.1522193313228713,0.1522193313228713,0.1522193313228713
lendingclub,RI,1,145,187,1.0555555555555556,1.0,0.1181961766388735,0.14052277087991374,0.14052277087991374,0.14052277087991374,0.14052277087991374,0.14052277087991374
lendingclub,SC,3,342,498,2.7222222222222223,0.375,0.2669793802606264,0.22329287509823997,0.22329287509823997,0.2669793802606264,0.2607277282665774,0.2669793802606264
lendingclub,SC,3,342,498,2.7222222222222223,0.5,0.2702145230251432,0.2738076878430732,0.2738076878430732,0.2738076878430732,0.28255021773847006,0.2738076878430732
lendingclub,SC,3,342,498,2.7222222222222223,1.0,0.3052334656864441,0.3177960760497971,0.3177960760497971,0.3177960760497971,0.3177960760497971,0.3177960760497971
lendingclub,SC,3,342,926,2.7222222222222223,1.0,0.2669793802606264,0.30915208684403267,0.30915208684403267,0.30915208684403267,0.30915208684403267,0.30915208684403267
lendingclub,SC,3,342,926,2.7222222222222223,0.25,0.2702145230251432,0.3476084095177895,0.3476084095177895,0.2702145230251432,0.2771556534296136,0.3476084095177895
lendingclub,SC,3,342,926,2.7222222222222223,0.875,0.3052334656864441,0.36206439557344344,0.36206439557344344,0.36206439557344344,0.3591523467411396,0.36206439557344344
lendingclub,SC,3,342,2416,2.7222222222222223,0.0,0.2669793802606264,0.3642991489591167,0.3642991489591167,0.2669793802606264,0.2669793802606264,0.3642991489591167
lendingclub,SC,3,342,2416,2.7222222222222223,0.375,0.2702145230251432,0.34267299247351124,0.34267299247351124,0.34267299247351124,0.2772700892237415,0.34267299247351124
lendingclub,SC,3,342,2416,2.7222222222222223,1.0,0.3052334656864441,0.34723579371683977,0.34723579371683977,0.34723579371683977,0.34723579371683977,0.34723579371683977
lendingclub,SC,3,342,2904,2.7222222222222223,0.0,0.2669793802606264,0.33929688307032185,0.33929688307032185,0.2669793802606264,0.2669793802606264,0.33929688307032185
lendingclub,SC,3,342,2904,2.7222222222222223,0.375,0.2702145230251432,0.3297709562835051,0.3297709562835051,0.3297709562835051,0.27144302399406145,0.3297709562835051
lendingclub,SC,3,342,2904,2.7222222222222223,1.0,0.3052334656864441,0.31010417350361097,0.31010417350361097,0.31010417350361097,0.31010417350361097,0.31010417350361097
lendingclub,SC,3,342,2558,2.7222222222222223,0.0,0.2669793802606264,0.3172244699256416,0.3172244699256416,0.2669793802606264,0.2669793802606264,0.3172244699256416
lendingclub,SC,3,342,2558,2.7222222222222223,0.5,0.2702145230251432,0.33391686034634577,0.33391686034634577,0.2702145230251432,0.2879281060814446,0.33391686034634577
lendingclub,SC,3,342,2558,2.7222222222222223,1.0,0.3052334656864441,0.26111935372322964,0.26111935372322964,0.26111935372322964,0.26111935372322964,0.3052334656864441
lendingclub,SC,4,342,2590,2.7222222222222223,0.0,0.2669793802606264,0.31568552015573287,0.31568552015573287,0.2669793802606264,0.2669793802606264,0.31568552015573287
lendingclub,SC,4,342,2590,2.7222222222222223,0.375,0.2702145230251432,0.3189916834134478,0.3189916834134478,0.2702145230251432,0.28084393691323184,0.3189916834134478
lendingclub,SC,4,342,2590,2.7222222222222223,1.0,0.3052334656864441,0.373267898920663,0.373267898920663,0.373267898920663,0.373267898920663,0.373267898920663
lendingclub,SC,2,342,1875,2.7222222222222223,0.0,0.2669793802606264,0.3631783302126814,0.3631783302126814,0.2669793802606264,0.2669793802606264,0.3631783302126814
lendingclub,SC,2,342,1875,2.7222222222222223,0.375,0.2702145230251432,0.3446641969757472,0.3446641969757472,0.2702145230251432,0.28625519732709637,0.3446641969757472
lendingclub,SC,2,342,1875,2.7222222222222223,0.625,0.3052334656864441,0.3715555267617826,0.3715555267617826,0.3715555267617826,0.34876049364106493,0.3715555267617826
lendingclub,SC,2,342,2112,2.7222222222222223,0.0,0.2669793802606264,0.3754821084462516,0.3754821084462516,0.2669793802606264,0.2669793802606264,0.3754821084462516
lendingclub,SC,2,342,2112,2.7222222222222223,0.25,0.2702145230251432,0.3621821113590373,0.3621821113590373,0.2702145230251432,0.27736445303362833,0.3621821113590373
lendingclub,SC,2,342,2112,2.7222222222222223,0.5,0.3052334656864441,0.35377291212211465,0.35377291212211465,0.35377291212211465,0.3269504967649328,0.35377291212211465
lendingclub,SC,3,342,2483,2.7222222222222223,0.0,0.2669793802606264,0.3658942950283788,0.3658942950283788,0.2669793802606264,0.2669793802606264,0.3658942950283788
lendingclub,SC,3,342,2483,2.7222222222222223,0.25,0.2702145230251432,0.3440533362150925,0.3440533362150925,0.2702145230251432,0.281167169998746,0.3440533362150925
lendingclub,SC,3,342,2483,2.7222222222222223,0.75,0.3052334656864441,0.3596014516113384,0.3596014516113384,0.3596014516113384,0.3453986293824755,0.3596014516113384
lendingclub,SC,3,342,2782,2.7222222222222223,0.0,0.2669793802606264,0.35732894584391084,0.35732894584391084,0.2669793802606264,0.2669793802606264,0.35732894584391084
lendingclub,SC,3,342,2782,2.7222222222222223,0.0,0.2702145230251432,0.35806568148771173,0.35806568148771173,0.2702145230251432,0.2702145230251432,0.35806568148771173
lendingclub,SC,3,342,2782,2.7222222222222223,0.5,0.3052334656864441,0.3525856741257109,0.3525856741257109,0.3052334656864441,0.33931346200979473,0.3525856741257109
lendingclub,SC,1,342,67,2.7222222222222223,0.25,0.2669793802606264,0.2904583159882124,0.2904583159882124,0.2669793802606264,0.2705908627291281,0.2904583159882124
lendingclub,SC,1,342,67,2.7222222222222223,0.375,0.2702145230251432,0.27519069791640394,0.27519069791640394,0.2702145230251432,0.2769393165358195,0.27519069791640394
lendingclub,SC,1,342,67,2.7222222222222223,0.75,0.3052334656864441,0.3194138558670339,0.3194138558670339,0.3194138558670339,0.31411237923256985,0.3194138558670339
lendingclub,SC,1,342,888,2.7222222222222223,0.0,0.2669793802606264,0.29998699999965966,0.29998699999965966,0.2669793802606264,0.2669793802606264,0.29998699999965966
lendingclub,SC,1,342,888,2.7222222222222223,0.125,0.2702145230251432,0.3118873260424244,0.3118873260424244,0.2702145230251432,0.2717159430656918,0.3118873260424244
lendingclub,SC,1,342,888,2.7222222222222223,1.0,0.3052334656864441,0.3134238920786959,0.3134238920786959,0.3134238920786959,0.3134238920786959,0.3134238920786959
lendingclub,SD,4,46,2460,0.5,1.0,0.5166666666666666,0.5,0.5,0.5,0.5,0.5166666666666666
lendingclub,SD,4,46,2460,0.5,1.0,0.2922619047619048,0.3348484848484848,0.3348484848484848,0.3348484848484848,0.3348484848484848,0.3348484848484848
lendingclub,SD,4,46,2460,0.5,1.0,0.317156862745098,0.3324786324786325,0.3324786324786325,0.3324786324786325,0.3324786324786325,0.3324786324786325
lendingclub,SD,2,46,182,0.5,0.875,0.5166666666666666,0.45465686274509803,0.45465686274509803,0.45465686274509803,0.45476190476190476,0.5166666666666666
lendingclub,SD,2,46,182,0.5,0.75,0.2922619047619048,0.26279761904761906,0.26279761904761906,0.26279761904761906,0.2823934837092732,0.2922619047619048
lendingclub,SD,2,46,182,0.5,1.0,0.317156862745098,0.2976190476190476,0.2976190476190476,0.2976190476190476,0.2976190476190476,0.317156862745098
lendingclub,SD,3,46,1524,0.5,0.875,0.5166666666666666,0.5109649122807017,0.5109649122807017,0.5109649122807017,0.5416666666666666,0.5166666666666666
lendingclub,SD,3,46,1524,0.5,0.75,0.2922619047619048,0.3492424242424242,0.3492424242424242,0.3492424242424242,0.43333333333333335,0.3492424242424242
lendingclub,SD,3,46,1524,0.5,0.875,0.317156862745098,0.43214285714285716,0.43214285714285716,0.43214285714285716,0.37976190476190474,0.43214285714285716
lendingclub,SD,4,46,2650,0.5,0.875,0.5166666666666666,0.5492424242424243,0.5492424242424243,0.5492424242424243,0.5125,0.5492424242424243
lendingclub,SD,4,46,2650,0.5,0.875,0.2922619047619048,0.2973484848484848,0.2973484848484848,0.2973484848484848,0.2854437229437229,0.2973484848484848
lendingclub,SD,4,46,2650,0.5,1.0,0.317156862745098,0.2737373737373737,0.2737373737373737,0.2737373737373737,0.2737373737373737,0.317156862745098
lendingclub,SD,2,46,1065,0.5,0.75,0.5166666666666666,0.5333333333333333,0.5333333333333333,0.5333333333333333,0.5026315789473684,0.5333333333333333
lendingclub,SD,2,46,1065,0.5,1.0,0.2922619047619048,0.273538961038961,0.273538961038961,0.273538961038961,0.273538961038961,0.2922619047619048
lendingclub,SD,2,46,1065,0.5,1.0,0.317156862745098,0.30568181818181817,0.30568181818181817,0.30568181818181817,0.30568181818181817,0.317156862745098
lendingclub,SD,3,46,6279,0.5,1.0,0.5166666666666666,0.49318181818181817,0.49318181818181817,0.49318181818181817,0.49318181818181817,0.5166666666666666
lendingclub,SD,3,46,6279,0.5,0.875,0.2922619047619048,0.3325757575757575,0.3325757575757575,0.3325757575757575,0.4083333333333333,0.3325757575757575
lendingclub,SD,3,46,6279,0.5,1.0,0.317156862745098,0.41547619047619044,0.41547619047619044,0.41547619047619044,0.41547619047619044,0.41547619047619044
lendingclub,SD,3,46,4283,0.5,1.0,0.5166666666666666,0.5526315789473684,0.5526315789473684,0.5526315789473684,0.5526315789473684,0.5526315789473684
lendingclub,SD,3,46,4283,0.5,1.0,0.2922619047619048,0.36666666666666664,0.36666666666666664,0.36666666666666664,0.36666666666666664,0.36666666666666664
lendingclub,SD,3,46,4283,0.5,1.0,0.317156862745098,0.3685897435897436,0.3685897435897436,0.3685897435897436,0.3685897435897436,0.3685897435897436
lendingclub,SD,3,46,2457,0.5,1.0,0.5166666666666666,0.5476190476190476,0.5476190476190476,0.5476190476190476,0.5476190476190476,0.5476190476190476
lendingclub,SD,3,46,2457,0.5,1.0,0.2922619047619048,0.38257575757575757,0.38257575757575757,0.38257575757575757,0.38257575757575757,0.38257575757575757
lendingclub,SD,3,46,2457,0.5,1.0,0.317156862745098,0.3630952380952381,0.3630952380952381,0.3630952380952381,0.3630952380952381,0.3630952380952381
lendingclub,SD,4,46,3028,0.5,1.0,0.5166666666666666,0.5166666666666666,0.5166666666666666,0.5166666666666666,0.5166666666666666,0.5166666666666666
lendingclub,SD,4,46,3028,0.5,0.875,0.2922619047619048,0.27294372294372293,0.27294372294372293,0.27294372294372293,0.3348484848484848,0.2922619047619048
lendingclub,SD,4,46,3028,0.5,1.0,0.317156862745098,0.2904040404040404,0.2904040404040404,0.2904040404040404,0.2904040404040404,0.317156862745098
lendingclub,SD,1,46,96,0.5,0.875,0.5166666666666666,0.44516594516594515,0.44516594516594515,0.44516594516594515,0.4541467304625199,0.5166666666666666
lendingclub,SD,1,46,96,0.5,0.5,0.2922619047619048,0.22889610389610388,0.22889610389610388,0.22889610389610388,0.2494047619047619,0.2922619047619048
lendingclub,SD,1,46,96,0.5,1.0,0.317156862745098,0.24959273182957392,0.24959273182957392,0.24959273182957392,0.24959273182957392,0.317156862745098
lendingclub,SD,3,46,461,0.5,0.875,0.5166666666666666,0.50625,0.50625,0.50625,0.4859649122807017,0.5166666666666666
lendingclub,SD,3,46,461,0.5,0.5,0.2922619047619048,0.24906015037593987,0.24906015037593987,0.24906015037593987,0.2681818181818182,0.2922619047619048
lendingclub,SD,3,46,461,0.5,0.875,0.317156862745098,0.21587944219523164,0.21587944219523164,0.21587944219523164,0.28675856307435255,0.317156862745098
lendingclub,SD,1,46,205,0.5,0.75,0.5166666666666666,0.30508255933952527,0.30508255933952527,0.30508255933952527,0.46911764705882353,0.5166666666666666
lendingclub,SD,1,46,205,0.5,0.875,0.2922619047619048,0.32936507936507936,0.32936507936507936,0.32936507936507936,0.3117997198879552,0.32936507936507936
lendingclub,SD,1,46,205,0.5,0.75,0.317156862745098,0.4638888888888889,0.4638888888888889,0.4638888888888889,0.36799242424242423,0.4638888888888889
lendingclub,TX,3,2040,1396,14.666666666666666,0.125,0.27312851536503463,0.2668603523364638,0.27312851536503463,0.27312851536503463,0.2718543606842414,0.27312851536503463
lendingclub,TX,3,2040,1396,14.666666666666666,0.5,0.24478058076926873,0.2540632083844167,0.24478058076926873,0.24478058076926873,0.25217204886086886,0.2540632083844167
lendingclub,TX,3,2040,1396,14.666666666666666,1.0,0.29057879980301937,0.2800459555741258,0.29057879980301937,0.2800459555741258,0.2800459555741258,0.29057879980301937
lendingclub,TX,1,2040,857,14.666666666666666,0.125,0.27312851536503463,0.25457017419950834,0.27312851536503463,0.27312851536503463,0.27235956155296104,0.27312851536503463
lendingclub,TX,1,2040,857,14.666666666666666,0.5,0.24478058076926873,0.25440831116411955,0.24478058076926873,0.24478058076926873,0.25024982703838367,0.25440831116411955
lendingclub,TX,1,2040,857,14.666666666666666,1.0,0.29057879980301937,0.26710745101447864,0.29057879980301937,0.26710745101447864,0.26710745101447864,0.29057879980301937
lendingclub,TX,3,2040,2876,14.666666666666666,0.25,0.27312851536503463,0.25547151961943976,0.27312851536503463,0.27312851536503463,0.2660294301304508,0.27312851536503463
lendingclub,TX,3,2040,2876,14.666666666666666,0.0,0.24478058076926873,0.24561122295829732,0.24478058076926873,0.24478058076926873,0.24478058076926873,0.24561122295829732
lendingclub,TX,3,2040,2876,14.666666666666666,0.375,0.29057879980301937,0.28913767608420127,0.29057879980301937,0.28913767608420127,0.2929605161918746,0.29057879980301937
lendingclub,TX,2,2040,432,14.666666666666666,0.75,0.27312851536503463,0.2638674897849652,0.27312851536503463,0.2638674897849652,0.2638741037689764,0.27312851536503463
lendingclub,TX,2,2040,432,14.666666666666666,0.25,0.24478058076926873,0.2547150160135322,0.24478058076926873,0.24478058076926873,0.24743286547493484,0.2547150160135322
lendingclub,TX,2,2040,432,14.666666666666666,0.75,0.29057879980301937,0.28139506398272146,0.29057879980301937,0.28139506398272146,0.28568831204092876,0.29057879980301937
lendingclub,TX,2,2040,3900,14.666666666666666,0.875,0.27312851536503463,0.2735386321297654,0.27312851536503463,0.2735386321297654,0.2754020754489211,0.2735386321297654
lendingclub,TX,2,2040,3900,14.666666666666666,0.625,0.24478058076926873,0.2465194396748049,0.24478058076926873,0.2465194396748049,0.24677834910664315,0.2465194396748049
lendingclub,TX,2,2040,3900,14.666666666666666,0.875,0.29057879980301937,0.2827269816261033,0.29057879980301937,0.2827269816261033,0.28720490781820784,0.29057879980301937
lendingclub,TX,1,2040,1672,14.666666666666666,0.75,0.27312851536503463,0.2592024567815228,0.27312851536503463,0.2592024567815228,0.26302497274639897,0.27312851536503463
lendingclub,TX,1,2040,1672,14.666666666666666,0.0,0.24478058076926873,0.24118849858547778,0.24478058076926873,0.24478058076926873,0.24478058076926873,0.24478058076926873
lendingclub,TX,1,2040,1672,14.666666666666666,0.875,0.29057879980301937,0.2987422155229798,0.29057879980301937,0.2987422155229798,0.297039176065628,0.2987422155229798
lendingclub,TX,2,2040,1846,14.666666666666666,0.875,0.27312851536503463,0.2738287547056253,0.27312851536503463,0.2738287547056253,0.2707840657772276,0.2738287547056253
lendingclub,TX,2,2040,1846,14.666666666666666,0.25,0.24478058076926873,0.25088065207855603,0.24478058076926873,0.24478058076926873,0.24819667288065828,0.25088065207855603
lendingclub,TX,2,2040,1846,14.666666666666666,1.0,0.29057879980301937,0.28736926345450603,0.29057879980301937,0.28736926345450603,0.28736926345450603,0.29057879980301937
lendingclub,TX,3,2040,1472,14.666666666666666,0.125,0.27312851536503463,0.26981869603863323,0.27312851536503463,0.27312851536503463,0.26888259175722606,0.27312851536503463
lendingclub,TX,3,2040,1472,14.666666666666666,0.0,0.24478058076926873,0.24676333972040704,0.24478058076926873,0.24478058076926873,0.24478058076926873,0.24676333972040704
lendingclub,TX,3,2040,1472,14.666666666666666,0.625,0.29057879980301937,0.2936597149770184,0.29057879980301937,0.2936597149770184,0.29726035789322536,0.2936597149770184
lendingclub,TX,3,2040,2181,14.666666666666666,0.25,0.27312851536503463,0.26814445049598,0.27312851536503463,0.26814445049598,0.26793520727818126,0.27312851536503463
lendingclub,TX,3,2040,2181,14.666666666666666,0.5,0.24478058076926873,0.24392328929435814,0.24478058076926873,0.24478058076926873,0.24837015269966572,0.24478058076926873
lendingclub,TX,3,2040,2181,14.666666666666666,1.0,0.29057879980301937,0.2946055516130941,0.29057879980301937,0.2946055516130941,0.2946055516130941,0.2946055516130941
lendingclub,TX,2,2040,2416,14.666666666666666,0.375,0.27312851536503463,0.27256129796903267,0.27312851536503463,0.27312851536503463,0.27232358984612526,0.27312851536503463
lendingclub,TX,2,2040,2416,14.666666666666666,0.0,0.24478058076926873,0.2389480695522371,0.24478058076926873,0.24478058076926873,0.24478058076926873,0.24478058076926873
lendingclub,TX,2,2040,2416,14.666666666666666,1.0,0.29057879980301937,0.29988544278509244,0.29057879980301937,0.29988544278509244,0.29988544278509244,0.29988544278509244
lendingclub,TX,2,2040,465,14.666666666666666,0.125,0.27312851536503463,0.27671966235401557,0.27312851536503463,0.27312851536503463,0.2704277333642902,0.27671966235401557
lendingclub,TX,2,2040,465,14.666666666666666,0.125,0.24478058076926873,0.2532965178405303,0.24478058076926873,0.24478058076926873,0.24625068591855073,0.2532965178405303
lendingclub,TX,2,2040,465,14.666666666666666,1.0,0.29057879980301937,0.27993126884126507,0.29057879980301937,0.27993126884126507,0.27993126884126507,0.29057879980301937
lendingclub,TX,1,2040,516,14.666666666666666,0.0,0.27312851536503463,0.26142593864337715,0.27312851536503463,0.27312851536503463,0.27312851536503463,0.27312851536503463
lendingclub,TX,1,2040,516,14.666666666666666,0.0,0.24478058076926873,0.24118671012180531,0.24478058076926873,0.24478058076926873,0.24478058076926873,0.24478058076926873
lendingclub,TX,1,2040,516,14.666666666666666,0.625,0.29057879980301937,0.27288498978181897,0.29057879980301937,0.27288498978181897,0.2802144922769829,0.29057879980301937
lendingclub,UT,4,194,1892,1.7777777777777777,0.25,0.4080695527315724,0.3655786275045477,0.3655786275045477,0.4080695527315724,0.39617257946302065,0.4080695527315724
lendingclub,UT,4,194,1892,1.7777777777777777,1.0,0.4771004180893136,0.4169157387382405,0.4169157387382405,0.4169157387382405,0.4169157387382405,0.4771004180893136
lendingclub,UT,4,194,1892,1.7777777777777777,1.0,0.43385166218187354,0.5439677074648871,0.5439677074648871,0.5439677074648871,0.5439677074648871,0.5439677074648871
lendingclub,UT,1,194,857,1.7777777777777777,0.625,0.4080695527315724,0.4683433140091541,0.4683433140091541,0.4080695527315724,0.4414506477250898,0.4683433140091541
lendingclub,UT,1,194,857,1.7777777777777777,1.0,0.4771004180893136,0.46263316883617633,0.46263316883617633,0.46263316883617633,0.46263316883617633,0.4771004180893136
lendingclub,UT,1,194,857,1.7777777777777777,0.875,0.43385166218187354,0.5336683733322389,0.5336683733322389,0.5336683733322389,0.5109663154306011,0.5336683733322389
lendingclub,UT,1,194,816,1.7777777777777777,0.625,0.4080695527315724,0.34340358378942526,0.34340358378942526,0.34340358378942526,0.3633848570746572,0.4080695527315724
lendingclub,UT,1,194,816,1.7777777777777777,0.625,0.4771004180893136,0.46999471385132086,0.46999471385132086,0.4771004180893136,0.4921547441718771,0.4771004180893136
lendingclub,UT,1,194,816,1.7777777777777777,0.125,0.43385166218187354,0.5699317142542106,0.5699317142542106,0.43385166218187354,0.4514917014725973,0.5699317142542106
lendingclub,UT,4,194,2958,1.7777777777777777,1.0,0.4080695527315724,0.4256851630935299,0.4256851630935299,0.4256851630935299,0.4256851630935299,0.4256851630935299
lendingclub,UT,4,194,2958,1.7777777777777777,1.0,0.4771004180893136,0.45399146925268186,0.45399146925268186,0.45399146925268186,0.45399146925268186,0.4771004180893136
lendingclub,UT,4,194,2958,1.7777777777777777,0.625,0.43385166218187354,0.614467229199372,0.614467229199372,0.43385166218187354,0.6371930041284879,0.614467229199372
lendingclub,UT,4,194,7531,1.7777777777777777,1.0,0.4080695527315724,0.4134381586032543,0.4134381586032543,0.4134381586032543,0.4134381586032543,0.4134381586032543
lendingclub,UT,4,194,7531,1.7777777777777777,0.875,0.4771004180893136,0.4091026163098954,0.4091026163098954,0.4091026163098954,0.42583043918841595,0.4771004180893136
lendingclub,UT,4,194,7531,1.7777777777777777,0.75,0.43385166218187354,0.6496839862569967,0.6496839862569967,0.6496839862569967,0.6730028030650638,0.6496839862569967
lendingclub,UT,1,194,359,1.7777777777777777,0.875,0.4080695527315724,0.3842480339935178,0.3842480339935178,0.3842480339935178,0.37891000627620086,0.4080695527315724
lendingclub,UT,1,194,359,1.7777777777777777,1.0,0.4771004180893136,0.47826656845267,0.47826656845267,0.47826656845267,0.47826656845267,0.47826656845267
lendingclub,UT,1,194,359,1.7777777777777777,0.0,0.43385166218187354,0.6501100689477266,0.6501100689477266,0.43385166218187354,0.43385166218187354,0.6501100689477266
lendingclub,UT,1,194,461,1.7777777777777777,0.0,0.4080695527315724,0.32748512643682526,0.32748512643682526,0.4080695527315724,0.4080695527315724,0.4080695527315724
lendingclub,UT,1,194,461,1.7777777777777777,1.0,0.4771004180893136,0.37534145418918896,0.37534145418918896,0.37534145418918896,0.37534145418918896,0.4771004180893136
lendingclub,UT,1,194,461,1.7777777777777777,0.0,0.43385166218187354,0.4077585289074508,0.4077585289074508,0.43385166218187354,0.43385166218187354,0.43385166218187354
lendingclub,UT,3,194,220,1.7777777777777777,0.625,0.4080695527315724,0.4023778732820324,0.4023778732820324,0.4080695527315724,0.451376965981905,0.4080695527315724
lendingclub,UT,3,194,220,1.7777777777777777,0.625,0.4771004180893136,0.4319028187635129,0.4319028187635129,0.4319028187635129,0.4653205878145733,0.4771004180893136
lendingclub,UT,3,194,220,1.7777777777777777,0.625,0.43385166218187354,0.42527048230387465,0.42527048230387465,0.42527048230387465,0.4272441022734109,0.43385166218187354
lendingclub,UT,2,194,3383,1.7777777777777777,0.75,0.4080695527315724,0.5047844099257296,0.5047844099257296,0.4080695527315724,0.4643633884792421,0.5047844099257296
lendingclub,UT,2,194,3383,1.7777777777777777,1.0,0.4771004180893136,0.45784955770431823,0.45784955770431823,0.45784955770431823,0.45784955770431823,0.4771004180893136
lendingclub,UT,2,194,3383,1.7777777777777777,1.0,0.43385166218187354,0.5984399058029963,0.5984399058029963,0.5984399058029963,0.5984399058029963,0.5984399058029963
lendingclub,UT,2,194,546,1.7777777777777777,0.875,0.4080695527315724,0.41713050236657045,0.41713050236657045,0.41713050236657045,0.42545430159346986,0.41713050236657045
lendingclub,UT,2,194,546,1.7777777777777777,1.0,0.4771004180893136,0.5060717058318821,0.5060717058318821,0.5060717058318821,0.5060717058318821,0.5060717058318821
lendingclub,UT,2,194,546,1.7777777777777777,0.75,0.43385166218187354,0.6203885003885002,0.6203885003885002,0.6203885003885002,0.5639415033022489,0.6203885003885002
lendingclub,UT,2,194,975,1.7777777777777777,0.375,0.4080695527315724,0.41600579962284623,0.41600579962284623,0.4080695527315724,0.4300152357440289,0.41600579962284623
lendingclub,UT,2,194,975,1.7777777777777777,0.75,0.4771004180893136,0.3889809918990286,0.3889809918990286,0.3889809918990286,0.4149460757733418,0.4771004180893136
lendingclub,UT,2,194,975,1.7777777777777777,0.375,0.43385166218187354,0.5738585051661087,0.5738585051661087,0.5738585051661087,0.5110430549390972,0.5738585051661087
lendingclub,VA,4,1040,2532,7.555555555555555,0.5,0.24240883883702258,0.27245275057924007,0.27245275057924007,0.27245275057924007,0.25798704028862124,0.27245275057924007
lendingclub,VA,4,1040,2532,7.555555555555555,0.5,0.31163081815647686,0.31522110553494387,0.31522110553494387,0.31522110553494387,0.3150409344083817,0.31522110553494387
lendingclub,VA,4,1040,2532,7.555555555555555,1.0,0.28448017904501033,0.2900957134178661,0.2900957134178661,0.2900957134178661,0.2900957134178661,0.2900957134178661
lendingclub,VA,4,1040,7882,7.555555555555555,0.5,0.24240883883702258,0.30804897727971625,0.30804897727971625,0.24240883883702258,0.2707377113600381,0.30804897727971625
lendingclub,VA,4,1040,7882,7.555555555555555,0.625,0.31163081815647686,0.3057536129554288,0.3057536129554288,0.3057536129554288,0.3157391330099392,0.31163081815647686
lendingclub,VA,4,1040,7882,7.555555555555555,1.0,0.28448017904501033,0.27938020050149265,0.27938020050149265,0.27938020050149265,0.27938020050149265,0.28448017904501033
lendingclub,VA,2,1040,952,7.555555555555555,1.0,0.24240883883702258,0.2652765952229256,0.2652765952229256,0.2652765952229256,0.2652765952229256,0.2652765952229256
lendingclub,VA,2,1040,952,7.555555555555555,1.0,0.31163081815647686,0.27960383442849845,0.27960383442849845,0.27960383442849845,0.27960383442849845,0.31163081815647686
lendingclub,VA,2,1040,952,7.555555555555555,1.0,0.28448017904501033,0.2889869857524793,0.2889869857524793,0.2889869857524793,0.2889869857524793,0.2889869857524793
lendingclub,VA,1,1040,224,7.555555555555555,0.375,0.24240883883702258,0.24008829690447736,0.24008829690447736,0.24240883883702258,0.2425068833428665,0.24240883883702258
lendingclub,VA,1,1040,224,7.555555555555555,1.0,0.31163081815647686,0.2834747856832106,0.2834747856832106,0.2834747856832106,0.2834747856832106,0.31163081815647686
lendingclub,VA,1,1040,224,7.555555555555555,1.0,0.28448017904501033,0.2591024984262146,0.2591024984262146,0.2591024984262146,0.2591024984262146,0.28448017904501033
lendingclub,VA,3,1040,3843,7.555555555555555,0.625,0.24240883883702258,0.2826204336902115,0.2826204336902115,0.2826204336902115,0.2699422552359246,0.2826204336902115
lendingclub,VA,3,1040,3843,7.555555555555555,0.0,0.31163081815647686,0.31668862244925805,0.31668862244925805,0.31163081815647686,0.31163081815647686,0.31668862244925805
lendingclub,VA,3,1040,3843,7.555555555555555,1.0,0.28448017904501033,0.3163312774430463,0.3163312774430463,0.3163312774430463,0.3163312774430463,0.3163312774430463
lendingclub,VA,3,1040,1445,7.555555555555555,0.875,0.24240883883702258,0.28130003163691564,0.28130003163691564,0.28130003163691564,0.2747645543514928,0.28130003163691564
lendingclub,VA,3,1040,1445,7.555555555555555,0.625,0.31163081815647686,0.33820269577686746,0.33820269577686746,0.33820269577686746,0.3261359433296318,0.33820269577686746
lendingclub,VA,3,1040,1445,7.555555555555555,1.0,0.28448017904501033,0.2769699784647816,0.2769699784647816,0.2769699784647816,0.2769699784647816,0.28448017904501033
lendingclub,VA,2,1040,1688,7.555555555555555,0.875,0.24240883883702258,0.2672377465435293,0.2672377465435293,0.2672377465435293,0.26322621674088154,0.2672377465435293
lendingclub,VA,2,1040,1688,7.555555555555555,0.5,0.31163081815647686,0.3197640084757506,0.3197640084757506,0.3197640084757506,0.30731966765736213,0.3197640084757506
lendingclub,VA,2,1040,1688,7.555555555555555,0.875,0.28448017904501033,0.30423255893668416,0.30423255893668416,0.30423255893668416,0.3037782887235798,0.30423255893668416
lendingclub,VA,3,1040,5178,7.555555555555555,1.0,0.24240883883702258,0.29047793415982276,0.29047793415982276,0.29047793415982276,0.29047793415982276,0.29047793415982276
lendingclub,VA,3,1040,5178,7.555555555555555,1.0,0.31163081815647686,0.29408520812079486,0.29408520812079486,0.29408520812079486,0.29408520812079486,0.31163081815647686
lendingclub,VA,3,1040,5178,7.555555555555555,0.75,0.28448017904501033,0.29852139566093727,0.29852139566093727,0.29852139566093727,0.2976695676880441,0.29852139566093727
lendingclub,VA,4,1040,3225,7.555555555555555,0.75,0.24240883883702258,0.29240628901400517,0.29240628901400517,0.29240628901400517,0.28171045997924216,0.29240628901400517
lendingclub,VA,4,1040,3225,7.555555555555555,1.0,0.31163081815647686,0.32380808910033587,0.32380808910033587,0.32380808910033587,0.32380808910033587,0.32380808910033587
lendingclub,VA,4,1040,3225,7.555555555555555,1.0,0.28448017904501033,0.29031694457803553,0.29031694457803553,0.29031694457803553,0.29031694457803553,0.29031694457803553
lendingclub,VA,4,1040,2010,7.555555555555555,0.375,0.24240883883702258,0.2635564238706677,0.2635564238706677,0.24240883883702258,0.24989975617020582,0.2635564238706677
lendingclub,VA,4,1040,2010,7.555555555555555,0.5,0.31163081815647686,0.3438679416800514,0.3438679416800514,0.3438679416800514,0.32913236325304074,0.3438679416800514
lendingclub,VA,4,1040,2010,7.555555555555555,1.0,0.28448017904501033,0.26755350498173686,0.26755350498173686,0.26755350498173686,0.26755350498173686,0.28448017904501033
lendingclub,VA,2,1040,396,7.555555555555555,0.875,0.24240883883702258,0.2435340452665236,0.2435340452665236,0.2435340452665236,0.2433230166616958,0.2435340452665236
lendingclub,VA,2,1040,396,7.555555555555555,1.0,0.31163081815647686,0.2958568808002729,0.2958568808002729,0.2958568808002729,0.2958568808002729,0.31163081815647686
lendingclub,VA,2,1040,396,7.555555555555555,1.0,0.28448017904501033,0.28996732513972817,0.28996732513972817,0.28996732513972817,0.28996732513972817,0.28996732513972817
lendingclub,VA,1,1040,67,7.555555555555555,0.875,0.24240883883702258,0.24989911813600457,0.24989911813600457,0.24989911813600457,0.24892388640601087,0.24989911813600457
lendingclub,VA,1,1040,67,7.555555555555555,0.625,0.31163081815647686,0.31079024370987474,0.31079024370987474,0.31163081815647686,0.31032519873728354,0.31163081815647686
lendingclub,VA,1,1040,67,7.555555555555555,0.125,0.28448017904501033,0.28905790770445045,0.28905790770445045,0.28448017904501033,0.28563864323452925,0.28905790770445045
lendingclub,VT,3,39,775,0.2777777777777778,0.625,0.225,0.22619047619047616,0.22619047619047616,0.225,0.26666666666666666,0.22619047619047616
lendingclub,VT,3,39,775,0.2777777777777778,1.0,0.5,0.22619047619047616,0.22619047619047616,0.22619047619047616,0.22619047619047616,0.5
lendingclub,VT,3,39,775,0.2777777777777778,0.0,0.6111111111111112,0.375,0.375,0.6111111111111112,0.6111111111111112,0.6111111111111112
lendingclub,VT,2,39,273,0.2777777777777778,0.0,0.225,0.6,0.6,0.225,0.225,0.6
lendingclub,VT,2,39,273,0.2777777777777778,1.0,0.5,0.23809523809523808,0.23809523809523808,0.23809523809523808,0.23809523809523808,0.5
lendingclub,VT,2,39,273,0.2777777777777778,0.0,0.6111111111111112,0.5,0.5,0.6111111111111112,0.6111111111111112,0.6111111111111112
lendingclub,VT,4,39,3314,0.2777777777777778,0.75,0.225,0.6666666666666666,0.6666666666666666,0.225,0.5833333333333333,0.6666666666666666
lendingclub,VT,4,39,3314,0.2777777777777778,1.0,0.5,0.25,0.25,0.25,0.25,0.5
lendingclub,VT,4,39,3314,0.2777777777777778,0.0,0.6111111111111112,0.3333333333333333,0.3333333333333333,0.6111111111111112,0.6111111111111112,0.6111111111111112
lendingclub,VT,3,39,2353,0.2777777777777778,0.875,0.225,0.325,0.325,0.325,0.3666666666666667,0.325
lendingclub,VT,3,39,2353,0.2777777777777778,1.0,0.5,0.19444444444444442,0.19444444444444442,0.19444444444444442,0.19444444444444442,0.5
lendingclub,VT,3,39,2353,0.2777777777777778,0.0,0.6111111111111112,0.6111111111111112,0.6111111111111112,0.6111111111111112,0.6111111111111112,0.6111111111111112
lendingclub,VT,3,39,6193,0.2777777777777778,0.875,0.225,0.29166666666666663,0.29166666666666663,0.225,0.3666666666666667,0.29166666666666663
lendingclub,VT,3,39,6193,0.2777777777777778,0.25,0.5,0.39285714285714285,0.39285714285714285,0.39285714285714285,0.8333333333333333,0.5
lendingclub,VT,3,39,6193,0.2777777777777778,0.625,0.6111111111111112,0.29166666666666663,0.29166666666666663,0.6111111111111112,0.41666666666666663,0.6111111111111112
lendingclub,VT,3,39,2521,0.2777777777777778,0.0,0.225,0.5833333333333333,0.5833333333333333,0.225,0.225,0.5833333333333333
lendingclub,VT,3,39,2521,0.2777777777777778,1.0,0.5,0.17692307692307693,0.17692307692307693,0.17692307692307693,0.17692307692307693,0.5
lendingclub,VT,3,39,2521,0.2777777777777778,0.0,0.6111111111111112,0.29166666666666663,0.29166666666666663,0.6111111111111112,0.6111111111111112,0.6111111111111112
lendingclub,VT,4,39,1069,0.2777777777777778,0.0,0.225,0.30952380952380953,0.30952380952380953,0.225,0.225,0.30952380952380953
lendingclub,VT,4,39,1069,0.2777777777777778,1.0,0.5,0.29166666666666663,0.29166666666666663,0.29166666666666663,0.29166666666666663,0.5
lendingclub,VT,4,39,1069,0.2777777777777778,0.0,0.6111111111111112,0.5,0.5,0.6111111111111112,0.6111111111111112,0.6111111111111112
lendingclub,VT,4,39,3840,0.2777777777777778,0.75,0.225,0.3666666666666667,0.3666666666666667,0.225,0.45,0.3666666666666667
lendingclub,VT,4,39,3840,0.2777777777777778,1.0,0.5,0.2159090909090909,0.2159090909090909,0.2159090909090909,0.2159090909090909,0.5
lendingclub,VT,4,39,3840,0.2777777777777778,0.0,0.6111111111111112,0.7,0.7,0.6111111111111112,0.6111111111111112,0.7
lendingclub,VT,4,39,2152,0.2777777777777778,0.75,0.225,0.75,0.75,0.225,0.5833333333333333,0.75
lendingclub,VT,4,39,2152,0.2777777777777778,1.0,0.5,0.16666666666666666,0.16666666666666666,0.16666666666666666,0.16666666666666666,0.5
lendingclub,VT,4,39,2152,0.2777777777777778,0.0,0.6111111111111112,0.225,0.225,0.6111111111111112,0.6111111111111112,0.6111111111111112
lendingclub,VT,2,39,1516,0.2777777777777778,0.0,0.225,0.3666666666666667,0.3666666666666667,0.225,0.225,0.3666666666666667
lendingclub,VT,2,39,1516,0.2777777777777778,1.0,0.5,0.14285714285714285,0.14285714285714285,0.14285714285714285,0.14285714285714285,0.5
lendingclub,VT,2,39,1516,0.2777777777777778,0.0,0.6111111111111112,0.5909090909090909,0.5909090909090909,0.6111111111111112,0.6111111111111112,0.6111111111111112
lendingclub,VT,2,39,154,0.2777777777777778,0.75,0.225,0.5,0.5,0.225,0.325,0.5
lendingclub,VT,2,39,154,0.2777777777777778,1.0,0.5,0.17142857142857143,0.17142857142857143,0.17142857142857143,0.17142857142857143,0.5
lendingclub,VT,2,39,154,0.2777777777777778,0.0,0.6111111111111112,0.26785714285714285,0.26785714285714285,0.6111111111111112,0.6111111111111112,0.6111111111111112
lendingclub,VT,1,39,888,0.2777777777777778,0.875,0.225,0.24285714285714285,0.24285714285714285,0.225,0.25,0.24285714285714285
lendingclub,VT,1,39,888,0.2777777777777778,1.0,0.5,0.25,0.25,0.25,0.25,0.5
lendingclub,VT,1,39,888,0.2777777777777778,0.0,0.6111111111111112,0.7,0.7,0.6111111111111112,0.6111111111111112,0.7
lendingclub,WA,4,621,5162,5.555555555555555,0.125,0.33874606405229823,0.38596750307716576,0.38596750307716576,0.33874606405229823,0.36314158984098793,0.38596750307716576
lendingclub,WA,4,621,5162,5.555555555555555,0.0,0.36605810254157184,0.3468793003477437,0.3468793003477437,0.36605810254157184,0.36605810254157184,0.36605810254157184
lendingclub,WA,4,621,5162,5.555555555555555,0.125,0.31320528286370103,0.3105375963854531,0.3105375963854531,0.31320528286370103,0.3199000682878794,0.31320528286370103
lendingclub,WA,4,621,2198,5.555555555555555,0.5,0.33874606405229823,0.39739551154935593,0.39739551154935593,0.33874606405229823,0.41152517914124315,0.39739551154935593
lendingclub,WA,4,621,2198,5.555555555555555,0.0,0.36605810254157184,0.341023224814731,0.341023224814731,0.36605810254157184,0.36605810254157184,0.36605810254157184
lendingclub,WA,4,621,2198,5.555555555555555,0.25,0.31320528286370103,0.296578636301932,0.296578636301932,0.31320528286370103,0.3138949476113937,0.31320528286370103
lendingclub,WA,4,621,2922,5.555555555555555,0.75,0.33874606405229823,0.37076567149838396,0.37076567149838396,0.37076567149838396,0.39115374613056364,0.37076567149838396
lendingclub,WA,4,621,2922,5.555555555555555,0.25,0.36605810254157184,0.36802549659424105,0.36802549659424105,0.36605810254157184,0.39098604137336285,0.36802549659424105
lendingclub,WA,4,621,2922,5.555555555555555,0.25,0.31320528286370103,0.3237876256783435,0.3237876256783435,0.31320528286370103,0.3198729095594809,0.3237876256783435
lendingclub,WA,4,621,9827,5.555555555555555,0.25,0.33874606405229823,0.41550900390045137,0.41550900390045137,0.33874606405229823,0.3920665808765371,0.41550900390045137
lendingclub,WA,4,621,9827,5.555555555555555,0.375,0.36605810254157184,0.36290505358857333,0.36290505358857333,0.36605810254157184,0.38017308206659534,0.36605810254157184
lendingclub,WA,4,621,9827,5.555555555555555,0.25,0.31320528286370103,0.32279230480280624,0.32279230480280624,0.31320528286370103,0.32695729796160555,0.32279230480280624
lendingclub,WA,3,621,3181,5.555555555555555,1.0,0.33874606405229823,0.43609921699389653,0.43609921699389653,0.43609921699389653,0.43609921699389653,0.43609921699389653
lendingclub,WA,3,621,3181,5.555555555555555,0.5,0.36605810254157184,0.37323846085029344,0.37323846085029344,0.37323846085029344,0.3819882138951612,0.37323846085029344
lendingclub,WA,3,621,3181,5.555555555555555,0.125,0.31320528286370103,0.35271526881954696,0.35271526881954696,0.31320528286370103,0.32015170661680514,0.35271526881954696
lendingclub,WA,3,621,499,5.555555555555555,0.75,0.33874606405229823,0.3948756399606879,0.3948756399606879,0.3948756399606879,0.3964530007214214,0.3948756399606879
lendingclub,WA,3,621,499,5.555555555555555,0.375,0.36605810254157184,0.3547990380961954,0.3547990380961954,0.36605810254157184,0.36949624650166035,0.36605810254157184
lendingclub,WA,3,621,499,5.555555555555555,0.375,0.31320528286370103,0.32556759157153586,0.32556759157153586,0.31320528286370103,0.3279321541145731,0.32556759157153586
lendingclub,WA,3,621,4833,5.555555555555555,0.625,0.33874606405229823,0.4010448860309589,0.4010448860309589,0.4010448860309589,0.4006205241540978,0.4010448860309589
lendingclub,WA,3,621,4833,5.555555555555555,0.375,0.36605810254157184,0.35584587698402315,0.35584587698402315,0.36605810254157184,0.3804865818327594,0.36605810254157184
lendingclub,WA,3,621,4833,5.555555555555555,0.0,0.31320528286370103,0.31790736880325565,0.31790736880325565,0.31320528286370103,0.31320528286370103,0.31790736880325565
lendingclub,WA,1,621,1503,5.555555555555555,0.125,0.33874606405229823,0.4341707044630543,0.4341707044630543,0.33874606405229823,0.3742265559824933,0.4341707044630543
lendingclub,WA,1,621,1503,5.555555555555555,0.5,0.36605810254157184,0.3751377447487224,0.3751377447487224,0.36605810254157184,0.3798213624770931,0.3751377447487224
lendingclub,WA,1,621,1503,5.555555555555555,0.125,0.31320528286370103,0.3377808741944039,0.3377808741944039,0.31320528286370103,0.3276827649476116,0.3377808741944039
lendingclub,WA,3,621,892,5.555555555555555,0.375,0.33874606405229823,0.4292740848581774,0.4292740848581774,0.33874606405229823,0.4089213196801932,0.4292740848581774
lendingclub,WA,3,621,892,5.555555555555555,1.0,0.36605810254157184,0.3797909055241313,0.3797909055241313,0.3797909055241313,0.3797909055241313,0.3797909055241313
lendingclub,WA,3,621,892,5.555555555555555,0.0,0.31320528286370103,0.3395832856088124,0.3395832856088124,0.31320528286370103,0.31320528286370103,0.3395832856088124
lendingclub,WA,3,621,2417,5.555555555555555,1.0,0.33874606405229823,0.41223478216063475,0.41223478216063475,0.41223478216063475,0.41223478216063475,0.41223478216063475
lendingclub,WA,3,621,2417,5.555555555555555,0.875,0.36605810254157184,0.36123006499969607,0.36123006499969607,0.36123006499969607,0.3744294941879065,0.36605810254157184
lendingclub,WA,3,621,2417,5.555555555555555,0.375,0.31320528286370103,0.3455701869798672,0.3455701869798672,0.31320528286370103,0.3321843487924943,0.3455701869798672
lendingclub,WA,1,621,4065,5.555555555555555,0.75,0.33874606405229823,0.3731041833522161,0.3731041833522161,0.3731041833522161,0.39811189164100674,0.3731041833522161
lendingclub,WA,1,621,4065,5.555555555555555,0.0,0.36605810254157184,0.3455846773503695,0.3455846773503695,0.36605810254157184,0.36605810254157184,0.36605810254157184
lendingclub,WA,1,621,4065,5.555555555555555,0.25,0.31320528286370103,0.3256640955636402,0.3256640955636402,0.31320528286370103,0.3293760542289423,0.3256640955636402
lendingclub,WA,1,621,489,5.555555555555555,1.0,0.33874606405229823,0.3679081953544312,0.3679081953544312,0.3679081953544312,0.3679081953544312,0.3679081953544312
lendingclub,WA,1,621,489,5.555555555555555,0.0,0.36605810254157184,0.3587258036297395,0.3587258036297395,0.36605810254157184,0.36605810254157184,0.36605810254157184
lendingclub,WA,1,621,489,5.555555555555555,0.125,0.31320528286370103,0.32555361523721565,0.32555361523721565,0.31320528286370103,0.31655563016396226,0.32555361523721565
lendingclub,WI,3,361,1253,3.0,0.75,0.29350666025887207,0.28256295432687967,0.28256295432687967,0.29350666025887207,0.286463048413127,0.29350666025887207
lendingclub,WI,3,361,1253,3.0,0.375,0.26162059297778123,0.24142542321619967,0.24142542321619967,0.26162059297778123,0.25705913207545666,0.26162059297778123
lendingclub,WI,3,361,1253,3.0,1.0,0.28439953817859986,0.27530656619617394,0.27530656619617394,0.27530656619617394,0.27530656619617394,0.28439953817859986
lendingclub,WI,3,361,4750,3.0,0.5,0.29350666025887207,0.21939378301797774,0.21939378301797774,0.29350666025887207,0.2590568142030576,0.29350666025887207
lendingclub,WI,3,361,4750,3.0,0.375,0.26162059297778123,0.24055628423127523,0.24055628423127523,0.26162059297778123,0.2597980705462583,0.26162059297778123
lendingclub,WI,3,361,4750,3.0,0.375,0.28439953817859986,0.2535689019714039,0.2535689019714039,0.28439953817859986,0.28431805957077727,0.28439953817859986
lendingclub,WI,3,361,2545,3.0,0.5,0.29350666025887207,0.22354653363712892,0.22354653363712892,0.22354653363712892,0.2585043817637543,0.29350666025887207
lendingclub,WI,3,361,2545,3.0,0.125,0.26162059297778123,0.27906542737763973,0.27906542737763973,0.26162059297778123,0.2646171543280883,0.27906542737763973
lendingclub,WI,3,361,2545,3.0,0.375,0.28439953817859986,0.26883014572153313,0.26883014572153313,0.26883014572153313,0.2800901726438833,0.28439953817859986
lendingclub,WI,2,361,540,3.0,0.875,0.29350666025887207,0.21482294835556717,0.21482294835556717,0.21482294835556717,0.22138064251202827,0.29350666025887207
lendingclub,WI,2,361,540,3.0,0.125,0.26162059297778123,0.23343748112577906,0.23343748112577906,0.26162059297778123,0.26590859055904553,0.26162059297778123
lendingclub,WI,2,361,540,3.0,0.25,0.28439953817859986,0.2980005517197358,0.2980005517197358,0.2980005517197358,0.28607820240384085,0.2980005517197358
lendingclub,WI,2,361,1970,3.0,0.625,0.29350666025887207,0.22015313391274524,0.22015313391274524,0.22015313391274524,0.2537169894364134,0.29350666025887207
lendingclub,WI,2,361,1970,3.0,0.5,0.26162059297778123,0.2774818153778773,0.2774818153778773,0.26162059297778123,0.28780267627939987,0.2774818153778773
lendingclub,WI,2,361,1970,3.0,0.375,0.28439953817859986,0.24084319768430368,0.24084319768430368,0.24084319768430368,0.2809633033814227,0.28439953817859986
lendingclub,WI,3,361,6567,3.0,0.875,0.29350666025887207,0.24893061381769035,0.24893061381769035,0.24893061381769035,0.2495274949737667,0.29350666025887207
lendingclub,WI,3,361,6567,3.0,0.625,0.26162059297778123,0.2528191827072588,0.2528191827072588,0.26162059297778123,0.2747905574335684,0.26162059297778123
lendingclub,WI,3,361,6567,3.0,0.5,0.28439953817859986,0.2930558887830348,0.2930558887830348,0.2930558887830348,0.28753350788226556,0.2930558887830348
lendingclub,WI,3,361,5311,3.0,0.875,0.29350666025887207,0.23882940475668601,0.23882940475668601,0.23882940475668601,0.24663580888975373,0.29350666025887207
lendingclub,WI,3,361,5311,3.0,0.5,0.26162059297778123,0.26010595356730604,0.26010595356730604,0.26162059297778123,0.29299352078571905,0.26162059297778123
lendingclub,WI,3,361,5311,3.0,0.375,0.28439953817859986,0.26418823758709253,0.26418823758709253,0.26418823758709253,0.2771720551409058,0.28439953817859986
lendingclub,WI,3,361,1248,3.0,0.75,0.29350666025887207,0.17700329429258496,0.17700329429258496,0.17700329429258496,0.20473075377016092,0.29350666025887207
lendingclub,WI,3,361,1248,3.0,0.375,0.26162059297778123,0.22635118462348985,0.22635118462348985,0.26162059297778123,0.24501889842749902,0.26162059297778123
lendingclub,WI,3,361,1248,3.0,1.0,0.28439953817859986,0.20787222848995424,0.20787222848995424,0.20787222848995424,0.20787222848995424,0.28439953817859986
lendingclub,WI,3,361,3865,3.0,0.75,0.29350666025887207,0.23809330547197144,0.23809330547197144,0.23809330547197144,0.2454840828715916,0.29350666025887207
lendingclub,WI,3,361,3865,3.0,0.5,0.26162059297778123,0.25886258513890065,0.25886258513890065,0.26162059297778123,0.2783176586686067,0.26162059297778123
lendingclub,WI,3,361,3865,3.0,0.375,0.28439953817859986,0.27764356916911453,0.27764356916911453,0.27764356916911453,0.29018824035506396,0.28439953817859986
lendingclub,WI,3,361,828,3.0,0.75,0.29350666025887207,0.3067728930018226,0.3067728930018226,0.29350666025887207,0.3058298603953043,0.3067728930018226
lendingclub,WI,3,361,828,3.0,0.0,0.26162059297778123,0.25778545247765705,0.25778545247765705,0.26162059297778123,0.26162059297778123,0.26162059297778123
lendingclub,WI,3,361,828,3.0,0.375,0.28439953817859986,0.28410196878093713,0.28410196878093713,0.28439953817859986,0.2791515063750844,0.28439953817859986
lendingclub,WI,2,361,1416,3.0,0.375,0.29350666025887207,0.24112258473653778,0.24112258473653778,0.24112258473653778,0.27386455700396917,0.29350666025887207
lendingclub,WI,2,361,1416,3.0,0.5,0.26162059297778123,0.231945902885444,0.231945902885444,0.231945902885444,0.24017296572680263,0.26162059297778123
lendingclub,WI,2,361,1416,3.0,0.5,0.28439953817859986,0.26726307398067206,0.26726307398067206,0.26726307398067206,0.29599170743825765,0.28439953817859986
lendingclub,WI,1,361,317,3.0,0.0,0.29350666025887207,0.25443445226225647,0.25443445226225647,0.29350666025887207,0.29350666025887207,0.29350666025887207
lendingclub,WI,1,361,317,3.0,0.625,0.26162059297778123,0.23223449764496817,0.23223449764496817,0.23223449764496817,0.24861085874812844,0.26162059297778123
lendingclub,WI,1,361,317,3.0,0.375,0.28439953817859986,0.28574684137920725,0.28574684137920725,0.28439953817859986,0.28451725318374854,0.28574684137920725
lendingclub,WV,4,130,1257,0.8888888888888888,0.5,0.6187165775401069,0.4998938375839932,0.4998938375839932,0.4998938375839932,0.6018916898249376,0.6187165775401069
lendingclub,WV,4,130,1257,0.8888888888888888,0.125,0.2402985902985903,0.2699333973933516,0.2699333973933516,0.2402985902985903,0.23072529711185175,0.2699333973933516
lendingclub,WV,4,130,1257,0.8888888888888888,1.0,0.37957399968785166,0.25324196962852424,0.25324196962852424,0.25324196962852424,0.25324196962852424,0.37957399968785166
lendingclub,WV,4,130,1187,0.8888888888888888,0.375,0.6187165775401069,0.4954913169198883,0.4954913169198883,0.4954913169198883,0.6077212261422787,0.6187165775401069
lendingclub,WV,4,130,1187,0.8888888888888888,0.0,0.2402985902985903,0.34670780729143097,0.34670780729143097,0.2402985902985903,0.2402985902985903,0.34670780729143097
lendingclub,WV,4,130,1187,0.8888888888888888,1.0,0.37957399968785166,0.20732241860061407,0.20732241860061407,0.20732241860061407,0.20732241860061407,0.37957399968785166
lendingclub,WV,3,130,2988,0.8888888888888888,0.375,0.6187165775401069,0.5510867669252763,0.5510867669252763,0.5510867669252763,0.64643643079825,0.6187165775401069
lendingclub,WV,3,130,2988,0.8888888888888888,0.0,0.2402985902985903,0.3535576878172498,0.3535576878172498,0.2402985902985903,0.2402985902985903,0.3535576878172498
lendingclub,WV,3,130,2988,0.8888888888888888,1.0,0.37957399968785166,0.25895121139023575,0.25895121139023575,0.25895121139023575,0.25895121139023575,0.37957399968785166
lendingclub,WV,4,130,1694,0.8888888888888888,0.5,0.6187165775401069,0.5741518194579418,0.5741518194579418,0.5741518194579418,0.6177999741122664,0.6187165775401069
lendingclub,WV,4,130,1694,0.8888888888888888,0.0,0.2402985902985903,0.2799818203143326,0.2799818203143326,0.2402985902985903,0.2402985902985903,0.2799818203143326
lendingclub,WV,4,130,1694,0.8888888888888888,1.0,0.37957399968785166,0.33833638382683806,0.33833638382683806,0.33833638382683806,0.33833638382683806,0.37957399968785166
lendingclub,WV,2,130,559,0.8888888888888888,0.875,0.6187165775401069,0.6035718667297614,0.6035718667297614,0.6035718667297614,0.6315724815724816,0.6187165775401069
lendingclub,WV,2,130,559,0.8888888888888888,0.875,0.2402985902985903,0.24475217764691448,0.24475217764691448,0.24475217764691448,0.24150191065992344,0.24475217764691448
lendingclub,WV,2,130,559,0.8888888888888888,1.0,0.37957399968785166,0.19770657496221403,0.19770657496221403,0.19770657496221403,0.19770657496221403,0.37957399968785166
lendingclub,WV,3,130,5183,0.8888888888888888,0.375,0.6187165775401069,0.5328870348629047,0.5328870348629047,0.5328870348629047,0.6046176046176046,0.6187165775401069
lendingclub,WV,3,130,5183,0.8888888888888888,0.125,0.2402985902985903,0.2780716634479879,0.2780716634479879,0.2402985902985903,0.23689976689976688,0.2780716634479879
lendingclub,WV,3,130,5183,0.8888888888888888,0.25,0.37957399968785166,0.24301539361340024,0.24301539361340024,0.37957399968785166,0.3967044449358691,0.37957399968785166
lendingclub,WV,4,130,2747,0.8888888888888888,0.375,0.6187165775401069,0.611900502598177,0.611900502598177,0.611900502598177,0.6233365631861872,0.6187165775401069
lendingclub,WV,4,130,2747,0.8888888888888888,0.0,0.2402985902985903,0.3000632071010222,0.3000632071010222,0.2402985902985903,0.2402985902985903,0.3000632071010222
lendingclub,WV,4,130,2747,0.8888888888888888,1.0,0.37957399968785166,0.21842681128395414,0.21842681128395414,0.21842681128395414,0.21842681128395414,0.37957399968785166
lendingclub,WV,3,130,1565,0.8888888888888888,0.5,0.6187165775401069,0.4681871331261575,0.4681871331261575,0.4681871331261575,0.5750415282392026,0.6187165775401069
lendingclub,WV,3,130,1565,0.8888888888888888,0.0,0.2402985902985903,0.31699662623670155,0.31699662623670155,0.2402985902985903,0.2402985902985903,0.31699662623670155
lendingclub,WV,3,130,1565,0.8888888888888888,1.0,0.37957399968785166,0.23151266461206632,0.23151266461206632,0.23151266461206632,0.23151266461206632,0.37957399968785166
lendingclub,WV,1,130,188,0.8888888888888888,0.875,0.6187165775401069,0.6247990105132962,0.6247990105132962,0.6247990105132962,0.6384915705412599,0.6247990105132962
lendingclub,WV,1,130,188,0.8888888888888888,0.0,0.2402985902985903,0.23128633271490412,0.23128633271490412,0.2402985902985903,0.2402985902985903,0.2402985902985903
lendingclub,WV,1,130,188,0.8888888888888888,0.0,0.37957399968785166,0.19040774202064525,0.19040774202064525,0.37957399968785166,0.37957399968785166,0.37957399968785166
lendingclub,WV,1,130,317,0.8888888888888888,1.0,0.6187165775401069,0.5910321024961709,0.5910321024961709,0.5910321024961709,0.5910321024961709,0.6187165775401069
lendingclub,WV,1,130,317,0.8888888888888888,0.0,0.2402985902985903,0.3297077922077922,0.3297077922077922,0.2402985902985903,0.2402985902985903,0.3297077922077922
lendingclub,WV,1,130,317,0.8888888888888888,0.0,0.37957399968785166,0.27254772876892686,0.27254772876892686,0.37957399968785166,0.37957399968785166,0.37957399968785166
lendingclub,WV,2,130,955,0.8888888888888888,0.5,0.6187165775401069,0.5191276976991263,0.5191276976991263,0.5191276976991263,0.6418589764454425,0.6187165775401069
lendingclub,WV,2,130,955,0.8888888888888888,0.0,0.2402985902985903,0.23762121083549653,0.23762121083549653,0.2402985902985903,0.2402985902985903,0.2402985902985903
lendingclub,WV,2,130,955,0.8888888888888888,1.0,0.37957399968785166,0.3065275912736636,0.3065275912736636,0.3065275912736636,0.3065275912736636,0.37957399968785166
lendingclub,WV,1,130,516,0.8888888888888888,0.0,0.6187165775401069,0.5198412698412698,0.5198412698412698,0.6187165775401069,0.6187165775401069,0.6187165775401069
lendingclub,WV,1,130,516,0.8888888888888888,0.0,0.2402985902985903,0.34032427520799613,0.34032427520799613,0.2402985902985903,0.2402985902985903,0.34032427520799613
lendingclub,WV,1,130,516,0.8888888888888888,1.0,0.37957399968785166,0.3740144775859061,0.3740144775859061,0.3740144775859061,0.3740144775859061,0.37957399968785166
lendingclub,WY,1,60,86,0.16666666666666666,0.125,0.09090909090909091,0.125,0.125,0.09090909090909091,0.09090909090909091,0.125
lendingclub,WY,1,60,86,0.16666666666666666,1.0,0.04,0.08333333333333333,0.08333333333333333,0.08333333333333333,0.08333333333333333,0.08333333333333333
lendingclub,WY,1,60,86,0.16666666666666666,0.5,0.05,0.05555555555555555,0.05555555555555555,0.05,0.05263157894736842,0.05555555555555555
lendingclub,WY,1,60,484,0.16666666666666666,0.125,0.09090909090909091,0.08333333333333333,0.08333333333333333,0.09090909090909091,0.09090909090909091,0.09090909090909091
lendingclub,WY,1,60,484,0.16666666666666666,1.0,0.04,0.05555555555555555,0.05555555555555555,0.05555555555555555,0.05555555555555555,0.05555555555555555
lendingclub,WY,1,60,484,0.16666666666666666,0.5,0.05,0.2,0.2,0.2,0.08333333333333333,0.2
lendingclub,WY,3,60,2770,0.16666666666666666,0.125,0.09090909090909091,0.06666666666666667,0.06666666666666667,0.06666666666666667,0.08333333333333333,0.09090909090909091
lendingclub,WY,3,60,2770,0.16666666666666666,1.0,0.04,0.05,0.05,0.05,0.05,0.05
lendingclub,WY,3,60,2770,0.16666666666666666,0.5,0.05,0.5,0.5,0.5,0.09090909090909091,0.5
lendingclub,WY,2,60,2584,0.16666666666666666,0.75,0.09090909090909091,0.08333333333333333,0.08333333333333333,0.08333333333333333,0.1,0.09090909090909091
lendingclub,WY,2,60,2584,0.16666666666666666,1.0,0.04,0.09090909090909091,0.09090909090909091,0.09090909090909091,0.09090909090909091,0.09090909090909091
lendingclub,WY,2,60,2584,0.16666666666666666,0.5,0.05,0.3333333333333333,0.3333333333333333,0.05,0.07692307692307693,0.3333333333333333
lendingclub,WY,3,60,9695,0.16666666666666666,0.75,0.09090909090909091,0.1111111111111111,0.1111111111111111,0.1111111111111111,0.1,0.1111111111111111
lendingclub,WY,3,60,9695,0.16666666666666666,1.0,0.04,0.09090909090909091,0.09090909090909091,0.09090909090909091,0.09090909090909091,0.09090909090909091
lendingclub,WY,3,60,9695,0.16666666666666666,0.5,0.05,0.5,0.5,0.5,0.07692307692307693,0.5
lendingclub,WY,4,60,1496,0.16666666666666666,0.125,0.09090909090909091,0.1,0.1,0.1,0.09090909090909091,0.1
lendingclub,WY,4,60,1496,0.16666666666666666,1.0,0.04,0.08333333333333333,0.08333333333333333,0.08333333333333333,0.08333333333333333,0.08333333333333333
lendingclub,WY,4,60,1496,0.16666666666666666,0.375,0.05,0.16666666666666666,0.16666666666666666,0.05,0.058823529411764705,0.16666666666666666
lendingclub,WY,4,60,2171,0.16666666666666666,0.125,0.09090909090909091,0.1111111111111111,0.1111111111111111,0.1111111111111111,0.09090909090909091,0.1111111111111111
lendingclub,WY,4,60,2171,0.16666666666666666,1.0,0.04,0.08333333333333333,0.08333333333333333,0.08333333333333333,0.08333333333333333,0.08333333333333333
lendingclub,WY,4,60,2171,0.16666666666666666,0.375,0.05,0.3333333333333333,0.3333333333333333,0.3333333333333333,0.06666666666666667,0.3333333333333333
lendingclub,WY,4,60,1798,0.16666666666666666,0.5,0.09090909090909091,0.16666666666666666,0.16666666666666666,0.16666666666666666,0.1,0.16666666666666666
lendingclub,WY,4,60,1798,0.16666666666666666,1.0,0.04,0.125,0.125,0.125,0.125,0.125
lendingclub,WY,4,60,1798,0.16666666666666666,0.375,0.05,0.3333333333333333,0.3333333333333333,0.05,0.07692307692307693,0.3333333333333333
lendingclub,WY,3,60,3116,0.16666666666666666,0.625,0.09090909090909091,0.09090909090909091,0.09090909090909091,0.09090909090909091,0.1,0.09090909090909091
lendingclub,WY,3,60,3116,0.16666666666666666,0.875,0.04,0.08333333333333333,0.08333333333333333,0.08333333333333333,0.07692307692307693,0.08333333333333333
lendingclub,WY,3,60,3116,0.16666666666666666,0.5,0.05,0.3333333333333333,0.3333333333333333,0.05,0.07692307692307693,0.3333333333333333
lendingclub,WY,2,60,3593,0.16666666666666666,0.125,0.09090909090909091,0.1111111111111111,0.1111111111111111,0.09090909090909091,0.09090909090909091,0.1111111111111111
lendingclub,WY,2,60,3593,0.16666666666666666,1.0,0.04,0.09090909090909091,0.09090909090909091,0.09090909090909091,0.09090909090909091,0.09090909090909091
lendingclub,WY,2,60,3593,0.16666666666666666,0.375,0.05,0.2,0.2,0.2,0.0625,0.2
lendingclub,WY,2,60,564,0.16666666666666666,0.25,0.09090909090909091,0.1111111111111111,0.1111111111111111,0.09090909090909091,0.1,0.1111111111111111
lendingclub,WY,2,60,564,0.16666666666666666,0.875,0.04,0.07692307692307693,0.07692307692307693,0.07692307692307693,0.06666666666666667,0.07692307692307693
lendingclub,WY,2,60,564,0.16666666666666666,0.0,0.05,0.3333333333333333,0.3333333333333333,0.05,0.05,0.3333333333333333
lendingclub,WY,2,60,984,0.16666666666666666,0.5,0.09090909090909091,0.04,0.04,0.04,0.058823529411764705,0.09090909090909091
lendingclub,WY,2,60,984,0.16666666666666666,0.875,0.04,0.038461538461538464,0.038461538461538464,0.038461538461538464,0.038461538461538464,0.04
lendingclub,WY,2,60,984,0.16666666666666666,0.5,0.05,1.0,1.0,0.05,0.1111111111111111,1.0
