dataset,target,n_partners,n_target,n_min,n_partner_total,d_target,ratio_partner_to_target,events_target,epv_target,schema_jaccard,q_median,i2_median,benefit,helped,loc_AUPRC,loc_Brier,loc_AUROC,loc_cal_slope,loc_cal_intercept,mrg_AUPRC,mrg_Brier,mrg_AUROC,mrg_cal_slope,mrg_cal_intercept
acs_ct2_education,1,3,560,560,1680,10,3.0,101,7.1,1.0,18.25097077327485,0.8340600270619222,0.007868413729198442,1,0.3581187213250039,0.09749538202490085,0.7687301587301587,0.7785415114012282,-0.11337095028182088,0.36598713505420233,0.09618913598169465,0.7595238095238095,0.8871069942215277,-0.11462970437230748
acs_ct2_education,1,3,560,560,1680,10,3.0,101,7.1,1.0,10.782112629463013,0.720736744386564,0.004537575927319348,1,0.3552894474960293,0.09656060245127374,0.7760317460317461,0.9102853618808505,0.08640750581537587,0.35982702342334866,0.096545051639805,0.7771428571428571,1.0900772725666823,0.10682600740633241
acs_ct2_education,1,3,560,560,1680,10,3.0,101,7.1,1.0,15.220697127284453,0.8004690512588453,-0.006851022285562558,0,0.40777538553401477,0.09395235017629591,0.7568253968253968,0.8539311951551625,-0.03047907667136177,0.4009243632484522,0.09376108606338583,0.7463492063492063,1.0076544822465414,-0.00350883779419098
acs_ct2_education,1,3,560,560,1680,10,3.0,101,7.1,1.0,11.262284083775402,0.732089464674941,0.024953021676080545,1,0.4059107171668973,0.09269796031838749,0.7341269841269841,0.7950582253435146,0.02259949632294074,0.43086373884297785,0.09151130172606095,0.7492063492063492,0.9775815998311246,0.028384839237310472
acs_ct2_education,1,3,560,560,1680,10,3.0,101,7.1,1.0,15.382277511392711,0.8025503534738143,0.0224974754532406,1,0.328206825497144,0.10065457697314076,0.746984126984127,0.6959185432033751,-0.11257252745693193,0.3507043009503846,0.09564744909881942,0.7949206349206349,1.082830431870654,-0.059176268005505586
acs_ct2_education,1,4,560,560,2240,10,4.0,101,7.1,1.0,30.102267868318098,0.8452414374885683,0.03937635768694753,1,0.3581187213250039,0.09749538202490085,0.7687301587301587,0.7785415114012282,-0.11337095028182088,0.3974950790119514,0.1180119868931542,0.7711111111111111,0.8690174693500533,-1.069349426675991
acs_ct2_education,1,4,560,560,2240,10,4.0,101,7.1,1.0,18.254414752671657,0.6920223777890903,-0.02107886729429398,0,0.3552894474960293,0.09656060245127374,0.7760317460317461,0.9102853618808505,0.08640750581537587,0.33421058020173533,0.1099176537034038,0.7598412698412698,0.8567447862888791,-0.8009274507285642
acs_ct2_education,1,4,560,560,2240,10,4.0,101,7.1,1.0,24.766476037973536,0.8320198392919405,0.004096107589641851,1,0.40777538553401477,0.09395235017629591,0.7568253968253968,0.8539311951551625,-0.03047907667136177,0.4118714931236566,0.1120928976177311,0.7466666666666667,0.8737145180584024,-0.9314604218434407
acs_ct2_education,1,4,560,560,2240,10,4.0,101,7.1,1.0,25.39158371562681,0.8250177281080833,0.05644802375574087,1,0.4059107171668973,0.09269796031838749,0.7341269841269841,0.7950582253435146,0.02259949632294074,0.4623587409226382,0.10371676619629414,0.7523809523809524,0.9206545101210089,-0.8641780056808283
acs_ct2_education,1,4,560,560,2240,10,4.0,101,7.1,1.0,31.225101862648728,0.8391147549420976,0.05347620555463012,1,0.328206825497144,0.10065457697314076,0.746984126984127,0.6959185432033751,-0.11257252745693193,0.3816830310517741,0.10892692119544091,0.8071428571428572,1.0528616675832485,-0.9704186199827365
acs_ct2_education,1,1,560,560,560,10,1.0,101,7.1,1.0,2.9393447993840787,0.558983550617591,0.023271244393731183,1,0.3581187213250039,0.09749538202490085,0.7687301587301587,0.7785415114012282,-0.11337095028182088,0.38138996571873507,0.09661244077906248,0.7722222222222223,0.7807906859048024,-0.07700323832016945
acs_ct2_education,1,1,560,560,560,10,1.0,101,7.1,1.0,3.385859984512422,0.6394660864379997,-0.05146079293351058,0,0.3552894474960293,0.09656060245127374,0.7760317460317461,0.9102853618808505,0.08640750581537587,0.30382865456251873,0.10058815570630249,0.7415873015873016,0.7431891938570313,0.2040059337700366
acs_ct2_education,1,1,560,560,560,10,1.0,101,7.1,1.0,2.960903731072721,0.6515605158077089,-0.019671598516110167,0,0.40777538553401477,0.09395235017629591,0.7568253968253968,0.8539311951551625,-0.03047907667136177,0.3881037870179046,0.09492507108269498,0.7414285714285714,0.7657570970311138,0.020395775137629774
acs_ct2_education,1,1,560,560,560,10,1.0,101,7.1,1.0,1.8294802186751558,0.43896600843200984,0.0226773256227088,1,0.4059107171668973,0.09269796031838749,0.7341269841269841,0.7950582253435146,0.02259949632294074,0.4285880427896061,0.09091589879268194,0.7553968253968254,0.8942055411348823,0.07848370504288152
acs_ct2_education,1,1,560,560,560,10,1.0,101,7.1,1.0,1.8465642030012868,0.3198641162656592,0.032293972387393344,1,0.328206825497144,0.10065457697314076,0.746984126984127,0.6959185432033751,-0.11257252745693193,0.3605007978845373,0.09571578621268913,0.7865079365079365,0.8758869427031566,-0.02169977681289189
acs_ct2_education,1,4,560,560,2240,10,4.0,101,7.1,1.0,20.300356115805076,0.7892376940561138,0.029818781450545173,1,0.3581187213250039,0.09749538202490085,0.7687301587301587,0.7785415114012282,-0.11337095028182088,0.38793750277554906,0.1075358954494693,0.7580952380952382,0.7451520635361053,-0.6812056823389823
acs_ct2_education,1,4,560,560,2240,10,4.0,101,7.1,1.0,12.517914297465982,0.6740365541358336,-0.026917167932395847,0,0.3552894474960293,0.09656060245127374,0.7760317460317461,0.9102853618808505,0.08640750581537587,0.32837227956363346,0.10084448481248559,0.7668253968253969,0.7890371413659831,-0.3632913978513782
acs_ct2_education,1,4,560,560,2240,10,4.0,101,7.1,1.0,11.159973895155963,0.6342895603889577,-0.014389272185467428,0,0.40777538553401477,0.09395235017629591,0.7568253968253968,0.8539311951551625,-0.03047907667136177,0.39338611334854734,0.10152418272029218,0.7492063492063492,0.7368317054707201,-0.52814984165339
acs_ct2_education,1,4,560,560,2240,10,4.0,101,7.1,1.0,13.002204458713365,0.6869479855246796,0.03825409997264634,1,0.4059107171668973,0.09269796031838749,0.7341269841269841,0.7950582253435146,0.02259949632294074,0.44416481713954364,0.09378370860686375,0.7480952380952381,0.8159276667662995,-0.4379599675992793
acs_ct2_education,1,4,560,560,2240,10,4.0,101,7.1,1.0,18.674975044086636,0.7739703846959218,0.044493313541326074,1,0.328206825497144,0.10065457697314076,0.746984126984127,0.6959185432033751,-0.11257252745693193,0.37270013903847005,0.09926204060344017,0.8012698412698412,0.8528670726634352,-0.5345618506298024
acs_ct2_education,1,3,560,560,1680,10,3.0,101,7.1,1.0,18.32753269131569,0.8358431031759728,0.020682894986561118,1,0.3581187213250039,0.09749538202490085,0.7687301587301587,0.7785415114012282,-0.11337095028182088,0.378801616311565,0.09864882932277128,0.7638095238095238,0.7803115102461724,-0.3792447661829118
acs_ct2_education,1,3,560,560,1680,10,3.0,101,7.1,1.0,11.087549218314154,0.7266165578523596,-0.01181832292680679,0,0.3552894474960293,0.09656060245127374,0.7760317460317461,0.9102853618808505,0.08640750581537587,0.3434711245692225,0.09780500029575935,0.7698412698412699,0.780351033512701,-0.133348819074022
acs_ct2_education,1,3,560,560,1680,10,3.0,101,7.1,1.0,20.47461388064395,0.8532055839462156,0.028811338895392224,1,0.40777538553401477,0.09395235017629591,0.7568253968253968,0.8539311951551625,-0.03047907667136177,0.436586724429407,0.09355181703347545,0.7711111111111111,0.8460873840774004,-0.276436315669707
acs_ct2_education,1,3,560,560,1680,10,3.0,101,7.1,1.0,12.549758167647884,0.7584947955992994,0.02075222216388045,1,0.4059107171668973,0.09269796031838749,0.7341269841269841,0.7950582253435146,0.02259949632294074,0.42666293933077776,0.09121571212619042,0.7530158730158729,0.7910218731154587,-0.16160655961315967
acs_ct2_education,1,3,560,560,1680,10,3.0,101,7.1,1.0,10.712392400399636,0.7173813915329337,0.04502171050997372,1,0.328206825497144,0.10065457697314076,0.746984126984127,0.6959185432033751,-0.11257252745693193,0.3732285360071177,0.09409764689163398,0.7893650793650794,0.868185349710226,-0.24412326064258744
acs_ct2_education,1,1,560,560,560,10,1.0,101,7.1,1.0,7.623482902732722,0.8652854464466917,0.009897811453563776,1,0.3581187213250039,0.09749538202490085,0.7687301587301587,0.7785415114012282,-0.11337095028182088,0.36801653277856766,0.09648973686229596,0.7666666666666666,0.8460761486147927,-0.22376899808235415
acs_ct2_education,1,1,560,560,560,10,1.0,101,7.1,1.0,3.095270347034483,0.5579055683354484,-0.02858862911412574,0,0.3552894474960293,0.09656060245127374,0.7760317460317461,0.9102853618808505,0.08640750581537587,0.32670081838190357,0.0983217597423731,0.7560317460317462,0.8004636576179339,-0.01397850234442103
acs_ct2_education,1,1,560,560,560,10,1.0,101,7.1,1.0,2.3617023334728513,0.5760625577211196,-0.032133069852861906,0,0.40777538553401477,0.09395235017629591,0.7568253968253968,0.8539311951551625,-0.03047907667136177,0.37564231568115286,0.09659176520474523,0.7474603174603174,0.7610134163881939,-0.15379529677353868
acs_ct2_education,1,1,560,560,560,10,1.0,101,7.1,1.0,5.842527663982655,0.8089595869394144,0.03171294469335639,1,0.4059107171668973,0.09269796031838749,0.7341269841269841,0.7950582253435146,0.02259949632294074,0.4376236618602537,0.0906279570610265,0.7412698412698412,0.8279571102082705,-0.13053044184059207
acs_ct2_education,1,1,560,560,560,10,1.0,101,7.1,1.0,9.21050756630227,0.8913970326674374,0.028571682575364243,1,0.328206825497144,0.10065457697314076,0.746984126984127,0.6959185432033751,-0.11257252745693193,0.3567785080725082,0.09570817235678557,0.7987301587301587,0.879373059946971,-0.21980169021717502
acs_ct2_education,1,2,560,560,1120,10,2.0,101,7.1,1.0,9.786263668798401,0.7876560374145474,0.005340949198776479,1,0.3581187213250039,0.09749538202490085,0.7687301587301587,0.7785415114012282,-0.11337095028182088,0.36345967052378036,0.0973712854435152,0.7576190476190476,0.7846982075184422,-0.1826522864871513
acs_ct2_education,1,2,560,560,1120,10,2.0,101,7.1,1.0,5.233875474352454,0.6163309029508244,-0.026410583232506557,0,0.3552894474960293,0.09656060245127374,0.7760317460317461,0.9102853618808505,0.08640750581537587,0.32887886426352275,0.09862189236741109,0.7657142857142858,0.8136393301066095,0.0971313608315705
acs_ct2_education,1,2,560,560,1120,10,2.0,101,7.1,1.0,10.861508947362756,0.7997408887430388,-0.00037322763067076936,0,0.40777538553401477,0.09395235017629591,0.7568253968253968,0.8539311951551625,-0.03047907667136177,0.407402157903344,0.09323889451671004,0.7514285714285714,0.8381318473082375,-0.039289330322093016
acs_ct2_education,1,2,560,560,1120,10,2.0,101,7.1,1.0,7.430519448564699,0.721817738694728,0.006793493184065302,1,0.4059107171668973,0.09269796031838749,0.7341269841269841,0.7950582253435146,0.02259949632294074,0.4127042103509626,0.09228259309489971,0.7506349206349207,0.8068489024682064,-0.003999758424164702
acs_ct2_education,1,2,560,560,1120,10,2.0,101,7.1,1.0,7.215350220159117,0.6746485917124454,0.02323799809744098,1,0.328206825497144,0.10065457697314076,0.746984126984127,0.6959185432033751,-0.11257252745693193,0.35144482359458495,0.09603051241783503,0.789047619047619,0.9030844001052745,-0.1014391118709046
acs_ct2_education,1,3,560,560,1680,10,3.0,101,7.1,1.0,13.681080809454784,0.7776044867395218,0.008819132271589869,1,0.3581187213250039,0.09749538202490085,0.7687301587301587,0.7785415114012282,-0.11337095028182088,0.36693785359659375,0.10505515434595886,0.7701587301587302,0.7955340706405849,-0.6707056503901891
acs_ct2_education,1,3,560,560,1680,10,3.0,101,7.1,1.0,10.058327103654925,0.6978812175334952,0.012465257468008473,1,0.3552894474960293,0.09656060245127374,0.7760317460317461,0.9102853618808505,0.08640750581537587,0.3677547049640378,0.09663770792879191,0.7823809523809525,0.9639979670692322,-0.38786470723126953
acs_ct2_education,1,3,560,560,1680,10,3.0,101,7.1,1.0,14.565217640116707,0.7938856241813725,-0.03030816469526121,0,0.40777538553401477,0.09395235017629591,0.7568253968253968,0.8539311951551625,-0.03047907667136177,0.37746722083875356,0.10260232986510191,0.7471428571428572,0.7541770200806708,-0.5936801017368535
acs_ct2_education,1,3,560,560,1680,10,3.0,101,7.1,1.0,14.672490413808546,0.7620504170196852,0.031004227934641027,1,0.4059107171668973,0.09269796031838749,0.7341269841269841,0.7950582253435146,0.02259949632294074,0.43691494510153833,0.09584282754464184,0.7466666666666666,0.8865641787382673,-0.5003492856948998
acs_ct2_education,1,3,560,560,1680,10,3.0,101,7.1,1.0,22.902436686070203,0.8682346708657299,0.026923363203520012,1,0.328206825497144,0.10065457697314076,0.746984126984127,0.6959185432033751,-0.11257252745693193,0.355130188700664,0.09914691661008425,0.8053968253968253,0.918445066957136,-0.5842587790189793
acs_ct2_education,1,3,560,560,1680,10,3.0,101,7.1,1.0,16.540832874268283,0.8184090998602576,0.017894364846467115,1,0.3581187213250039,0.09749538202490085,0.7687301587301587,0.7785415114012282,-0.11337095028182088,0.376013086171471,0.10466437428267286,0.7660317460317461,0.7734488415894654,-0.6966154263032147
acs_ct2_education,1,3,560,560,1680,10,3.0,101,7.1,1.0,15.900136383791406,0.7837790788165322,0.015269745093791587,1,0.3552894474960293,0.09656060245127374,0.7760317460317461,0.9102853618808505,0.08640750581537587,0.3705591925898209,0.09804408111958238,0.7706349206349206,0.8713953342461895,-0.43958164843557096
acs_ct2_education,1,3,560,560,1680,10,3.0,101,7.1,1.0,23.57356691136153,0.8660384721199488,-0.022358409575845728,0,0.40777538553401477,0.09395235017629591,0.7568253968253968,0.8539311951551625,-0.03047907667136177,0.38541697595816904,0.10508822719516694,0.7531746031746032,0.7480690118972139,-0.6959033977056687
acs_ct2_education,1,3,560,560,1680,10,3.0,101,7.1,1.0,19.95226970940095,0.8495280062272272,0.04993043163946398,1,0.4059107171668973,0.09269796031838749,0.7341269841269841,0.7950582253435146,0.02259949632294074,0.4558411488063613,0.09624063014363712,0.7495238095238095,0.8595250697118376,-0.5978931201387724
acs_ct2_education,1,3,560,560,1680,10,3.0,101,7.1,1.0,21.176944974791592,0.8465224630876876,0.04470062325648433,1,0.328206825497144,0.10065457697314076,0.746984126984127,0.6959185432033751,-0.11257252745693193,0.3729074487536283,0.09825762181070304,0.8087301587301587,0.9065787082802986,-0.6221898551692564
acs_ct2_education,1,1,560,560,560,10,1.0,101,7.1,1.0,2.852759282356978,0.629615915252426,0.020014043980602803,1,0.3581187213250039,0.09749538202490085,0.7687301587301587,0.7785415114012282,-0.11337095028182088,0.3781327653056067,0.12277765195587144,0.7828571428571429,0.8190601650725158,-1.1938142173473816
acs_ct2_education,1,1,560,560,560,10,1.0,101,7.1,1.0,2.230675627641893,0.548768398021446,-0.0001697937457761367,0,0.3552894474960293,0.09656060245127374,0.7760317460317461,0.9102853618808505,0.08640750581537587,0.3551196537502532,0.11277451773233191,0.7715873015873016,0.8783478922792711,-0.9427104024620964
acs_ct2_education,1,1,560,560,560,10,1.0,101,7.1,1.0,0.6699677804732425,0.0,-0.023243553363441805,0,0.40777538553401477,0.09395235017629591,0.7568253968253968,0.8539311951551625,-0.03047907667136177,0.38453183217057296,0.12229427551367439,0.7477777777777777,0.8185228338395573,-1.1201881872882071
acs_ct2_education,1,1,560,560,560,10,1.0,101,7.1,1.0,0.9279926505179946,0.008345871962335692,0.042487754018240675,1,0.4059107171668973,0.09269796031838749,0.7341269841269841,0.7950582253435146,0.02259949632294074,0.448398471185138,0.11253864869887445,0.7323809523809524,0.825952652040589,-1.0137634644183353
acs_ct2_education,1,1,560,560,560,10,1.0,101,7.1,1.0,2.0943040685714873,0.5011798243968167,0.015323263521858754,1,0.328206825497144,0.10065457697314076,0.746984126984127,0.6959185432033751,-0.11257252745693193,0.3435300890190027,0.11813128472236227,0.7750793650793651,0.8459323154760816,-1.0630877357173019
acs_ct2_education,1,1,560,560,560,10,1.0,101,7.1,1.0,0.38521962421854916,0.0,0.0009468246752911136,1,0.3581187213250039,0.09749538202490085,0.7687301587301587,0.7785415114012282,-0.11337095028182088,0.359065546000295,0.097422498206938,0.7622222222222221,0.7813353209188826,-0.018525275473550772
acs_ct2_education,1,1,560,560,560,10,1.0,101,7.1,1.0,3.3007361635385726,0.696645612972806,0.021487642909502058,1,0.3552894474960293,0.09656060245127374,0.7760317460317461,0.9102853618808505,0.08640750581537587,0.37677709040553137,0.09622451327609367,0.7761904761904762,0.9787836785422086,0.2708866934286065
acs_ct2_education,1,1,560,560,560,10,1.0,101,7.1,1.0,2.8805071234855344,0.647202736469269,-0.01727374521022612,0,0.40777538553401477,0.09395235017629591,0.7568253968253968,0.8539311951551625,-0.03047907667136177,0.39050164032378865,0.0941167611452948,0.7677777777777779,0.9048323114050655,0.08541871336372207
acs_ct2_education,1,1,560,560,560,10,1.0,101,7.1,1.0,2.569963975984482,0.5998512113406274,0.04042822560368464,1,0.4059107171668973,0.09269796031838749,0.7341269841269841,0.7950582253435146,0.02259949632294074,0.44633894277058195,0.09067040665569595,0.7533333333333333,0.8582757557085385,0.13530409429532103
acs_ct2_education,1,1,560,560,560,10,1.0,101,7.1,1.0,3.510800625312834,0.7112387469846538,0.030935887576208798,1,0.328206825497144,0.10065457697314076,0.746984126984127,0.6959185432033751,-0.11257252745693193,0.35914271307335277,0.09542320634201748,0.7903174603174604,0.8666881323223821,0.007900247124320327
acs_ct2_education,1,2,560,560,1120,10,2.0,101,7.1,1.0,3.7219929493885844,0.38785271277818856,-0.0009381182438621405,0,0.3581187213250039,0.09749538202490085,0.7687301587301587,0.7785415114012282,-0.11337095028182088,0.35718060308114175,0.09711090321490994,0.7636507936507937,0.8974216664201485,0.007504616174446209
acs_ct2_education,1,2,560,560,1120,10,2.0,101,7.1,1.0,3.822396892188676,0.4766394107316603,0.04806988763266362,1,0.3552894474960293,0.09656060245127374,0.7760317460317461,0.9102853618808505,0.08640750581537587,0.40335933512869293,0.09484092899688382,0.7912698412698413,1.167566729681619,0.23179762645092614
acs_ct2_education,1,2,560,560,1120,10,2.0,101,7.1,1.0,3.1971205035487054,0.3473791846906281,-0.01011000180304339,0,0.40777538553401477,0.09395235017629591,0.7568253968253968,0.8539311951551625,-0.03047907667136177,0.3976653837309714,0.09375154718613202,0.7661904761904762,0.9953794256660313,0.06555406835490672
acs_ct2_education,1,2,560,560,1120,10,2.0,101,7.1,1.0,5.5704197781635845,0.5971656800690031,0.005695354676222508,1,0.4059107171668973,0.09269796031838749,0.7341269841269841,0.7950582253435146,0.02259949632294074,0.4116060718431198,0.09280316129211673,0.7511111111111112,0.9175360808916113,0.16531143359551417
acs_ct2_education,1,2,560,560,1120,10,2.0,101,7.1,1.0,7.080134295632924,0.7032132936783169,0.02981248632156719,1,0.328206825497144,0.10065457697314076,0.746984126984127,0.6959185432033751,-0.11257252745693193,0.35801931181871116,0.09518617104976695,0.7919047619047619,0.9631797110503997,-0.021081549521256855
acs_ct2_education,10,3,560,560,1680,10,3.0,100,7.0,1.0,15.428135503787656,0.7996651897599161,0.018291726382165086,1,0.25290237066649884,0.10565912933017975,0.7033333333333334,0.7405347342353049,-0.06743009807135224,0.27119409704866393,0.1101971754021223,0.7141269841269842,0.7213693716799302,-0.5356039271020293
acs_ct2_education,10,3,560,560,1680,10,3.0,100,7.0,1.0,9.672883970498262,0.6876857708431614,0.03442282480071068,1,0.2684850955711997,0.10366551987318226,0.6933333333333334,0.7668199206169988,0.024097271122753738,0.3029079203719104,0.10499205400428911,0.7123809523809523,0.8115966727727809,-0.40322877191171913
acs_ct2_education,10,3,560,560,1680,10,3.0,100,7.0,1.0,14.741812575856244,0.7792730528140608,-0.012598088656136541,0,0.39685169543315924,0.09461308734993391,0.7792063492063491,1.4436285470226344,-0.05181936787218951,0.3842536067770227,0.0986648679282194,0.7696825396825396,1.0813299025840977,-0.5443249926704431
acs_ct2_education,10,3,560,560,1680,10,3.0,100,7.0,1.0,13.44883346581723,0.7701668159724341,0.0014732029644182743,1,0.30382473943430777,0.10386155853641531,0.7776190476190477,0.7845579102968531,-0.1572315279919949,0.30529794239872604,0.10534800242228522,0.7826984126984127,0.8287081242361676,-0.5027153290331
acs_ct2_education,10,3,560,560,1680,10,3.0,100,7.0,1.0,14.910557277245136,0.7975132175586185,0.014229442959275085,1,0.2924148370658562,0.10100523561515559,0.7468253968253968,1.0260184431475723,0.12058143398701182,0.3066442800251313,0.10136614962442053,0.7531746031746032,0.9440450427511469,-0.3320218434421512
acs_ct2_education,10,4,560,560,2240,10,4.0,100,7.0,1.0,11.821242589410673,0.6561552178950549,0.007264780963516904,1,0.25290237066649884,0.10565912933017975,0.7033333333333334,0.7405347342353049,-0.06743009807135224,0.26016715163001575,0.1396978394184669,0.7044444444444444,0.800697921399706,-1.2256635715745845
acs_ct2_education,10,4,560,560,2240,10,4.0,100,7.0,1.0,16.236621074698082,0.7518889645390563,0.03910096052235068,1,0.2684850955711997,0.10366551987318226,0.6933333333333334,0.7668199206169988,0.024097271122753738,0.3075860560935504,0.1280694096466473,0.713968253968254,0.9060290373530568,-1.0963080112490906
acs_ct2_education,10,4,560,560,2240,10,4.0,100,7.0,1.0,22.001405324597528,0.7650575433143147,0.008706172498692655,1,0.39685169543315924,0.09461308734993391,0.7792063492063491,1.4436285470226344,-0.05181936787218951,0.4055578679318519,0.12092280185787337,0.7795238095238095,1.311116503733089,-1.1336249194473331
acs_ct2_education,10,4,560,560,2240,10,4.0,100,7.0,1.0,19.400188596527215,0.6525388059242461,0.00585594211954954,1,0.30382473943430777,0.10386155853641531,0.7776190476190477,0.7845579102968531,-0.1572315279919949,0.3096806815538573,0.12908433834600444,0.7833333333333333,0.8447557272809049,-1.2105130999176175
acs_ct2_education,10,4,560,560,2240,10,4.0,100,7.0,1.0,16.635704706653172,0.7572247792746405,0.021829207707732834,1,0.2924148370658562,0.10100523561515559,0.7468253968253968,1.0260184431475723,0.12058143398701182,0.314244044773589,0.12243316569895794,0.7473015873015874,1.048285159242986,-1.0390477143960262
acs_ct2_education,10,3,560,560,1680,10,3.0,100,7.0,1.0,8.0870931075909,0.627433208464304,0.010167881166533832,1,0.25290237066649884,0.10565912933017975,0.7033333333333334,0.7405347342353049,-0.06743009807135224,0.2630702518330327,0.10623168203495889,0.7025396825396826,0.6783004206156203,-0.17845496792542342
acs_ct2_education,10,3,560,560,1680,10,3.0,100,7.0,1.0,12.755552749209194,0.7629644581627495,0.032286057152660974,1,0.2684850955711997,0.10366551987318226,0.6933333333333334,0.7668199206169988,0.024097271122753738,0.3007711527238607,0.10197500896903501,0.7241269841269841,0.7821681621568423,-0.12574083784988338
acs_ct2_education,10,3,560,560,1680,10,3.0,100,7.0,1.0,14.66847722146598,0.794921045280458,0.0285520573625776,1,0.39685169543315924,0.09461308734993391,0.7792063492063491,1.4436285470226344,-0.05181936787218951,0.42540375279573683,0.09223286645875232,0.7877777777777778,1.1265404312835874,-0.13572072720388037
acs_ct2_education,10,3,560,560,1680,10,3.0,100,7.0,1.0,9.911913112007626,0.6973025991462123,0.0069485701788515875,1,0.30382473943430777,0.10386155853641531,0.7776190476190477,0.7845579102968531,-0.1572315279919949,0.31077330961315935,0.10344433152630832,0.7846031746031746,0.7395309365029052,-0.2504182310508274
acs_ct2_education,10,3,560,560,1680,10,3.0,100,7.0,1.0,15.166501504043147,0.7855787824102678,0.006258304472024745,1,0.2924148370658562,0.10100523561515559,0.7468253968253968,1.0260184431475723,0.12058143398701182,0.29867314153788094,0.1018316624558366,0.7415873015873017,0.8285369780903955,-0.026390084116390784
acs_ct2_education,10,4,560,560,2240,10,4.0,100,7.0,1.0,16.583019686549964,0.7314830343547616,-0.005605376422622599,0,0.25290237066649884,0.10565912933017975,0.7033333333333334,0.7405347342353049,-0.06743009807135224,0.24729699424387624,0.11067237617868682,0.6963492063492064,0.6561939629977859,-0.43335140376443304
acs_ct2_education,10,4,560,560,2240,10,4.0,100,7.0,1.0,4.900938443681536,0.1722344689621015,0.011957348277807422,1,0.2684850955711997,0.10366551987318226,0.6933333333333334,0.7668199206169988,0.024097271122753738,0.28044244384900713,0.10745873597940502,0.7104761904761905,0.7071606513376222,-0.3626612509435659
acs_ct2_education,10,4,560,560,2240,10,4.0,100,7.0,1.0,22.415028393537987,0.8195841786980766,0.00456813225935615,1,0.39685169543315924,0.09461308734993391,0.7792063492063491,1.4436285470226344,-0.05181936787218951,0.4014198276925154,0.0949478350504245,0.7934920634920635,1.054365551743475,-0.3998535565585664
acs_ct2_education,10,4,560,560,2240,10,4.0,100,7.0,1.0,12.375284839274872,0.6753160119468511,-0.0019672019624241144,0,0.30382473943430777,0.10386155853641531,0.7776190476190477,0.7845579102968531,-0.1572315279919949,0.30185753747188365,0.10587131976868218,0.7814285714285715,0.7297652177874601,-0.45407644746339676
acs_ct2_education,10,4,560,560,2240,10,4.0,100,7.0,1.0,19.613038998107328,0.7903214785651814,-0.0029971947294719636,0,0.2924148370658562,0.10100523561515559,0.7468253968253968,1.0260184431475723,0.12058143398701182,0.28941764233638423,0.10327616575525157,0.76,0.8573134158495217,-0.27956289510422394
acs_ct2_education,10,2,560,560,1120,10,2.0,100,7.0,1.0,12.080790660568107,0.8343333292471753,0.0027638440598730663,1,0.25290237066649884,0.10565912933017975,0.7033333333333334,0.7405347342353049,-0.06743009807135224,0.2556662147263719,0.10473984553703475,0.6953968253968255,0.7282620716877708,-0.04881205263008416
acs_ct2_education,10,2,560,560,1120,10,2.0,100,7.0,1.0,9.56884810468178,0.7685424734721018,0.026434511238504654,1,0.2684850955711997,0.10366551987318226,0.6933333333333334,0.7668199206169988,0.024097271122753738,0.29491960680970436,0.10150579208334506,0.7158730158730159,0.8540780307814375,0.020303130832942978
acs_ct2_education,10,2,560,560,1120,10,2.0,100,7.0,1.0,11.54398599436701,0.8210037425771677,0.007411699193254795,1,0.39685169543315924,0.09461308734993391,0.7792063492063491,1.4436285470226344,-0.05181936787218951,0.40426339462641403,0.09335554744176727,0.7852380952380952,1.2849461883012299,-0.040109490746265575
acs_ct2_education,10,2,560,560,1120,10,2.0,100,7.0,1.0,10.829993816761077,0.780509843811214,-0.010325054792468258,0,0.30382473943430777,0.10386155853641531,0.7776190476190477,0.7845579102968531,-0.1572315279919949,0.2934996846418395,0.10363379040010011,0.7684126984126984,0.797318369543347,-0.12517173213431707
acs_ct2_education,10,2,560,560,1120,10,2.0,100,7.0,1.0,7.9196320017234445,0.742023276901737,-0.002865304032077187,0,0.2924148370658562,0.10100523561515559,0.7468253968253968,1.0260184431475723,0.12058143398701182,0.289549533033779,0.10046180320964111,0.7544444444444445,1.0328377772088833,0.0677243009152719
acs_ct2_education,10,3,560,560,1680,10,3.0,100,7.0,1.0,9.721910981528856,0.6852084419159145,-5.570891663919664e-05,0,0.25290237066649884,0.10565912933017975,0.7033333333333334,0.7405347342353049,-0.06743009807135224,0.25284666174985965,0.13216708894724935,0.7057142857142857,0.6070754282266843,-1.0432276553342656
acs_ct2_education,10,3,560,560,1680,10,3.0,100,7.0,1.0,3.440174974318074,0.12677163905072653,0.01650325476547787,1,0.2684850955711997,0.10366551987318226,0.6933333333333334,0.7668199206169988,0.024097271122753738,0.2849883503366776,0.1243650952040644,0.7114285714285714,0.6797275803607907,-0.9257228396850192
acs_ct2_education,10,3,560,560,1680,10,3.0,100,7.0,1.0,10.645105826652149,0.6364901375370825,0.011998456228623111,1,0.39685169543315924,0.09461308734993391,0.7792063492063491,1.4436285470226344,-0.05181936787218951,0.40885015166178235,0.11338052692812169,0.7873015873015873,0.9788278708590451,-1.0112265372715454
acs_ct2_education,10,3,560,560,1680,10,3.0,100,7.0,1.0,4.620331183010793,0.29011978460885784,0.0020070315989574317,1,0.30382473943430777,0.10386155853641531,0.7776190476190477,0.7845579102968531,-0.1572315279919949,0.3058317710332652,0.12007679553854296,0.7888888888888889,0.7188110632209167,-1.0432321584007522
acs_ct2_education,10,3,560,560,1680,10,3.0,100,7.0,1.0,8.445468976084067,0.639999009710319,-0.0025301240959655913,0,0.2924148370658562,0.10100523561515559,0.7468253968253968,1.0260184431475723,0.12058143398701182,0.2898847129698906,0.11614414955614054,0.751904761904762,0.7525684286264807,-0.8114730021288136
acs_ct2_education,10,3,560,560,1680,10,3.0,100,7.0,1.0,10.627171345743369,0.7068129154893041,-0.0005695945915251688,0,0.25290237066649884,0.10565912933017975,0.7033333333333334,0.7405347342353049,-0.06743009807135224,0.2523327760749737,0.1491169279510963,0.6988888888888889,0.5868818114227616,-1.3231272229528173
acs_ct2_education,10,3,560,560,1680,10,3.0,100,7.0,1.0,8.53861698409701,0.6421192540519041,0.015699850698507434,1,0.2684850955711997,0.10366551987318226,0.6933333333333334,0.7668199206169988,0.024097271122753738,0.28418494626970714,0.13863683701272267,0.7061904761904761,0.7012958356329401,-1.2072523999800981
acs_ct2_education,10,3,560,560,1680,10,3.0,100,7.0,1.0,13.027737753853474,0.7686141114299943,0.01826880020556715,1,0.39685169543315924,0.09461308734993391,0.7792063492063491,1.4436285470226344,-0.05181936787218951,0.4151204956387264,0.12385851461225586,0.7868253968253968,1.0467785812502586,-1.222477315596523
acs_ct2_education,10,3,560,560,1680,10,3.0,100,7.0,1.0,5.327772469064545,0.43608124477460475,0.0016465698323777644,1,0.30382473943430777,0.10386155853641531,0.7776190476190477,0.7845579102968531,-0.1572315279919949,0.30547130926668553,0.1360287469346934,0.7784126984126984,0.7043156090907998,-1.330703448151169
acs_ct2_education,10,3,560,560,1680,10,3.0,100,7.0,1.0,13.961415393436088,0.7727466808108518,-0.0010662015278280479,0,0.2924148370658562,0.10100523561515559,0.7468253968253968,1.0260184431475723,0.12058143398701182,0.29134863553802814,0.1285749708965351,0.7452380952380953,0.7988347164359587,-1.1155334882808563
acs_ct2_education,10,2,560,560,1120,10,2.0,100,7.0,1.0,2.4205492917793254,0.20570490432941577,-0.005797636654286786,0,0.25290237066649884,0.10565912933017975,0.7033333333333334,0.7405347342353049,-0.06743009807135224,0.24710473401221206,0.15233690302685066,0.6906349206349207,0.6159535815335339,-1.3574462596607122
acs_ct2_education,10,2,560,560,1120,10,2.0,100,7.0,1.0,1.7975451395500766,0.0,0.016890567861421124,1,0.2684850955711997,0.10366551987318226,0.6933333333333334,0.7668199206169988,0.024097271122753738,0.28537566343262083,0.14423229170964774,0.6955555555555556,0.7076635973129913,-1.2870674144407317
acs_ct2_education,10,2,560,560,1120,10,2.0,100,7.0,1.0,5.674786467909044,0.6471196290529835,0.010663196429121613,1,0.39685169543315924,0.09461308734993391,0.7792063492063491,1.4436285470226344,-0.05181936787218951,0.40751489186228085,0.12204289342550285,0.7703174603174603,1.154639044790467,-1.1641523394676179
acs_ct2_education,10,2,560,560,1120,10,2.0,100,7.0,1.0,2.5814302284011705,0.209062171819605,-0.000849600228910341,0,0.30382473943430777,0.10386155853641531,0.7776190476190477,0.7845579102968531,-0.1572315279919949,0.3029751392053974,0.13940455955162095,0.7771428571428572,0.6683806700183402,-1.383339941753739
acs_ct2_education,10,2,560,560,1120,10,2.0,100,7.0,1.0,5.819241385351757,0.6432898223550909,0.0005771077421920512,1,0.2924148370658562,0.10100523561515559,0.7468253968253968,1.0260184431475723,0.12058143398701182,0.29299194480804824,0.13102467160890627,0.7409523809523809,0.8623820954618544,-1.1588813050716207
acs_ct2_education,10,4,560,560,2240,10,4.0,100,7.0,1.0,25.00449330385653,0.7797568235778432,0.005606739854408738,1,0.25290237066649884,0.10565912933017975,0.7033333333333334,0.7405347342353049,-0.06743009807135224,0.2585091105209076,0.10975758788887162,0.6974603174603176,0.7032796266485024,-0.4691591889009219
acs_ct2_education,10,4,560,560,2240,10,4.0,100,7.0,1.0,23.895413231159104,0.8083914800840069,0.026939369811929237,1,0.2684850955711997,0.10366551987318226,0.6933333333333334,0.7668199206169988,0.024097271122753738,0.29542446538312894,0.10554442379980025,0.7071428571428572,0.7465483289827639,-0.33462839033591024
acs_ct2_education,10,4,560,560,2240,10,4.0,100,7.0,1.0,40.36498368432412,0.8914279556886144,-0.012132486675526577,0,0.39685169543315924,0.09461308734993391,0.7792063492063491,1.4436285470226344,-0.05181936787218951,0.38471920875763266,0.09674967289754544,0.7774603174603175,1.1152898601345296,-0.43520859870646095
acs_ct2_education,10,4,560,560,2240,10,4.0,100,7.0,1.0,18.193550323408694,0.7795091486561289,-0.01029725700316908,0,0.30382473943430777,0.10386155853641531,0.7776190476190477,0.7845579102968531,-0.1572315279919949,0.2935274824311387,0.10743514400619615,0.7707936507936508,0.7419212249286307,-0.49250725097477027
acs_ct2_education,10,4,560,560,2240,10,4.0,100,7.0,1.0,11.976701060596044,0.6652099691674478,0.014299047549880872,1,0.2924148370658562,0.10100523561515559,0.7468253968253968,1.0260184431475723,0.12058143398701182,0.30671388461573706,0.10166425520402557,0.7477777777777778,1.0071835498663482,-0.3057489894232458
acs_ct2_education,10,4,560,560,2240,10,4.0,100,7.0,1.0,17.01388363237478,0.763181770023784,0.011956370896914259,1,0.25290237066649884,0.10565912933017975,0.7033333333333334,0.7405347342353049,-0.06743009807135224,0.2648587415634131,0.13868901132715786,0.6995238095238095,0.6720386838342546,-1.1788885774816413
acs_ct2_education,10,4,560,560,2240,10,4.0,100,7.0,1.0,15.186261931913956,0.6441271486190766,0.0233120867091961,1,0.2684850955711997,0.10366551987318226,0.6933333333333334,0.7668199206169988,0.024097271122753738,0.2917971822803958,0.13410272672155657,0.6807936507936508,0.6780504174767895,-1.1138336367621335
acs_ct2_education,10,4,560,560,2240,10,4.0,100,7.0,1.0,25.801514004759355,0.7775405337793118,0.01601748718579482,1,0.39685169543315924,0.09461308734993391,0.7792063492063491,1.4436285470226344,-0.05181936787218951,0.41286918261895406,0.12340641968837067,0.7752380952380953,1.2011599828380328,-1.1782877609203855
acs_ct2_education,10,4,560,560,2240,10,4.0,100,7.0,1.0,15.312501240051592,0.6435252013558874,-0.003939982308460099,0,0.30382473943430777,0.10386155853641531,0.7776190476190477,0.7845579102968531,-0.1572315279919949,0.29988475712584767,0.1345195022391282,0.7671428571428571,0.6865339697758438,-1.2800818867711703
acs_ct2_education,10,4,560,560,2240,10,4.0,100,7.0,1.0,13.02838869720196,0.6442296081320678,0.020315820089963077,1,0.2924148370658562,0.10100523561515559,0.7468253968253968,1.0260184431475723,0.12058143398701182,0.31273065715581927,0.12402333818943227,0.7406349206349206,0.9302874679360982,-1.041853729161904
acs_ct2_education,10,2,560,560,1120,10,2.0,100,7.0,1.0,13.368467386054398,0.8196083162870578,0.009106708709805678,1,0.25290237066649884,0.10565912933017975,0.7033333333333334,0.7405347342353049,-0.06743009807135224,0.2620090793763045,0.11720885242437955,0.7157142857142857,0.7287234282389515,-0.7806420754289922
acs_ct2_education,10,2,560,560,1120,10,2.0,100,7.0,1.0,4.3704154825103405,0.5337677777047991,0.03146619920567412,1,0.2684850955711997,0.10366551987318226,0.6933333333333334,0.7668199206169988,0.024097271122753738,0.2999512947768738,0.11146784241527842,0.7146031746031747,0.7267118191761138,-0.62956703837328
acs_ct2_education,10,2,560,560,1120,10,2.0,100,7.0,1.0,13.701591452949767,0.8534719287122876,-0.0031423948907408628,0,0.39685169543315924,0.09461308734993391,0.7792063492063491,1.4436285470226344,-0.05181936787218951,0.3937093005424184,0.10215468143028783,0.7842857142857143,1.0925883075722136,-0.7441932460817247
acs_ct2_education,10,2,560,560,1120,10,2.0,100,7.0,1.0,7.729236391489711,0.739079542566631,-0.0037234115249127897,0,0.30382473943430777,0.10386155853641531,0.7776190476190477,0.7845579102968531,-0.1572315279919949,0.300101327909395,0.11404785989007891,0.7682539682539682,0.6922438237232237,-0.7823232859650859
acs_ct2_education,10,2,560,560,1120,10,2.0,100,7.0,1.0,16.500937400467983,0.8589232989332776,0.014451470058133908,1,0.2924148370658562,0.10100523561515559,0.7468253968253968,1.0260184431475723,0.12058143398701182,0.3068663071239901,0.10653543414042477,0.752063492063492,0.9549205506598548,-0.604290507009626
acs_ct2_education,10,1,560,560,560,10,1.0,100,7.0,1.0,1.3210051952845705,0.23991993324784516,0.015787510205561628,1,0.25290237066649884,0.10565912933017975,0.7033333333333334,0.7405347342353049,-0.06743009807135224,0.26868988087206047,0.10312732754818241,0.7022222222222223,0.9186525143085383,0.008401463768244629
acs_ct2_education,10,1,560,560,560,10,1.0,100,7.0,1.0,1.4348335941158403,0.3024721464446983,0.04576373821080704,1,0.2684850955711997,0.10366551987318226,0.6933333333333334,0.7668199206169988,0.024097271122753738,0.31424883378200674,0.1007171746061632,0.7234920634920635,0.9965909705848238,0.12992293046243392
acs_ct2_education,10,1,560,560,560,10,1.0,100,7.0,1.0,1.595740446133325,0.3440548477199566,0.0006640146489252929,1,0.39685169543315924,0.09461308734993391,0.7792063492063491,1.4436285470226344,-0.05181936787218951,0.39751571008208453,0.09401995387694519,0.7858730158730158,1.3878509000509367,0.02431183447087428
acs_ct2_education,10,1,560,560,560,10,1.0,100,7.0,1.0,1.8251664566857158,0.4279613624356353,0.010752260138890024,1,0.30382473943430777,0.10386155853641531,0.7776190476190477,0.7845579102968531,-0.1572315279919949,0.3145769995731978,0.10082288590400376,0.7907936507936508,0.945480034599263,-0.000561205324275433
acs_ct2_education,10,1,560,560,560,10,1.0,100,7.0,1.0,1.1614884106493948,0.19802966353501114,-0.0014893417857771984,0,0.2924148370658562,0.10100523561515559,0.7468253968253968,1.0260184431475723,0.12058143398701182,0.290925495280079,0.10094615829824395,0.7303174603174604,1.046332040904899,0.143564677620867
acs_ct2_education,11,4,560,560,2240,10,4.0,134,9.4,1.0,22.257175452147266,0.8202765462181414,-0.017964470736750004,0,0.43627979511416354,0.11785972119616059,0.788625,1.054618730336949,-0.1569978796241133,0.41831532437741353,0.12619036320667049,0.7884999999999999,0.7688113692522026,-0.43346385836606327
acs_ct2_education,11,4,560,560,2240,10,4.0,134,9.4,1.0,22.208445862924272,0.8089336437012973,-0.06841870767593278,0,0.4791262595546348,0.11443850247006151,0.782625,1.0323560137887933,-0.05349968658459344,0.410707551878702,0.12328955091436135,0.77775,0.7895928868324423,-0.3439972328657463
acs_ct2_education,11,4,560,560,2240,10,4.0,134,9.4,1.0,22.197352992664122,0.817137384840649,0.016356509663798924,1,0.4533082411261299,0.11609648586462841,0.784125,1.085268254964425,0.00923994196087204,0.4696647507899288,0.11780713340900269,0.802625,0.9214326189004755,-0.3075724898737546
acs_ct2_education,11,4,560,560,2240,10,4.0,134,9.4,1.0,29.257708847598963,0.8501180580198738,-0.023598318663480666,0,0.44148312907130655,0.11877674345043741,0.77125,1.0712249870639066,-0.08078884936137397,0.4178848104078259,0.12233181479456522,0.749375,0.8696968589181931,-0.2453646699645843
acs_ct2_education,11,4,560,560,2240,10,4.0,134,9.4,1.0,25.471596591537285,0.8420628224333249,-0.048458283574327354,0,0.4215105969126125,0.11899036529648317,0.769625,1.0886898149688504,0.002427957921135733,0.37305231333828515,0.13013048366306026,0.731125,0.7322675703771554,-0.2347409723689232
acs_ct2_education,11,3,560,560,1680,10,3.0,134,9.4,1.0,11.775353133876658,0.696937949107922,-0.024669266218464048,0,0.43627979511416354,0.11785972119616059,0.788625,1.054618730336949,-0.1569978796241133,0.4116105288956995,0.1220321910058967,0.7755000000000001,0.8188537622165718,0.10215832572041883
acs_ct2_education,11,3,560,560,1680,10,3.0,134,9.4,1.0,12.039475747496276,0.7388594369138711,-0.06559208829692859,0,0.4791262595546348,0.11443850247006151,0.782625,1.0323560137887933,-0.05349968658459344,0.4135341712577062,0.12049157137093199,0.7733749999999999,0.8885429111812622,0.1560497593628398
acs_ct2_education,11,3,560,560,1680,10,3.0,134,9.4,1.0,21.39317859689262,0.8326561569362899,0.00809590994970022,1,0.4533082411261299,0.11609648586462841,0.784125,1.085268254964425,0.00923994196087204,0.4614041510758301,0.11644452135340222,0.80725,1.0589695141935431,0.2286953453849594
acs_ct2_education,11,3,560,560,1680,10,3.0,134,9.4,1.0,17.466521246552908,0.8282419792008846,-0.024322256522880503,0,0.44148312907130655,0.11877674345043741,0.77125,1.0712249870639066,-0.08078884936137397,0.41716087254842604,0.12136128147492735,0.74575,0.9167785679212821,0.2054946286948231
acs_ct2_education,11,3,560,560,1680,10,3.0,134,9.4,1.0,22.401140294637234,0.8255459876363764,-0.06029009795724649,0,0.4215105969126125,0.11899036529648317,0.769625,1.0886898149688504,0.002427957921135733,0.361220498955366,0.1284109201848417,0.73125,0.7505161048918535,0.19868052469373448
acs_ct2_education,11,4,560,560,2240,10,4.0,134,9.4,1.0,17.46061877418289,0.6589055362801519,-0.028811017757649326,0,0.43627979511416354,0.11785972119616059,0.788625,1.054618730336949,-0.1569978796241133,0.4074687773565142,0.1295067720716106,0.785,0.7414250670192075,-0.5248567645693907
acs_ct2_education,11,4,560,560,2240,10,4.0,134,9.4,1.0,15.992002191627497,0.7434602138850593,-0.04705360272754294,0,0.4791262595546348,0.11443850247006151,0.782625,1.0323560137887933,-0.05349968658459344,0.43207265682709184,0.12151340030130174,0.7908750000000001,0.8041102387904484,-0.4417786771525903
acs_ct2_education,11,4,560,560,2240,10,4.0,134,9.4,1.0,24.194086589575043,0.8311100649086872,0.033070166767900866,1,0.4533082411261299,0.11609648586462841,0.784125,1.085268254964425,0.00923994196087204,0.48637840789403075,0.11616322151589963,0.809,0.9285027556998636,-0.35341148181848986
acs_ct2_education,11,4,560,560,2240,10,4.0,134,9.4,1.0,15.790829943287292,0.7354779409861502,-0.03070058645545809,0,0.44148312907130655,0.11877674345043741,0.77125,1.0712249870639066,-0.08078884936137397,0.41078254261584846,0.12211418372348423,0.763,0.8595525458621164,-0.3624262324523563
acs_ct2_education,11,4,560,560,2240,10,4.0,134,9.4,1.0,14.683072365780134,0.7274414576212699,-0.03283446038687493,0,0.4215105969126125,0.11899036529648317,0.769625,1.0886898149688504,0.002427957921135733,0.38867613652573757,0.12803938635114395,0.749,0.7741069634042987,-0.33140425070790364
acs_ct2_education,11,2,560,560,1120,10,2.0,134,9.4,1.0,6.342182918047552,0.6492008990972284,-0.011089919557215111,0,0.43627979511416354,0.11785972119616059,0.788625,1.054618730336949,-0.1569978796241133,0.4251898755569484,0.11793221116179706,0.796875,0.9601910170894377,0.12057559385836161
acs_ct2_education,11,2,560,560,1120,10,2.0,134,9.4,1.0,8.365377222865126,0.7589150754565683,-0.054528811553665346,0,0.4791262595546348,0.11443850247006151,0.782625,1.0323560137887933,-0.05349968658459344,0.42459744800096944,0.1188700961294485,0.791125,0.9283647237700035,0.1902389191266401
acs_ct2_education,11,2,560,560,1120,10,2.0,134,9.4,1.0,10.538654678581446,0.7957872830228931,0.005242080739152999,1,0.4533082411261299,0.11609648586462841,0.784125,1.085268254964425,0.00923994196087204,0.4585503218652829,0.11662887465942845,0.800625,1.0333295001750824,0.2607561618982319
acs_ct2_education,11,2,560,560,1120,10,2.0,134,9.4,1.0,7.59484828734001,0.7238700393109008,-0.008712609204092225,0,0.44148312907130655,0.11877674345043741,0.77125,1.0712249870639066,-0.08078884936137397,0.4327705198672143,0.12012446176152755,0.7597499999999999,0.9321452801567961,0.1973161392147088
acs_ct2_education,11,2,560,560,1120,10,2.0,134,9.4,1.0,8.69832635956494,0.7297948773664678,-0.04241203935500415,0,0.4215105969126125,0.11899036529648317,0.769625,1.0886898149688504,0.002427957921135733,0.37909855755760835,0.12578201802382616,0.743125,0.8398667242441532,0.21965007234624045
acs_ct2_education,11,4,560,560,2240,10,4.0,134,9.4,1.0,21.485355526789427,0.7940947277627934,-0.03807249788468142,0,0.43627979511416354,0.11785972119616059,0.788625,1.054618730336949,-0.1569978796241133,0.3982072972294821,0.13285843502102418,0.754375,0.7876061702110969,-0.5529327122673543
acs_ct2_education,11,4,560,560,2240,10,4.0,134,9.4,1.0,15.24325988213454,0.7348607698888294,-0.03750074303803208,0,0.4791262595546348,0.11443850247006151,0.782625,1.0323560137887933,-0.05349968658459344,0.4416255165166027,0.12350930484310269,0.7672500000000001,0.8292439382283501,-0.5235325454643235
acs_ct2_education,11,4,560,560,2240,10,4.0,134,9.4,1.0,24.95518211381598,0.8236669276691158,0.011617259458423346,1,0.4533082411261299,0.11609648586462841,0.784125,1.085268254964425,0.00923994196087204,0.46492550058455323,0.12094543993274427,0.79025,0.9125204617561095,-0.48285655881122375
acs_ct2_education,11,4,560,560,2240,10,4.0,134,9.4,1.0,15.746585385666931,0.5865470443254676,-0.028583806965281566,0,0.44148312907130655,0.11877674345043741,0.77125,1.0712249870639066,-0.08078884936137397,0.412899322106025,0.1278658851873143,0.742875,0.8816060473931268,-0.47687673205255654
acs_ct2_education,11,4,560,560,2240,10,4.0,134,9.4,1.0,26.42407181823701,0.8460976841452212,-0.017977227228466452,0,0.4215105969126125,0.11899036529648317,0.769625,1.0886898149688504,0.002427957921135733,0.40353336968414605,0.1321474473779896,0.729875,0.6993583748248257,-0.46281329490503287
acs_ct2_education,11,3,560,560,1680,10,3.0,134,9.4,1.0,17.224615949940144,0.8195679806158446,-0.024770387699079688,0,0.43627979511416354,0.11785972119616059,0.788625,1.054618730336949,-0.1569978796241133,0.41150940741508385,0.1236105642703476,0.77025,0.8284832862601345,-0.16453637850905553
acs_ct2_education,11,3,560,560,1680,10,3.0,134,9.4,1.0,11.132452247495419,0.7294969804183007,-0.04497631012373582,0,0.4791262595546348,0.11443850247006151,0.782625,1.0323560137887933,-0.05349968658459344,0.43414994943089896,0.11727778676045539,0.777875,0.8744524907405823,-0.1407422549979038
acs_ct2_education,11,3,560,560,1680,10,3.0,134,9.4,1.0,20.694060568580788,0.8547373440407524,0.021475815926138175,1,0.4533082411261299,0.11609648586462841,0.784125,1.085268254964425,0.00923994196087204,0.47478405705226806,0.1150973493667281,0.7979999999999999,0.9585042790745598,-0.09570370519483683
acs_ct2_education,11,3,560,560,1680,10,3.0,134,9.4,1.0,15.855702014653794,0.7989732193751915,-0.005228351177145929,0,0.44148312907130655,0.11877674345043741,0.77125,1.0712249870639066,-0.08078884936137397,0.4362547778941606,0.11976648842173915,0.756625,0.97237154289084,-0.07461195215553282
acs_ct2_education,11,3,560,560,1680,10,3.0,134,9.4,1.0,9.588406978653676,0.6867063428617066,-0.006208432032687117,0,0.4215105969126125,0.11899036529648317,0.769625,1.0886898149688504,0.002427957921135733,0.4153021648799254,0.12382196909183209,0.743875,0.7763765503131193,-0.08418858467380086
acs_ct2_education,11,4,560,560,2240,10,4.0,134,9.4,1.0,14.904228773650026,0.6938399939836362,-0.040818269414990394,0,0.43627979511416354,0.11785972119616059,0.788625,1.054618730336949,-0.1569978796241133,0.39546152569917314,0.14750163385810017,0.7572500000000001,0.7298528462727846,-0.9510158495638886
acs_ct2_education,11,4,560,560,2240,10,4.0,134,9.4,1.0,12.802078760788536,0.6386095743056368,-0.0514738799226967,0,0.4791262595546348,0.11443850247006151,0.782625,1.0323560137887933,-0.05349968658459344,0.4276523796319381,0.13557824840521576,0.7625,0.8183028878620099,-0.8359630198728362
acs_ct2_education,11,4,560,560,2240,10,4.0,134,9.4,1.0,14.066128093252203,0.7145688760887101,0.013031412618506488,1,0.4533082411261299,0.11609648586462841,0.784125,1.085268254964425,0.00923994196087204,0.4663396537446364,0.13144633985169826,0.791625,0.9059103850818699,-0.8277615066036961
acs_ct2_education,11,4,560,560,2240,10,4.0,134,9.4,1.0,8.696912264646144,0.5224714017404487,-0.01908056640035144,0,0.44148312907130655,0.11877674345043741,0.77125,1.0712249870639066,-0.08078884936137397,0.4224025626709551,0.13722507609046602,0.748875,0.8812234487714403,-0.7944480005127262
acs_ct2_education,11,4,560,560,2240,10,4.0,134,9.4,1.0,8.528691663411959,0.5236749152608474,-0.037822091080312814,0,0.4215105969126125,0.11899036529648317,0.769625,1.0886898149688504,0.002427957921135733,0.3836885058322997,0.1427661893311201,0.72525,0.675391013526176,-0.7486184857378534
acs_ct2_education,11,1,560,560,560,10,1.0,134,9.4,1.0,0.5442790990125158,0.0,-0.021415962207922357,0,0.43627979511416354,0.11785972119616059,0.788625,1.054618730336949,-0.1569978796241133,0.4148638329062412,0.12631306659182576,0.759,0.8160582231579344,-0.34225064340189376
acs_ct2_education,11,1,560,560,560,10,1.0,134,9.4,1.0,1.1497035668098967,0.215638222017354,-0.026618990268200582,0,0.4791262595546348,0.11443850247006151,0.782625,1.0323560137887933,-0.05349968658459344,0.4525072692864342,0.11625979047073004,0.7808750000000001,0.961328525566317,-0.21591248060586932
acs_ct2_education,11,1,560,560,560,10,1.0,134,9.4,1.0,0.5764820219163089,0.0,-0.035906649573803184,0,0.4533082411261299,0.11609648586462841,0.784125,1.085268254964425,0.00923994196087204,0.4174015915523267,0.12134442627981189,0.7676249999999999,0.922867153902307,-0.2522104413005267
acs_ct2_education,11,1,560,560,560,10,1.0,134,9.4,1.0,0.6998919054062699,0.022706048494711417,0.0020304785895109423,1,0.44148312907130655,0.11877674345043741,0.77125,1.0712249870639066,-0.08078884936137397,0.4435136076608175,0.12100098645512337,0.76275,0.9523680749581677,-0.2583012244576464
acs_ct2_education,11,1,560,560,560,10,1.0,134,9.4,1.0,0.27812796060925354,0.0,0.007408511017627295,1,0.4215105969126125,0.11899036529648317,0.769625,1.0886898149688504,0.002427957921135733,0.4289191079302398,0.12074476521231382,0.759375,0.9608075648101526,-0.14514386403224902
acs_ct2_education,11,1,560,560,560,10,1.0,134,9.4,1.0,0.45267913963749185,0.0,-0.014709780468337541,0,0.43627979511416354,0.11785972119616059,0.788625,1.054618730336949,-0.1569978796241133,0.421570014645826,0.12637817007380334,0.7826249999999999,0.8915614918524445,-0.5439344555274932
acs_ct2_education,11,1,560,560,560,10,1.0,134,9.4,1.0,1.5931137788625354,0.29011021959714567,-0.025756481128563324,0,0.4791262595546348,0.11443850247006151,0.782625,1.0323560137887933,-0.05349968658459344,0.45336977842607146,0.11785001019666644,0.7837500000000001,1.000991680765553,-0.36626285051981583
acs_ct2_education,11,1,560,560,560,10,1.0,134,9.4,1.0,1.3578749807940995,0.26256311988644043,0.011874401473931262,1,0.4533082411261299,0.11609648586462841,0.784125,1.085268254964425,0.00923994196087204,0.46518264260006115,0.11995737261628024,0.7899999999999999,0.9636555366856132,-0.45344318525500865
acs_ct2_education,11,1,560,560,560,10,1.0,134,9.4,1.0,0.4938714842100145,0.0,0.010460647156506797,1,0.44148312907130655,0.11877674345043741,0.77125,1.0712249870639066,-0.08078884936137397,0.45194377622781334,0.12147594851806999,0.7636250000000001,1.0088791531513075,-0.35117661542709394
acs_ct2_education,11,1,560,560,560,10,1.0,134,9.4,1.0,0.8031188984429471,0.0,0.008477265423543268,1,0.4215105969126125,0.11899036529648317,0.769625,1.0886898149688504,0.002427957921135733,0.42998786233615577,0.12354633200327213,0.7545000000000001,0.9216483118852087,-0.33303779489323954
acs_ct2_education,11,3,560,560,1680,10,3.0,134,9.4,1.0,12.342382520171707,0.7176975977107296,-0.04849688084416598,0,0.43627979511416354,0.11785972119616059,0.788625,1.054618730336949,-0.1569978796241133,0.38778291426999756,0.14687556691116121,0.7653749999999999,0.7828733163839916,-0.9646017999257513
acs_ct2_education,11,3,560,560,1680,10,3.0,134,9.4,1.0,15.470809975647045,0.8043382123551504,-0.06673456794129212,0,0.4791262595546348,0.11443850247006151,0.782625,1.0323560137887933,-0.05349968658459344,0.41239169161334266,0.14160734398292166,0.7657499999999999,0.8011981475401161,-0.9336383923708444
acs_ct2_education,11,3,560,560,1680,10,3.0,134,9.4,1.0,22.893279888748044,0.8482871714472776,0.01914055901893813,1,0.4533082411261299,0.11609648586462841,0.784125,1.085268254964425,0.00923994196087204,0.472448800145068,0.13270816438875604,0.79725,1.0117178044370225,-0.8781647405105176
acs_ct2_education,11,3,560,560,1680,10,3.0,134,9.4,1.0,14.205167598771911,0.7884690202969964,-0.017132463104201356,0,0.44148312907130655,0.11877674345043741,0.77125,1.0712249870639066,-0.08078884936137397,0.4243506659671052,0.1396943739424474,0.7472500000000001,0.9495279443209361,-0.8578793578902149
acs_ct2_education,11,3,560,560,1680,10,3.0,134,9.4,1.0,17.061305283949146,0.8160131524386874,-0.04385192711804664,0,0.4215105969126125,0.11899036529648317,0.769625,1.0886898149688504,0.002427957921135733,0.37765866979456586,0.14799463514805558,0.729875,0.7503769342164449,-0.8620010382610376
acs_ct2_education,11,2,560,560,1120,10,2.0,134,9.4,1.0,7.657429837032994,0.6577923995663054,-0.06750252554332176,0,0.43627979511416354,0.11785972119616059,0.788625,1.054618730336949,-0.1569978796241133,0.3687772695708418,0.2181558507894004,0.743875,0.7009444071954154,-1.8274506020484935
acs_ct2_education,11,2,560,560,1120,10,2.0,134,9.4,1.0,6.4684965393071705,0.6883723185357222,-0.08913281921424981,0,0.4791262595546348,0.11443850247006151,0.782625,1.0323560137887933,-0.05349968658459344,0.38999344034038497,0.21540216994688693,0.7465,0.6769246618395965,-1.8105144029450522
acs_ct2_education,11,2,560,560,1120,10,2.0,134,9.4,1.0,8.744229644857512,0.7125815613927582,0.014626720471902166,1,0.4533082411261299,0.11609648586462841,0.784125,1.085268254964425,0.00923994196087204,0.46793496159803205,0.20019333573742776,0.78975,1.042715286192053,-1.69911797642315
acs_ct2_education,11,2,560,560,1120,10,2.0,134,9.4,1.0,8.497683625055965,0.6980401892921164,-0.05411765484859388,0,0.44148312907130655,0.11877674345043741,0.77125,1.0712249870639066,-0.08078884936137397,0.38736547422271267,0.20213522444290224,0.74175,0.815611830036991,-1.621705398733033
acs_ct2_education,11,2,560,560,1120,10,2.0,134,9.4,1.0,6.734843157667713,0.6789806175769255,-0.04819502362293604,0,0.4215105969126125,0.11899036529648317,0.769625,1.0886898149688504,0.002427957921135733,0.37331557328967646,0.2191327918390683,0.720375,0.7338517052122474,-1.7130060334795083
acs_ct2_education,11,1,560,560,560,10,1.0,134,9.4,1.0,0.5510312717887931,0.0,-0.04280211019658914,0,0.43627979511416354,0.11785972119616059,0.788625,1.054618730336949,-0.1569978796241133,0.3934776849175744,0.12460107115972674,0.78175,0.7961931889837522,0.14141914677991277
acs_ct2_education,11,1,560,560,560,10,1.0,134,9.4,1.0,6.867306410203426,0.7365226823433675,-0.02985926546843909,0,0.4791262595546348,0.11443850247006151,0.782625,1.0323560137887933,-0.05349968658459344,0.4492669940861957,0.11654706644183317,0.799125,0.8664491150085368,0.20173460450850358
acs_ct2_education,11,1,560,560,560,10,1.0,134,9.4,1.0,2.2583897788148337,0.5520226130033776,-0.0024336979829449046,0,0.4533082411261299,0.11609648586462841,0.784125,1.085268254964425,0.00923994196087204,0.450874543143185,0.11681427848915407,0.80375,0.9463172239043317,0.232695602018259
acs_ct2_education,11,1,560,560,560,10,1.0,134,9.4,1.0,3.647375198157803,0.7018046716216135,-0.005579363705867646,0,0.44148312907130655,0.11877674345043741,0.77125,1.0712249870639066,-0.08078884936137397,0.4359037653654389,0.11800033658681504,0.766875,0.9460780076165572,0.2115989184933941
acs_ct2_education,11,1,560,560,560,10,1.0,134,9.4,1.0,1.9573686700865676,0.4890878094943879,-0.029145147397628246,0,0.4215105969126125,0.11899036529648317,0.769625,1.0886898149688504,0.002427957921135733,0.39236544951498425,0.12439025915478147,0.76275,0.844253718320544,0.21383682025469447
acs_ct2_education,12,3,560,560,1680,10,3.0,103,7.2,1.0,8.961025606942975,0.6651873150933041,0.01131288231775407,1,0.42628813373749264,0.09489548354771869,0.7740392035807995,0.7485592500227265,0.06230888941751866,0.4376010160552467,0.12482043023254089,0.7692545145855842,0.9585010042694295,-1.1795899060219524
acs_ct2_education,12,3,560,560,1680,10,3.0,103,7.2,1.0,9.382982469257563,0.6613485160169957,0.09547387318806788,1,0.37478474009993135,0.09979590585082311,0.7552091372125327,0.7579900884889313,-0.02677879559162765,0.4702586132879992,0.12092867244101664,0.824972989658898,1.3139467548537012,-1.2123476958329455
acs_ct2_education,12,3,560,560,1680,10,3.0,103,7.2,1.0,11.932695128023479,0.745413015793106,-0.014565867066942018,0,0.36484229035496557,0.09781750297498772,0.792714925142769,0.9835218317227062,0.12222291079683568,0.35027642328802355,0.12412450659135908,0.7837629263775274,1.0175164926217737,-1.10148201430302
acs_ct2_education,12,3,560,560,1680,10,3.0,103,7.2,1.0,10.303093166905601,0.7082949627322788,-0.0637084148215944,0,0.4380744533688455,0.09204414348271979,0.8536811236301898,1.2401433589089017,0.017850998318711987,0.3743660385472511,0.12208360758150787,0.803673406389875,0.9286168987103879,-1.1460441497405052
acs_ct2_education,12,3,560,560,1680,10,3.0,103,7.2,1.0,12.00413904047419,0.75002217431828,-0.006084261543731373,0,0.3809343570719451,0.09659531249614355,0.8191078870196018,1.005422400584536,0.1128180881464617,0.37485009552821374,0.11904548399789847,0.8075320265473067,1.0576936564363357,-1.0881621357823563
acs_ct2_education,12,3,560,560,1680,10,3.0,103,7.2,1.0,13.539203846588833,0.7710080682725873,0.02919431985208104,1,0.42628813373749264,0.09489548354771869,0.7740392035807995,0.7485592500227265,0.06230888941751866,0.4554824535895737,0.09487904728672585,0.7859237536656891,1.0658840751116452,-0.495670149360489
acs_ct2_education,12,3,560,560,1680,10,3.0,103,7.2,1.0,11.182080773998344,0.7316996375887189,0.09884537883656291,1,0.37478474009993135,0.09979590585082311,0.7552091372125327,0.7579900884889313,-0.02677879559162765,0.47363011893649426,0.09305891643056848,0.8255903688840871,1.4132522968816945,-0.522245927731622
acs_ct2_education,12,3,560,560,1680,10,3.0,103,7.2,1.0,18.008581400483077,0.8170187245848376,0.024713829706951185,1,0.36484229035496557,0.09781750297498772,0.792714925142769,0.9835218317227062,0.12222291079683568,0.38955612006191676,0.09809776328051183,0.8200339558573854,1.203054896414865,-0.4552765895244945
acs_ct2_education,12,3,560,560,1680,10,3.0,103,7.2,1.0,12.519513162423348,0.7602718743223494,-0.04783448893296399,0,0.4380744533688455,0.09204414348271979,0.8536811236301898,1.2401433589089017,0.017850998318711987,0.3902399644358815,0.09837077320217998,0.8124710603488192,1.0661555432608718,-0.5291518731125918
acs_ct2_education,12,3,560,560,1680,10,3.0,103,7.2,1.0,12.409060524831256,0.7316293285772975,-0.014004009998329736,0,0.3809343570719451,0.09659531249614355,0.8191078870196018,1.005422400584536,0.1128180881464617,0.3669303470736154,0.10080975012248491,0.791017132273499,1.0275484700163369,-0.47642272666991814
acs_ct2_education,12,4,560,560,2240,10,4.0,103,7.2,1.0,9.837910298062258,0.5906067824821506,0.02445235276546409,1,0.42628813373749264,0.09489548354771869,0.7740392035807995,0.7485592500227265,0.06230888941751866,0.4507404865029567,0.09962184379437784,0.7922518907238771,1.0034732396252222,-0.6319890243206294
acs_ct2_education,12,4,560,560,2240,10,4.0,103,7.2,1.0,7.196490481006599,0.4297642742396045,0.03466598919715158,1,0.37478474009993135,0.09979590585082311,0.7552091372125327,0.7579900884889313,-0.02677879559162765,0.4094507292970829,0.10316059750176991,0.7995060966198487,1.0458708766689435,-0.6695444183921345
acs_ct2_education,12,4,560,560,2240,10,4.0,103,7.2,1.0,15.36875359897161,0.7396508303638683,0.02165943206575427,1,0.36484229035496557,0.09781750297498772,0.792714925142769,0.9835218317227062,0.12222291079683568,0.38650172242071984,0.0988565085806358,0.827288161753357,1.1705102425527256,-0.5405494721123043
acs_ct2_education,12,4,560,560,2240,10,4.0,103,7.2,1.0,9.762178126357515,0.5855868798735674,-0.03199050153210842,0,0.4380744533688455,0.09204414348271979,0.8536811236301898,1.2401433589089017,0.017850998318711987,0.40608395183673707,0.09680497389010885,0.8542985028553789,1.1256733781996122,-0.6031669848117643
acs_ct2_education,12,4,560,560,2240,10,4.0,103,7.2,1.0,17.22377791122843,0.7654496565626226,0.03363966331148194,1,0.3809343570719451,0.09659531249614355,0.8191078870196018,1.005422400584536,0.1128180881464617,0.41457402038342706,0.09637790819239782,0.8402531254823274,1.1528840042949533,-0.5345415297177298
acs_ct2_education,12,4,560,560,2240,10,4.0,103,7.2,1.0,13.656967814784396,0.6942443985324265,0.026083399603638313,1,0.42628813373749264,0.09489548354771869,0.7740392035807995,0.7485592500227265,0.06230888941751866,0.45237153334113095,0.09306489901134306,0.7962648556876062,1.0443440947253806,-0.17170732508068165
acs_ct2_education,12,4,560,560,2240,10,4.0,103,7.2,1.0,15.9162771018448,0.7443071754400532,0.022084821195236526,1,0.37478474009993135,0.09979590585082311,0.7552091372125327,0.7579900884889313,-0.02677879559162765,0.39686956129516787,0.09619418558481646,0.8007408550702269,1.1090318195387545,-0.25320952177650524
acs_ct2_education,12,4,560,560,2240,10,4.0,103,7.2,1.0,15.22933024717085,0.618296581659413,0.008401271487039397,1,0.36484229035496557,0.09781750297498772,0.792714925142769,0.9835218317227062,0.12222291079683568,0.37324356184200497,0.09574757627018536,0.8279055409785461,1.099979020402483,-0.16684611172811248
acs_ct2_education,12,4,560,560,2240,10,4.0,103,7.2,1.0,13.089579363436915,0.622893538769289,0.015527233948740393,1,0.4380744533688455,0.09204414348271979,0.8536811236301898,1.2401433589089017,0.017850998318711987,0.4536016873175859,0.09040983317322895,0.8668004321654577,1.3524508368147736,-0.23443803223850238
acs_ct2_education,12,4,560,560,2240,10,4.0,103,7.2,1.0,24.757430762673078,0.7438133917121093,0.029129101819805936,1,0.3809343570719451,0.09659531249614355,0.8191078870196018,1.005422400584536,0.1128180881464617,0.41006345889175105,0.09392153030939326,0.831918505942275,1.102577289539321,-0.1416940056232358
acs_ct2_education,12,3,560,560,1680,10,3.0,103,7.2,1.0,9.902599630924321,0.6956941235564631,-0.009178822180001489,0,0.42628813373749264,0.09489548354771869,0.7740392035807995,0.7485592500227265,0.06230888941751866,0.41710931155749115,0.09599281789618172,0.7896280290168236,0.9076930064545015,-0.23079087378977656
acs_ct2_education,12,3,560,560,1680,10,3.0,103,7.2,1.0,11.315631214516156,0.7301346139493425,0.00610280448123296,1,0.37478474009993135,0.09979590585082311,0.7552091372125327,0.7579900884889313,-0.02677879559162765,0.3808875445811643,0.09939007004556169,0.7794412718012039,0.915505785316847,-0.2415000114187925
acs_ct2_education,12,3,560,560,1680,10,3.0,103,7.2,1.0,5.3956974685353565,0.442424040077398,0.012785673983417623,1,0.36484229035496557,0.09781750297498772,0.792714925142769,0.9835218317227062,0.12222291079683568,0.3776279643383832,0.0958091498812597,0.8345423676493287,1.0824323107359424,-0.13894086267012093
acs_ct2_education,12,3,560,560,1680,10,3.0,103,7.2,1.0,9.394228165924263,0.5878360075011678,-0.0021116793736081774,0,0.4380744533688455,0.09204414348271979,0.8536811236301898,1.2401433589089017,0.017850998318711987,0.4359627739952373,0.09102417538839538,0.8634048464269177,1.208407953832466,-0.1835282054696692
acs_ct2_education,12,3,560,560,1680,10,3.0,103,7.2,1.0,5.863118091889243,0.3974144136658256,0.029127217215375756,1,0.3809343570719451,0.09659531249614355,0.8191078870196018,1.005422400584536,0.1128180881464617,0.4100615742873209,0.09530639524537834,0.8262077481092761,1.0119533603661401,-0.15386366567981874
acs_ct2_education,12,4,560,560,2240,10,4.0,103,7.2,1.0,15.231505864243816,0.7301360914934509,0.012004158192735703,1,0.42628813373749264,0.09489548354771869,0.7740392035807995,0.7485592500227265,0.06230888941751866,0.43829229193022834,0.1031245548154747,0.78870196017904,0.9306975156005037,-0.7145346623164426
acs_ct2_education,12,4,560,560,2240,10,4.0,103,7.2,1.0,15.698582135851446,0.6282474489668808,0.044638769949704116,1,0.37478474009993135,0.09979590585082311,0.7552091372125327,0.7579900884889313,-0.02677879559162765,0.41942351004963546,0.10431548084971466,0.7993517518135514,1.021470956783808,-0.7065091829305047
acs_ct2_education,12,4,560,560,2240,10,4.0,103,7.2,1.0,11.088172850414523,0.6245813257441117,0.018881809245811787,1,0.36484229035496557,0.09781750297498772,0.792714925142769,0.9835218317227062,0.12222291079683568,0.38372409960077736,0.10120763064742215,0.8258990584966815,1.083784377874393,-0.644436456154634
acs_ct2_education,12,4,560,560,2240,10,4.0,103,7.2,1.0,17.137017654868156,0.7655775022204641,-0.013576967775422666,0,0.4380744533688455,0.09204414348271979,0.8536811236301898,1.2401433589089017,0.017850998318711987,0.4244974855934228,0.09839853393652277,0.8542985028553789,1.1360071502057025,-0.6952209708562687
acs_ct2_education,12,4,560,560,2240,10,4.0,103,7.2,1.0,11.547633211729659,0.6037817343987244,0.021833419613039196,1,0.3809343570719451,0.09659531249614355,0.8191078870196018,1.005422400584536,0.1128180881464617,0.4027677766849843,0.09834689912147142,0.8351597468745177,1.07285830414725,-0.581520226336833
acs_ct2_education,12,2,560,560,1120,10,2.0,103,7.2,1.0,5.256556773150715,0.6161849133642509,0.021025942452107593,1,0.42628813373749264,0.09489548354771869,0.7740392035807995,0.7485592500227265,0.06230888941751866,0.44731407618960023,0.10527728019659652,0.7896280290168236,0.9380799632172092,-0.8025036701566144
acs_ct2_education,12,2,560,560,1120,10,2.0,103,7.2,1.0,4.01894023466564,0.47188367061648145,0.017364890253509013,1,0.37478474009993135,0.09979590585082311,0.7552091372125327,0.7579900884889313,-0.02677879559162765,0.39214963035344036,0.1112752609261849,0.7849976848279056,0.9615668935575906,-0.8675624928805168
acs_ct2_education,12,2,560,560,1120,10,2.0,103,7.2,1.0,11.07321733408872,0.818584345109041,0.033543992921580223,1,0.36484229035496557,0.09781750297498772,0.792714925142769,0.9835218317227062,0.12222291079683568,0.3983862832765458,0.09972783307983306,0.8294489890415188,1.19617481358305,-0.6005372947809536
acs_ct2_education,12,2,560,560,1120,10,2.0,103,7.2,1.0,6.732106347898132,0.6223239821412638,-0.04383589659630066,0,0.4380744533688455,0.09204414348271979,0.8536811236301898,1.2401433589089017,0.017850998318711987,0.3942385567725448,0.10086851705296711,0.8456551937027319,0.9917843171253999,-0.713026880137397
acs_ct2_education,12,2,560,560,1120,10,2.0,103,7.2,1.0,5.507441611953068,0.5436530720029199,0.03343198909888151,1,0.3809343570719451,0.09659531249614355,0.8191078870196018,1.005422400584536,0.1128180881464617,0.4143663461708266,0.09818102254233549,0.8390183670319494,1.1084338736123065,-0.6372225247195062
acs_ct2_education,12,2,560,560,1120,10,2.0,103,7.2,1.0,11.025136941417024,0.8056424468033484,0.05392302828416179,1,0.42628813373749264,0.09489548354771869,0.7740392035807995,0.7485592500227265,0.06230888941751866,0.4802111620216544,0.09131493709427856,0.8103102330606575,1.0688670507175415,0.315959964349116
acs_ct2_education,12,2,560,560,1120,10,2.0,103,7.2,1.0,6.781019443693143,0.6705618647997487,0.055536132400681615,1,0.37478474009993135,0.09979590585082311,0.7552091372125327,0.7579900884889313,-0.02677879559162765,0.43032087250061296,0.09622563660683564,0.7917888563049853,1.0575818853046257,0.28388296597199403
acs_ct2_education,12,2,560,560,1120,10,2.0,103,7.2,1.0,6.119121797177323,0.6727805218651974,0.058271344519552626,1,0.36484229035496557,0.09781750297498772,0.792714925142769,0.9835218317227062,0.12222291079683568,0.4231136348745182,0.09608601800435437,0.8623244327828368,1.3603128394293453,0.3536112226257296
acs_ct2_education,12,2,560,560,1120,10,2.0,103,7.2,1.0,6.427851357356426,0.6883950861709255,-0.009202812543526229,0,0.4380744533688455,0.09204414348271979,0.8536811236301898,1.2401433589089017,0.017850998318711987,0.42887164082531926,0.0948300749724878,0.8584658126254052,1.1466168842021174,0.2877577184384016
acs_ct2_education,12,2,560,560,1120,10,2.0,103,7.2,1.0,4.413506015132576,0.5461269056180477,0.028377858000580902,1,0.3809343570719451,0.09659531249614355,0.8191078870196018,1.005422400584536,0.1128180881464617,0.409312215072526,0.096974565371476,0.81864485260071,1.052767749953984,0.3664755607581246
acs_ct2_education,12,1,560,560,560,10,1.0,103,7.2,1.0,2.833544682434422,0.6443743500090401,0.011194003883128134,1,0.42628813373749264,0.09489548354771869,0.7740392035807995,0.7485592500227265,0.06230888941751866,0.43748213762062077,0.09786681153670547,0.7834542367649328,0.8498004901831068,-0.453110446081263
acs_ct2_education,12,1,560,560,560,10,1.0,103,7.2,1.0,2.836161652310222,0.5629975975883034,0.007994382798192368,1,0.37478474009993135,0.09979590585082311,0.7552091372125327,0.7579900884889313,-0.02677879559162765,0.3827791228981237,0.1030425776702547,0.7800586510263929,0.8960417545459785,-0.5425661749738717
acs_ct2_education,12,1,560,560,560,10,1.0,103,7.2,1.0,0.7945492115614168,0.0,-0.012688398646528487,0,0.36484229035496557,0.09781750297498772,0.792714925142769,0.9835218317227062,0.12222291079683568,0.3521538917084371,0.1024140570246348,0.8033647167772804,0.876033977443524,-0.4871555150812869
acs_ct2_education,12,1,560,560,560,10,1.0,103,7.2,1.0,1.3337275718563701,0.23001675483799844,-0.024436511108464842,0,0.4380744533688455,0.09204414348271979,0.8536811236301898,1.2401433589089017,0.017850998318711987,0.41363794226038064,0.09467675994891736,0.8518289859546226,1.1725359242337,-0.4853314755341864
acs_ct2_education,12,1,560,560,560,10,1.0,103,7.2,1.0,1.1060583432372233,0.1499912973046811,0.0008345147001030395,1,0.3809343570719451,0.09659531249614355,0.8191078870196018,1.005422400584536,0.1128180881464617,0.38176887177204816,0.09776887056062472,0.823892576014817,0.9720997647593075,-0.39039711518642317
acs_ct2_education,12,1,560,560,560,10,1.0,103,7.2,1.0,1.114469862071798,0.17893128675387368,0.013469504642651897,1,0.42628813373749264,0.09489548354771869,0.7740392035807995,0.7485592500227265,0.06230888941751866,0.43975763838014453,0.10544755850115692,0.7795956166075012,0.7758628223330553,-0.7426500306385858
acs_ct2_education,12,1,560,560,560,10,1.0,103,7.2,1.0,0.701344101568345,0.035918459794286525,0.06262972172393488,1,0.37478474009993135,0.09979590585082311,0.7552091372125327,0.7579900884889313,-0.02677879559162765,0.43741446182386623,0.10755014180920522,0.7857694088593918,0.9426485875604853,-0.7672400282880821
acs_ct2_education,12,1,560,560,560,10,1.0,103,7.2,1.0,0.29479222376869635,0.0,0.03179776658631345,1,0.36484229035496557,0.09781750297498772,0.792714925142769,0.9835218317227062,0.12222291079683568,0.396640056941279,0.10123704407994231,0.8201883006636826,1.0271971389588523,-0.6550235646942948
acs_ct2_education,12,1,560,560,560,10,1.0,103,7.2,1.0,1.8224427498477838,0.39272125590560353,0.00824440850303998,1,0.4380744533688455,0.09204414348271979,0.8536811236301898,1.2401433589089017,0.017850998318711987,0.44631886187188546,0.09587229412871666,0.8609353295261614,1.305356505463537,-0.6929305036517397
acs_ct2_education,12,1,560,560,560,10,1.0,103,7.2,1.0,0.25616544116253936,0.0,0.01058978617891504,1,0.3809343570719451,0.09659531249614355,0.8191078870196018,1.005422400584536,0.1128180881464617,0.39152414325086016,0.10068117185502991,0.8331532643926532,1.0132970380398174,-0.6461416251064078
acs_ct2_education,12,1,560,560,560,10,1.0,103,7.2,1.0,0.508906598840877,0.0,-0.0037474089384189613,0,0.42628813373749264,0.09489548354771869,0.7740392035807995,0.7485592500227265,0.06230888941751866,0.4225407247990737,0.1399845480610155,0.7607655502392344,0.8419685795271308,-1.3408518217019416
acs_ct2_education,12,1,560,560,560,10,1.0,103,7.2,1.0,1.6832494530516482,0.30551735770068866,0.04174833261443639,1,0.37478474009993135,0.09979590585082311,0.7552091372125327,0.7579900884889313,-0.02677879559162765,0.41653307271436774,0.1436903695199663,0.7962648556876061,1.108958904170344,-1.4234668331162676
acs_ct2_education,12,1,560,560,560,10,1.0,103,7.2,1.0,1.0751165584327544,0.06709328592762871,-0.004009305425585918,0,0.36484229035496557,0.09781750297498772,0.792714925142769,0.9835218317227062,0.12222291079683568,0.36083298492937965,0.13063103645134874,0.776045686062664,1.0280458515263446,-1.1823922432122513
acs_ct2_education,12,1,560,560,560,10,1.0,103,7.2,1.0,2.8480815617166586,0.5653199780870728,-0.04882431645977536,0,0.4380744533688455,0.09204414348271979,0.8536811236301898,1.2401433589089017,0.017850998318711987,0.3892501369090701,0.12840536725851914,0.831918505942275,1.0669487635272876,-1.30581595794093
acs_ct2_education,12,1,560,560,560,10,1.0,103,7.2,1.0,1.3250323279716096,0.242506990281729,-0.005444148123068038,0,0.3809343570719451,0.09659531249614355,0.8191078870196018,1.005422400584536,0.1128180881464617,0.3754902089488771,0.12343943385265813,0.831918505942275,1.2081601300058786,-1.1954649057235056
acs_ct2_education,12,1,560,560,560,10,1.0,103,7.2,1.0,4.371889954317239,0.7707583144899197,0.045295977374529395,1,0.42628813373749264,0.09489548354771869,0.7740392035807995,0.7485592500227265,0.06230888941751866,0.47158411111202203,0.09417013064610753,0.7831455471523383,1.1180881478782798,0.2151610219214794
acs_ct2_education,12,1,560,560,560,10,1.0,103,7.2,1.0,4.069483892282512,0.7521875148261025,0.04278051874149846,1,0.37478474009993135,0.09979590585082311,0.7552091372125327,0.7579900884889313,-0.02677879559162765,0.4175652588414298,0.09562887749249463,0.8027473375520914,1.3379687433284913,0.18021397922959873
acs_ct2_education,12,1,560,560,560,10,1.0,103,7.2,1.0,1.6897106071981307,0.30010419459048027,0.005885394377307118,1,0.36484229035496557,0.09781750297498772,0.792714925142769,0.9835218317227062,0.12222291079683568,0.3707276847322727,0.09788917391002012,0.8197252662447908,1.236476152844071,0.2472926496689471
acs_ct2_education,12,1,560,560,560,10,1.0,103,7.2,1.0,1.4940204688404564,0.30658476040765015,-0.04558475891035019,0,0.4380744533688455,0.09204414348271979,0.8536811236301898,1.2401433589089017,0.017850998318711987,0.3924896944584953,0.09525883805547537,0.8305294026855996,1.2418923098586225,0.170676824111027
acs_ct2_education,12,1,560,560,560,10,1.0,103,7.2,1.0,9.363940228717194,0.8865973916853005,0.04428994724777924,1,0.3809343570719451,0.09659531249614355,0.8191078870196018,1.005422400584536,0.1128180881464617,0.42522430431972436,0.09502864029424679,0.8262077481092761,1.318063280961075,0.1820526430536484
acs_ct2_education,13,1,560,560,560,10,1.0,94,6.6,1.0,0.8728008418173517,0.13896854065082037,0.021107429696180957,1,0.44883530242750286,0.08193614389254288,0.8669137466307277,0.8735304264114222,0.10210738081530543,0.4699427321236838,0.0800103740287407,0.8761792452830189,1.0461970729050836,0.041004960527431904
acs_ct2_education,13,1,560,560,560,10,1.0,94,6.6,1.0,1.6467417743476294,0.3299785193671086,0.012585196418671285,1,0.3935764338868354,0.08770806848406641,0.846866576819407,0.7313379643645899,-0.12562931074575398,0.40616163030550667,0.08547300399777331,0.8522574123989218,0.8768910749232903,0.02449109530401186
acs_ct2_education,13,1,560,560,560,10,1.0,94,6.6,1.0,2.7378509956011454,0.6346726650398478,-0.04459329890649033,0,0.49582490232747645,0.07836520916203776,0.8819070080862533,1.0990090080764365,-0.13234582050442312,0.4512316034209861,0.08104240719509094,0.8758423180592992,1.1047333706539435,-0.046907099181106776
acs_ct2_education,13,1,560,560,560,10,1.0,94,6.6,1.0,7.252796819143052,0.6623205845740525,-0.03656982501877176,0,0.5255145293146335,0.07618703975622984,0.8554582210242587,0.8711464498132869,0.03283801045939906,0.48894470429586173,0.07900693058344795,0.8525943396226415,0.968326584266674,0.035831773809539225
acs_ct2_education,13,1,560,560,560,10,1.0,94,6.6,1.0,4.405192717474126,0.7729857482420615,0.017027557338495702,1,0.5008568625402918,0.07828739043909332,0.8761792452830189,1.0756550733700676,0.024425354931044103,0.5178844198787875,0.07585731348502407,0.8982479784366577,1.3320478568480099,0.07585324507243757
acs_ct2_education,13,4,560,560,2240,10,4.0,94,6.6,1.0,27.666480541817677,0.8544226967289769,0.05428841804572032,1,0.44883530242750286,0.08193614389254288,0.8669137466307277,0.8735304264114222,0.10210738081530543,0.5031237204732232,0.08064627616448287,0.8780323450134772,1.2520696555173405,-0.49081436236639786
acs_ct2_education,13,4,560,560,2240,10,4.0,94,6.6,1.0,12.08765677427057,0.6649931558076486,0.027665540501251695,1,0.3935764338868354,0.08770806848406641,0.846866576819407,0.7313379643645899,-0.12562931074575398,0.4212419743880871,0.08746620830011145,0.8600067385444744,1.0693593695113743,-0.5816263084260911
acs_ct2_education,13,4,560,560,2240,10,4.0,94,6.6,1.0,22.395955927533638,0.7915323441413182,-0.031951650804340925,0,0.49582490232747645,0.07836520916203776,0.8819070080862533,1.0990090080764365,-0.13234582050442312,0.4638732515231355,0.08293812615847317,0.8733153638814017,1.33300268676007,-0.5851186462089715
acs_ct2_education,13,4,560,560,2240,10,4.0,94,6.6,1.0,18.575589452067504,0.7817091050829745,-0.024471651404146977,0,0.5255145293146335,0.07618703975622984,0.8554582210242587,0.8711464498132869,0.03283801045939906,0.5010428779104865,0.08173570635291537,0.8532681940700808,1.0958283967875833,-0.5735303429270016
acs_ct2_education,13,4,560,560,2240,10,4.0,94,6.6,1.0,18.347944617780257,0.7802394311313544,0.03997694800755458,1,0.5008568625402918,0.07828739043909332,0.8761792452830189,1.0756550733700676,0.024425354931044103,0.5408338105478464,0.07729305942772499,0.8969002695417789,1.4801238170777116,-0.5300127982494893
acs_ct2_education,13,1,560,560,560,10,1.0,94,6.6,1.0,1.6797126252097274,0.31672688030787716,0.008765525291689114,1,0.44883530242750286,0.08193614389254288,0.8669137466307277,0.8735304264114222,0.10210738081530543,0.45760082771919197,0.08130944800923204,0.8618598382749325,1.0297550186180056,0.09837198715693614
acs_ct2_education,13,1,560,560,560,10,1.0,94,6.6,1.0,2.072775031371129,0.5070906496597809,0.01526183662252667,1,0.3935764338868354,0.08770806848406641,0.846866576819407,0.7313379643645899,-0.12562931074575398,0.40883827050936206,0.0837562714703796,0.8500673854447439,0.9380451817197041,-0.02550435350039293
acs_ct2_education,13,1,560,560,560,10,1.0,94,6.6,1.0,0.9478833581262138,0.09368230782703593,0.018602510441284914,1,0.49582490232747645,0.07836520916203776,0.8819070080862533,1.0990090080764365,-0.13234582050442312,0.5144274127687614,0.07725203054842146,0.8817385444743935,1.3717568951416679,-0.017170383711347874
acs_ct2_education,13,1,560,560,560,10,1.0,94,6.6,1.0,2.440423320755391,0.5876548493805733,-0.0015611608575208935,0,0.5255145293146335,0.07618703975622984,0.8554582210242587,0.8711464498132869,0.03283801045939906,0.5239533684571126,0.07602336858100961,0.8530997304582211,1.0728725161768446,0.03215895881193704
acs_ct2_education,13,1,560,560,560,10,1.0,94,6.6,1.0,2.15393492908992,0.4539906749157011,0.006685324041704743,1,0.5008568625402918,0.07828739043909332,0.8761792452830189,1.0756550733700676,0.024425354931044103,0.5075421865819966,0.0776103553240807,0.8761792452830188,1.2699675578571465,0.0637904087328055
acs_ct2_education,13,4,560,560,2240,10,4.0,94,6.6,1.0,15.051989427623269,0.7340922313184618,0.008229140422890746,1,0.44883530242750286,0.08193614389254288,0.8669137466307277,0.8735304264114222,0.10210738081530543,0.4570644428503936,0.08296978681483681,0.8664083557951483,1.1178174287952027,0.38783103665027674
acs_ct2_education,13,4,560,560,2240,10,4.0,94,6.6,1.0,19.089205825727753,0.773024878219793,0.007364390328752135,1,0.3935764338868354,0.08770806848406641,0.846866576819407,0.7313379643645899,-0.12562931074575398,0.4009408242155875,0.08586506423407017,0.8485512129380054,1.0145144270045094,0.29609442236874695
acs_ct2_education,13,4,560,560,2240,10,4.0,94,6.6,1.0,15.264786769169856,0.7377559718449642,-0.03232453418228409,0,0.49582490232747645,0.07836520916203776,0.8819070080862533,1.0990090080764365,-0.13234582050442312,0.46350036814519235,0.08161208931067429,0.881401617250674,1.3755503133962566,0.23620326906716868
acs_ct2_education,13,4,560,560,2240,10,4.0,94,6.6,1.0,13.542479440676459,0.7017596480664974,-0.04141950215319212,0,0.5255145293146335,0.07618703975622984,0.8554582210242587,0.8711464498132869,0.03283801045939906,0.48409502716144137,0.07995210755806462,0.8633760107816711,1.0930555067600831,0.27082053594162914
acs_ct2_education,13,4,560,560,2240,10,4.0,94,6.6,1.0,20.319838791773986,0.7748185882350684,0.018954148479674804,1,0.5008568625402918,0.07828739043909332,0.8761792452830189,1.0756550733700676,0.024425354931044103,0.5198110110199666,0.0791448285164885,0.8862870619946092,1.3571644361768973,0.31000926965781805
acs_ct2_education,13,4,560,560,2240,10,4.0,94,6.6,1.0,14.404881267236652,0.6589830747966194,0.016956705125301175,1,0.44883530242750286,0.08193614389254288,0.8669137466307277,0.8735304264114222,0.10210738081530543,0.46579200755280403,0.08280852759250233,0.8711253369272237,1.085231778137653,-0.47414916347353664
acs_ct2_education,13,4,560,560,2240,10,4.0,94,6.6,1.0,11.37184743235672,0.5475646406509093,0.009057005485441472,1,0.3935764338868354,0.08770806848406641,0.846866576819407,0.7313379643645899,-0.12562931074575398,0.40263343937227686,0.08858577261838754,0.8586590296495956,0.990802544095149,-0.5891252734725195
acs_ct2_education,13,4,560,560,2240,10,4.0,94,6.6,1.0,14.825964194768718,0.7081088117950991,-0.055108081576256296,0,0.49582490232747645,0.07836520916203776,0.8819070080862533,1.0990090080764365,-0.13234582050442312,0.44071682075122015,0.08388110996176476,0.8792115902964959,1.210739510108602,-0.5819674317737304
acs_ct2_education,13,4,560,560,2240,10,4.0,94,6.6,1.0,14.228406865693792,0.7179848540113216,-0.054111558100423285,0,0.5255145293146335,0.07618703975622984,0.8554582210242587,0.8711464498132869,0.03283801045939906,0.4714029712142102,0.08336451753044627,0.8576482479784368,1.0064956300262362,-0.5653663631296149
acs_ct2_education,13,4,560,560,2240,10,4.0,94,6.6,1.0,8.288884627890425,0.5104950905638043,0.02221694509247374,1,0.5008568625402918,0.07828739043909332,0.8761792452830189,1.0756550733700676,0.024425354931044103,0.5230738076327656,0.07780516223037194,0.8888140161725067,1.3051524800278143,-0.5134299578295176
acs_ct2_education,13,2,560,560,1120,10,2.0,94,6.6,1.0,7.730335118505162,0.740711260851882,0.0278980386838778,1,0.44883530242750286,0.08193614389254288,0.8669137466307277,0.8735304264114222,0.10210738081530543,0.47673334111138066,0.08022267601337753,0.8758423180592991,1.030640245212305,-0.2208168904655536
acs_ct2_education,13,2,560,560,1120,10,2.0,94,6.6,1.0,4.5904495066320194,0.4229943384423136,0.02540881528122324,1,0.3935764338868354,0.08770806848406641,0.846866576819407,0.7313379643645899,-0.12562931074575398,0.4189852491680586,0.08658397953703849,0.8514150943396226,0.9086445734673964,-0.3511925781098318
acs_ct2_education,13,2,560,560,1120,10,2.0,94,6.6,1.0,4.7672694013814905,0.5745333619146373,-0.005912346178081618,0,0.49582490232747645,0.07836520916203776,0.8819070080862533,1.0990090080764365,-0.13234582050442312,0.48991255614939483,0.07990983862456583,0.878032345013477,1.1498085865781384,-0.4410162212220607
acs_ct2_education,13,2,560,560,1120,10,2.0,94,6.6,1.0,5.361540591052966,0.6267621516095216,0.0347638567166515,1,0.5255145293146335,0.07618703975622984,0.8554582210242587,0.8711464498132869,0.03283801045939906,0.560278386031285,0.07582233436157626,0.8529312668463611,0.9880397406168611,-0.2760500949616725
acs_ct2_education,13,2,560,560,1120,10,2.0,94,6.6,1.0,5.406185563904909,0.48002862574470323,0.02315013774447605,1,0.5008568625402918,0.07828739043909332,0.8761792452830189,1.0756550733700676,0.024425354931044103,0.5240070002847679,0.0760095547535893,0.8861185983827493,1.2266842851010133,-0.2481855463654448
acs_ct2_education,13,3,560,560,1680,10,3.0,94,6.6,1.0,17.776277746733143,0.8028109634799732,0.037731799787170506,1,0.44883530242750286,0.08193614389254288,0.8669137466307277,0.8735304264114222,0.10210738081530543,0.48656710221467336,0.08048992239813098,0.8734838274932615,1.169064426684255,-0.3880186743381303
acs_ct2_education,13,3,560,560,1680,10,3.0,94,6.6,1.0,18.913559062490414,0.8012781887018237,0.020959690582075752,1,0.3935764338868354,0.08770806848406641,0.846866576819407,0.7313379643645899,-0.12562931074575398,0.41453612446891114,0.08552806739299995,0.8544474393530997,1.0651475592367956,-0.44886779948414895
acs_ct2_education,13,3,560,560,1680,10,3.0,94,6.6,1.0,25.34569423868203,0.8552640249617149,-0.05339782051385167,0,0.49582490232747645,0.07836520916203776,0.8819070080862533,1.0990090080764365,-0.13234582050442312,0.4424270818136248,0.08198611614865459,0.8733153638814017,1.2985179183279125,-0.45509404275955034
acs_ct2_education,13,3,560,560,1680,10,3.0,94,6.6,1.0,18.930267353097996,0.8079733172435494,-0.021788721761049623,0,0.5255145293146335,0.07618703975622984,0.8554582210242587,0.8711464498132869,0.03283801045939906,0.5037258075535839,0.07965649873078154,0.8549528301886793,1.0787747203787503,-0.44463596421490503
acs_ct2_education,13,3,560,560,1680,10,3.0,94,6.6,1.0,9.160793943836367,0.6333779547652845,0.023018704874273488,1,0.5008568625402918,0.07828739043909332,0.8761792452830189,1.0756550733700676,0.024425354931044103,0.5238755674145653,0.07684910540285116,0.8876347708894878,1.4732569211776307,-0.4186084348235963
acs_ct2_education,13,3,560,560,1680,10,3.0,94,6.6,1.0,13.413679667744608,0.7528925145957349,0.06498988177980075,1,0.44883530242750286,0.08193614389254288,0.8669137466307277,0.8735304264114222,0.10210738081530543,0.5138251842073036,0.10535034586211191,0.8839285714285714,1.2506385532064774,-1.2982992075036266
acs_ct2_education,13,3,560,560,1680,10,3.0,94,6.6,1.0,7.170673863598227,0.5769145173256264,0.01500724562231065,1,0.3935764338868354,0.08770806848406641,0.846866576819407,0.7313379643645899,-0.12562931074575398,0.40858367950914604,0.11795814684473949,0.8576482479784366,1.0114424848790688,-1.3772364138786626
acs_ct2_education,13,3,560,560,1680,10,3.0,94,6.6,1.0,11.40642520398448,0.7335673232755008,-0.07379252890471055,0,0.49582490232747645,0.07836520916203776,0.8819070080862533,1.0990090080764365,-0.13234582050442312,0.4220323734227659,0.1147882214838454,0.8630390835579514,1.1959350127442319,-1.3558125514534645
acs_ct2_education,13,3,560,560,1680,10,3.0,94,6.6,1.0,11.899156212462914,0.7392181522640013,-0.029751366311412564,0,0.5255145293146335,0.07618703975622984,0.8554582210242587,0.8711464498132869,0.03283801045939906,0.49576316300322093,0.10874311501723909,0.8559636118598383,1.0059495404054548,-1.3363565964799524
acs_ct2_education,13,3,560,560,1680,10,3.0,94,6.6,1.0,8.393906193015436,0.6404631252551612,0.031691926011296334,1,0.5008568625402918,0.07828739043909332,0.8761792452830189,1.0756550733700676,0.024425354931044103,0.5325487885515882,0.10645925982823409,0.8945417789757413,1.4756960412879538,-1.350291604563552
acs_ct2_education,13,1,560,560,560,10,1.0,94,6.6,1.0,0.836912123976027,0.0,0.02741603878512916,1,0.44883530242750286,0.08193614389254288,0.8669137466307277,0.8735304264114222,0.10210738081530543,0.476251341212632,0.08719918134090365,0.8721361185983827,0.9075079558181545,-0.699531683094757
acs_ct2_education,13,1,560,560,560,10,1.0,94,6.6,1.0,1.59725905287544,0.28176473332346297,0.01633910901668395,1,0.3935764338868354,0.08770806848406641,0.846866576819407,0.7313379643645899,-0.12562931074575398,0.40991554290351934,0.09459255452668978,0.8519204851752021,0.8289895166793778,-0.7832688152093567
acs_ct2_education,13,1,560,560,560,10,1.0,94,6.6,1.0,1.2949450565875154,0.22628260472636527,-0.01583567699512667,0,0.49582490232747645,0.07836520916203776,0.8819070080862533,1.0990090080764365,-0.13234582050442312,0.4799892253323498,0.08817816394052533,0.8835916442048518,1.0709807737223118,-0.8550461650160637
acs_ct2_education,13,1,560,560,560,10,1.0,94,6.6,1.0,3.5753382962104765,0.6645785010125705,0.008681298361946421,1,0.5255145293146335,0.07618703975622984,0.8554582210242587,0.8711464498132869,0.03283801045939906,0.5341958276765799,0.08206697490261146,0.8556266846361187,0.9738276062834237,-0.6590052208373279
acs_ct2_education,13,1,560,560,560,10,1.0,94,6.6,1.0,1.6626356428714577,0.3983447611445918,0.025668886057611973,1,0.5008568625402918,0.07828739043909332,0.8761792452830189,1.0756550733700676,0.024425354931044103,0.5265257485979038,0.08060614107220901,0.8876347708894878,1.1675796556455955,-0.6714422651677153
acs_ct2_education,13,1,560,560,560,10,1.0,94,6.6,1.0,3.4231110596964944,0.6924416013826802,0.027303999634665455,1,0.44883530242750286,0.08193614389254288,0.8669137466307277,0.8735304264114222,0.10210738081530543,0.4761393020621683,0.0899308285094387,0.8685983827493262,0.9958396393245564,-0.8307993677426165
acs_ct2_education,13,1,560,560,560,10,1.0,94,6.6,1.0,2.2830969536523975,0.5543310243522955,0.030975092204219623,1,0.3935764338868354,0.08770806848406641,0.846866576819407,0.7313379643645899,-0.12562931074575398,0.424551526091055,0.09732606774168322,0.8595013477088949,0.8992554035413659,-0.946556552820153
acs_ct2_education,13,1,560,560,560,10,1.0,94,6.6,1.0,0.7834434091540328,0.0,-0.05013525532253649,0,0.49582490232747645,0.07836520916203776,0.8819070080862533,1.0990090080764365,-0.13234582050442312,0.44568964700493996,0.09294716667094288,0.8728099730458222,1.0896331301765612,-0.9309525137840535
acs_ct2_education,13,1,560,560,560,10,1.0,94,6.6,1.0,2.8569696806335045,0.637214965586479,-0.02035918635658296,0,0.5255145293146335,0.07618703975622984,0.8554582210242587,0.8711464498132869,0.03283801045939906,0.5051553429580505,0.0870134758974387,0.8557951482479784,0.9631341663882323,-0.8452090864038874
acs_ct2_education,13,1,560,560,560,10,1.0,94,6.6,1.0,2.1612805589404096,0.4637446541869592,0.013356127659068684,1,0.5008568625402918,0.07828739043909332,0.8761792452830189,1.0756550733700676,0.024425354931044103,0.5142129901993605,0.08575028121452669,0.8819070080862534,1.2220647042214945,-0.8478406963485442
acs_ct2_education,13,2,560,560,1120,10,2.0,94,6.6,1.0,4.5227414161896204,0.5554651455885796,0.05092687572662902,1,0.44883530242750286,0.08193614389254288,0.8669137466307277,0.8735304264114222,0.10210738081530543,0.4997621781541319,0.08507342307469265,0.8856132075471698,1.2421350783584215,-0.7911357475096664
acs_ct2_education,13,2,560,560,1120,10,2.0,94,6.6,1.0,6.292132852354407,0.6818382593002532,0.033170385339447106,1,0.3935764338868354,0.08770806848406641,0.846866576819407,0.7313379643645899,-0.12562931074575398,0.4267468192262825,0.09369997742025608,0.8632075471698114,1.012147115679279,-0.8725529175959408
acs_ct2_education,13,2,560,560,1120,10,2.0,94,6.6,1.0,8.733331225857942,0.7098589836815745,-0.01184671380382113,0,0.49582490232747645,0.07836520916203776,0.8819070080862533,1.0990090080764365,-0.13234582050442312,0.4839781885236553,0.08878018439830167,0.8785377358490566,1.3382112236759014,-0.8570648446562007
acs_ct2_education,13,2,560,560,1120,10,2.0,94,6.6,1.0,6.43575695803252,0.6322505483479404,-0.007167576580214496,0,0.5255145293146335,0.07618703975622984,0.8554582210242587,0.8711464498132869,0.03283801045939906,0.518346952734419,0.08692581280000723,0.8586590296495957,1.0282373550939055,-0.8410448711056366
acs_ct2_education,13,2,560,560,1120,10,2.0,94,6.6,1.0,7.068739880629641,0.7169577030192973,0.02855097722294553,1,0.5008568625402918,0.07828739043909332,0.8761792452830189,1.0756550733700676,0.024425354931044103,0.5294078397632374,0.08274374174998675,0.8910040431266847,1.4199308407114826,-0.773235980558684
acs_ct2_education,13,1,560,560,560,10,1.0,94,6.6,1.0,1.5393872124431174,0.2936825019892765,-0.005743603163497257,0,0.44883530242750286,0.08193614389254288,0.8669137466307277,0.8735304264114222,0.10210738081530543,0.4430916992640056,0.08234177640585442,0.8638814016172507,1.1039300135658747,0.18573188745382607
acs_ct2_education,13,1,560,560,560,10,1.0,94,6.6,1.0,2.256445545538588,0.5475565239104673,0.009259262612722363,1,0.3935764338868354,0.08770806848406641,0.846866576819407,0.7313379643645899,-0.12562931074575398,0.40283569649955775,0.08459736437995712,0.8554582210242587,1.0203301535256764,0.14743161441446279
acs_ct2_education,13,1,560,560,560,10,1.0,94,6.6,1.0,2.213133536365422,0.3794776445532049,-0.04645115017002416,0,0.49582490232747645,0.07836520916203776,0.8819070080862533,1.0990090080764365,-0.13234582050442312,0.4493737521574523,0.08168187201266906,0.8797169811320754,1.319429331093582,0.09122916926966793
acs_ct2_education,13,1,560,560,560,10,1.0,94,6.6,1.0,2.1801964815494905,0.48294814677604025,-0.02700525044742552,0,0.5255145293146335,0.07618703975622984,0.8554582210242587,0.8711464498132869,0.03283801045939906,0.49850927886720797,0.07970173374906596,0.8495619946091644,1.0546676450635684,0.0785162402471177
acs_ct2_education,13,1,560,560,560,10,1.0,94,6.6,1.0,3.3208757372651636,0.6987755579268968,0.01774318143043896,1,0.5008568625402918,0.07828739043909332,0.8761792452830189,1.0756550733700676,0.024425354931044103,0.5186000439707308,0.0785482231069718,0.8851078167115903,1.519359973696642,0.173287135505564
acs_ct2_education,14,1,560,560,560,10,1.0,53,3.7,1.0,4.544588578021525,0.7799522859032051,0.12671580011178923,1,0.31506181887654955,0.052353396702406706,0.9132254464285714,1.0377093251602263,-0.1115210442623732,0.4417776189883388,0.04870542528086198,0.9369419642857142,1.6712967193284116,0.19364036568924634
acs_ct2_education,14,1,560,560,560,10,1.0,53,3.7,1.0,1.0389434967291185,0.0373829326724579,-0.005217372784327212,0,0.5743589597688629,0.04115273614708528,0.9056919642857144,1.0614521966770831,-0.13821792289999124,0.5691415869845357,0.04197068606641351,0.9079241071428572,1.2983690363424434,0.10387238859446081
acs_ct2_education,14,1,560,560,560,10,1.0,53,3.7,1.0,2.63400017727197,0.6180962235349323,0.019039632787527072,1,0.5325406576731264,0.04516476622439002,0.923828125,1.3911992803552296,0.18073310330093156,0.5515802904606535,0.04655298734169326,0.93359375,1.8494363658379624,0.22289681949788784
acs_ct2_education,14,1,560,560,560,10,1.0,53,3.7,1.0,3.6231370826134475,0.72262455404331,0.005284672159602544,1,0.4295779061469117,0.0507149616589048,0.8931361607142857,0.8059977462809176,-0.3697042352738988,0.43486257830651426,0.04991720219102412,0.9001116071428571,0.9916792288484024,-0.16481284002275406
acs_ct2_education,14,1,560,560,560,10,1.0,53,3.7,1.0,2.8536037871658895,0.6489577660313794,-0.004618617132289282,0,0.5397116527423023,0.04262123786972703,0.9056919642857143,0.8965020728059127,-0.0752553752766812,0.535093035610013,0.043525744176989144,0.9123883928571429,1.1234283199864699,0.09263929994132476
acs_ct2_education,14,2,560,560,1120,10,2.0,53,3.7,1.0,7.580971706144212,0.7342725248387513,0.10702396271316089,1,0.31506181887654955,0.052353396702406706,0.9132254464285714,1.0377093251602263,-0.1115210442623732,0.42208578158971044,0.047523730488580745,0.9305245535714286,1.5533588669539693,-0.2509959926561177
acs_ct2_education,14,2,560,560,1120,10,2.0,53,3.7,1.0,3.601010684673234,0.4430256975477223,-0.015976285967472914,0,0.5743589597688629,0.04115273614708528,0.9056919642857144,1.0614521966770831,-0.13821792289999124,0.55838267380139,0.04264917021122028,0.9076450892857143,1.224598246567061,-0.3439923712665498
acs_ct2_education,14,2,560,560,1120,10,2.0,53,3.7,1.0,9.731085997804016,0.7843867485281213,0.03094522559426849,1,0.5325406576731264,0.04516476622439002,0.923828125,1.3911992803552296,0.18073310330093156,0.5634858832673949,0.04347961983007737,0.9400111607142857,1.7356449212150649,-0.1844659661625178
acs_ct2_education,14,2,560,560,1120,10,2.0,53,3.7,1.0,5.821012024322249,0.6519989975526876,0.016301455087995464,1,0.4295779061469117,0.0507149616589048,0.8931361607142857,0.8059977462809176,-0.3697042352738988,0.4458793612349072,0.05023167105049313,0.9056919642857143,1.0206387000446284,-0.510875507333262
acs_ct2_education,14,2,560,560,1120,10,2.0,53,3.7,1.0,10.941672400333372,0.8159921637640757,0.010780959265255463,1,0.5397116527423023,0.04262123786972703,0.9056919642857143,0.8965020728059127,-0.0752553752766812,0.5504926120075577,0.04337600881939275,0.9132254464285715,1.0723460729228391,-0.4039332534308829
acs_ct2_education,14,1,560,560,560,10,1.0,53,3.7,1.0,4.284595009054398,0.7645004974865792,0.14303614445239204,1,0.31506181887654955,0.052353396702406706,0.9132254464285714,1.0377093251602263,-0.1115210442623732,0.4580979633289416,0.04644181966095736,0.931640625,1.4139395723969561,0.11440429561898291
acs_ct2_education,14,1,560,560,560,10,1.0,53,3.7,1.0,0.7712079852499499,0.010058185958614567,-0.0031773072939581537,0,0.5743589597688629,0.04115273614708528,0.9056919642857144,1.0614521966770831,-0.13821792289999124,0.5711816524749047,0.042732255325152964,0.9073660714285715,1.0890245213132375,-0.05272037874480185
acs_ct2_education,14,1,560,560,560,10,1.0,53,3.7,1.0,2.2436754467677984,0.5433573640706284,0.07788137903838965,1,0.5325406576731264,0.04516476622439002,0.923828125,1.3911992803552296,0.18073310330093156,0.6104220367115161,0.04474324560142124,0.9294084821428571,1.6655960022242204,0.18018334020391338
acs_ct2_education,14,1,560,560,560,10,1.0,53,3.7,1.0,1.285567649509508,0.190525914138129,0.027560681945608734,1,0.4295779061469117,0.0507149616589048,0.8931361607142857,0.8059977462809176,-0.3697042352738988,0.45713858809252045,0.048400260738912536,0.9054129464285714,0.9877615651101154,-0.19929203398487058
acs_ct2_education,14,1,560,560,560,10,1.0,53,3.7,1.0,1.8199469566754063,0.44694110394929243,0.022774638572505168,1,0.5397116527423023,0.04262123786972703,0.9056919642857143,0.8965020728059127,-0.0752553752766812,0.5624862913148074,0.04249671110893656,0.9157366071428572,1.0240097701338233,-0.029539002002796872
acs_ct2_education,14,4,560,560,2240,10,4.0,53,3.7,1.0,21.559394383539015,0.8083942265378464,0.16983287265635155,1,0.31506181887654955,0.052353396702406706,0.9132254464285714,1.0377093251602263,-0.1115210442623732,0.4848946915329011,0.04557355869254375,0.9444754464285714,1.7615996275841255,-0.5529234547210949
acs_ct2_education,14,4,560,560,2240,10,4.0,53,3.7,1.0,22.20335661774918,0.8191239576334588,0.012480014298605124,1,0.5743589597688629,0.04115273614708528,0.9056919642857144,1.0614521966770831,-0.13821792289999124,0.586838974067468,0.04446004795017336,0.9126674107142858,1.2949722709604259,-0.649265038275383
acs_ct2_education,14,4,560,560,2240,10,4.0,53,3.7,1.0,20.74410679490543,0.8035536192319428,-0.01079927389898272,0,0.5325406576731264,0.04516476622439002,0.923828125,1.3911992803552296,0.18073310330093156,0.5217413837741437,0.04539200097538638,0.9330357142857143,1.6739876146555692,-0.5024415493883009
acs_ct2_education,14,4,560,560,2240,10,4.0,53,3.7,1.0,18.93360228499347,0.7855886427974836,0.00753239802529404,1,0.4295779061469117,0.0507149616589048,0.8931361607142857,0.8059977462809176,-0.3697042352738988,0.43711030417220575,0.053254452566162534,0.9048549107142858,1.057691891851379,-0.8051831759368316
acs_ct2_education,14,4,560,560,2240,10,4.0,53,3.7,1.0,23.639037872233665,0.8284525668727865,0.0008622177188909452,1,0.5397116527423023,0.04262123786972703,0.9056919642857143,0.8965020728059127,-0.0752553752766812,0.5405738704611932,0.04611424526540523,0.9065290178571428,1.1109183607736783,-0.673676115236309
acs_ct2_education,14,1,560,560,560,10,1.0,53,3.7,1.0,1.9326554492163246,0.4818175251552527,0.08761481403715227,1,0.31506181887654955,0.052353396702406706,0.9132254464285714,1.0377093251602263,-0.1115210442623732,0.4026766329137018,0.04884796503757419,0.91796875,1.4598446340885485,0.013937982579899382
acs_ct2_education,14,1,560,560,560,10,1.0,53,3.7,1.0,2.5053722446229165,0.6006281247050825,0.002983039530857101,1,0.5743589597688629,0.04115273614708528,0.9056919642857144,1.0614521966770831,-0.13821792289999124,0.57734199929972,0.04188537793797152,0.9037388392857143,1.1621019931884953,-0.2162338720464068
acs_ct2_education,14,1,560,560,560,10,1.0,53,3.7,1.0,1.5981886443855928,0.3546579280632128,0.04018049982843086,1,0.5325406576731264,0.04516476622439002,0.923828125,1.3911992803552296,0.18073310330093156,0.5727211575015573,0.044157698681428874,0.9411272321428571,1.8249504882993157,0.040965478223722464
acs_ct2_education,14,1,560,560,560,10,1.0,53,3.7,1.0,1.9634269366767603,0.4677806262238149,0.0012885415393888988,1,0.4295779061469117,0.0507149616589048,0.8931361607142857,0.8059977462809176,-0.3697042352738988,0.4308664476863006,0.04969783946200952,0.8962053571428572,0.9401211730712378,-0.36706707322742055
acs_ct2_education,14,1,560,560,560,10,1.0,53,3.7,1.0,0.4930819306365837,0.0,0.02346278180424366,1,0.5397116527423023,0.04262123786972703,0.9056919642857143,0.8965020728059127,-0.0752553752766812,0.5631744345465459,0.04224480202574738,0.9126674107142857,1.0108684685480418,-0.2806712480176666
acs_ct2_education,14,2,560,560,1120,10,2.0,53,3.7,1.0,4.469898069993617,0.530336306844797,0.0809710560404523,1,0.31506181887654955,0.052353396702406706,0.9132254464285714,1.0377093251602263,-0.1115210442623732,0.39603287491700184,0.04838386618709098,0.9109933035714286,1.4509588663330233,-0.1889215502830972
acs_ct2_education,14,2,560,560,1120,10,2.0,53,3.7,1.0,5.04046212223856,0.5974963713353851,-0.0030910824923187086,0,0.5743589597688629,0.04115273614708528,0.9056919642857144,1.0614521966770831,-0.13821792289999124,0.5712678772765442,0.043267319372877776,0.904296875,1.1960163425296282,-0.32386303470422584
acs_ct2_education,14,2,560,560,1120,10,2.0,53,3.7,1.0,4.674952000474521,0.5543437167086592,-0.004176378042375917,0,0.5325406576731264,0.04516476622439002,0.923828125,1.3911992803552296,0.18073310330093156,0.5283642796307505,0.04443004586706797,0.9310825892857143,1.7331097430193934,-0.10182645008451381
acs_ct2_education,14,2,560,560,1120,10,2.0,53,3.7,1.0,2.741059011598491,0.2621094502699686,0.004315545726633119,1,0.4295779061469117,0.0507149616589048,0.8931361607142857,0.8059977462809176,-0.3697042352738988,0.43389345187354483,0.05035827518453256,0.8995535714285714,0.9739341010378828,-0.5293971929951462
acs_ct2_education,14,2,560,560,1120,10,2.0,53,3.7,1.0,4.337462550047899,0.3694024178285639,0.016481779435219557,1,0.5397116527423023,0.04262123786972703,0.9056919642857143,0.8965020728059127,-0.0752553752766812,0.5561934321775218,0.043497135935754515,0.9132254464285714,1.0782767234942034,-0.4086293243865983
acs_ct2_education,14,3,560,560,1680,10,3.0,53,3.7,1.0,7.163130439416113,0.5786317003771522,0.10132784569078007,1,0.31506181887654955,0.052353396702406706,0.9132254464285714,1.0377093251602263,-0.1115210442623732,0.4163896645673296,0.047619754759010965,0.9249441964285715,1.440361069091456,-0.33246923784415733
acs_ct2_education,14,3,560,560,1680,10,3.0,53,3.7,1.0,8.125092476236851,0.6276251233272829,0.0017710675104138929,1,0.5743589597688629,0.04115273614708528,0.9056919642857144,1.0614521966770831,-0.13821792289999124,0.5761300272792768,0.042654278562653795,0.9054129464285714,1.1565724983145649,-0.4268151528435061
acs_ct2_education,14,3,560,560,1680,10,3.0,53,3.7,1.0,8.909720468109857,0.6632287960860261,-0.014560640599563968,0,0.5325406576731264,0.04516476622439002,0.923828125,1.3911992803552296,0.18073310330093156,0.5179800170735624,0.04440057189471802,0.9321986607142857,1.5409410093783877,-0.29478411414444383
acs_ct2_education,14,3,560,560,1680,10,3.0,53,3.7,1.0,10.75958883623797,0.7092648886285207,0.027399684334485752,1,0.4295779061469117,0.0507149616589048,0.8931361607142857,0.8059977462809176,-0.3697042352738988,0.45697759048139747,0.05016583072668978,0.9048549107142858,1.016664111317305,-0.568345635884417
acs_ct2_education,14,3,560,560,1680,10,3.0,53,3.7,1.0,9.297035810890154,0.6773069390218373,0.012622679232505707,1,0.5397116527423023,0.04262123786972703,0.9056919642857143,0.8965020728059127,-0.0752553752766812,0.552334331974808,0.044527728425668114,0.9140625,1.0428754739123278,-0.5346730177163442
acs_ct2_education,14,2,560,560,1120,10,2.0,53,3.7,1.0,9.701404397640987,0.793648375748369,0.16441284828487485,1,0.31506181887654955,0.052353396702406706,0.9132254464285714,1.0377093251602263,-0.1115210442623732,0.4794746671614244,0.048732784923366815,0.931640625,1.7645160786692842,0.2558323689780419
acs_ct2_education,14,2,560,560,1120,10,2.0,53,3.7,1.0,5.683106416236702,0.6365609983411109,0.029865203624573677,1,0.5743589597688629,0.04115273614708528,0.9056919642857144,1.0614521966770831,-0.13821792289999124,0.6042241633934365,0.04228091985314054,0.9148995535714286,1.2888048634064844,0.013474069640054773
acs_ct2_education,14,2,560,560,1120,10,2.0,53,3.7,1.0,10.47272020031721,0.8068216916146491,0.012512226238453161,1,0.5325406576731264,0.04516476622439002,0.923828125,1.3911992803552296,0.18073310330093156,0.5450528839115796,0.045905000545314836,0.9369419642857142,1.8081131347416413,0.15966068218805649
acs_ct2_education,14,2,560,560,1120,10,2.0,53,3.7,1.0,12.766032951846144,0.8067788707172607,0.01831333982082789,1,0.4295779061469117,0.0507149616589048,0.8931361607142857,0.8059977462809176,-0.3697042352738988,0.4478912459677396,0.04851085759278002,0.9045758928571428,1.0691848917039932,-0.13548129410218135
acs_ct2_education,14,2,560,560,1120,10,2.0,53,3.7,1.0,5.437762219991432,0.5658940134324828,0.007253025507500177,1,0.5397116527423023,0.04262123786972703,0.9056919642857143,0.8965020728059127,-0.0752553752766812,0.5469646782498024,0.042986006839689186,0.9090401785714286,1.0533779178614633,-0.054864365468939864
acs_ct2_education,14,1,560,560,560,10,1.0,53,3.7,1.0,1.5574780017618748,0.3350857719592012,0.13750361761431518,1,0.31506181887654955,0.052353396702406706,0.9132254464285714,1.0377093251602263,-0.1115210442623732,0.4525654364908647,0.046016827962589955,0.9386160714285714,1.6627006059579477,-0.29398719898667425
acs_ct2_education,14,1,560,560,560,10,1.0,53,3.7,1.0,1.2411403711022349,0.2163774123957792,0.0007091847258485773,1,0.5743589597688629,0.04115273614708528,0.9056919642857144,1.0614521966770831,-0.13821792289999124,0.5750681444947114,0.04235590784726583,0.9068080357142858,1.1975238770488035,-0.4847768518049694
acs_ct2_education,14,1,560,560,560,10,1.0,53,3.7,1.0,2.7471871265631647,0.39595226236422704,-0.008489114495228822,0,0.5325406576731264,0.04516476622439002,0.923828125,1.3911992803552296,0.18073310330093156,0.5240515431778976,0.04485845629512565,0.9193638392857143,1.4429058880745147,-0.2208276656478471
acs_ct2_education,14,1,560,560,560,10,1.0,53,3.7,1.0,1.6425353376400718,0.3890045407445294,0.03154983082735868,1,0.4295779061469117,0.0507149616589048,0.8931361607142857,0.8059977462809176,-0.3697042352738988,0.4611277369742704,0.05066467756760023,0.9056919642857143,0.945342383396384,-0.6461927546154591
acs_ct2_education,14,1,560,560,560,10,1.0,53,3.7,1.0,3.9042345085775008,0.65006247017167,0.024435462397459973,1,0.5397116527423023,0.04262123786972703,0.9056919642857143,0.8965020728059127,-0.0752553752766812,0.5641471151397622,0.04330714234104918,0.9157366071428571,0.95630184772507,-0.559725355670001
acs_ct2_education,14,2,560,560,1120,10,2.0,53,3.7,1.0,6.346477819030264,0.571909609528956,0.1319010778798792,1,0.31506181887654955,0.052353396702406706,0.9132254464285714,1.0377093251602263,-0.1115210442623732,0.44696289675642875,0.05429694743622383,0.9266183035714285,1.4556666176693942,-0.9662598765648801
acs_ct2_education,14,2,560,560,1120,10,2.0,53,3.7,1.0,7.008470338523253,0.6792578072489319,-0.009648668259157556,0,0.5743589597688629,0.04115273614708528,0.9056919642857144,1.0614521966770831,-0.13821792289999124,0.5647102915097053,0.051333949357585666,0.8989955357142857,1.1634809160034234,-1.0415491858510546
acs_ct2_education,14,2,560,560,1120,10,2.0,53,3.7,1.0,9.172076629272635,0.7753420594753363,0.06623208607349496,1,0.5325406576731264,0.04516476622439002,0.923828125,1.3911992803552296,0.18073310330093156,0.5987727437466214,0.04640416268945698,0.939453125,1.7949802021009365,-0.8416279803018919
acs_ct2_education,14,2,560,560,1120,10,2.0,53,3.7,1.0,4.266120670706138,0.50775502308188,0.01449167617709557,1,0.4295779061469117,0.0507149616589048,0.8931361607142857,0.8059977462809176,-0.3697042352738988,0.4440695823240073,0.06106497700731409,0.8970424107142857,0.9271259021931777,-1.1972383544411414
acs_ct2_education,14,2,560,560,1120,10,2.0,53,3.7,1.0,7.775186766910576,0.7095240062849426,0.025364227495926595,1,0.5397116527423023,0.04262123786972703,0.9056919642857143,0.8965020728059127,-0.0752553752766812,0.5650758802382289,0.04940416842897563,0.9140625,1.0285095364167396,-1.094607951304189
acs_ct2_education,14,4,560,560,2240,10,4.0,53,3.7,1.0,19.973084664107674,0.7965955845084451,0.17445480812907393,1,0.31506181887654955,0.052353396702406706,0.9132254464285714,1.0377093251602263,-0.1115210442623732,0.4895166270056235,0.057424033060338296,0.9341517857142857,1.638296301107784,-1.1929412023610035
acs_ct2_education,14,4,560,560,2240,10,4.0,53,3.7,1.0,22.84279697656168,0.814644984679392,-0.015849194480769935,0,0.5743589597688629,0.04115273614708528,0.9056919642857144,1.0614521966770831,-0.13821792289999124,0.5585097652880929,0.05473584656251626,0.8998325892857143,1.3785677008810835,-1.2121133180595176
acs_ct2_education,14,4,560,560,2240,10,4.0,53,3.7,1.0,16.28085333482765,0.7400931323182894,-0.022651240221676416,0,0.5325406576731264,0.04516476622439002,0.923828125,1.3911992803552296,0.18073310330093156,0.50988941745145,0.054676224355876504,0.9065290178571429,1.540146838361387,-1.045055157425224
acs_ct2_education,14,4,560,560,2240,10,4.0,53,3.7,1.0,13.13147019046686,0.6930352058113911,-0.020210835624333567,0,0.4295779061469117,0.0507149616589048,0.8931361607142857,0.8059977462809176,-0.3697042352738988,0.40936707052257815,0.06682737747756053,0.8903459821428571,0.9927489641980509,-1.3738380716522045
acs_ct2_education,14,4,560,560,2240,10,4.0,53,3.7,1.0,9.589594880908955,0.5782722744052904,0.0061097595505756885,1,0.5397116527423023,0.04262123786972703,0.9056919642857143,0.8965020728059127,-0.0752553752766812,0.545821412292878,0.056289840512881266,0.9109933035714286,1.2052851877369093,-1.2728204855169225
acs_ct2_education,14,2,560,560,1120,10,2.0,53,3.7,1.0,8.921137087676211,0.7699801829433559,0.1573854049367625,1,0.31506181887654955,0.052353396702406706,0.9132254464285714,1.0377093251602263,-0.1115210442623732,0.47244722381331206,0.04951014418377144,0.9408482142857142,1.937047199555114,-0.7748310376625951
acs_ct2_education,14,2,560,560,1120,10,2.0,53,3.7,1.0,7.041172799689186,0.41760594945796237,0.020455112509898732,1,0.5743589597688629,0.04115273614708528,0.9056919642857144,1.0614521966770831,-0.13821792289999124,0.5948140722787616,0.04472508622090011,0.9129464285714286,1.553127339310862,-0.8219450286541254
acs_ct2_education,14,2,560,560,1120,10,2.0,53,3.7,1.0,11.779707769196891,0.7995810863333634,-0.05049510057946932,0,0.5325406576731264,0.04516476622439002,0.923828125,1.3911992803552296,0.18073310330093156,0.4820455570936571,0.049130167624781104,0.9079241071428571,1.7326072463689857,-0.7163334726066731
acs_ct2_education,14,2,560,560,1120,10,2.0,53,3.7,1.0,8.413228477084704,0.7579431325070807,-0.023508190044300936,0,0.4295779061469117,0.0507149616589048,0.8931361607142857,0.8059977462809176,-0.3697042352738988,0.4060697161026108,0.05767839748476623,0.8889508928571428,0.9986440846571445,-0.9813947443965501
acs_ct2_education,14,2,560,560,1120,10,2.0,53,3.7,1.0,7.839556030462271,0.7410539323114289,-0.0006559878598565438,0,0.5397116527423023,0.04262123786972703,0.9056919642857143,0.8965020728059127,-0.0752553752766812,0.5390556648824457,0.04873543170690377,0.8987165178571428,1.2121592374126628,-0.9312186760504686
acs_ct2_education,15,2,560,560,1120,10,2.0,129,9.0,1.0,10.087002522510335,0.7984927165000295,0.10275752128403126,1,0.5492962812834669,0.1033785007194223,0.824850108432198,1.0255030250129715,-0.027914298834269217,0.6520538025674981,0.09210341437775996,0.8798316111748947,1.2886738491485685,-0.2612355507745514
acs_ct2_education,15,2,560,560,1120,10,2.0,129,9.0,1.0,8.719277860342936,0.7667614040507478,0.023094484617252664,1,0.4930636204333481,0.10685792282645769,0.8335246842709529,0.9046240855401633,-0.12902817002544398,0.5161581050506008,0.10616454236084621,0.8406684526087511,0.9863585631259707,-0.33176799053972733
acs_ct2_education,15,2,560,560,1120,10,2.0,129,9.0,1.0,7.174908897967264,0.7048621440835157,-0.01616675177091731,0,0.5031048334479775,0.1075848228852698,0.8219160607220308,0.9564630549797047,0.021714514320229385,0.4869380816770602,0.10965649486652432,0.8277841561423651,0.9100900576499344,-0.2594656462920418
acs_ct2_education,15,2,560,560,1120,10,2.0,129,9.0,1.0,7.751390115405053,0.722767044881987,0.05663235955805407,1,0.4712007328544581,0.11085727383033098,0.8146447250924862,0.8520661823864246,-0.13627845826926294,0.5278330924125122,0.10452702462755512,0.8515116724071948,1.1226666207483702,-0.33638139435574005
acs_ct2_education,15,2,560,560,1120,10,2.0,129,9.0,1.0,11.9133624469289,0.8293948704260199,-0.011920738572755996,0,0.47824515707423243,0.1117737019072767,0.8342900880214313,0.8386947033656175,-0.35536915875337727,0.46632441850147643,0.11367142297941181,0.8233193009312413,0.885806481960923,-0.458563213829969
acs_ct2_education,15,4,560,560,2240,10,4.0,129,9.0,1.0,11.157014154625031,0.6405698028695204,0.07582325792535605,1,0.5492962812834669,0.1033785007194223,0.824850108432198,1.0255030250129715,-0.027914298834269217,0.6251195392088229,0.09490328190514061,0.8626100267891312,1.2830743533290823,0.0648793808802129
acs_ct2_education,15,4,560,560,2240,10,4.0,129,9.0,1.0,13.176136905065793,0.6962341744598304,0.014930142554283654,1,0.4930636204333481,0.10685792282645769,0.8335246842709529,0.9046240855401633,-0.12902817002544398,0.5079937629876318,0.1056394559323211,0.8356933282306417,1.0488002041057454,-0.005007472076814691
acs_ct2_education,15,4,560,560,2240,10,4.0,129,9.0,1.0,8.150476670065403,0.48750584110801154,0.009906866351828136,1,0.5031048334479775,0.1075848228852698,0.8219160607220308,0.9564630549797047,0.021714514320229385,0.5130116997998057,0.10547467015062043,0.8369690011481057,1.0695025846671633,0.08049592805008131
acs_ct2_education,15,4,560,560,2240,10,4.0,129,9.0,1.0,8.988917253439638,0.5516265786815167,0.0406106920834311,1,0.4712007328544581,0.11085727383033098,0.8146447250924862,0.8520661823864246,-0.13627845826926294,0.5118114249378892,0.10512374582898677,0.8400306161500192,1.157621848973797,-0.019001396674121367
acs_ct2_education,15,4,560,560,2240,10,4.0,129,9.0,1.0,10.338866696296224,0.5753109876625665,0.010376868243823223,1,0.47824515707423243,0.1117737019072767,0.8342900880214313,0.8386947033656175,-0.35536915875337727,0.48862202531805565,0.10863654383673033,0.8337798188544457,0.9673271599050596,-0.13637014302556583
acs_ct2_education,15,4,560,560,2240,10,4.0,129,9.0,1.0,14.27615880204721,0.7150409044316164,0.07242314551311946,1,0.5492962812834669,0.1033785007194223,0.824850108432198,1.0255030250129715,-0.027914298834269217,0.6217194267965863,0.09476738801677671,0.8670748820002552,1.207487034991267,-0.0731068380319805
acs_ct2_education,15,4,560,560,2240,10,4.0,129,9.0,1.0,6.987109020996369,0.30441029924826774,0.021637345186294732,1,0.4930636204333481,0.10685792282645769,0.8335246842709529,0.9046240855401633,-0.12902817002544398,0.5147009656196428,0.10549476589102344,0.8387549432325552,0.9974291929889848,-0.12626041433108742
acs_ct2_education,15,4,560,560,2240,10,4.0,129,9.0,1.0,14.782463647192008,0.7187750901274663,0.011648894494677542,1,0.5031048334479775,0.1075848228852698,0.8219160607220308,0.9564630549797047,0.021714514320229385,0.5147537279426551,0.10465188748943695,0.843857634902411,1.0008211952936255,-0.07423930758466217
acs_ct2_education,15,4,560,560,2240,10,4.0,129,9.0,1.0,10.452901543040339,0.6089895903765099,0.04408454847622906,1,0.4712007328544581,0.11085727383033098,0.8146447250924862,0.8520661823864246,-0.13627845826926294,0.5152852813306872,0.10433205007671716,0.8515116724071947,1.0400242677702465,-0.1392779840790716
acs_ct2_education,15,4,560,560,2240,10,4.0,129,9.0,1.0,15.019393293401755,0.7328009046216826,0.0015282050330395758,1,0.47824515707423243,0.1117737019072767,0.8342900880214313,0.8386947033656175,-0.35536915875337727,0.479773362107272,0.11182133063301479,0.8281668580176043,0.8610690007473427,-0.26540752679010243
acs_ct2_education,15,4,560,560,2240,10,4.0,129,9.0,1.0,19.702709570463636,0.7880936081381138,0.07887645133723997,1,0.5492962812834669,0.1033785007194223,0.824850108432198,1.0255030250129715,-0.027914298834269217,0.6281727326207068,0.10060696827192682,0.8679678530424799,1.368366826713826,-0.6495192716246299
acs_ct2_education,15,4,560,560,2240,10,4.0,129,9.0,1.0,20.508650075972046,0.8048359894273442,0.00613643096848987,1,0.4930636204333481,0.10685792282645769,0.8335246842709529,0.9046240855401633,-0.12902817002544398,0.499200051401838,0.11591244781372925,0.8332695496874601,0.9799205604420452,-0.7151630436747128
acs_ct2_education,15,4,560,560,2240,10,4.0,129,9.0,1.0,20.847170082320694,0.7918905385058166,0.020925056637949746,1,0.5031048334479775,0.1075848228852698,0.8219160607220308,0.9564630549797047,0.021714514320229385,0.5240298900859273,0.11059672153058717,0.8484500574052813,1.134467884529233,-0.6540275580903938
acs_ct2_education,15,4,560,560,2240,10,4.0,129,9.0,1.0,21.808844584132846,0.7993983582250288,0.03774260932472279,1,0.4712007328544581,0.11085727383033098,0.8146447250924862,0.8520661823864246,-0.13627845826926294,0.5089433421791809,0.11341703744365468,0.8439852021941574,1.0580377211676195,-0.7131379687394797
acs_ct2_education,15,4,560,560,2240,10,4.0,129,9.0,1.0,18.129804531567657,0.7792757395953203,-0.010319915899724474,0,0.47824515707423243,0.1117737019072767,0.8342900880214313,0.8386947033656175,-0.35536915875337727,0.46792524117450796,0.12309889664431889,0.830335501977293,0.9555425005853835,-0.8400332949869591
acs_ct2_education,15,4,560,560,2240,10,4.0,129,9.0,1.0,20.18154085346156,0.8000718925681625,0.08563000322652448,1,0.5492962812834669,0.1033785007194223,0.824850108432198,1.0255030250129715,-0.027914298834269217,0.6349262845099913,0.09678017644761226,0.8784283709656844,1.5302843279803149,0.3064864387398451
acs_ct2_education,15,4,560,560,2240,10,4.0,129,9.0,1.0,12.890616444967073,0.689655639043534,0.04677944879467205,1,0.4930636204333481,0.10685792282645769,0.8335246842709529,0.9046240855401633,-0.12902817002544398,0.5398430692280202,0.10455979072205773,0.8391376451077943,1.1484287769213994,0.14972284095320132
acs_ct2_education,15,4,560,560,2240,10,4.0,129,9.0,1.0,11.267500234998195,0.6377489372846269,-0.008304631505388571,0,0.5031048334479775,0.1075848228852698,0.8219160607220308,0.9564630549797047,0.021714514320229385,0.49480020194258895,0.10912308923106856,0.8202576859293278,1.0360612776258278,0.24508128325067635
acs_ct2_education,15,4,560,560,2240,10,4.0,129,9.0,1.0,25.5698363697286,0.8434351293828986,0.02812854589108177,1,0.4712007328544581,0.11085727383033098,0.8146447250924862,0.8520661823864246,-0.13627845826926294,0.4993292787455399,0.10702137876033972,0.8411787217757367,1.137911679903394,0.15599178891514245
acs_ct2_education,15,4,560,560,2240,10,4.0,129,9.0,1.0,18.950230321870638,0.7888488380910307,-0.005940164092762157,0,0.47824515707423243,0.1117737019072767,0.8342900880214313,0.8386947033656175,-0.35536915875337727,0.4723049929814703,0.11022358396171746,0.8217884934302845,0.9687972893267677,0.013052551922564819
acs_ct2_education,15,4,560,560,2240,10,4.0,129,9.0,1.0,23.482313683413814,0.8254491212562436,0.08584046712739679,1,0.5492962812834669,0.1033785007194223,0.824850108432198,1.0255030250129715,-0.027914298834269217,0.6351367484108636,0.09511867131753574,0.8577624697027681,1.4148938519209395,-0.21160612002709145
acs_ct2_education,15,4,560,560,2240,10,4.0,129,9.0,1.0,21.683116752375533,0.790660280875547,0.02321811718986805,1,0.4930636204333481,0.10685792282645769,0.8335246842709529,0.9046240855401633,-0.12902817002544398,0.5162817376232162,0.10480768426640362,0.8407960199004976,1.1854762257719107,-0.2589748026032052
acs_ct2_education,15,4,560,560,2240,10,4.0,129,9.0,1.0,33.37430417720316,0.8731750873292643,0.042986519189002204,1,0.5031048334479775,0.1075848228852698,0.8219160607220308,0.9564630549797047,0.021714514320229385,0.5460913526369797,0.10257439396303501,0.8467916826125782,1.2509507646288534,-0.17477026581040875
acs_ct2_education,15,4,560,560,2240,10,4.0,129,9.0,1.0,25.106269954088443,0.8243178960175572,0.07411338916117344,1,0.4712007328544581,0.11085727383033098,0.8146447250924862,0.8520661823864246,-0.13627845826926294,0.5453141220156316,0.10471976030011905,0.8490878938640132,1.2399270740680692,-0.2828746058401073
acs_ct2_education,15,4,560,560,2240,10,4.0,129,9.0,1.0,15.703206915314496,0.6858752570871677,0.015947201191902294,1,0.47824515707423243,0.1117737019072767,0.8342900880214313,0.8386947033656175,-0.35536915875337727,0.4941923582661347,0.10838126742372345,0.8333971169792065,1.13348673776751,-0.3699992699019439
acs_ct2_education,15,3,560,560,1680,10,3.0,129,9.0,1.0,14.133639970180054,0.7225318223860981,0.0718627826390632,1,0.5492962812834669,0.1033785007194223,0.824850108432198,1.0255030250129715,-0.027914298834269217,0.6211590639225301,0.09644852443891676,0.8595484117872179,1.1557230046163098,-0.3228356109988775
acs_ct2_education,15,3,560,560,1680,10,3.0,129,9.0,1.0,10.633940122461055,0.7118714134684037,0.0072875700057769,1,0.4930636204333481,0.10685792282645769,0.8335246842709529,0.9046240855401633,-0.12902817002544398,0.500351190439125,0.10926112533210967,0.8359484628141345,0.9148802269279561,-0.3781643907366306
acs_ct2_education,15,3,560,560,1680,10,3.0,129,9.0,1.0,7.386495045973913,0.5866143898181841,0.02165428388070112,1,0.5031048334479775,0.1075848228852698,0.8219160607220308,0.9564630549797047,0.021714514320229385,0.5247591173286786,0.10450122172014878,0.8466641153208316,1.032557145376511,-0.2792689417709268
acs_ct2_education,15,3,560,560,1680,10,3.0,129,9.0,1.0,15.453680053960944,0.8043393964638395,0.04731687449723093,1,0.4712007328544581,0.11085727383033098,0.8146447250924862,0.8520661823864246,-0.13627845826926294,0.5185176073516891,0.10614911028023921,0.845771144278607,1.0113819886738373,-0.35478459419480385
acs_ct2_education,15,3,560,560,1680,10,3.0,129,9.0,1.0,9.325558516944632,0.5584650318558363,0.0031438324758483738,1,0.47824515707423243,0.1117737019072767,0.8342900880214313,0.8386947033656175,-0.35536915875337727,0.4813889895500808,0.11333216798429853,0.8316111748947571,0.8694252100905482,-0.477307829501305
acs_ct2_education,15,4,560,560,2240,10,4.0,129,9.0,1.0,15.049950453834187,0.7090116426367965,0.07570101091600456,1,0.5492962812834669,0.1033785007194223,0.824850108432198,1.0255030250129715,-0.027914298834269217,0.6249972921994714,0.10547657057778086,0.8582727388697537,1.201025426696178,-0.773319352205885
acs_ct2_education,15,4,560,560,2240,10,4.0,129,9.0,1.0,14.101816872806094,0.6524482815817589,0.009100561936319862,1,0.4930636204333481,0.10685792282645769,0.8335246842709529,0.9046240855401633,-0.12902817002544398,0.502164182369668,0.11954102207300904,0.8349279244801633,0.9486890697981785,-0.8336261508555151
acs_ct2_education,15,4,560,560,2240,10,4.0,129,9.0,1.0,14.93382278649566,0.7213286294733838,0.025847491731737948,1,0.5031048334479775,0.1075848228852698,0.8219160607220308,0.9564630549797047,0.021714514320229385,0.5289523251797155,0.11332225197498697,0.8425819619849471,0.993388835589816,-0.7497740817257654
acs_ct2_education,15,4,560,560,2240,10,4.0,129,9.0,1.0,15.095611178991522,0.7150588498320407,0.029551582319803094,1,0.4712007328544581,0.11085727383033098,0.8146447250924862,0.8520661823864246,-0.13627845826926294,0.5007523151742612,0.12049587419777331,0.8363311646893736,1.0279295806157949,-0.8561810572171559
acs_ct2_education,15,4,560,560,2240,10,4.0,129,9.0,1.0,8.965191913039266,0.5534329534342222,0.014920485980446874,1,0.47824515707423243,0.1117737019072767,0.8342900880214313,0.8386947033656175,-0.35536915875337727,0.4931656430546793,0.12472457936478977,0.835820895522388,0.9112181072448627,-0.9451596960105354
acs_ct2_education,15,3,560,560,1680,10,3.0,129,9.0,1.0,16.73125972731414,0.8131137873925502,0.07508352617683545,1,0.5492962812834669,0.1033785007194223,0.824850108432198,1.0255030250129715,-0.027914298834269217,0.6243798074603023,0.10000073160682484,0.8650338053323128,1.253790300889413,-0.6092323154275456
acs_ct2_education,15,3,560,560,1680,10,3.0,129,9.0,1.0,15.154200830070028,0.8018954424034153,0.01970305701195213,1,0.4930636204333481,0.10685792282645769,0.8335246842709529,0.9046240855401633,-0.12902817002544398,0.5127666774453002,0.11588621129756109,0.8356933282306418,0.9768315697787727,-0.7517819152133467
acs_ct2_education,15,3,560,560,1680,10,3.0,129,9.0,1.0,6.856720374598089,0.5598357567657049,0.016872518966997374,1,0.5031048334479775,0.1075848228852698,0.8219160607220308,0.9564630549797047,0.021714514320229385,0.5199773524149749,0.1121187392112212,0.8429646638601863,1.01068667927086,-0.6823425881311093
acs_ct2_education,15,3,560,560,1680,10,3.0,129,9.0,1.0,14.92101836545288,0.7983344195688642,0.040887168915608674,1,0.4712007328544581,0.11085727383033098,0.8146447250924862,0.8520661823864246,-0.13627845826926294,0.5120879017700668,0.11789873803796479,0.835820895522388,1.0176450908778865,-0.7623922810391006
acs_ct2_education,15,3,560,560,1680,10,3.0,129,9.0,1.0,8.745134405930727,0.6534612234467008,0.011676701629033837,1,0.47824515707423243,0.1117737019072767,0.8342900880214313,0.8386947033656175,-0.35536915875337727,0.48992185870326627,0.1218081041761436,0.8331419823957137,0.9260875622540413,-0.8669373071295651
acs_ct2_education,15,3,560,560,1680,10,3.0,129,9.0,1.0,20.457529621105593,0.8452655360846386,0.09042704082360997,1,0.5492962812834669,0.1033785007194223,0.824850108432198,1.0255030250129715,-0.027914298834269217,0.6397233221070768,0.09421792502050605,0.8692435259599439,1.3723526527313348,-0.3599187309959279
acs_ct2_education,15,3,560,560,1680,10,3.0,129,9.0,1.0,20.016814763661973,0.7933846022625857,0.021495132151734986,1,0.4930636204333481,0.10685792282645769,0.8335246842709529,0.9046240855401633,-0.12902817002544398,0.5145587525850831,0.1073944869573658,0.8374792703150912,1.0431276502148894,-0.4662011863900695
acs_ct2_education,15,3,560,560,1680,10,3.0,129,9.0,1.0,23.324703383541102,0.8146445110835783,0.029547679316531017,1,0.5031048334479775,0.1075848228852698,0.8219160607220308,0.9564630549797047,0.021714514320229385,0.5326525127645085,0.10504138146090324,0.8424543946932006,1.0422525882614042,-0.38921881373334666
acs_ct2_education,15,3,560,560,1680,10,3.0,129,9.0,1.0,16.51446876699005,0.8139585320085638,0.0562445285880972,1,0.4712007328544581,0.11085727383033098,0.8146447250924862,0.8520661823864246,-0.13627845826926294,0.5274452614425553,0.10787891827813038,0.8457711442786069,1.1347544134799568,-0.4633036825122994
acs_ct2_education,15,3,560,560,1680,10,3.0,129,9.0,1.0,8.363588424793173,0.6148548524544053,0.015270755890019916,1,0.47824515707423243,0.1117737019072767,0.8342900880214313,0.8386947033656175,-0.35536915875337727,0.49351591296425235,0.11262718075645178,0.8298252328103074,0.9749126542115841,-0.5785881059094381
acs_ct2_education,15,2,560,560,1120,10,2.0,129,9.0,1.0,7.624694375385484,0.7369585743281304,0.0775292411060019,1,0.5492962812834669,0.1033785007194223,0.824850108432198,1.0255030250129715,-0.027914298834269217,0.6268255223894688,0.12134388830103351,0.8629927286643705,1.1515086545705384,-1.1387225610963088
acs_ct2_education,15,2,560,560,1120,10,2.0,129,9.0,1.0,5.420135094302668,0.5609360962248486,0.01626846688970235,1,0.4930636204333481,0.10685792282645769,0.8335246842709529,0.9046240855401633,-0.12902817002544398,0.5093320873230505,0.1321633436610055,0.8386273759408088,0.9461312352396005,-1.142776361441195
acs_ct2_education,15,2,560,560,1120,10,2.0,129,9.0,1.0,7.741117034302336,0.738703364721861,-0.0011128807936962026,0,0.5031048334479775,0.1075848228852698,0.8219160607220308,0.9564630549797047,0.021714514320229385,0.5019919526542813,0.13115419925426547,0.8354381936471489,0.95362053429508,-1.0980832568604162
acs_ct2_education,15,2,560,560,1120,10,2.0,129,9.0,1.0,5.311305229213113,0.6125282090855113,0.029955869905693266,1,0.4712007328544581,0.11085727383033098,0.8146447250924862,0.8520661823864246,-0.13627845826926294,0.5011566027601514,0.13802248230726988,0.8339073861461921,1.0126095205377184,-1.1865301918168807
acs_ct2_education,15,2,560,560,1120,10,2.0,129,9.0,1.0,5.8667260345163665,0.5267586133633197,0.011891606331290994,1,0.47824515707423243,0.1117737019072767,0.8342900880214313,0.8386947033656175,-0.35536915875337727,0.4901367634055234,0.143217685918287,0.8401581834417655,0.9345166617752368,-1.298146594285989
acs_ct2_education,15,3,560,560,1680,10,3.0,129,9.0,1.0,16.031571989445066,0.8127397607531929,0.0866273975303743,1,0.5492962812834669,0.1033785007194223,0.824850108432198,1.0255030250129715,-0.027914298834269217,0.6359236788138412,0.0951327641921199,0.8809797168006123,1.6708495730512336,-0.30968289333004
acs_ct2_education,15,3,560,560,1680,10,3.0,129,9.0,1.0,11.103115427696185,0.7285353893810069,0.032998510815201276,1,0.4930636204333481,0.10685792282645769,0.8335246842709529,0.9046240855401633,-0.12902817002544398,0.5260621312485494,0.10776584668510583,0.8337798188544457,1.170158218639914,-0.4472013873637586
acs_ct2_education,15,3,560,560,1680,10,3.0,129,9.0,1.0,12.353567711238993,0.6589275540198961,-0.00974010623780075,0,0.5031048334479775,0.1075848228852698,0.8219160607220308,0.9564630549797047,0.021714514320229385,0.49336472721017677,0.11012575407952277,0.8146447250924863,1.1188101496534126,-0.3460996587406929
acs_ct2_education,15,3,560,560,1680,10,3.0,129,9.0,1.0,23.243746550523525,0.8662925957736771,0.025084167871413487,1,0.4712007328544581,0.11085727383033098,0.8146447250924862,0.8520661823864246,-0.13627845826926294,0.4962849007258716,0.10941693567924335,0.8406684526087512,1.1591034265003284,-0.44215478748506953
acs_ct2_education,15,3,560,560,1680,10,3.0,129,9.0,1.0,10.6839304408774,0.7182229903065442,-0.004866190378961521,0,0.47824515707423243,0.1117737019072767,0.8342900880214313,0.8386947033656175,-0.35536915875337727,0.4733789666952709,0.11393676823357746,0.821278224263299,1.0830040624631354,-0.516004725706623
acs_ct2_education,16,4,560,560,2240,10,4.0,178,12.5,1.0,15.560539176468506,0.6354811622955061,0.013253505399609677,1,0.6256025805225425,0.12625449524323545,0.8341237009383513,1.2623917192745093,0.15422126500362085,0.6388560859221522,0.1270301221252775,0.8294823933003733,1.3663641934439799,-0.3422952501064715
acs_ct2_education,16,4,560,560,2240,10,4.0,178,12.5,1.0,11.610793269130419,0.6052203154162576,0.0322059817141126,1,0.6053802651191518,0.1213340238197902,0.8593481989708405,1.2689872841152339,-0.17492400563974733,0.6375862468332644,0.12549755958697703,0.8595499949551004,1.4011452675286329,-0.5351762181966835
acs_ct2_education,16,4,560,560,2240,10,4.0,178,12.5,1.0,14.736268882020578,0.7241798662186342,0.02298617443572426,1,0.5462580316908205,0.13565885113002216,0.7993138936535163,0.7710148938454459,0.007515565587620749,0.5692442061265448,0.1355050672212284,0.8101099788114215,1.005979978313089,-0.3772461601799253
acs_ct2_education,16,4,560,560,2240,10,4.0,178,12.5,1.0,13.674426968396123,0.6740945080961762,0.01688245716193071,1,0.5501527243840425,0.13426400838232364,0.8090001008979921,0.9399314856206092,0.08691948859238913,0.5670351815459732,0.13400361489031926,0.8136414085359701,1.0627158789080753,-0.3775996816012803
acs_ct2_education,16,4,560,560,2240,10,4.0,178,12.5,1.0,14.510718028520053,0.6729577561690075,0.029669864027436543,1,0.508118316495701,0.14212089840768496,0.820906063969327,0.7217895333433348,-0.06112596207579103,0.5377881805231376,0.1356528539281274,0.8312985571587125,1.0494130059821178,-0.42007574659623464
acs_ct2_education,16,4,560,560,2240,10,4.0,178,12.5,1.0,20.99520798899262,0.7410705912406024,0.03238879806558437,1,0.6256025805225425,0.12625449524323545,0.8341237009383513,1.2623917192745093,0.15422126500362085,0.6579913785881268,0.1253962131170722,0.8364443547573404,1.3537602619918718,-0.33100920708064113
acs_ct2_education,16,4,560,560,2240,10,4.0,178,12.5,1.0,19.741056188785354,0.796683386589566,0.023415901555031593,1,0.6053802651191518,0.1213340238197902,0.8593481989708405,1.2689872841152339,-0.17492400563974733,0.6287961666741834,0.1292255340866135,0.8531934214509131,1.257595505929199,-0.5733040682602308
acs_ct2_education,16,4,560,560,2240,10,4.0,178,12.5,1.0,9.940854252949501,0.5897751373374672,0.02266364132304599,1,0.5462580316908205,0.13565885113002216,0.7993138936535163,0.7710148938454459,0.007515565587620749,0.5689216730138665,0.13679874050465202,0.8087983049137323,0.9373610663221983,-0.43252568445161804
acs_ct2_education,16,4,560,560,2240,10,4.0,178,12.5,1.0,14.580547456060835,0.7252685011592565,0.030299904296833713,1,0.5501527243840425,0.13426400838232364,0.8090001008979921,0.9399314856206092,0.08691948859238913,0.5804526286808762,0.13274207025242296,0.8199979820401575,1.068563131517539,-0.4340734513436201
acs_ct2_education,16,4,560,560,2240,10,4.0,178,12.5,1.0,10.725427877370766,0.6267861936729018,0.033006992423042836,1,0.508118316495701,0.14212089840768496,0.820906063969327,0.7217895333433348,-0.06112596207579103,0.5411253089187439,0.13863698746343373,0.825547371607305,0.9444363690359492,-0.4492652985743913
acs_ct2_education,16,2,560,560,1120,10,2.0,178,12.5,1.0,10.741372542049497,0.7611726977207216,0.026272696101464543,1,0.6256025805225425,0.12625449524323545,0.8341237009383513,1.2623917192745093,0.15422126500362085,0.651875276624007,0.12555453284137374,0.8308949651901927,1.321275503835007,-0.24166616220160766
acs_ct2_education,16,2,560,560,1120,10,2.0,178,12.5,1.0,7.671097109842241,0.7364649963485648,0.009427655500284793,1,0.6053802651191518,0.1213340238197902,0.8593481989708405,1.2689872841152339,-0.17492400563974733,0.6148079206194366,0.12883752147507263,0.8528907274745233,1.255832609293644,-0.5240924660792177
acs_ct2_education,16,2,560,560,1120,10,2.0,178,12.5,1.0,5.11456788172394,0.6056382022721769,-0.004405539464767405,0,0.5462580316908205,0.13565885113002216,0.7993138936535163,0.7710148938454459,0.007515565587620749,0.5418524922260531,0.1415494398542997,0.7918474422358995,0.8559550206455616,-0.40028669527110394
acs_ct2_education,16,2,560,560,1120,10,2.0,178,12.5,1.0,6.193437913314007,0.6287948825672377,0.030861857637973666,1,0.5501527243840425,0.13426400838232364,0.8090001008979921,0.9399314856206092,0.08691948859238913,0.5810145820220162,0.13227161891384487,0.8181818181818182,1.0564351190108068,-0.3898440003353694
acs_ct2_education,16,2,560,560,1120,10,2.0,178,12.5,1.0,5.665935325820934,0.6469924642330273,0.00850059803414116,1,0.508118316495701,0.14212089840768496,0.820906063969327,0.7217895333433348,-0.06112596207579103,0.5166189145298422,0.1397131234219632,0.8224195338512763,0.8768667162186398,-0.3702912958169067
acs_ct2_education,16,2,560,560,1120,10,2.0,178,12.5,1.0,5.473306788622757,0.6247005203428022,0.016357024431709388,1,0.6256025805225425,0.12625449524323545,0.8341237009383513,1.2623917192745093,0.15422126500362085,0.6419596049542519,0.12595963376057953,0.8354353748360407,1.3119794865692311,-0.2855363447489174
acs_ct2_education,16,2,560,560,1120,10,2.0,178,12.5,1.0,2.228696706086488,0.10138405482541427,0.04445464543796562,1,0.6053802651191518,0.1213340238197902,0.8593481989708405,1.2689872841152339,-0.17492400563974733,0.6498349105571174,0.12358757616162955,0.8608616688527898,1.327909641930853,-0.5131171969798459
acs_ct2_education,16,2,560,560,1120,10,2.0,178,12.5,1.0,5.797888695279309,0.6550331935224432,0.04096072355529079,1,0.5462580316908205,0.13565885113002216,0.7993138936535163,0.7710148938454459,0.007515565587620749,0.5872187552461113,0.13286005172672175,0.8205024720008073,0.9685192767120393,-0.3790677997096521
acs_ct2_education,16,2,560,560,1120,10,2.0,178,12.5,1.0,4.5107996608568115,0.5420095115182729,0.03541469983652512,1,0.5501527243840425,0.13426400838232364,0.8090001008979921,0.9399314856206092,0.08691948859238913,0.5855674242205676,0.13211915680879807,0.8208051659771971,1.0573388518562092,-0.3772971964717709
acs_ct2_education,16,2,560,560,1120,10,2.0,178,12.5,1.0,3.598807791299308,0.4328024738994768,0.018915427385267414,1,0.508118316495701,0.14212089840768496,0.820906063969327,0.7217895333433348,-0.06112596207579103,0.5270337438809685,0.1382977818190744,0.8271617394813843,0.899623531351244,-0.4182989253357284
acs_ct2_education,16,4,560,560,2240,10,4.0,178,12.5,1.0,17.288410678415843,0.7682993604767338,0.010426736621919064,1,0.6256025805225425,0.12625449524323545,0.8341237009383513,1.2623917192745093,0.15422126500362085,0.6360293171444615,0.12835055120032415,0.8428009282615275,1.3651758285667512,0.3570423234374897
acs_ct2_education,16,4,560,560,2240,10,4.0,178,12.5,1.0,11.215619377291329,0.6326404334835317,0.03043918097650844,1,0.6053802651191518,0.1213340238197902,0.8593481989708405,1.2689872841152339,-0.17492400563974733,0.6358194460956602,0.12164336637051436,0.8607607708606599,1.374818414377346,0.11929802676795102
acs_ct2_education,16,4,560,560,2240,10,4.0,178,12.5,1.0,9.227692998628124,0.4336150664260474,0.061745491721424406,1,0.5462580316908205,0.13565885113002216,0.7993138936535163,0.7710148938454459,0.007515565587620749,0.608003523412245,0.12787763421403434,0.8309958631823228,1.045138114684835,0.2571224124500389
acs_ct2_education,16,4,560,560,2240,10,4.0,178,12.5,1.0,10.87105200940413,0.5375611079775096,-0.01541399022975265,0,0.5501527243840425,0.13426400838232364,0.8090001008979921,0.9399314856206092,0.08691948859238913,0.5347387341542899,0.13768077471867016,0.8052668751891837,0.9729580768166084,0.2783828231812532
acs_ct2_education,16,4,560,560,2240,10,4.0,178,12.5,1.0,16.1663768046294,0.7517716105959642,0.02159095931800792,1,0.508118316495701,0.14212089840768496,0.820906063969327,0.7217895333433348,-0.06112596207579103,0.529709275813709,0.1358151970507356,0.827968923418424,1.0002978411659786,0.18866452351916901
acs_ct2_education,16,1,560,560,560,10,1.0,178,12.5,1.0,1.2575071572069116,0.20517338905599214,-0.007189667043167702,0,0.6256025805225425,0.12625449524323545,0.8341237009383513,1.2623917192745093,0.15422126500362085,0.6184129134793748,0.12587683971432517,0.8333165170013117,1.2625101039078974,0.09466894939620772
acs_ct2_education,16,1,560,560,560,10,1.0,178,12.5,1.0,0.746358719625817,0.0,0.022474210036288578,1,0.6053802651191518,0.1213340238197902,0.8593481989708405,1.2689872841152339,-0.17492400563974733,0.6278544751554404,0.12087686832348102,0.8605589748764,1.3464453180760663,-0.1363765345569463
acs_ct2_education,16,1,560,560,560,10,1.0,178,12.5,1.0,0.6133938581650044,0.016812218628409255,0.04546913597526059,1,0.5462580316908205,0.13565885113002216,0.7993138936535163,0.7710148938454459,0.007515565587620749,0.5917271676660811,0.127938162920071,0.8260518615679547,0.9406332261347135,-0.0030537784572581233
acs_ct2_education,16,1,560,560,560,10,1.0,178,12.5,1.0,0.5264108064464564,0.0,-0.00328573926737441,0,0.5501527243840425,0.13426400838232364,0.8090001008979921,0.9399314856206092,0.08691948859238913,0.5468669851166681,0.1344253196859861,0.8034507113308446,0.946206495051434,0.05185865229339623
acs_ct2_education,16,1,560,560,560,10,1.0,178,12.5,1.0,2.0523465675040984,0.5123432368218099,0.014011824697332531,1,0.508118316495701,0.14212089840768496,0.820906063969327,0.7217895333433348,-0.06112596207579103,0.5221301411930336,0.13584957877377307,0.8288770053475936,0.9077213317137632,-0.033553920476785126
acs_ct2_education,16,3,560,560,1680,10,3.0,178,12.5,1.0,7.03920903227925,0.5687086036288356,0.016108374600459885,1,0.6256025805225425,0.12625449524323545,0.8341237009383513,1.2623917192745093,0.15422126500362085,0.6417109551230024,0.1223610570683472,0.8438099081828272,1.4173960847439109,-0.040458844894620385
acs_ct2_education,16,3,560,560,1680,10,3.0,178,12.5,1.0,5.745627086822749,0.4651537052942645,0.02960767868580949,1,0.6053802651191518,0.1213340238197902,0.8593481989708405,1.2689872841152339,-0.17492400563974733,0.6349879438049613,0.12043158243086559,0.8607607708606598,1.381473837492796,-0.2517589234237274
acs_ct2_education,16,3,560,560,1680,10,3.0,178,12.5,1.0,8.260471373849162,0.5952737339156015,0.042673623098196334,1,0.5462580316908205,0.13565885113002216,0.7993138936535163,0.7710148938454459,0.007515565587620749,0.5889316547890169,0.12825828910924714,0.8287761073554636,1.017049721841766,-0.1411371447765375
acs_ct2_education,16,3,560,560,1680,10,3.0,178,12.5,1.0,9.09420097791056,0.6671729524022283,0.0015871288561901675,1,0.5501527243840425,0.13426400838232364,0.8090001008979921,0.9399314856206092,0.08691948859238913,0.5517398532402327,0.13347855876235057,0.8049641812127939,1.0097553681393376,-0.12497280070262864
acs_ct2_education,16,3,560,560,1680,10,3.0,178,12.5,1.0,10.143519269563303,0.7007578950126372,0.001980443521202413,1,0.508118316495701,0.14212089840768496,0.820906063969327,0.7217895333433348,-0.06112596207579103,0.5100987600169035,0.13676748474689712,0.8242356977096156,0.9397935700461757,-0.11719154110553331
acs_ct2_education,16,3,560,560,1680,10,3.0,178,12.5,1.0,13.08479976419753,0.770604827473812,0.022666338422407506,1,0.6256025805225425,0.12625449524323545,0.8341237009383513,1.2623917192745093,0.15422126500362085,0.64826891894495,0.12342686386721365,0.844011704167087,1.36205054911881,0.14680942091165702
acs_ct2_education,16,3,560,560,1680,10,3.0,178,12.5,1.0,9.637997013330963,0.6854491849480229,0.027510187511691542,1,0.6053802651191518,0.1213340238197902,0.8593481989708405,1.2689872841152339,-0.17492400563974733,0.6328904526308433,0.11984266360958364,0.8615679547976995,1.3247025598295252,-0.10516892558115198
acs_ct2_education,16,3,560,560,1680,10,3.0,178,12.5,1.0,15.218409555114887,0.8028394474413012,0.03749918079503978,1,0.5462580316908205,0.13565885113002216,0.7993138936535163,0.7710148938454459,0.007515565587620749,0.5837572124858603,0.12904767535448106,0.8248410856623953,0.9422746559215931,0.005419761077240408
acs_ct2_education,16,3,560,560,1680,10,3.0,178,12.5,1.0,8.707039330952274,0.5528904208183716,-0.012538664881519557,0,0.5501527243840425,0.13426400838232364,0.8090001008979921,0.9399314856206092,0.08691948859238913,0.537614059502523,0.13557492566665702,0.8066794470790031,1.0050933098842334,0.08378254566745337
acs_ct2_education,16,3,560,560,1680,10,3.0,178,12.5,1.0,15.149707930385622,0.8007530165385335,0.001677087401047328,1,0.508118316495701,0.14212089840768496,0.820906063969327,0.7217895333433348,-0.06112596207579103,0.5097954038967484,0.1369942586669034,0.8259509635758249,0.8862377324706644,-0.023639563887641133
acs_ct2_education,16,1,560,560,560,10,1.0,178,12.5,1.0,1.203470091600551,0.25168058303699437,0.026136556019078272,1,0.6256025805225425,0.12625449524323545,0.8341237009383513,1.2623917192745093,0.15422126500362085,0.6517391365416207,0.12270497492526058,0.8400766824740188,1.2038424560251928,-0.2552520758213341
acs_ct2_education,16,1,560,560,560,10,1.0,178,12.5,1.0,2.036731630201048,0.5090071435722519,0.024004005773362258,1,0.6053802651191518,0.1213340238197902,0.8593481989708405,1.2689872841152339,-0.17492400563974733,0.629384270892514,0.12575840850607026,0.8586419130259308,1.189849050246039,-0.5055103955511985
acs_ct2_education,16,1,560,560,560,10,1.0,178,12.5,1.0,0.9148805876429039,0.08542667421965902,0.02174340898577576,1,0.5462580316908205,0.13565885113002216,0.7993138936535163,0.7710148938454459,0.007515565587620749,0.5680014406765963,0.13759116686939837,0.8132378165674504,0.8084425664335199,-0.38708273204296234
acs_ct2_education,16,1,560,560,560,10,1.0,178,12.5,1.0,0.5737633554063161,0.0,0.0031358488266312046,1,0.5501527243840425,0.13426400838232364,0.8090001008979921,0.9399314856206092,0.08691948859238913,0.5532885732106737,0.13615177431810624,0.8079911209766926,0.9553565862876753,-0.33115792896209617
acs_ct2_education,16,1,560,560,560,10,1.0,178,12.5,1.0,2.883211089514149,0.6529996471917945,0.006676790967273805,1,0.508118316495701,0.14212089840768496,0.820906063969327,0.7217895333433348,-0.06112596207579103,0.5147951074629749,0.13985929874113848,0.8285743113712037,0.789134053999011,-0.39716378766303345
acs_ct2_education,16,1,560,560,560,10,1.0,178,12.5,1.0,8.438724724888093,0.7438257084486781,0.02365334182893286,1,0.6256025805225425,0.12625449524323545,0.8341237009383513,1.2623917192745093,0.15422126500362085,0.6492559223514753,0.14314013241596496,0.8403793764504086,1.5260603171373912,-0.8105849844172967
acs_ct2_education,16,1,560,560,560,10,1.0,178,12.5,1.0,4.093177833999917,0.7313993488520705,-0.044586098755780124,0,0.6053802651191518,0.1213340238197902,0.8593481989708405,1.2689872841152339,-0.17492400563974733,0.5607941663633716,0.16406720259188484,0.8283725153869438,1.0299885903770492,-1.11275404676077
acs_ct2_education,16,1,560,560,560,10,1.0,178,12.5,1.0,2.826048612638135,0.6460096625545658,-0.0258637103372229,0,0.5462580316908205,0.13565885113002216,0.7993138936535163,0.7710148938454459,0.007515565587620749,0.5203943213535976,0.16420882473727308,0.7809504590858642,0.7880371828511608,-0.8882945129642532
acs_ct2_education,16,1,560,560,560,10,1.0,178,12.5,1.0,3.7831463918617474,0.637558788920814,0.0516689924915511,1,0.5501527243840425,0.13426400838232364,0.8090001008979921,0.9399314856206092,0.08691948859238913,0.6018217168755936,0.14752694868586952,0.8262536575522148,1.0822980032570386,-0.9041402449220592
acs_ct2_education,16,1,560,560,560,10,1.0,178,12.5,1.0,1.950550341161514,0.3307114290681438,-0.02025354597926321,0,0.508118316495701,0.14212089840768496,0.820906063969327,0.7217895333433348,-0.06112596207579103,0.48786477051643784,0.16149828552544576,0.8027444253859348,0.7689494820629347,-0.8876042588963955
acs_ct2_education,16,1,560,560,560,10,1.0,178,12.5,1.0,2.0495276231512474,0.4802992342798148,0.004115380309260175,1,0.6256025805225425,0.12625449524323545,0.8341237009383513,1.2623917192745093,0.15422126500362085,0.6297179608318026,0.13465635479042815,0.8422964383008777,1.3861369542962974,0.6242895346967049
acs_ct2_education,16,1,560,560,560,10,1.0,178,12.5,1.0,1.4505339287228463,0.2801311048504839,0.028046035144940196,1,0.6053802651191518,0.1213340238197902,0.8593481989708405,1.2689872841152339,-0.17492400563974733,0.633426300264092,0.12590663806998312,0.8632832206639088,1.3757215004593941,0.4094644587879858
acs_ct2_education,16,1,560,560,560,10,1.0,178,12.5,1.0,1.386425310632744,0.2602804677082539,0.037342616820558394,1,0.5462580316908205,0.13565885113002216,0.7993138936535163,0.7710148938454459,0.007515565587620749,0.5836006485113789,0.13308496069461292,0.8196952880637676,0.9635104857736788,0.41105868488705366
acs_ct2_education,16,1,560,560,560,10,1.0,178,12.5,1.0,2.299645880286592,0.5554844070089431,-0.03823769700275448,0,0.5501527243840425,0.13426400838232364,0.8090001008979921,0.9399314856206092,0.08691948859238913,0.511915027381288,0.1478606670117598,0.7788316012511352,0.8343234121832043,0.6138173396891351
acs_ct2_education,16,1,560,560,560,10,1.0,178,12.5,1.0,4.799462121513381,0.7646232694477337,-0.01689729906940224,0,0.508118316495701,0.14212089840768496,0.820906063969327,0.7217895333433348,-0.06112596207579103,0.4912210174262988,0.14650281955315564,0.818888104126728,0.8052163983457693,0.4223286595291021
acs_ct2_education,16,1,560,560,560,10,1.0,178,12.5,1.0,1.8313353730232431,0.44410752753578386,-0.008241195660194767,0,0.6256025805225425,0.12625449524323545,0.8341237009383513,1.2623917192745093,0.15422126500362085,0.6173613848623477,0.13608304770185284,0.8332156190091817,1.4753262643714036,0.5281704704111727
acs_ct2_education,16,1,560,560,560,10,1.0,178,12.5,1.0,2.5995122735094087,0.5569401584881924,-0.01375647161231719,0,0.6053802651191518,0.1213340238197902,0.8593481989708405,1.2689872841152339,-0.17492400563974733,0.5916237935068346,0.1299630285494866,0.8527898294823933,1.4152723597660433,0.28279706923616704
acs_ct2_education,16,1,560,560,560,10,1.0,178,12.5,1.0,0.6519146182061502,0.0,-0.024737222978517215,0,0.5462580316908205,0.13565885113002216,0.7993138936535163,0.7710148938454459,0.007515565587620749,0.5215208087123033,0.1411542456139908,0.7918474422358995,0.8890848089566398,0.3154990570001619
acs_ct2_education,16,1,560,560,560,10,1.0,178,12.5,1.0,3.119600891050541,0.6559557727586944,0.013708558000895765,1,0.5501527243840425,0.13426400838232364,0.8090001008979921,0.9399314856206092,0.08691948859238913,0.5638612823849383,0.13946264639702294,0.8076884270003029,1.0920524968334673,0.4581597840025633
acs_ct2_education,16,1,560,560,560,10,1.0,178,12.5,1.0,0.5524683576488578,0.0,-0.007334544467777704,0,0.508118316495701,0.14212089840768496,0.820906063969327,0.7217895333433348,-0.06112596207579103,0.5007837720279233,0.1460457749257023,0.8192916960952477,0.9348781014848281,0.41535256504053003
acs_ct2_education,17,4,560,560,2240,10,4.0,158,11.1,1.0,23.51235648086663,0.8298626320038722,0.026311286217288732,1,0.412299613165005,0.14317908949508584,0.7594532025135046,0.6661860078168251,-0.16018918599601145,0.43861089938229375,0.13620374012680025,0.7830448682614927,0.8568546200277533,0.09379299750897127
acs_ct2_education,17,4,560,560,2240,10,4.0,158,11.1,1.0,14.538623010454527,0.7009197207859623,-0.013249366124403528,0,0.5347580752169719,0.12378972581760067,0.7989196339984567,0.9524699972592725,0.057155040063373526,0.5215087090925684,0.1242732925100102,0.822290816888987,1.145309762984469,0.22288103131477874
acs_ct2_education,17,4,560,560,2240,10,4.0,158,11.1,1.0,20.3003272150453,0.8005442522455946,0.061716868079599474,1,0.4523357451634636,0.13479008416389834,0.7882262154117518,0.8805130027284597,-0.027276530542952877,0.5140526132430631,0.1282914194646464,0.8065262925807518,1.066580212453853,0.2122168296551816
acs_ct2_education,17,4,560,560,2240,10,4.0,158,11.1,1.0,21.218154933286,0.7763776794432851,-0.007994833648217459,0,0.42458440683750154,0.14273222222673562,0.7550435453643478,0.6535632072787955,-0.24604444645472326,0.4165895731892841,0.14015556006908592,0.7543820967919743,0.7376744666624718,0.01215740279379038
acs_ct2_education,17,4,560,560,2240,10,4.0,158,11.1,1.0,21.64878043821826,0.8018910680333127,-0.014542747054307914,0,0.48988498422256943,0.12646534826230066,0.8110461911586374,1.0761282047480305,-0.0675611606627786,0.4753422371682615,0.12878767314126877,0.8131407783044869,1.0537887387622062,0.11831174253054833
acs_ct2_education,17,4,560,560,2240,10,4.0,158,11.1,1.0,22.23840791355552,0.8136779059378372,0.028880465718287285,1,0.412299613165005,0.14317908949508584,0.7594532025135046,0.6661860078168251,-0.16018918599601145,0.4411800788832923,0.1420630926454796,0.7795171425421673,0.8136230220752786,-0.541433914369884
acs_ct2_education,17,4,560,560,2240,10,4.0,158,11.1,1.0,15.932164410952527,0.7314175216792973,-0.0026227668946052773,0,0.5347580752169719,0.12378972581760067,0.7989196339984567,0.9524699972592725,0.057155040063373526,0.5321353083223667,0.12606308186599213,0.8126998125895711,1.012549617393623,-0.3519756649761338
acs_ct2_education,17,4,560,560,2240,10,4.0,158,11.1,1.0,19.340767789068416,0.7739169790301015,0.12766793335779342,1,0.4523357451634636,0.13479008416389834,0.7882262154117518,0.8805130027284597,-0.027276530542952877,0.580003678521257,0.12330993444630321,0.8287950611839929,1.2888346012982785,-0.41121008131152426
acs_ct2_education,17,4,560,560,2240,10,4.0,158,11.1,1.0,17.30884922310444,0.7668895346436733,0.002322580985716083,1,0.42458440683750154,0.14273222222673562,0.7550435453643478,0.6535632072787955,-0.24604444645472326,0.4269069878232176,0.15075021323799576,0.761437548230625,0.6325452949072035,-0.6458268109251959
acs_ct2_education,17,4,560,560,2240,10,4.0,158,11.1,1.0,18.49509339482828,0.7831014169758103,-0.02256022487149245,0,0.48988498422256943,0.12646534826230066,0.8110461911586374,1.0761282047480305,-0.0675611606627786,0.467324759351077,0.13570152496330146,0.8150148825928785,0.9503580013001963,-0.5509135566362824
acs_ct2_education,17,3,560,560,1680,10,3.0,158,11.1,1.0,8.09502984680499,0.5889147101711225,0.040423054726293484,1,0.412299613165005,0.14317908949508584,0.7594532025135046,0.6661860078168251,-0.16018918599601145,0.4527226678912985,0.13579566881470495,0.78635211112336,0.7579666826785221,0.13370870301555618
acs_ct2_education,17,3,560,560,1680,10,3.0,158,11.1,1.0,4.678927972575214,0.33602531260177443,-0.006635175793709647,0,0.5347580752169719,0.12378972581760067,0.7989196339984567,0.9524699972592725,0.057155040063373526,0.5281228994232623,0.12383854080969257,0.823393231176276,0.9965714158886085,0.3119044350583742
acs_ct2_education,17,3,560,560,1680,10,3.0,158,11.1,1.0,11.685315121477569,0.731875380070494,0.08732135658727652,1,0.4523357451634636,0.13479008416389834,0.7882262154117518,0.8805130027284597,-0.027276530542952877,0.5396571017507401,0.12453375625399682,0.8197552640282219,1.0768476290636544,0.2372767126470066
acs_ct2_education,17,3,560,560,1680,10,3.0,158,11.1,1.0,7.185117052510188,0.5783608119307295,-0.014879795304030996,0,0.42458440683750154,0.14273222222673562,0.7550435453643478,0.6535632072787955,-0.24604444645472326,0.40970461153347054,0.14416224138795183,0.7528387167897697,0.5972830372745255,0.02003316417593196
acs_ct2_education,17,3,560,560,1680,10,3.0,158,11.1,1.0,9.031988230235257,0.6545146587613381,-0.02332597642325618,0,0.48988498422256943,0.12646534826230066,0.8110461911586374,1.0761282047480305,-0.0675611606627786,0.46655900779931325,0.12914515885708996,0.8152353654503363,0.8871368623385439,0.0805056174674315
acs_ct2_education,17,3,560,560,1680,10,3.0,158,11.1,1.0,13.24191223395031,0.7074642729137689,0.052057787066944805,1,0.412299613165005,0.14317908949508584,0.7594532025135046,0.6661860078168251,-0.16018918599601145,0.4643574002319498,0.13424167087382302,0.7883364568404806,0.7932268207186307,-0.035721752170182135
acs_ct2_education,17,3,560,560,1680,10,3.0,158,11.1,1.0,12.85037530776303,0.7266691512348764,-0.009891107608943406,0,0.5347580752169719,0.12378972581760067,0.7989196339984567,0.9524699972592725,0.057155040063373526,0.5248669676080285,0.12318097062998336,0.8208576783155109,0.9460770057142388,0.13816770597469555
acs_ct2_education,17,3,560,560,1680,10,3.0,158,11.1,1.0,18.946443459911915,0.841423005356942,0.0969477392480746,1,0.4523357451634636,0.13479008416389834,0.7882262154117518,0.8805130027284597,-0.027276530542952877,0.5492834844115382,0.1215601373839109,0.824716128321023,1.1076775490904716,0.08026058801049128
acs_ct2_education,17,3,560,560,1680,10,3.0,158,11.1,1.0,12.044959665024365,0.7410955200682252,0.0012295713704747468,1,0.42458440683750154,0.14273222222673562,0.7550435453643478,0.6535632072787955,-0.24604444645472326,0.4258139782079763,0.14268865500018357,0.7597839267996913,0.6097961846262446,-0.17775793555353686
acs_ct2_education,17,3,560,560,1680,10,3.0,158,11.1,1.0,15.240366869651734,0.7805801238941071,-0.020948327056018567,0,0.48988498422256943,0.12646534826230066,0.8110461911586374,1.0761282047480305,-0.0675611606627786,0.46893665716655086,0.12919450222151985,0.8174401940249145,0.9119102299376556,-0.09437571995683787
acs_ct2_education,17,2,560,560,1120,10,2.0,158,11.1,1.0,9.516761812414376,0.7804053712188352,0.00833194965488665,1,0.412299613165005,0.14317908949508584,0.7594532025135046,0.6661860078168251,-0.16018918599601145,0.42063156281989167,0.15049599426359503,0.7711387939587696,0.7774041689012616,-0.7002457332653681
acs_ct2_education,17,2,560,560,1120,10,2.0,158,11.1,1.0,9.671994784102054,0.7458159098905794,-0.0150246380257274,0,0.5347580752169719,0.12378972581760067,0.7989196339984567,0.9524699972592725,0.057155040063373526,0.5197334371912445,0.13213170024376594,0.7993605997133723,0.9470632429028637,-0.5481427196227725
acs_ct2_education,17,2,560,560,1120,10,2.0,158,11.1,1.0,8.49485114877105,0.7402390093132112,0.0863686456475567,1,0.4523357451634636,0.13479008416389834,0.7882262154117518,0.8805130027284597,-0.027276530542952877,0.5387043908110203,0.1309965177392646,0.8186528497409327,1.1561770920053962,-0.5971687324683239
acs_ct2_education,17,2,560,560,1120,10,2.0,158,11.1,1.0,9.79278686318413,0.788945133987242,-0.005491281129968384,0,0.42458440683750154,0.14273222222673562,0.7550435453643478,0.6535632072787955,-0.24604444645472326,0.41909312570753315,0.15864962693842605,0.7558152353654504,0.6467374390734075,-0.8342321508153102
acs_ct2_education,17,2,560,560,1120,10,2.0,158,11.1,1.0,6.261627999599243,0.6344443277068248,-0.016712429159455366,0,0.48988498422256943,0.12646534826230066,0.8110461911586374,1.0761282047480305,-0.0675611606627786,0.47317255506311406,0.13998387304232657,0.815455848307794,0.9905610567914881,-0.7368543115911209
acs_ct2_education,17,1,560,560,560,10,1.0,158,11.1,1.0,0.5002600180481078,0.0,-0.007213770768239425,0,0.412299613165005,0.14317908949508584,0.7594532025135046,0.6661860078168251,-0.16018918599601145,0.4050858423967656,0.142938656042331,0.7649652739499503,0.6825691174175122,-0.21785959309627934
acs_ct2_education,17,1,560,560,560,10,1.0,158,11.1,1.0,1.322620032672963,0.27003790565084673,-0.01266398004201319,0,0.5347580752169719,0.12378972581760067,0.7989196339984567,0.9524699972592725,0.057155040063373526,0.5220940951749587,0.12311996833165088,0.8160070554514386,1.0192499684477367,-0.039915545647576635
acs_ct2_education,17,1,560,560,560,10,1.0,158,11.1,1.0,2.806271182696439,0.5475049925056612,0.08494522470048832,1,0.4523357451634636,0.13479008416389834,0.7882262154117518,0.8805130027284597,-0.027276530542952877,0.5372809698639519,0.12421957226737478,0.8193142983133062,1.0602620269527274,-0.06644185303962387
acs_ct2_education,17,1,560,560,560,10,1.0,158,11.1,1.0,0.8162658119482087,0.12103889197976274,-0.010715854989053697,0,0.42458440683750154,0.14273222222673562,0.7550435453643478,0.6535632072787955,-0.24604444645472326,0.41386855184844784,0.14526180570105346,0.7541616139345166,0.6143975114187634,-0.31604423997911063
acs_ct2_education,17,1,560,560,560,10,1.0,158,11.1,1.0,2.691165812001209,0.598527549030664,-0.033232325106485106,0,0.48988498422256943,0.12646534826230066,0.8110461911586374,1.0761282047480305,-0.0675611606627786,0.4566526591160843,0.13289636424393056,0.8158968140227097,0.8433714285360814,-0.21772944701575164
acs_ct2_education,17,1,560,560,560,10,1.0,158,11.1,1.0,2.146135854538795,0.4942347886659615,0.012813413531769346,1,0.412299613165005,0.14317908949508584,0.7594532025135046,0.6661860078168251,-0.16018918599601145,0.42511302669677437,0.1397963756844572,0.7730128982471614,0.7409189515303385,-0.26140670277450995
acs_ct2_education,17,1,560,560,560,10,1.0,158,11.1,1.0,0.9494324840349808,0.043279720810126765,-0.009670439685225296,0,0.5347580752169719,0.12378972581760067,0.7989196339984567,0.9524699972592725,0.057155040063373526,0.5250876355317466,0.12353702782861904,0.8081799140116857,1.056172077091112,-0.06759833446590317
acs_ct2_education,17,1,560,560,560,10,1.0,158,11.1,1.0,0.24159292474098187,0.0,0.0502268682171238,1,0.4523357451634636,0.13479008416389834,0.7882262154117518,0.8805130027284597,-0.027276530542952877,0.5025626133805874,0.13010913011946934,0.8052033954360049,0.9648039761005088,-0.20044637187391612
acs_ct2_education,17,1,560,560,560,10,1.0,158,11.1,1.0,0.5495620325848846,0.0,-0.0005941010758427345,0,0.42458440683750154,0.14273222222673562,0.7550435453643478,0.6535632072787955,-0.24604444645472326,0.4239903057616588,0.14350017699881193,0.7583507882262156,0.690296308730698,-0.34068667377387135
acs_ct2_education,17,1,560,560,560,10,1.0,158,11.1,1.0,1.0988991316247305,0.08297082893998953,0.005648609401941285,1,0.48988498422256943,0.12646534826230066,0.8110461911586374,1.0761282047480305,-0.0675611606627786,0.4955335936245107,0.12601393778780384,0.8226215411751737,1.1045184899320366,-0.19864110297632587
acs_ct2_education,17,4,560,560,2240,10,4.0,158,11.1,1.0,18.54505124481747,0.7824490548860786,0.05535639668165376,1,0.412299613165005,0.14317908949508584,0.7594532025135046,0.6661860078168251,-0.16018918599601145,0.4676560098466588,0.13342827968750487,0.7838165582625951,0.8399259992383238,0.0031281511086599305
acs_ct2_education,17,4,560,560,2240,10,4.0,158,11.1,1.0,12.139995637915323,0.666176795052736,-0.026508298714488676,0,0.5347580752169719,0.12378972581760067,0.7989196339984567,0.9524699972592725,0.057155040063373526,0.5082497765024833,0.12544192758429332,0.8079594311542277,0.9983728997705904,0.1700270520537024
acs_ct2_education,17,4,560,560,2240,10,4.0,158,11.1,1.0,17.121422822918277,0.6375603030384208,0.08417773846856796,1,0.4523357451634636,0.13479008416389834,0.7882262154117518,0.8805130027284597,-0.027276530542952877,0.5365134836320316,0.12430777465652727,0.8150148825928785,1.0850211025386942,0.14009161194975023
acs_ct2_education,17,4,560,560,2240,10,4.0,158,11.1,1.0,12.005868184799532,0.6567167750710404,0.004329746183469152,1,0.42458440683750154,0.14273222222673562,0.7550435453643478,0.6535632072787955,-0.24604444645472326,0.4289141530209707,0.13928509605822156,0.7611068239444384,0.7639348642384994,-0.12216264726796908
acs_ct2_education,17,4,560,560,2240,10,4.0,158,11.1,1.0,12.438328042549852,0.6779735237535729,0.01875942894585625,1,0.48988498422256943,0.12646534826230066,0.8110461911586374,1.0761282047480305,-0.0675611606627786,0.5086444131684257,0.1251677054605376,0.8228420240326315,1.122965055106066,0.0005162676125909559
acs_ct2_education,17,3,560,560,1680,10,3.0,158,11.1,1.0,12.858386268253156,0.6723498258876255,0.03563013437585455,1,0.412299613165005,0.14317908949508584,0.7594532025135046,0.6661860078168251,-0.16018918599601145,0.44792974754085957,0.13712360345646665,0.7781942453974203,0.8227303605431492,0.3172509737996025
acs_ct2_education,17,3,560,560,1680,10,3.0,158,11.1,1.0,11.470394926263292,0.7375427755626827,-0.01961943128465593,0,0.5347580752169719,0.12378972581760067,0.7989196339984567,0.9524699972592725,0.057155040063373526,0.515138643932316,0.12729525311406614,0.8139124683055892,0.9994005010673459,0.453335291875128
acs_ct2_education,17,3,560,560,1680,10,3.0,158,11.1,1.0,11.940070121650262,0.6113816006918096,0.07923332909148012,1,0.4523357451634636,0.13479008416389834,0.7882262154117518,0.8805130027284597,-0.027276530542952877,0.5315690742549437,0.12808377368503818,0.8158968140227097,1.054004992114884,0.4090504405361944
acs_ct2_education,17,3,560,560,1680,10,3.0,158,11.1,1.0,8.034423983870656,0.6183733528800028,-0.01245683647896989,0,0.42458440683750154,0.14273222222673562,0.7550435453643478,0.6535632072787955,-0.24604444645472326,0.41212757035853165,0.14236920968538463,0.7473266453533238,0.6726950618561074,0.14216086029243946
acs_ct2_education,17,3,560,560,1680,10,3.0,158,11.1,1.0,6.384064800316915,0.5190211587924571,-0.01447719480122256,0,0.48988498422256943,0.12646534826230066,0.8110461911586374,1.0761282047480305,-0.0675611606627786,0.47540778942134687,0.12963197839381238,0.8138022268768603,1.035474459730529,0.2227011577154402
acs_ct2_education,17,1,560,560,560,10,1.0,158,11.1,1.0,0.9258499183911966,0.12222955868112143,0.008718973150653342,1,0.412299613165005,0.14317908949508584,0.7594532025135046,0.6661860078168251,-0.16018918599601145,0.42101858631565836,0.14526848398132788,0.7700363796714805,0.6673875298555387,-0.3740235189797064
acs_ct2_education,17,1,560,560,560,10,1.0,158,11.1,1.0,0.8365274180536074,0.0,-0.011149106757615601,0,0.5347580752169719,0.12378972581760067,0.7989196339984567,0.9524699972592725,0.057155040063373526,0.5236089684593563,0.12305214304767863,0.8179914011685592,0.9435914328324485,-0.15155619069695997
acs_ct2_education,17,1,560,560,560,10,1.0,158,11.1,1.0,0.5276711177878437,0.0,0.045826790340536216,1,0.4523357451634636,0.13479008416389834,0.7882262154117518,0.8805130027284597,-0.027276530542952877,0.4981625355039998,0.13481556179464782,0.8046521882923603,0.8465778133035043,-0.32226237321150114
acs_ct2_education,17,1,560,560,560,10,1.0,158,11.1,1.0,0.24894911397613786,0.0,-0.009716453509174217,0,0.42458440683750154,0.14273222222673562,0.7550435453643478,0.6535632072787955,-0.24604444645472326,0.4148679533283273,0.1484637867343471,0.752397751074854,0.6070952431033567,-0.46410901824723727
acs_ct2_education,17,1,560,560,560,10,1.0,158,11.1,1.0,0.8407096685628133,0.0689245130236335,-0.0191681108957249,0,0.48988498422256943,0.12646534826230066,0.8110461911586374,1.0761282047480305,-0.0675611606627786,0.47071687332684453,0.13205509808331048,0.8147943997354206,0.8798444580585773,-0.34696445345721644
acs_ct2_education,17,2,560,560,1120,10,2.0,158,11.1,1.0,4.386516441643704,0.3695297825940473,0.0006812770127096468,1,0.412299613165005,0.14317908949508584,0.7594532025135046,0.6661860078168251,-0.16018918599601145,0.41298089017771467,0.15452329558675745,0.7661779296659684,0.6732052606182105,-0.7414302649996557
acs_ct2_education,17,2,560,560,1120,10,2.0,158,11.1,1.0,3.6831122760472446,0.43440255581533965,-0.01081596458498657,0,0.5347580752169719,0.12378972581760067,0.7989196339984567,0.9524699972592725,0.057155040063373526,0.5239421106319854,0.12819254952482567,0.8138022268768602,0.9564428720992902,-0.5189009001056063
acs_ct2_education,17,2,560,560,1120,10,2.0,158,11.1,1.0,5.780520295518799,0.6539206454667317,0.08602610792167936,1,0.4523357451634636,0.13479008416389834,0.7882262154117518,0.8805130027284597,-0.027276530542952877,0.538361853085143,0.1325622133668891,0.8201962297431374,1.0169334298664072,-0.6322825546720117
acs_ct2_education,17,2,560,560,1120,10,2.0,158,11.1,1.0,2.857884162319648,0.25927627113927226,-0.006716913568191485,0,0.42458440683750154,0.14273222222673562,0.7550435453643478,0.6535632072787955,-0.24604444645472326,0.41786749326931005,0.15762133291929104,0.7574688567963841,0.6292567970988132,-0.8105006040330569
acs_ct2_education,17,2,560,560,1120,10,2.0,158,11.1,1.0,2.704789873311485,0.22070100498293707,-0.02448780982234905,0,0.48988498422256943,0.12646534826230066,0.8110461911586374,1.0761282047480305,-0.0675611606627786,0.4653971744002204,0.1405849824000322,0.8103847425862639,0.8891067868012646,-0.7051853870297774
acs_ct2_education,17,1,560,560,560,10,1.0,158,11.1,1.0,8.30322750001756,0.8794975169048762,0.03809018278068599,1,0.412299613165005,0.14317908949508584,0.7594532025135046,0.6661860078168251,-0.16018918599601145,0.450389795945691,0.13590217216505718,0.7710285525300408,0.9052957368039531,0.25470923577387383
acs_ct2_education,17,1,560,560,560,10,1.0,158,11.1,1.0,5.555473885872846,0.8102954881664091,-0.028787169514274513,0,0.5347580752169719,0.12378972581760067,0.7989196339984567,0.9524699972592725,0.057155040063373526,0.5059709057026974,0.13070250793758104,0.7926358725609083,1.0921515272779745,0.39425089511778594
acs_ct2_education,17,1,560,560,560,10,1.0,158,11.1,1.0,3.47098033411157,0.7099489442316562,0.07150907828096903,1,0.4523357451634636,0.13479008416389834,0.7882262154117518,0.8805130027284597,-0.027276530542952877,0.5238448234444326,0.13171189152063276,0.8071877411531253,1.2716068243869834,0.4614843572601285
acs_ct2_education,17,1,560,560,560,10,1.0,158,11.1,1.0,7.338086487264779,0.8627788713157616,0.007086448453423877,1,0.42458440683750154,0.14273222222673562,0.7550435453643478,0.6535632072787955,-0.24604444645472326,0.4316708552909254,0.13812502643438318,0.7596736853709625,0.846174869577047,0.16383954542700746
acs_ct2_education,17,1,560,560,560,10,1.0,158,11.1,1.0,4.340749546407759,0.7427148348313067,0.032381668411112896,1,0.48988498422256943,0.12646534826230066,0.8110461911586374,1.0761282047480305,-0.0675611606627786,0.5222666526336823,0.1281432669060853,0.8162275383088965,1.366823287741423,0.26498226494612603
acs_ct2_education,18,2,560,560,1120,10,2.0,191,13.4,1.0,15.268710902478048,0.8684088262692293,0.02916248132245569,1,0.5350035255703629,0.14842650021524362,0.7809414245997507,0.7417608835566485,0.12915837007178138,0.5641660068928186,0.14655682441240364,0.8009778544722461,0.8569480272365225,0.48359115054268864
acs_ct2_education,18,2,560,560,1120,10,2.0,191,13.4,1.0,6.303145598278194,0.6660947126997159,0.013058989025749645,1,0.6166973588196949,0.12840723975256008,0.8619499568593615,1.2956778077216324,0.011293055256255657,0.6297563478454445,0.13229528370057195,0.8583069696098169,1.2897243726606546,0.38179302825722916
acs_ct2_education,18,2,560,560,1120,10,2.0,191,13.4,1.0,7.033923486061872,0.5810496627652497,0.01149180904374919,1,0.4207988993673513,0.1649215791943087,0.7595628415300546,0.6214167752020685,-0.0626756552666462,0.4322907084111005,0.16245575585692046,0.7621512798389416,0.7162811359435259,0.360676114923474
acs_ct2_education,18,2,560,560,1120,10,2.0,191,13.4,1.0,6.921792157923398,0.6922523539988095,-0.0038892721659040674,0,0.4956786339950977,0.1553032144692,0.7682868373118589,0.7615309357789194,0.178756663686905,0.49178936182919364,0.1581868460493227,0.7764356245805771,0.8016718812366356,0.45132351846187224
acs_ct2_education,18,2,560,560,1120,10,2.0,191,13.4,1.0,8.995549090031018,0.7672202660231942,0.004958711886259182,1,0.6264436789153403,0.13289045778073746,0.8315597737513181,1.0543026031174272,0.12754631061048105,0.6314023908015994,0.13623324304027226,0.8373118588821781,1.1710212095191816,0.43933409999758755
acs_ct2_education,18,1,560,560,560,10,1.0,191,13.4,1.0,0.45267913963749185,0.0,0.017806036480437548,1,0.5350035255703629,0.14842650021524362,0.7809414245997507,0.7417608835566485,0.12915837007178138,0.5528095620508005,0.14937152589621688,0.7875563225002395,0.8548511866543221,0.4667650924712745
acs_ct2_education,18,1,560,560,560,10,1.0,191,13.4,1.0,1.5931137788625354,0.29011021959714567,0.020704112995339252,1,0.6166973588196949,0.12840723975256008,0.8619499568593615,1.2956778077216324,0.011293055256255657,0.6374014718150341,0.13249803406200208,0.8611830121752468,1.421335283230557,0.351368397590972
acs_ct2_education,18,1,560,560,560,10,1.0,191,13.4,1.0,1.3578749807940995,0.26256311988644043,-0.00011761123872544577,0,0.4207988993673513,0.1649215791943087,0.7595628415300546,0.6214167752020685,-0.0626756552666462,0.4206812881286259,0.16436785777504237,0.7489214840379637,0.6959012055753169,0.43149681709577936
acs_ct2_education,18,1,560,560,560,10,1.0,191,13.4,1.0,0.4938714842100145,0.0,0.0029187247032586017,1,0.4956786339950977,0.1553032144692,0.7682868373118589,0.7615309357789194,0.178756663686905,0.4985973586983563,0.1588572524360341,0.7612884670693125,0.8217626060488779,0.506972581213401
acs_ct2_education,18,1,560,560,560,10,1.0,191,13.4,1.0,0.8031188984429471,0.0,-0.006126125668711402,0,0.6264436789153403,0.13289045778073746,0.8315597737513181,1.0543026031174272,0.12754631061048105,0.6203175532466288,0.13858486174322804,0.8291630716134598,1.1953091688777469,0.46911648821746965
acs_ct2_education,18,3,560,560,1680,10,3.0,191,13.4,1.0,7.369087128801988,0.5928485158103731,0.029611508289209887,1,0.5350035255703629,0.14842650021524362,0.7809414245997507,0.7417608835566485,0.12915837007178138,0.5646150338595728,0.14923889428259268,0.8020324034129038,0.8087116481784519,0.6606168189004725
acs_ct2_education,18,3,560,560,1680,10,3.0,191,13.4,1.0,11.99606878850364,0.7493421905665217,0.021330281316131794,1,0.6166973588196949,0.12840723975256008,0.8619499568593615,1.2956778077216324,0.011293055256255657,0.6380276401358267,0.13244078142648086,0.8673185696481641,1.1818895473040822,0.5676623221944868
acs_ct2_education,18,3,560,560,1680,10,3.0,191,13.4,1.0,9.627952609001225,0.5854358149261732,0.0020312211371695255,1,0.4207988993673513,0.1649215791943087,0.7595628415300546,0.6214167752020685,-0.0626756552666462,0.42283012050452085,0.16882904528844003,0.759946313872112,0.6123304014242736,0.5291496757911865
acs_ct2_education,18,3,560,560,1680,10,3.0,191,13.4,1.0,11.940268464196723,0.7006444034575063,-0.017413338114895482,0,0.4956786339950977,0.1553032144692,0.7682868373118589,0.7615309357789194,0.178756663686905,0.4782652958802022,0.16341901091979405,0.7646438500623143,0.7442309250521346,0.640663182399391
acs_ct2_education,18,3,560,560,1680,10,3.0,191,13.4,1.0,8.74650663348434,0.6498992034843274,0.0005919695388456603,1,0.6264436789153403,0.13289045778073746,0.8315597737513181,1.0543026031174272,0.12754631061048105,0.6270356484541859,0.13813651527815538,0.8355862333429201,0.9922839389687568,0.6094307132139007
acs_ct2_education,18,4,560,560,2240,10,4.0,191,13.4,1.0,27.911895248662645,0.8057205551753692,0.022334993267293934,1,0.5350035255703629,0.14842650021524362,0.7809414245997507,0.7417608835566485,0.12915837007178138,0.5573385188376568,0.14572158293251425,0.7935960118876426,0.8708891236605167,-0.16436305335120968
acs_ct2_education,18,4,560,560,2240,10,4.0,191,13.4,1.0,23.597761591706814,0.799681958281836,-0.010671683548970412,0,0.6166973588196949,0.12840723975256008,0.8619499568593615,1.2956778077216324,0.011293055256255657,0.6060256752707245,0.12976291624101444,0.8510209951107275,1.2241560044906246,-0.2642629560178359
acs_ct2_education,18,4,560,560,2240,10,4.0,191,13.4,1.0,25.516461116615165,0.8072888183539771,0.003761156379033459,1,0.4207988993673513,0.1649215791943087,0.7595628415300546,0.6214167752020685,-0.0626756552666462,0.4245600557463848,0.1636749452908455,0.7581248202473396,0.7302590080514338,-0.29694963451200596
acs_ct2_education,18,4,560,560,2240,10,4.0,191,13.4,1.0,20.33584471188976,0.7821439775689549,-0.027579573147972214,0,0.4956786339950977,0.1553032144692,0.7682868373118589,0.7615309357789194,0.178756663686905,0.4680990608471255,0.15892958202710877,0.7654107947464289,0.7893069517840734,-0.2461312796003707
acs_ct2_education,18,4,560,560,2240,10,4.0,191,13.4,1.0,18.633012850919894,0.7389629269757287,0.004505520834412136,1,0.6264436789153403,0.13289045778073746,0.8315597737513181,1.0543026031174272,0.12754631061048105,0.6309491997497524,0.13365075781722807,0.8267663694756016,1.1599910145595325,-0.1799607755932394
acs_ct2_education,18,2,560,560,1120,10,2.0,191,13.4,1.0,8.31883198229034,0.7408058861313558,0.015056658075596863,1,0.5350035255703629,0.14842650021524362,0.7809414245997507,0.7417608835566485,0.12915837007178138,0.5500601836459598,0.14602272860723364,0.797430735308216,0.7824202945217315,-0.0607129708618011
acs_ct2_education,18,2,560,560,1120,10,2.0,191,13.4,1.0,5.207922405414058,0.6159305290366335,-0.0023022949612186983,0,0.6166973588196949,0.12840723975256008,0.8619499568593615,1.2956778077216324,0.011293055256255657,0.6143950638584762,0.12633362115650196,0.8589780462084172,1.151105605357833,-0.059424643011087595
acs_ct2_education,18,2,560,560,1120,10,2.0,191,13.4,1.0,2.940692157972645,0.3097953310687031,-0.0031323665500532782,0,0.4207988993673513,0.1649215791943087,0.7595628415300546,0.6214167752020685,-0.0626756552666462,0.41766653281729804,0.1653576932973583,0.7575496117342536,0.6559911027719407,-0.1489035172065849
acs_ct2_education,18,2,560,560,1120,10,2.0,191,13.4,1.0,7.388322582044028,0.7102241103585131,-0.01760593313892672,0,0.4956786339950977,0.1553032144692,0.7682868373118589,0.7615309357789194,0.178756663686905,0.478072700856171,0.15534740593299964,0.7814207650273224,0.7418435758552785,-0.008766429082656508
acs_ct2_education,18,2,560,560,1120,10,2.0,191,13.4,1.0,8.844147352810927,0.6815950537598048,0.005166804289082116,1,0.6264436789153403,0.13289045778073746,0.8315597737513181,1.0543026031174272,0.12754631061048105,0.6316104832044224,0.1319195567986139,0.8279167865017736,1.0120299108824762,0.08712467241983167
acs_ct2_education,18,2,560,560,1120,10,2.0,191,13.4,1.0,7.36219943160085,0.7282911480425804,0.012015443547802596,1,0.5350035255703629,0.14842650021524362,0.7809414245997507,0.7417608835566485,0.12915837007178138,0.5470189691181655,0.15138630784218082,0.7932125395455853,0.9476479824663949,0.5390043429723163
acs_ct2_education,18,2,560,560,1120,10,2.0,191,13.4,1.0,7.5349223302975785,0.727359429419799,-0.013793588216641006,0,0.6166973588196949,0.12840723975256008,0.8619499568593615,1.2956778077216324,0.011293055256255657,0.6029037706030539,0.13546606271569894,0.8592656504649603,1.3924916239383747,0.35456060949360185
acs_ct2_education,18,2,560,560,1120,10,2.0,191,13.4,1.0,7.16050180650139,0.6401514121802709,0.010540734804014351,1,0.4207988993673513,0.1649215791943087,0.7595628415300546,0.6214167752020685,-0.0626756552666462,0.43133963417136567,0.16308552409722232,0.7660818713450293,0.7302494500432819,0.30926189866484993
acs_ct2_education,18,2,560,560,1120,10,2.0,191,13.4,1.0,3.8527768430028875,0.47955379730461895,-0.010054065678768653,0,0.4956786339950977,0.1553032144692,0.7682868373118589,0.7615309357789194,0.178756663686905,0.48562456831632905,0.1607347520743802,0.7677116287987729,0.8263933436623946,0.543388516790503
acs_ct2_education,18,2,560,560,1120,10,2.0,191,13.4,1.0,12.077520154423176,0.8315066498567444,-0.005244388163421543,0,0.6264436789153403,0.13289045778073746,0.8315597737513181,1.0543026031174272,0.12754631061048105,0.6211992907519187,0.1392420463605097,0.8370242546256351,1.1521913135524262,0.49695201381503645
acs_ct2_education,18,1,560,560,560,10,1.0,191,13.4,1.0,2.146135854538795,0.4942347886659615,0.03577218699497564,1,0.5350035255703629,0.14842650021524362,0.7809414245997507,0.7417608835566485,0.12915837007178138,0.5707757125653385,0.14296561769154165,0.7969513948806441,0.8059921065960992,0.29240694279139273
acs_ct2_education,18,1,560,560,560,10,1.0,191,13.4,1.0,0.9494324840349808,0.043279720810126765,0.014386771422756683,1,0.6166973588196949,0.12840723975256008,0.8619499568593615,1.2956778077216324,0.011293055256255657,0.6310841302424516,0.12724363374653996,0.8607995398331895,1.242976237065559,0.15463949967862767
acs_ct2_education,18,1,560,560,560,10,1.0,191,13.4,1.0,0.24159292474098187,0.0,0.014198412047666253,1,0.4207988993673513,0.1649215791943087,0.7595628415300546,0.6214167752020685,-0.0626756552666462,0.4349973114150176,0.16195672599931593,0.7571661393921962,0.6605118957609168,0.1373988457924085
acs_ct2_education,18,1,560,560,560,10,1.0,191,13.4,1.0,0.5495620325848846,0.0,0.010669476869793804,1,0.4956786339950977,0.1553032144692,0.7682868373118589,0.7615309357789194,0.178756663686905,0.5063481108648915,0.15473893290443488,0.7750934713833766,0.7457443883670748,0.2953475326160008
acs_ct2_education,18,1,560,560,560,10,1.0,191,13.4,1.0,1.0988991316247305,0.08297082893998953,-0.0017165276758884795,0,0.6264436789153403,0.13289045778073746,0.8315597737513181,1.0543026031174272,0.12754631061048105,0.6247271512394518,0.13279761085703476,0.8338606078036621,1.0734287945589684,0.2548852661048202
acs_ct2_education,18,2,560,560,1120,10,2.0,191,13.4,1.0,8.330107295156878,0.7081393169281769,0.033940678123981605,1,0.5350035255703629,0.14842650021524362,0.7809414245997507,0.7417608835566485,0.12915837007178138,0.5689442036943445,0.14667531792215183,0.8071134119451635,0.8190992708224686,0.5233506264561948
acs_ct2_education,18,2,560,560,1120,10,2.0,191,13.4,1.0,5.2285653828010314,0.46779663666677374,0.010167048063734918,1,0.6166973588196949,0.12840723975256008,0.8619499568593615,1.2956778077216324,0.011293055256255657,0.6268644068834298,0.12980286053765572,0.8633879781420765,1.1037537539316418,0.4125242114434321
acs_ct2_education,18,2,560,560,1120,10,2.0,191,13.4,1.0,4.995014633183189,0.5934266229819013,0.004087725906880169,1,0.4207988993673513,0.1649215791943087,0.7595628415300546,0.6214167752020685,-0.0626756552666462,0.4248866252742315,0.16757394329971534,0.7602339181286549,0.5918891821097018,0.33385154989022847
acs_ct2_education,18,2,560,560,1120,10,2.0,191,13.4,1.0,8.767531736315917,0.7685057201310102,-0.006725435984844652,0,0.4956786339950977,0.1553032144692,0.7682868373118589,0.7615309357789194,0.178756663686905,0.48895319801025305,0.1595262005660985,0.7715463522193462,0.7483238753782798,0.45625345889854924
acs_ct2_education,18,2,560,560,1120,10,2.0,191,13.4,1.0,7.075902004482766,0.7098301259688253,0.0010522892815238993,1,0.6264436789153403,0.13289045778073746,0.8315597737513181,1.0543026031174272,0.12754631061048105,0.6274959681968642,0.1352735956539786,0.8331895312050618,1.020172541937799,0.43026487993081647
acs_ct2_education,18,2,560,560,1120,10,2.0,191,13.4,1.0,8.001432129957507,0.748700844651574,0.015919900673511123,1,0.5350035255703629,0.14842650021524362,0.7809414245997507,0.7417608835566485,0.12915837007178138,0.550923426243874,0.14409999409462337,0.8007861183012176,1.0085542672136905,-0.15877605374728418
acs_ct2_education,18,2,560,560,1120,10,2.0,191,13.4,1.0,6.408050850499178,0.6866446498693796,-0.010766163898579872,0,0.6166973588196949,0.12840723975256008,0.8619499568593615,1.2956778077216324,0.011293055256255657,0.605931194921115,0.1297301653993776,0.8596491228070176,1.4258255018095392,-0.2757870438544943
acs_ct2_education,18,2,560,560,1120,10,2.0,191,13.4,1.0,4.356208534954498,0.5386290417146611,0.006989299730548237,1,0.4207988993673513,0.1649215791943087,0.7595628415300546,0.6214167752020685,-0.0626756552666462,0.42778819909789956,0.16087119431659272,0.7665612117726008,0.7892756468179408,-0.27876503529196583
acs_ct2_education,18,2,560,560,1120,10,2.0,191,13.4,1.0,4.72993198622742,0.575056850073963,-0.008713851461296718,0,0.4956786339950977,0.1553032144692,0.7682868373118589,0.7615309357789194,0.178756663686905,0.486964782533801,0.15338983955949914,0.7759562841530054,0.9214905387985834,-0.15902465208265518
acs_ct2_education,18,2,560,560,1120,10,2.0,191,13.4,1.0,14.020428534669325,0.8573508179705046,-0.0017331805892086827,0,0.6264436789153403,0.13289045778073746,0.8315597737513181,1.0543026031174272,0.12754631061048105,0.6247104983261316,0.1321760279791857,0.8334771354616048,1.3055201801713507,-0.14353087279625898
acs_ct2_education,18,1,560,560,560,10,1.0,191,13.4,1.0,3.7441381214540854,0.7192965444537387,0.01570508333486642,1,0.5350035255703629,0.14842650021524362,0.7809414245997507,0.7417608835566485,0.12915837007178138,0.5507086089052293,0.1625556492519233,0.795992714025501,0.8992420593326214,-0.771429267935722
acs_ct2_education,18,1,560,560,560,10,1.0,191,13.4,1.0,4.196563662335045,0.7600795096010105,-0.02936389552809937,0,0.6166973588196949,0.12840723975256008,0.8619499568593615,1.2956778077216324,0.011293055256255657,0.5873334632915955,0.1580850027731038,0.8347234205732912,1.1244492120094032,-0.9390611330342624
acs_ct2_education,18,1,560,560,560,10,1.0,191,13.4,1.0,4.019003534067763,0.6925876515118443,0.008371307248125459,1,0.4207988993673513,0.1649215791943087,0.7595628415300546,0.6214167752020685,-0.0626756552666462,0.4291702066154768,0.1853543346468309,0.7598504457865976,0.7047868000781633,-0.937778701123731
acs_ct2_education,18,1,560,560,560,10,1.0,191,13.4,1.0,2.8807960105715424,0.5739515662808624,-0.0025329007158724215,0,0.4956786339950977,0.1553032144692,0.7682868373118589,0.7615309357789194,0.178756663686905,0.4931457332792253,0.17780759492092274,0.7741347905282332,0.7998614949842386,-0.8848910199183204
acs_ct2_education,18,1,560,560,560,10,1.0,191,13.4,1.0,2.0178900087901006,0.5037924407160341,-0.005003552409154954,0,0.6264436789153403,0.13289045778073746,0.8315597737513181,1.0543026031174272,0.12754631061048105,0.6214401265061853,0.15455166435480863,0.8171795609241683,1.1085749214393184,-0.8121476784954927
acs_ct2_education,18,1,560,560,560,10,1.0,191,13.4,1.0,4.703800806164653,0.44306446100178,0.0082563467665967,1,0.5350035255703629,0.14842650021524362,0.7809414245997507,0.7417608835566485,0.12915837007178138,0.5432598723369596,0.15588473589617985,0.7747099990413191,0.8338828048730035,0.6156572744228702
acs_ct2_education,18,1,560,560,560,10,1.0,191,13.4,1.0,4.071135223306747,0.712210625716173,-0.021738914979421597,0,0.6166973588196949,0.12840723975256008,0.8619499568593615,1.2956778077216324,0.011293055256255657,0.5949584438402733,0.14168011925411605,0.8481449525452976,1.4672504847965262,0.437903839426342
acs_ct2_education,18,1,560,560,560,10,1.0,191,13.4,1.0,4.625267077654924,0.7098503243793199,0.006959284474929328,1,0.4207988993673513,0.1649215791943087,0.7595628415300546,0.6214167752020685,-0.0626756552666462,0.42775818384228065,0.1645166157162356,0.7586041606749113,0.8038507097052879,0.4824515957385852
acs_ct2_education,18,1,560,560,560,10,1.0,191,13.4,1.0,2.54233082347913,0.5736651588410234,-0.033634753720769295,0,0.4956786339950977,0.1553032144692,0.7682868373118589,0.7615309357789194,0.178756663686905,0.4620438802743284,0.16346113094420567,0.7495925606365641,0.8347829492663941,0.507282130215159
acs_ct2_education,18,1,560,560,560,10,1.0,191,13.4,1.0,3.5395301099951193,0.6109559105574519,-0.002105059894038419,0,0.6264436789153403,0.13289045778073746,0.8315597737513181,1.0543026031174272,0.12754631061048105,0.6243386190213018,0.1429940357588686,0.8301217524686033,1.3298430979648677,0.5813691383194616
acs_ct2_education,18,1,560,560,560,10,1.0,191,13.4,1.0,2.3072308409248294,0.5000666911163765,0.017383933414761632,1,0.5350035255703629,0.14842650021524362,0.7809414245997507,0.7417608835566485,0.12915837007178138,0.5523874589851245,0.15503078722329405,0.794267088486243,0.8035728447974484,0.7617351290385869
acs_ct2_education,18,1,560,560,560,10,1.0,191,13.4,1.0,0.3741340757496427,0.0,0.010122511535063161,1,0.6166973588196949,0.12840723975256008,0.8619499568593615,1.2956778077216324,0.011293055256255657,0.6268198703547581,0.1388813492908974,0.8573482887546735,1.111538869925036,0.6756266692263309
acs_ct2_education,18,1,560,560,560,10,1.0,191,13.4,1.0,2.172913999934894,0.531583989227372,-0.0037759220818455175,0,0.4207988993673513,0.1649215791943087,0.7595628415300546,0.6214167752020685,-0.0626756552666462,0.4170229772855058,0.1688526361818927,0.7596587096155689,0.6363810860009856,0.512223023968215
acs_ct2_education,18,1,560,560,560,10,1.0,191,13.4,1.0,2.577206919459391,0.5506707405246847,-0.017856063333163585,0,0.4956786339950977,0.1553032144692,0.7682868373118589,0.7615309357789194,0.178756663686905,0.4778225706619341,0.16401975898170676,0.7640686415492283,0.7261792256740293,0.5804748022216379
acs_ct2_education,18,1,560,560,560,10,1.0,191,13.4,1.0,2.897161096202385,0.64740108677051,-0.0007956159478881286,0,0.6264436789153403,0.13289045778073746,0.8315597737513181,1.0543026031174272,0.12754631061048105,0.6256480629674521,0.1420780293686788,0.8319432460933756,1.1293312053178182,0.6536809561411351
acs_ct2_education,19,3,560,560,1680,10,3.0,195,13.7,1.0,17.482904204051195,0.8239574978786646,0.014291026118028793,1,0.5405422476112536,0.14214037266387275,0.8331754452444107,0.8000584311648404,0.018889622433934165,0.5548332737292824,0.14361191993876382,0.8358279651383099,0.945846271917897,0.45373015098833025
acs_ct2_education,19,3,560,560,1680,10,3.0,195,13.6,1.0,7.881837620970531,0.6192055409814694,0.006450249723951584,1,0.6711048414489978,0.11993710745295207,0.8763929206854574,0.9602759604694842,0.09636720623551007,0.6775550911729494,0.12703062852773678,0.8763929206854575,1.1349291019622703,0.5086206136472874
acs_ct2_education,19,3,560,560,1680,10,3.0,195,13.7,1.0,9.713523708495726,0.5436841207796599,0.005495807878065473,1,0.58754809593711,0.1394828035058695,0.8401856763925729,0.6570869979597228,-0.1678025417120331,0.5930439038151755,0.13824306140351558,0.8386699507389163,0.8167358016178684,0.37216603235505025
acs_ct2_education,19,3,560,560,1680,10,3.0,195,13.7,1.0,10.736340320023544,0.7205538554780305,0.0021443708329921263,1,0.6711341796091964,0.11836450889775127,0.8794050776809398,1.1639895911751847,0.010889269740535857,0.6732785504421885,0.12440377769328412,0.8837627889352028,1.2417372229652963,0.4407890948059624
acs_ct2_education,19,3,560,560,1680,10,3.0,195,13.7,1.0,13.7245319172551,0.7731746441723313,0.005430751568264114,1,0.6132650176917591,0.12968016987997882,0.848901098901099,0.8239049371963556,-0.014576797621735303,0.6186957692600232,0.13257735772348883,0.854679802955665,1.064160814278486,0.3749759227741686
acs_ct2_education,19,3,560,560,1680,10,3.0,195,13.7,1.0,9.438857213026925,0.6820962801281065,0.00257228653349717,1,0.5405422476112536,0.14214037266387275,0.8331754452444107,0.8000584311648404,0.018889622433934165,0.5431145341447507,0.15852168960455698,0.8282493368700266,1.0429150035982138,0.8713221320132343
acs_ct2_education,19,3,560,560,1680,10,3.0,195,13.6,1.0,9.678725558174229,0.6614161536923036,-0.024869035912178816,0,0.6711048414489978,0.11993710745295207,0.8763929206854574,0.9602759604694842,0.09636720623551007,0.646235805536819,0.14786492753040018,0.8662796141960858,1.1857771072678869,0.9903009355107076
acs_ct2_education,19,3,560,560,1680,10,3.0,195,13.7,1.0,20.985956062538698,0.8561044675998029,0.003355615575324822,1,0.58754809593711,0.1394828035058695,0.8401856763925729,0.6570869979597228,-0.1678025417120331,0.5909037115124348,0.15155266167196135,0.8380068207654415,0.9965069637174832,0.8515654858527247
acs_ct2_education,19,3,560,560,1680,10,3.0,195,13.7,1.0,18.32098062521271,0.8343759967523612,-0.011847854072003727,0,0.6711341796091964,0.11836450889775127,0.8794050776809398,1.1639895911751847,0.010889269740535857,0.6592863255371927,0.14418642813074042,0.8785524820007579,1.384843376330543,0.8934423229891418
acs_ct2_education,19,3,560,560,1680,10,3.0,195,13.7,1.0,17.366805198071035,0.8047494937744166,-0.00449199158514324,0,0.6132650176917591,0.12968016987997882,0.848901098901099,0.8239049371963556,-0.014576797621735303,0.6087730261066159,0.1481464985918424,0.8468169761273209,1.1158688252003832,0.8228244408199799
acs_ct2_education,19,4,560,560,2240,10,4.0,195,13.7,1.0,16.3642460839767,0.7495039939772274,0.03289884421208278,1,0.5405422476112536,0.14214037266387275,0.8331754452444107,0.8000584311648404,0.018889622433934165,0.5734410918233364,0.15481256415445202,0.8411330049261083,1.0977767446958093,0.8922607687286648
acs_ct2_education,19,4,560,560,2240,10,4.0,195,13.6,1.0,15.429585559816543,0.740757694395349,-0.010613247557570316,0,0.6711048414489978,0.11993710745295207,0.8763929206854574,0.9602759604694842,0.09636720623551007,0.6604915938914275,0.1477768642360865,0.868433373911415,1.1874420015494513,1.0144618277708675
acs_ct2_education,19,4,560,560,2240,10,4.0,195,13.7,1.0,24.964447690663363,0.8391740776857993,0.017412333431456095,1,0.58754809593711,0.1394828035058695,0.8401856763925729,0.6570869979597228,-0.1678025417120331,0.6049604293685661,0.151459128997362,0.8385752178855626,0.9696124542260989,0.8981758828368278
acs_ct2_education,19,4,560,560,2240,10,4.0,195,13.7,1.0,19.31632442168269,0.7891674059337404,0.00019179081521836228,1,0.6711341796091964,0.11836450889775127,0.8794050776809398,1.1639895911751847,0.010889269740535857,0.6713259704244148,0.1455163239397735,0.8786472148541113,1.423194831788817,0.929067893434698
acs_ct2_education,19,4,560,560,2240,10,4.0,195,13.7,1.0,20.6051704029308,0.7648789162250188,-0.004498380176688688,0,0.6132650176917591,0.12968016987997882,0.848901098901099,0.8239049371963556,-0.014576797621735303,0.6087666375150704,0.14823543392766,0.8517430845017052,1.1088906234493243,0.8323408789646342
acs_ct2_education,19,3,560,560,1680,10,3.0,195,13.7,1.0,8.367143911727966,0.6096421463103989,0.024414272349376875,1,0.5405422476112536,0.14214037266387275,0.8331754452444107,0.8000584311648404,0.018889622433934165,0.5649565199606305,0.14873547362259207,0.8440697233800682,1.0596763781247083,0.695185714577246
acs_ct2_education,19,3,560,560,1680,10,3.0,195,13.6,1.0,13.095089658975407,0.7693611047016722,0.0034846283899599984,1,0.6711048414489978,0.11993710745295207,0.8763929206854574,0.9602759604694842,0.09636720623551007,0.6745894698389578,0.13450635965884153,0.8731154602490869,1.190349100220586,0.6958403697619931
acs_ct2_education,19,3,560,560,1680,10,3.0,195,13.7,1.0,4.602396033375893,0.325075171123336,-0.0036137769661188646,0,0.58754809593711,0.1394828035058695,0.8401856763925729,0.6570869979597228,-0.1678025417120331,0.5839343189709911,0.14622651938855386,0.8331754452444107,0.8504215297526141,0.6682219788882241
acs_ct2_education,19,3,560,560,1680,10,3.0,195,13.7,1.0,14.45960871819226,0.7107824714564563,0.010585719358662704,1,0.6711341796091964,0.11836450889775127,0.8794050776809398,1.1639895911751847,0.010889269740535857,0.6817198989678591,0.13411072903039487,0.879973474801061,1.357574426165105,0.7379073203510298
acs_ct2_education,19,3,560,560,1680,10,3.0,195,13.7,1.0,6.901321215525358,0.5508712118933984,0.0011283662000346473,1,0.6132650176917591,0.12968016987997882,0.848901098901099,0.8239049371963556,-0.014576797621735303,0.6143933838917938,0.14037931647320245,0.8517430845017052,1.064449514737301,0.6367255454258103
acs_ct2_education,19,1,560,560,560,10,1.0,195,13.7,1.0,1.0789345896599012,0.0710265149874646,0.04039796701407905,1,0.5405422476112536,0.14214037266387275,0.8331754452444107,0.8000584311648404,0.018889622433934165,0.5809402146253326,0.1461976777788355,0.8537324744221296,0.8713304662924111,0.6479670512576252
acs_ct2_education,19,1,560,560,560,10,1.0,195,13.6,1.0,2.169653452999925,0.3850547898691822,0.0011320946796541387,1,0.6711048414489978,0.11993710745295207,0.8763929206854574,0.9602759604694842,0.09636720623551007,0.672236936128652,0.1285260092718943,0.8827605581046915,0.994448174140806,0.7359379973976375
acs_ct2_education,19,1,560,560,560,10,1.0,195,13.7,1.0,4.382761438180502,0.5905428727194,0.004530679071845123,1,0.58754809593711,0.1394828035058695,0.8401856763925729,0.6570869979597228,-0.1678025417120331,0.5920787750089551,0.13937962966075715,0.8419856006062902,0.7475344450757485,0.46502115999021815
acs_ct2_education,19,1,560,560,560,10,1.0,195,13.7,1.0,3.506616378006452,0.713592036688832,-0.018121953223609988,0,0.6711341796091964,0.11836450889775127,0.8794050776809398,1.1639895911751847,0.010889269740535857,0.6530122263855864,0.12868820203851636,0.8821523304281924,1.053722857921541,0.581030764501281
acs_ct2_education,19,1,560,560,560,10,1.0,195,13.7,1.0,0.5315413750005751,0.0,-0.011302829665316039,0,0.6132650176917591,0.12968016987997882,0.848901098901099,0.8239049371963556,-0.014576797621735303,0.6019621880264431,0.14048331240221396,0.8477643046608564,0.7928606254752635,0.6201723865351242
acs_ct2_education,19,3,560,560,1680,10,3.0,195,13.7,1.0,18.064385036171675,0.806776867282055,0.05709890515452609,1,0.5405422476112536,0.14214037266387275,0.8331754452444107,0.8000584311648404,0.018889622433934165,0.5976411527657797,0.13023474314186204,0.8640583554376658,1.0430261821313163,0.15368079625397668
acs_ct2_education,19,3,560,560,1680,10,3.0,195,13.6,1.0,7.074719906230164,0.5268933580166154,0.019188999799516604,1,0.6711048414489978,0.11993710745295207,0.8763929206854574,0.9602759604694842,0.09636720623551007,0.6902938412485145,0.1163493816848758,0.8879108530761307,1.0934080944076792,0.20438994132543062
acs_ct2_education,19,3,560,560,1680,10,3.0,195,13.7,1.0,11.547210947531127,0.7398954922687614,0.02530705884923934,1,0.58754809593711,0.1394828035058695,0.8401856763925729,0.6570869979597228,-0.1678025417120331,0.6128551547863493,0.13176381035209697,0.8512694202349375,0.8179333518724873,0.029545001984690882
acs_ct2_education,19,3,560,560,1680,10,3.0,195,13.7,1.0,4.793011012941487,0.31593826724861257,-0.005342288914542803,0,0.6711341796091964,0.11836450889775127,0.8794050776809398,1.1639895911751847,0.010889269740535857,0.6657918906946536,0.11790055685689331,0.8887836301629405,1.1624136631430422,0.1339262469411335
acs_ct2_education,19,3,560,560,1680,10,3.0,195,13.7,1.0,8.403867829638745,0.6210845963064988,-0.001844285282303293,0,0.6132650176917591,0.12968016987997882,0.848901098901099,0.8239049371963556,-0.014576797621735303,0.6114207324094558,0.13134307689141445,0.8472906403940887,0.8510059742791616,0.14988434753553573
acs_ct2_education,19,2,560,560,1120,10,2.0,195,13.7,1.0,12.614974691847875,0.8392607783160211,0.021281106636348635,1,0.5405422476112536,0.14214037266387275,0.8331754452444107,0.8000584311648404,0.018889622433934165,0.5618233542476022,0.16003843908958865,0.8425539977264116,0.942916457747525,0.9753970929083614
acs_ct2_education,19,2,560,560,1120,10,2.0,195,13.6,1.0,8.255502673970966,0.7092510236111416,-0.013229679167329755,0,0.6711048414489978,0.11993710745295207,0.8763929206854574,0.9602759604694842,0.09636720623551007,0.6578751622816681,0.1457948883402689,0.8741455192433748,1.1151325985309117,1.061595465489782
acs_ct2_education,19,2,560,560,1120,10,2.0,195,13.7,1.0,9.52472578819193,0.7853749171257576,0.008818164190889433,1,0.58754809593711,0.1394828035058695,0.8401856763925729,0.6570869979597228,-0.1678025417120331,0.5963662601279994,0.1457395121149994,0.8381015536187949,0.8656737566474995,0.771491173932486
acs_ct2_education,19,2,560,560,1120,10,2.0,195,13.7,1.0,10.971015872288872,0.8175503474480141,-0.025899188930306516,0,0.6711341796091964,0.11836450889775127,0.8794050776809398,1.1639895911751847,0.010889269740535857,0.6452349906788899,0.14127385455633598,0.8826259946949602,1.1853137366016477,0.8739084966434758
acs_ct2_education,19,2,560,560,1120,10,2.0,195,13.7,1.0,5.4186523574875505,0.6192847137578559,-0.021639416897042407,0,0.6132650176917591,0.12968016987997882,0.848901098901099,0.8239049371963556,-0.014576797621735303,0.5916256007947167,0.1488843363487777,0.8459643804471391,0.9466292809250995,0.8584825984347514
acs_ct2_education,19,2,560,560,1120,10,2.0,195,13.7,1.0,9.17886376076462,0.7724706451144245,0.027673346571986612,1,0.5405422476112536,0.14214037266387275,0.8331754452444107,0.8000584311648404,0.018889622433934165,0.5682155941832402,0.15154231501756812,0.8435960591133005,1.0296663810752174,0.8082709061045568
acs_ct2_education,19,2,560,560,1120,10,2.0,195,13.6,1.0,3.5007487810093063,0.40572416768936964,-0.0057368937402570985,0,0.6711048414489978,0.11993710745295207,0.8763929206854574,0.9602759604694842,0.09636720623551007,0.6653679477087407,0.13482254956405276,0.874613727877142,1.0620334924517167,0.8053185869011547
acs_ct2_education,19,2,560,560,1120,10,2.0,195,13.7,1.0,3.2542910973711603,0.35016565594812366,-0.010638016070925405,0,0.58754809593711,0.1394828035058695,0.8401856763925729,0.6570869979597228,-0.1678025417120331,0.5769100798661846,0.14864066977528087,0.8374384236453203,0.7985122603778526,0.7366533280503961
acs_ct2_education,19,2,560,560,1120,10,2.0,195,13.7,1.0,7.744434697956596,0.7248646082657588,0.018234965962859784,1,0.6711341796091964,0.11836450889775127,0.8794050776809398,1.1639895911751847,0.010889269740535857,0.6893691455720562,0.1364790895648021,0.8786472148541113,1.2368499445359846,0.8634916007306205
acs_ct2_education,19,2,560,560,1120,10,2.0,195,13.7,1.0,3.007056908962838,0.32338776717326057,-0.008096452888465278,0,0.6132650176917591,0.12968016987997882,0.848901098901099,0.8239049371963556,-0.014576797621735303,0.6051685648032938,0.14116422512823154,0.8468169761273209,0.90884631747137,0.7153850517897156
acs_ct2_education,19,4,560,560,2240,10,4.0,195,13.7,1.0,13.562118067104908,0.7043468733756096,0.03440966444097571,1,0.5405422476112536,0.14214037266387275,0.8331754452444107,0.8000584311648404,0.018889622433934165,0.5749519120522293,0.13415688316041835,0.8488063660477454,1.0894323834467396,-0.21949354180766076
acs_ct2_education,19,4,560,560,2240,10,4.0,195,13.6,1.0,9.930306914287325,0.5915142712672676,0.0033409673852452526,1,0.6711048414489978,0.11993710745295207,0.8763929206854574,0.9602759604694842,0.09636720623551007,0.6744458088342431,0.1184596353822651,0.8795767393950744,1.1986416360837295,-0.14255282965821264
acs_ct2_education,19,4,560,560,2240,10,4.0,195,13.7,1.0,15.367300565552,0.739691880707164,0.02031065904884699,1,0.58754809593711,0.1394828035058695,0.8401856763925729,0.6570869979597228,-0.1678025417120331,0.607858754985957,0.13288818941334204,0.8443539219401288,0.8914500583547617,-0.2507227081632254
acs_ct2_education,19,4,560,560,2240,10,4.0,195,13.7,1.0,11.785618550262944,0.5983651242519931,-0.007445326368261118,0,0.6711341796091964,0.11836450889775127,0.8794050776809398,1.1639895911751847,0.010889269740535857,0.6636888532409353,0.11934194528942624,0.879973474801061,1.3005881046898664,-0.19052887909233307
acs_ct2_education,19,4,560,560,2240,10,4.0,195,13.7,1.0,15.43290421686148,0.7398725927685172,0.004822705750809342,1,0.6132650176917591,0.12968016987997882,0.848901098901099,0.8239049371963556,-0.014576797621735303,0.6180877234425685,0.12876885321267645,0.8520272830617659,1.0281225827675247,-0.20041824267515942
acs_ct2_education,19,2,560,560,1120,10,2.0,195,13.7,1.0,11.609954013403815,0.8136398619394359,0.03742020864419071,1,0.5405422476112536,0.14214037266387275,0.8331754452444107,0.8000584311648404,0.018889622433934165,0.5779624562554443,0.1369740744832989,0.8499431602879879,1.0618173210412913,-0.44455298531213144
acs_ct2_education,19,2,560,560,1120,10,2.0,195,13.6,1.0,6.691668765960489,0.6866626869397096,-0.0016837990036682182,0,0.6711048414489978,0.11993710745295207,0.8763929206854574,0.9602759604694842,0.09636720623551007,0.6694210424453296,0.12116283487119096,0.8776102631332522,1.0919749724702563,-0.4410316601388985
acs_ct2_education,19,2,560,560,1120,10,2.0,195,13.7,1.0,5.724206463918874,0.6164954685408728,0.02551207082730278,1,0.58754809593711,0.1394828035058695,0.8401856763925729,0.6570869979597228,-0.1678025417120331,0.6130601667644128,0.13564951421949473,0.8478590375142099,0.8370128609310872,-0.5238109817030513
acs_ct2_education,19,2,560,560,1120,10,2.0,195,13.7,1.0,6.319189462319322,0.4281194873549103,-0.02270067159569411,0,0.6711341796091964,0.11836450889775127,0.8794050776809398,1.1639895911751847,0.010889269740535857,0.6484335080135023,0.12559248237018944,0.8780788177339901,1.1904536415627907,-0.5315460888480323
acs_ct2_education,19,2,560,560,1120,10,2.0,195,13.7,1.0,3.9856805876394805,0.4851935502876953,-0.013626303752531599,0,0.6132650176917591,0.12968016987997882,0.848901098901099,0.8239049371963556,-0.014576797621735303,0.5996387139392275,0.13736284657650763,0.8378173550587343,0.875254877951975,-0.48969151794337185
acs_ct2_education,19,2,560,560,1120,10,2.0,195,13.7,1.0,3.64786439759843,0.4401507440166199,0.02357207168072384,1,0.5405422476112536,0.14214037266387275,0.8331754452444107,0.8000584311648404,0.018889622433934165,0.5641143192919774,0.14114692683100205,0.8439749905267147,0.9995720710496044,-0.5553986571439005
acs_ct2_education,19,2,560,560,1120,10,2.0,195,13.6,1.0,1.621182277587872,0.0,0.012987051108338088,1,0.6711048414489978,0.11993710745295207,0.8763929206854574,0.9602759604694842,0.09636720623551007,0.6840918925573359,0.12192968051743115,0.8810750070231296,1.2022216201631302,-0.514734388426553
acs_ct2_education,19,2,560,560,1120,10,2.0,195,13.7,1.0,2.347961937238053,0.14011498341053905,0.01785495677358706,1,0.58754809593711,0.1394828035058695,0.8401856763925729,0.6570869979597228,-0.1678025417120331,0.605403052710697,0.1387814834214605,0.8453012504736642,0.8439933269421761,-0.5805826641530137
acs_ct2_education,19,2,560,560,1120,10,2.0,195,13.7,1.0,4.148534500022318,0.49871844951295063,-0.012129471191047791,0,0.6711341796091964,0.11836450889775127,0.8794050776809398,1.1639895911751847,0.010889269740535857,0.6590047084181486,0.12544288037309578,0.8792156119742326,1.2365796934144861,-0.5758159371217894
acs_ct2_education,19,2,560,560,1120,10,2.0,195,13.7,1.0,4.08824378157058,0.5081202802917688,0.009693319613570783,1,0.6132650176917591,0.12968016987997882,0.848901098901099,0.8239049371963556,-0.014576797621735303,0.6229583373053299,0.13216117946264386,0.8575217885562713,1.1016765724023048,-0.5434630822213867
acs_ct2_education,19,2,560,560,1120,10,2.0,195,13.7,1.0,5.781779901110964,0.6536164977554876,0.035434995600905905,1,0.5405422476112536,0.14214037266387275,0.8331754452444107,0.8000584311648404,0.018889622433934165,0.5759772432121595,0.15638657382914806,0.8423645320197044,1.0164416185239555,-0.9506604358769477
acs_ct2_education,19,2,560,560,1120,10,2.0,195,13.6,1.0,3.633042050884786,0.36862294742582097,0.01979552054340672,1,0.6711048414489978,0.11993710745295207,0.8763929206854574,0.9602759604694842,0.09636720623551007,0.6909003619924046,0.13347505397579332,0.8816368573836503,1.1389000883344405,-0.8813485033943331
acs_ct2_education,19,2,560,560,1120,10,2.0,195,13.7,1.0,8.567848901254111,0.7657857824613807,0.03652545407436225,1,0.58754809593711,0.1394828035058695,0.8401856763925729,0.6570869979597228,-0.1678025417120331,0.6240735500114722,0.14768864189737058,0.8517430845017051,0.8716384486879122,-0.9161278978126602
acs_ct2_education,19,2,560,560,1120,10,2.0,195,13.7,1.0,3.820536746255961,0.42723856409325045,-0.025207989366524797,0,0.6711341796091964,0.11836450889775127,0.8794050776809398,1.1639895911751847,0.010889269740535857,0.6459261902426716,0.14389790404058278,0.8781735505873437,1.1784509508877834,-0.9867637255984405
acs_ct2_education,19,2,560,560,1120,10,2.0,195,13.7,1.0,5.8249124770637195,0.6314753194933981,-0.0060310304400290615,0,0.6132650176917591,0.12968016987997882,0.848901098901099,0.8239049371963556,-0.014576797621735303,0.6072339872517301,0.15210814456487234,0.8443539219401288,1.002949014495545,-0.9302752251466333
acs_ct2_education,20,3,560,560,1680,10,3.0,285,20.0,1.0,10.865903116041938,0.6824728320635662,-0.004223699268450898,0,0.6388539114951695,0.18982913880809574,0.7700189753320683,0.7089466467245089,-0.26335607510483955,0.6346302122267186,0.2026165557021586,0.7769259962049335,0.833535767518904,0.8557171740802035
acs_ct2_education,20,3,560,560,1680,10,3.0,285,19.9,1.0,4.518658624953202,0.33057173630281406,0.0061290182767801404,1,0.6949124541835232,0.17061267895714535,0.8052703110842645,1.0094113602372856,0.007825795056903144,0.7010414724603033,0.20235340259791085,0.8043642404107522,1.0782615067721637,1.0520682684633669
acs_ct2_education,20,3,560,560,1680,10,3.0,285,20.0,1.0,14.325433257714515,0.7905822499970048,0.0028061513413748518,1,0.609879620032286,0.1821806895823893,0.7839848197343454,0.8335679909893479,-0.1298040700532709,0.6126857713736609,0.20648042665275432,0.7855028462998103,0.9514036337835157,0.887565635578363
acs_ct2_education,20,3,560,560,1680,10,3.0,285,20.0,1.0,7.01052439513825,0.5641478186552985,0.006900930229442159,1,0.7595477344525378,0.15334990723849687,0.8398481973434535,1.3102827110944615,-0.12066533976723866,0.7664486646819799,0.17862803053925458,0.8422011385199241,1.3148332284166544,0.913607045921598
acs_ct2_education,20,3,560,560,1680,10,3.0,285,20.0,1.0,14.809398235339732,0.7970788392056309,0.001347249088254343,1,0.7049176468761085,0.17366180800727632,0.7964326375711575,0.871720142909816,0.1126472765289882,0.7062648959643628,0.2012490181924184,0.7987855787476281,0.9195329222592298,1.0988501923653515
acs_ct2_education,20,3,560,560,1680,10,3.0,285,20.0,1.0,18.958215344791945,0.8388261940428627,0.026874612425191846,1,0.6388539114951695,0.18982913880809574,0.7700189753320683,0.7089466467245089,-0.26335607510483955,0.6657285239203613,0.18348886380613733,0.7775332068311195,0.9852032332831758,0.41330535212583197
acs_ct2_education,20,3,560,560,1680,10,3.0,285,19.9,1.0,19.744764417335258,0.8294725046661359,-0.010841413315584747,0,0.6949124541835232,0.17061267895714535,0.8052703110842645,1.0094113602372856,0.007825795056903144,0.6840710408679385,0.1837086100642403,0.8020235578375113,1.2739898175994202,0.501544790564951
acs_ct2_education,20,3,560,560,1680,10,3.0,285,20.0,1.0,30.560764549114353,0.8857187191960806,0.04194134437837993,1,0.609879620032286,0.1821806895823893,0.7839848197343454,0.8335679909893479,-0.1298040700532709,0.651820964410666,0.18808697357205445,0.7869449715370018,1.1840123128188704,0.4934028542091425
acs_ct2_education,20,3,560,560,1680,10,3.0,285,20.0,1.0,16.656709141878082,0.7707789192550896,0.007441389073166049,1,0.7595477344525378,0.15334990723849687,0.8398481973434535,1.3102827110944615,-0.12066533976723866,0.7669891235257038,0.16394773141278954,0.8400759013282733,1.5583036618426442,0.4642361621197694
acs_ct2_education,20,3,560,560,1680,10,3.0,285,20.0,1.0,18.149928669065215,0.7159932237548644,0.010532587980260244,1,0.7049176468761085,0.17366180800727632,0.7964326375711575,0.871720142909816,0.1126472765289882,0.7154502348563687,0.18107537718947017,0.8022770398481973,1.2086220955459663,0.5955661971836195
acs_ct2_education,20,3,560,560,1680,10,3.0,285,20.0,1.0,15.210950888320486,0.7884030840220533,-0.00020209881186405987,0,0.6388539114951695,0.18982913880809574,0.7700189753320683,0.7089466467245089,-0.26335607510483955,0.6386518126833054,0.184028886807886,0.7735863377609109,1.0743924580991189,0.27747587539444635
acs_ct2_education,20,3,560,560,1680,10,3.0,285,19.9,1.0,16.591294528637643,0.8086439211928333,-0.0028826010268077074,0,0.6949124541835232,0.17061267895714535,0.8052703110842645,1.0094113602372856,0.007825795056903144,0.6920298531567155,0.1793573522847153,0.8091211114466929,1.4138600534655725,0.38161641090669907
acs_ct2_education,20,3,560,560,1680,10,3.0,285,20.0,1.0,20.487973327647463,0.8485671104917368,0.03438597014431577,1,0.609879620032286,0.1821806895823893,0.7839848197343454,0.8335679909893479,-0.1298040700532709,0.6442655901766018,0.1857707613192628,0.7886907020872865,1.1978480576765966,0.3984351375798894
acs_ct2_education,20,3,560,560,1680,10,3.0,285,20.0,1.0,16.595999023468107,0.7221313993370995,0.005499491112881061,1,0.7595477344525378,0.15334990723849687,0.8398481973434535,1.3102827110944615,-0.12066533976723866,0.7650472255654188,0.1622068954504792,0.8433396584440227,1.6167621384659823,0.3429501341892328
acs_ct2_education,20,3,560,560,1680,10,3.0,285,20.0,1.0,19.538201603607746,0.8461266572842254,0.0023238935363626423,1,0.7049176468761085,0.17366180800727632,0.7964326375711575,0.871720142909816,0.1126472765289882,0.7072415404124711,0.17954843730583633,0.804326375711575,1.239463293082037,0.4675646170889317
acs_ct2_education,20,3,560,560,1680,10,3.0,285,20.0,1.0,7.610028015000045,0.39648365330083113,-0.010399919452789841,0,0.6388539114951695,0.18982913880809574,0.7700189753320683,0.7089466467245089,-0.26335607510483955,0.6284539920423796,0.1852284944852935,0.7666034155597723,0.8186513096723903,-0.037617651650701245
acs_ct2_education,20,3,560,560,1680,10,3.0,285,19.9,1.0,8.160037793429495,0.5233798328067445,-0.0009822265761301185,0,0.6949124541835232,0.17061267895714535,0.8052703110842645,1.0094113602372856,0.007825795056903144,0.6939302276073931,0.17077291771089523,0.8072334642102084,1.1382634415644806,0.1722200285603279
acs_ct2_education,20,3,560,560,1680,10,3.0,285,20.0,1.0,7.311335909871599,0.3810110830301904,0.021762321515749083,1,0.609879620032286,0.1821806895823893,0.7839848197343454,0.8335679909893479,-0.1298040700532709,0.6316419415480351,0.17922759150074447,0.7835294117647059,0.9687545149549829,0.09368157380187472
acs_ct2_education,20,3,560,560,1680,10,3.0,285,20.0,1.0,6.6402393126113735,0.546306228420109,0.012400252992232574,1,0.7595477344525378,0.15334990723849687,0.8398481973434535,1.3102827110944615,-0.12066533976723866,0.7719479874447703,0.1506344731256976,0.8495635673624289,1.4606516021101343,0.04527791153425941
acs_ct2_education,20,3,560,560,1680,10,3.0,285,20.0,1.0,6.722428065826973,0.5392657438359745,0.006872777664583052,1,0.7049176468761085,0.17366180800727632,0.7964326375711575,0.871720142909816,0.1126472765289882,0.7117904245406915,0.17137132541976405,0.8010626185958254,0.9921715854586588,0.2361886455968841
acs_ct2_education,20,3,560,560,1680,10,3.0,285,20.0,1.0,22.91329543769145,0.8398719982672938,0.014410883548276354,1,0.6388539114951695,0.18982913880809574,0.7700189753320683,0.7089466467245089,-0.26335607510483955,0.6532647950434458,0.1925623982329829,0.7744971537001898,0.9191099646317833,0.6337805263117862
acs_ct2_education,20,3,560,560,1680,10,3.0,285,19.9,1.0,18.74928828791794,0.8399907280898122,-0.004661930728283359,0,0.6949124541835232,0.17061267895714535,0.8052703110842645,1.0094113602372856,0.007825795056903144,0.6902505234552399,0.19312500567912175,0.8011929930534581,1.1634776845560817,0.7955361338090803
acs_ct2_education,20,3,560,560,1680,10,3.0,285,20.0,1.0,23.657973869376697,0.8728204349894864,0.0312352356871336,1,0.609879620032286,0.1821806895823893,0.7839848197343454,0.8335679909893479,-0.1298040700532709,0.6411148557194196,0.1952334879035077,0.7845920303605314,1.045261441870202,0.6437830882914463
acs_ct2_education,20,3,560,560,1680,10,3.0,285,20.0,1.0,17.512019771605722,0.7682147244805294,0.004578738721043418,1,0.7595477344525378,0.15334990723849687,0.8398481973434535,1.3102827110944615,-0.12066533976723866,0.7641264731735812,0.17103720853476753,0.8406072106261859,1.3592068852224761,0.7229853255758053
acs_ct2_education,20,3,560,560,1680,10,3.0,285,20.0,1.0,26.945589967533117,0.8796931564016113,0.0009744715901126577,1,0.7049176468761085,0.17366180800727632,0.7964326375711575,0.871720142909816,0.1126472765289882,0.7058921184662211,0.19076781879160531,0.7966603415559772,1.0106890517808107,0.8201197539897573
acs_ct2_education,20,1,560,560,560,10,1.0,285,20.0,1.0,3.51231577760768,0.7141697262913566,-0.0027843412232748666,0,0.6388539114951695,0.18982913880809574,0.7700189753320683,0.7089466467245089,-0.26335607510483955,0.6360695702718946,0.18860189925300427,0.7724478178368122,0.7925014847644147,0.4274463742343533
acs_ct2_education,20,1,560,560,560,10,1.0,285,19.9,1.0,1.1272351928132984,0.1515049084864991,0.004702965880500343,1,0.6949124541835232,0.17061267895714535,0.8052703110842645,1.0094113602372856,0.007825795056903144,0.6996154200640236,0.1809325317704672,0.8062518876472364,1.080591757877109,0.5875331272119093
acs_ct2_education,20,1,560,560,560,10,1.0,285,20.0,1.0,3.489133910160875,0.6983407370327053,0.03391741268806192,1,0.609879620032286,0.1821806895823893,0.7839848197343454,0.8335679909893479,-0.1298040700532709,0.6437970327203479,0.18676971929015287,0.788842504743833,0.9510980433109056,0.5076898457268271
acs_ct2_education,20,1,560,560,560,10,1.0,285,20.0,1.0,1.9895194737458497,0.4193205162192868,-0.0032154699815797327,0,0.7595477344525378,0.15334990723849687,0.8398481973434535,1.3102827110944615,-0.12066533976723866,0.756332264470958,0.1639450034749241,0.8327893738140417,1.2517187955972127,0.5208016509887883
acs_ct2_education,20,1,560,560,560,10,1.0,285,20.0,1.0,1.867102907187816,0.4643026766420799,0.010813771941156292,1,0.7049176468761085,0.17366180800727632,0.7964326375711575,0.871720142909816,0.1126472765289882,0.7157314188172648,0.18155662636526712,0.806831119544592,0.9252128137078003,0.6878234035204217
acs_ct2_education,20,3,560,560,1680,10,3.0,285,20.0,1.0,5.910494630539008,0.4844745305054915,0.02100120257598559,1,0.6388539114951695,0.18982913880809574,0.7700189753320683,0.7089466467245089,-0.26335607510483955,0.659855114071155,0.1870147035167313,0.7766982922201139,0.8587311781157162,0.4896236757000183
acs_ct2_education,20,3,560,560,1680,10,3.0,285,19.9,1.0,10.396090975942617,0.6328927210346356,0.0014775424779182034,1,0.6949124541835232,0.17061267895714535,0.8052703110842645,1.0094113602372856,0.007825795056903144,0.6963899966614414,0.18495849677970005,0.805949864089399,1.041974618262988,0.6834335240557415
acs_ct2_education,20,3,560,560,1680,10,3.0,285,20.0,1.0,15.97922261283134,0.7700335742117396,0.03795592819046534,1,0.609879620032286,0.1821806895823893,0.7839848197343454,0.8335679909893479,-0.1298040700532709,0.6478355482227514,0.18829410568945212,0.7906641366223909,0.9835611952953746,0.5263133916801687
acs_ct2_education,20,3,560,560,1680,10,3.0,285,20.0,1.0,15.153602271978325,0.8020087685305508,0.011782105439485435,1,0.7595477344525378,0.15334990723849687,0.8398481973434535,1.3102827110944615,-0.12066533976723866,0.7713298398920232,0.16182017824702985,0.8445540796963947,1.3515981900882084,0.5558582790565073
acs_ct2_education,20,3,560,560,1680,10,3.0,285,20.0,1.0,9.736851994981002,0.6914056983569148,0.007940351723864092,1,0.7049176468761085,0.17366180800727632,0.7964326375711575,0.871720142909816,0.1126472765289882,0.7128579985999726,0.18177272601426353,0.802125237191651,0.9986166551249518,0.6684149714502902
acs_ct2_education,20,2,560,560,1120,10,2.0,285,20.0,1.0,3.6080631153570626,0.43809884870345683,-0.002996631637410152,0,0.6388539114951695,0.18982913880809574,0.7700189753320683,0.7089466467245089,-0.26335607510483955,0.6358572798577593,0.18301098664560114,0.7811005692599621,0.8237418567341257,0.22005917028591115
acs_ct2_education,20,2,560,560,1120,10,2.0,285,19.9,1.0,3.6702562260861655,0.34621526271654346,0.002960024325502575,1,0.6949124541835232,0.17061267895714535,0.8052703110842645,1.0094113602372856,0.007825795056903144,0.6978724785090258,0.1762745509675336,0.8049682875264271,1.104800681990775,0.41831077651125936
acs_ct2_education,20,2,560,560,1120,10,2.0,285,20.0,1.0,1.4252801595499696,0.0,0.021222917784668227,1,0.609879620032286,0.1821806895823893,0.7839848197343454,0.8335679909893479,-0.1298040700532709,0.6311025378169542,0.18118039034628453,0.7902846299810247,0.8726028691236876,0.2684581093146109
acs_ct2_education,20,2,560,560,1120,10,2.0,285,20.0,1.0,3.809147046417726,0.4622348013212699,0.004704929512999723,1,0.7595477344525378,0.15334990723849687,0.8398481973434535,1.3102827110944615,-0.12066533976723866,0.7642526639655375,0.15719523127472323,0.8419734345351043,1.3034086205728166,0.34239139576010225
acs_ct2_education,20,2,560,560,1120,10,2.0,285,20.0,1.0,3.4946737688712406,0.4235809814381092,0.0093474300442703,1,0.7049176468761085,0.17366180800727632,0.7964326375711575,0.871720142909816,0.1126472765289882,0.7142650769203788,0.17550026190236043,0.8063757115749526,0.9551613697884653,0.4966425361610689
acs_ct2_education,20,1,560,560,560,10,1.0,285,20.0,1.0,1.2173778340695285,0.17722686860675183,0.0007767575368909929,1,0.6388539114951695,0.18982913880809574,0.7700189753320683,0.7089466467245089,-0.26335607510483955,0.6396306690320605,0.18366283458694516,0.7816318785578746,0.7724873358726936,0.028042105641435496
acs_ct2_education,20,1,560,560,560,10,1.0,285,19.9,1.0,2.0273253879636304,0.5043868290173427,0.00450077647152769,1,0.6949124541835232,0.17061267895714535,0.8052703110842645,1.0094113602372856,0.007825795056903144,0.6994132306550509,0.1721438908642106,0.8081395348837209,1.0342697382123518,0.2942398064059867
acs_ct2_education,20,1,560,560,560,10,1.0,285,20.0,1.0,1.2706258546890739,0.17823340213246924,0.01349575490153243,1,0.609879620032286,0.1821806895823893,0.7839848197343454,0.8335679909893479,-0.1298040700532709,0.6233753749338184,0.18058051762330857,0.7875521821631879,0.8230086728118102,0.11440016324239421
acs_ct2_education,20,1,560,560,560,10,1.0,285,20.0,1.0,2.244479634821774,0.3790512775072172,0.0006257381992569311,1,0.7595477344525378,0.15334990723849687,0.8398481973434535,1.3102827110944615,-0.12066533976723866,0.7601734726517947,0.15385892559302833,0.8415939278937381,1.297327608020347,0.17937704512300592
acs_ct2_education,20,1,560,560,560,10,1.0,285,20.0,1.0,1.084456734448081,0.07463654900131204,0.005455948730637039,1,0.7049176468761085,0.17366180800727632,0.7964326375711575,0.871720142909816,0.1126472765289882,0.7103735956067455,0.17420316944681252,0.8028842504743832,0.8696672254635384,0.35669417048051416
acs_ct2_education,20,2,560,560,1120,10,2.0,285,20.0,1.0,11.16576478877019,0.7717828769839687,-0.0007174920440808918,0,0.6388539114951695,0.18982913880809574,0.7700189753320683,0.7089466467245089,-0.26335607510483955,0.6381364194510886,0.1855873197343995,0.7681214421252371,0.8396850245249659,0.12195314068460678
acs_ct2_education,20,2,560,560,1120,10,2.0,285,19.9,1.0,3.051959335184138,0.3189076112460186,-0.005103577544092186,0,0.6949124541835232,0.17061267895714535,0.8052703110842645,1.0094113602372856,0.007825795056903144,0.689808876639431,0.17603738468275884,0.8066294170945335,1.0574023200370022,0.3843910797916892
acs_ct2_education,20,2,560,560,1120,10,2.0,285,20.0,1.0,5.973932863610377,0.6555844682947992,-0.004921278205257229,0,0.609879620032286,0.1821806895823893,0.7839848197343454,0.8335679909893479,-0.1298040700532709,0.6049583418270288,0.1864820566353231,0.7764705882352941,0.9017964321846109,0.2162197172357261
acs_ct2_education,20,2,560,560,1120,10,2.0,285,20.0,1.0,6.763589341023906,0.7012442670512702,0.010716054467441727,1,0.7595477344525378,0.15334990723849687,0.8398481973434535,1.3102827110944615,-0.12066533976723866,0.7702637889199795,0.15249882192913894,0.8459203036053131,1.410235248031356,0.14968252826131567
acs_ct2_education,20,2,560,560,1120,10,2.0,285,20.0,1.0,12.112435628509928,0.7839170670001647,-0.008783831232065609,0,0.7049176468761085,0.17366180800727632,0.7964326375711575,0.871720142909816,0.1126472765289882,0.6961338156440429,0.17599283963638923,0.7926375711574953,1.0073590707745381,0.30553501857072846
acs_ct2_education,20,1,560,560,560,10,1.0,285,20.0,1.0,2.6242933459119167,0.60400648688741,-0.014691691330374401,0,0.6388539114951695,0.18982913880809574,0.7700189753320683,0.7089466467245089,-0.26335607510483955,0.6241622201647951,0.2108140059314616,0.7425426944971537,0.7729612537930345,-0.7097662176520994
acs_ct2_education,20,1,560,560,560,10,1.0,285,19.9,1.0,1.7012550150817725,0.3797692903121359,-0.051270117365660894,0,0.6949124541835232,0.17061267895714535,0.8052703110842645,1.0094113602372856,0.007825795056903144,0.6436423368178623,0.19272340911173813,0.7784657203261854,0.9335985151367209,-0.5942727713749478
acs_ct2_education,20,1,560,560,560,10,1.0,285,20.0,1.0,5.841138720622762,0.8268142841839664,0.008547554354437215,1,0.609879620032286,0.1821806895823893,0.7839848197343454,0.8335679909893479,-0.1298040700532709,0.6184271743867232,0.19794421051465597,0.7703984819734345,0.9282122870412991,-0.633213410344991
acs_ct2_education,20,1,560,560,560,10,1.0,285,20.0,1.0,2.920063313586643,0.6535290806673772,-0.0009420844780055893,0,0.7595477344525378,0.15334990723849687,0.8398481973434535,1.3102827110944615,-0.12066533976723866,0.7586056499745322,0.17313235286666595,0.833168880455408,1.310448003287693,-0.6952895931230438
acs_ct2_education,20,1,560,560,560,10,1.0,285,20.0,1.0,2.0505217478861493,0.5088843621018059,-0.007054785743995207,0,0.7049176468761085,0.17366180800727632,0.7964326375711575,0.871720142909816,0.1126472765289882,0.6978628611321133,0.18543060658321997,0.7889184060721063,0.9895087103726694,-0.5518581258330304
acs_ct2_education,21,3,560,560,1680,10,3.0,439,25.3,1.0,20.79681691807334,0.8227799063199595,-0.012776287697062294,0,0.7984428932386727,0.19830276868465121,0.7608726150392818,0.7394484982739148,-0.01062997838341612,0.7856666055416104,0.23598501108063202,0.7657828282828282,0.7643320060114798,1.0886832263394741
acs_ct2_education,21,3,560,560,1680,10,3.0,439,25.3,1.0,11.634648414531227,0.7375971878036697,-0.02754874384532524,0,0.7955571592903539,0.192421553041788,0.77665544332211,0.8274427082392907,0.03446595424406633,0.7680084154450286,0.24064127998141097,0.771043771043771,0.8223725658335017,1.1443713037133378
acs_ct2_education,21,3,560,560,1680,10,3.0,439,25.3,1.0,15.985540774335691,0.7943469901783422,0.005546442360618298,1,0.7850381203474494,0.18528228989633,0.7918771043771043,0.7611366918765154,-0.002849660127858199,0.7905845627080677,0.22354499836120204,0.8045735129068463,0.9225135133620161,1.0778468166862294
acs_ct2_education,21,3,560,560,1680,10,3.0,439,25.3,1.0,16.307998346783865,0.8047565617577301,-0.01750926945026432,0,0.8181583442710794,0.18253437147017276,0.7960157126823794,0.9135574998401934,0.03320715337765884,0.800649074820815,0.22462910176404197,0.7904040404040404,0.9915732847148307,1.0120198686782294
acs_ct2_education,21,3,560,560,1680,10,3.0,439,25.3,1.0,13.827117174609175,0.7359520102577382,-0.010854272480220528,0,0.7900810375477871,0.17642299512898502,0.8060465768799102,0.9564240141379162,-0.01166581475226162,0.7792267650675666,0.21851868118808776,0.8055555555555555,0.9917568934460447,0.9977052671560538
acs_ct2_education,21,1,560,560,560,10,1.0,439,25.3,1.0,0.9788753429125778,0.07250265910894017,-0.004923340417494093,0,0.7984428932386727,0.19830276868465121,0.7608726150392818,0.7394484982739148,-0.01062997838341612,0.7935195528211786,0.22893583291089095,0.7646604938271605,0.8988704455161275,0.9541291028878417
acs_ct2_education,21,1,560,560,560,10,1.0,439,25.3,1.0,1.8285526655621969,0.4509831147256902,-0.012768530142817314,0,0.7955571592903539,0.192421553041788,0.77665544332211,0.8274427082392907,0.03446595424406633,0.7827886291475366,0.2266762099946323,0.7803731762065095,0.9668401952522641,0.9749248576327844
acs_ct2_education,21,1,560,560,560,10,1.0,439,25.3,1.0,2.3997129380108757,0.48515621428419764,0.01114332870391932,1,0.7850381203474494,0.18528228989633,0.7918771043771043,0.7611366918765154,-0.002849660127858199,0.7961814490513687,0.2150636212030143,0.8085016835016835,1.0888275670790826,0.9171190966357542
acs_ct2_education,21,1,560,560,560,10,1.0,439,25.3,1.0,3.994306942744555,0.6448652837509964,-0.014391184090707165,0,0.8181583442710794,0.18253437147017276,0.7960157126823794,0.9135574998401934,0.03320715337765884,0.8037671601803722,0.2164820815070562,0.7908249158249158,1.0447414481471147,0.8924183700729986
acs_ct2_education,21,1,560,560,560,10,1.0,439,25.3,1.0,2.968391895234781,0.5914594340455721,-0.009793715410550852,0,0.7900810375477871,0.17642299512898502,0.8060465768799102,0.9564240141379162,-0.01166581475226162,0.7802873221372363,0.2217828243674735,0.8081509539842874,1.1704734377220267,0.9662120780882596
acs_ct2_education,21,2,560,560,1120,10,2.0,439,25.3,1.0,8.811220043147816,0.7279288718479424,-0.024083795172074596,0,0.7984428932386727,0.19830276868465121,0.7608726150392818,0.7394484982739148,-0.01062997838341612,0.7743590980665981,0.28061114954726063,0.7590488215488216,0.8413213122581534,1.5664419899507371
acs_ct2_education,21,2,560,560,1120,10,2.0,439,25.3,1.0,4.449694388627595,0.5483374430813333,-0.0216430947500853,0,0.7955571592903539,0.192421553041788,0.77665544332211,0.8274427082392907,0.03446595424406633,0.7739140645402686,0.27145702919705417,0.7785493827160493,0.86824135753692,1.552073399499501
acs_ct2_education,21,2,560,560,1120,10,2.0,439,25.3,1.0,8.672424405678834,0.7347641076277269,0.001114821733330107,1,0.7850381203474494,0.18528228989633,0.7918771043771043,0.7611366918765154,-0.002849660127858199,0.7861529420807795,0.26068923186725673,0.8031004489337823,0.9728237978188176,1.4389629932739931
acs_ct2_education,21,2,560,560,1120,10,2.0,439,25.3,1.0,8.718533175343243,0.672520772712089,-0.026210095858250515,0,0.8181583442710794,0.18253437147017276,0.7960157126823794,0.9135574998401934,0.03320715337765884,0.7919482484128288,0.2550048239183502,0.7824074074074073,0.8910906207625191,1.3815268309388975
acs_ct2_education,21,2,560,560,1120,10,2.0,439,25.3,1.0,15.825509444516497,0.8643384098796895,-0.01760598674452407,0,0.7900810375477871,0.17642299512898502,0.8060465768799102,0.9564240141379162,-0.01166581475226162,0.7724750508032631,0.2719870124210997,0.8053451178451179,0.9936039167182018,1.5556260909796795
acs_ct2_education,21,1,560,560,560,10,1.0,439,25.3,1.0,1.2932179058330606,0.2216421853206063,-0.0074381466446853395,0,0.7984428932386727,0.19830276868465121,0.7608726150392818,0.7394484982739148,-0.01062997838341612,0.7910047465939873,0.22406961633177755,0.7538580246913581,0.8481456939868223,0.8310828286039361
acs_ct2_education,21,1,560,560,560,10,1.0,439,25.3,1.0,2.16407614084895,0.3594982900617192,-0.009617878107782474,0,0.7955571592903539,0.192421553041788,0.77665544332211,0.8274427082392907,0.03446595424406633,0.7859392811825714,0.21751472970586141,0.7750420875420876,0.9276757244290238,0.8125504526461063
acs_ct2_education,21,1,560,560,560,10,1.0,439,25.3,1.0,6.906751627081695,0.7975836140931223,0.01996307838028233,1,0.7850381203474494,0.18528228989633,0.7918771043771043,0.7611366918765154,-0.002849660127858199,0.8050011987277317,0.2044393491910662,0.8183922558922558,1.1323574798106761,0.8677817132507376
acs_ct2_education,21,1,560,560,560,10,1.0,439,25.3,1.0,2.4841989070773804,0.46666238558289297,-0.002227359190922651,0,0.8181583442710794,0.18253437147017276,0.7960157126823794,0.9135574998401934,0.03320715337765884,0.8159309850801567,0.21414974493131123,0.787948933782267,1.060279937119255,0.8682655094720201
acs_ct2_education,21,1,560,560,560,10,1.0,439,25.3,1.0,4.26057940470278,0.6339596462555193,-0.003922031893417777,0,0.7900810375477871,0.17642299512898502,0.8060465768799102,0.9564240141379162,-0.01166581475226162,0.7861590056543694,0.2088076640447953,0.8084315375982043,1.1509802789611345,0.8231764852755619
acs_ct2_education,21,4,560,560,2240,10,4.0,439,25.3,1.0,25.029836279411715,0.8373257134123328,-0.029864480212566713,0,0.7984428932386727,0.19830276868465121,0.7608726150392818,0.7394484982739148,-0.01062997838341612,0.768578413026106,0.30446441875184554,0.757084736251403,0.8305972531158438,1.7976144378036132
acs_ct2_education,21,4,560,560,2240,10,4.0,439,25.3,1.0,25.26258376476123,0.8393820823991386,-0.02738727730598456,0,0.7955571592903539,0.192421553041788,0.77665544332211,0.8274427082392907,0.03446595424406633,0.7681698819843693,0.30355582009851706,0.7687991021324355,0.8683298188695068,1.8138525581053386
acs_ct2_education,21,4,560,560,2240,10,4.0,439,25.3,1.0,32.98488417118931,0.852801062038976,0.005708525812287313,1,0.7850381203474494,0.18528228989633,0.7918771043771043,0.7611366918765154,-0.002849660127858199,0.7907466461597367,0.28607354622826436,0.8049943883277216,1.042394597774268,1.6851502300068588
acs_ct2_education,21,4,560,560,2240,10,4.0,439,25.3,1.0,20.992269890246355,0.7813711526462235,-0.02109192101680324,0,0.8181583442710794,0.18253437147017276,0.7960157126823794,0.9135574998401934,0.03320715337765884,0.7970664232542761,0.2844125506894625,0.784371492704826,1.01028748119592,1.6427959440705147
acs_ct2_education,21,4,560,560,2240,10,4.0,439,25.3,1.0,18.562018811407086,0.7299557684441724,-0.012737552862716828,0,0.7900810375477871,0.17642299512898502,0.8060465768799102,0.9564240141379162,-0.01166581475226162,0.7773434846850703,0.2871203396513998,0.804503367003367,1.0465243739866221,1.6947243332110902
acs_ct2_education,21,3,560,560,1680,10,3.0,439,25.3,1.0,19.41243470261784,0.8427690456513315,-0.022847646650230757,0,0.7984428932386727,0.19830276868465121,0.7608726150392818,0.7394484982739148,-0.01062997838341612,0.7755952465884419,0.27783603373429416,0.7566638608305275,1.0554626545599213,1.3989952624341693
acs_ct2_education,21,3,560,560,1680,10,3.0,439,25.3,1.0,22.35093514391773,0.8502025440462677,-0.032891502818392926,0,0.7955571592903539,0.192421553041788,0.77665544332211,0.8274427082392907,0.03446595424406633,0.7626656564719609,0.27102905149724793,0.764800785634119,1.1050900803481818,1.326506406070729
acs_ct2_education,21,3,560,560,1680,10,3.0,439,25.3,1.0,34.16694699056104,0.9115226251989081,0.010581589842059258,1,0.7850381203474494,0.18528228989633,0.7918771043771043,0.7611366918765154,-0.002849660127858199,0.7956197101895086,0.2601305844820623,0.8100448933782267,1.262660401942972,1.3603300782580496
acs_ct2_education,21,3,560,560,1680,10,3.0,439,25.3,1.0,25.59407396891068,0.8456538414158774,-0.019628813029913372,0,0.8181583442710794,0.18253437147017276,0.7960157126823794,0.9135574998401934,0.03320715337765884,0.798529531241166,0.27304043813203127,0.7835297418630751,1.2338629099123986,1.4263726132116623
acs_ct2_education,21,3,560,560,1680,10,3.0,439,25.3,1.0,15.225640234952643,0.8013941222678616,-0.015709462622165882,0,0.7900810375477871,0.17642299512898502,0.8060465768799102,0.9564240141379162,-0.01166581475226162,0.7743715749256213,0.2635022984618219,0.8014870931537599,1.3340363954752605,1.316493283033199
acs_ct2_education,21,2,560,560,1120,10,2.0,439,25.3,1.0,4.247273532848965,0.4984086933847291,-0.015841734818026976,0,0.7984428932386727,0.19830276868465121,0.7608726150392818,0.7394484982739148,-0.01062997838341612,0.7826011584206457,0.269270796041364,0.7560325476992144,0.7512535530557969,1.4917952353769448
acs_ct2_education,21,2,560,560,1120,10,2.0,439,25.3,1.0,7.446517911994919,0.6904517609875789,-0.0077873842770033175,0,0.7955571592903539,0.192421553041788,0.77665544332211,0.8274427082392907,0.03446595424406633,0.7877697750133505,0.2534512845718052,0.7838103254769921,0.8189112775723205,1.4113635797545894
acs_ct2_education,21,2,560,560,1120,10,2.0,439,25.3,1.0,19.097130812015173,0.8937125994168837,0.009230819173961513,1,0.7850381203474494,0.18528228989633,0.7918771043771043,0.7611366918765154,-0.002849660127858199,0.7942689395214109,0.2439991428690627,0.8084315375982043,0.9075864752763759,1.35155086574053
acs_ct2_education,21,2,560,560,1120,10,2.0,439,25.3,1.0,4.3255189652154105,0.47030027022248844,-0.015312269677866919,0,0.8181583442710794,0.18253437147017276,0.7960157126823794,0.9135574998401934,0.03320715337765884,0.8028460745932124,0.24800323016885942,0.7887906846240179,0.8549648183542817,1.3725021471996168
acs_ct2_education,21,2,560,560,1120,10,2.0,439,25.3,1.0,8.085625238171081,0.7515999847541948,-0.008099506505389598,0,0.7900810375477871,0.17642299512898502,0.8060465768799102,0.9564240141379162,-0.01166581475226162,0.7819815310423975,0.2472168560358034,0.8103254769921436,0.9019950919544653,1.4013595646850558
acs_ct2_education,21,4,560,560,2240,10,4.0,439,25.3,1.0,25.70015725752032,0.8421831486903488,-0.028927699472803936,0,0.7984428932386727,0.19830276868465121,0.7608726150392818,0.7394484982739148,-0.01062997838341612,0.7695151937658687,0.2330885351016564,0.7678170594837261,0.9106175642742558,0.996951830955755
acs_ct2_education,21,4,560,560,2240,10,4.0,439,25.3,1.0,24.443469135372048,0.8122437524050155,-0.029934717845176095,0,0.7955571592903539,0.192421553041788,0.77665544332211,0.8274427082392907,0.03446595424406633,0.7656224414451778,0.22982895393894595,0.7734988776655444,0.8931691411772312,0.9671666314190099
acs_ct2_education,21,4,560,560,2240,10,4.0,439,25.3,1.0,22.95978214410986,0.7945220380717792,-0.002404237384890595,0,0.7850381203474494,0.18528228989633,0.7918771043771043,0.7611366918765154,-0.002849660127858199,0.7826338829625588,0.21577608411429663,0.798330527497194,0.9167843706447725,0.9401535782125807
acs_ct2_education,21,4,560,560,2240,10,4.0,439,25.3,1.0,24.634642950089507,0.8288088831390918,-0.023163540851234288,0,0.8181583442710794,0.18253437147017276,0.7960157126823794,0.9135574998401934,0.03320715337765884,0.7949948034198451,0.21555899329745234,0.7855639730639731,0.9560649747322667,0.8624376430241084
acs_ct2_education,21,4,560,560,2240,10,4.0,439,25.3,1.0,12.001592911334225,0.6202408948321363,-0.012903334827343627,0,0.7900810375477871,0.17642299512898502,0.8060465768799102,0.9564240141379162,-0.01166581475226162,0.7771777027204435,0.21446553745797178,0.8038019079685746,1.004397601313963,0.9174707917723782
acs_ct2_education,21,3,560,560,1680,10,3.0,439,25.3,1.0,22.372755083579882,0.82985019751767,-0.010140514591842287,0,0.7984428932386727,0.19830276868465121,0.7608726150392818,0.7394484982739148,-0.01062997838341612,0.7883023786468304,0.2153229941587535,0.7705527497194165,0.88815534225625,0.756597992829704
acs_ct2_education,21,3,560,560,1680,10,3.0,439,25.3,1.0,14.232190527463462,0.7863017351957775,-0.020464778472573553,0,0.7955571592903539,0.192421553041788,0.77665544332211,0.8274427082392907,0.03446595424406633,0.7750923808177803,0.21735376909019077,0.7781986531986532,0.8523897701859631,0.8197838292380781
acs_ct2_education,21,3,560,560,1680,10,3.0,439,25.3,1.0,16.74064171931226,0.8196648887705242,-0.0067690497550827455,0,0.7850381203474494,0.18528228989633,0.7918771043771043,0.7611366918765154,-0.002849660127858199,0.7782690705923666,0.203256407435236,0.7941919191919192,0.840986568920132,0.7321303184038096
acs_ct2_education,21,3,560,560,1680,10,3.0,439,25.3,1.0,16.657756969428902,0.783923824238144,-0.013663688630385584,0,0.8181583442710794,0.18253437147017276,0.7960157126823794,0.9135574998401934,0.03320715337765884,0.8044946556406938,0.2052333387306688,0.7908249158249159,0.957509462789998,0.7248411870850291
acs_ct2_education,21,3,560,560,1680,10,3.0,439,25.3,1.0,11.276312671894814,0.7300684340704732,-0.01966002192607419,0,0.7900810375477871,0.17642299512898502,0.8060465768799102,0.9564240141379162,-0.01166581475226162,0.770421015621713,0.2023590567029603,0.7995230078563412,0.9783957136694029,0.7032930931977436
acs_ct2_education,21,2,560,560,1120,10,2.0,439,25.3,1.0,8.065863892065932,0.7510932163495349,-0.00401000271178753,0,0.7984428932386727,0.19830276868465121,0.7608726150392818,0.7394484982739148,-0.01062997838341612,0.7944328905268851,0.24273428283629814,0.7666947250280584,0.8671705526390581,1.1670925221552204
acs_ct2_education,21,2,560,560,1120,10,2.0,439,25.3,1.0,8.750768264552825,0.6713636492507152,-0.013549845970970531,0,0.7955571592903539,0.192421553041788,0.77665544332211,0.8274427082392907,0.03446595424406633,0.7820073133193833,0.2401311678986546,0.7820566778900112,0.9171683425654191,1.1717407383036333
acs_ct2_education,21,2,560,560,1120,10,2.0,439,25.3,1.0,5.18364396169185,0.6133059530472786,0.004761979712664233,1,0.7850381203474494,0.18528228989633,0.7918771043771043,0.7611366918765154,-0.002849660127858199,0.7898001000601136,0.23153609115945215,0.7992424242424242,0.8789963375987025,1.1684789411110528
acs_ct2_education,21,2,560,560,1120,10,2.0,439,25.3,1.0,11.633398854853182,0.8101895278959346,-0.026022137584842397,0,0.8181583442710794,0.18253437147017276,0.7960157126823794,0.9135574998401934,0.03320715337765884,0.792136206686237,0.2525427107417881,0.7845819304152637,0.9052994130223094,1.3413273998996973
acs_ct2_education,21,2,560,560,1120,10,2.0,439,25.3,1.0,15.95384465746433,0.8731511855681662,-0.02154588320427442,0,0.7900810375477871,0.17642299512898502,0.8060465768799102,0.9564240141379162,-0.01166581475226162,0.7685351543435127,0.2365059083274393,0.7954545454545454,0.9089806980940786,1.1565086638318685
acs_ct2_education,21,3,560,560,1680,10,3.0,439,25.3,1.0,4.673115175946746,0.28590560123061737,-0.004295387948965557,0,0.7984428932386727,0.19830276868465121,0.7608726150392818,0.7394484982739148,-0.01062997838341612,0.7941475052897071,0.20892689690329055,0.7734988776655444,0.8751478197920847,0.6395964890924334
acs_ct2_education,21,3,560,560,1680,10,3.0,439,25.3,1.0,9.14988908280152,0.5985029966898944,-0.025851074906684257,0,0.7955571592903539,0.192421553041788,0.77665544332211,0.8274427082392907,0.03446595424406633,0.7697060843836696,0.21474366432339362,0.7704826038159371,0.8464937675192648,0.7325885627252186
acs_ct2_education,21,3,560,560,1680,10,3.0,439,25.3,1.0,20.404494270262123,0.8528848752250648,0.006890367275027565,1,0.7850381203474494,0.18528228989633,0.7918771043771043,0.7611366918765154,-0.002849660127858199,0.7919284876224769,0.19631206338951,0.807168911335578,0.9985099745561862,0.6723536198591307
acs_ct2_education,21,3,560,560,1680,10,3.0,439,25.3,1.0,14.9335808441177,0.7970913060981268,-0.019306509870814503,0,0.8181583442710794,0.18253437147017276,0.7960157126823794,0.9135574998401934,0.03320715337765884,0.7988518344002649,0.19995396874243251,0.787948933782267,0.9411276867324574,0.5938117777014955
acs_ct2_education,21,3,560,560,1680,10,3.0,439,25.3,1.0,12.957827070949756,0.6970912332132544,-0.012763156596268255,0,0.7900810375477871,0.17642299512898502,0.8060465768799102,0.9564240141379162,-0.01166581475226162,0.7773178809515189,0.1972362639950548,0.8026094276094276,1.098142706811128,0.6042744249192311
acs_ct2_education,21,2,560,560,1120,10,2.0,439,25.3,1.0,9.925227251727566,0.7970220802854853,-0.0073645797748777,0,0.7984428932386727,0.19830276868465121,0.7608726150392818,0.7394484982739148,-0.01062997838341612,0.791078313463795,0.1929514572267212,0.7706930415263749,0.8689707390069127,0.10525587226147672
acs_ct2_education,21,2,560,560,1120,10,2.0,439,25.3,1.0,6.046783785884639,0.668931664151073,-0.019827480928431562,0,0.7955571592903539,0.192421553041788,0.77665544332211,0.8274427082392907,0.03446595424406633,0.7757296783619223,0.1920134969587286,0.7746913580246914,0.86374671801584,0.09909921426646369
acs_ct2_education,21,2,560,560,1120,10,2.0,439,25.3,1.0,8.454184864569413,0.7505685089559282,0.009995727190280856,1,0.7850381203474494,0.18528228989633,0.7918771043771043,0.7611366918765154,-0.002849660127858199,0.7950338475377302,0.17960149667878536,0.8047138047138047,0.8659139982281293,0.14105915947184408
acs_ct2_education,21,2,560,560,1120,10,2.0,439,25.3,1.0,8.110000093079506,0.7433599269384121,-0.012179397506386525,0,0.8181583442710794,0.18253437147017276,0.7960157126823794,0.9135574998401934,0.03320715337765884,0.8059789467646928,0.18331112868885163,0.7912457912457913,0.9371295236745203,0.052056743617143894
acs_ct2_education,21,2,560,560,1120,10,2.0,439,25.3,1.0,5.600117050121202,0.39538912547327326,-0.008870477012532962,0,0.7900810375477871,0.17642299512898502,0.8060465768799102,0.9564240141379162,-0.01166581475226162,0.7812105605352542,0.17656417680060654,0.8045735129068462,0.9789259490551591,0.05899639966140229
acs_ct2_education,22,1,560,560,560,10,1.0,535,18.5,1.0,2.852759282356978,0.629615915252426,-0.02389233493124432,0,0.8359193749363553,0.18343679270795393,0.74234375,0.8276894820906213,-0.048542410286195645,0.812027040005111,0.23547765427546158,0.723125,0.7977403917853598,1.023705838719044
acs_ct2_education,22,1,560,560,560,10,1.0,535,18.6,1.0,2.230675627641893,0.548768398021446,-0.007521522885483689,0,0.8495828688746173,0.17769229070370665,0.7587074455538958,0.8957841195843906,0.2034412933981014,0.8420613459891336,0.23738390769228068,0.747857535969809,0.9641499758377622,1.1719976065966449
acs_ct2_education,22,1,560,560,560,10,1.0,535,18.5,1.0,0.6699677804732425,0.0,-0.01663179396679637,0,0.8463022403267286,0.17144257768975207,0.76875,0.9849172405097066,0.041136995074707874,0.8296704463599323,0.22904789680081108,0.7544531250000001,0.9484097822874237,1.1019515083579272
acs_ct2_education,22,1,560,560,560,10,1.0,535,18.5,1.0,0.9279926505179946,0.008345871962335692,-0.0007539411915831185,0,0.8542583904800365,0.18511714139251853,0.7446875,0.8998986901732782,-0.07939054136962984,0.8535044492884534,0.21464531397113784,0.747734375,0.9596309105746293,0.8826569827856799
acs_ct2_education,22,1,560,560,560,10,1.0,535,18.5,1.0,2.0943040685714873,0.5011798243968167,-0.006179491724749742,0,0.8783299328471139,0.16588588651609268,0.7975,1.0860922883304358,0.006924611007225148,0.8721504411223642,0.2030810528138498,0.7848437500000001,1.1037910344877384,0.9269366378194132
acs_ct2_education,22,4,560,560,2240,10,4.0,535,18.5,1.0,20.354707121385232,0.8033867514563151,0.0070334918339952646,1,0.8359193749363553,0.18343679270795393,0.74234375,0.8276894820906213,-0.048542410286195645,0.8429528667703505,0.23671087606925786,0.743671875,0.920876892738494,1.1472699287238197
acs_ct2_education,22,4,560,560,2240,10,4.0,535,18.6,1.0,21.70965116270899,0.8033775793696434,-0.00250541534963844,0,0.8495828688746173,0.17769229070370665,0.7587074455538958,0.8957841195843906,0.2034412933981014,0.8470774535249789,0.2390197725947415,0.7524962654296721,0.9685271323701602,1.2001316891100988
acs_ct2_education,22,4,560,560,2240,10,4.0,535,18.5,1.0,16.30106033990131,0.7544174071634331,0.0021348603464546034,1,0.8463022403267286,0.17144257768975207,0.76875,0.9849172405097066,0.041136995074707874,0.8484371006731832,0.24234429559972423,0.767109375,1.0430648955255095,1.271115457912357
acs_ct2_education,22,4,560,560,2240,10,4.0,535,18.5,1.0,17.49133314891937,0.7699898163943182,0.007954914218413434,1,0.8542583904800365,0.18511714139251853,0.7446875,0.8998986901732782,-0.07939054136962984,0.8622133046984499,0.2246472837945616,0.753046875,0.9367050766400861,1.040564626581381
acs_ct2_education,22,4,560,560,2240,10,4.0,535,18.5,1.0,19.821671935061953,0.776938808927855,0.0024983336797075317,1,0.8783299328471139,0.16588588651609268,0.7975,1.0860922883304358,0.006924611007225148,0.8808282665268214,0.21483102181843539,0.7967187499999999,1.1729862131434912,1.125999023351516
acs_ct2_education,22,2,560,560,1120,10,2.0,535,18.5,1.0,5.434733182237332,0.6295433366035945,-0.020968527400102466,0,0.8359193749363553,0.18343679270795393,0.74234375,0.8276894820906213,-0.048542410286195645,0.8149508475362528,0.2808675484121331,0.71765625,0.7947605974519824,1.4796832990237194
acs_ct2_education,22,2,560,560,1120,10,2.0,535,18.6,1.0,8.079775686520737,0.7254732571203699,-0.014584398860778225,0,0.8495828688746173,0.17769229070370665,0.7587074455538958,0.8957841195843906,0.2034412933981014,0.8349984700138391,0.2971362871703281,0.7373221165185944,0.933457498917671,1.6754428884390402
acs_ct2_education,22,2,560,560,1120,10,2.0,535,18.5,1.0,5.657668347891837,0.6429928978609569,-0.013824728129264718,0,0.8463022403267286,0.17144257768975207,0.76875,0.9849172405097066,0.041136995074707874,0.8324775121974639,0.2971545291284591,0.74828125,0.9412544656531923,1.7106761110449444
acs_ct2_education,22,2,560,560,1120,10,2.0,535,18.5,1.0,7.182241562195429,0.7212461148331994,-0.006128145679086705,0,0.8542583904800365,0.18511714139251853,0.7446875,0.8998986901732782,-0.07939054136962984,0.8481302448009498,0.2788598265024728,0.74171875,0.9187108075472737,1.5584805716766739
acs_ct2_education,22,2,560,560,1120,10,2.0,535,18.5,1.0,11.503468282452491,0.8121759429558604,-0.007303238627951347,0,0.8783299328471139,0.16588588651609268,0.7975,1.0860922883304358,0.006924611007225148,0.8710266942191626,0.2570223860726573,0.779453125,1.0798314352402683,1.4842439155428955
acs_ct2_education,22,3,560,560,1680,10,3.0,535,18.5,1.0,12.955776634549897,0.6665334846323296,0.009674202163431622,1,0.8359193749363553,0.18343679270795393,0.74234375,0.8276894820906213,-0.048542410286195645,0.8455935770997869,0.2479289151946936,0.7457031249999999,1.0227844175846565,1.2474559284231839
acs_ct2_education,22,3,560,560,1680,10,3.0,535,18.6,1.0,12.768459438959013,0.7613485143246441,-0.009112993493561983,0,0.8495828688746173,0.17769229070370665,0.7587074455538958,0.8957841195843906,0.2034412933981014,0.8404698753810553,0.26002097772537597,0.7506093246324396,1.0072341137428642,1.3651503771314801
acs_ct2_education,22,3,560,560,1680,10,3.0,535,18.5,1.0,16.607401955998135,0.8191437117411211,0.004564879154580037,1,0.8463022403267286,0.17144257768975207,0.76875,0.9849172405097066,0.041136995074707874,0.8508671194813087,0.24870051538901997,0.76890625,1.1415571581454456,1.30414800956769
acs_ct2_education,22,3,560,560,1680,10,3.0,535,18.5,1.0,14.256056778097069,0.7051486771809209,0.007678088760302293,1,0.8542583904800365,0.18511714139251853,0.7446875,0.8998986901732782,-0.07939054136962984,0.8619364792403388,0.2423960047308409,0.7555468750000001,1.089458632152389,1.2153442861312325
acs_ct2_education,22,3,560,560,1680,10,3.0,535,18.5,1.0,24.35111865504801,0.8711480966026467,0.0021102226457865303,1,0.8783299328471139,0.16588588651609268,0.7975,1.0860922883304358,0.006924611007225148,0.8804401554929004,0.23801818882912087,0.79765625,1.3281198437960597,1.3101979596391458
acs_ct2_education,22,1,560,560,560,10,1.0,535,18.5,1.0,0.8299875114819475,0.12236352596987586,0.016014994734545818,1,0.8359193749363553,0.18343679270795393,0.74234375,0.8276894820906213,-0.048542410286195645,0.8519343696709011,0.23983384912449873,0.7509375,0.7851171844894362,1.2362362149905615
acs_ct2_education,22,1,560,560,560,10,1.0,535,18.6,1.0,3.5371398831328196,0.7160842602878648,-0.004408084338666907,0,0.8495828688746173,0.17769229070370665,0.7587074455538958,0.8957841195843906,0.2034412933981014,0.8451747845359504,0.27156069732733684,0.7432974290431638,0.7976580215352554,1.5358594809931976
acs_ct2_education,22,1,560,560,560,10,1.0,535,18.5,1.0,2.2094512093338823,0.5334832430576215,0.007723967708426871,1,0.8463022403267286,0.17144257768975207,0.76875,0.9849172405097066,0.041136995074707874,0.8540262080351555,0.23809142297129146,0.777578125,1.0213575189644553,1.293756276018609
acs_ct2_education,22,1,560,560,560,10,1.0,535,18.5,1.0,6.245526403544639,0.838479635275145,0.009436786222668081,1,0.8542583904800365,0.18511714139251853,0.7446875,0.8998986901732782,-0.07939054136962984,0.8636951767027046,0.22683483763386103,0.751875,0.996984876529861,1.0589645538026522
acs_ct2_education,22,1,560,560,560,10,1.0,535,18.5,1.0,2.787254157014087,0.6396116853917269,0.005370192277148633,1,0.8783299328471139,0.16588588651609268,0.7975,1.0860922883304358,0.006924611007225148,0.8837001251242625,0.2240538709282155,0.797578125,1.100807748751165,1.255329850487983
acs_ct2_education,22,4,560,560,2240,10,4.0,535,18.5,1.0,18.60975121770346,0.7841981167466103,0.01096731180308963,1,0.8359193749363553,0.18343679270795393,0.74234375,0.8276894820906213,-0.048542410286195645,0.8468866867394449,0.33252014194805374,0.7405468749999999,0.8420688898437333,2.048311968790622
acs_ct2_education,22,4,560,560,2240,10,4.0,535,18.6,1.0,20.022987769798505,0.7924904752004185,-0.012494491752857217,0,0.8495828688746173,0.17769229070370665,0.7587074455538958,0.8957841195843906,0.2034412933981014,0.8370883771217601,0.36778539246819797,0.7395235474486989,0.7573403843053096,2.3594520124096587
acs_ct2_education,22,4,560,560,2240,10,4.0,535,18.5,1.0,24.02647932248812,0.8327699640306251,-0.0023278300408443586,0,0.8463022403267286,0.17144257768975207,0.76875,0.9849172405097066,0.041136995074707874,0.8439744102858843,0.35347086496379404,0.7604687499999999,0.9113326229680712,2.2271547315510483
acs_ct2_education,22,4,560,560,2240,10,4.0,535,18.5,1.0,18.11676393560805,0.7769912981969008,0.005608045392711092,1,0.8542583904800365,0.18511714139251853,0.7446875,0.8998986901732782,-0.07939054136962984,0.8598664358727476,0.3297036717462099,0.747265625,0.9132607137209527,2.017575290767421
acs_ct2_education,22,4,560,560,2240,10,4.0,535,18.5,1.0,25.041819067983987,0.8376251829411986,-0.0016805378761767242,0,0.8783299328471139,0.16588588651609268,0.7975,1.0860922883304358,0.006924611007225148,0.8766493949709372,0.3199066586578069,0.788203125,1.0542064355252252,2.0812036531757716
acs_ct2_education,22,2,560,560,1120,10,2.0,535,18.5,1.0,3.348607563510294,0.35111701248530197,0.014227566668091218,1,0.8359193749363553,0.18343679270795393,0.74234375,0.8276894820906213,-0.048542410286195645,0.8501469416044465,0.26104276110348795,0.7465625,0.7956131101105935,1.4540622298843953
acs_ct2_education,22,2,560,560,1120,10,2.0,535,18.6,1.0,6.060369621980636,0.6676881523650994,-0.006560194343655179,0,0.8495828688746173,0.17769229070370665,0.7587074455538958,0.8957841195843906,0.2034412933981014,0.8430226745309621,0.2806041689645904,0.7457347275729224,0.8275773012322837,1.6212966998925422
acs_ct2_education,22,2,560,560,1120,10,2.0,535,18.5,1.0,4.88006681731082,0.5799596101216238,0.002965687675365314,1,0.8463022403267286,0.17144257768975207,0.76875,0.9849172405097066,0.041136995074707874,0.8492679280020939,0.25440495957696224,0.775859375,0.9704412036182811,1.4580321231344
acs_ct2_education,22,2,560,560,1120,10,2.0,535,18.5,1.0,8.852529376061543,0.7652169915552693,0.0087940298690794,1,0.8542583904800365,0.18511714139251853,0.7446875,0.8998986901732782,-0.07939054136962984,0.8630524203491159,0.2529492127963554,0.7521874999999999,0.9466512319661858,1.3571036292001395
acs_ct2_education,22,2,560,560,1120,10,2.0,535,18.5,1.0,6.995295270397788,0.7028180577899455,0.0032518300085419005,1,0.8783299328471139,0.16588588651609268,0.7975,1.0860922883304358,0.006924611007225148,0.8815817628556558,0.2406376773167013,0.7968749999999999,1.0391829483509105,1.445369952115448
acs_ct2_education,22,2,560,560,1120,10,2.0,535,18.5,1.0,8.399010464108748,0.7601115650669172,0.004556750306804802,1,0.8359193749363553,0.18343679270795393,0.74234375,0.8276894820906213,-0.048542410286195645,0.8404761252431601,0.2933677754457094,0.7358593749999999,0.931571402701574,1.642625345024315
acs_ct2_education,22,2,560,560,1120,10,2.0,535,18.6,1.0,9.30351900933276,0.7739555406307701,-0.012813372630787634,0,0.8495828688746173,0.17769229070370665,0.7587074455538958,0.8957841195843906,0.2034412933981014,0.8367694962438297,0.32094902425826555,0.7415677333123674,0.9465681747044948,1.859068799004838
acs_ct2_education,22,2,560,560,1120,10,2.0,535,18.5,1.0,5.09681777911368,0.5999307645018367,0.003217219292056539,1,0.8463022403267286,0.17144257768975207,0.76875,0.9849172405097066,0.041136995074707874,0.8495194596187852,0.2947065221669259,0.767421875,1.106597875436164,1.707195887200631
acs_ct2_education,22,2,560,560,1120,10,2.0,535,18.5,1.0,10.02284481688735,0.800273334557343,0.006214552053005029,1,0.8542583904800365,0.18511714139251853,0.7446875,0.8998986901732782,-0.07939054136962984,0.8604729425330415,0.28457325459221433,0.74890625,1.0969723260473534,1.5672681431580195
acs_ct2_education,22,2,560,560,1120,10,2.0,535,18.5,1.0,12.824736719764287,0.8434538062532144,-0.0010133354648760307,0,0.8783299328471139,0.16588588651609268,0.7975,1.0860922883304358,0.006924611007225148,0.8773165973822379,0.27435367471302313,0.792890625,1.2621744164490187,1.6268446953914555
acs_ct2_education,22,4,560,560,2240,10,4.0,535,18.5,1.0,19.46682186098146,0.7883203601775057,-0.007016422708583048,0,0.8359193749363553,0.18343679270795393,0.74234375,0.8276894820906213,-0.048542410286195645,0.8289029522277722,0.3465701781290907,0.731875,0.8812950071388925,2.0552438377312425
acs_ct2_education,22,4,560,560,2240,10,4.0,535,18.6,1.0,14.55571010796492,0.723095555384968,-0.01712491711390285,0,0.8495828688746173,0.17769229070370665,0.7587074455538958,0.8957841195843906,0.2034412933981014,0.8324579517607145,0.35815025487226987,0.7420394685116755,0.8898962501484846,2.166668107603563
acs_ct2_education,22,4,560,560,2240,10,4.0,535,18.5,1.0,19.24757199446801,0.7921486149543371,-0.005699077458344637,0,0.8463022403267286,0.17144257768975207,0.76875,0.9849172405097066,0.041136995074707874,0.840603162868384,0.35079439870679013,0.754453125,0.9255280622559534,2.1598670390556762
acs_ct2_education,22,4,560,560,2240,10,4.0,535,18.5,1.0,23.568764494815134,0.7941550866157894,0.002738226312944403,1,0.8542583904800365,0.18511714139251853,0.7446875,0.8998986901732782,-0.07939054136962984,0.8569966167929809,0.33558497087308425,0.753984375,0.9236548406781211,2.0806110225116905
acs_ct2_education,22,4,560,560,2240,10,4.0,535,18.5,1.0,23.137202581543477,0.8240364616945477,-0.004274666373068947,0,0.8783299328471139,0.16588588651609268,0.7975,1.0860922883304358,0.006924611007225148,0.874055266474045,0.33280409372010844,0.7878125,1.127875629739405,2.1199723107485124
acs_ct2_education,22,2,560,560,1120,10,2.0,535,18.5,1.0,11.151045403904588,0.8173561697220952,-0.00977342486503352,0,0.8359193749363553,0.18343679270795393,0.74234375,0.8276894820906213,-0.048542410286195645,0.8261459500713217,0.26443124529108286,0.7258593750000001,0.8388130543318166,1.3566628778194147
acs_ct2_education,22,2,560,560,1120,10,2.0,535,18.6,1.0,6.228000885452275,0.6457814259414251,-0.020927115076420755,0,0.8495828688746173,0.17769229070370665,0.7587074455538958,0.8957841195843906,0.2034412933981014,0.8286557537981966,0.275961856362337,0.7382655869172104,0.8835505587677185,1.4902976715730654
acs_ct2_education,22,2,560,560,1120,10,2.0,535,18.5,1.0,8.285169967609464,0.7581829137012412,-0.005719392251733124,0,0.8463022403267286,0.17144257768975207,0.76875,0.9849172405097066,0.041136995074707874,0.8405828480749955,0.2649650189235599,0.7634375000000001,0.9515294155482008,1.4765487177684913
acs_ct2_education,22,2,560,560,1120,10,2.0,535,18.5,1.0,13.156960345489036,0.8473946035989219,0.002524088517294243,1,0.8542583904800365,0.18511714139251853,0.7446875,0.8998986901732782,-0.07939054136962984,0.8567824789973307,0.24742787517190934,0.7453906249999999,1.0123751149702158,1.2443739281795063
acs_ct2_education,22,2,560,560,1120,10,2.0,535,18.5,1.0,8.45945791312471,0.7615909173397442,0.0035620314660617103,1,0.8783299328471139,0.16588588651609268,0.7975,1.0860922883304358,0.006924611007225148,0.8818919643131756,0.2362205632993017,0.79703125,1.1641977914192083,1.3449992400299604
acs_ct2_education,22,3,560,560,1680,10,3.0,535,18.5,1.0,11.258173113133367,0.7322692898610436,0.009948656944498646,1,0.8359193749363553,0.18343679270795393,0.74234375,0.8276894820906213,-0.048542410286195645,0.8458680318808539,0.19180768841750775,0.7505468750000001,0.9218386403187457,0.4896255686906837
acs_ct2_education,22,3,560,560,1680,10,3.0,535,18.6,1.0,12.230234747100608,0.7533836132300394,-0.002945914437075259,0,0.8495828688746173,0.17769229070370665,0.7587074455538958,0.8957841195843906,0.2034412933981014,0.846636954437542,0.20424052664858833,0.7525748879628902,0.8713371812129084,0.7655207647576996
acs_ct2_education,22,3,560,560,1680,10,3.0,535,18.5,1.0,12.362607776945373,0.7572955280457592,-0.001168775399109645,0,0.8463022403267286,0.17144257768975207,0.76875,0.9849172405097066,0.041136995074707874,0.845133464927619,0.18785209823489624,0.7688281250000001,0.9902908482312344,0.5958286900497581
acs_ct2_education,22,3,560,560,1680,10,3.0,535,18.5,1.0,9.59991236513445,0.6874936421059441,0.00935586902407537,1,0.8542583904800365,0.18511714139251853,0.7446875,0.8998986901732782,-0.07939054136962984,0.8636142595041119,0.1872229452250971,0.7563281249999999,0.9592076428740798,0.39189476768873466
acs_ct2_education,22,3,560,560,1680,10,3.0,535,18.5,1.0,11.217546849905052,0.7283793661686471,0.0038389378767377247,1,0.8783299328471139,0.16588588651609268,0.7975,1.0860922883304358,0.006924611007225148,0.8821688707238516,0.17723637530163128,0.795546875,1.1926895483484974,0.5400626009567768
acs_ct2_education,23,3,560,560,1680,10,3.0,619,12.7,1.0,10.74016821783323,0.6787532771140238,-0.007534826915546078,0,0.8848661798681451,0.1458039429256387,0.7291915571485463,0.9227319807639595,0.04086433396433893,0.877331352952599,0.22740656082051428,0.7215252887295899,0.7567792895401609,1.4795285778476903
acs_ct2_education,23,3,560,560,1680,10,3.0,619,12.7,1.0,9.372958082358297,0.67784583690781,-0.0010416034103449823,0,0.8739746280580135,0.16244677636125363,0.6995221027479092,0.582018674549723,0.05523432039423379,0.8729330246476685,0.21567605063342468,0.7089804858622063,0.6697692616671365,1.3026231289731873
acs_ct2_education,23,3,560,560,1680,10,3.0,619,12.7,1.0,20.066490721342802,0.8212914537029024,-0.008933715300355027,0,0.8774024036732349,0.15797918996431434,0.7232178414974114,0.6791608927286026,0.08517422264879901,0.8684686883728798,0.2317050569717554,0.7184388689765033,0.6535284752072366,1.4926364246278843
acs_ct2_education,23,3,560,560,1680,10,3.0,619,12.7,1.0,17.31555555613219,0.8197928006753121,0.01312115412918291,1,0.8251761243839653,0.1657474924751852,0.6464555953803266,0.48388203002165736,-0.07927482180375929,0.8382972785131482,0.24322380431295468,0.6437674233373157,0.4572638630271086,1.3754270324000133
acs_ct2_education,23,3,560,560,1680,10,3.0,619,12.7,1.0,10.485461094374894,0.7125962854314525,0.0017488777325427307,1,0.875816985653575,0.14916148607695795,0.7291915571485464,0.7514159775300855,-0.03358983048629351,0.8775658633861178,0.21321548197201073,0.7250099561927519,0.7229556574901307,1.3252735813819692
acs_ct2_education,23,2,560,560,1120,10,2.0,619,12.7,1.0,4.369004135992953,0.5421893326515248,-0.008013529817153198,0,0.8848661798681451,0.1458039429256387,0.7291915571485463,0.9227319807639595,0.04086433396433893,0.8768526500509919,0.2637498210107109,0.7024093986459579,0.8261457964517621,1.6735353496022842
acs_ct2_education,23,2,560,560,1120,10,2.0,619,12.7,1.0,2.4200301242442404,0.16613028324566617,-0.005866819579805949,0,0.8739746280580135,0.16244677636125363,0.6995221027479092,0.582018674549723,0.05523432039423379,0.8681078084782076,0.2517819751148966,0.6892672242134608,0.6906179223414947,1.5838872768027317
acs_ct2_education,23,2,560,560,1120,10,2.0,619,12.7,1.0,11.533092792783734,0.814161003791299,0.0053480562335919135,1,0.8774024036732349,0.15797918996431434,0.7232178414974114,0.6791608927286026,0.08517422264879901,0.8827504599068268,0.2580132592250603,0.7362604540023895,0.876163532633809,1.6850634673190863
acs_ct2_education,23,2,560,560,1120,10,2.0,619,12.7,1.0,9.839259031579234,0.7721008977017597,0.010967569451521442,1,0.8251761243839653,0.1657474924751852,0.6464555953803266,0.48388203002165736,-0.07927482180375929,0.8361436938354867,0.270948516470997,0.6319195539625647,0.4652473432129937,1.5794976856602623
acs_ct2_education,23,2,560,560,1120,10,2.0,619,12.7,1.0,11.068135875202032,0.8101407593366381,0.0053017640416926914,1,0.875816985653575,0.14916148607695795,0.7291915571485464,0.7514159775300855,-0.03358983048629351,0.8811187496952677,0.23587589318304553,0.7290919952210275,0.7818372326087089,1.517196881291945
acs_ct2_education,23,4,560,560,2240,10,4.0,619,12.7,1.0,12.654288745468786,0.6782682654492587,-0.012258609588765235,0,0.8848661798681451,0.1458039429256387,0.7291915571485463,0.9227319807639595,0.04086433396433893,0.8726075702793799,0.31317560334819267,0.7153524492234169,0.6610301892387928,2.2108161207771913
acs_ct2_education,23,4,560,560,2240,10,4.0,619,12.7,1.0,9.45332011367535,0.5380591907658606,-0.005853642299449402,0,0.8739746280580135,0.16244677636125363,0.6995221027479092,0.582018674549723,0.05523432039423379,0.8681209857585641,0.3108406786824767,0.6842891278375149,0.5109953281353152,2.113889452401593
acs_ct2_education,23,4,560,560,2240,10,4.0,619,12.7,1.0,14.824182280559217,0.729546942310702,-0.003913649214133397,0,0.8774024036732349,0.15797918996431434,0.7232178414974114,0.6791608927286026,0.08517422264879901,0.8734887544591015,0.3177955976604823,0.7081839904420549,0.6089096678415725,2.189857056918552
acs_ct2_education,23,4,560,560,2240,10,4.0,619,12.7,1.0,11.894682550860379,0.6455170119298981,0.014433552333756872,1,0.8251761243839653,0.1657474924751852,0.6464555953803266,0.48388203002165736,-0.07927482180375929,0.8396096767177221,0.31818808447739105,0.6509358821186777,0.4471651090208111,2.0407149483874725
acs_ct2_education,23,4,560,560,2240,10,4.0,619,12.7,1.0,14.303318325211654,0.6840376511977507,0.004761658836751836,1,0.875816985653575,0.14916148607695795,0.7291915571485464,0.7514159775300855,-0.03358983048629351,0.8805786444903269,0.29589720627267607,0.7231182795698925,0.6341249685730247,2.061452450216958
acs_ct2_education,23,2,560,560,1120,10,2.0,619,12.7,1.0,7.701528067022858,0.6156977556168982,-0.006797082586493475,0,0.8848661798681451,0.1458039429256387,0.7291915571485463,0.9227319807639595,0.04086433396433893,0.8780690972816516,0.21515675965439873,0.720131421744325,0.7640620133979348,1.359017730473752
acs_ct2_education,23,2,560,560,1120,10,2.0,619,12.7,1.0,5.886415119971593,0.6601447383171973,-0.004164520257039506,0,0.8739746280580135,0.16244677636125363,0.6995221027479092,0.582018674549723,0.05523432039423379,0.869810107800974,0.21563665521976277,0.6882716049382717,0.5997907908735787,1.2304668803099656
acs_ct2_education,23,2,560,560,1120,10,2.0,619,12.7,1.0,12.06111701015259,0.8339508459176893,-0.0039113769847018975,0,0.8774024036732349,0.15797918996431434,0.7232178414974114,0.6791608927286026,0.08517422264879901,0.873491026688533,0.23320840946375732,0.7022102747909199,0.6133770770762251,1.457599246094516
acs_ct2_education,23,2,560,560,1120,10,2.0,619,12.7,1.0,9.320723189308696,0.6908386013831621,0.016327305121213387,1,0.8251761243839653,0.1657474924751852,0.6464555953803266,0.48388203002165736,-0.07927482180375929,0.8415034295051786,0.23747942929016694,0.6429709279171644,0.48845469451093043,1.3211949965042225
acs_ct2_education,23,2,560,560,1120,10,2.0,619,12.7,1.0,6.327914167473735,0.6486498093825334,0.005125863761998306,1,0.875816985653575,0.14916148607695795,0.7291915571485464,0.7514159775300855,-0.03358983048629351,0.8809428494155733,0.21098029097629373,0.7250099561927518,0.7287498106201888,1.2843248833128673
acs_ct2_education,23,4,560,560,2240,10,4.0,619,12.7,1.0,28.82266540217061,0.8580937578264478,-0.0075624874530969555,0,0.8848661798681451,0.1458039429256387,0.7291915571485463,0.9227319807639595,0.04086433396433893,0.8773036924150481,0.27970282191601187,0.7167463162086817,0.6869056228943413,1.9372026497017678
acs_ct2_education,23,4,560,560,2240,10,4.0,619,12.7,1.0,26.48341804476523,0.8472810461717639,-0.004273206508562333,0,0.8739746280580135,0.16244677636125363,0.6995221027479092,0.582018674549723,0.05523432039423379,0.8697014215494512,0.290235680529727,0.6819992035045798,0.4802819435568014,1.9739980147882739
acs_ct2_education,23,4,560,560,2240,10,4.0,619,12.7,1.0,17.09665470433118,0.762909712935055,0.001969082233315267,1,0.8774024036732349,0.15797918996431434,0.7232178414974114,0.6791608927286026,0.08517422264879901,0.8793714859065501,0.28202108661975794,0.7234169653524493,0.6376698389660439,1.9550570477137383
acs_ct2_education,23,4,560,560,2240,10,4.0,619,12.7,1.0,22.591423660804228,0.8130372815242896,0.020910921035022234,1,0.8251761243839653,0.1657474924751852,0.6464555953803266,0.48388203002165736,-0.07927482180375929,0.8460870454189875,0.28042542250901087,0.6494424532058941,0.4424061105483252,1.743509364540593
acs_ct2_education,23,4,560,560,2240,10,4.0,619,12.7,1.0,24.21243010766284,0.8346119371239883,0.008888085307007576,1,0.875816985653575,0.14916148607695795,0.7291915571485464,0.7514159775300855,-0.03358983048629351,0.8847050709605826,0.2579088714434251,0.7329749103942652,0.7070228761590557,1.7663056871008975
acs_ct2_education,23,3,560,560,1680,10,3.0,619,12.7,1.0,11.410196276289447,0.7199429137977975,-0.011623188732558076,0,0.8848661798681451,0.1458039429256387,0.7291915571485463,0.9227319807639595,0.04086433396433893,0.873242991135587,0.2854916700096359,0.7006172839506173,0.6038688146845814,1.9744662268298523
acs_ct2_education,23,3,560,560,1680,10,3.0,619,12.7,1.0,8.54077336292572,0.619135044750609,-0.00920696027063661,0,0.8739746280580135,0.16244677636125363,0.6995221027479092,0.582018674549723,0.05523432039423379,0.8647676677873769,0.28311795961665104,0.6778176025487853,0.4622894272474389,1.91828055815848
acs_ct2_education,23,3,560,560,1680,10,3.0,619,12.7,1.0,10.130042531487824,0.6938404702766909,0.0027067237785290965,1,0.8774024036732349,0.15797918996431434,0.7232178414974114,0.6791608927286026,0.08517422264879901,0.880109127451764,0.28382331914980174,0.720131421744325,0.5808873552864968,1.9936384842247887
acs_ct2_education,23,3,560,560,1680,10,3.0,619,12.7,1.0,16.596883550253644,0.8130765449552291,0.008560148525422084,1,0.8251761243839653,0.1657474924751852,0.6464555953803266,0.48388203002165736,-0.07927482180375929,0.8337362729093873,0.2919362747736512,0.6476503385105535,0.4083715415379969,1.8656810575407297
acs_ct2_education,23,3,560,560,1680,10,3.0,619,12.7,1.0,8.64737065385404,0.6298502890436425,0.00799230314315802,1,0.875816985653575,0.14916148607695795,0.7291915571485464,0.7514159775300855,-0.03358983048629351,0.883809288796733,0.26195172319353804,0.730884109916368,0.6154755914521154,1.8281615530831252
acs_ct2_education,23,4,560,560,2240,10,4.0,619,12.7,1.0,17.838123651358803,0.7756185531421715,-0.0033668267430075893,0,0.8848661798681451,0.1458039429256387,0.7291915571485463,0.9227319807639595,0.04086433396433893,0.8814993531251375,0.2693085124304474,0.7142572680207089,0.7464161202440076,1.8174516541853682
acs_ct2_education,23,4,560,560,2240,10,4.0,619,12.7,1.0,18.096181046591347,0.7763203833573038,-0.005392097880775659,0,0.8739746280580135,0.16244677636125363,0.6995221027479092,0.582018674549723,0.05523432039423379,0.8685825301772379,0.2558885708498369,0.6839904420549583,0.6201010249795522,1.6132418027082063
acs_ct2_education,23,4,560,560,2240,10,4.0,619,12.7,1.0,15.625108067923748,0.7417393698367091,-0.004677345189199045,0,0.8774024036732349,0.15797918996431434,0.7232178414974114,0.6791608927286026,0.08517422264879901,0.8727250584840358,0.27934938517095226,0.7025089605734767,0.6199029475932906,1.8644978042395468
acs_ct2_education,23,4,560,560,2240,10,4.0,619,12.7,1.0,14.458694005338083,0.7211916193314154,0.022802562216571287,1,0.8251761243839653,0.1657474924751852,0.6464555953803266,0.48388203002165736,-0.07927482180375929,0.8479786866005365,0.2943735937772151,0.6332138590203107,0.43306179344209905,1.8022665222290934
acs_ct2_education,23,4,560,560,2240,10,4.0,619,12.7,1.0,18.438423163899053,0.7775116573439392,0.007848470609255198,1,0.875816985653575,0.14916148607695795,0.7291915571485464,0.7514159775300855,-0.03358983048629351,0.8836654562628302,0.25640852919216256,0.7221226602947033,0.7297264151961723,1.705066430101494
acs_ct2_education,23,3,560,560,1680,10,3.0,619,12.7,1.0,14.532806197250634,0.783089953894481,0.0019420461309872517,1,0.8848661798681451,0.1458039429256387,0.7291915571485463,0.9227319807639595,0.04086433396433893,0.8868082259991323,0.29926180840604505,0.717642373556352,0.795776396443649,2.0085932990732265
acs_ct2_education,23,3,560,560,1680,10,3.0,619,12.7,1.0,9.691809824793207,0.6875401646235255,-0.0050096498803521294,0,0.8739746280580135,0.16244677636125363,0.6995221027479092,0.582018674549723,0.05523432039423379,0.8689649781776614,0.2928933920047749,0.6759259259259259,0.5906492126445538,1.8851143614368633
acs_ct2_education,23,3,560,560,1680,10,3.0,619,12.7,1.0,20.716774129518512,0.8482851425671776,0.005161514726234606,1,0.8774024036732349,0.15797918996431434,0.7232178414974114,0.6791608927286026,0.08517422264879901,0.8825639183994695,0.31973765592550596,0.7199322978892871,0.779699819588289,2.11869123447451
acs_ct2_education,23,3,560,560,1680,10,3.0,619,12.7,1.0,15.729085894666856,0.8092246525310125,0.02181407893922105,1,0.8251761243839653,0.1657474924751852,0.6464555953803266,0.48388203002165736,-0.07927482180375929,0.8469902033231863,0.32771017902678323,0.6342094782954998,0.43946768911439466,2.0598921553899614
acs_ct2_education,23,3,560,560,1680,10,3.0,619,12.7,1.0,16.011730116782065,0.741060703101616,0.013557787884580286,1,0.875816985653575,0.14916148607695795,0.7291915571485464,0.7514159775300855,-0.03358983048629351,0.8893747735381553,0.2867940737823493,0.737953006770211,0.7941460722012889,1.9476577538997837
acs_ct2_education,23,1,560,560,560,10,1.0,619,12.7,1.0,4.624767892811305,0.7472192627871401,-0.010622927759746603,0,0.8848661798681451,0.1458039429256387,0.7291915571485463,0.9227319807639595,0.04086433396433893,0.8742432521083985,0.1930395570430308,0.7120669056152927,0.7234931292833701,1.078615638874113
acs_ct2_education,23,1,560,560,560,10,1.0,619,12.7,1.0,4.821150599890715,0.7918720928203429,0.0023755438555528308,1,0.8739746280580135,0.16244677636125363,0.6995221027479092,0.582018674549723,0.05523432039423379,0.8763501719135663,0.19391247926684485,0.7030067702110714,0.5839404838373258,0.9916785675582753
acs_ct2_education,23,1,560,560,560,10,1.0,619,12.7,1.0,4.781264746570332,0.758832759151111,-0.008694553195367938,0,0.8774024036732349,0.15797918996431434,0.7232178414974114,0.6791608927286026,0.08517422264879901,0.8687078504778669,0.2086219555172533,0.7061927518916766,0.5401602464102595,1.2102162563365804
acs_ct2_education,23,1,560,560,560,10,1.0,619,12.7,1.0,3.6121013633823518,0.4215282598762916,0.01758422855012043,1,0.8251761243839653,0.1657474924751852,0.6464555953803266,0.48388203002165736,-0.07927482180375929,0.8427603529340857,0.20528295939194946,0.6480485862206292,0.4660467934770673,0.9516558061567064
acs_ct2_education,23,1,560,560,560,10,1.0,619,12.7,1.0,2.5111229872494714,0.3897882025850905,0.002233308243696386,1,0.875816985653575,0.14916148607695795,0.7291915571485464,0.7514159775300855,-0.03358983048629351,0.8780502938972714,0.1904836365170995,0.7266029470330545,0.6252102202221219,1.048005154755547
acs_ct2_education,23,4,560,560,2240,10,4.0,619,12.7,1.0,21.9302016062489,0.7991871748792825,-0.0051242868085426,0,0.8848661798681451,0.1458039429256387,0.7291915571485463,0.9227319807639595,0.04086433396433893,0.8797418930596025,0.26445003854882837,0.7138590203106332,0.7422231785863947,1.7772003253560422
acs_ct2_education,23,4,560,560,2240,10,4.0,619,12.7,1.0,20.982943332217392,0.7439560569716652,-0.0010041046858413338,0,0.8739746280580135,0.16244677636125363,0.6995221027479092,0.582018674549723,0.05523432039423379,0.8729705233721722,0.2579662385741814,0.6950418160095581,0.6184460340666903,1.6650612377058651
acs_ct2_education,23,4,560,560,2240,10,4.0,619,12.7,1.0,28.171024848157835,0.8390791975544675,-0.00627602249105752,0,0.8774024036732349,0.15797918996431434,0.7232178414974114,0.6791608927286026,0.08517422264879901,0.8711263811821773,0.27785601675593874,0.7179410593389088,0.6702699645295596,1.8856487231568058
acs_ct2_education,23,4,560,560,2240,10,4.0,619,12.7,1.0,24.342188631393995,0.8342122991144201,0.017178595457230772,1,0.8251761243839653,0.1657474924751852,0.6464555953803266,0.48388203002165736,-0.07927482180375929,0.842354719841196,0.2907412226108577,0.6401831939466348,0.4516916729231261,1.7866936978834738
acs_ct2_education,23,4,560,560,2240,10,4.0,619,12.7,1.0,24.226754159765786,0.8310288530919057,0.008007154811267125,1,0.875816985653575,0.14916148607695795,0.7291915571485464,0.7514159775300855,-0.03358983048629351,0.8838241404648421,0.2527426831468895,0.7295898048586221,0.690108207964653,1.7194527391223529
acs_ct2_education,23,3,560,560,1680,10,3.0,619,12.7,1.0,7.930473531890508,0.6214985331231953,-0.0074207864576173455,0,0.8848661798681451,0.1458039429256387,0.7291915571485463,0.9227319807639595,0.04086433396433893,0.8774453934105277,0.15468874983098874,0.7270011947431303,0.7846032829715887,0.4960420519753202
acs_ct2_education,23,3,560,560,1680,10,3.0,619,12.7,1.0,12.146581427874956,0.7442929502036046,-0.0008933473813513837,0,0.8739746280580135,0.16244677636125363,0.6995221027479092,0.582018674549723,0.05523432039423379,0.8730812806766621,0.1649952471768815,0.7090800477897252,0.6344834616209868,0.46356548459029445
acs_ct2_education,23,3,560,560,1680,10,3.0,619,12.7,1.0,11.962475477720542,0.7482192828789378,-0.00033784610609643995,0,0.8774024036732349,0.15797918996431434,0.7232178414974114,0.6791608927286026,0.08517422264879901,0.8770645575671384,0.1666620178397065,0.7216248506571087,0.6758451557140288,0.5547525729300163
acs_ct2_education,23,3,560,560,1680,10,3.0,619,12.7,1.0,13.209698942771503,0.7695417446309523,0.013365931041784185,1,0.8251761243839653,0.1657474924751852,0.6464555953803266,0.48388203002165736,-0.07927482180375929,0.8385420554257494,0.1752962790602593,0.649641577060932,0.492573683038429,0.40286061345506213
acs_ct2_education,23,3,560,560,1680,10,3.0,619,12.7,1.0,8.153046498372351,0.6204785256410617,0.007143864535036681,1,0.875816985653575,0.14916148607695795,0.7291915571485464,0.7514159775300855,-0.03358983048629351,0.8829608501886117,0.1555075139823936,0.7316806053365194,0.7709498158908661,0.3975719630339741
acs_ct2_education,23,1,560,560,560,10,1.0,619,12.7,1.0,3.230657158445537,0.6900222463945256,0.001931491242009642,1,0.8848661798681451,0.1458039429256387,0.7291915571485463,0.9227319807639595,0.04086433396433893,0.8867976711101547,0.2077990311152111,0.7143568299482278,0.8661193647806935,1.2140576967553816
acs_ct2_education,23,1,560,560,560,10,1.0,619,12.7,1.0,3.3953357529500514,0.7042928183993201,-0.002157611946243976,0,0.8739746280580135,0.16244677636125363,0.6995221027479092,0.582018674549723,0.05523432039423379,0.8718170161117695,0.20345748683545858,0.6859816806053365,0.6666408928844557,1.0558801275403347
acs_ct2_education,23,1,560,560,560,10,1.0,619,12.7,1.0,8.240015699365323,0.875863744669826,0.01014539776049539,1,0.8774024036732349,0.15797918996431434,0.7232178414974114,0.6791608927286026,0.08517422264879901,0.8875478014337302,0.19952651808536262,0.7400438072481083,0.9265467444963957,1.1614755954392453
acs_ct2_education,23,1,560,560,560,10,1.0,619,12.7,1.0,6.123744235695752,0.8300075283422463,0.011099927774882667,1,0.8251761243839653,0.1657474924751852,0.6464555953803266,0.48388203002165736,-0.07927482180375929,0.8362760521588479,0.20554957819021671,0.6478494623655914,0.5300456448162217,0.9767338606049644
acs_ct2_education,23,1,560,560,560,10,1.0,619,12.7,1.0,2.16163095267479,0.5286606845799002,0.011954612063089454,1,0.875816985653575,0.14916148607695795,0.7291915571485464,0.7514159775300855,-0.03358983048629351,0.8877715977166645,0.18717473983275473,0.7459179609717244,0.9543830062439127,1.0448053912213764
acs_ct2_education,24,1,560,560,560,10,1.0,642,11.1,1.0,1.3027500712323055,0.2310377182064193,0.017108415259652343,1,0.8844360894938554,0.139314545569418,0.6941902767059862,0.7764632761156194,-0.16240170813907231,0.9015445047535078,0.19910867526359635,0.6992613824275162,0.7434009774806624,1.2673905022344047
acs_ct2_education,24,1,560,560,560,10,1.0,642,11.1,1.0,0.4165163548986658,0.0,0.0013319339227382265,1,0.8581776949288977,0.1288350392931749,0.6795281666850402,0.8050255099783242,0.05131951222678041,0.859509628851636,0.20489318112593807,0.6941902767059861,0.847475327222273,1.4180501017903926
acs_ct2_education,24,1,560,560,560,10,1.0,642,11.1,1.0,4.910845561840292,0.7884291014130643,0.006757226681166628,1,0.9157374438777961,0.12695220311918373,0.7684929996692758,1.0577752411707018,0.2146231867511376,0.9224946705589627,0.1986571793358097,0.7704773453863962,1.0551562962060428,1.4958176607685163
acs_ct2_education,24,1,560,560,560,10,1.0,642,11.1,1.0,1.5868347063778905,0.27557669264234774,0.0044977586763679245,1,0.8621945382507841,0.14848425704036694,0.6582515709403592,0.5215129185234211,0.03727930890895555,0.866692296927152,0.20791159668969686,0.6611178480873112,0.5384418076318801,1.2725780593285616
acs_ct2_education,24,1,560,560,560,10,1.0,642,11.1,1.0,2.390147640264466,0.47619155607324903,-0.00034413792544352173,0,0.908656165719562,0.1353117582366058,0.7695954139565649,1.0023182590907267,0.11378475720664384,0.9083120277941185,0.19292108311530717,0.757579098225113,1.003169511989175,1.344465850453111
acs_ct2_education,24,2,560,560,1120,10,2.0,642,11.1,1.0,3.3022244230732207,0.3915172143432576,0.004012737270506328,1,0.8844360894938554,0.139314545569418,0.6941902767059862,0.7764632761156194,-0.16240170813907231,0.8884488267643618,0.2566498289692446,0.6938595524197992,0.7378828099696936,1.7741258251364365
acs_ct2_education,24,2,560,560,1120,10,2.0,642,11.1,1.0,2.7663682332023685,0.2732776310209082,0.010253961869925554,1,0.8581776949288977,0.1288350392931749,0.6795281666850402,0.8050255099783242,0.05131951222678041,0.8684316567988233,0.25157416092832297,0.7134825267335464,0.9186294333327565,1.7748562502393372
acs_ct2_education,24,2,560,560,1120,10,2.0,642,11.1,1.0,2.10913029767687,0.11229141581857133,0.006388488546258619,1,0.9157374438777961,0.12695220311918373,0.7684929996692758,1.0577752411707018,0.2146231867511376,0.9221259324240547,0.2626713169116473,0.7872340425531915,1.11116366959214,2.0084155826777814
acs_ct2_education,24,2,560,560,1120,10,2.0,642,11.1,1.0,1.9456801326148991,0.03789868430848588,0.008030121148096203,1,0.8621945382507841,0.14848425704036694,0.6582515709403592,0.5215129185234211,0.03727930890895555,0.8702246593988803,0.2604554975320485,0.6810715466872451,0.6339258255807788,1.762513080612423
acs_ct2_education,24,2,560,560,1120,10,2.0,642,11.1,1.0,3.312429676949344,0.3961593186144583,-0.00149529326247122,0,0.908656165719562,0.1353117582366058,0.7695954139565649,1.0023182590907267,0.11378475720664384,0.9071608724570908,0.27201938861319647,0.7713592768162275,1.1501091120671982,1.950409337955489
acs_ct2_education,24,3,560,560,1680,10,3.0,642,11.1,1.0,7.98108274951711,0.6228497988413526,0.007781012065357418,1,0.8844360894938554,0.139314545569418,0.6941902767059862,0.7764632761156194,-0.16240170813907231,0.8922171015592129,0.31286282978903424,0.6929776209899681,0.7986476216177046,2.1211324331252257
acs_ct2_education,24,3,560,560,1680,10,3.0,642,11.1,1.0,7.258432748253471,0.5842707384849377,0.011013238006853832,1,0.8581776949288977,0.1288350392931749,0.6795281666850402,0.8050255099783242,0.05131951222678041,0.8691909329357516,0.3118650066701942,0.7145849410208356,0.9932615620086969,2.121330026905447
acs_ct2_education,24,3,560,560,1680,10,3.0,642,11.1,1.0,14.011506727453757,0.6660772884742068,0.009153500166412143,1,0.9157374438777961,0.12695220311918373,0.7684929996692758,1.0577752411707018,0.2146231867511376,0.9248909440442082,0.3170088003838767,0.7844780068349686,1.1614256930715734,2.315814421370943
acs_ct2_education,24,3,560,560,1680,10,3.0,642,11.1,1.0,6.705521603273125,0.49430242537374547,0.009690291768648662,1,0.8621945382507841,0.14848425704036694,0.6582515709403592,0.5215129185234211,0.03727930890895555,0.8718848300194327,0.32191307950666553,0.6812920295447029,0.6580966234714679,2.158056839899761
acs_ct2_education,24,3,560,560,1680,10,3.0,642,11.1,1.0,14.160190022212916,0.7679317257030644,-0.0015595070956362367,0,0.908656165719562,0.1353117582366058,0.7695954139565649,1.0023182590907267,0.11378475720664384,0.9070966586239257,0.3311598565504739,0.7665086539521553,1.200046232102918,2.2751405215913842
acs_ct2_education,24,3,560,560,1680,10,3.0,642,11.1,1.0,4.081399951984396,0.2646093459557875,-0.002817905111067276,0,0.8844360894938554,0.139314545569418,0.6941902767059862,0.7764632761156194,-0.16240170813907231,0.8816181843827882,0.2997065022322849,0.6894498952706426,0.6827697014864265,2.1135388137851256
acs_ct2_education,24,3,560,560,1680,10,3.0,642,11.1,1.0,9.29724780546513,0.6360171859163682,0.015937827540635108,1,0.8581776949288977,0.1288350392931749,0.6795281666850402,0.8050255099783242,0.05131951222678041,0.8741155224695328,0.31405955490839144,0.7173409767390586,0.824649072160065,2.224897505821651
acs_ct2_education,24,3,560,560,1680,10,3.0,642,11.1,1.0,7.245353593168987,0.5671075011171641,0.005567067111436508,1,0.9157374438777961,0.12695220311918373,0.7684929996692758,1.0577752411707018,0.2146231867511376,0.9213045109892326,0.31059127573831863,0.7854701796935288,1.0253649392247595,2.3745895005532134
acs_ct2_education,24,3,560,560,1680,10,3.0,642,11.1,1.0,7.531955311131745,0.601656026339217,0.012958069165570296,1,0.8621945382507841,0.14848425704036694,0.6582515709403592,0.5215129185234211,0.03727930890895555,0.8751526074163544,0.31538361810584775,0.6968360709954802,0.7064480163269037,2.1893429545656837
acs_ct2_education,24,3,560,560,1680,10,3.0,642,11.1,1.0,8.028437490283736,0.6260593025046762,-0.0007780156761210133,0,0.908656165719562,0.1353117582366058,0.7695954139565649,1.0023182590907267,0.11378475720664384,0.907878150043441,0.30997974981362747,0.7822731782603903,1.0762300282192925,2.2714081131844477
acs_ct2_education,24,3,560,560,1680,10,3.0,642,11.1,1.0,13.538930347147698,0.7703354899908419,0.009985724441980648,1,0.8844360894938554,0.139314545569418,0.6941902767059862,0.7764632761156194,-0.16240170813907231,0.8944218139358361,0.25702359776864875,0.6918752067026789,0.7352062781643727,1.7766905924675425
acs_ct2_education,24,3,560,560,1680,10,3.0,642,11.1,1.0,12.331890290209085,0.7557474543937002,0.020099884413867564,1,0.8581776949288977,0.1288350392931749,0.6795281666850402,0.8050255099783242,0.05131951222678041,0.8782775793427653,0.26250062434866017,0.7268217396097454,0.9895435658712941,1.8552505753453943
acs_ct2_education,24,3,560,560,1680,10,3.0,642,11.1,1.0,17.14183893590687,0.8229295841537537,0.008388161207023903,1,0.9157374438777961,0.12695220311918373,0.7684929996692758,1.0577752411707018,0.2146231867511376,0.92412560508482,0.2677679807539158,0.7757689339653842,1.036281496186292,2.0307890768536643
acs_ct2_education,24,3,560,560,1680,10,3.0,642,11.1,1.0,11.899917247208364,0.740545327641158,0.018689376190721307,1,0.8621945382507841,0.14848425704036694,0.6582515709403592,0.5215129185234211,0.03727930890895555,0.8808839144415054,0.27389013176760896,0.6922059309888655,0.7629387416049571,1.8591698164584711
acs_ct2_education,24,3,560,560,1680,10,3.0,642,11.1,1.0,7.223478454196771,0.5841527810762612,-0.0035850490966027326,0,0.908656165719562,0.1353117582366058,0.7695954139565649,1.0023182590907267,0.11378475720664384,0.9050711166229592,0.2707446682128365,0.7571381325101973,1.0439130633166207,1.9477222025368495
acs_ct2_education,24,3,560,560,1680,10,3.0,642,11.1,1.0,8.681641017647255,0.6244290898865125,0.00500708194220334,1,0.8844360894938554,0.139314545569418,0.6941902767059862,0.7764632761156194,-0.16240170813907231,0.8894431714360588,0.24722886810773942,0.6965053467092933,0.7486858814149276,1.7132665356916421
acs_ct2_education,24,3,560,560,1680,10,3.0,642,11.1,1.0,15.567898145936915,0.8037288943330646,0.01894355521154345,1,0.8581776949288977,0.1288350392931749,0.6795281666850402,0.8050255099783242,0.05131951222678041,0.8771212501404412,0.2604535991622499,0.719325322456179,0.9062085456262727,1.8542330990454767
acs_ct2_education,24,3,560,560,1680,10,3.0,642,11.1,1.0,13.637967839007242,0.7799760595937401,0.003232523976145929,1,0.9157374438777961,0.12695220311918373,0.7684929996692758,1.0577752411707018,0.2146231867511376,0.918969967853942,0.25447109989782235,0.7832653511189505,1.1196823855879539,1.960435584674536
acs_ct2_education,24,3,560,560,1680,10,3.0,642,11.1,1.0,14.219588780311371,0.7664411325356825,0.010730734672762754,1,0.8621945382507841,0.14848425704036694,0.6582515709403592,0.5215129185234211,0.03727930890895555,0.8729252729235468,0.25945658965332163,0.6886782052695403,0.7032681485565973,1.7816389427092143
acs_ct2_education,24,3,560,560,1680,10,3.0,642,11.1,1.0,16.75794916750855,0.8209616803480256,0.006764616999207607,1,0.908656165719562,0.1353117582366058,0.7695954139565649,1.0023182590907267,0.11378475720664384,0.9154207827187696,0.2527206964332516,0.7888876639841252,1.2303097924806046,1.8635251879521098
acs_ct2_education,24,2,560,560,1120,10,2.0,642,11.1,1.0,3.626973214046378,0.4135437148286064,-0.007249527919386822,0,0.8844360894938554,0.139314545569418,0.6941902767059862,0.7764632761156194,-0.16240170813907231,0.8771865615744686,0.2531219112842544,0.6925366552750524,0.6514840977407713,1.7674143581627297
acs_ct2_education,24,2,560,560,1120,10,2.0,642,11.1,1.0,3.423117395945358,0.3924091020718398,0.0036099234121711454,1,0.8581776949288977,0.1288350392931749,0.6795281666850402,0.8050255099783242,0.05131951222678041,0.8617876183410689,0.2512350571770185,0.6950722081358175,0.7245676677872426,1.8060376184955005
acs_ct2_education,24,2,560,560,1120,10,2.0,642,11.1,1.0,5.7510329939077,0.6298975866522183,0.00465515191207333,1,0.9157374438777961,0.12695220311918373,0.7684929996692758,1.0577752411707018,0.2146231867511376,0.9203925957898694,0.25751854523225626,0.7853599382648,1.0087378054482767,2.032682151864672
acs_ct2_education,24,2,560,560,1120,10,2.0,642,11.1,1.0,10.369665595634904,0.7465028414641552,0.009977626152603225,1,0.8621945382507841,0.14848425704036694,0.6582515709403592,0.5215129185234211,0.03727930890895555,0.8721721644033873,0.26191402898954064,0.6952926909932753,0.6238023413014301,1.8438308175073959
acs_ct2_education,24,2,560,560,1120,10,2.0,642,11.1,1.0,3.9785066035900183,0.4667513150782927,0.004786881647600216,1,0.908656165719562,0.1353117582366058,0.7695954139565649,1.0023182590907267,0.11378475720664384,0.9134430473671622,0.25313103924218217,0.7921949068459927,1.0631357675525306,1.937115663822199
acs_ct2_education,24,4,560,560,2240,10,4.0,642,11.1,1.0,18.545666376724633,0.781512167740102,0.0037430030810845505,1,0.8844360894938554,0.139314545569418,0.6941902767059862,0.7764632761156194,-0.16240170813907231,0.88817909257494,0.2408169173644376,0.6981589681402272,0.6939325795305399,1.6788648014941883
acs_ct2_education,24,4,560,560,2240,10,4.0,642,11.1,1.0,10.23000682708493,0.5622014396089318,0.01371521929491426,1,0.8581776949288977,0.1288350392931749,0.6795281666850402,0.8050255099783242,0.05131951222678041,0.871892914223812,0.24717897899192048,0.7210891853158418,0.8051205526711583,1.805007515133277
acs_ct2_education,24,4,560,560,2240,10,4.0,642,11.1,1.0,17.43634677150561,0.7634746423484746,0.007527589526428402,1,0.9157374438777961,0.12695220311918373,0.7684929996692758,1.0577752411707018,0.2146231867511376,0.9232650334042245,0.25043396545456303,0.7827141439753059,0.9851917066323962,1.9849057548981328
acs_ct2_education,24,4,560,560,2240,10,4.0,642,11.1,1.0,17.246493622360962,0.755798598291739,0.013420309960221033,1,0.8621945382507841,0.14848425704036694,0.6582515709403592,0.5215129185234211,0.03727930890895555,0.8756148482110051,0.25674696076386644,0.6928673795612391,0.6357286427081137,1.8013515047677264
acs_ct2_education,24,4,560,560,2240,10,4.0,642,11.1,1.0,12.700583163545573,0.6817294270702303,0.002308604452483931,1,0.908656165719562,0.1353117582366058,0.7695954139565649,1.0023182590907267,0.11378475720664384,0.9109647701720459,0.2486804947601136,0.7873442839819204,1.09514009857914,1.8712745587108148
acs_ct2_education,24,1,560,560,560,10,1.0,642,11.1,1.0,0.5881693624543527,0.0,0.003127404033431369,1,0.8844360894938554,0.139314545569418,0.6941902767059862,0.7764632761156194,-0.16240170813907231,0.8875634935272868,0.1579968993046402,0.6985999338551427,0.6566205553483023,0.678892707105141
acs_ct2_education,24,1,560,560,560,10,1.0,642,11.1,1.0,0.9904414592164474,0.004867252544900955,0.014648015379783441,1,0.8581776949288977,0.1288350392931749,0.6795281666850402,0.8050255099783242,0.05131951222678041,0.8728257103086812,0.1498960584252849,0.716789769595414,0.8347081887380653,0.8308767834742978
acs_ct2_education,24,1,560,560,560,10,1.0,642,11.1,1.0,2.79363112368645,0.4586998815807321,0.007978921791701898,1,0.9157374438777961,0.12695220311918373,0.7684929996692758,1.0577752411707018,0.2146231867511376,0.923716365669498,0.15668089794794807,0.7823834196891192,0.9292493664301306,1.0654733491961754
acs_ct2_education,24,1,560,560,560,10,1.0,642,11.1,1.0,0.626356535454766,0.0,0.012164858388067135,1,0.8621945382507841,0.14848425704036694,0.6582515709403592,0.5215129185234211,0.03727930890895555,0.8743593966388512,0.16608523819978213,0.6861426524087753,0.6326227105333265,0.7991129032161538
acs_ct2_education,24,1,560,560,560,10,1.0,642,11.1,1.0,0.8423569846122193,0.0,-0.002493423351869084,0,0.908656165719562,0.1353117582366058,0.7695954139565649,1.0023182590907267,0.11378475720664384,0.9061627423676929,0.16084599194870836,0.759012236798589,0.8627367537254561,0.9698886457218986
acs_ct2_education,24,1,560,560,560,10,1.0,642,11.1,1.0,0.7065770372497832,0.0,-0.0003640650001747181,0,0.8844360894938554,0.139314545569418,0.6941902767059862,0.7764632761156194,-0.16240170813907231,0.8840720244936807,0.14596101790344196,0.7030095910042995,0.7299431897074913,0.4451598645729341
acs_ct2_education,24,1,560,560,560,10,1.0,642,11.1,1.0,0.6963219426314129,0.0,0.010606043931944531,1,0.8581776949288977,0.1288350392931749,0.6795281666850402,0.8050255099783242,0.05131951222678041,0.8687837388608423,0.14005528971950632,0.698379450997685,0.8248244699304316,0.5822420094002503
acs_ct2_education,24,1,560,560,560,10,1.0,642,11.1,1.0,2.5595441310201887,0.5636867999537369,-0.0054226229169686,0,0.9157374438777961,0.12695220311918373,0.7684929996692758,1.0577752411707018,0.2146231867511376,0.9103148209608275,0.13924998884673365,0.7732333811046191,1.0149221476808554,0.8053890415342573
acs_ct2_education,24,1,560,560,560,10,1.0,642,11.1,1.0,1.3549904583628622,0.2126926334447881,0.010680935121286428,1,0.8621945382507841,0.14848425704036694,0.6582515709403592,0.5215129185234211,0.03727930890895555,0.8728754733720705,0.1536443277971338,0.6826149266894499,0.625074135742043,0.5372816515033272
acs_ct2_education,24,1,560,560,560,10,1.0,642,11.1,1.0,3.849377813503153,0.7386922473969298,0.012109680773786158,1,0.908656165719562,0.1353117582366058,0.7695954139565649,1.0023182590907267,0.11378475720664384,0.9207658464933481,0.1347006569170626,0.799801565428288,1.293546630163917,0.6963893168825457
acs_ct2_education,24,2,560,560,1120,10,2.0,642,11.1,1.0,3.579854407957386,0.3900117542048075,0.004473183553264093,1,0.8844360894938554,0.139314545569418,0.6941902767059862,0.7764632761156194,-0.16240170813907231,0.8889092730471195,0.14262581982689,0.7001433138573475,0.7754118224026183,0.30852039408177906
acs_ct2_education,24,2,560,560,1120,10,2.0,642,11.1,1.0,3.615963775717952,0.4410365193524969,0.010097642118694017,1,0.8581776949288977,0.1288350392931749,0.6795281666850402,0.8050255099783242,0.05131951222678041,0.8682753370475917,0.13302390383506074,0.6971667952816669,0.8500375959475891,0.4036878064726557
acs_ct2_education,24,2,560,560,1120,10,2.0,642,11.1,1.0,5.734817743588243,0.6448237089715882,-0.00825616203350954,0,0.9157374438777961,0.12695220311918373,0.7684929996692758,1.0577752411707018,0.2146231867511376,0.9074812818442866,0.1320347777845998,0.7671701025245287,0.993631672981108,0.6297750210970525
acs_ct2_education,24,2,560,560,1120,10,2.0,642,11.1,1.0,4.84261155014351,0.5847761848808848,0.009895745261421007,1,0.8621945382507841,0.14848425704036694,0.6582515709403592,0.5215129185234211,0.03727930890895555,0.8720902835122051,0.15094601382744433,0.6765516481093594,0.6098996672219432,0.4117764134455512
acs_ct2_education,24,2,560,560,1120,10,2.0,642,11.1,1.0,5.634532779371812,0.6450048230518177,0.012012251873331214,1,0.908656165719562,0.1353117582366058,0.7695954139565649,1.0023182590907267,0.11378475720664384,0.9206684175928932,0.12793357143924464,0.7995810825708302,1.289880965258103,0.5284245429068917
acs_ct2_education,24,1,560,560,560,10,1.0,642,11.1,1.0,1.8381963565836668,0.39284837987106636,0.015674514982320642,1,0.8844360894938554,0.139314545569418,0.6941902767059862,0.7764632761156194,-0.16240170813907231,0.9001106044761761,0.21602354981584043,0.701135486715908,0.7539561708384452,1.4386107620963533
acs_ct2_education,24,1,560,560,560,10,1.0,642,11.1,1.0,3.6613668632859895,0.7143178713066397,0.013592844240806423,1,0.8581776949288977,0.1288350392931749,0.6795281666850402,0.8050255099783242,0.05131951222678041,0.8717705391697042,0.2340869289562539,0.7113879395876971,0.8853522272724702,1.6581638357510604
acs_ct2_education,24,1,560,560,560,10,1.0,642,11.1,1.0,4.197094065926613,0.7606999505349012,0.007402909237783972,1,0.9157374438777961,0.12695220311918373,0.7684929996692758,1.0577752411707018,0.2146231867511376,0.9231403531155801,0.24309584290302672,0.7762098996802999,1.1640365503196923,1.8386399628528318
acs_ct2_education,24,1,560,560,560,10,1.0,642,11.1,1.0,2.9836542275541906,0.6602217162704767,0.0016939568824215767,1,0.8621945382507841,0.14848425704036694,0.6582515709403592,0.5215129185234211,0.03727930890895555,0.8638884951332056,0.26812398637640783,0.6645353323779076,0.5216916637465729,1.7960184401175312
acs_ct2_education,24,1,560,560,560,10,1.0,642,11.1,1.0,1.375003707088931,0.24151830181054745,-0.002241974618553355,0,0.908656165719562,0.1353117582366058,0.7695954139565649,1.0023182590907267,0.11378475720664384,0.9064141911010086,0.24528819993248602,0.7575790982251129,1.019225337420611,1.7809791444157141
acs_ct2_education,6,3,560,560,1680,10,3.0,70,4.9,1.0,10.82531323298453,0.7200834479298512,-0.002714187095613163,0,0.2559257063992106,0.07470599255603695,0.7803870406610133,0.8808356623638846,-0.029469784296873136,0.2532115193035974,0.07664972480214227,0.802130898021309,0.929977300065907,-0.4242514334189051
acs_ct2_education,6,3,560,560,1680,10,3.0,70,4.9,1.0,7.415003461032851,0.5953620262474729,-0.06910480406596903,0,0.3995667611018767,0.06878351733879765,0.7692976734072625,1.09210894214098,-0.12571852492484775,0.3304619570359077,0.07475511401087793,0.7695151119808655,0.9328966447607923,-0.6086781407477533
acs_ct2_education,6,3,560,560,1680,10,3.0,70,4.9,1.0,6.924303204303481,0.5621986118892004,-0.04375460927547398,0,0.32347346296430046,0.06976687020220683,0.7875625135899108,0.9332860669111122,-0.18107268302123558,0.2797188536888265,0.07622962657816491,0.7753859534681453,0.8197284453396091,-0.5269354769181565
acs_ct2_education,6,3,560,560,1680,10,3.0,70,4.9,1.0,11.933056188964525,0.6945520021016771,0.017153187941451042,1,0.17699776319582503,0.08383024511604388,0.7147205914329201,0.5067057345741971,-0.127209912146243,0.19415095113727607,0.08339944622520437,0.7416829745596869,0.6558130529600694,-0.4676690929480511
acs_ct2_education,6,3,560,560,1680,10,3.0,70,4.9,1.0,12.291745733109824,0.7545307230663618,0.03930109351096839,1,0.21219169468124255,0.07795277810617021,0.7299412915851273,0.6583780784721348,0.15476872957322843,0.25149278819221094,0.07556472850837252,0.7549467275494673,0.806935386119017,-0.23793547671987025
acs_ct2_education,6,2,560,560,1120,10,2.0,70,4.9,1.0,4.023655933584109,0.5026671712829253,0.010452986363032879,1,0.2559257063992106,0.07470599255603695,0.7803870406610133,0.8808356623638846,-0.029469784296873136,0.26637869276224346,0.08721016895293096,0.7938682322243966,0.9764733335390418,-1.0383058504463478
acs_ct2_education,6,2,560,560,1120,10,2.0,70,4.9,1.0,5.046234153915106,0.44918525495544365,-0.06253855519290774,0,0.3995667611018767,0.06878351733879765,0.7692976734072625,1.09210894214098,-0.12571852492484775,0.337028205908969,0.09119639708969787,0.7706023048488801,1.0423613360154969,-1.217604990724148
acs_ct2_education,6,2,560,560,1120,10,2.0,70,4.9,1.0,9.646901077291975,0.7504032833667488,-0.007462402874983232,0,0.32347346296430046,0.06976687020220683,0.7875625135899108,0.9332860669111122,-0.18107268302123558,0.31601106008931723,0.0912281538414723,0.79191128506197,1.023013679132836,-1.2451282687542002
acs_ct2_education,6,2,560,560,1120,10,2.0,70,4.9,1.0,4.074694225491085,0.4954009472840993,0.03634913409951945,1,0.17699776319582503,0.08383024511604388,0.7147205914329201,0.5067057345741971,-0.127209912146243,0.21334689729534448,0.09716415363080448,0.766470971950424,0.7165506887732771,-1.1502692044084983
acs_ct2_education,6,2,560,560,1120,10,2.0,70,4.9,1.0,7.1512380459247,0.661745708175715,0.018384489798509984,1,0.21219169468124255,0.07795277810617021,0.7299412915851273,0.6583780784721348,0.15476872957322843,0.23057618447975253,0.08668453810187812,0.7334203087627744,0.8383865077006009,-0.9151686464622144
acs_ct2_education,6,1,560,560,560,10,1.0,70,4.9,1.0,4.23108038956312,0.689936457814396,0.016196905512973703,1,0.2559257063992106,0.07470599255603695,0.7803870406610133,0.8808356623638846,-0.029469784296873136,0.2721226119121843,0.0745268185236922,0.8016960208741031,0.8868742975742362,-0.16639342221917242
acs_ct2_education,6,1,560,560,560,10,1.0,70,4.9,1.0,1.7275620170928139,0.4133412190342445,-0.07273615799331568,0,0.3995667611018767,0.06878351733879765,0.7692976734072625,1.09210894214098,-0.12571852492484775,0.32683060310856105,0.07207319480925024,0.7658186562296152,0.9032951970262606,-0.3857814256377842
acs_ct2_education,6,1,560,560,560,10,1.0,70,4.9,1.0,3.733906219425233,0.7289806400511194,-0.03209453097473375,0,0.32347346296430046,0.06976687020220683,0.7875625135899108,0.9332860669111122,-0.18107268302123558,0.2913789319895667,0.0736525984728782,0.7810393563818221,0.7917338667932151,-0.32361361820494206
acs_ct2_education,6,1,560,560,560,10,1.0,70,4.9,1.0,4.166858848595234,0.7560452366217447,0.020179570634595412,1,0.17699776319582503,0.08383024511604388,0.7147205914329201,0.5067057345741971,-0.127209912146243,0.19717733383042044,0.08127046392906682,0.7495107632093934,0.6463139003632591,-0.20530153101494197
acs_ct2_education,6,1,560,560,560,10,1.0,70,4.9,1.0,2.20964609849318,0.5438041956391275,0.05313015099903584,1,0.21219169468124255,0.07795277810617021,0.7299412915851273,0.6583780784721348,0.15476872957322843,0.2653218456802784,0.07444493902389056,0.756468797564688,0.8028080554749976,0.07672596686067362
acs_ct2_education,6,1,560,560,560,10,1.0,70,4.9,1.0,4.273800405251333,0.7649311457798855,0.010948304776528084,1,0.2559257063992106,0.07470599255603695,0.7803870406610133,0.8808356623638846,-0.029469784296873136,0.26687401117573867,0.07541419915789402,0.8025657751685149,0.8719136253955546,-0.02547866220929495
acs_ct2_education,6,1,560,560,560,10,1.0,70,4.9,1.0,1.049885201858405,0.08978563036404542,-0.059583396259020094,0,0.3995667611018767,0.06878351733879765,0.7692976734072625,1.09210894214098,-0.12571852492484775,0.33998336484285663,0.07026354847948078,0.7843009349858665,0.9468803942853804,-0.31432056085504245
acs_ct2_education,6,1,560,560,560,10,1.0,70,4.9,1.0,4.069867234944014,0.7492500486075596,0.01687664723176746,1,0.32347346296430046,0.06976687020220683,0.7875625135899108,0.9332860669111122,-0.18107268302123558,0.3403501101960679,0.06926148090653668,0.8110458795390302,0.9130479429356749,-0.06053403512965608
acs_ct2_education,6,1,560,560,560,10,1.0,70,4.9,1.0,2.6289627021284243,0.4560987118780872,0.016285141386885554,1,0.17699776319582503,0.08383024511604388,0.7147205914329201,0.5067057345741971,-0.127209912146243,0.19328290458271058,0.08674897214539089,0.7455968688845401,0.48613312355691696,-0.24153145239557267
acs_ct2_education,6,1,560,560,560,10,1.0,70,4.9,1.0,1.3556535163029264,0.2610331523149269,0.013273392327695033,1,0.21219169468124255,0.07795277810617021,0.7299412915851273,0.6583780784721348,0.15476872957322843,0.22546508700893758,0.07719851032270425,0.7436399217221136,0.6257246968886352,0.2594623600759814
acs_ct2_education,6,4,560,560,2240,10,4.0,70,4.9,1.0,15.557358309138536,0.7376788772188474,-0.002704740196829536,0,0.2559257063992106,0.07470599255603695,0.7803870406610133,0.8808356623638846,-0.029469784296873136,0.25322096620238105,0.08229761004514784,0.7903892150467493,0.8211543367364605,-0.7471296035222469
acs_ct2_education,6,4,560,560,2240,10,4.0,70,4.9,1.0,14.269702028557363,0.7182687160939762,-0.07665146563784042,0,0.3995667611018767,0.06878351733879765,0.7692976734072625,1.09210894214098,-0.12571852492484775,0.3229152954640363,0.07792436927493757,0.7740813220265275,1.0081882652793257,-0.841341747581121
acs_ct2_education,6,4,560,560,2240,10,4.0,70,4.9,1.0,23.383345609792066,0.8289375546653429,-0.005541964129508026,0,0.32347346296430046,0.06976687020220683,0.7875625135899108,0.9332860669111122,-0.18107268302123558,0.31793149883479244,0.07750049897348746,0.8003913894324853,0.8531502057110122,-0.8398460885157453
acs_ct2_education,6,4,560,560,2240,10,4.0,70,4.9,1.0,19.462236312683636,0.793907864793281,0.031244611176667464,1,0.17699776319582503,0.08383024511604388,0.7147205914329201,0.5067057345741971,-0.127209912146243,0.2082423743724925,0.08805526509652098,0.7579908675799087,0.6283037998612109,-0.7563068433589912
acs_ct2_education,6,4,560,560,2240,10,4.0,70,4.9,1.0,15.6310488794515,0.7416168980110912,0.03430041519644125,1,0.21219169468124255,0.07795277810617021,0.7299412915851273,0.6583780784721348,0.15476872957322843,0.2464921098776838,0.07740827376196106,0.7497282017829963,0.7367343731601864,-0.4204911463594831
acs_ct2_education,6,2,560,560,1120,10,2.0,70,4.9,1.0,7.415526829208264,0.7302832320982638,-0.018910564578196953,0,0.2559257063992106,0.07470599255603695,0.7803870406610133,0.8808356623638846,-0.029469784296873136,0.23701514182101363,0.0823408612192828,0.7958251793868232,0.8890074479915355,-0.7224342392916487
acs_ct2_education,6,2,560,560,1120,10,2.0,70,4.9,1.0,2.8705699954903183,0.2752053243440338,-0.07913942593559964,0,0.3995667611018767,0.06878351733879765,0.7692976734072625,1.09210894214098,-0.12571852492484775,0.3204273351662771,0.07915233585615968,0.7684279191128506,1.0011535241436873,-0.846397554134395
acs_ct2_education,6,2,560,560,1120,10,2.0,70,4.9,1.0,2.1661948859856794,0.08055281685723596,-0.04265423009804814,0,0.32347346296430046,0.06976687020220683,0.7875625135899108,0.9332860669111122,-0.18107268302123558,0.2808192328662523,0.08366323184866349,0.7821265492498369,0.7686655071884612,-0.9049566828447511
acs_ct2_education,6,2,560,560,1120,10,2.0,70,4.9,1.0,6.662760445750232,0.6649905816486414,0.01593235875362739,1,0.17699776319582503,0.08383024511604388,0.7147205914329201,0.5067057345741971,-0.127209912146243,0.19293012194945242,0.0904091746635079,0.7375516416612307,0.6008380238328924,-0.8005246484954466
acs_ct2_education,6,2,560,560,1120,10,2.0,70,4.9,1.0,4.400667490222595,0.46217090493586876,0.029342849986794206,1,0.21219169468124255,0.07795277810617021,0.7299412915851273,0.6583780784721348,0.15476872957322843,0.24153454466803675,0.07893384771804458,0.7560339204174822,0.7713210295303111,-0.5282937443981925
acs_ct2_education,6,3,560,560,1680,10,3.0,70,4.9,1.0,18.83941987890222,0.8403894856361624,-0.022983396973110803,0,0.2559257063992106,0.07470599255603695,0.7803870406610133,0.8808356623638846,-0.029469784296873136,0.23294230942609978,0.0793184929112262,0.7958251793868232,0.9491604670187039,-0.5792973609665861
acs_ct2_education,6,3,560,560,1680,10,3.0,70,4.9,1.0,11.283608133042431,0.7323268987347351,-0.06825506021489508,0,0.3995667611018767,0.06878351733879765,0.7692976734072625,1.09210894214098,-0.12571852492484775,0.33131170088698164,0.07433156015457318,0.7779952163513808,1.0559289978398652,-0.6823632137152892
acs_ct2_education,6,3,560,560,1680,10,3.0,70,4.9,1.0,8.021401908596587,0.5944059894709501,-0.03781845822206331,0,0.32347346296430046,0.06976687020220683,0.7875625135899108,0.9332860669111122,-0.18107268302123558,0.28565500474223715,0.07909845899528059,0.7838660578386606,0.8020499085094137,-0.7411579455864858
acs_ct2_education,6,3,560,560,1680,10,3.0,70,4.9,1.0,19.934935143404243,0.8494964330418213,0.010501793534743425,1,0.17699776319582503,0.08383024511604388,0.7147205914329201,0.5067057345741971,-0.127209912146243,0.18749955673056845,0.08784659506262645,0.7323331158947597,0.6266632609381951,-0.6989451732259778
acs_ct2_education,6,3,560,560,1680,10,3.0,70,4.9,1.0,16.123227567218862,0.8103926835618498,0.022322324287477074,1,0.21219169468124255,0.07795277810617021,0.7299412915851273,0.6583780784721348,0.15476872957322843,0.23451401896871962,0.07785866779307285,0.7523374646662317,0.7475282829548373,-0.36138539339050013
acs_ct2_education,6,2,560,560,1120,10,2.0,70,4.9,1.0,7.553348827289882,0.7343856718059066,-0.01813936159314769,0,0.2559257063992106,0.07470599255603695,0.7803870406610133,0.8808356623638846,-0.029469784296873136,0.2377863448060629,0.09025556377884605,0.791693846488367,0.8176903551895938,-1.0151647331879956
acs_ct2_education,6,2,560,560,1120,10,2.0,70,4.9,1.0,4.105339411492576,0.5100448367269238,-0.07616110286832517,0,0.3995667611018767,0.06878351733879765,0.7692976734072625,1.09210894214098,-0.12571852492484775,0.32340565823355155,0.08872348554462955,0.7669058490976298,0.9100361036508698,-1.117236280081097
acs_ct2_education,6,2,560,560,1120,10,2.0,70,4.9,1.0,8.379638420469774,0.690878012003788,-0.0260524818050899,0,0.32347346296430046,0.06976687020220683,0.7875625135899108,0.9332860669111122,-0.18107268302123558,0.29742098115921056,0.0880139365590946,0.7882148293107196,0.7925404764315386,-1.1061535015709534
acs_ct2_education,6,2,560,560,1120,10,2.0,70,4.9,1.0,6.19364918651525,0.6686811011118827,0.017670840912551194,1,0.17699776319582503,0.08383024511604388,0.7147205914329201,0.5067057345741971,-0.127209912146243,0.19466860410837622,0.09801777764488608,0.7368993259404218,0.59765137887967,-1.0624650241830271
acs_ct2_education,6,2,560,560,1120,10,2.0,70,4.9,1.0,6.034321883833418,0.6645220406812253,0.031782386198144774,1,0.21219169468124255,0.07795277810617021,0.7299412915851273,0.6583780784721348,0.15476872957322843,0.24397408087938732,0.08302873766967321,0.7536420961078495,0.7338645055937492,-0.7550529541152965
acs_ct2_education,6,1,560,560,560,10,1.0,70,4.9,1.0,2.0495276231512474,0.4802992342798148,-0.0010452086180673947,0,0.2559257063992106,0.07470599255603695,0.7803870406610133,0.8808356623638846,-0.029469784296873136,0.2548804977811432,0.07762536125299588,0.8025657751685149,0.8540855639331347,-0.46606257346036367
acs_ct2_education,6,1,560,560,560,10,1.0,70,4.9,1.0,1.4505339287228463,0.2801311048504839,-0.05419311631425455,0,0.3995667611018767,0.06878351733879765,0.7692976734072625,1.09210894214098,-0.12571852492484775,0.34537364478762217,0.07454440804075596,0.7797347249402045,1.0178239419570962,-0.725449713753576
acs_ct2_education,6,1,560,560,560,10,1.0,70,4.9,1.0,1.386425310632744,0.2602804677082539,-0.012707792262152462,0,0.32347346296430046,0.06976687020220683,0.7875625135899108,0.9332860669111122,-0.18107268302123558,0.310765670702148,0.07500345257619376,0.7877799521635137,0.7689101249065702,-0.5926974613093562
acs_ct2_education,6,1,560,560,560,10,1.0,70,4.9,1.0,2.299645880286592,0.5554844070089431,0.010357439781871453,1,0.17699776319582503,0.08383024511604388,0.7147205914329201,0.5067057345741971,-0.127209912146243,0.18735520297769648,0.08940824239681824,0.7353772559252012,0.5264709534543904,-0.6319066988136359
acs_ct2_education,6,1,560,560,560,10,1.0,70,4.9,1.0,4.799462121513381,0.7646232694477337,0.024868735207351306,1,0.21219169468124255,0.07795277810617021,0.7299412915851273,0.6583780784721348,0.15476872957322843,0.23706042988859385,0.07809979756906095,0.7323331158947598,0.631673601048895,-0.25621983303054274
acs_ct2_education,6,3,560,560,1680,10,3.0,70,4.9,1.0,13.548316555005396,0.7597410670906626,-0.013488201896785679,0,0.2559257063992106,0.07470599255603695,0.7803870406610133,0.8808356623638846,-0.029469784296873136,0.2424375045024249,0.11400676681525569,0.7808219178082192,0.8042598935432663,-1.572079315471616
acs_ct2_education,6,3,560,560,1680,10,3.0,70,4.9,1.0,13.558828681092109,0.7681196579334022,-0.0673244348763109,0,0.3995667611018767,0.06878351733879765,0.7692976734072625,1.09210894214098,-0.12571852492484775,0.3322423262255658,0.12374548945074623,0.7723418134377038,0.92549579551806,-1.744746151961708
acs_ct2_education,6,3,560,560,1680,10,3.0,70,4.9,1.0,10.256360626832544,0.664157381777315,-0.013913648025747738,0,0.32347346296430046,0.06976687020220683,0.7875625135899108,0.9332860669111122,-0.18107268302123558,0.3095598149385527,0.11603655799039049,0.7895194607523375,0.7887381987512004,-1.709732717540321
acs_ct2_education,6,3,560,560,1680,10,3.0,70,4.9,1.0,11.754340411280793,0.7401085020352307,0.03120124522046855,1,0.17699776319582503,0.08383024511604388,0.7147205914329201,0.5067057345741971,-0.127209912146243,0.20819900841629357,0.12561100381832047,0.7590780604479235,0.6350922440996168,-1.672912140572398
acs_ct2_education,6,3,560,560,1680,10,3.0,70,4.9,1.0,13.94513936536646,0.7800526816540634,0.0148889913504128,1,0.21219169468124255,0.07795277810617021,0.7299412915851273,0.6583780784721348,0.15476872957322843,0.22708068603165535,0.10568611254376327,0.7247227658186562,0.6665344463286417,-1.3289178359777054
acs_ct2_education,6,4,560,560,2240,10,4.0,70,4.9,1.0,18.77411998231191,0.7860051565667572,0.00668224454123606,1,0.2559257063992106,0.07470599255603695,0.7803870406610133,0.8808356623638846,-0.029469784296873136,0.26260795094044664,0.07657611140380846,0.7929984779299848,0.9981149641677055,-0.4870143432962501
acs_ct2_education,6,4,560,560,2240,10,4.0,70,4.9,1.0,10.776002265604307,0.626959508108305,-0.06702225502649956,0,0.3995667611018767,0.06878351733879765,0.7692976734072625,1.09210894214098,-0.12571852492484775,0.33254450607537717,0.07119179318532952,0.7838660578386605,1.2682058495567246,-0.5614695806342562
acs_ct2_education,6,4,560,560,2240,10,4.0,70,4.9,1.0,21.303589844797305,0.8120864691567292,0.00036262477585052855,1,0.32347346296430046,0.06976687020220683,0.7875625135899108,0.9332860669111122,-0.18107268302123558,0.323836087740151,0.07449130602341177,0.7958251793868233,0.9322045576667446,-0.6584744159342314
acs_ct2_education,6,4,560,560,2240,10,4.0,70,4.9,1.0,17.75232033653222,0.7744910531989151,0.03395126107946425,1,0.17699776319582503,0.08383024511604388,0.7147205914329201,0.5067057345741971,-0.127209912146243,0.21094902427528928,0.08218107689752212,0.7571211132854969,0.7590802226486979,-0.5583263462462221
acs_ct2_education,6,4,560,560,2240,10,4.0,70,4.9,1.0,23.692330163830796,0.8281870282736201,0.02469760135090271,1,0.21219169468124255,0.07795277810617021,0.7299412915851273,0.6583780784721348,0.15476872957322843,0.23688929603214526,0.07614918953858354,0.7451619917373342,0.8659511213135099,-0.2881494709225437
acs_ct2_education,6,1,560,560,560,10,1.0,70,4.9,1.0,0.993117814478951,0.178984645615627,-0.030671456976808537,0,0.2559257063992106,0.07470599255603695,0.7803870406610133,0.8808356623638846,-0.029469784296873136,0.22525424942240205,0.08458617030050353,0.7675581648184389,0.7161948578200958,-0.6871788804902634
acs_ct2_education,6,1,560,560,560,10,1.0,70,4.9,1.0,1.0977302938946036,0.19780422743889237,-0.06814798807575478,0,0.3995667611018767,0.06878351733879765,0.7692976734072625,1.09210894214098,-0.12571852492484775,0.33141877302612194,0.07822495916610922,0.7751685148945423,0.9587692501763522,-0.84956583748872
acs_ct2_education,6,1,560,560,560,10,1.0,70,4.9,1.0,1.7773980428317842,0.4026432692704722,-0.04405111329208472,0,0.32347346296430046,0.06976687020220683,0.7875625135899108,0.9332860669111122,-0.18107268302123558,0.27942234967221574,0.0887854018478295,0.7834311806914547,0.6827298993089236,-1.055500944643044
acs_ct2_education,6,1,560,560,560,10,1.0,70,4.9,1.0,2.94470825996153,0.5922257200168244,0.006655344711918892,1,0.17699776319582503,0.08383024511604388,0.7147205914329201,0.5067057345741971,-0.127209912146243,0.18365310790774392,0.09350987971498025,0.7323331158947597,0.5446949804803196,-0.8438649068889685
acs_ct2_education,6,1,560,560,560,10,1.0,70,4.9,1.0,2.678506458673157,0.5988274964315263,0.01858625253781576,1,0.21219169468124255,0.07795277810617021,0.7299412915851273,0.6583780784721348,0.15476872957322843,0.2307779472190583,0.07823659469953917,0.746031746031746,0.6726735881835074,-0.36972646136601917
acs_ct2_education,7,3,560,560,1680,10,3.0,81,5.7,1.0,9.97367746080675,0.6729165322017041,-0.0390935186884237,0,0.2358488869527297,0.08698317785041959,0.6782407407407408,0.69943284442725,0.01916308117662228,0.196755368264306,0.09507698174620423,0.6687885802469136,0.5455774391406725,-0.4212151891347642
acs_ct2_education,7,3,560,560,1680,10,3.0,81,5.7,1.0,7.487055742790873,0.5746393401130667,-0.0001715504280217217,0,0.24142694670807419,0.08529957607793358,0.7127700617283951,0.8685766602765238,-0.01831134589030146,0.24125539628005246,0.0912817175908045,0.7310956790123457,0.7277113023334087,-0.5238413901441473
acs_ct2_education,7,3,560,560,1680,10,3.0,81,5.7,1.0,10.906222982318855,0.7054901653307473,-0.001440215112466503,0,0.21271964228390988,0.08876828260531112,0.6824845679012346,0.6781569992410432,-0.07331611679806173,0.21127942717144338,0.09565007448929341,0.7357253086419753,0.6148291115616316,-0.4781238616725113
acs_ct2_education,7,3,560,560,1680,10,3.0,81,5.7,1.0,9.760657945690603,0.6875773705255354,0.04452226391334996,1,0.22941054085761442,0.08699185392642335,0.6957947530864197,0.7054418640714331,-0.14190886897713342,0.2739328047709644,0.09163842582319899,0.7239583333333334,0.6679192973437397,-0.5156108098910822
acs_ct2_education,7,3,560,560,1680,10,3.0,81,5.7,1.0,7.894908262219301,0.6046590455136298,-0.023771535213591266,0,0.27693512739430654,0.08257986715257987,0.7455632716049383,1.082605271990786,-0.027145732489089296,0.25316359218071527,0.08847836917108104,0.7511574074074074,0.7891904763294589,-0.42164970339589525
acs_ct2_education,7,2,560,560,1120,10,2.0,81,5.7,1.0,8.65305360577241,0.7672932112605458,-0.01878608283676786,0,0.2358488869527297,0.08698317785041959,0.6782407407407408,0.69943284442725,0.01916308117662228,0.21706280411596185,0.09687557239729602,0.6840277777777777,0.56395450525437,-0.56620280421742
acs_ct2_education,7,2,560,560,1120,10,2.0,81,5.7,1.0,7.232140617599191,0.721059542116781,0.03801954317007783,1,0.24142694670807419,0.08529957607793358,0.7127700617283951,0.8685766602765238,-0.01831134589030146,0.279446489878152,0.0897837092714615,0.7413194444444444,0.771512088884363,-0.5644816010468757
acs_ct2_education,7,2,560,560,1120,10,2.0,81,5.7,1.0,4.973284734993204,0.5969482108786224,-0.009014159739598071,0,0.21271964228390988,0.08876828260531112,0.6824845679012346,0.6781569992410432,-0.07331611679806173,0.2037054825443118,0.09726255251103157,0.7202932098765433,0.6219096005862902,-0.6052668996401437
acs_ct2_education,7,2,560,560,1120,10,2.0,81,5.7,1.0,7.1643669219632535,0.7201519904367829,0.026479546040688473,1,0.22941054085761442,0.08699185392642335,0.6957947530864197,0.7054418640714331,-0.14190886897713342,0.2558900868983029,0.0916623985498242,0.7251157407407407,0.7037712851516293,-0.5832867638050854
acs_ct2_education,7,2,560,560,1120,10,2.0,81,5.7,1.0,4.55070444498756,0.560474708834309,0.010908315516595213,1,0.27693512739430654,0.08257986715257987,0.7455632716049383,1.082605271990786,-0.027145732489089296,0.28784344291090175,0.08709764945783424,0.7581018518518519,0.8374032147247283,-0.5012787036959833
acs_ct2_education,7,3,560,560,1680,10,3.0,81,5.7,1.0,9.696499621105893,0.6899345367843013,-0.041188407493063905,0,0.2358488869527297,0.08698317785041959,0.6782407407407408,0.69943284442725,0.01916308117662228,0.1946604794596658,0.0900582406583608,0.6709104938271605,0.5730822529182508,-0.0020007386279544356
acs_ct2_education,7,3,560,560,1680,10,3.0,81,5.7,1.0,9.91585799160157,0.6967268218299577,0.013337578650046367,1,0.24142694670807419,0.08529957607793358,0.7127700617283951,0.8685766602765238,-0.01831134589030146,0.25476452535812055,0.08437566087312325,0.7332175925925926,0.817178159365163,-0.06035975013833409
acs_ct2_education,7,3,560,560,1680,10,3.0,81,5.7,1.0,18.977661561449956,0.8408017523278983,0.0005730674509196454,1,0.21271964228390988,0.08876828260531112,0.6824845679012346,0.6781569992410432,-0.07331611679806173,0.21329270973482953,0.08825715397861979,0.7291666666666667,0.7721152504425421,-0.056689961480602666
acs_ct2_education,7,3,560,560,1680,10,3.0,81,5.7,1.0,15.169082819875221,0.7942546734089958,0.0698446407221095,1,0.22941054085761442,0.08699185392642335,0.6957947530864197,0.7054418640714331,-0.14190886897713342,0.2992551815797239,0.08513582456212096,0.7291666666666666,0.7462513566633162,-0.10894508607703463
acs_ct2_education,7,3,560,560,1680,10,3.0,81,5.7,1.0,18.595183145291333,0.8174640283698587,0.0004312893835198284,1,0.27693512739430654,0.08257986715257987,0.7455632716049383,1.082605271990786,-0.027145732489089296,0.27736641677782636,0.08348893743245599,0.7476851851851851,0.8683076928065842,0.0075577204665346264
acs_ct2_education,7,1,560,560,560,10,1.0,81,5.7,1.0,1.700879391662732,0.2980141901204278,-0.04147554924149091,0,0.2358488869527297,0.08698317785041959,0.6782407407407408,0.69943284442725,0.01916308117662228,0.1943733377112388,0.08918894711910168,0.6589506172839507,0.6559701513499142,-0.16130266651383743
acs_ct2_education,7,1,560,560,560,10,1.0,81,5.7,1.0,5.19682308557481,0.7913561785606656,0.04085617710760381,1,0.24142694670807419,0.08529957607793358,0.7127700617283951,0.8685766602765238,-0.01831134589030146,0.282283123815678,0.08312636816349464,0.7391975308641976,1.0370360190259675,-0.14787211733128672
acs_ct2_education,7,1,560,560,560,10,1.0,81,5.7,1.0,5.695561633685001,0.7786071923423128,-0.018725308630428095,0,0.21271964228390988,0.08876828260531112,0.6824845679012346,0.6781569992410432,-0.07331611679806173,0.1939943336534818,0.08733143733073735,0.6983024691358024,0.8496198550659094,-0.18193191652182258
acs_ct2_education,7,1,560,560,560,10,1.0,81,5.7,1.0,5.461497828120771,0.8144712300596615,0.049979580319749806,1,0.22941054085761442,0.08699185392642335,0.6957947530864197,0.7054418640714331,-0.14190886897713342,0.2793901211773642,0.08391108131121038,0.7175925925925926,0.9028419797216638,-0.185911465567907
acs_ct2_education,7,1,560,560,560,10,1.0,81,5.7,1.0,2.9818126749382143,0.6456157290311894,0.006134706273567103,1,0.27693512739430654,0.08257986715257987,0.7455632716049383,1.082605271990786,-0.027145732489089296,0.28306983366787364,0.08323278764669774,0.7388117283950617,1.0269240442289622,-0.1293061052292006
acs_ct2_education,7,3,560,560,1680,10,3.0,81,5.7,1.0,11.791222289281567,0.7260988155739814,-0.04790986188908866,0,0.2358488869527297,0.08698317785041959,0.6782407407407408,0.69943284442725,0.01916308117662228,0.18793902506364105,0.09077135497384049,0.6610725308641976,0.5010033446366134,0.08445658458134307
acs_ct2_education,7,3,560,560,1680,10,3.0,81,5.7,1.0,9.885035835011365,0.6958261084873305,0.01428755703575152,1,0.24142694670807419,0.08529957607793358,0.7127700617283951,0.8685766602765238,-0.01831134589030146,0.2557145037438257,0.08469399693623411,0.7260802469135803,0.7262315148924469,0.003944913440179305
acs_ct2_education,7,3,560,560,1680,10,3.0,81,5.7,1.0,18.622467775555418,0.8382789903592995,-0.005737066802776525,0,0.21271964228390988,0.08876828260531112,0.6824845679012346,0.6781569992410432,-0.07331611679806173,0.20698257548113336,0.0893198354885549,0.7218364197530864,0.6682517368612281,0.08037338984173988
acs_ct2_education,7,3,560,560,1680,10,3.0,81,5.7,1.0,13.22282115967551,0.7716178159175029,0.07296648439158898,1,0.22941054085761442,0.08699185392642335,0.6957947530864197,0.7054418640714331,-0.14190886897713342,0.3023770252492034,0.08601574313234424,0.7351466049382717,0.6547358182020669,-0.06451792091205791
acs_ct2_education,7,3,560,560,1680,10,3.0,81,5.7,1.0,11.515701949448777,0.725067562112721,-0.0010242331145355332,0,0.27693512739430654,0.08257986715257987,0.7455632716049383,1.082605271990786,-0.027145732489089296,0.275910894279771,0.08347598406474381,0.7420910493827161,0.7487824349031102,0.1222857416210139
acs_ct2_education,7,3,560,560,1680,10,3.0,81,5.7,1.0,15.327041376400057,0.7640203412080633,-0.04244040804862986,0,0.2358488869527297,0.08698317785041959,0.6782407407407408,0.69943284442725,0.01916308117662228,0.19340847890409985,0.1054467790603115,0.6739969135802468,0.5580915705899838,-0.879099227065476
acs_ct2_education,7,3,560,560,1680,10,3.0,81,5.7,1.0,16.217872270439877,0.8140403414705059,0.010004046889124318,1,0.24142694670807419,0.08529957607793358,0.7127700617283951,0.8685766602765238,-0.01831134589030146,0.2514309935971985,0.10453465734956145,0.7484567901234568,0.7678072532084897,-1.0767265612479062
acs_ct2_education,7,3,560,560,1680,10,3.0,81,5.7,1.0,16.542216679226698,0.7829644486238974,-0.006565655242637719,0,0.21271964228390988,0.08876828260531112,0.6824845679012346,0.6781569992410432,-0.07331611679806173,0.20615398704127216,0.10582586831018238,0.7282021604938272,0.6097994321460409,-0.9369521450902079
acs_ct2_education,7,3,560,560,1680,10,3.0,81,5.7,1.0,13.063033789858135,0.7702833586610773,0.07709990512311232,1,0.22941054085761442,0.08699185392642335,0.6957947530864197,0.7054418640714331,-0.14190886897713342,0.30651044598072674,0.10197642397981088,0.7469135802469136,0.7428119293289872,-1.007382233116387
acs_ct2_education,7,3,560,560,1680,10,3.0,81,5.7,1.0,6.476407668612258,0.5365290859679317,-0.020396840922767834,0,0.27693512739430654,0.08257986715257987,0.7455632716049383,1.082605271990786,-0.027145732489089296,0.2565382864715387,0.10029123288686076,0.751929012345679,0.7832731346792384,-0.9203457805347658
acs_ct2_education,7,3,560,560,1680,10,3.0,81,5.7,1.0,15.19546252270488,0.8024178718610595,-0.045960101884972404,0,0.2358488869527297,0.08698317785041959,0.6782407407407408,0.69943284442725,0.01916308117662228,0.1898887850677573,0.09165548556917394,0.6664737654320987,0.541340954332448,-0.14470257979478193
acs_ct2_education,7,3,560,560,1680,10,3.0,81,5.7,1.0,17.211818453154052,0.8040553476672427,0.010701997561207433,1,0.24142694670807419,0.08529957607793358,0.7127700617283951,0.8685766602765238,-0.01831134589030146,0.2521289442692816,0.08513304097203989,0.7309027777777779,0.7853120249898377,-0.20056656783633955
acs_ct2_education,7,3,560,560,1680,10,3.0,81,5.7,1.0,20.50779866836184,0.8530453015937352,0.0028028494838241436,1,0.21271964228390988,0.08876828260531112,0.6824845679012346,0.6781569992410432,-0.07331611679806173,0.21552249176773403,0.08836395742576665,0.7282021604938271,0.753631261031407,-0.18529882538117437
acs_ct2_education,7,3,560,560,1680,10,3.0,81,5.7,1.0,15.001248179102006,0.7971639110939959,0.058090267394876494,1,0.22941054085761442,0.08699185392642335,0.6957947530864197,0.7054418640714331,-0.14190886897713342,0.2875008082524909,0.0856569817931943,0.732445987654321,0.7324901587082525,-0.23566619383283807
acs_ct2_education,7,3,560,560,1680,10,3.0,81,5.7,1.0,12.878806784360776,0.7459460758492161,0.009909275769229564,1,0.27693512739430654,0.08257986715257987,0.7455632716049383,1.082605271990786,-0.027145732489089296,0.2868444031635361,0.08433944459209035,0.7417052469135803,0.8072223837720461,-0.10468289775801053
acs_ct2_education,7,4,560,560,2240,10,4.0,81,5.7,1.0,24.07340897065433,0.832826303030652,-0.04466957571445565,0,0.2358488869527297,0.08698317785041959,0.6782407407407408,0.69943284442725,0.01916308117662228,0.19117931123827406,0.10782501497890748,0.6728395061728396,0.510053208838864,-0.8864333260818354
acs_ct2_education,7,4,560,560,2240,10,4.0,81,5.7,1.0,26.353956128360437,0.8480100941931141,0.015193103299336763,1,0.24142694670807419,0.08529957607793358,0.7127700617283951,0.8685766602765238,-0.01831134589030146,0.25662005000741095,0.10090264195939873,0.7310956790123456,0.6921887064218887,-0.9287350266700233
acs_ct2_education,7,4,560,560,2240,10,4.0,81,5.7,1.0,13.70957813902929,0.7075724731266968,-0.013866017709488865,0,0.21271964228390988,0.08876828260531112,0.6824845679012346,0.6781569992410432,-0.07331611679806173,0.19885362457442102,0.10565185195591924,0.7201003086419753,0.5867003808342987,-0.8815396527505667
acs_ct2_education,7,4,560,560,2240,10,4.0,81,5.7,1.0,14.861030434609052,0.7297528575596813,0.06113267492377927,1,0.22941054085761442,0.08699185392642335,0.6957947530864197,0.7054418640714331,-0.14190886897713342,0.2905432157813937,0.09707036586402688,0.7422839506172839,0.7421725585386285,-0.8638837841986559
acs_ct2_education,7,4,560,560,2240,10,4.0,81,5.7,1.0,17.293601222906403,0.7171873282942494,-0.005040806063549841,0,0.27693512739430654,0.08257986715257987,0.7455632716049383,1.082605271990786,-0.027145732489089296,0.2718943213307567,0.09499182709443463,0.7498070987654321,0.7959196424757433,-0.7888155607237963
acs_ct2_education,7,1,560,560,560,10,1.0,81,5.7,1.0,1.5393872124431174,0.2936825019892765,-0.03796766174458438,0,0.2358488869527297,0.08698317785041959,0.6782407407407408,0.69943284442725,0.01916308117662228,0.19788122520814533,0.09026331445576609,0.6699459876543209,0.5213072695878496,0.09169209347204649
acs_ct2_education,7,1,560,560,560,10,1.0,81,5.7,1.0,2.256445545538588,0.5475565239104673,-0.008360410329486978,0,0.24142694670807419,0.08529957607793358,0.7127700617283951,0.8685766602765238,-0.01831134589030146,0.2330665363785872,0.08750510653838475,0.7255015432098766,0.6514268937834453,0.016793171115850634
acs_ct2_education,7,1,560,560,560,10,1.0,81,5.7,1.0,2.213133536365422,0.3794776445532049,-0.0012801729846433352,0,0.21271964228390988,0.08876828260531112,0.6824845679012346,0.6781569992410432,-0.07331611679806173,0.21143946929926655,0.08940971195074611,0.7376543209876543,0.6908371651136996,0.00887114942664236
acs_ct2_education,7,1,560,560,560,10,1.0,81,5.7,1.0,2.1801964815494905,0.48294814677604025,0.0269967756631726,1,0.22941054085761442,0.08699185392642335,0.6957947530864197,0.7054418640714331,-0.14190886897713342,0.256407316520787,0.08657074069298273,0.7212577160493827,0.6377009362330247,-0.033941262504969975
acs_ct2_education,7,1,560,560,560,10,1.0,81,5.7,1.0,3.3208757372651636,0.6987755579268968,0.015823045963156757,1,0.27693512739430654,0.08257986715257987,0.7455632716049383,1.082605271990786,-0.027145732489089296,0.2927581733574633,0.0818128888377599,0.7552083333333334,0.9005387152379357,0.056027249465502964
acs_ct2_education,7,4,560,560,2240,10,4.0,81,5.7,1.0,18.998193763044682,0.7858586779301402,-0.04681476605297735,0,0.2358488869527297,0.08698317785041959,0.6782407407407408,0.69943284442725,0.01916308117662228,0.18903412089975236,0.10731721700588835,0.6695601851851852,0.5768792374896399,-0.9113236707794948
acs_ct2_education,7,4,560,560,2240,10,4.0,81,5.7,1.0,11.700353282027265,0.6575408879246311,-0.0026040891612230666,0,0.24142694670807419,0.08529957607793358,0.7127700617283951,0.8685766602765238,-0.01831134589030146,0.23882285754685112,0.1002437441144448,0.7309027777777778,0.7938086104484717,-0.9413191859753737
acs_ct2_education,7,4,560,560,2240,10,4.0,81,5.7,1.0,24.984865773194414,0.8285710946990827,0.0022051648906531163,1,0.21271964228390988,0.08876828260531112,0.6824845679012346,0.6781569992410432,-0.07331611679806173,0.214924807174563,0.10350958608411186,0.7270447530864197,0.7372301610707873,-0.9340325491025394
acs_ct2_education,7,4,560,560,2240,10,4.0,81,5.7,1.0,16.159704788105167,0.7409971082409967,0.046439509194324824,1,0.22941054085761442,0.08699185392642335,0.6957947530864197,0.7054418640714331,-0.14190886897713342,0.27585005005193924,0.10429305921810221,0.7262731481481481,0.6878048868102729,-0.9994734972257645
acs_ct2_education,7,4,560,560,2240,10,4.0,81,5.7,1.0,12.339304543056592,0.6707433429188034,-0.016434206094209813,0,0.27693512739430654,0.08257986715257987,0.7455632716049383,1.082605271990786,-0.027145732489089296,0.2605009213000967,0.0957931083685389,0.7426697530864197,0.860025417818747,-0.8267874443745665
acs_ct2_education,7,1,560,560,560,10,1.0,81,5.7,1.0,4.703800806164653,0.44306446100178,-0.042079070058147205,0,0.2358488869527297,0.08698317785041959,0.6782407407407408,0.69943284442725,0.01916308117662228,0.1937698168945825,0.09448334889135074,0.6676311728395062,0.5774302154341457,-0.424213156504276
acs_ct2_education,7,1,560,560,560,10,1.0,81,5.7,1.0,4.071135223306747,0.712210625716173,-0.0018861688516526864,0,0.24142694670807419,0.08529957607793358,0.7127700617283951,0.8685766602765238,-0.01831134589030146,0.2395407778564215,0.08897325272383459,0.716820987654321,0.7910181677047003,-0.4236961368032229
acs_ct2_education,7,1,560,560,560,10,1.0,81,5.7,1.0,4.625267077654924,0.7098503243793199,-0.013113121047840431,0,0.21271964228390988,0.08876828260531112,0.6824845679012346,0.6781569992410432,-0.07331611679806173,0.19960652123606945,0.09409831308319466,0.7204861111111112,0.6807282440939986,-0.4916294570289861
acs_ct2_education,7,1,560,560,560,10,1.0,81,5.7,1.0,2.54233082347913,0.5736651588410234,0.012235804915572523,1,0.22941054085761442,0.08699185392642335,0.6957947530864197,0.7054418640714331,-0.14190886897713342,0.24164634577318694,0.09010795824812913,0.7092978395061729,0.6920064618977104,-0.45822329655187777
acs_ct2_education,7,1,560,560,560,10,1.0,81,5.7,1.0,3.5395301099951193,0.6109559105574519,-0.01822972990263777,0,0.27693512739430654,0.08257986715257987,0.7455632716049383,1.082605271990786,-0.027145732489089296,0.25870539749166876,0.08745670592812692,0.7351466049382716,0.8786291774102453,-0.40939105807158277
acs_ct2_education,7,1,560,560,560,10,1.0,81,5.7,1.0,3.230657158445537,0.6900222463945256,0.016744935680659878,1,0.2358488869527297,0.08698317785041959,0.6782407407407408,0.69943284442725,0.01916308117662228,0.2525938226333896,0.11210161695353787,0.6822916666666667,0.7282738388466474,-1.168811077005053
acs_ct2_education,7,1,560,560,560,10,1.0,81,5.7,1.0,3.3953357529500514,0.7042928183993201,0.03199557784002316,1,0.24142694670807419,0.08529957607793358,0.7127700617283951,0.8685766602765238,-0.01831134589030146,0.27342252454809735,0.1154404400181857,0.7399691358024691,0.8355315705904147,-1.3240362647766992
acs_ct2_education,7,1,560,560,560,10,1.0,81,5.7,1.0,8.240015699365323,0.875863744669826,-0.008554529240966058,0,0.21271964228390988,0.08876828260531112,0.6824845679012346,0.6781569992410432,-0.07331611679806173,0.20416511304294382,0.12023675690171605,0.6979166666666666,0.6414801158446258,-1.2659533648978305
acs_ct2_education,7,1,560,560,560,10,1.0,81,5.7,1.0,6.123744235695752,0.8300075283422463,0.03494074987354179,1,0.22941054085761442,0.08699185392642335,0.6957947530864197,0.7054418640714331,-0.14190886897713342,0.2643512907311562,0.1150413281057026,0.7403549382716049,0.7268442315291764,-1.3140887409866462
acs_ct2_education,7,1,560,560,560,10,1.0,81,5.7,1.0,2.16163095267479,0.5286606845799002,0.029749386446800197,1,0.27693512739430654,0.08257986715257987,0.7455632716049383,1.082605271990786,-0.027145732489089296,0.30668451384110673,0.11031938238624936,0.7501929012345679,0.9461546348261308,-1.2418866408902103
acs_ct2_education,8,3,560,560,1680,10,3.0,85,6.0,1.0,12.99799875334396,0.7690221476813206,-0.02111279361968399,0,0.33197461012352775,0.08458274406688719,0.756093023255814,1.3964825020716347,-0.07971205098234362,0.31086181650384376,0.08668117649556546,0.7622325581395348,1.0056082596777183,-0.39383929370065907
acs_ct2_education,8,3,560,560,1680,10,3.0,85,5.9,1.0,19.994512617997437,0.8497351143174039,0.03288230298353617,1,0.24270036676311324,0.09090267194248165,0.7118979151689433,1.019633089912595,-0.00917311475501225,0.2755826697466494,0.09269500091875932,0.7225017972681524,0.8854348099035885,-0.32974535430878765
acs_ct2_education,8,3,560,560,1680,10,3.0,85,6.0,1.0,9.479322160938445,0.6773286800868419,0.05586641456144609,1,0.15300576056746856,0.09488782067647542,0.6331162790697675,0.533211771931548,-0.04994468577494258,0.20887217512891465,0.09414984759996645,0.6844651162790698,0.6486325023283506,-0.3490503060082976
acs_ct2_education,8,3,560,560,1680,10,3.0,85,6.0,1.0,9.426764363537998,0.6815853503079681,0.003009669743984339,1,0.15803252513192328,0.09421755304834939,0.5933023255813954,0.4099991799870687,0.11763572255151888,0.16104219487590762,0.09956418063836946,0.6152558139534884,0.3709747978708066,-0.26614827285913895
acs_ct2_education,8,3,560,560,1680,10,3.0,85,6.0,1.0,18.96401737663996,0.8417648579247363,0.01573674023795099,1,0.16563936477901237,0.09383097236119729,0.6775813953488372,0.6809376005478268,-0.07485458941584257,0.18137610501696336,0.09328995494135353,0.698046511627907,0.7393953456921037,-0.2524075297579214
acs_ct2_education,8,1,560,560,560,10,1.0,85,6.0,1.0,4.371889954317239,0.7707583144899197,-0.007529388143683646,0,0.33197461012352775,0.08458274406688719,0.756093023255814,1.3964825020716347,-0.07971205098234362,0.3244452219798441,0.08343434182218173,0.7674418604651162,1.096135815677718,-0.1282296551052912
acs_ct2_education,8,1,560,560,560,10,1.0,85,5.9,1.0,4.069483892282512,0.7521875148261025,0.009306838107852544,1,0.24270036676311324,0.09090267194248165,0.7118979151689433,1.019633089912595,-0.00917311475501225,0.2520072048709658,0.09124752795711141,0.7248382458662833,0.9001492419919842,-0.08140171525683483
acs_ct2_education,8,1,560,560,560,10,1.0,85,6.0,1.0,1.6897106071981307,0.30010419459048027,0.05142666806468099,1,0.15300576056746856,0.09488782067647542,0.6331162790697675,0.533211771931548,-0.04994468577494258,0.20443242863214955,0.09259293688741173,0.6880000000000001,0.6343523225041915,-0.09062050029321314
acs_ct2_education,8,1,560,560,560,10,1.0,85,6.0,1.0,1.4940204688404564,0.30658476040765015,0.008670843415571283,1,0.15803252513192328,0.09421755304834939,0.5933023255813954,0.4099991799870687,0.11763572255151888,0.16670336854749457,0.09564099438461625,0.6113488372093023,0.38950999434029776,-0.009506649761486874
acs_ct2_education,8,1,560,560,560,10,1.0,85,6.0,1.0,9.363940228717194,0.8865973916853005,0.014235924754175788,1,0.16563936477901237,0.09383097236119729,0.6775813953488372,0.6809376005478268,-0.07485458941584257,0.17987528953318815,0.09205040348421818,0.6961860465116279,0.7459032002298905,-0.012496999417871421
acs_ct2_education,8,2,560,560,1120,10,2.0,85,6.0,1.0,9.10119123466023,0.7654558029180316,-0.015676809533807623,0,0.33197461012352775,0.08458274406688719,0.756093023255814,1.3964825020716347,-0.07971205098234362,0.3162978005897201,0.09387018176657218,0.7681860465116279,0.9479454428882874,-0.7769334030584626
acs_ct2_education,8,2,560,560,1120,10,2.0,85,5.9,1.0,18.558709966808138,0.8921782896547816,0.024322276578879087,1,0.24270036676311324,0.09090267194248165,0.7118979151689433,1.019633089912595,-0.00917311475501225,0.2670226433419923,0.1002511284394751,0.7205248023005033,0.8162136807892071,-0.6789637291275837
acs_ct2_education,8,2,560,560,1120,10,2.0,85,6.0,1.0,9.350657827589668,0.7817643564073076,0.05641890050298504,1,0.15300576056746856,0.09488782067647542,0.6331162790697675,0.533211771931548,-0.04994468577494258,0.2094246610704536,0.10236080349163502,0.6945116279069767,0.5845158566524724,-0.6949798212086319
acs_ct2_education,8,2,560,560,1120,10,2.0,85,6.0,1.0,8.76785591647622,0.7683196616821608,0.006113258568923752,1,0.15803252513192328,0.09421755304834939,0.5933023255813954,0.4099991799870687,0.11763572255151888,0.16414578370084704,0.10476908140770226,0.6161860465116279,0.3807776716251818,-0.5732496612119745
acs_ct2_education,8,2,560,560,1120,10,2.0,85,6.0,1.0,17.18447639176728,0.8813162158281191,0.01783283860113416,1,0.16563936477901237,0.09383097236119729,0.6775813953488372,0.6809376005478268,-0.07485458941584257,0.18347220338014653,0.09926643198462572,0.6995348837209302,0.6731777819587291,-0.57746182126164
acs_ct2_education,8,4,560,560,2240,10,4.0,85,6.0,1.0,22.462599803251052,0.7671373146915812,-0.005548730257447176,0,0.33197461012352775,0.08458274406688719,0.756093023255814,1.3964825020716347,-0.07971205098234362,0.32642587986608057,0.11417401148615595,0.7763720930232558,1.004916076499803,-1.2679895620814308
acs_ct2_education,8,4,560,560,2240,10,4.0,85,5.9,1.0,22.612782316593144,0.8128733382441999,0.005013069362611228,1,0.24270036676311324,0.09090267194248165,0.7118979151689433,1.019633089912595,-0.00917311475501225,0.24771343612572447,0.12386644139683793,0.714414090582315,0.7591377755849552,-1.2280327221513236
acs_ct2_education,8,4,560,560,2240,10,4.0,85,6.0,1.0,15.750353431795272,0.7456997939665149,0.051009839490613995,1,0.15300576056746856,0.09488782067647542,0.6331162790697675,0.533211771931548,-0.04994468577494258,0.20401560005808256,0.1330681338547956,0.6781395348837209,0.5023454049054982,-1.33235476973829
acs_ct2_education,8,4,560,560,2240,10,4.0,85,6.0,1.0,22.04369096509197,0.8027826740963906,0.016380623725693433,1,0.15803252513192328,0.09421755304834939,0.5933023255813954,0.4099991799870687,0.11763572255151888,0.17441314885761672,0.12704080741200252,0.6362790697674419,0.3870813103666003,-1.1521052984821882
acs_ct2_education,8,4,560,560,2240,10,4.0,85,6.0,1.0,25.830164626458377,0.827419014384783,0.005095583456594638,1,0.16563936477901237,0.09383097236119729,0.6775813953488372,0.6809376005478268,-0.07485458941584257,0.170734948235607,0.11978400875928391,0.6885581395348837,0.5840946102821362,-1.0696136254877961
acs_ct2_education,8,1,560,560,560,10,1.0,85,6.0,1.0,6.699502777732797,0.8494152331270721,-0.038684819802781434,0,0.33197461012352775,0.08458274406688719,0.756093023255814,1.3964825020716347,-0.07971205098234362,0.2932897903207463,0.08356305280006214,0.765953488372093,1.0541046374318281,0.025900411557493615
acs_ct2_education,8,1,560,560,560,10,1.0,85,5.9,1.0,2.095703597059006,0.521699017170262,-0.0008118032832012956,0,0.24270036676311324,0.09090267194248165,0.7118979151689433,1.019633089912595,-0.00917311475501225,0.24188856347991194,0.09117667158367329,0.7278936017253774,0.8388215397716927,0.12377001858651389
acs_ct2_education,8,1,560,560,560,10,1.0,85,6.0,1.0,1.4919252631589424,0.2530905954680124,0.07891342964262749,1,0.15300576056746856,0.09488782067647542,0.6331162790697675,0.533211771931548,-0.04994468577494258,0.23191919021009605,0.0905517938550679,0.699906976744186,0.6867370056075724,0.2205543719698385
acs_ct2_education,8,1,560,560,560,10,1.0,85,6.0,1.0,4.085822219650005,0.47419733390008223,0.01373868799464495,1,0.15803252513192328,0.09421755304834939,0.5933023255813954,0.4099991799870687,0.11763572255151888,0.17177121312656823,0.09883942142092929,0.6195348837209302,0.34912299152287096,0.1024879531932036
acs_ct2_education,8,1,560,560,560,10,1.0,85,6.0,1.0,2.2022072314473884,0.5459053081601564,0.01353516857551676,1,0.16563936477901237,0.09383097236119729,0.6775813953488372,0.6809376005478268,-0.07485458941584257,0.17917453335452913,0.0944652532549816,0.6904186046511628,0.5763307065973549,0.2877946286360104
acs_ct2_education,8,1,560,560,560,10,1.0,85,6.0,1.0,7.666948278131619,0.869348902432582,-0.05422297140476817,0,0.33197461012352775,0.08458274406688719,0.756093023255814,1.3964825020716347,-0.07971205098234362,0.2777516387187596,0.08679549822814005,0.7534883720930232,1.065407710812606,-0.35414819380914064
acs_ct2_education,8,1,560,560,560,10,1.0,85,5.9,1.0,5.314737360135784,0.7908405009367043,0.028693431070478725,1,0.24270036676311324,0.09090267194248165,0.7118979151689433,1.019633089912595,-0.00917311475501225,0.27139379783359197,0.0921968706938329,0.7093817397555716,0.8325237442152374,-0.2499950602460455
acs_ct2_education,8,1,560,560,560,10,1.0,85,6.0,1.0,2.7997081704279076,0.4714810523364251,0.026219526664625903,1,0.15300576056746856,0.09488782067647542,0.6331162790697675,0.533211771931548,-0.04994468577494258,0.17922528723209447,0.0969003997057281,0.6578604651162792,0.5184451534627873,-0.2742858298477354
acs_ct2_education,8,1,560,560,560,10,1.0,85,6.0,1.0,3.781830844521739,0.7215307838574916,-0.008374182583582246,0,0.15803252513192328,0.09421755304834939,0.5933023255813954,0.4099991799870687,0.11763572255151888,0.14965834254834104,0.10140274033719407,0.6068837209302326,0.33173398438613694,-0.26729947086475575
acs_ct2_education,8,1,560,560,560,10,1.0,85,6.0,1.0,9.227587401975732,0.8907456645599992,0.006167950872427219,1,0.16563936477901237,0.09383097236119729,0.6775813953488372,0.6809376005478268,-0.07485458941584257,0.17180731565143958,0.09523907430419551,0.6870697674418604,0.6504931849252701,-0.24512119851868916
acs_ct2_education,8,2,560,560,1120,10,2.0,85,6.0,1.0,11.30872017505059,0.8230041626892017,-0.04314644781608162,0,0.33197461012352775,0.08458274406688719,0.756093023255814,1.3964825020716347,-0.07971205098234362,0.2888281623074461,0.09273487866723394,0.7542325581395348,1.026563702849733,-0.6892007712261082
acs_ct2_education,8,2,560,560,1120,10,2.0,85,5.9,1.0,8.509272478211308,0.7630702485076248,0.01007883881210836,1,0.24270036676311324,0.09090267194248165,0.7118979151689433,1.019633089912595,-0.00917311475501225,0.2527792055752216,0.0962922692518856,0.7090222861250899,0.823683906470998,-0.5369151108225206
acs_ct2_education,8,2,560,560,1120,10,2.0,85,6.0,1.0,4.367974982319256,0.5420525623368642,0.03791600124369637,1,0.15300576056746856,0.09488782067647542,0.6331162790697675,0.533211771931548,-0.04994468577494258,0.19092176181116494,0.10419928086852019,0.6680930232558139,0.5080892642623019,-0.6474405667370781
acs_ct2_education,8,2,560,560,1120,10,2.0,85,6.0,1.0,8.336456786242065,0.6224787499870542,-0.0024272553541050956,0,0.15803252513192328,0.09421755304834939,0.5933023255813954,0.4099991799870687,0.11763572255151888,0.1556052697778182,0.10687822266395172,0.6120930232558139,0.3504368421233712,-0.560570990668599
acs_ct2_education,8,2,560,560,1120,10,2.0,85,6.0,1.0,13.33810469290818,0.8492391374624453,0.00758364858665686,1,0.16563936477901237,0.09383097236119729,0.6775813953488372,0.6809376005478268,-0.07485458941584257,0.17322301336566923,0.09998963330368589,0.6839069767441861,0.6325761518979895,-0.5501434917866129
acs_ct2_education,8,3,560,560,1680,10,3.0,85,6.0,1.0,16.600919270213613,0.7903794289457947,-0.05241352125062604,0,0.33197461012352775,0.08458274406688719,0.756093023255814,1.3964825020716347,-0.07971205098234362,0.2795610888729017,0.12569159497016755,0.7653953488372094,0.9534340540914943,-1.4131615637589634
acs_ct2_education,8,3,560,560,1680,10,3.0,85,5.9,1.0,15.025143068035177,0.7996226079708013,0.018085303207949377,1,0.24270036676311324,0.09090267194248165,0.7118979151689433,1.019633089912595,-0.00917311475501225,0.2607856699710626,0.12342095405865125,0.7030913012221424,0.7773162807534792,-1.2186441515744744
acs_ct2_education,8,3,560,560,1680,10,3.0,85,6.0,1.0,20.383649652171,0.8444157977916933,0.04748475630411941,1,0.15300576056746856,0.09488782067647542,0.6331162790697675,0.533211771931548,-0.04994468577494258,0.20049051687158798,0.13496594333131587,0.674046511627907,0.5042666935722179,-1.361131462529296
acs_ct2_education,8,3,560,560,1680,10,3.0,85,6.0,1.0,15.174136459077008,0.6353913870874413,0.0058734468429998965,1,0.15803252513192328,0.09421755304834939,0.5933023255813954,0.4099991799870687,0.11763572255151888,0.16390597197492318,0.13393410004780928,0.6189767441860465,0.38622975019430306,-1.2562764558765376
acs_ct2_education,8,3,560,560,1680,10,3.0,85,6.0,1.0,25.633901352574807,0.8699802685131313,0.011035787570947447,1,0.16563936477901237,0.09383097236119729,0.6775813953488372,0.6809376005478268,-0.07485458941584257,0.1766751523499598,0.12212629771793239,0.6857674418604651,0.6330679727288436,-1.158331942208022
acs_ct2_education,8,1,560,560,560,10,1.0,85,6.0,1.0,4.354968864197298,0.7657688844105371,-0.03586107856754567,0,0.33197461012352775,0.08458274406688719,0.756093023255814,1.3964825020716347,-0.07971205098234362,0.2961135315559821,0.1266211106383257,0.7733953488372093,1.2212616488715238,-1.4568961463195131
acs_ct2_education,8,1,560,560,560,10,1.0,85,5.9,1.0,3.0061403445290953,0.6183022548727379,0.013191812539263159,1,0.24270036676311324,0.09090267194248165,0.7118979151689433,1.019633089912595,-0.00917311475501225,0.2558921793023764,0.12459300371543029,0.7027318475916606,0.8571747908815712,-1.2557528723476001
acs_ct2_education,8,1,560,560,560,10,1.0,85,6.0,1.0,1.5598603594323492,0.33653935996960466,0.03184911908127455,1,0.15300576056746856,0.09488782067647542,0.6331162790697675,0.533211771931548,-0.04994468577494258,0.18485487964874311,0.12908960113827753,0.6679069767441861,0.5714705769393618,-1.2759402316007853
acs_ct2_education,8,1,560,560,560,10,1.0,85,6.0,1.0,0.5933648611771192,0.0,0.010782681591108345,1,0.15803252513192328,0.09421755304834939,0.5933023255813954,0.4099991799870687,0.11763572255151888,0.16881520672303163,0.12945928882870048,0.6292093023255815,0.4381652541482452,-1.2281547368274353
acs_ct2_education,8,1,560,560,560,10,1.0,85,6.0,1.0,4.509534411674561,0.7653143873433388,-0.00466116334814104,0,0.16563936477901237,0.09383097236119729,0.6775813953488372,0.6809376005478268,-0.07485458941584257,0.16097820143087133,0.12663828818460277,0.6747906976744187,0.6486725675375821,-1.2217873292667887
acs_ct2_education,8,2,560,560,1120,10,2.0,85,6.0,1.0,16.859541433277005,0.8270867369015452,-0.0032218879823516233,0,0.33197461012352775,0.08458274406688719,0.756093023255814,1.3964825020716347,-0.07971205098234362,0.3287527221411761,0.09544728282798406,0.7752558139534883,1.1174806728500242,-0.8927858507296499
acs_ct2_education,8,2,560,560,1120,10,2.0,85,5.9,1.0,8.894969134140013,0.7545676275255602,0.023226099327542604,1,0.24270036676311324,0.09090267194248165,0.7118979151689433,1.019633089912595,-0.00917311475501225,0.26592646609065584,0.10159527767912989,0.7275341480948958,0.8271881515072275,-0.7734395930034575
acs_ct2_education,8,2,560,560,1120,10,2.0,85,6.0,1.0,7.997365261178854,0.7335118518067201,0.050198565257542266,1,0.15300576056746856,0.09488782067647542,0.6331162790697675,0.533211771931548,-0.04994468577494258,0.20320432582501083,0.10571819924581854,0.6850232558139535,0.5871295091060592,-0.7879978551966209
acs_ct2_education,8,2,560,560,1120,10,2.0,85,6.0,1.0,16.864976685567886,0.8097801642391371,0.02013223412994808,1,0.15803252513192328,0.09421755304834939,0.5933023255813954,0.4099991799870687,0.11763572255151888,0.17816475926187136,0.10317258297329748,0.633860465116279,0.45059850541169333,-0.6165911704013739
acs_ct2_education,8,2,560,560,1120,10,2.0,85,6.0,1.0,15.337178115162102,0.859373335369872,0.008479576785391713,1,0.16563936477901237,0.09383097236119729,0.6775813953488372,0.6809376005478268,-0.07485458941584257,0.17411894156440408,0.10308196845642269,0.6898604651162791,0.6852804805675655,-0.7016060924796199
acs_ct2_education,8,1,560,560,560,10,1.0,85,6.0,1.0,1.4185845506875527,0.2626532548235031,-0.0006102021860980855,0,0.33197461012352775,0.08458274406688719,0.756093023255814,1.3964825020716347,-0.07971205098234362,0.33136440793742966,0.1233612840965894,0.7674418604651163,1.2558434226698758,-1.4135102531213102
acs_ct2_education,8,1,560,560,560,10,1.0,85,5.9,1.0,0.7331123380658695,0.0909935532910505,0.007769369704332063,1,0.24270036676311324,0.09090267194248165,0.7118979151689433,1.019633089912595,-0.00917311475501225,0.2504697364674453,0.12997118311262618,0.687275341480949,0.8288368104594819,-1.3268855474589978
acs_ct2_education,8,1,560,560,560,10,1.0,85,6.0,1.0,7.60045687396362,0.821435875281016,0.03860894390032554,1,0.15300576056746856,0.09488782067647542,0.6331162790697675,0.533211771931548,-0.04994468577494258,0.1916147044677941,0.13188703491080125,0.6563720930232558,0.5830463778894943,-1.3284384845922872
acs_ct2_education,8,1,560,560,560,10,1.0,85,6.0,1.0,6.305357225671832,0.829981943345909,0.024121203808965097,1,0.15803252513192328,0.09421755304834939,0.5933023255813954,0.4099991799870687,0.11763572255151888,0.18215372894088838,0.12724736643772286,0.6355348837209303,0.4727566124381474,-1.2237021646476314
acs_ct2_education,8,1,560,560,560,10,1.0,85,6.0,1.0,5.609403592861715,0.818901764913573,-0.0018150816890148969,0,0.16563936477901237,0.09383097236119729,0.6775813953488372,0.6809376005478268,-0.07485458941584257,0.16382428308999747,0.13029084092643722,0.6723720930232558,0.6368843935100614,-1.2806151353444921
acs_ct2_education,8,1,560,560,560,10,1.0,85,6.0,1.0,1.4607747041519508,0.25575559248065716,-0.029234892104395338,0,0.33197461012352775,0.08458274406688719,0.756093023255814,1.3964825020716347,-0.07971205098234362,0.3027397180191324,0.08452167349236409,0.758139534883721,1.1009589405249312,0.015506581561820925
acs_ct2_education,8,1,560,560,560,10,1.0,85,5.9,1.0,0.8052276229807979,0.0,0.023511809695980046,1,0.24270036676311324,0.09090267194248165,0.7118979151689433,1.019633089912595,-0.00917311475501225,0.2662121764590933,0.0906492583488014,0.7205248023005032,0.918687794927833,0.06062831221414016
acs_ct2_education,8,1,560,560,560,10,1.0,85,6.0,1.0,1.390434207917306,0.2479779350396414,0.008930872279461932,1,0.15300576056746856,0.09488782067647542,0.6331162790697675,0.533211771931548,-0.04994468577494258,0.1619366328469305,0.09434598378455711,0.6602790697674419,0.5624158712852794,-0.010220811373554494
acs_ct2_education,8,1,560,560,560,10,1.0,85,6.0,1.0,2.2133119732887487,0.5463965940604283,0.010940657495900064,1,0.15803252513192328,0.09421755304834939,0.5933023255813954,0.4099991799870687,0.11763572255151888,0.16897318262782335,0.09434033325919335,0.622139534883721,0.44267476828579894,0.18141472471705836
acs_ct2_education,8,1,560,560,560,10,1.0,85,6.0,1.0,3.010060336330407,0.4512463448971391,0.0020197324534160233,1,0.16563936477901237,0.09383097236119729,0.6775813953488372,0.6809376005478268,-0.07485458941584257,0.1676590972324284,0.09393993042279843,0.6798139534883721,0.6215375257849578,0.036875885290272276
acs_ct2_education,9,1,560,560,560,10,1.0,69,4.8,1.0,4.596167837025984,0.7308223016474338,0.048596372596189596,1,0.2844418951436648,0.07292835965205204,0.7484235703413785,0.8499932755160923,-0.030978220806055234,0.3330382677398544,0.06980783863332958,0.7845183735594695,1.0327185935369783,-0.09089572033283638
acs_ct2_education,9,1,560,560,560,10,1.0,69,4.8,1.0,1.1755481736243112,0.14444668514060038,0.011671574974966015,1,0.18535466086187374,0.07967510860723508,0.6333985649054142,0.39279383368961807,0.1797383410351745,0.19702623583683976,0.0780264403995636,0.639486844966297,0.5018476230984491,0.09593674244509338
acs_ct2_education,9,1,560,560,560,10,1.0,69,4.8,1.0,2.271905459792455,0.5354642924544484,-0.004997569241654287,0,0.2031759449847864,0.07970477040033877,0.7038486627527724,0.5714959925438445,0.03585787549198287,0.1981783757431321,0.07884245208009169,0.7232006958034355,0.6625070511688607,0.012874156613499891
acs_ct2_education,9,1,560,560,560,10,1.0,69,4.8,1.0,0.6043664930972732,0.0,0.003668008992087163,1,0.20941771962133085,0.07662530862952804,0.6866710154381388,0.5967584565403002,0.1864472116561513,0.213085728613418,0.07602570124618246,0.6927592954990215,0.6942263987271037,0.16565374105488564
acs_ct2_education,9,1,560,560,560,10,1.0,69,4.8,1.0,0.415093249149227,0.0,-0.005616856696726791,0,0.37412125856228823,0.06931385932749091,0.7445096760165253,0.9197338488615447,0.06514385560958803,0.36850440186556144,0.06894330236011427,0.7423352902804957,0.9477047791713002,0.04103239418877579
acs_ct2_education,9,4,560,560,2240,10,4.0,69,4.8,1.0,15.417058579239843,0.740201333100264,0.07134023995893751,1,0.2844418951436648,0.07292835965205204,0.7484235703413785,0.8499932755160923,-0.030978220806055234,0.3557821351026023,0.06980355524356542,0.7932159165035877,1.3848951145977264,0.0011190736455594377
acs_ct2_education,9,4,560,560,2240,10,4.0,69,4.8,1.0,13.47536309719208,0.6899494120641482,0.010362935797913114,1,0.18535466086187374,0.07967510860723508,0.6333985649054142,0.39279383368961807,0.1797383410351745,0.19571759665978686,0.07799979466276581,0.649923896499239,0.645180752237595,0.12005589325222114
acs_ct2_education,9,4,560,560,2240,10,4.0,69,4.8,1.0,22.292935056767234,0.8008419067295606,-0.012379376429288491,0,0.2031759449847864,0.07970477040033877,0.7038486627527724,0.5714959925438445,0.03585787549198287,0.1907965685554979,0.07713923501344315,0.7279843444227005,0.8920707367813616,0.040329837976258845
acs_ct2_education,9,4,560,560,2240,10,4.0,69,4.8,1.0,17.08509766449689,0.7635614356279645,0.06302667291117439,1,0.20941771962133085,0.07662530862952804,0.6866710154381388,0.5967584565403002,0.1864472116561513,0.27244439253250524,0.0744942046770964,0.7366818873668188,1.0235013142993914,0.1771658034197238
acs_ct2_education,9,4,560,560,2240,10,4.0,69,4.8,1.0,16.117065116966,0.748303147524066,0.019669413343988584,1,0.37412125856228823,0.06931385932749091,0.7445096760165253,0.9197338488615447,0.06514385560958803,0.3937906719062768,0.06874225840702473,0.771689497716895,1.3550301010766828,0.11657282364373574
acs_ct2_education,9,3,560,560,1680,10,3.0,69,4.8,1.0,17.228291066821537,0.8180812337060901,0.054338928213713666,1,0.2844418951436648,0.07292835965205204,0.7484235703413785,0.8499932755160923,-0.030978220806055234,0.33878082335737847,0.10794593655561169,0.781909110676234,0.9819323242898257,-1.5223464940338796
acs_ct2_education,9,3,560,560,1680,10,3.0,69,4.8,1.0,13.76537501128263,0.7718456606993223,-0.008362712978893794,0,0.18535466086187374,0.07967510860723508,0.6333985649054142,0.39279383368961807,0.1797383410351745,0.17699194788297995,0.11901266159226427,0.6118721461187214,0.3818221758414601,-1.3518701655806642
acs_ct2_education,9,3,560,560,1680,10,3.0,69,4.8,1.0,14.732366304300989,0.784703627633611,-0.007171145941947787,0,0.2031759449847864,0.07970477040033877,0.7038486627527724,0.5714959925438445,0.03585787549198287,0.1960047990428386,0.10600947530894676,0.7140682757121113,0.6565104864537128,-1.2714071395176856
acs_ct2_education,9,3,560,560,1680,10,3.0,69,4.8,1.0,18.632881506068806,0.8257594764130485,-0.003123182758250548,0,0.20941771962133085,0.07662530862952804,0.6866710154381388,0.5967584565403002,0.1864472116561513,0.2062945368630803,0.09916492669386663,0.6775385953468146,0.6486879453712242,-1.1422012104521857
acs_ct2_education,9,3,560,560,1680,10,3.0,69,4.8,1.0,13.51458950260186,0.7460880768989481,-0.012351189771232285,0,0.37412125856228823,0.06931385932749091,0.7445096760165253,0.9197338488615447,0.06514385560958803,0.36177006879105594,0.09281240138171377,0.7510328332246141,1.0880670938330965,-1.22225287594459
acs_ct2_education,9,1,560,560,560,10,1.0,69,4.8,1.0,1.5532381343014556,0.280635499016544,0.0674890660637949,1,0.2844418951436648,0.07292835965205204,0.7484235703413785,0.8499932755160923,-0.030978220806055234,0.3519309612074597,0.06934265868363391,0.7962600565340292,0.9816828313106407,-0.09322225615702076
acs_ct2_education,9,1,560,560,560,10,1.0,69,4.8,1.0,0.5172592106631237,0.0,0.0036112100161575234,1,0.18535466086187374,0.07967510860723508,0.6333985649054142,0.39279383368961807,0.1797383410351745,0.18896587087803127,0.08093688821027106,0.6275277234181343,0.37642824341020176,0.011820252514725056
acs_ct2_education,9,1,560,560,560,10,1.0,69,4.8,1.0,1.162138631429129,0.2724469295743874,-0.01541470333955508,0,0.2031759449847864,0.07970477040033877,0.7038486627527724,0.5714959925438445,0.03585787549198287,0.1877612416452313,0.0800280258341565,0.7282017829963036,0.6273320850423867,0.04150779617878462
acs_ct2_education,9,1,560,560,560,10,1.0,69,4.8,1.0,0.6341953270445351,0.0,0.05581611751764101,1,0.20941771962133085,0.07662530862952804,0.6866710154381388,0.5967584565403002,0.1864472116561513,0.26523383713897186,0.07521807460266036,0.7199391171993912,0.6792100610110985,0.27459305418568813
acs_ct2_education,9,1,560,560,560,10,1.0,69,4.8,1.0,2.1317699177198857,0.3679621270814821,0.01771076563961088,1,0.37412125856228823,0.06931385932749091,0.7445096760165253,0.9197338488615447,0.06514385560958803,0.3918320242018991,0.06818436201780502,0.7688627962600566,1.006814745554625,0.12397873035894813
acs_ct2_education,9,3,560,560,1680,10,3.0,69,4.8,1.0,9.839240645913623,0.6887385481197122,0.059123534868039784,1,0.2844418951436648,0.07292835965205204,0.7484235703413785,0.8499932755160923,-0.030978220806055234,0.3435654300117046,0.06994300626932835,0.8027832137421179,1.010379897123349,-0.015278897571305928
acs_ct2_education,9,3,560,560,1680,10,3.0,69,4.8,1.0,8.09940369918857,0.5916894026873617,-0.011138307769805539,0,0.18535466086187374,0.07967510860723508,0.6333985649054142,0.39279383368961807,0.1797383410351745,0.1742163530920682,0.08039309597536114,0.6277451619917374,0.38621431256636907,0.03745850547911249
acs_ct2_education,9,3,560,560,1680,10,3.0,69,4.8,1.0,10.886815204049894,0.7216496963006217,-0.017587079138427497,0,0.2031759449847864,0.07970477040033877,0.7038486627527724,0.5714959925438445,0.03585787549198287,0.1855888658463589,0.07963266762459954,0.7227658186562296,0.6375286360338186,0.1348446842298023
acs_ct2_education,9,3,560,560,1680,10,3.0,69,4.8,1.0,6.513288306756937,0.5393665627400763,0.057587560200639015,1,0.20941771962133085,0.07662530862952804,0.6866710154381388,0.5967584565403002,0.1864472116561513,0.26700527982196987,0.07465933149343981,0.7310284844531421,0.7682482462401955,0.30208602307938176
acs_ct2_education,9,3,560,560,1680,10,3.0,69,4.8,1.0,8.75246637018943,0.625708028314417,0.016775091868819647,1,0.37412125856228823,0.06931385932749091,0.7445096760165253,0.9197338488615447,0.06514385560958803,0.3908963504311079,0.06797983873821628,0.7766905849097631,0.9973087189765106,0.283123462897232
acs_ct2_education,9,3,560,560,1680,10,3.0,69,4.8,1.0,22.71257820877071,0.8487299682622522,0.026330063399779058,1,0.2844418951436648,0.07292835965205204,0.7484235703413785,0.8499932755160923,-0.030978220806055234,0.31077195854344386,0.07166557080374898,0.7845183735594694,1.0776370624737397,-0.2130218350694319
acs_ct2_education,9,3,560,560,1680,10,3.0,69,4.8,1.0,15.855075022388188,0.8107283707517122,-0.020012023643752402,0,0.18535466086187374,0.07967510860723508,0.6333985649054142,0.39279383368961807,0.1797383410351745,0.16534263721812134,0.08035075506861272,0.6249184605348989,0.4260013888647487,-0.03977598382737105
acs_ct2_education,9,3,560,560,1680,10,3.0,69,4.8,1.0,9.53912257546709,0.6758657251278536,-0.015734002121934848,0,0.2031759449847864,0.07970477040033877,0.7038486627527724,0.5714959925438445,0.03585787549198287,0.18744194286285154,0.07876157180833508,0.7271145901282888,0.7182067527140308,0.014132247248233193
acs_ct2_education,9,3,560,560,1680,10,3.0,69,4.8,1.0,10.009242208578637,0.7002190098573122,0.0522679538781243,1,0.20941771962133085,0.07662530862952804,0.6866710154381388,0.5967584565403002,0.1864472116561513,0.26168567349945515,0.07463652599178469,0.7171124157425527,0.7802573559893128,0.06899536723051623
acs_ct2_education,9,3,560,560,1680,10,3.0,69,4.8,1.0,19.81193354674901,0.8483917471992292,0.0324650219954189,1,0.37412125856228823,0.06931385932749091,0.7445096760165253,0.9197338488615447,0.06514385560958803,0.4065862805577071,0.06708691206869838,0.7784300934985867,1.1501096807346172,0.08442558636541966
acs_ct2_education,9,2,560,560,1120,10,2.0,69,4.8,1.0,3.113606543419809,0.357632642017009,-0.0001049426197364256,0,0.2844418951436648,0.07292835965205204,0.7484235703413785,0.8499932755160923,-0.030978220806055234,0.2843369525239284,0.07888065962575928,0.7725592520113067,0.928902632286762,-0.6763927660973046
acs_ct2_education,9,2,560,560,1120,10,2.0,69,4.8,1.0,4.993218391066378,0.5986224806729105,-0.03970535393055985,0,0.18535466086187374,0.07967510860723508,0.6333985649054142,0.39279383368961807,0.1797383410351745,0.1456493069313139,0.08734788262784318,0.6066536203522505,0.3182899541538134,-0.45648734067776625
acs_ct2_education,9,2,560,560,1120,10,2.0,69,4.8,1.0,8.034386942964723,0.7166492256278437,-0.019393602752846933,0,0.2031759449847864,0.07970477040033877,0.7038486627527724,0.5714959925438445,0.03585787549198287,0.18378234223193946,0.08183394710688206,0.7399434659708632,0.7332433212417723,-0.4663051677118648
acs_ct2_education,9,2,560,560,1120,10,2.0,69,4.8,1.0,6.721678171321027,0.6966170389108078,-0.005461665802575955,0,0.20941771962133085,0.07662530862952804,0.6866710154381388,0.5967584565403002,0.1864472116561513,0.2039560538187549,0.07743226084859164,0.7062404870624048,0.660451875993126,-0.3595431480480265
acs_ct2_education,9,2,560,560,1120,10,2.0,69,4.8,1.0,9.184307666738427,0.7821989766547903,0.03584369700472173,1,0.37412125856228823,0.06931385932749091,0.7445096760165253,0.9197338488615447,0.06514385560958803,0.40996495556700996,0.06877828279944369,0.776908023483366,1.124270796217685,-0.3645240951276545
acs_ct2_education,9,3,560,560,1680,10,3.0,69,4.8,1.0,15.913970307076998,0.7981037700719464,0.06235972943606055,1,0.2844418951436648,0.07292835965205204,0.7484235703413785,0.8499932755160923,-0.030978220806055234,0.34680162457972535,0.07009777755793287,0.7929984779299848,1.3293097479762754,-0.24117827541318715
acs_ct2_education,9,3,560,560,1680,10,3.0,69,4.8,1.0,11.506862837929331,0.7388841962115381,0.010575642928925044,1,0.18535466086187374,0.07967510860723508,0.6333985649054142,0.39279383368961807,0.1797383410351745,0.1959303037907988,0.07794380847557265,0.6575342465753424,0.7186676530924682,-0.06517110662527054
acs_ct2_education,9,3,560,560,1680,10,3.0,69,4.8,1.0,13.042522576785196,0.7666705030988248,-0.010185773474804483,0,0.2031759449847864,0.07970477040033877,0.7038486627527724,0.5714959925438445,0.03585787549198287,0.1929901715099819,0.07775392703040819,0.7245053272450532,0.8122486551937651,-0.14053302738677276
acs_ct2_education,9,3,560,560,1680,10,3.0,69,4.8,1.0,15.004959186739814,0.7914730690819421,0.056210203582328894,1,0.20941771962133085,0.07662530862952804,0.6866710154381388,0.5967584565403002,0.1864472116561513,0.26562792320365974,0.07443321260309656,0.7282017829963034,0.9441107990600435,-0.02275846731444555
acs_ct2_education,9,3,560,560,1680,10,3.0,69,4.8,1.0,16.83383918545443,0.8155557702708882,0.03074890380942169,1,0.37412125856228823,0.06931385932749091,0.7445096760165253,0.9197338488615447,0.06514385560958803,0.4048701623717099,0.06858971223167873,0.7671232876712328,1.353440267264011,-0.0868909952274052
acs_ct2_education,9,3,560,560,1680,10,3.0,69,4.8,1.0,16.459999050067825,0.8127124955292764,0.033837363338294624,1,0.2844418951436648,0.07292835965205204,0.7484235703413785,0.8499932755160923,-0.030978220806055234,0.3182792584819594,0.07895922238420787,0.7879973907371167,1.0430243792860403,-0.8493039681542554
acs_ct2_education,9,3,560,560,1680,10,3.0,69,4.8,1.0,13.477924142446458,0.7772656336909545,-0.013912432210559822,0,0.18535466086187374,0.07967510860723508,0.6333985649054142,0.39279383368961807,0.1797383410351745,0.17144222865131392,0.08776039307370809,0.6283974777125462,0.45223454511344596,-0.6024785151783005
acs_ct2_education,9,3,560,560,1680,10,3.0,69,4.8,1.0,15.949266059042932,0.8074299655861622,-0.0172247774464466,0,0.2031759449847864,0.07970477040033877,0.7038486627527724,0.5714959925438445,0.03585787549198287,0.1859511675383398,0.08756693041704938,0.73602957164601,0.6795520525346909,-0.7270720515839674
acs_ct2_education,9,3,560,560,1680,10,3.0,69,4.8,1.0,15.353000017213278,0.782065712375337,0.024816578132306727,1,0.20941771962133085,0.07662530862952804,0.6866710154381388,0.5967584565403002,0.1864472116561513,0.23423429775363758,0.07804818061105359,0.7162426614481409,0.8061817179920943,-0.5403748963725082
acs_ct2_education,9,3,560,560,1680,10,3.0,69,4.8,1.0,19.71689764410807,0.8413327905730235,0.0442884653280019,1,0.37412125856228823,0.06931385932749091,0.7445096760165253,0.9197338488615447,0.06514385560958803,0.41840972389029013,0.06953931043698632,0.7756033920417482,1.1264306632386665,-0.5068178316399025
acs_ct2_education,9,1,560,560,560,10,1.0,69,4.8,1.0,0.864474593971878,0.12500635519420591,0.013312403068629075,1,0.2844418951436648,0.07292835965205204,0.7484235703413785,0.8499932755160923,-0.030978220806055234,0.2977542982122939,0.08784342243261772,0.7810393563818222,0.9570857197334686,-1.0770839338898652
acs_ct2_education,9,1,560,560,560,10,1.0,69,4.8,1.0,3.0083534863715387,0.6150630314069323,-0.02029552232545878,0,0.18535466086187374,0.07967510860723508,0.6333985649054142,0.39279383368961807,0.1797383410351745,0.16505913853641496,0.09752496306817938,0.6290497934333551,0.40916575156742385,-0.8809495775271198
acs_ct2_education,9,1,560,560,560,10,1.0,69,4.8,1.0,3.539449730214985,0.6809549543835138,-0.015828267019329878,0,0.2031759449847864,0.07970477040033877,0.7038486627527724,0.5714959925438445,0.03585787549198287,0.1873476779654565,0.09308906799590577,0.6938464883670362,0.5560190616046239,-0.8781301546927714
acs_ct2_education,9,1,560,560,560,10,1.0,69,4.8,1.0,1.6201859406358143,0.36466345748460394,0.02141326614352665,1,0.20941771962133085,0.07662530862952804,0.6866710154381388,0.5967584565403002,0.1864472116561513,0.2308309857648575,0.0839491274617828,0.6934116112198304,0.7299324645721905,-0.7301343044709278
acs_ct2_education,9,1,560,560,560,10,1.0,69,4.8,1.0,1.0957946887931764,0.12388418737434412,-0.032349586635179395,0,0.37412125856228823,0.06931385932749091,0.7445096760165253,0.9197338488615447,0.06514385560958803,0.34177167192710883,0.07605282495015399,0.7482061317677756,1.0340188806713375,-0.7211642627667503
acs_ct2_education,9,1,560,560,560,10,1.0,69,4.8,1.0,1.4626646455901344,0.312793074236256,0.0328575600129164,1,0.2844418951436648,0.07292835965205204,0.7484235703413785,0.8499932755160923,-0.030978220806055234,0.3172994551565812,0.10533098407611642,0.7714720591432921,1.00742212209461,-1.471144418303285
acs_ct2_education,9,1,560,560,560,10,1.0,69,4.8,1.0,2.7056934796273153,0.3966559551738483,0.011131440171868512,1,0.18535466086187374,0.07967510860723508,0.6333985649054142,0.39279383368961807,0.1797383410351745,0.19648610103374226,0.10997037703120609,0.6357903892150467,0.4933507355812113,-1.2468125646086923
acs_ct2_education,9,1,560,560,560,10,1.0,69,4.8,1.0,3.224678366593581,0.6744080283138301,0.0077277527619503406,1,0.2031759449847864,0.07970477040033877,0.7038486627527724,0.5714959925438445,0.03585787549198287,0.21090369774673673,0.09876246496882599,0.7071102413568168,0.6912283582057603,-1.144459825466762
acs_ct2_education,9,1,560,560,560,10,1.0,69,4.8,1.0,4.226815534996687,0.7633732277713476,0.001265872865123474,1,0.20941771962133085,0.07662530862952804,0.6866710154381388,0.5967584565403002,0.1864472116561513,0.21068359248645432,0.09622758097660261,0.6779734724940204,0.6316223436691972,-1.0683995666002069
acs_ct2_education,9,1,560,560,560,10,1.0,69,4.8,1.0,3.9890528529691647,0.7243856623158865,-0.02112971967631011,0,0.37412125856228823,0.06931385932749091,0.7445096760165253,0.9197338488615447,0.06514385560958803,0.3529915388859781,0.09533174897261502,0.7355946944988041,1.037558123214485,-1.2544253619474381
