dataset,target,n_partners,n_target,n_min,n_partner_total,d_target,ratio_partner_to_target,events_target,epv_target,schema_jaccard,q_median,i2_median,benefit,helped,loc_AUPRC,loc_Brier,loc_AUROC,loc_cal_slope,loc_cal_intercept,mrg_AUPRC,mrg_Brier,mrg_AUROC,mrg_cal_slope,mrg_cal_intercept
fmA0_propertystate,AL,3,5775,5775,17325,16,3.0,243,10.625,1.0,35.12232098739317,0.9122674551779391,0.013591668201363233,1,0.09492774837273865,0.027929186372919197,0.7658230013801284,0.8458658783605352,-0.04206172063197024,0.10851941657410188,0.027571218195062218,0.773510658925781,0.9951514751649609,0.04791073257355995
fmA0_propertystate,AL,3,5775,5775,17325,16,3.0,243,10.625,1.0,37.03224814831411,0.8921348399192496,0.0022538694413285487,1,0.11220344502202098,0.027521126799872054,0.7948855405883225,0.9835416273094588,0.028010492565098803,0.11445731446334953,0.027504412616362803,0.797685718522236,1.0533327965941728,0.056924540228281396
fmA0_propertystate,AL,3,5775,5775,17325,16,3.0,243,10.625,1.0,17.03911111824096,0.8239291584258976,0.014768090072829226,1,0.10538897473211124,0.027578030710228862,0.7791908569342899,0.9444321535127013,0.012811903414798277,0.12015706480494047,0.02741732172926301,0.7844547352092434,1.054151993933968,0.030945863528320173
fmA0_propertystate,AL,3,5775,5775,17325,16,3.0,243,10.625,1.0,28.315130631642873,0.8917604858206905,0.0050395728319970745,1,0.08572117716464342,0.028180962837839798,0.7489135765857219,0.7434805298614968,-0.021104795822787157,0.0907607499966405,0.02797969378510218,0.7532364582026392,0.8693775925250617,0.03337702327878011
fmA0_propertystate,AL,3,5775,5775,17325,16,3.0,243,10.625,1.0,23.258436463036173,0.8705717189727324,0.00834220133968712,1,0.10630817277509401,0.02780070342488565,0.7620932328082762,0.7853122894175395,-0.02164088090217559,0.11465037411478113,0.027513614628008273,0.7713834361776146,0.9420210508951989,0.021329967506894587
fmA0_propertystate,AL,4,5775,5775,23100,16,4.0,243,10.625,1.0,80.15516243419395,0.9493742758877418,0.025714185828089764,1,0.09492774837273865,0.027929186372919197,0.7658230013801284,0.8458658783605352,-0.04206172063197024,0.12064193420082842,0.027401846390676145,0.7798752181401344,1.0762498213875158,0.017221683392765075
fmA0_propertystate,AL,4,5775,5775,23100,16,4.0,243,10.625,1.0,32.596506375866035,0.8724949969438884,0.0027283041802831365,1,0.11220344502202098,0.027521126799872054,0.7948855405883225,0.9835416273094588,0.028010492565098803,0.11493174920230412,0.027481637030715166,0.7952277211912447,1.1463702439444219,0.07397686589384035
fmA0_propertystate,AL,4,5775,5775,23100,16,4.0,243,10.625,1.0,102.43717175416178,0.9546109148814388,0.016415653262034507,1,0.10538897473211124,0.027578030710228862,0.7791908569342899,0.9444321535127013,0.012811903414798277,0.12180462799414575,0.027382806132333477,0.7841410696565647,1.0820886437974933,0.05905127157364969
fmA0_propertystate,AL,4,5775,5775,23100,16,4.0,243,10.625,1.0,81.25533344471374,0.9482433252943248,0.005288326529246087,1,0.08572117716464342,0.028180962837839798,0.7489135765857219,0.7434805298614968,-0.021104795822787157,0.0910095036938895,0.027920002436098497,0.7536698869663409,0.8984643223163831,0.03883593901163048
fmA0_propertystate,AL,4,5775,5775,23100,16,4.0,243,10.625,1.0,52.82446003968756,0.9156772913443849,0.01770978298435845,1,0.10630817277509401,0.02780070342488565,0.7620932328082762,0.7853122894175395,-0.02164088090217559,0.12401795575945246,0.027459697011373897,0.7651956702747711,0.9551720428656219,0.020081661638564837
fmA0_propertystate,AL,1,5775,5775,5775,16,1.0,243,10.625,1.0,5.252310312939602,0.8046390082646362,0.017593614728338924,1,0.09492774837273865,0.027929186372919197,0.7658230013801284,0.8458658783605352,-0.04206172063197024,0.11252136310107758,0.02757932919348858,0.7658857344906641,1.0407761191051639,-0.19067402009788512
fmA0_propertystate,AL,1,5775,5775,5775,16,1.0,243,10.625,1.0,11.565241124259455,0.8913909999037928,0.0015232896188200201,1,0.11220344502202098,0.027521126799872054,0.7948855405883225,0.9835416273094588,0.028010492565098803,0.113726734640841,0.027466627305077554,0.7867929693292119,1.1056347761809535,-0.1434229112015428
fmA0_propertystate,AL,1,5775,5775,5775,16,1.0,243,10.625,1.0,3.818823385390322,0.7364183321394214,0.017628068074083666,1,0.10538897473211124,0.027578030710228862,0.7791908569342899,0.9444321535127013,0.012811903414798277,0.12301704280619491,0.027406360564707175,0.7800691204817901,1.0969766087688126,-0.1303486031589528
fmA0_propertystate,AL,1,5775,5775,5775,16,1.0,243,10.625,1.0,4.3843947201948925,0.771673473784075,0.0004225845827382363,1,0.08572117716464342,0.028180962837839798,0.7489135765857219,0.7434805298614968,-0.021104795822787157,0.08614376174738166,0.028101308133600407,0.740752569206027,0.8203091579920271,-0.16064961321652702
fmA0_propertystate,AL,1,5775,5775,5775,16,1.0,243,10.625,1.0,9.338100470984612,0.8917000447020298,0.006661172040652405,1,0.10630817277509401,0.02780070342488565,0.7620932328082762,0.7853122894175395,-0.02164088090217559,0.11296934481574641,0.027525462684113395,0.7683038107513145,0.9649862728965646,-0.1385855528880828
fmA0_propertystate,AL,4,5775,5775,23100,16,4.0,243,10.625,1.0,98.70118596545842,0.9584140394220095,0.01592382505627342,1,0.09492774837273865,0.027929186372919197,0.7658230013801284,0.8458658783605352,-0.04206172063197024,0.11085157342901207,0.027603852788994507,0.7666214227869469,1.0487550813101505,-0.15153267451904098
fmA0_propertystate,AL,4,5775,5775,23100,16,4.0,243,10.625,1.0,44.02959285616605,0.9065981014685207,0.004093083326225863,1,0.11220344502202098,0.027521126799872054,0.7948855405883225,0.9835416273094588,0.028010492565098803,0.11629652834824684,0.027474291325308015,0.7942296944327216,1.1702462843379302,-0.13705978618246367
fmA0_propertystate,AL,4,5775,5775,23100,16,4.0,243,10.625,1.0,87.53707160345745,0.9542644077589888,0.009290554481072147,1,0.10538897473211124,0.027578030710228862,0.7791908569342899,0.9444321535127013,0.012811903414798277,0.11467952921318339,0.027449597661791777,0.7790767967333158,1.104365351283765,-0.12206377327969102
fmA0_propertystate,AL,4,5775,5775,23100,16,4.0,243,10.625,1.0,78.70624705335388,0.9482181480053216,-0.0012802873393235603,0,0.08572117716464342,0.028180962837839798,0.7489135765857219,0.7434805298614968,-0.021104795822787157,0.08444088982531986,0.028198888623296236,0.7454176314258667,0.8723624652668261,-0.16613719865372084
fmA0_propertystate,AL,4,5775,5775,23100,16,4.0,243,10.625,1.0,97.36571197232652,0.9586244377755724,0.005628693436354193,1,0.10630817277509401,0.02780070342488565,0.7620932328082762,0.7853122894175395,-0.02164088090217559,0.1119368662114482,0.027560477603662502,0.75992038597972,1.001629437566229,-0.1425110399502336
fmA0_propertystate,AL,3,5775,5775,17325,16,3.0,243,10.625,1.0,42.727034396914725,0.9287511004135898,0.005860270108611718,1,0.09492774837273865,0.027929186372919197,0.7658230013801284,0.8458658783605352,-0.04206172063197024,0.10078801848135037,0.027733564215788514,0.7639695231142997,0.9545235584028043,-0.10880784134603701
fmA0_propertystate,AL,3,5775,5775,17325,16,3.0,243,10.625,1.0,31.80700229177357,0.9050312168866159,0.0036643612463925085,1,0.11220344502202098,0.027521126799872054,0.7948855405883225,0.9835416273094588,0.028010492565098803,0.11586780626841349,0.027477514421042126,0.7961801238693782,1.0775710706820187,-0.03852989979525902
fmA0_propertystate,AL,3,5775,5775,17325,16,3.0,243,10.625,1.0,68.227516316605,0.9556557963605894,0.00329268356939684,1,0.10538897473211124,0.027578030710228862,0.7791908569342899,0.9444321535127013,0.012811903414798277,0.10868165830150808,0.027687993730184962,0.7721305304939947,0.9256289252325357,-0.05780835674869698
fmA0_propertystate,AL,3,5775,5775,17325,16,3.0,243,10.625,1.0,98.7776978751624,0.9564666817861851,0.0006244776960574738,1,0.08572117716464342,0.028180962837839798,0.7489135765857219,0.7434805298614968,-0.021104795822787157,0.0863456548607009,0.028133361165866594,0.7455373946368893,0.8367991399896971,-0.061837743929709886
fmA0_propertystate,AL,3,5775,5775,17325,16,3.0,243,10.625,1.0,58.543891461932894,0.947999017715986,0.01455015104863533,1,0.10630817277509401,0.02780070342488565,0.7620932328082762,0.7853122894175395,-0.02164088090217559,0.12085832382372934,0.027757049689871686,0.759943198019915,0.8621630716552321,-0.14220342942246722
fmA0_propertystate,AL,1,5775,5775,5775,16,1.0,243,10.625,1.0,2.95437855867577,0.6593074370864187,0.010865215896228922,1,0.09492774837273865,0.027929186372919197,0.7658230013801284,0.8458658783605352,-0.04206172063197024,0.10579296426896757,0.027708185656331638,0.7699063565750003,0.9103393352882815,-0.012474094603824303
fmA0_propertystate,AL,1,5775,5775,5775,16,1.0,243,10.625,1.0,4.982625628214438,0.7968576777854581,0.0049210570336882115,1,0.11220344502202098,0.027521126799872054,0.7948855405883225,0.9835416273094588,0.028010492565098803,0.11712450205570919,0.027486211374679066,0.7955299807238261,1.0703476468739894,0.05270491639942679
fmA0_propertystate,AL,1,5775,5775,5775,16,1.0,243,10.625,1.0,5.8400249635231445,0.8279130224543071,0.009966650448992989,1,0.10538897473211124,0.027578030710228862,0.7791908569342899,0.9444321535127013,0.012811903414798277,0.11535562518110423,0.02741733812728142,0.7842266148072954,1.0264698651260704,0.045022795523087515
fmA0_propertystate,AL,1,5775,5775,5775,16,1.0,243,10.625,1.0,4.759578031632973,0.7817302003498549,-0.0032621788134997304,0,0.08572117716464342,0.028180962837839798,0.7489135765857219,0.7434805298614968,-0.021104795822787157,0.08245899835114369,0.02820877623830511,0.7401879712112053,0.7471012818670862,-0.007199535625101079
fmA0_propertystate,AL,1,5775,5775,5775,16,1.0,243,10.625,1.0,3.4978758577817293,0.7027738661396852,0.0017126424268013724,1,0.10630817277509401,0.02780070342488565,0.7620932328082762,0.7853122894175395,-0.02164088090217559,0.10802081520189538,0.027665353594094503,0.7574281705884366,0.809084970594776,0.012585234669267278
fmA0_propertystate,AL,2,5775,5775,11550,16,2.0,243,10.625,1.0,20.19390932008987,0.8964000551926915,0.010781862513358345,1,0.09492774837273865,0.027929186372919197,0.7658230013801284,0.8458658783605352,-0.04206172063197024,0.105709610886097,0.027693560730948776,0.760291081632886,0.9820748810509888,0.25535985303987335
fmA0_propertystate,AL,2,5775,5775,11550,16,2.0,243,10.625,1.0,18.175405910615186,0.8899278614659829,0.001976384151129426,1,0.11220344502202098,0.027521126799872054,0.7948855405883225,0.9835416273094588,0.028010492565098803,0.11417982917315041,0.027599008652634417,0.7908706215140351,1.1484142917083908,0.27298311192498
fmA0_propertystate,AL,2,5775,5775,11550,16,2.0,243,10.625,1.0,17.521019617675208,0.8856238168800898,0.014576984667753173,1,0.10538897473211124,0.027578030710228862,0.7791908569342899,0.9444321535127013,0.012811903414798277,0.11996595939986442,0.027584627321975915,0.7763108368596946,1.0682097161959454,0.2803746825096536
fmA0_propertystate,AL,2,5775,5775,11550,16,2.0,243,10.625,1.0,6.832329699778807,0.7072579070874012,-0.0013511237208687493,0,0.08572117716464342,0.028180962837839798,0.7489135765857219,0.7434805298614968,-0.021104795822787157,0.08437005344377467,0.028071895316429576,0.7350894802276641,0.836481304297113,0.2557728777603374
fmA0_propertystate,AL,2,5775,5775,11550,16,2.0,243,10.625,1.0,43.97014730267057,0.9541803698517444,-0.0014633481591651148,0,0.10630817277509401,0.02780070342488565,0.7620932328082762,0.7853122894175395,-0.02164088090217559,0.1048448246159289,0.027687098517837773,0.760000228120402,0.9608766385482098,0.2629551474786869
fmA0_propertystate,AL,3,5775,5775,17325,16,3.0,243,10.625,1.0,43.51838465820135,0.9299772447082398,0.015509773259238677,1,0.09492774837273865,0.027929186372919197,0.7658230013801284,0.8458658783605352,-0.04206172063197024,0.11043752163197733,0.027597408056108167,0.7698721385147079,1.0037233184603236,-0.13812145253172264
fmA0_propertystate,AL,3,5775,5775,17325,16,3.0,243,10.625,1.0,23.83174390168941,0.8740441063962059,0.0025830733415975887,1,0.11220344502202098,0.027521126799872054,0.7948855405883225,0.9835416273094588,0.028010492565098803,0.11478651836361857,0.027516306596331135,0.7962941840703524,1.1026947158312623,-0.11918173813335065
fmA0_propertystate,AL,3,5775,5775,17325,16,3.0,243,10.625,1.0,50.88680484236201,0.9406487550651011,0.009518840844840892,1,0.10538897473211124,0.027578030710228862,0.7791908569342899,0.9444321535127013,0.012811903414798277,0.11490781557695214,0.027443709930862186,0.7792821050950691,1.051974439367065,-0.11336914285245524
fmA0_propertystate,AL,3,5775,5775,17325,16,3.0,243,10.625,1.0,49.28594377527118,0.9375974858226231,-0.0019406581961516761,0,0.08572117716464342,0.028180962837839798,0.7489135765857219,0.7434805298614968,-0.021104795822787157,0.08378051896849174,0.02821063198186493,0.7515084461578821,0.847041827798911,-0.13481345484974416
fmA0_propertystate,AL,3,5775,5775,17325,16,3.0,243,10.625,1.0,45.29139037732246,0.9317705635572409,0.005067406585102394,1,0.10630817277509401,0.02780070342488565,0.7620932328082762,0.7853122894175395,-0.02164088090217559,0.1113755793601964,0.02758815451670625,0.7646766963603391,0.9636036900452752,-0.13773026669548022
fmA0_propertystate,AL,3,5775,5775,17325,16,3.0,243,10.625,1.0,27.874084070812344,0.892367039097729,0.010951425481323135,1,0.09492774837273865,0.027929186372919197,0.7658230013801284,0.8458658783605352,-0.04206172063197024,0.10587917385406179,0.02761456936046412,0.771548823469027,0.9962556694589476,-0.024816483919502388
fmA0_propertystate,AL,3,5775,5775,17325,16,3.0,243,10.625,1.0,16.838722233730916,0.803026099787856,0.0035457334691212233,1,0.11220344502202098,0.027521126799872054,0.7948855405883225,0.9835416273094588,0.028010492565098803,0.1157491784911422,0.02749157782637123,0.7988092115018307,1.102781477837512,0.028744401611380043
fmA0_propertystate,AL,3,5775,5775,17325,16,3.0,243,10.625,1.0,27.474734649079693,0.8905971339343137,0.008633665021081774,1,0.10538897473211124,0.027578030710228862,0.7791908569342899,0.9444321535127013,0.012811903414798277,0.11402263975319302,0.027469404409068296,0.7793562442257024,1.036551021100554,0.008736053937881037
fmA0_propertystate,AL,3,5775,5775,17325,16,3.0,243,10.625,1.0,44.20876122643209,0.928525535660137,-0.0013763914785362985,0,0.08572117716464342,0.028180962837839798,0.7489135765857219,0.7434805298614968,-0.021104795822787157,0.08434478568610712,0.028052202562550314,0.7564187378098159,0.883723825587673,-0.0008665024787461807
fmA0_propertystate,AL,3,5775,5775,17325,16,3.0,243,10.625,1.0,23.052230080463666,0.8687356176974439,0.009677180098474208,1,0.10630817277509401,0.02780070342488565,0.7620932328082762,0.7853122894175395,-0.02164088090217559,0.11598535287356822,0.02751054080916553,0.7694558187811527,0.9600501795752282,-0.024149257705848106
fmA0_propertystate,AL,1,5775,5775,5775,16,1.0,243,10.625,1.0,16.385476730827307,0.93644734821631,0.0168800194712716,1,0.09492774837273865,0.027929186372919197,0.7658230013801284,0.8458658783605352,-0.04206172063197024,0.11180776784401025,0.02760371804699919,0.7652698094054042,1.0363111680450061,-0.17788864863109363
fmA0_propertystate,AL,1,5775,5775,5775,16,1.0,243,10.625,1.0,12.41908166717567,0.9181766244341361,0.008630699460110497,1,0.11220344502202098,0.027521126799872054,0.7948855405883225,0.9835416273094588,0.028010492565098803,0.12083414448213148,0.027387730355294244,0.795222018181196,1.19470850206906,-0.12276896989303888
fmA0_propertystate,AL,1,5775,5775,5775,16,1.0,243,10.625,1.0,7.6065389624146835,0.8672060541570618,-0.00283714428107415,0,0.10538897473211124,0.027578030710228862,0.7791908569342899,0.9444321535127013,0.012811903414798277,0.1025518304510371,0.02757022405924198,0.7786775860299066,1.0905159911071176,-0.11474637658047394
fmA0_propertystate,AL,1,5775,5775,5775,16,1.0,243,10.625,1.0,11.315027620764557,0.9102078147212352,0.00020350848839180424,1,0.08572117716464342,0.028180962837839798,0.7489135765857219,0.7434805298614968,-0.021104795822787157,0.08592468565303522,0.028068170384195814,0.7417620019846474,0.8617327500568028,-0.13760363206223544
fmA0_propertystate,AL,1,5775,5775,5775,16,1.0,243,10.625,1.0,18.87467219748082,0.9469960219853988,0.0011777744838136484,1,0.10630817277509401,0.02780070342488565,0.7620932328082762,0.7853122894175395,-0.02164088090217559,0.10748594725890766,0.02764523852534903,0.7666727498773852,0.973744989153114,-0.17746916048612918
fmA0_propertystate,AL,1,5775,5775,5775,16,1.0,243,10.625,1.0,7.213623939205605,0.8555091996221927,0.006986164005978207,1,0.09492774837273865,0.027929186372919197,0.7658230013801284,0.8458658783605352,-0.04206172063197024,0.10191391237871686,0.027806049812878424,0.7645512301392676,0.9622877078251084,-0.2166431171050716
fmA0_propertystate,AL,1,5775,5775,5775,16,1.0,243,10.625,1.0,5.889435297010603,0.7743853453983314,0.0026769021470437193,1,0.11220344502202098,0.027521126799872054,0.7948855405883225,0.9835416273094588,0.028010492565098803,0.1148803471690647,0.027475330191394542,0.7972636957786319,1.1183308948685948,-0.15337371783323983
fmA0_propertystate,AL,1,5775,5775,5775,16,1.0,243,10.625,1.0,3.923009591119065,0.7159466284651956,-0.0002383903995810538,0,0.10538897473211124,0.027578030710228862,0.7791908569342899,0.9444321535127013,0.012811903414798277,0.10515058433253019,0.027597723913611826,0.7771377733167566,1.0501728671621078,-0.16386786811378745
fmA0_propertystate,AL,1,5775,5775,5775,16,1.0,243,10.625,1.0,5.7407517654237665,0.7775602458340931,0.00048826793348147324,1,0.08572117716464342,0.028180962837839798,0.7489135765857219,0.7434805298614968,-0.021104795822787157,0.08620944509812489,0.028168241444955777,0.7509267391329142,0.8535046608873653,-0.19710010820537566
fmA0_propertystate,AL,1,5775,5775,5775,16,1.0,243,10.625,1.0,9.341244970442439,0.8925244409055084,0.0022100787559230367,1,0.10630817277509401,0.02780070342488565,0.7620932328082762,0.7853122894175395,-0.02164088090217559,0.10851825153101705,0.027650390601591406,0.7693018375098376,0.9747083058107607,-0.1803764332317377
fmA0_propertystate,AL,2,5775,5775,11550,16,2.0,243,10.625,1.0,13.350764387341119,0.8453967107340372,0.007963977643843392,1,0.09492774837273865,0.027929186372919197,0.7658230013801284,0.8458658783605352,-0.04206172063197024,0.10289172601658204,0.027865493256269164,0.7654408997068651,0.9855441691851805,-0.2780562128445735
fmA0_propertystate,AL,2,5775,5775,11550,16,2.0,243,10.625,1.0,14.762697029791187,0.8633730693141863,-8.840217379363358e-05,0,0.11220344502202098,0.027521126799872054,0.7948855405883225,0.9835416273094588,0.028010492565098803,0.11211504284822735,0.02758531586829997,0.7959976275478197,1.1244688682667083,-0.2402496938660392
fmA0_propertystate,AL,2,5775,5775,11550,16,2.0,243,10.625,1.0,10.79575867640244,0.8116424270608057,0.0021219382842449924,1,0.10538897473211124,0.027578030710228862,0.7791908569342899,0.9444321535127013,0.012811903414798277,0.10751091301635624,0.027634145133176545,0.7764020850204738,1.0635801019323916,-0.2226154789684666
fmA0_propertystate,AL,2,5775,5775,11550,16,2.0,243,10.625,1.0,12.293637879368472,0.8368040392029832,0.0009523700738767182,1,0.08572117716464342,0.028180962837839798,0.7489135765857219,0.7434805298614968,-0.021104795822787157,0.08667354723852014,0.028205252548983928,0.7519361719115348,0.8866203441658619,-0.25362158871072177
fmA0_propertystate,AL,2,5775,5775,11550,16,2.0,243,10.625,1.0,22.670951601414423,0.9108469889664589,0.0007287343814747355,1,0.10630817277509401,0.02780070342488565,0.7620932328082762,0.7853122894175395,-0.02164088090217559,0.10703690715656874,0.027723494654154936,0.770140179986997,0.9948560960153835,-0.24712706752547392
fmA0_propertystate,AR,3,5775,5775,17325,16,3.0,222,9.6875,1.0,44.21027498777393,0.9319869258430657,0.010738877783635858,1,0.10299263723447864,0.025430779037071808,0.7670947587643179,1.0205205049971984,0.06630681495805547,0.1137315150181145,0.025337395899994987,0.7703488372093024,0.97339780771952,0.14635913919517687
fmA0_propertystate,AR,3,5775,5775,17325,16,3.0,222,9.6875,1.0,18.939190179533178,0.8415794592342304,0.006248390618742203,1,0.05783081444724744,0.026458249033945516,0.7176637576238409,0.5964812404334507,-0.01092971226027842,0.06407920506598964,0.026117339673210498,0.7263474983884565,0.745209837481664,0.060983828505606436
fmA0_propertystate,AR,3,5775,5775,17325,16,3.0,222,9.6875,1.0,40.39033324281071,0.9129441869141766,-0.00032175754729731054,0,0.08013122042249565,0.025979691626077023,0.7500867754251996,0.7229036681981853,-0.007739905589572174,0.07980946287519834,0.025789295673478162,0.7527644171170723,0.8061571277659044,0.06314321082463992
fmA0_propertystate,AR,3,5775,5775,17325,16,3.0,222,9.6875,1.0,42.02125570064136,0.9284820169958663,0.020563321079340363,1,0.0846417123249187,0.025623668698668084,0.7802660286606833,1.0965618685396488,0.006780183810558266,0.10520503340425906,0.025305422088719776,0.7967285664699757,1.1187006939039448,0.0922137129418052
fmA0_propertystate,AR,3,5775,5775,17325,16,3.0,222,9.6875,1.0,36.37153991152831,0.9161374145979528,0.005659939277725082,1,0.08100767805654475,0.0256692913031745,0.7782515991471216,1.0394633330218022,0.0015335389230236361,0.08666761733426984,0.025580074113335776,0.7818713740268757,1.0287967528374367,0.06855431327246556
fmA0_propertystate,AR,4,5775,5775,23100,16,4.0,222,9.6875,1.0,74.20191119289012,0.9460716201386681,0.006916450865206161,1,0.10299263723447864,0.025430779037071808,0.7670947587643179,1.0205205049971984,0.06630681495805547,0.1099090880996848,0.025327837198866256,0.7751462785739078,1.1160151087315024,0.09540054461174703
fmA0_propertystate,AR,4,5775,5775,23100,16,4.0,222,9.6875,1.0,31.008707611657755,0.8702776572271291,0.004235439602081496,1,0.05783081444724744,0.026458249033945516,0.7176637576238409,0.5964812404334507,-0.01092971226027842,0.06206625404932894,0.026049695122157053,0.7268557544503398,0.8419536026287816,0.008807620808577298
fmA0_propertystate,AR,4,5775,5775,23100,16,4.0,222,9.6875,1.0,33.97757150939117,0.8763731191246795,0.0020682579843165766,1,0.08013122042249565,0.025979691626077023,0.7500867754251996,0.7229036681981853,-0.007739905589572174,0.08219947840681223,0.02569286670482038,0.7507809788267963,0.9419368041837362,0.025954904131060184
fmA0_propertystate,AR,4,5775,5775,23100,16,4.0,222,9.6875,1.0,39.32107471167233,0.8919417657415349,0.02186560708024987,1,0.0846417123249187,0.025623668698668084,0.7802660286606833,1.0965618685396488,0.006780183810558266,0.10650731940516857,0.025293272396551773,0.797453761094858,1.2470752560496128,0.04802146696583084
fmA0_propertystate,AR,4,5775,5775,23100,16,4.0,222,9.6875,1.0,32.48675491416319,0.8766397082996025,0.006397124018875586,1,0.08100767805654475,0.0256692913031745,0.7782515991471216,1.0394633330218022,0.0015335389230236361,0.08740480207542034,0.02554480735855059,0.7791627411117171,1.1099650532098846,0.010548340493984605
fmA0_propertystate,AR,3,5775,5775,17325,16,3.0,222,9.6875,1.0,33.7129813337495,0.9075868714988997,0.004576361811253524,1,0.10299263723447864,0.025430779037071808,0.7670947587643179,1.0205205049971984,0.06630681495805547,0.10756899904573217,0.0253461553717333,0.7626878068131105,1.0371504752365468,-0.04726058752993158
fmA0_propertystate,AR,3,5775,5775,17325,16,3.0,222,9.6875,1.0,45.708171516199194,0.9289033892769663,0.010540718420870773,1,0.05783081444724744,0.026458249033945516,0.7176637576238409,0.5964812404334507,-0.01092971226027842,0.06837153286811821,0.026060946960826916,0.727364010512223,0.8076445699027004,-0.10675659389316507
fmA0_propertystate,AR,3,5775,5775,17325,16,3.0,222,9.6875,1.0,28.038885672928547,0.8920880583211104,0.0001809950204495342,1,0.08013122042249565,0.025979691626077023,0.7500867754251996,0.7229036681981853,-0.007739905589572174,0.08031221544294519,0.02582314959085239,0.7520082312689046,0.9046641216129507,-0.10511329282253097
fmA0_propertystate,AR,3,5775,5775,17325,16,3.0,222,9.6875,1.0,49.993681808230896,0.9186394220695913,0.014214891411380118,1,0.0846417123249187,0.025623668698668084,0.7802660286606833,1.0965618685396488,0.006780183810558266,0.09885660373629881,0.0253506176410567,0.7998772747557892,1.2382469469624373,-0.08712742366656245
fmA0_propertystate,AR,3,5775,5775,17325,16,3.0,222,9.6875,1.0,48.98637601469946,0.9370644261410596,0.0032963010156058237,1,0.08100767805654475,0.0256692913031745,0.7782515991471216,1.0394633330218022,0.0015335389230236361,0.08430397907215058,0.025626463134466582,0.7784189517528636,1.078466967989418,-0.0936649742283596
fmA0_propertystate,AR,2,5775,5775,11550,16,2.0,222,9.6875,1.0,22.440460098407254,0.9086955767557082,0.005101095397278169,1,0.10299263723447864,0.025430779037071808,0.7670947587643179,1.0205205049971984,0.06630681495805547,0.10809373263175681,0.025400482280167377,0.7668034412654336,1.1428520746715431,-0.04043750743564488
fmA0_propertystate,AR,2,5775,5775,11550,16,2.0,222,9.6875,1.0,40.74974692583347,0.9472254456250044,0.0072329681783705885,1,0.05783081444724744,0.026458249033945516,0.7176637576238409,0.5964812404334507,-0.01092971226027842,0.06506378262561803,0.02610834014505469,0.7277606981702782,0.8237381935357141,-0.16491993521436518
fmA0_propertystate,AR,2,5775,5775,11550,16,2.0,222,9.6875,1.0,21.288514802070246,0.8974725654641795,-0.0052420964884647425,0,0.08013122042249565,0.025979691626077023,0.7500867754251996,0.7229036681981853,-0.007739905589572174,0.07488912393403091,0.02595731940532772,0.7451157832101949,0.8690793390237148,-0.13175238953005283
fmA0_propertystate,AR,2,5775,5775,11550,16,2.0,222,9.6875,1.0,23.842941470120522,0.9113879751921259,0.01574873942815204,1,0.0846417123249187,0.025623668698668084,0.7802660286606833,1.0965618685396488,0.006780183810558266,0.10039045175307074,0.02543992433893425,0.7974661575841722,1.3266473591910968,-0.13908073044420563
fmA0_propertystate,AR,2,5775,5775,11550,16,2.0,222,9.6875,1.0,31.42073305608957,0.9302612315569387,0.0057461728914288135,1,0.08100767805654475,0.0256692913031745,0.7782515991471216,1.0394633330218022,0.0015335389230236361,0.08675385094797357,0.02556830339173235,0.7884910993206724,1.2728640181877264,-0.14142516892979415
fmA0_propertystate,AR,4,5775,5775,23100,16,4.0,222,9.6875,1.0,36.392115427523585,0.888238330444165,0.001737757290917366,1,0.10299263723447864,0.025430779037071808,0.7670947587643179,1.0205205049971984,0.06630681495805547,0.10473039452539601,0.025517254127575023,0.7661836167997224,1.0525173723470613,0.30717025764399436
fmA0_propertystate,AR,4,5775,5775,23100,16,4.0,222,9.6875,1.0,24.504219592871948,0.8366891873556106,0.0076957469932245615,1,0.05783081444724744,0.026458249033945516,0.7176637576238409,0.5964812404334507,-0.01092971226027842,0.065526561440472,0.026012254911985038,0.7251822283929191,0.8215901883474974,0.20264221862327983
fmA0_propertystate,AR,4,5775,5775,23100,16,4.0,222,9.6875,1.0,24.38118782164624,0.8354183132700763,0.0005974683477772136,1,0.08013122042249565,0.025979691626077023,0.7500867754251996,0.7229036681981853,-0.007739905589572174,0.08072868877027287,0.025718197773726668,0.7579709426290474,0.9607149466160677,0.2065088224629419
fmA0_propertystate,AR,4,5775,5775,23100,16,4.0,222,9.6875,1.0,34.78256290115627,0.8755901485626568,0.009507192279349347,1,0.0846417123249187,0.025623668698668084,0.7802660286606833,1.0965618685396488,0.006780183810558266,0.09414890460426804,0.025531224152595088,0.7983029206128824,1.2036240836143453,0.23029062002428557
fmA0_propertystate,AR,4,5775,5775,23100,16,4.0,222,9.6875,1.0,54.81573157431593,0.9261104950764928,-0.0017014567717779788,0,0.08100767805654475,0.0256692913031745,0.7782515991471216,1.0394633330218022,0.0015335389230236361,0.07930622128476678,0.025737365222254942,0.7758466802201616,1.0550250714004465,0.24253865491922783
fmA0_propertystate,AR,3,5775,5775,17325,16,3.0,222,9.6875,1.0,26.346489577043037,0.8845482233372917,0.0016574384758689248,1,0.10299263723447864,0.025430779037071808,0.7670947587643179,1.0205205049971984,0.06630681495805547,0.10465007571034757,0.0254026575925334,0.7769251747904994,0.9764260218072215,0.19596354019291473
fmA0_propertystate,AR,3,5775,5775,17325,16,3.0,222,9.6875,1.0,20.478286172095522,0.8454018269947308,0.004545037497762916,1,0.05783081444724744,0.026458249033945516,0.7176637576238409,0.5964812404334507,-0.01092971226027842,0.06237585194501036,0.02616433852698299,0.728467298061189,0.7145271793364376,0.13891037404010378
fmA0_propertystate,AR,3,5775,5775,17325,16,3.0,222,9.6875,1.0,40.988613484444556,0.9223166844486408,-0.001495370095810633,0,0.08013122042249565,0.025979691626077023,0.7500867754251996,0.7229036681981853,-0.007739905589572174,0.07863585032668502,0.025856848646545392,0.7605989983636635,0.7968223095573723,0.1297888810651337
fmA0_propertystate,AR,3,5775,5775,17325,16,3.0,222,9.6875,1.0,54.749359306157984,0.9428501655913157,0.020612599808615198,1,0.0846417123249187,0.025623668698668084,0.7802660286606833,1.0965618685396488,0.006780183810558266,0.1052543121335339,0.02532535707062264,0.8077738384489512,1.1222463670982528,0.16975856492429733
fmA0_propertystate,AR,3,5775,5775,17325,16,3.0,222,9.6875,1.0,32.88912964152367,0.8973234517921036,0.0025982011996328463,1,0.08100767805654475,0.0256692913031745,0.7782515991471216,1.0394633330218022,0.0015335389230236361,0.0836058792561776,0.025723133985779918,0.7826523528536719,0.935760558517191,0.12974992322393117
fmA0_propertystate,AR,2,5775,5775,11550,16,2.0,222,9.6875,1.0,15.403591107430952,0.8669623933431767,0.0024720593507102095,1,0.10299263723447864,0.025430779037071808,0.7670947587643179,1.0205205049971984,0.06630681495805547,0.10546469658518885,0.025383203237442,0.7737578717707144,1.0987718485619813,0.06947451820241048
fmA0_propertystate,AR,2,5775,5775,11550,16,2.0,222,9.6875,1.0,11.896247035123032,0.8291903454867421,0.0020900131238327582,1,0.05783081444724744,0.026458249033945516,0.7176637576238409,0.5964812404334507,-0.01092971226027842,0.0599208275710802,0.026134205981866877,0.7246925670650072,0.7607937130892575,0.017351191631129054
fmA0_propertystate,AR,2,5775,5775,11550,16,2.0,222,9.6875,1.0,19.6811582190162,0.8868215845280409,0.004176254960494813,1,0.08013122042249565,0.025979691626077023,0.7500867754251996,0.7229036681981853,-0.007739905589572174,0.08430747538299047,0.025667735355433992,0.756408984975455,0.9244301431432201,0.018483479544605157
fmA0_propertystate,AR,2,5775,5775,11550,16,2.0,222,9.6875,1.0,13.505345172524157,0.8449192403758563,0.018536180586486803,1,0.0846417123249187,0.025623668698668084,0.7802660286606833,1.0965618685396488,0.006780183810558266,0.1031778929114055,0.025325355111729477,0.8010363465066693,1.2284028987188509,0.04058318577412623
fmA0_propertystate,AR,2,5775,5775,11550,16,2.0,222,9.6875,1.0,3.9232239215366014,0.4901487099638029,0.0022524922333949093,1,0.08100767805654475,0.0256692913031745,0.7782515991471216,1.0394633330218022,0.0015335389230236361,0.08326017028993966,0.025613867391472384,0.7824292160460158,1.0873602181168813,0.010017767794622314
fmA0_propertystate,AR,3,5775,5775,17325,16,3.0,222,9.6875,1.0,62.34859045059834,0.9399934847856228,0.007032926407935722,1,0.10299263723447864,0.025430779037071808,0.7670947587643179,1.0205205049971984,0.06630681495805547,0.11002556364241436,0.025377403844936162,0.7655823870679822,1.0249206535613382,0.11501941152409893
fmA0_propertystate,AR,3,5775,5775,17325,16,3.0,222,9.6875,1.0,30.506240694693982,0.8739212952523779,0.002805009381316212,1,0.05783081444724744,0.026458249033945516,0.7176637576238409,0.5964812404334507,-0.01092971226027842,0.060635823828563654,0.026169134555717573,0.7249157038726634,0.7644171354869287,0.0021644254232273574
fmA0_propertystate,AR,3,5775,5775,17325,16,3.0,222,9.6875,1.0,53.41490954072054,0.9421367373582721,0.0011457281342955455,1,0.08013122042249565,0.025979691626077023,0.7500867754251996,0.7229036681981853,-0.007739905589572174,0.0812769485567912,0.025700884335013146,0.7593407546982693,0.9290493861839474,0.0018231367612176694
fmA0_propertystate,AR,3,5775,5775,17325,16,3.0,222,9.6875,1.0,55.84978438599542,0.9453823489251131,0.012075090075024983,1,0.0846417123249187,0.025623668698668084,0.7802660286606833,1.0965618685396488,0.006780183810558266,0.09671680239994368,0.02538710627807619,0.7992512520454207,1.1790703879276614,0.029886385291784456
fmA0_propertystate,AR,3,5775,5775,17325,16,3.0,222,9.6875,1.0,47.491442001450686,0.9327984288506587,-2.9107864744151724e-05,0,0.08100767805654475,0.0256692913031745,0.7782515991471216,1.0394633330218022,0.0015335389230236361,0.0809785701918006,0.025667885016284434,0.7826151633857291,1.0711650768395728,0.015297833813694693
fmA0_propertystate,AR,4,5775,5775,23100,16,4.0,222,9.6875,1.0,54.60204760101688,0.9255736094872853,0.005758837140120959,1,0.10299263723447864,0.025430779037071808,0.7670947587643179,1.0205205049971984,0.06630681495805547,0.1087514743745996,0.025357444638040537,0.7768198046313284,1.0044302218832748,0.24438852182285345
fmA0_propertystate,AR,4,5775,5775,23100,16,4.0,222,9.6875,1.0,79.59043911728979,0.9475387588683235,0.006161011897688612,1,0.05783081444724744,0.026458249033945516,0.7176637576238409,0.5964812404334507,-0.01092971226027842,0.06399182634493605,0.02609896038160751,0.7308784152328061,0.7454751571957694,0.1549295580119198
fmA0_propertystate,AR,4,5775,5775,23100,16,4.0,222,9.6875,1.0,32.38682566758972,0.8753754531131972,-0.0016091557679623336,0,0.08013122042249565,0.025979691626077023,0.7500867754251996,0.7229036681981853,-0.007739905589572174,0.07852206465453332,0.0258234390927496,0.7601093370357515,0.8358753385325672,0.13710112350095666
fmA0_propertystate,AR,4,5775,5775,23100,16,4.0,222,9.6875,1.0,64.2865736805884,0.9132118216851324,0.015707564048587516,1,0.0846417123249187,0.025623668698668084,0.7802660286606833,1.0965618685396488,0.006780183810558266,0.10034927637350621,0.025378305426389143,0.8059949422323598,1.1350225340223998,0.17086452644691139
fmA0_propertystate,AR,4,5775,5775,23100,16,4.0,222,9.6875,1.0,43.23301408202826,0.9068657680239423,0.005433449366448545,1,0.08100767805654475,0.0256692913031745,0.7782515991471216,1.0394633330218022,0.0015335389230236361,0.0864411274229933,0.025683162725702802,0.7843816631130064,0.9833389748760998,0.14740632983941532
fmA0_propertystate,AR,4,5775,5775,23100,16,4.0,222,9.6875,1.0,36.97615257387669,0.866682994275211,0.00493227321600434,1,0.10299263723447864,0.025430779037071808,0.7670947587643179,1.0205205049971984,0.06630681495805547,0.10792491045048298,0.025328582268337285,0.7696918232756483,1.1350671278036948,-0.00940453002783287
fmA0_propertystate,AR,4,5775,5775,23100,16,4.0,222,9.6875,1.0,28.467640947024854,0.8593955629210115,0.004020789044726615,1,0.05783081444724744,0.026458249033945516,0.7176637576238409,0.5964812404334507,-0.01092971226027842,0.06185160349197406,0.02609997454825808,0.7236822531858977,0.8528509075868165,-0.11298697394566412
fmA0_propertystate,AR,4,5775,5775,23100,16,4.0,222,9.6875,1.0,29.481434172545345,0.8642298492251409,0.0031712599385938095,1,0.08013122042249565,0.025979691626077023,0.7500867754251996,0.7229036681981853,-0.007739905589572174,0.08330248036108946,0.02565773819842148,0.7575122725244211,1.0315229028981712,-0.08101542894207
fmA0_propertystate,AR,4,5775,5775,23100,16,4.0,222,9.6875,1.0,29.357884402191157,0.8635756830582244,0.018977376911166494,1,0.0846417123249187,0.025623668698668084,0.7802660286606833,1.0965618685396488,0.006780183810558266,0.10361908923608519,0.02531363608691243,0.7983587048147964,1.2982768683621417,-0.07169187065783252
fmA0_propertystate,AR,4,5775,5775,23100,16,4.0,222,9.6875,1.0,30.391162506833,0.8664069554130079,0.0020941584142618597,1,0.08100767805654475,0.0256692913031745,0.7782515991471216,1.0394633330218022,0.0015335389230236361,0.08310183647080661,0.025601296861018145,0.7776813606386671,1.1525934112719558,-0.09290529787266281
fmA0_propertystate,AR,2,5775,5775,11550,16,2.0,222,9.6875,1.0,26.7301373170166,0.9237881253753516,0.00035757385499927963,1,0.10299263723447864,0.025430779037071808,0.7670947587643179,1.0205205049971984,0.06630681495805547,0.10335021108947792,0.025501963303931206,0.7753260276689642,1.048977205385326,0.3428149789711084
fmA0_propertystate,AR,2,5775,5775,11550,16,2.0,222,9.6875,1.0,19.415193698095432,0.8897873159168853,0.003544500015482205,1,0.05783081444724744,0.026458249033945516,0.7176637576238409,0.5964812404334507,-0.01092971226027842,0.061375314462729647,0.02612820052086487,0.7256161055189171,0.7466927595126419,0.25920317447573393
fmA0_propertystate,AR,2,5775,5775,11550,16,2.0,222,9.6875,1.0,16.646212610472958,0.8788521937588727,-0.0019338982887510126,0,0.08013122042249565,0.025979691626077023,0.7500867754251996,0.7229036681981853,-0.007739905589572174,0.07819732213374464,0.025801382429548856,0.7564895621559975,0.8506503525778811,0.26234437570310054
fmA0_propertystate,AR,2,5775,5775,11550,16,2.0,222,9.6875,1.0,33.817246652649175,0.9394882593412328,0.011099500287959516,1,0.0846417123249187,0.025623668698668084,0.7802660286606833,1.0965618685396488,0.006780183810558266,0.09574121261287821,0.025531484167368584,0.8028090444786038,1.1544211517483378,0.28290417994771705
fmA0_propertystate,AR,2,5775,5775,11550,16,2.0,222,9.6875,1.0,25.841862708175423,0.9036734603572152,0.0013595763900391966,1,0.08100767805654475,0.0256692913031745,0.7782515991471216,1.0394633330218022,0.0015335389230236361,0.08236725444658395,0.025751797543085177,0.7814251004115635,1.0247127292353477,0.2778208567236448
fmA0_propertystate,AR,1,5775,5775,5775,16,1.0,222,9.6875,1.0,1.0356602908947479,0.06735296025709865,0.00522433809898519,1,0.10299263723447864,0.025430779037071808,0.7670947587643179,1.0205205049971984,0.06630681495805547,0.10821697533346383,0.025349789993459593,0.7674666534437448,1.0686900151604906,-0.11114881276720659
fmA0_propertystate,AR,1,5775,5775,5775,16,1.0,222,9.6875,1.0,1.3244644213133103,0.24483456568630624,0.007121039831861201,1,0.05783081444724744,0.026458249033945516,0.7176637576238409,0.5964812404334507,-0.01092971226027842,0.06495185427910864,0.02628994484739043,0.7282565577428474,0.7574814162670555,-0.19266860183831622
fmA0_propertystate,AR,1,5775,5775,5775,16,1.0,222,9.6875,1.0,9.439502508299263,0.8935291611372037,-1.4336455458008324e-05,0,0.08013122042249565,0.025979691626077023,0.7500867754251996,0.7229036681981853,-0.007739905589572174,0.08011688396703764,0.02599391756279877,0.7496157088312589,0.8431727376032194,-0.1689574863784575
fmA0_propertystate,AR,1,5775,5775,5775,16,1.0,222,9.6875,1.0,2.5854736872188555,0.6012241145091175,0.013042706688049188,1,0.0846417123249187,0.025623668698668084,0.7802660286606833,1.0965618685396488,0.006780183810558266,0.09768441901296789,0.025426887924155397,0.7954889175385531,1.21889781794784,-0.17665655500545596
fmA0_propertystate,AR,1,5775,5775,5775,16,1.0,222,9.6875,1.0,0.4093668270198612,0.0,0.0023686515188089674,1,0.08100767805654475,0.0256692913031745,0.7782515991471216,1.0394633330218022,0.0015335389230236361,0.08337632957535372,0.02566435058924718,0.7794044726533447,1.0995675238407214,-0.16404394214324616
fmA0_propertystate,AZ,4,5775,5775,23100,16,4.0,159,6.9375,1.0,95.43544751304243,0.9580407956213439,0.02140450099018977,1,0.04442807363173376,0.01903905456211305,0.6329230188160967,0.3788307226336668,0.021135692634666275,0.06583257462192353,0.018963646582060907,0.722908941079522,0.8611666807470414,-0.4756286302362821
fmA0_propertystate,AZ,4,5775,5775,23100,16,4.0,159,6.9375,1.0,33.46050096934742,0.8804447021303261,0.0035500956425196517,1,0.0684437609795252,0.01857914115219421,0.7797692624639473,1.111929334481987,0.020200003461553012,0.07199385662204486,0.018702517144635913,0.7843273588792747,1.192861618597311,-0.4893548811625351
fmA0_propertystate,AZ,4,5775,5775,23100,16,4.0,159,6.9375,1.0,35.1595043828089,0.8846559917099408,0.010709969510373216,1,0.054353017321201985,0.018796252151101485,0.7351067847823102,0.7185189104547257,0.011360673598917561,0.0650629868315752,0.018849445676150333,0.7634167696744952,1.0681212120929098,-0.4871110266995327
fmA0_propertystate,AZ,4,5775,5775,23100,16,4.0,159,6.9375,1.0,50.16590082632646,0.9194250908387611,0.01064023935471467,1,0.0669354175123944,0.018638201175185855,0.7410125669550885,0.821163612288214,0.03513427795528673,0.07757565686710907,0.0187535645415279,0.7689706084329075,1.0735632367364167,-0.49608329197269607
fmA0_propertystate,AZ,4,5775,5775,23100,16,4.0,159,6.9375,1.0,52.089929723079365,0.9230185511059597,0.004896988656254805,1,0.06695269694465997,0.018720375467205837,0.7263940392803185,0.7831622371099786,-0.006515322391151205,0.07184968560091477,0.018821080264660287,0.746952685070732,0.9770029495919612,-0.4877858482146952
fmA0_propertystate,AZ,3,5775,5775,17325,16,3.0,159,6.9375,1.0,52.63360907833309,0.9346505315615267,0.01843997616272637,1,0.04442807363173376,0.01903905456211305,0.6329230188160967,0.3788307226336668,0.021135692634666275,0.06286804979446013,0.018867751306658992,0.7170718307924736,0.7756643241285807,-0.2776014600169236
fmA0_propertystate,AZ,3,5775,5775,17325,16,3.0,159,6.9375,1.0,17.918657144510913,0.8312051746019498,0.004672212282841287,1,0.0684437609795252,0.01857914115219421,0.7797692624639473,1.111929334481987,0.020200003461553012,0.07311597326236649,0.01856327636764706,0.7892545666804011,1.1458334361413385,-0.3201721276463919
fmA0_propertystate,AZ,3,5775,5775,17325,16,3.0,159,6.9375,1.0,20.855830404685328,0.8559524396649671,0.008201932287987629,1,0.054353017321201985,0.018796252151101485,0.7351067847823102,0.7185189104547257,0.011360673598917561,0.06255494960918961,0.018755134902973265,0.7567470127729707,0.9570341039591804,-0.3209742359241994
fmA0_propertystate,AZ,3,5775,5775,17325,16,3.0,159,6.9375,1.0,30.125446259878274,0.8942656523155753,0.010561603138931216,1,0.0669354175123944,0.018638201175185855,0.7410125669550885,0.821163612288214,0.03513427795528673,0.07749702065132562,0.018656924098403863,0.7544808405438813,0.9615330548399161,-0.31537859317205014
fmA0_propertystate,AZ,3,5775,5775,17325,16,3.0,159,6.9375,1.0,22.568669527819008,0.866847488351107,0.007874931415820963,1,0.06695269694465997,0.018720375467205837,0.7263940392803185,0.7831622371099786,-0.006515322391151205,0.07482762836048093,0.018652925479456576,0.7590904408735064,0.9870906754067759,-0.3241176285097281
fmA0_propertystate,AZ,4,5775,5775,23100,16,4.0,159,6.9375,1.0,72.6405235972002,0.9448231301208612,0.019320984562534796,1,0.04442807363173376,0.01903905456211305,0.6329230188160967,0.3788307226336668,0.021135692634666275,0.06374905819426856,0.018762496242631297,0.717578285949732,0.8967485240580556,-0.2534298582810535
fmA0_propertystate,AZ,4,5775,5775,23100,16,4.0,159,6.9375,1.0,51.69200089979179,0.9222056911984673,-0.00010473267638107242,0,0.0684437609795252,0.01857914115219421,0.7797692624639473,1.111929334481987,0.020200003461553012,0.06833902830314413,0.01857681169934924,0.7860098200796594,1.2017962796819064,-0.261187894549332
fmA0_propertystate,AZ,4,5775,5775,23100,16,4.0,159,6.9375,1.0,49.954069088973625,0.9107245571345026,0.006508486807484129,1,0.054353017321201985,0.018796252151101485,0.7351067847823102,0.7185189104547257,0.011360673598917561,0.060861504128686114,0.01872145521023791,0.7575882433731629,1.0433965489660466,-0.2662838328599586
fmA0_propertystate,AZ,4,5775,5775,23100,16,4.0,159,6.9375,1.0,75.40097951279422,0.945432933564905,0.0037796790170039063,1,0.0669354175123944,0.018638201175185855,0.7410125669550885,0.821163612288214,0.03513427795528673,0.07071509652939831,0.018600376109008766,0.7677001785469029,1.1518434929744312,-0.25004669705737753
fmA0_propertystate,AZ,4,5775,5775,23100,16,4.0,159,6.9375,1.0,48.23204182686668,0.9170531651133786,0.008705064519546224,1,0.06695269694465997,0.018720375467205837,0.7263940392803185,0.7831622371099786,-0.006515322391151205,0.07565776146420619,0.018624074773054593,0.7496137206427688,1.098693970444577,-0.2715397540603365
fmA0_propertystate,AZ,2,5775,5775,11550,16,2.0,159,6.9375,1.0,42.262383132213955,0.9526705796871208,0.022434224763368205,1,0.04442807363173376,0.01903905456211305,0.6329230188160967,0.3788307226336668,0.021135692634666275,0.06686229839510197,0.019088131527178722,0.7028739184177997,0.7401373908551797,-0.4580792243587435
fmA0_propertystate,AZ,2,5775,5775,11550,16,2.0,159,6.9375,1.0,16.379374040540533,0.8711944908268445,-0.00040161902629497204,0,0.0684437609795252,0.01857914115219421,0.7797692624639473,1.111929334481987,0.020200003461553012,0.06804214195323023,0.018861213483389403,0.7846363823650597,1.1203239419188626,-0.5204477955495269
fmA0_propertystate,AZ,2,5775,5775,11550,16,2.0,159,6.9375,1.0,20.330733176315288,0.8972800183238216,0.0037152730205976398,1,0.054353017321201985,0.018796252151101485,0.7351067847823102,0.7185189104547257,0.011360673598917561,0.058068290341799625,0.019039142342693768,0.7572620519159456,0.9348305276767989,-0.4904553906708423
fmA0_propertystate,AZ,2,5775,5775,11550,16,2.0,159,6.9375,1.0,16.753005488857358,0.8765858735544292,0.013344263172978446,1,0.0669354175123944,0.018638201175185855,0.7410125669550885,0.821163612288214,0.03513427795528673,0.08027968068537285,0.018783398385491548,0.756515245158632,1.0327778261417448,-0.48881207472024885
fmA0_propertystate,AZ,2,5775,5775,11550,16,2.0,159,6.9375,1.0,21.053465058698965,0.9009339059959378,0.0034756275887402877,1,0.06695269694465997,0.018720375467205837,0.7263940392803185,0.7831622371099786,-0.006515322391151205,0.07042832453340026,0.018937702921200256,0.7435019228128004,0.9368419706448026,-0.5089029567313812
fmA0_propertystate,AZ,4,5775,5775,23100,16,4.0,159,6.9375,1.0,72.49049789284906,0.942916285807802,0.020619510418998413,1,0.04442807363173376,0.01903905456211305,0.6329230188160967,0.3788307226336668,0.021135692634666275,0.06504758405073217,0.01897530442716868,0.7050714187611592,0.7140306816987915,-0.3383284591250009
fmA0_propertystate,AZ,4,5775,5775,23100,16,4.0,159,6.9375,1.0,25.7670637915682,0.8445840058767975,-0.007083585205406494,0,0.0684437609795252,0.01857914115219421,0.7797692624639473,1.111929334481987,0.020200003461553012,0.06136017577411871,0.018859884158346815,0.7761811564345557,1.0127978151357588,-0.38518921179158566
fmA0_propertystate,AZ,4,5775,5775,23100,16,4.0,159,6.9375,1.0,58.31996156865161,0.9311443953109464,0.008776360957415755,1,0.054353017321201985,0.018796252151101485,0.7351067847823102,0.7185189104547257,0.011360673598917561,0.06312937827861774,0.018858830487089313,0.7586354896305452,0.913487535423869,-0.3740700441660716
fmA0_propertystate,AZ,4,5775,5775,23100,16,4.0,159,6.9375,1.0,66.84276100222712,0.940103556708233,0.018132306662531794,1,0.0669354175123944,0.018638201175185855,0.7410125669550885,0.821163612288214,0.03513427795528673,0.0850677241749262,0.01867357084980698,0.7501459277571763,0.9175910190763914,-0.3673815821520809
fmA0_propertystate,AZ,4,5775,5775,23100,16,4.0,159,6.9375,1.0,40.74673422582163,0.9017203646617182,0.0011717434913207647,1,0.06695269694465997,0.018720375467205837,0.7263940392803185,0.7831622371099786,-0.006515322391151205,0.06812444043598073,0.018958270450888354,0.7462487982419997,0.8520228075093759,-0.40326104895303244
fmA0_propertystate,AZ,3,5775,5775,17325,16,3.0,159,6.9375,1.0,59.96227595623725,0.9417271988528415,0.013777787414289214,1,0.04442807363173376,0.01903905456211305,0.6329230188160967,0.3788307226336668,0.021135692634666275,0.058205861046022975,0.018945607697017197,0.6971569839307787,0.6700613375950885,-0.2925157132220584
fmA0_propertystate,AZ,3,5775,5775,17325,16,3.0,159,6.9375,1.0,42.87352535625369,0.9260660145294967,-0.005502810238228753,0,0.0684437609795252,0.01857914115219421,0.7797692624639473,1.111929334481987,0.020200003461553012,0.06294095074129645,0.018768714626076346,0.7842243510506799,1.0737939205515938,-0.3613196748827223
fmA0_propertystate,AZ,3,5775,5775,17325,16,3.0,159,6.9375,1.0,45.402983199971985,0.9337901270155775,0.00882517565466967,1,0.054353017321201985,0.018796252151101485,0.7351067847823102,0.7185189104547257,0.011360673598917561,0.06317819297587166,0.018803541248060534,0.7501373437714599,0.8119270069160146,-0.3381430192402475
fmA0_propertystate,AZ,3,5775,5775,17325,16,3.0,159,6.9375,1.0,33.02328287140304,0.9087291742437993,0.01213762988781017,1,0.0669354175123944,0.018638201175185855,0.7410125669550885,0.821163612288214,0.03513427795528673,0.07907304740020457,0.018708151038215305,0.7477424117566268,0.8101947945735876,-0.33316555047390534
fmA0_propertystate,AZ,3,5775,5775,17325,16,3.0,159,6.9375,1.0,37.08016216604595,0.9189630945645444,0.0014588444259077404,1,0.06695269694465997,0.018720375467205837,0.7263940392803185,0.7831622371099786,-0.006515322391151205,0.06841154137056771,0.018802771106537792,0.7484462985853592,0.9078782336572143,-0.3660224176287524
fmA0_propertystate,AZ,4,5775,5775,23100,16,4.0,159,6.9375,1.0,90.79034588915438,0.9555715533622804,0.0306035684739681,1,0.04442807363173376,0.01903905456211305,0.6329230188160967,0.3788307226336668,0.021135692634666275,0.07503164210570186,0.018671704560370553,0.7143163713775581,0.7972885968661887,-0.018152280652713668
fmA0_propertystate,AZ,4,5775,5775,23100,16,4.0,159,6.9375,1.0,15.628739480274607,0.6967647822188527,-0.002489068465757832,0,0.0684437609795252,0.01857914115219421,0.7797692624639473,1.111929334481987,0.020200003461553012,0.06595469251376737,0.018599067705233265,0.7779408735063865,1.0762743564559265,-0.08882188548734847
fmA0_propertystate,AZ,4,5775,5775,23100,16,4.0,159,6.9375,1.0,62.75200729620494,0.9282284825831093,0.009885647262231068,1,0.054353017321201985,0.018796252151101485,0.7351067847823102,0.7185189104547257,0.011360673598917561,0.06423866458343305,0.018654651136747514,0.7712539486334294,1.0008487347366324,-0.12857327634814927
fmA0_propertystate,AZ,4,5775,5775,23100,16,4.0,159,6.9375,1.0,78.38200128954594,0.9412165479383391,0.012013328532161555,1,0.0669354175123944,0.018638201175185855,0.7410125669550885,0.821163612288214,0.03513427795528673,0.07894874604455596,0.018573131249615692,0.7527039555006181,0.9683160625077286,-0.1113757578653414
fmA0_propertystate,AZ,4,5775,5775,23100,16,4.0,159,6.9375,1.0,93.6166124034159,0.9531244435369148,0.005651001564187297,1,0.06695269694465997,0.018720375467205837,0.7263940392803185,0.7831622371099786,-0.006515322391151205,0.07260369850884726,0.018652089078352366,0.7412271665979948,0.8877118776982205,-0.1241393440334125
fmA0_propertystate,AZ,1,5775,5775,5775,16,1.0,159,6.9375,1.0,23.976850828738044,0.9582869305606598,0.025446579622464813,1,0.04442807363173376,0.01903905456211305,0.6329230188160967,0.3788307226336668,0.021135692634666275,0.06987465325419857,0.018741129965587508,0.691414297486609,0.7001231249340845,0.019376222785112696
fmA0_propertystate,AZ,1,5775,5775,5775,16,1.0,159,6.9375,1.0,1.121264002654676,0.10029268703788832,-0.007315482222152288,0,0.0684437609795252,0.01857914115219421,0.7797692624639473,1.111929334481987,0.020200003461553012,0.061128278757372916,0.018664556226951283,0.7746961269056448,1.0958528668013758,-0.06917976742220852
fmA0_propertystate,AZ,1,5775,5775,5775,16,1.0,159,6.9375,1.0,7.509451157054707,0.8496889422101539,0.0030480924472421483,1,0.054353017321201985,0.018796252151101485,0.7351067847823102,0.7185189104547257,0.011360673598917561,0.057401109768444133,0.01869949385516898,0.756343565444307,0.9478300191429584,-0.030961772929798896
fmA0_propertystate,AZ,1,5775,5775,5775,16,1.0,159,6.9375,1.0,8.587590035807747,0.8830695985128075,-0.0011673252486990165,0,0.0669354175123944,0.018638201175185855,0.7410125669550885,0.821163612288214,0.03513427795528673,0.06576809226369539,0.018632200069091033,0.7529013871720918,1.0110073990674282,-0.01210703918799599
fmA0_propertystate,AZ,1,5775,5775,5775,16,1.0,159,6.9375,1.0,20.37239222709987,0.9448631740383209,0.011621809997107657,1,0.06695269694465997,0.018720375467205837,0.7263940392803185,0.7831622371099786,-0.006515322391151205,0.07857450694176762,0.018639352610286763,0.7289091470951792,0.8602055774496056,-0.028938413895613337
fmA0_propertystate,AZ,3,5775,5775,17325,16,3.0,159,6.9375,1.0,80.42051679527984,0.9607288515393843,0.023844979121639104,1,0.04442807363173376,0.01903905456211305,0.6329230188160967,0.3788307226336668,0.021135692634666275,0.06827305275337286,0.01888539850117721,0.715149017992034,0.8077188957106692,-0.3776989501049178
fmA0_propertystate,AZ,3,5775,5775,17325,16,3.0,159,6.9375,1.0,27.40591118659726,0.8900684167835309,-0.0044285818111298725,0,0.0684437609795252,0.01857914115219421,0.7797692624639473,1.111929334481987,0.020200003461553012,0.06401517916839533,0.018754640435780005,0.7742755116055486,1.0898181547430608,-0.37931395274583557
fmA0_propertystate,AZ,3,5775,5775,17325,16,3.0,159,6.9375,1.0,35.307953541684455,0.9103736937581881,0.00821396303810655,1,0.054353017321201985,0.018796252151101485,0.7351067847823102,0.7185189104547257,0.011360673598917561,0.06256698035930854,0.01882321545477037,0.7662580689465732,0.9986513098572459,-0.3828405471161518
fmA0_propertystate,AZ,3,5775,5775,17325,16,3.0,159,6.9375,1.0,51.433671041451724,0.9415632304947263,0.01999058116574201,1,0.0669354175123944,0.018638201175185855,0.7410125669550885,0.821163612288214,0.03513427795528673,0.08692599867813641,0.0186443158568646,0.7635197775030902,1.0445177379545536,-0.3962748160235078
fmA0_propertystate,AZ,3,5775,5775,17325,16,3.0,159,6.9375,1.0,27.273011689469588,0.8863337587186533,-0.0015591775920061196,0,0.06695269694465997,0.018720375467205837,0.7263940392803185,0.7831622371099786,-0.006515322391151205,0.06539351935265385,0.018957471676213377,0.7379566680401044,0.8669368977301358,-0.42332717000701464
fmA0_propertystate,AZ,2,5775,5775,11550,16,2.0,159,6.9375,1.0,41.25863039927864,0.9507861715386898,0.01946641867407052,1,0.04442807363173376,0.01903905456211305,0.6329230188160967,0.3788307226336668,0.021135692634666275,0.06389449230580428,0.018899961046698034,0.6994574921027332,0.8128479828440691,-0.36624447015902334
fmA0_propertystate,AZ,2,5775,5775,11550,16,2.0,159,6.9375,1.0,18.968535615100006,0.89316379218164,0.003241371005783783,1,0.0684437609795252,0.01857914115219421,0.7797692624639473,1.111929334481987,0.020200003461553012,0.07168513198530899,0.01859703127649018,0.7808937645927757,1.263625606114536,-0.367438880514295
fmA0_propertystate,AZ,2,5775,5775,11550,16,2.0,159,6.9375,1.0,20.63843180079926,0.9024541760632705,0.009477130416229565,1,0.054353017321201985,0.018796252151101485,0.7351067847823102,0.7185189104547257,0.011360673598917561,0.06383014773743155,0.018760062588076387,0.7578800988875154,1.0366385717668667,-0.37244152757822785
fmA0_propertystate,AZ,2,5775,5775,11550,16,2.0,159,6.9375,1.0,24.018131408891993,0.9110359464012253,0.01607336658003354,1,0.0669354175123944,0.018638201175185855,0.7410125669550885,0.821163612288214,0.03513427795528673,0.08300878409242794,0.018706281211242046,0.7540945611866501,1.0715825250107196,-0.39059926446025534
fmA0_propertystate,AZ,2,5775,5775,11550,16,2.0,159,6.9375,1.0,16.984670853247028,0.8301347245689541,0.012333119374191334,1,0.06695269694465997,0.018720375467205837,0.7263940392803185,0.7831622371099786,-0.006515322391151205,0.0792858163188513,0.01868372971219551,0.7387721466831478,1.0395904256250506,-0.3939889235906607
fmA0_propertystate,AZ,1,5775,5775,5775,16,1.0,159,6.9375,1.0,21.09974981002518,0.9526039886984317,0.016989179810192268,1,0.04442807363173376,0.01903905456211305,0.6329230188160967,0.3788307226336668,0.021135692634666275,0.06141725344192603,0.018778967020376878,0.6911310259579728,0.7297627991326662,0.1163480430144834
fmA0_propertystate,AZ,1,5775,5775,5775,16,1.0,159,6.9375,1.0,2.5019886100763578,0.5969040093937186,-0.008686121667213581,0,0.0684437609795252,0.01857914115219421,0.7797692624639473,1.111929334481987,0.020200003461553012,0.05975763931231162,0.018645734414653666,0.7801040379068809,1.1654950665634334,0.0483450625795713
fmA0_propertystate,AZ,1,5775,5775,5775,16,1.0,159,6.9375,1.0,4.673249576030685,0.783681887113118,-0.00793657793332183,0,0.054353017321201985,0.018796252151101485,0.7351067847823102,0.7185189104547257,0.011360673598917561,0.046416439387880155,0.018823517114537603,0.7320165499244609,0.8602961839563873,0.07152643786862543
fmA0_propertystate,AZ,1,5775,5775,5775,16,1.0,159,6.9375,1.0,7.565607115669169,0.8672003699221347,-0.00012477615444302093,0,0.0669354175123944,0.018638201175185855,0.7410125669550885,0.821163612288214,0.03513427795528673,0.06681064135795138,0.018651935792446114,0.7443174014558439,1.009086497063447,0.05489567128363286
fmA0_propertystate,AZ,1,5775,5775,5775,16,1.0,159,6.9375,1.0,3.2999236691340412,0.6759700967465254,-0.0016348473294270638,0,0.06695269694465997,0.018720375467205837,0.7263940392803185,0.7831622371099786,-0.006515322391151205,0.0653178496152329,0.018678404544716108,0.7409610630407911,1.0087141489723046,0.060516033350003516
fmA0_propertystate,CT,3,5775,5775,17325,16,3.0,348,15.25,1.0,48.02318196206947,0.9372381319579439,-0.008926623164379408,0,0.11759747616892878,0.038859321153365434,0.7470679362813482,1.0513495469165335,-0.04944356669044727,0.10867085300454937,0.03916540239224378,0.745198390812056,0.9251789341494593,0.18987934953375443
fmA0_propertystate,CT,3,5775,5775,17325,16,3.0,348,15.25,1.0,74.76387872602523,0.9555878463394345,-0.007829881169960987,0,0.10366426197315112,0.039208763060922705,0.7295363851669208,0.9513551113912834,-0.011128028751191402,0.09583438080319014,0.03949338846889584,0.7215593874703954,0.8679895259787647,0.26847945946816854
fmA0_propertystate,CT,3,5775,5775,17325,16,3.0,348,15.25,1.0,41.32980250204598,0.923820533823057,0.0016962351588255264,1,0.0918134056657803,0.03953293018890894,0.7222123089900399,0.8501229136039393,-0.0023927448420752325,0.09350964082460583,0.03945436782592519,0.7186759887097298,0.8337367753222694,0.2370994076903291
fmA0_propertystate,CT,3,5775,5775,17325,16,3.0,348,15.25,1.0,63.06456411953097,0.9488862285078765,-0.002901382348559592,0,0.09831788607418364,0.03951335611608902,0.7069193459429646,0.774804462190669,-0.01794940410741174,0.09541650372562405,0.03955263735326918,0.7041130000324434,0.734129819356184,0.22768268883527137
fmA0_propertystate,CT,3,5775,5775,17325,16,3.0,348,15.25,1.0,45.24533572664721,0.931775815959082,0.0041378002591555,1,0.10772953281119005,0.039097360335686775,0.7231774973234273,0.9084592884057701,0.011050616963550962,0.11186733307034555,0.03902341763973137,0.743637056743341,0.9711341368906885,0.2688349357336763
fmA0_propertystate,CT,3,5775,5775,17325,16,3.0,348,15.25,1.0,38.23879789798424,0.9215449474555151,-0.0076029144474081545,0,0.11759747616892878,0.038859321153365434,0.7470679362813482,1.0513495469165335,-0.04944356669044727,0.10999456172152063,0.03927625145414158,0.7506772539986374,0.9754897032289105,0.3703778725091424
fmA0_propertystate,CT,3,5775,5775,17325,16,3.0,348,15.25,1.0,31.465395318198368,0.9007633122878481,-0.0013609986127613855,0,0.10366426197315112,0.039208763060922705,0.7295363851669208,0.9513551113912834,-0.011128028751191402,0.10230326336038974,0.03947797660245142,0.7258986795574733,0.9115838769226439,0.4084347908342791
fmA0_propertystate,CT,3,5775,5775,17325,16,3.0,348,15.25,1.0,33.311300528140116,0.9013686288536563,-0.0026562480022400137,0,0.0918134056657803,0.03953293018890894,0.7222123089900399,0.8501229136039393,-0.0023927448420752325,0.08915715766354029,0.03968132237293368,0.7220338708107582,0.8439992370836064,0.39293622823176394
fmA0_propertystate,CT,3,5775,5775,17325,16,3.0,348,15.25,1.0,30.27917940990782,0.8604500960805783,0.004619859830337053,1,0.09831788607418364,0.03951335611608902,0.7069193459429646,0.774804462190669,-0.01794940410741174,0.10293774590452069,0.03946438890175923,0.7031478116990558,0.7617306910929048,0.40395582037067734
fmA0_propertystate,CT,3,5775,5775,17325,16,3.0,348,15.25,1.0,51.93907995412704,0.9420598035782066,0.0020622859720693665,1,0.10772953281119005,0.039097360335686775,0.7231774973234273,0.9084592884057701,0.011050616963550962,0.10979181878325942,0.03927870224851229,0.7442088699996756,1.020060639577235,0.4574696745949466
fmA0_propertystate,CT,4,5775,5775,23100,16,4.0,348,15.25,1.0,61.72747377256694,0.9286598987346348,-0.005780059331130766,0,0.11759747616892878,0.038859321153365434,0.7470679362813482,1.0513495469165335,-0.04944356669044727,0.11181741683779801,0.03910200508627233,0.7491280861694191,1.0544257604815839,0.1721475998882598
fmA0_propertystate,CT,4,5775,5775,23100,16,4.0,348,15.25,1.0,67.73902431282102,0.9307993356436481,-0.005015688063274543,0,0.10366426197315112,0.039208763060922705,0.7295363851669208,0.9513551113912834,-0.011128028751191402,0.09864857390987658,0.03937859318171692,0.7248483275476105,0.9410315609467126,0.21480197378724988
fmA0_propertystate,CT,4,5775,5775,23100,16,4.0,348,15.25,1.0,87.60480222748527,0.9510217164362089,0.00011390697769984859,1,0.0918134056657803,0.03953293018890894,0.7222123089900399,0.8501229136039393,-0.0023927448420752325,0.09192731264348016,0.03951112259253139,0.7165996171689972,0.8839425209911976,0.2259090720263485
fmA0_propertystate,CT,4,5775,5775,23100,16,4.0,348,15.25,1.0,84.16064205031986,0.9507912716453311,-0.00041687015752832346,0,0.09831788607418364,0.03951335611608902,0.7069193459429646,0.774804462190669,-0.01794940410741174,0.09790101591665532,0.039421224850959606,0.7027422703825065,0.8544457655939462,0.22650651440022018
fmA0_propertystate,CT,4,5775,5775,23100,16,4.0,348,15.25,1.0,69.23275005492158,0.9408816949055709,-0.002683284106589842,0,0.10772953281119005,0.039097360335686775,0.7231774973234273,0.9084592884057701,0.011050616963550962,0.1050462487046002,0.03915300989005446,0.7421933296564254,1.0878380172960116,0.23924625101890684
fmA0_propertystate,CT,4,5775,5775,23100,16,4.0,348,15.25,1.0,81.11843920034988,0.9498481006306013,-0.013754414694268982,0,0.11759747616892878,0.038859321153365434,0.7470679362813482,1.0513495469165335,-0.04944356669044727,0.1038430614746598,0.03935234453521123,0.7200953833176523,0.7850657679669664,0.3331784901794365
fmA0_propertystate,CT,4,5775,5775,23100,16,4.0,348,15.25,1.0,49.675106273728794,0.9182885360685976,-0.01557054194350116,0,0.10366426197315112,0.039208763060922705,0.7295363851669208,0.9513551113912834,-0.011128028751191402,0.08809372002964996,0.039697958096424964,0.6960630048989391,0.7357110140682142,0.3311150445024094
fmA0_propertystate,CT,4,5775,5775,23100,16,4.0,348,15.25,1.0,58.15856841494315,0.9302120062692033,0.004934267390577771,1,0.0918134056657803,0.03953293018890894,0.7222123089900399,0.8501229136039393,-0.0023927448420752325,0.09674767305635808,0.03943480224981513,0.7104962203549298,0.7663199504285657,0.33036300840771127
fmA0_propertystate,CT,4,5775,5775,23100,16,4.0,348,15.25,1.0,69.65355926676912,0.9417874450518116,0.000823406841369223,1,0.09831788607418364,0.03951335611608902,0.7069193459429646,0.774804462190669,-0.01794940410741174,0.09914129291555286,0.03957305972899104,0.6899717743243681,0.6530847701446645,0.33562789045005403
fmA0_propertystate,CT,4,5775,5775,23100,16,4.0,348,15.25,1.0,89.46208434451846,0.9465832120064568,0.005925635131837845,1,0.10772953281119005,0.039097360335686775,0.7231774973234273,0.9084592884057701,0.011050616963550962,0.1136551679430279,0.03905057442983386,0.7510746844888557,0.9870586190098808,0.34775467189985426
fmA0_propertystate,CT,3,5775,5775,17325,16,3.0,348,15.25,1.0,45.505631779148885,0.9334901168391004,-0.0077701487600384395,0,0.11759747616892878,0.038859321153365434,0.7470679362813482,1.0513495469165335,-0.04944356669044727,0.10982732740889034,0.03916865772184802,0.7364995295720729,0.9040456024881931,0.21791913610925973
fmA0_propertystate,CT,3,5775,5775,17325,16,3.0,348,15.25,1.0,36.904435879472295,0.9100103941172023,-0.010982866043774575,0,0.10366426197315112,0.039208763060922705,0.7295363851669208,0.9513551113912834,-0.011128028751191402,0.09268139592937655,0.03957388996575673,0.7051025208448238,0.8123523100721328,0.27197374469194097
fmA0_propertystate,CT,3,5775,5775,17325,16,3.0,348,15.25,1.0,63.855683129968504,0.951474507243719,0.0009236648882247622,1,0.0918134056657803,0.03953293018890894,0.7222123089900399,0.8501229136039393,-0.0023927448420752325,0.09273707055400507,0.039506857306083304,0.7182623365668495,0.8098007024667314,0.2558522367421328
fmA0_propertystate,CT,3,5775,5775,17325,16,3.0,348,15.25,1.0,39.01830046633697,0.9211493076625131,-0.001613553027894482,0,0.09831788607418364,0.03951335611608902,0.7069193459429646,0.774804462190669,-0.01794940410741174,0.09670433304628916,0.039453942304866874,0.7035330759497778,0.7495416076341183,0.24043187213803968
fmA0_propertystate,CT,3,5775,5775,17325,16,3.0,348,15.25,1.0,46.146564455867946,0.9349883083161491,0.007189403546234471,1,0.10772953281119005,0.039097360335686775,0.7231774973234273,0.9084592884057701,0.011050616963550962,0.11491893635742452,0.038982293988523105,0.7477086915614963,0.9906535839996227,0.30824658465046456
fmA0_propertystate,CT,4,5775,5775,23100,16,4.0,348,15.25,1.0,122.68071571295428,0.9663714839847104,-0.007255782794251264,0,0.11759747616892878,0.038859321153365434,0.7470679362813482,1.0513495469165335,-0.04944356669044727,0.11034169337467752,0.03915310518802959,0.7437668299646367,0.8555279547553468,0.21725127855608942
fmA0_propertystate,CT,4,5775,5775,23100,16,4.0,348,15.25,1.0,65.47252246233099,0.9388334172303542,-0.0064298912942614694,0,0.10366426197315112,0.039208763060922705,0.7295363851669208,0.9513551113912834,-0.011128028751191402,0.09723437067888965,0.03949395182177606,0.7184367193329656,0.7899714823436716,0.2568786923109329
fmA0_propertystate,CT,4,5775,5775,23100,16,4.0,348,15.25,1.0,99.43686233358551,0.9576378398171892,0.001117484887095871,1,0.0918134056657803,0.03953293018890894,0.7222123089900399,0.8501229136039393,-0.0023927448420752325,0.09293089055287618,0.03956620420931857,0.7201197157966454,0.7429256344542325,0.254052963413788
fmA0_propertystate,CT,4,5775,5775,23100,16,4.0,348,15.25,1.0,125.50042673760392,0.9674931844261603,-0.0025994091956099002,0,0.09831788607418364,0.03951335611608902,0.7069193459429646,0.774804462190669,-0.01794940410741174,0.09571847687857374,0.039568107446603405,0.6979690490867209,0.6688984056758404,0.27008202495411027
fmA0_propertystate,CT,4,5775,5775,23100,16,4.0,348,15.25,1.0,142.1699772829386,0.9609215610952945,0.004835217599816866,1,0.10772953281119005,0.039097360335686775,0.7231774973234273,0.9084592884057701,0.011050616963550962,0.11256475041100691,0.03905595905001202,0.7463217402588976,0.9002731422835892,0.2969627389724137
fmA0_propertystate,CT,2,5775,5775,11550,16,2.0,348,15.25,1.0,26.03035426685398,0.9214539020114697,-0.0021804826706128683,0,0.11759747616892878,0.038859321153365434,0.7470679362813482,1.0513495469165335,-0.04944356669044727,0.11541699349831591,0.039027940096253044,0.7430733543133375,0.9573288857377587,-0.06987028197477844
fmA0_propertystate,CT,2,5775,5775,11550,16,2.0,348,15.25,1.0,12.38308859832561,0.8380836657084705,-0.0004391990498340409,0,0.10366426197315112,0.039208763060922705,0.7295363851669208,0.9513551113912834,-0.011128028751191402,0.10322506292331708,0.03922568195088098,0.730014923920449,0.9167926356135125,-0.024582378481482096
fmA0_propertystate,CT,2,5775,5775,11550,16,2.0,348,15.25,1.0,21.177440788144935,0.9020423848467345,0.0017710063978726431,1,0.0918134056657803,0.03953293018890894,0.7222123089900399,0.8501229136039393,-0.0023927448420752325,0.09358441206365295,0.039617271535586,0.7196573986957792,0.7937709616428047,-0.046305144500356735
fmA0_propertystate,CT,2,5775,5775,11550,16,2.0,348,15.25,1.0,30.608546545324398,0.9346583094042942,-0.003575963522943648,0,0.09831788607418364,0.03951335611608902,0.7069193459429646,0.774804462190669,-0.01794940410741174,0.09474192255123999,0.03964541654159358,0.7041738312299257,0.7527000814009925,-0.03074862109316892
fmA0_propertystate,CT,2,5775,5775,11550,16,2.0,348,15.25,1.0,33.16032926028019,0.9025606848506582,0.010538573556728312,1,0.10772953281119005,0.039097360335686775,0.7231774973234273,0.9084592884057701,0.011050616963550962,0.11826810636791836,0.03879764240006391,0.7427732537390909,1.01451637104787,0.005150193540651879
fmA0_propertystate,CT,2,5775,5775,11550,16,2.0,348,15.25,1.0,25.609587943012045,0.9218913974423231,-0.0054250164135713486,0,0.11759747616892878,0.038859321153365434,0.7470679362813482,1.0513495469165335,-0.04944356669044727,0.11217245975535743,0.03903704788733,0.7458756448106932,1.0765329880518626,0.043556726019843915
fmA0_propertystate,CT,2,5775,5775,11550,16,2.0,348,15.25,1.0,38.979484049317605,0.9207925319261425,0.0011467066868126458,1,0.10366426197315112,0.039208763060922705,0.7295363851669208,0.9513551113912834,-0.011128028751191402,0.10481096865996377,0.03916063065028496,0.7310733867566429,1.0395524671024408,0.02459325585601152
fmA0_propertystate,CT,2,5775,5775,11550,16,2.0,348,15.25,1.0,37.37813324967922,0.9322278287749031,0.0011149360437819472,1,0.0918134056657803,0.03953293018890894,0.7222123089900399,0.8501229136039393,-0.0023927448420752325,0.09292834170956225,0.039519749018334716,0.721770268955001,0.8931914790886273,0.06899308145074343
fmA0_propertystate,CT,2,5775,5775,11550,16,2.0,348,15.25,1.0,28.781017677629077,0.9287144418310181,0.001321496386929591,1,0.09831788607418364,0.03951335611608902,0.7069193459429646,0.774804462190669,-0.01794940410741174,0.09963938246111323,0.03939105993140761,0.7043928235408623,0.8718662105904034,0.05560392918656101
fmA0_propertystate,CT,2,5775,5775,11550,16,2.0,348,15.25,1.0,41.585741670725795,0.9517168986301499,0.000333543619227078,1,0.10772953281119005,0.039097360335686775,0.7231774973234273,0.9084592884057701,0.011050616963550962,0.10806307643041713,0.03899458982627462,0.7411754209518865,1.1348972819791898,0.07685592790902289
fmA0_propertystate,CT,1,5775,5775,5775,16,1.0,348,15.25,1.0,7.2487151460670844,0.8551163997074291,-0.002118358852203961,0,0.11759747616892878,0.038859321153365434,0.7470679362813482,1.0513495469165335,-0.04944356669044727,0.11547911731672482,0.03898560414153681,0.7476235278850208,0.9049750589199712,-0.018314455164588597
fmA0_propertystate,CT,1,5775,5775,5775,16,1.0,348,15.25,1.0,17.098626789455786,0.9414243517832457,-0.009882071961916192,0,0.10366426197315112,0.039208763060922705,0.7295363851669208,0.9513551113912834,-0.011128028751191402,0.09378219001123493,0.03955588557837675,0.7163887356843914,0.8016561044839601,0.05351188515945848
fmA0_propertystate,CT,1,5775,5775,5775,16,1.0,348,15.25,1.0,9.766917353573152,0.8976078713050579,0.01147400327853354,1,0.0918134056657803,0.03953293018890894,0.7222123089900399,0.8501229136039393,-0.0023927448420752325,0.10328740894431385,0.03927197997972007,0.7244062875125719,0.806357598890118,0.042009722238051585
fmA0_propertystate,CT,1,5775,5775,5775,16,1.0,348,15.25,1.0,22.565931317615533,0.9556205634184911,0.0027581725768381776,1,0.09831788607418364,0.03951335611608902,0.7069193459429646,0.774804462190669,-0.01794940410741174,0.10107605865102182,0.039535924434919885,0.7026408850533693,0.6901352797733792,0.06028419889916604
fmA0_propertystate,CT,1,5775,5775,5775,16,1.0,348,15.25,1.0,20.882748511823884,0.9460327158532208,0.008036795804389416,1,0.10772953281119005,0.039097360335686775,0.7231774973234273,0.9084592884057701,0.011050616963550962,0.11576632861557946,0.03881810353974141,0.7465326217435032,0.973106131739733,0.06416288019891314
fmA0_propertystate,CT,1,5775,5775,5775,16,1.0,348,15.25,1.0,4.814079124382653,0.7921412536814066,-0.008457897830582164,0,0.11759747616892878,0.038859321153365434,0.7470679362813482,1.0513495469165335,-0.04944356669044727,0.10913957833834662,0.03934713643308657,0.7551665963728385,0.8778781665054088,0.26329076525067996
fmA0_propertystate,CT,1,5775,5775,5775,16,1.0,348,15.25,1.0,5.453672762332952,0.8120103052647228,-0.003904453705214153,0,0.10366426197315112,0.039208763060922705,0.7295363851669208,0.9513551113912834,-0.011128028751191402,0.09975980826793697,0.03943974931642128,0.7304366868896602,0.8299569178051169,0.32580807509170184
fmA0_propertystate,CT,1,5775,5775,5775,16,1.0,348,15.25,1.0,9.421458050431072,0.8908937588805281,-0.006317993105776007,0,0.0918134056657803,0.03953293018890894,0.7222123089900399,0.8501229136039393,-0.0023927448420752325,0.0854954125600043,0.040107406505823964,0.7236357590111281,0.7009345748463146,0.32589502944530063
fmA0_propertystate,CT,1,5775,5775,5775,16,1.0,348,15.25,1.0,6.455645935270924,0.8450391898728433,0.00636561771026814,1,0.09831788607418364,0.03951335611608902,0.7069193459429646,0.774804462190669,-0.01794940410741174,0.10468350378445178,0.039394296566579314,0.7068828472244751,0.7110621687914443,0.3338493865554724
fmA0_propertystate,CT,1,5775,5775,5775,16,1.0,348,15.25,1.0,9.734462018572257,0.8795563913931221,-0.009478026576284215,0,0.10772953281119005,0.039097360335686775,0.7231774973234273,0.9084592884057701,0.011050616963550962,0.09825150623490583,0.03946845482570467,0.7356276157414917,0.8240412772814826,0.34712250016012147
fmA0_propertystate,CT,1,5775,5775,5775,16,1.0,348,15.25,1.0,3.659768753154527,0.72665731136472,-0.00495933734110332,0,0.11759747616892878,0.038859321153365434,0.7470679362813482,1.0513495469165335,-0.04944356669044727,0.11263813882782546,0.039038389806193244,0.7460743600558025,1.0271987420073867,0.10477380608094988
fmA0_propertystate,CT,1,5775,5775,5775,16,1.0,348,15.25,1.0,3.1748040907979473,0.6847656949134817,0.0058436136780649905,1,0.10366426197315112,0.039208763060922705,0.7295363851669208,0.9513551113912834,-0.011128028751191402,0.10950787565121611,0.039300315389640954,0.7238223080167407,0.9692079653536197,0.16369010187400784
fmA0_propertystate,CT,1,5775,5775,5775,16,1.0,348,15.25,1.0,3.2977459605516266,0.6965280750831284,0.0012344462723972854,1,0.0918134056657803,0.03953293018890894,0.7222123089900399,0.8501229136039393,-0.0023927448420752325,0.09304785193817759,0.03953748645750723,0.720675307400318,0.8734819837463571,0.1430141899210839
fmA0_propertystate,CT,1,5775,5775,5775,16,1.0,348,15.25,1.0,4.665123300419227,0.7837390059705178,0.008020181751917252,1,0.09831788607418364,0.03951335611608902,0.7069193459429646,0.774804462190669,-0.01794940410741174,0.10633806782610089,0.039296018758993086,0.7058162735619504,0.822425321788764,0.16220025061466603
fmA0_propertystate,CT,1,5775,5775,5775,16,1.0,348,15.25,1.0,8.125175467910532,0.5550180706863446,-0.0013032374494779952,0,0.10772953281119005,0.039097360335686775,0.7231774973234273,0.9084592884057701,0.011050616963550962,0.10642629536171205,0.03908860946707901,0.7363251468059566,1.0343684772805595,0.18853852972910745
fmA0_propertystate,CT,1,5775,5775,5775,16,1.0,348,15.25,1.0,12.301479855312714,0.9113268963104973,-0.005680204798511002,0,0.11759747616892878,0.038859321153365434,0.7470679362813482,1.0513495469165335,-0.04944356669044727,0.11191727137041778,0.03907648911472471,0.7457377607630665,0.9721788058007315,-0.016616536036843037
fmA0_propertystate,CT,1,5775,5775,5775,16,1.0,348,15.25,1.0,1.6978108122501578,0.366875567128674,-0.0006387649437537835,0,0.10366426197315112,0.039208763060922705,0.7295363851669208,0.9513551113912834,-0.011128028751191402,0.10302549702939734,0.039233505026166585,0.7354045680173895,0.9460105439658006,0.0007794045036578678
fmA0_propertystate,CT,1,5775,5775,5775,16,1.0,348,15.25,1.0,13.041785482850278,0.9182884598088951,0.001870393273692969,1,0.0918134056657803,0.03953293018890894,0.7222123089900399,0.8501229136039393,-0.0023927448420752325,0.09368379893947328,0.03954925042914696,0.722179865684716,0.8339750661004451,0.005297905219053153
fmA0_propertystate,CT,1,5775,5775,5775,16,1.0,348,15.25,1.0,13.05988066044629,0.9195007019102734,-0.003101992630033079,0,0.09831788607418364,0.03951335611608902,0.7069193459429646,0.774804462190669,-0.01794940410741174,0.09521589344415056,0.039656113382594206,0.7065138046264153,0.7653310574638572,0.008474532284310901
fmA0_propertystate,CT,1,5775,5775,5775,16,1.0,348,15.25,1.0,8.602020871597022,0.8826079514963355,0.00784574844580753,1,0.10772953281119005,0.039097360335686775,0.7231774973234273,0.9084592884057701,0.011050616963550962,0.11557528125699758,0.03886910830654905,0.7416255718132564,1.026440011145016,0.04646975192885461
fmA0_propertystate,FL,1,5775,5775,5775,16,1.0,412,18.0,1.0,11.64432786394832,0.9089093145447007,-0.006120639370838399,0,0.12469365809432434,0.04599564102155761,0.7352499279647646,0.8773161237589067,0.02111723412294406,0.11857301872348594,0.04626716931056175,0.7262901167656866,0.8006635697870224,0.28886696570905523
fmA0_propertystate,FL,1,5775,5775,5775,16,1.0,412,18.0,1.0,11.192914657990727,0.8932205468491956,-0.00746686742363338,0,0.126796878957904,0.04604426294356964,0.736882726636572,0.87623864326206,0.0200949734383451,0.11933001153427063,0.0462972992575086,0.7403884414319233,0.8596674555376621,0.2832787806719459
fmA0_propertystate,FL,1,5775,5775,5775,16,1.0,412,18.0,1.0,5.915429902324456,0.8290906546472762,-0.0042681124443768315,0,0.10888637190048997,0.04674964156391142,0.7106001564193686,0.7108119576598139,0.015867229068368127,0.10461825945611314,0.0468123555669683,0.7041855902086962,0.6846856275318329,0.26789603361412834
fmA0_propertystate,FL,1,5775,5775,5775,16,1.0,412,18.0,1.0,7.747556732627274,0.784159927280409,-0.0008204646695125217,0,0.13305184111326696,0.045696329915357305,0.7457224791097816,0.9332216385683934,0.013874188005343076,0.13223137644375443,0.04587740961751629,0.7476742909674675,0.8724088074870683,0.2596823491541636
fmA0_propertystate,FL,1,5775,5775,5775,16,1.0,412,18.0,1.0,13.692683914086047,0.9265135464889209,-0.011750535667041179,0,0.13747950444818582,0.04549244154717476,0.7628943071582444,1.0522255309528459,0.011062097442000828,0.12572896878114465,0.04594015302367285,0.7602461546905229,0.9337053516976691,0.287257415979927
fmA0_propertystate,FL,4,5775,5775,23100,16,4.0,412,18.0,1.0,76.80071611555724,0.9466224630095696,-0.013518399448890522,0,0.12469365809432434,0.04599564102155761,0.7352499279647646,0.8773161237589067,0.02111723412294406,0.11117525864543382,0.04673107626466879,0.7223590510558306,0.7878780701628567,0.5673442498926798
fmA0_propertystate,FL,4,5775,5775,23100,16,4.0,412,18.0,1.0,48.27566708827206,0.9151569252953276,-0.005265557883926214,0,0.126796878957904,0.04604426294356964,0.736882726636572,0.87623864326206,0.0200949734383451,0.1215313210739778,0.04654197283649892,0.7421172870844254,0.9259139356046933,0.5637108567153637
fmA0_propertystate,FL,4,5775,5775,23100,16,4.0,412,18.0,1.0,47.3748793611167,0.8827106174186096,-0.0050741032903802025,0,0.10888637190048997,0.04674964156391142,0.7106001564193686,0.7108119576598139,0.015867229068368127,0.10381226861010977,0.04695893192531049,0.7070669996295331,0.7444066301652438,0.5405491627102333
fmA0_propertystate,FL,4,5775,5775,23100,16,4.0,412,18.0,1.0,66.64194880109766,0.9297237330592663,-0.0018721339179652852,0,0.13305184111326696,0.045696329915357305,0.7457224791097816,0.9332216385683934,0.013874188005343076,0.13117970719530167,0.0462615188968454,0.7472180678091684,0.9334942205932122,0.5417289126525343
fmA0_propertystate,FL,4,5775,5775,23100,16,4.0,412,18.0,1.0,52.28798431782363,0.9234986209652299,-0.015136231159856975,0,0.13747950444818582,0.04549244154717476,0.7628943071582444,1.0522255309528459,0.011062097442000828,0.12234327328832885,0.04639199758349901,0.7623934907589084,0.9798948934976937,0.5311684060628349
fmA0_propertystate,FL,1,5775,5775,5775,16,1.0,412,18.0,1.0,11.0953505966815,0.9098616109802082,-0.016313274809916692,0,0.12469365809432434,0.04599564102155761,0.7352499279647646,0.8773161237589067,0.02111723412294406,0.10838038328440765,0.04674051101349525,0.7123735953129073,0.7069374250340326,0.4940469511494894
fmA0_propertystate,FL,1,5775,5775,5775,16,1.0,412,18.0,1.0,3.0935915199073047,0.6764980252638859,-0.0026296842773935736,0,0.126796878957904,0.04604426294356964,0.736882726636572,0.87623864326206,0.0200949734383451,0.12416719468051043,0.046397543049707016,0.7412768760033479,0.9311507980003826,0.47507663683430895
fmA0_propertystate,FL,1,5775,5775,5775,16,1.0,412,18.0,1.0,4.129089564850567,0.6831033854579874,-0.004344709954083398,0,0.10888637190048997,0.04674964156391142,0.7106001564193686,0.7108119576598139,0.015867229068368127,0.10454166194640657,0.04685873775526637,0.7079074107106105,0.7155049783570911,0.4579803951604949
fmA0_propertystate,FL,1,5775,5775,5775,16,1.0,412,18.0,1.0,3.5335030650850068,0.7168772196341819,-0.004294288371022026,0,0.13305184111326696,0.045696329915357305,0.7457224791097816,0.9332216385683934,0.013874188005343076,0.12875755274224493,0.04622502668606543,0.7416644941754367,0.9203212169595925,0.48557266388508086
fmA0_propertystate,FL,1,5775,5775,5775,16,1.0,412,18.0,1.0,3.9579856774414215,0.7377354889583216,-0.0024342136111328294,0,0.13747950444818582,0.04549244154717476,0.7628943071582444,1.0522255309528459,0.011062097442000828,0.135045290837053,0.04606002215795185,0.7728248789121994,1.0606203789144917,0.4730551494370956
fmA0_propertystate,FL,4,5775,5775,23100,16,4.0,412,18.0,1.0,62.30610324331026,0.9305513496298198,0.0015592832158529135,1,0.12469365809432434,0.04599564102155761,0.7352499279647646,0.8773161237589067,0.02111723412294406,0.12625294131017725,0.04604395100365265,0.7398670435367243,1.05193825322314,0.3009642169729627
fmA0_propertystate,FL,4,5775,5775,23100,16,4.0,412,18.0,1.0,75.64422312345275,0.945338340138774,-0.004577281843991768,0,0.126796878957904,0.04604426294356964,0.736882726636572,0.87623864326206,0.0200949734383451,0.12221959711391224,0.046194268350074494,0.742048682098215,1.038463480848732,0.28601304955062473
fmA0_propertystate,FL,4,5775,5775,23100,16,4.0,412,18.0,1.0,58.32429710038515,0.9197406039945337,-0.0010515320411619566,0,0.10888637190048997,0.04674964156391142,0.7106001564193686,0.7108119576598139,0.015867229068368127,0.10783483985932801,0.04658856203144152,0.712575980022228,0.8533755362236647,0.3020361715108245
fmA0_propertystate,FL,4,5775,5775,23100,16,4.0,412,18.0,1.0,66.9024742517947,0.9394818242223778,-0.0022090379838958507,0,0.13305184111326696,0.045696329915357305,0.7457224791097816,0.9332216385683934,0.013874188005343076,0.1308428031293711,0.045985920193510235,0.7451839299680301,1.0840605239891639,0.2907024683193005
fmA0_propertystate,FL,4,5775,5775,23100,16,4.0,412,18.0,1.0,105.41516625554223,0.9619166960309055,-0.005470918284777138,0,0.13747950444818582,0.04549244154717476,0.7628943071582444,1.0522255309528459,0.011062097442000828,0.1320085861634087,0.045963911112113634,0.759258242889093,1.2085465750175595,0.30317128747288685
fmA0_propertystate,FL,2,5775,5775,11550,16,2.0,412,18.0,1.0,49.324165015730095,0.9559958828452477,-0.00938682759746956,0,0.12469365809432434,0.04599564102155761,0.7352499279647646,0.8773161237589067,0.02111723412294406,0.11530683049685478,0.04623227374296364,0.7310135700662724,1.0202979315691632,0.2535021408369394
fmA0_propertystate,FL,2,5775,5775,11550,16,2.0,412,18.0,1.0,57.30000201820904,0.9605339669980513,-0.002930072197043221,0,0.126796878957904,0.04604426294356964,0.736882726636572,0.87623864326206,0.0200949734383451,0.12386680676086079,0.046093363124467726,0.7472626610502052,1.0741031912957195,0.21358537277659148
fmA0_propertystate,FL,2,5775,5775,11550,16,2.0,412,18.0,1.0,50.059947039146934,0.9582701620547838,-0.0022983613381857837,0,0.10888637190048997,0.04674964156391142,0.7106001564193686,0.7108119576598139,0.015867229068368127,0.10658801056230419,0.04648873877993346,0.705681178908083,0.8627078953344037,0.2055447395944291
fmA0_propertystate,FL,2,5775,5775,11550,16,2.0,412,18.0,1.0,60.633600905516005,0.9648938980250108,-0.005645370517979448,0,0.13305184111326696,0.045696329915357305,0.7457224791097816,0.9332216385683934,0.013874188005343076,0.1274064705952875,0.04607218607165695,0.739132970184273,1.1050662905842943,0.23212936462040804
fmA0_propertystate,FL,2,5775,5775,11550,16,2.0,412,18.0,1.0,51.629686101959756,0.9597309001295862,-0.01339159769439828,0,0.13747950444818582,0.04549244154717476,0.7628943071582444,1.0522255309528459,0.011062097442000828,0.12408790675378754,0.046076552415135086,0.753351353576378,1.1950829075934124,0.2286330802217529
fmA0_propertystate,FL,4,5775,5775,23100,16,4.0,412,18.0,1.0,116.1605129062964,0.9653022418175705,0.0026620497777158636,1,0.12469365809432434,0.04599564102155761,0.7352499279647646,0.8773161237589067,0.02111723412294406,0.1273557078720402,0.04597511854263951,0.7376167999890233,0.9592647301399969,0.2085244196423708
fmA0_propertystate,FL,4,5775,5775,23100,16,4.0,412,18.0,1.0,99.7514524475498,0.9582921736664751,-0.0049661637010210286,0,0.126796878957904,0.04604426294356964,0.736882726636572,0.87623864326206,0.0200949734383451,0.12183071525688298,0.04613196656914011,0.7424500212675458,0.9802174089950461,0.1765707558401617
fmA0_propertystate,FL,4,5775,5775,23100,16,4.0,412,18.0,1.0,113.76358232025441,0.9648047828261582,-0.0014077124335359903,0,0.10888637190048997,0.04674964156391142,0.7106001564193686,0.7108119576598139,0.015867229068368127,0.10747865946695398,0.046562935941762355,0.7140063939847148,0.8055804406235809,0.19685722613296278
fmA0_propertystate,FL,4,5775,5775,23100,16,4.0,412,18.0,1.0,105.31222069401645,0.9601758425152374,-0.0046995310476473096,0,0.13305184111326696,0.045696329915357305,0.7457224791097816,0.9332216385683934,0.013874188005343076,0.12835231006561965,0.04598412989579268,0.7385395370535531,0.9631644995121996,0.18516291674697774
fmA0_propertystate,FL,4,5775,5775,23100,16,4.0,412,18.0,1.0,110.33932178162752,0.9626864361039118,-0.007968325105950358,0,0.13747950444818582,0.04549244154717476,0.7628943071582444,1.0522255309528459,0.011062097442000828,0.12951117934223547,0.04582862135091211,0.7597899315322237,1.1217423282640653,0.17878286770288618
fmA0_propertystate,FL,3,5775,5775,17325,16,3.0,412,18.0,1.0,42.97621806742009,0.9300373039760028,-0.008073186486916184,0,0.12469365809432434,0.04599564102155761,0.7352499279647646,0.8773161237589067,0.02111723412294406,0.11662047160740815,0.046510685976863565,0.733394163087773,0.8298179879673699,0.5382118775534555
fmA0_propertystate,FL,3,5775,5775,17325,16,3.0,412,18.0,1.0,59.6209287802578,0.9486824344503861,-0.00601229487231611,0,0.126796878957904,0.04604426294356964,0.736882726636572,0.87623864326206,0.0200949734383451,0.1207845840855879,0.046565210081631656,0.7407348966122858,0.8809806019853029,0.5303766200046243
fmA0_propertystate,FL,3,5775,5775,17325,16,3.0,412,18.0,1.0,45.53919998846434,0.9316945756851334,-0.00725508533665023,0,0.10888637190048997,0.04674964156391142,0.7106001564193686,0.7108119576598139,0.015867229068368127,0.10163128656383974,0.04704296782770796,0.7027208737531045,0.6998601502065747,0.5063409932414402
fmA0_propertystate,FL,3,5775,5775,17325,16,3.0,412,18.0,1.0,48.691525671851224,0.9247527914996343,-0.0014352599744666406,0,0.13305184111326696,0.045696329915357305,0.7457224791097816,0.9332216385683934,0.013874188005343076,0.13161658113880031,0.04628221970800231,0.7407040243684913,0.8964604571428398,0.5036089211343786
fmA0_propertystate,FL,3,5775,5775,17325,16,3.0,412,18.0,1.0,30.506525506508297,0.886888466292058,-0.015938075069170096,0,0.13747950444818582,0.04549244154717476,0.7628943071582444,1.0522255309528459,0.011062097442000828,0.12154142937901573,0.046526948944371996,0.7521370453204539,0.9135465197329605,0.4885853454932751
fmA0_propertystate,FL,3,5775,5775,17325,16,3.0,412,18.0,1.0,27.836807684755474,0.885129561447398,-0.005239023026822498,0,0.12469365809432434,0.04599564102155761,0.7352499279647646,0.8773161237589067,0.02111723412294406,0.11945463506750184,0.04623578155851045,0.7376236604876443,0.9288932032010454,0.349718106492995
fmA0_propertystate,FL,3,5775,5775,17325,16,3.0,412,18.0,1.0,19.843640516613057,0.8349452954297201,-0.004977297392756583,0,0.126796878957904,0.04604426294356964,0.736882726636572,0.87623864326206,0.0200949734383451,0.12181958156514743,0.046276145680136146,0.744055377944869,1.0000365044747543,0.3546240663222341
fmA0_propertystate,FL,3,5775,5775,17325,16,3.0,412,18.0,1.0,20.56959244337613,0.8541412477149442,-0.004126223438068788,0,0.10888637190048997,0.04674964156391142,0.7106001564193686,0.7108119576598139,0.015867229068368127,0.10476014846242118,0.046776047211908575,0.7113651020156144,0.7784366465642555,0.35873607953509823
fmA0_propertystate,FL,3,5775,5775,17325,16,3.0,412,18.0,1.0,45.73020444126641,0.932401227012519,0.002076753737909054,1,0.13305184111326696,0.045696329915357305,0.7457224791097816,0.9332216385683934,0.013874188005343076,0.135128594851176,0.04594162458027432,0.7491252864258175,1.023214599770188,0.352907421859137
fmA0_propertystate,FL,3,5775,5775,17325,16,3.0,412,18.0,1.0,53.011711308055496,0.9421909468824281,-0.014643626556635037,0,0.13747950444818582,0.04549244154717476,0.7628943071582444,1.0522255309528459,0.011062097442000828,0.12283587789155079,0.046160781153722207,0.7611791825029842,1.0704653436758222,0.3585199956223413
fmA0_propertystate,FL,1,5775,5775,5775,16,1.0,412,18.0,1.0,2.2969168797942805,0.4791614684503108,-0.01012909288331218,0,0.12469365809432434,0.04599564102155761,0.7352499279647646,0.8773161237589067,0.02111723412294406,0.11456456521101216,0.04643729593175645,0.7337920720077935,0.8077463128342646,0.36537015901939807
fmA0_propertystate,FL,1,5775,5775,5775,16,1.0,412,18.0,1.0,6.627956414679146,0.8392024206883169,-0.005150247445409803,0,0.126796878957904,0.04604426294356964,0.736882726636572,0.87623864326206,0.0200949734383451,0.1216466315124942,0.046425810392890524,0.7435133985538069,0.8711628130253005,0.4010512092782219
fmA0_propertystate,FL,1,5775,5775,5775,16,1.0,412,18.0,1.0,15.092960289954362,0.9144936609188558,-0.007650934913193921,0,0.10888637190048997,0.04674964156391142,0.7106001564193686,0.7108119576598139,0.015867229068368127,0.10123543698729605,0.04718493312020104,0.7013384832809649,0.6431716013642099,0.37667935503209954
fmA0_propertystate,FL,1,5775,5775,5775,16,1.0,412,18.0,1.0,3.68540528415344,0.6703324626264041,-0.001356730662790323,0,0.13305184111326696,0.045696329915357305,0.7457224791097816,0.9332216385683934,0.013874188005343076,0.13169511045047663,0.046145704808251295,0.736975343367956,0.8527363030720932,0.38458513812428957
fmA0_propertystate,FL,1,5775,5775,5775,16,1.0,412,18.0,1.0,10.313296560706853,0.8959062700794832,-0.01655294127189906,0,0.13747950444818582,0.04549244154717476,0.7628943071582444,1.0522255309528459,0.011062097442000828,0.12092656317628676,0.04650633734628542,0.7510839587821243,0.8685281152807337,0.3599562789668334
fmA0_propertystate,FL,2,5775,5775,11550,16,2.0,412,18.0,1.0,11.288563001253612,0.8211837901471233,-0.012846012967256085,0,0.12469365809432434,0.04599564102155761,0.7352499279647646,0.8773161237589067,0.02111723412294406,0.11184764512706825,0.046284979741879145,0.7295488536106806,0.9045207119379928,0.1888761705444509
fmA0_propertystate,FL,2,5775,5775,11550,16,2.0,412,18.0,1.0,6.494863934115483,0.6874031734481896,-0.003899477247209987,0,0.126796878957904,0.04604426294356964,0.736882726636572,0.87623864326206,0.0200949734383451,0.12289740171069402,0.04602424609385862,0.7460655040408337,1.0241587628447284,0.21542021057264638
fmA0_propertystate,FL,2,5775,5775,11550,16,2.0,412,18.0,1.0,21.75339141870635,0.9074557446469012,-0.0030790926934479157,0,0.10888637190048997,0.04674964156391142,0.7106001564193686,0.7108119576598139,0.015867229068368127,0.10580727920704205,0.04659851468664849,0.711447427999067,0.8054754954259705,0.20164585058964876
fmA0_propertystate,FL,2,5775,5775,11550,16,2.0,412,18.0,1.0,15.344495957427839,0.8585541383760671,-0.001310645424844381,0,0.13305184111326696,0.045696329915357305,0.7457224791097816,0.9332216385683934,0.013874188005343076,0.13174119568842257,0.04582462455730235,0.7465834716867222,1.0004010191789081,0.19834109842174602
fmA0_propertystate,FL,2,5775,5775,11550,16,2.0,412,18.0,1.0,9.074863216164786,0.7667409727743055,-0.01744101472682273,0,0.13747950444818582,0.04549244154717476,0.7628943071582444,1.0522255309528459,0.011062097442000828,0.12003848972136309,0.0460043043889679,0.7559411918058204,1.0990047242883068,0.19100754660447666
fmA0_propertystate,FL,1,5775,5775,5775,16,1.0,412,18.0,1.0,7.051806976096989,0.855293694284638,-0.0022384258737052215,0,0.12469365809432434,0.04599564102155761,0.7352499279647646,0.8773161237589067,0.02111723412294406,0.12245523222061912,0.0460649626808498,0.7351435902361383,0.8921147200931586,0.26589174273030103
fmA0_propertystate,FL,1,5775,5775,5775,16,1.0,412,18.0,1.0,6.335494100634108,0.8418790230860507,-0.008819174950457184,0,0.126796878957904,0.04604426294356964,0.736882726636572,0.87623864326206,0.0200949734383451,0.11797770400744682,0.04635393513379223,0.7348657400419862,0.8521484375657418,0.269293226830015
fmA0_propertystate,FL,1,5775,5775,5775,16,1.0,412,18.0,1.0,5.451371594325679,0.7990095198438443,-0.004466559937789799,0,0.10888637190048997,0.04674964156391142,0.7106001564193686,0.7108119576598139,0.015867229068368127,0.10441981196270017,0.04676598149947465,0.7094167204072391,0.729466442230262,0.2718821042570483
fmA0_propertystate,FL,1,5775,5775,5775,16,1.0,412,18.0,1.0,10.897439391614048,0.907762442219882,-0.004221688657817468,0,0.13305184111326696,0.045696329915357305,0.7457224791097816,0.9332216385683934,0.013874188005343076,0.1288301524554495,0.046053280403051844,0.738268547358022,0.8930926068002034,0.2608350771629329
fmA0_propertystate,FL,1,5775,5775,5775,16,1.0,412,18.0,1.0,7.063230633336541,0.8583384669844607,-0.008484036973015169,0,0.13747950444818582,0.04549244154717476,0.7628943071582444,1.0522255309528459,0.011062097442000828,0.12899546747517066,0.04591001073251482,0.7607435408405483,1.057456109132267,0.2504715848546255
fmA0_propertystate,HI,1,5775,5775,5775,16,1.0,421,18.4375,1.0,10.445185203870441,0.9028564447900391,0.001822032763459533,1,0.10070640633288104,0.04739414750021202,0.7038827734868603,0.9475616158110512,-0.008203457325730421,0.10252843909634057,0.04756360469648782,0.6990141025900922,0.8475449192655509,0.32508843655765385
fmA0_propertystate,HI,1,5775,5775,5775,16,1.0,421,18.4375,1.0,14.436859388330923,0.8825460721974381,-0.009176717946479479,0,0.11442626087796268,0.04710015878788911,0.6967537689121341,0.9406370915243341,0.005224504028132953,0.1052495429314832,0.047658867894395204,0.680623973727422,0.7378049152530517,0.451946393119762
fmA0_propertystate,HI,1,5775,5775,5775,16,1.0,421,18.4375,1.0,15.313312200978704,0.9342555645638884,-0.0070657520539267465,0,0.10086433048548012,0.04770165570620788,0.6600613567407947,0.6911812980206586,-0.04354924132484654,0.09379857843155337,0.047883304865571234,0.6438166866008501,0.570711220675458,0.317764717959947
fmA0_propertystate,HI,1,5775,5775,5775,16,1.0,421,18.4375,1.0,6.420567215403743,0.8442367524058809,-0.00560472043624341,0,0.12329034108923372,0.04672822976788942,0.7308209504888943,1.2232697884809087,-0.01863123122589307,0.1176856206529903,0.0472506216675865,0.72802678613662,1.0926872549396647,0.3885643348222552
fmA0_propertystate,HI,1,5775,5775,5775,16,1.0,421,18.4375,1.0,15.057670122715983,0.9319323101665455,-0.008869929224661843,0,0.1416365948675827,0.046607127411709214,0.7023015535148358,1.0922749956064943,0.020351039240170312,0.13276666564292086,0.047030542705544263,0.6999364809071067,0.9896704121816008,0.3886927345683767
fmA0_propertystate,HI,2,5775,5775,11550,16,2.0,421,18.4375,1.0,33.092949320225216,0.9391678289612588,0.0016854885454865715,1,0.10070640633288104,0.04739414750021202,0.7038827734868603,0.9475616158110512,-0.008203457325730421,0.10239189487836761,0.047776873922038554,0.695159034239494,0.8754688764872771,0.5464070121388044
fmA0_propertystate,HI,2,5775,5775,11550,16,2.0,421,18.4375,1.0,28.027844711000192,0.9270704063102666,-0.016163260910809427,0,0.11442626087796268,0.04710015878788911,0.6967537689121341,0.9406370915243341,0.005224504028132953,0.09826299996715325,0.04814108962480999,0.6707717569786535,0.7185352773511235,0.6966821054433383
fmA0_propertystate,HI,2,5775,5775,11550,16,2.0,421,18.4375,1.0,37.82650671613464,0.9467822613311083,-0.009040210589677702,0,0.10086433048548012,0.04770165570620788,0.6600613567407947,0.6911812980206586,-0.04354924132484654,0.09182411989580241,0.048143872430831756,0.6438200652760041,0.610033944426134,0.5788809368800707
fmA0_propertystate,HI,2,5775,5775,11550,16,2.0,421,18.4375,1.0,33.39311069580536,0.9385709171399513,-0.015469534193886789,0,0.12329034108923372,0.04672822976788942,0.7308209504888943,1.2232697884809087,-0.01863123122589307,0.10782080689534693,0.04794232916962501,0.7083730327663916,1.013973922282673,0.6828005041121897
fmA0_propertystate,HI,2,5775,5775,11550,16,2.0,421,18.4375,1.0,46.88018788111512,0.9572507448277258,-0.021521104987189066,0,0.1416365948675827,0.046607127411709214,0.7023015535148358,1.0922749956064943,0.020351039240170312,0.12011548988039364,0.04762560127670733,0.6972740848858346,0.9991125021109387,0.6085416292716322
fmA0_propertystate,HI,1,5775,5775,5775,16,1.0,421,18.4375,1.0,12.640375337954946,0.9206196273512054,0.001033835337855532,1,0.10070640633288104,0.04739414750021202,0.7038827734868603,0.9475616158110512,-0.008203457325730421,0.10174024167073657,0.04729428776359579,0.6979734706426916,0.9014982200703621,-0.006180744449351522
fmA0_propertystate,HI,1,5775,5775,5775,16,1.0,421,18.4375,1.0,12.71901056649597,0.91034130002145,-0.005594454064415055,0,0.11442626087796268,0.04710015878788911,0.6967537689121341,0.9406370915243341,0.005224504028132953,0.10883180681354762,0.047233141138334774,0.6943616669031739,0.8785843239045338,0.08005560567078522
fmA0_propertystate,HI,1,5775,5775,5775,16,1.0,421,18.4375,1.0,7.189603070445129,0.8112287774502724,-0.0015178733903975783,0,0.10086433048548012,0.04770165570620788,0.6600613567407947,0.6911812980206586,-0.04354924132484654,0.09934645709508254,0.04786130211209002,0.6490232250130079,0.6389723184043207,-0.04262228924757037
fmA0_propertystate,HI,1,5775,5775,5775,16,1.0,421,18.4375,1.0,13.038354693222907,0.9222813459609316,0.0011863383367196612,1,0.12329034108923372,0.04672822976788942,0.7308209504888943,1.2232697884809087,-0.01863123122589307,0.12447667942595338,0.04657157864400618,0.7437038388507098,1.18293448692058,0.02677193695820619
fmA0_propertystate,HI,1,5775,5775,5775,16,1.0,421,18.4375,1.0,18.164917209437178,0.9368421188709373,-0.010893296403818226,0,0.1416365948675827,0.046607127411709214,0.7023015535148358,1.0922749956064943,0.020351039240170312,0.13074329846376448,0.046856470353191695,0.6844080898997885,0.9297678809961019,0.05952670489175945
fmA0_propertystate,HI,4,5775,5775,23100,16,4.0,421,18.4375,1.0,96.96896432659884,0.9581598029317424,0.005822391220181369,1,0.10070640633288104,0.04739414750021202,0.7038827734868603,0.9475616158110512,-0.008203457325730421,0.10652879755306241,0.04756951433800153,0.6952637731692647,0.8086913836506794,0.44635132081774587
fmA0_propertystate,HI,4,5775,5775,23100,16,4.0,421,18.4375,1.0,101.95690437165244,0.9605954871571643,-0.012654342931159926,0,0.11442626087796268,0.04710015878788911,0.6967537689121341,0.9406370915243341,0.005224504028132953,0.10177191794680275,0.04777619597428683,0.6766405157209754,0.7284047508464844,0.48236308210395606
fmA0_propertystate,HI,4,5775,5775,23100,16,4.0,421,18.4375,1.0,90.54923858480464,0.9547267017786707,-0.005944634038835689,0,0.10086433048548012,0.04770165570620788,0.6600613567407947,0.6911812980206586,-0.04354924132484654,0.09491969644664443,0.04800083530066034,0.6565171265043551,0.606523671803337,0.4170088427337889
fmA0_propertystate,HI,4,5775,5775,23100,16,4.0,421,18.4375,1.0,111.50620245321912,0.9623315793002827,-0.011536593955655441,0,0.12329034108923372,0.04672822976788942,0.7308209504888943,1.2232697884809087,-0.01863123122589307,0.11175374713357827,0.04748417774635189,0.7166001067661348,0.9101001113958482,0.5031994130932066
fmA0_propertystate,HI,4,5775,5775,23100,16,4.0,421,18.4375,1.0,67.59965008896054,0.9405701110769911,-0.02345248148709557,0,0.1416365948675827,0.046607127411709214,0.7023015535148358,1.0922749956064943,0.020351039240170312,0.11818411338048714,0.04730206750737647,0.7017238000635191,0.9061767789374862,0.46689606280883045
fmA0_propertystate,HI,2,5775,5775,11550,16,2.0,421,18.4375,1.0,46.34797846096669,0.9349269809860984,0.002406607563972721,1,0.10070640633288104,0.04739414750021202,0.7038827734868603,0.9475616158110512,-0.008203457325730421,0.10311301389685376,0.04738481910413553,0.6972200260833721,0.8326228849435215,0.04117531190959496
fmA0_propertystate,HI,2,5775,5775,11550,16,2.0,421,18.4375,1.0,48.15619402133834,0.9563274345282962,-0.0059673743427744175,0,0.11442626087796268,0.04710015878788911,0.6967537689121341,0.9406370915243341,0.005224504028132953,0.10845888653518826,0.04732710778800233,0.6869116881888273,0.8147533095293242,0.08548689827841244
fmA0_propertystate,HI,2,5775,5775,11550,16,2.0,421,18.4375,1.0,28.167910957481418,0.9288278017905335,8.964000815962769e-05,1,0.10086433048548012,0.04770165570620788,0.6600613567407947,0.6911812980206586,-0.04354924132484654,0.10095397049363974,0.04791429308914567,0.6571050159811335,0.6345424550272543,-0.016956694760547415
fmA0_propertystate,HI,2,5775,5775,11550,16,2.0,421,18.4375,1.0,43.40295634933793,0.9537241953463018,0.001121647939492404,1,0.12329034108923372,0.04672822976788942,0.7308209504888943,1.2232697884809087,-0.01863123122589307,0.12441198902872612,0.046639939363380074,0.741196861886517,1.102450335546461,0.04270948265286965
fmA0_propertystate,HI,2,5775,5775,11550,16,2.0,421,18.4375,1.0,29.550013732154902,0.9314073202910527,-0.0076507164160034835,0,0.1416365948675827,0.046607127411709214,0.7023015535148358,1.0922749956064943,0.020351039240170312,0.13398587845157922,0.04677432804901983,0.6936757958469325,0.9510089276865205,0.036752651348965756
fmA0_propertystate,HI,1,5775,5775,5775,16,1.0,421,18.4375,1.0,30.11419381475773,0.9664344885396208,0.009159597534182218,1,0.10070640633288104,0.04739414750021202,0.7038827734868603,0.9475616158110512,-0.008203457325730421,0.10986600386706326,0.047521321009562,0.6957773317926574,0.8743406419569045,0.40378112913127506
fmA0_propertystate,HI,1,5775,5775,5775,16,1.0,421,18.4375,1.0,6.771038669410476,0.8431849231053781,-0.015322193435389292,0,0.11442626087796268,0.04710015878788911,0.6967537689121341,0.9406370915243341,0.005224504028132953,0.09910406744257338,0.04772745810631819,0.6688188827397001,0.762208706470112,0.3913057980641236
fmA0_propertystate,HI,1,5775,5775,5775,16,1.0,421,18.4375,1.0,26.32245960592232,0.9601934227473399,-0.015094068400626978,0,0.10086433048548012,0.04770165570620788,0.6600613567407947,0.6911812980206586,-0.04354924132484654,0.08577026208485314,0.048078576460969316,0.634048936730929,0.5564133477430088,0.3035009160462432
fmA0_propertystate,HI,1,5775,5775,5775,16,1.0,421,18.4375,1.0,25.6500197087188,0.9589857437602078,-0.017025832575805283,0,0.12329034108923372,0.04672822976788942,0.7308209504888943,1.2232697884809087,-0.01863123122589307,0.10626450851342843,0.04742729461336423,0.7169852757336792,0.9510037814150544,0.3994929695776512
fmA0_propertystate,HI,1,5775,5775,5775,16,1.0,421,18.4375,1.0,19.33021827324489,0.9452103972694107,-0.025509751012214796,0,0.1416365948675827,0.046607127411709214,0.7023015535148358,1.0922749956064943,0.020351039240170312,0.11612684385536791,0.047326802390215035,0.6795698270794056,0.851927693169262,0.3543076256444164
fmA0_propertystate,HI,2,5775,5775,11550,16,2.0,421,18.4375,1.0,31.390052471553464,0.935452151370975,0.011089702302781057,1,0.10070640633288104,0.04739414750021202,0.7038827734868603,0.9475616158110512,-0.008203457325730421,0.1117961086356621,0.04766715650295248,0.7011122598606634,0.8587705625019185,0.5480298768033484
fmA0_propertystate,HI,2,5775,5775,11550,16,2.0,421,18.4375,1.0,11.510971374620993,0.7872853545402825,-0.015158573242567447,0,0.11442626087796268,0.04710015878788911,0.6967537689121341,0.9406370915243341,0.005224504028132953,0.09926768763539523,0.04796859603752025,0.6784008054761567,0.8047437335656449,0.5829936352446319
fmA0_propertystate,HI,2,5775,5775,11550,16,2.0,421,18.4375,1.0,34.346357997863294,0.9386955427823782,-0.009076473889146716,0,0.10086433048548012,0.04770165570620788,0.6600613567407947,0.6911812980206586,-0.04354924132484654,0.0917878565963334,0.04808807052543906,0.6461885165588869,0.6087014086350689,0.5190139139630836
fmA0_propertystate,HI,2,5775,5775,11550,16,2.0,421,18.4375,1.0,47.35011905871652,0.9418029080218993,-0.017990713944511252,0,0.12329034108923372,0.04672822976788942,0.7308209504888943,1.2232697884809087,-0.01863123122589307,0.10529962714472246,0.04773748566027943,0.7227628102468461,0.9563268685613884,0.5749825796036214
fmA0_propertystate,HI,2,5775,5775,11550,16,2.0,421,18.4375,1.0,48.33978233031746,0.9549518574803313,-0.026379247933967287,0,0.1416365948675827,0.046607127411709214,0.7023015535148358,1.0922749956064943,0.020351039240170312,0.11525734693361542,0.04757919319211994,0.6940339354132458,0.8841770667524731,0.5719788345925074
fmA0_propertystate,HI,3,5775,5775,17325,16,3.0,421,18.4375,1.0,81.11614220615326,0.9628785754695635,0.003598070406230655,1,0.10070640633288104,0.04739414750021202,0.7038827734868603,0.9475616158110512,-0.008203457325730421,0.1043044767391117,0.04766184168695952,0.6911113814051235,0.7861681939573998,0.47660049180249847
fmA0_propertystate,HI,3,5775,5775,17325,16,3.0,421,18.4375,1.0,32.761241371589904,0.9082794630291544,-0.019580145357448286,0,0.11442626087796268,0.04710015878788911,0.6967537689121341,0.9406370915243341,0.005224504028132953,0.09484611552051439,0.04802542313510022,0.6645313439694027,0.6977463278730945,0.5354999149341275
fmA0_propertystate,HI,3,5775,5775,17325,16,3.0,421,18.4375,1.0,72.21372519938045,0.958449576678436,-0.014725759761720802,0,0.10086433048548012,0.04770165570620788,0.6600613567407947,0.6911812980206586,-0.04354924132484654,0.08613857072375931,0.04818242334386636,0.6329441099556044,0.5279817901045487,0.4512572474032128
fmA0_propertystate,HI,3,5775,5775,17325,16,3.0,421,18.4375,1.0,72.20765895621773,0.958444619356662,-0.02163645712934424,0,0.12329034108923372,0.04672822976788942,0.7308209504888943,1.2232697884809087,-0.01863123122589307,0.10165388395988947,0.04788962795812077,0.7066701804888268,0.8223351610238442,0.590001643042394
fmA0_propertystate,HI,3,5775,5775,17325,16,3.0,421,18.4375,1.0,83.93464439927288,0.9639451340230287,-0.028867738396859688,0,0.1416365948675827,0.046607127411709214,0.7023015535148358,1.0922749956064943,0.020351039240170312,0.11276885647072302,0.04758435122528517,0.6719306425564409,0.8074630052451688,0.500575918871308
fmA0_propertystate,HI,1,5775,5775,5775,16,1.0,421,18.4375,1.0,12.038497701081507,0.9057604995250306,-0.0010020765817994187,0,0.10070640633288104,0.04739414750021202,0.7038827734868603,0.9475616158110512,-0.008203457325730421,0.09970432975108162,0.047790989410805715,0.6937399906748566,0.7802438611518628,0.4998683576127735
fmA0_propertystate,HI,1,5775,5775,5775,16,1.0,421,18.4375,1.0,6.703462942077383,0.8336736072367295,-0.0019881795277415376,0,0.11442626087796268,0.04710015878788911,0.6967537689121341,0.9406370915243341,0.005224504028132953,0.11243808135022114,0.04758684716896367,0.6906383668835776,0.803688724068039,0.5016554710652248
fmA0_propertystate,HI,1,5775,5775,5775,16,1.0,421,18.4375,1.0,21.608537733220206,0.8993289165264335,0.0012035406694575757,1,0.10086433048548012,0.04770165570620788,0.6600613567407947,0.6911812980206586,-0.04354924132484654,0.10206787115493769,0.047685482104443705,0.6623960212721387,0.6974108443956474,0.4116897359597227
fmA0_propertystate,HI,1,5775,5775,5775,16,1.0,421,18.4375,1.0,8.690278804959421,0.8778882623360142,-0.011919115648890324,0,0.12329034108923372,0.04672822976788942,0.7308209504888943,1.2232697884809087,-0.01863123122589307,0.11137122544034339,0.04743401205707913,0.7311520606539763,1.0327967821509167,0.46920049177319706
fmA0_propertystate,HI,1,5775,5775,5775,16,1.0,421,18.4375,1.0,10.627192298593348,0.905055355253481,-0.009492312180281764,0,0.1416365948675827,0.046607127411709214,0.7023015535148358,1.0922749956064943,0.020351039240170312,0.13214428268730094,0.04723590110820227,0.6943785602789434,0.9069286740548549,0.4873806593417672
fmA0_propertystate,HI,2,5775,5775,11550,16,2.0,421,18.4375,1.0,100.08891608556658,0.9798683692023291,0.008585834494093558,1,0.10070640633288104,0.04739414750021202,0.7038827734868603,0.9475616158110512,-0.008203457325730421,0.1092922408269746,0.04750068276086982,0.6983383675593127,0.7471248540048239,0.38315051677194034
fmA0_propertystate,HI,2,5775,5775,11550,16,2.0,421,18.4375,1.0,66.66990170393343,0.9638867560570138,-0.011406296733377397,0,0.11442626087796268,0.04710015878788911,0.6967537689121341,0.9406370915243341,0.005224504028132953,0.10301996414458528,0.04772030871978216,0.6793975146465568,0.7004423441266822,0.4516779696544744
fmA0_propertystate,HI,2,5775,5775,11550,16,2.0,421,18.4375,1.0,79.49846410538188,0.9747180385950085,-0.005366219222785726,0,0.10086433048548012,0.04770165570620788,0.6600613567407947,0.6911812980206586,-0.04354924132484654,0.09549811126269439,0.04806042044164101,0.6533682012609215,0.5319200411614594,0.32677444546684364
fmA0_propertystate,HI,2,5775,5775,11550,16,2.0,421,18.4375,1.0,110.64728251361763,0.9816505463202274,-0.01370388901482901,0,0.12329034108923372,0.04672822976788942,0.7308209504888943,1.2232697884809087,-0.01863123122589307,0.1095864520744047,0.04755270296918435,0.7082716725117747,0.7523279571383857,0.5030008382102241
fmA0_propertystate,HI,2,5775,5775,11550,16,2.0,421,18.4375,1.0,96.96122314794695,0.979225733608984,-0.026783815194511992,0,0.1416365948675827,0.046607127411709214,0.7023015535148358,1.0922749956064943,0.020351039240170312,0.11485277967307071,0.04730421885555481,0.7026563144059951,0.8229517942953374,0.4685976907140607
fmA0_propertystate,HI,4,5775,5775,23100,16,4.0,421,18.4375,1.0,37.31375672593887,0.8927870187659556,0.0022714954882418065,1,0.10070640633288104,0.04739414750021202,0.7038827734868603,0.9475616158110512,-0.008203457325730421,0.10297790182112285,0.04760427736776687,0.6979734706426917,0.7808005361433227,0.40286578310476456
fmA0_propertystate,HI,4,5775,5775,23100,16,4.0,421,18.4375,1.0,58.164700372452174,0.9312125151593278,-0.00978870927126023,0,0.11442626087796268,0.04710015878788911,0.6967537689121341,0.9406370915243341,0.005224504028132953,0.10463755160670245,0.047794199002260784,0.6762485894031232,0.733964269389271,0.5102024378331863
fmA0_propertystate,HI,4,5775,5775,23100,16,4.0,421,18.4375,1.0,54.22359259599931,0.9258895183539873,-0.006697173724241015,0,0.10086433048548012,0.04770165570620788,0.6600613567407947,0.6911812980206586,-0.04354924132484654,0.0941671567612391,0.04789907942292893,0.6586152837749262,0.6146852725754179,0.3791333750573929
fmA0_propertystate,HI,4,5775,5775,23100,16,4.0,421,18.4375,1.0,53.10723581169272,0.9193203520187077,-0.007699564283023888,0,0.12329034108923372,0.04672822976788942,0.7308209504888943,1.2232697884809087,-0.01863123122589307,0.11559077680620983,0.0473831567914693,0.7289964659057889,0.9675369006658754,0.4749992572001563
fmA0_propertystate,HI,4,5775,5775,23100,16,4.0,421,18.4375,1.0,66.82184576462099,0.9381299109470214,-0.014591670153070002,0,0.1416365948675827,0.046607127411709214,0.7023015535148358,1.0922749956064943,0.020351039240170312,0.1270449247145127,0.04718771732764541,0.7067681620682897,0.9387833919694555,0.48119688580139736
fmA0_propertystate,HI,2,5775,5775,11550,16,2.0,421,18.4375,1.0,24.24634872556277,0.9175128668401951,0.007069435735846466,1,0.10070640633288104,0.04739414750021202,0.7038827734868603,0.9475616158110512,-0.008203457325730421,0.1077758420687275,0.04724417988905162,0.6987438085777804,0.8688534970897157,0.11855707542104858
fmA0_propertystate,HI,2,5775,5775,11550,16,2.0,421,18.4375,1.0,27.708515296620586,0.9270962325877019,-0.0030626379973020673,0,0.11442626087796268,0.04710015878788911,0.6967537689121341,0.9406370915243341,0.005224504028132953,0.11136362288066061,0.04721449344637712,0.6899254664261051,0.8724172071121368,0.1586293270259042
fmA0_propertystate,HI,2,5775,5775,11550,16,2.0,421,18.4375,1.0,21.305666190053074,0.9010776500758468,-0.005632409010591491,0,0.10086433048548012,0.04770165570620788,0.6600613567407947,0.6911812980206586,-0.04354924132484654,0.09523192147488863,0.04781100976514537,0.6543243663294748,0.6540276141921794,0.03234450107335511
fmA0_propertystate,HI,2,5775,5775,11550,16,2.0,421,18.4375,1.0,35.70167504281079,0.9421627121101455,0.00037423408626664767,1,0.12329034108923372,0.04672822976788942,0.7308209504888943,1.2232697884809087,-0.01863123122589307,0.12366457517550036,0.04675106203380141,0.7386729915465546,1.1374594010486734,0.12268842465183176
fmA0_propertystate,HI,2,5775,5775,11550,16,2.0,421,18.4375,1.0,55.308624506802815,0.9636704084783523,-0.016180898460063542,0,0.1416365948675827,0.046607127411709214,0.7023015535148358,1.0922749956064943,0.020351039240170312,0.12545569640751916,0.046860636191081516,0.6980782095724624,0.9783452421965947,0.13351040285394222
fmA0_propertystate,KS,4,5775,5775,23100,16,4.0,204,8.9375,1.0,68.93857001252356,0.9347694363736745,-0.004250217095736697,0,0.09894585665166135,0.023335147158372184,0.7531747864234588,0.9311872812468123,0.0007950575630469267,0.09469563955592465,0.023278349722737478,0.7687057736971491,1.023923243886906,-0.10936917094851473
fmA0_propertystate,KS,4,5775,5775,23100,16,4.0,204,8.9375,1.0,96.46445056367605,0.955838231163502,0.018549764495364288,1,0.10435439916583714,0.023198333834071695,0.7816561859100603,1.137318331900415,-0.005918815641817122,0.12290416366120142,0.022967928959051427,0.8066809730126177,1.2563154420755371,-0.07674554716932659
fmA0_propertystate,KS,4,5775,5775,23100,16,4.0,204,8.9375,1.0,36.64054551682277,0.8907238498854432,0.011646539871132455,1,0.09942977408591418,0.023293613335323964,0.7594224944653456,0.9641112545819038,0.03438204876732447,0.11107631395704663,0.0232076269675212,0.7750689285180707,1.0229259383231797,-0.04864263975170234
fmA0_propertystate,KS,4,5775,5775,23100,16,4.0,204,8.9375,1.0,96.27272978216958,0.9509918631750727,-0.0036137090247656822,0,0.07476533140881989,0.023682017727365497,0.7390019965501786,0.8122617563161882,0.0014990645289355718,0.0711516223840542,0.02368529074900364,0.7514091298029256,0.8824902363027434,-0.07200500209863861
fmA0_propertystate,KS,4,5775,5775,23100,16,4.0,204,8.9375,1.0,83.63342582905673,0.9481919069754406,0.001488448783389787,1,0.09189412974084982,0.023386398062248456,0.7448694093199506,0.8461006689201461,-0.024255515029213526,0.0933825785242396,0.023314775463132032,0.7461936517853505,0.8982578559715378,-0.11422250574460345
fmA0_propertystate,KS,2,5775,5775,11550,16,2.0,204,8.9375,1.0,23.010253332070583,0.9125934974760816,-0.00042752104108037536,0,0.09894585665166135,0.023335147158372184,0.7531747864234588,0.9311872812468123,0.0007950575630469267,0.09851833561058097,0.023240220424377397,0.7643934969508468,0.9353803020363772,-0.09162496499707731
fmA0_propertystate,KS,2,5775,5775,11550,16,2.0,204,8.9375,1.0,11.530305960735838,0.8259048250006735,0.018806490362414288,1,0.10435439916583714,0.023198333834071695,0.7816561859100603,1.137318331900415,-0.005918815641817122,0.12316088952825142,0.02298998577614641,0.7942398848248605,1.1450089358780453,-0.06960145534255512
fmA0_propertystate,KS,2,5775,5775,11550,16,2.0,204,8.9375,1.0,13.431424619385043,0.8488291762310172,0.009221428604691398,1,0.09942977408591418,0.023293613335323964,0.7594224944653456,0.9641112545819038,0.03438204876732447,0.10865120269060558,0.023213066934656787,0.7663221372594293,0.9457403971706789,-0.04766472383894974
fmA0_propertystate,KS,2,5775,5775,11550,16,2.0,204,8.9375,1.0,13.422091494219469,0.8481737330848615,-0.0036898474742595444,0,0.07476533140881989,0.023682017727365497,0.7390019965501786,0.8122617563161882,0.0014990645289355718,0.07107548393456034,0.023842915749745567,0.745731864669211,0.7712616894302485,-0.08734764758456498
fmA0_propertystate,KS,2,5775,5775,11550,16,2.0,204,8.9375,1.0,23.20208653194569,0.911646228660441,-0.00022487199099222033,0,0.09189412974084982,0.023386398062248456,0.7448694093199506,0.8461006689201461,-0.024255515029213526,0.0916692577498576,0.023377989682185605,0.7456979097342008,0.838279531708323,-0.11977513151065919
fmA0_propertystate,KS,4,5775,5775,23100,16,4.0,204,8.9375,1.0,74.79142529208629,0.9453429736908372,0.0011051694750898455,1,0.09894585665166135,0.023335147158372184,0.7531747864234588,0.9311872812468123,0.0007950575630469267,0.1000510261267512,0.023232251080998505,0.7613511347739281,1.013829304441298,-0.06041274933574222
fmA0_propertystate,KS,4,5775,5775,23100,16,4.0,204,8.9375,1.0,59.315835052279695,0.9209594413490534,0.019805739355952798,1,0.10435439916583714,0.023198333834071695,0.7816561859100603,1.137318331900415,-0.005918815641817122,0.12416013852178993,0.022972375830130384,0.8012617653849811,1.2620357200187697,-0.06330463617122194
fmA0_propertystate,KS,4,5775,5775,23100,16,4.0,204,8.9375,1.0,70.66431582495085,0.9433100713548654,0.013887382934828274,1,0.09942977408591418,0.023293613335323964,0.7594224944653456,0.9641112545819038,0.03438204876732447,0.11331715702074245,0.023189853122669146,0.7675173509717902,1.0457693549321403,-0.033748954827211415
fmA0_propertystate,KS,4,5775,5775,23100,16,4.0,204,8.9375,1.0,70.51382756116637,0.942742606841886,-0.003197193857613634,0,0.07476533140881989,0.023682017727365497,0.7390019965501786,0.8122617563161882,0.0014990645289355718,0.07156813755120625,0.023668184716041867,0.7541119426297419,0.9224782913090893,-0.0563745332586149
fmA0_propertystate,KS,4,5775,5775,23100,16,4.0,204,8.9375,1.0,61.73622327182976,0.9282581087130372,0.01024956284296158,1,0.09189412974084982,0.023386398062248456,0.7448694093199506,0.8461006689201461,-0.024255515029213526,0.1021436925838114,0.02324987836943104,0.749324296793296,0.9878625817315715,-0.06516532164409994
fmA0_propertystate,KS,4,5775,5775,23100,16,4.0,204,8.9375,1.0,43.90540719974424,0.9072689089844708,-0.002069602405462584,0,0.09894585665166135,0.023335147158372184,0.7531747864234588,0.9311872812468123,0.0007950575630469267,0.09687625424619876,0.02326435017786124,0.7584174283890421,0.9956511328728369,-0.12066203805348123
fmA0_propertystate,KS,4,5775,5775,23100,16,4.0,204,8.9375,1.0,60.656374419937464,0.9279763345317984,0.01991323577996837,1,0.10435439916583714,0.023198333834071695,0.7816561859100603,1.137318331900415,-0.005918815641817122,0.1242676349458055,0.02295915883936288,0.8029255572004836,1.2609234104310072,-0.10982126952230448
fmA0_propertystate,KS,4,5775,5775,23100,16,4.0,204,8.9375,1.0,60.522132419377904,0.9336870535233663,0.008017741470190784,1,0.09942977408591418,0.023293613335323964,0.7594224944653456,0.9641112545819038,0.03438204876732447,0.10744751555610496,0.02319735616199703,0.768678609749141,1.017343606482807,-0.09305797633161413
fmA0_propertystate,KS,4,5775,5775,23100,16,4.0,204,8.9375,1.0,72.42963395761026,0.9426793761847401,-0.006637213570844597,0,0.07476533140881989,0.023682017727365497,0.7390019965501786,0.8122617563161882,0.0014990645289355718,0.06812811783797529,0.023728926385886442,0.7499354856234804,0.9020117239280703,-0.1165415114725535
fmA0_propertystate,KS,4,5775,5775,23100,16,4.0,204,8.9375,1.0,60.10187587671217,0.9334456829200144,0.0008290742358109948,1,0.09189412974084982,0.023386398062248456,0.7448694093199506,0.8461006689201461,-0.024255515029213526,0.09272320397666081,0.023364226491404336,0.7408898909367487,0.9175332972729493,-0.13716953431094212
fmA0_propertystate,KS,4,5775,5775,23100,16,4.0,204,8.9375,1.0,35.21797347026972,0.8862667266631623,0.0017962485158194152,1,0.09894585665166135,0.023335147158372184,0.7531747864234588,0.9311872812468123,0.0007950575630469267,0.10074210516748076,0.023232952619253927,0.7672932484007225,1.042360349104039,-0.20479495377458393
fmA0_propertystate,KS,4,5775,5775,23100,16,4.0,204,8.9375,1.0,26.023850162149756,0.8460601625577857,0.0164762349703146,1,0.10435439916583714,0.023198333834071695,0.7816561859100603,1.137318331900415,-0.005918815641817122,0.12083063413615173,0.02291980281797408,0.8016013147350836,1.2507879448916976,-0.2028228881886267
fmA0_propertystate,KS,4,5775,5775,23100,16,4.0,204,8.9375,1.0,48.447287822983995,0.9169128771984906,0.009226471318128635,1,0.09942977408591418,0.023293613335323964,0.7594224944653456,0.9641112545819038,0.03438204876732447,0.10865624540404281,0.023228630508428553,0.7696836758254444,1.0431206088118474,-0.170066773786355
fmA0_propertystate,KS,4,5775,5775,23100,16,4.0,204,8.9375,1.0,50.62212124538708,0.9205112141586028,-0.0023801292289956505,0,0.07476533140881989,0.023682017727365497,0.7390019965501786,0.8122617563161882,0.0014990645289355718,0.07238520217982423,0.023709222848397035,0.7581933258179744,0.9423697415548886,-0.20688704512296935
fmA0_propertystate,KS,4,5775,5775,23100,16,4.0,204,8.9375,1.0,40.49506033832431,0.8994236026906379,0.007719510618593939,1,0.09189412974084982,0.023386398062248456,0.7448694093199506,0.8461006689201461,-0.024255515029213526,0.09961364035944376,0.023354959208209684,0.7487131079631113,0.9699123030976619,-0.2391442307132569
fmA0_propertystate,KS,4,5775,5775,23100,16,4.0,204,8.9375,1.0,110.13312322407064,0.963680316590445,-0.009062844274929815,0,0.09894585665166135,0.023335147158372184,0.7531747864234588,0.9311872812468123,0.0007950575630469267,0.08988301237673153,0.02328111071597967,0.7660708707403534,1.0193272707132979,0.009772276794564529
fmA0_propertystate,KS,4,5775,5775,23100,16,4.0,204,8.9375,1.0,105.30108866443248,0.9404986282019286,0.024892849338505607,1,0.10435439916583714,0.023198333834071695,0.7816561859100603,1.137318331900415,-0.005918815641817122,0.12924724850434274,0.022928708880090434,0.8089152077362923,1.31103461837283,0.056589860621764264
fmA0_propertystate,KS,4,5775,5775,23100,16,4.0,204,8.9375,1.0,103.96943363414785,0.9606390341113945,0.006602808049824174,1,0.09942977408591418,0.023293613335323964,0.7594224944653456,0.9641112545819038,0.03438204876732447,0.10603258213573835,0.023200904569856545,0.7735545384166135,1.0271304672938992,0.10012914555175069
fmA0_propertystate,KS,4,5775,5775,23100,16,4.0,204,8.9375,1.0,94.36885097675204,0.9488571931022131,-0.004704270335846458,0,0.07476533140881989,0.023682017727365497,0.7390019965501786,0.8122617563161882,0.0014990645289355718,0.07006106107297343,0.023658760270278346,0.7524413598272373,0.9209695725439168,0.05075781480067778
fmA0_propertystate,KS,4,5775,5775,23100,16,4.0,204,8.9375,1.0,53.25921578728388,0.9238487578111595,0.0018824553514020653,1,0.09189412974084982,0.023386398062248456,0.7448694093199506,0.8461006689201461,-0.024255515029213526,0.09377658509225188,0.02330768914245777,0.7472258818096621,0.9256443832936821,0.032603795257003
fmA0_propertystate,KS,4,5775,5775,23100,16,4.0,204,8.9375,1.0,46.01235719395491,0.9129561192381705,-0.0014991962434730555,0,0.09894585665166135,0.023335147158372184,0.7531747864234588,0.9311872812468123,0.0007950575630469267,0.0974466604081883,0.023233374340807997,0.7656973664552406,0.9730574833318527,0.03845085473840914
fmA0_propertystate,KS,4,5775,5775,23100,16,4.0,204,8.9375,1.0,23.41074629540371,0.8284640704941348,0.020406518722894118,1,0.10435439916583714,0.023198333834071695,0.7816561859100603,1.137318331900415,-0.005918815641817122,0.12476091788873125,0.023010110551058522,0.7975538864818612,1.2067827503589836,0.08414762335857412
fmA0_propertystate,KS,4,5775,5775,23100,16,4.0,204,8.9375,1.0,36.85853812489535,0.8911268838966409,0.013474809419828995,1,0.09942977408591418,0.023293613335323964,0.7594224944653456,0.9641112545819038,0.03438204876732447,0.11290458350574317,0.023199266694994496,0.7710011273038424,1.0171993202530352,0.10841794111743652
fmA0_propertystate,KS,4,5775,5775,23100,16,4.0,204,8.9375,1.0,32.31077313572993,0.8620198903046771,-0.004795589877085726,0,0.07476533140881989,0.023682017727365497,0.7390019965501786,0.8122617563161882,0.0014990645289355718,0.06996974153173416,0.023635685133607094,0.7578401944938677,0.9165171668241799,0.06840189824694266
fmA0_propertystate,KS,4,5775,5775,23100,16,4.0,204,8.9375,1.0,41.84474756643306,0.9023338435569113,0.0031750451970502247,1,0.09189412974084982,0.023386398062248456,0.7448694093199506,0.8461006689201461,-0.024255515029213526,0.09506917493790004,0.02329235340771486,0.7484346774960273,0.9204860637342672,0.047291303046439206
fmA0_propertystate,KS,3,5775,5775,17325,16,3.0,204,8.9375,1.0,97.0986180802237,0.959407434662306,-0.003367819061577404,0,0.09894585665166135,0.023335147158372184,0.7531747864234588,0.9311872812468123,0.0007950575630469267,0.09557803759008394,0.023271200195406443,0.7713814225759572,1.1559772999038807,-0.17091375432649034
fmA0_propertystate,KS,3,5775,5775,17325,16,3.0,204,8.9375,1.0,122.35839660956975,0.9021062419813362,0.013810285067338654,1,0.10435439916583714,0.023198333834071695,0.7816561859100603,1.137318331900415,-0.005918815641817122,0.11816468423317579,0.022963340374882475,0.8090374455023294,1.3786551514318925,-0.14877672221984398
fmA0_propertystate,KS,3,5775,5775,17325,16,3.0,204,8.9375,1.0,100.722117281203,0.9476566779930392,0.009034138449980758,1,0.09942977408591418,0.023293613335323964,0.7594224944653456,0.9641112545819038,0.03438204876732447,0.10846391253589494,0.0232209859006722,0.7725494723403099,1.1061905946794546,-0.09683811079723549
fmA0_propertystate,KS,3,5775,5775,17325,16,3.0,204,8.9375,1.0,111.7755001021797,0.9543614658721891,-0.005236847608336426,0,0.07476533140881989,0.023682017727365497,0.7390019965501786,0.8122617563161882,0.0014990645289355718,0.06952848380048346,0.0236971867436275,0.7477284148478139,0.9700474863537866,-0.15154013214962161
fmA0_propertystate,KS,3,5775,5775,17325,16,3.0,204,8.9375,1.0,101.23685485850693,0.9590357488953545,0.0011300529987423036,1,0.09189412974084982,0.023386398062248456,0.7448694093199506,0.8461006689201461,-0.024255515029213526,0.09302418273959212,0.023328554664851453,0.7447200076059054,0.994775797340437,-0.12996001572112395
fmA0_propertystate,KS,3,5775,5775,17325,16,3.0,204,8.9375,1.0,29.704284517123774,0.8989240801600453,0.00223678681418589,1,0.09894585665166135,0.023335147158372184,0.7531747864234588,0.9311872812468123,0.0007950575630469267,0.10118264346584724,0.023232949929694435,0.7671370556996754,1.1060458770370456,-0.24590637041292082
fmA0_propertystate,KS,3,5775,5775,17325,16,3.0,204,8.9375,1.0,57.10936966619681,0.9386711308867401,0.020385486309484058,1,0.10435439916583714,0.023198333834071695,0.7816561859100603,1.137318331900415,-0.005918815641817122,0.1247398854753212,0.02299294350647742,0.8005079658277534,1.3609664529360064,-0.2598179876123454
fmA0_propertystate,KS,3,5775,5775,17325,16,3.0,204,8.9375,1.0,31.994973689660576,0.9062205429341765,0.007077582495106899,1,0.09942977408591418,0.023293613335323964,0.7594224944653456,0.9641112545819038,0.03438204876732447,0.10650735658102108,0.02327611623744669,0.7667567604275606,1.0821161215463135,-0.20175922658296064
fmA0_propertystate,KS,3,5775,5775,17325,16,3.0,204,8.9375,1.0,62.700451377579604,0.9510672391653299,0.0016879466887800981,1,0.07476533140881989,0.023682017727365497,0.7390019965501786,0.8122617563161882,0.0014990645289355718,0.07645327809759998,0.02367609394660876,0.7484278865090253,0.9391891315733291,-0.24424418238329743
fmA0_propertystate,KS,3,5775,5775,17325,16,3.0,204,8.9375,1.0,50.670318676400605,0.9406253487818079,0.010053963750615472,1,0.09189412974084982,0.023386398062248456,0.7448694093199506,0.8461006689201461,-0.024255515029213526,0.10194809349146529,0.023328177754726356,0.7447811264889238,1.000822620024109,-0.257667983014279
fmA0_propertystate,KS,3,5775,5775,17325,16,3.0,204,8.9375,1.0,28.23139395008849,0.8840184461485519,-0.0016318347559895335,0,0.09894585665166135,0.023335147158372184,0.7531747864234588,0.9311872812468123,0.0007950575630469267,0.09731402189567182,0.02324139717669184,0.7646243905089165,1.0291077014275563,0.08181411080587703
fmA0_propertystate,KS,3,5775,5775,17325,16,3.0,204,8.9375,1.0,28.338758478699987,0.8920776356084801,0.02866088715884088,1,0.10435439916583714,0.023198333834071695,0.7816561859100603,1.137318331900415,-0.005918815641817122,0.13301528632467802,0.022977213391712468,0.802049519877219,1.2494511666541057,0.09722839624978555
fmA0_propertystate,KS,3,5775,5775,17325,16,3.0,204,8.9375,1.0,36.97796923314718,0.9188518178057403,0.011001364062965646,1,0.09942977408591418,0.023293613335323964,0.7594224944653456,0.9641112545819038,0.03438204876732447,0.11043113814887982,0.02321840995751909,0.7699892702405368,1.0465149203818336,0.11106526539956256
fmA0_propertystate,KS,3,5775,5775,17325,16,3.0,204,8.9375,1.0,38.999841429546244,0.9192290145411505,0.0007894330888995882,1,0.07476533140881989,0.023682017727365497,0.7390019965501786,0.8122617563161882,0.0014990645289355718,0.07555476449771947,0.023567280688618138,0.7641829763537833,0.9758837817187042,0.10476582025023476
fmA0_propertystate,KS,3,5775,5775,17325,16,3.0,204,8.9375,1.0,14.668094045403533,0.7895942708180959,0.004705989083687662,1,0.09189412974084982,0.023386398062248456,0.7448694093199506,0.8461006689201461,-0.024255515029213526,0.09660011882453748,0.02327957966736569,0.7559726730683038,0.980947949190441,0.0719589486547606
fmA0_propertystate,KS,2,5775,5775,11550,16,2.0,204,8.9375,1.0,41.28707593699653,0.9502195235549302,-0.0038890331250004267,0,0.09894585665166135,0.023335147158372184,0.7531747864234588,0.9311872812468123,0.0007950575630469267,0.09505682352666092,0.023304964315892594,0.7641422304317709,0.9090586152480483,-0.032896390460144594
fmA0_propertystate,KS,2,5775,5775,11550,16,2.0,204,8.9375,1.0,40.54036302908426,0.941017560829643,0.019755751402383295,1,0.10435439916583714,0.023198333834071695,0.7816561859100603,1.137318331900415,-0.005918815641817122,0.12411015056822043,0.022882841309633948,0.8089355806972985,1.1971005887943353,-0.011112140574686354
fmA0_propertystate,KS,2,5775,5775,11550,16,2.0,204,8.9375,1.0,36.474048852443275,0.9451664483924775,0.007662586094649329,1,0.09942977408591418,0.023293613335323964,0.7594224944653456,0.9641112545819038,0.03438204876732447,0.1070923601805635,0.02320118336836053,0.7726038002363264,0.926193292882568,0.03290641279105369
fmA0_propertystate,KS,2,5775,5775,11550,16,2.0,204,8.9375,1.0,43.52066980509322,0.9530920305784321,0.0021914624575131297,1,0.07476533140881989,0.023682017727365497,0.7390019965501786,0.8122617563161882,0.0014990645289355718,0.07695679386633301,0.023741694927580256,0.7483803496000109,0.797703709711883,-0.016301153038667235
fmA0_propertystate,KS,2,5775,5775,11550,16,2.0,204,8.9375,1.0,73.340949803005,0.9710390272905338,0.0014366402816387291,1,0.09189412974084982,0.023386398062248456,0.7448694093199506,0.8461006689201461,-0.024255515029213526,0.09333077002248855,0.023348423055119437,0.7493989976503185,0.842440712358903,-0.04381362022566727
fmA0_propertystate,KS,3,5775,5775,17325,16,3.0,204,8.9375,1.0,19.66266260168723,0.8471263430035902,0.0012068279225091044,1,0.09894585665166135,0.023335147158372184,0.7531747864234588,0.9311872812468123,0.0007950575630469267,0.10015268457417045,0.02327356348565014,0.7668654162195934,1.0997178908883787,-0.210135186358795
fmA0_propertystate,KS,3,5775,5775,17325,16,3.0,204,8.9375,1.0,16.924024761663482,0.8227168410019151,0.022930058287350508,1,0.10435439916583714,0.023198333834071695,0.7816561859100603,1.137318331900415,-0.005918815641817122,0.12728445745318764,0.022976783778533186,0.803652192809703,1.3683088474249074,-0.21394120436925293
fmA0_propertystate,KS,3,5775,5775,17325,16,3.0,204,8.9375,1.0,31.26150365464824,0.9029136697938356,0.003322889400092191,1,0.09942977408591418,0.023293613335323964,0.7594224944653456,0.9641112545819038,0.03438204876732447,0.10275266348600637,0.02325211275745543,0.7729908864954433,1.1457487191246702,-0.16472748198410997
fmA0_propertystate,KS,3,5775,5775,17325,16,3.0,204,8.9375,1.0,15.273944520699763,0.7946003587216048,-0.0028038139845289883,0,0.07476533140881989,0.023682017727365497,0.7390019965501786,0.8122617563161882,0.0014990645289355718,0.0719615174242909,0.023665785992442595,0.7560881198473386,0.9867958239353332,-0.2119785165065889
fmA0_propertystate,KS,3,5775,5775,17325,16,3.0,204,8.9375,1.0,16.39523447719387,0.6695261195660351,-0.001549551702707902,0,0.09189412974084982,0.023386398062248456,0.7448694093199506,0.8461006689201461,-0.024255515029213526,0.09034457803814192,0.023379790145042902,0.7475722221467668,0.9970991444595037,-0.24441270547311553
fmA0_propertystate,MA,4,5775,5775,23100,16,4.0,202,8.8125,1.0,76.57054131991453,0.9452289140215133,0.0008391069242642407,1,0.0619086436611771,0.02378160240327888,0.7009724693386937,0.6712297340674861,0.07840249021062505,0.06274775058544134,0.02372451811189337,0.7097124696103332,0.7843644257300451,-0.005127988499336446
fmA0_propertystate,MA,4,5775,5775,23100,16,4.0,202,8.8125,1.0,49.81062352596758,0.9195245607291502,-0.0010932075090546445,0,0.11828375092210794,0.023248390184685566,0.7200551428144566,0.8608614225587415,0.009197261110047168,0.1171905434130533,0.023197010516520657,0.742397490051204,1.0477286447050806,-0.11530257932218262
fmA0_propertystate,MA,4,5775,5775,23100,16,4.0,202,8.8125,1.0,68.3019623798468,0.9334342304731711,0.002734365639213865,1,0.06617706913924239,0.02361083499543238,0.769629347929428,0.9778117350874277,-0.013027405724980552,0.06891143477845625,0.02358512189599262,0.7782063645130183,1.026627620129906,-0.08531229097318385
fmA0_propertystate,MA,4,5775,5775,23100,16,4.0,202,8.8125,1.0,76.99718181999644,0.9412042823931992,0.0072007719964004985,1,0.09079978752214195,0.023391599907992364,0.736373884580385,0.923810941307694,0.03115908978814464,0.09800055951854245,0.02330776126634474,0.7468591685115515,1.0476352002519802,-0.0256872367484923
fmA0_propertystate,MA,4,5775,5775,23100,16,4.0,202,8.8125,1.0,45.614107985630646,0.91058329757583,0.0015214983954937034,1,0.06968214560917707,0.023595557179689582,0.7324622760672036,0.8136947914245739,0.038248952701333654,0.07120364400467077,0.02359096683912814,0.7379561845518627,0.9141195898608777,-0.061045894234539835
fmA0_propertystate,MA,4,5775,5775,23100,16,4.0,202,8.8125,1.0,46.06716432125277,0.9130251406377172,0.0004824909440408476,1,0.0619086436611771,0.02378160240327888,0.7009724693386937,0.6712297340674861,0.07840249021062505,0.062391134605217946,0.023716603686399246,0.7176375514417266,0.873223370404513,-0.0994034566557051
fmA0_propertystate,MA,4,5775,5775,23100,16,4.0,202,8.8125,1.0,34.95034190173721,0.8618296144773026,-0.005398641669611168,0,0.11828375092210794,0.023248390184685566,0.7200551428144566,0.8608614225587415,0.009197261110047168,0.11288510925249677,0.0231942048150401,0.7449237372159669,1.0884632277991546,-0.0980809863766155
fmA0_propertystate,MA,4,5775,5775,23100,16,4.0,202,8.8125,1.0,69.79377253684098,0.9408277175093787,-0.001821953244701538,0,0.06617706913924239,0.02361083499543238,0.769629347929428,0.9778117350874277,-0.013027405724980552,0.06435511589454085,0.02363589274107621,0.7712320208619121,1.0487373905229593,-0.10382852860325541
fmA0_propertystate,MA,4,5775,5775,23100,16,4.0,202,8.8125,1.0,89.37384144950633,0.955243876110478,0.006054964969213164,1,0.09079978752214195,0.023391599907992364,0.736373884580385,0.923810941307694,0.03115908978814464,0.09685475249135511,0.023418600351573674,0.7463837994214079,1.0470412883635212,-0.04987449469676913
fmA0_propertystate,MA,4,5775,5775,23100,16,4.0,202,8.8125,1.0,73.2975947934511,0.9454103670509508,-0.007076920720319985,0,0.06968214560917707,0.023595557179689582,0.7324622760672036,0.8136947914245739,0.038248952701333654,0.06260522488885709,0.02369452172946412,0.7308731851087237,0.9160505103785525,-0.05433935081096956
fmA0_propertystate,MA,2,5775,5775,11550,16,2.0,202,8.8125,1.0,16.855252847201204,0.8751111733838957,-0.0014032745621105208,0,0.0619086436611771,0.02378160240327888,0.7009724693386937,0.6712297340674861,0.07840249021062505,0.06050536909906658,0.02383357891355489,0.7125375202031863,0.8682195414088557,-0.240278717979897
fmA0_propertystate,MA,2,5775,5775,11550,16,2.0,202,8.8125,1.0,13.433055676149113,0.847190040304383,-0.0013059529494534455,0,0.11828375092210794,0.023248390184685566,0.7200551428144566,0.8608614225587415,0.009197261110047168,0.1169777979726545,0.023243528142792257,0.7380512583698914,1.1018550576286834,-0.25099055577881807
fmA0_propertystate,MA,2,5775,5775,11550,16,2.0,202,8.8125,1.0,19.586221881752472,0.8920454960650978,-0.0009075415452714786,0,0.06617706913924239,0.02361083499543238,0.769629347929428,0.9778117350874277,-0.013027405724980552,0.06526952759397091,0.023687161502599162,0.7666073587135155,1.085994309462744,-0.2729136033004532
fmA0_propertystate,MA,2,5775,5775,11550,16,2.0,202,8.8125,1.0,10.753172040401303,0.8134077912853883,-0.002352038343051213,0,0.09079978752214195,0.023391599907992364,0.736373884580385,0.923810941307694,0.03115908978814464,0.08844774917909073,0.02342217001119071,0.7423703261031958,1.0531808590938139,-0.2350519877611805
fmA0_propertystate,MA,2,5775,5775,11550,16,2.0,202,8.8125,1.0,38.00493113845779,0.9397841377381848,-0.0036924515524222046,0,0.06968214560917707,0.023595557179689582,0.7324622760672036,0.8136947914245739,0.038248952701333654,0.06598969405675487,0.02368592797398487,0.7287136512420715,0.9522808764099796,-0.22117746580780212
fmA0_propertystate,MA,2,5775,5775,11550,16,2.0,202,8.8125,1.0,22.54727731890449,0.9110423266212562,0.00630778433840605,1,0.0619086436611771,0.02378160240327888,0.7009724693386937,0.6712297340674861,0.07840249021062505,0.06821642799958315,0.023672356093652175,0.715294660926019,0.7375167491815297,0.15117773576792373
fmA0_propertystate,MA,2,5775,5775,11550,16,2.0,202,8.8125,1.0,10.857022370350558,0.8125628224154544,-0.011533218633812098,0,0.11828375092210794,0.023248390184685566,0.7200551428144566,0.8608614225587415,0.009197261110047168,0.10675053228829584,0.02323305933895335,0.7248292066768984,0.8316839018787605,0.033153432944565964
fmA0_propertystate,MA,2,5775,5775,11550,16,2.0,202,8.8125,1.0,31.751503352858688,0.9352754467450249,0.0014262879728362127,1,0.06617706913924239,0.02361083499543238,0.769629347929428,0.9778117350874277,-0.013027405724980552,0.0676033571120786,0.023625083238961387,0.7706547869667377,0.9014413380971968,0.05509600615721469
fmA0_propertystate,MA,2,5775,5775,11550,16,2.0,202,8.8125,1.0,27.16822120751937,0.9256076763459373,-0.014407492316306489,0,0.09079978752214195,0.023391599907992364,0.736373884580385,0.923810941307694,0.03115908978814464,0.07639229520583546,0.023532421927096998,0.7366047781384546,0.8013244789302172,0.11833873879201952
fmA0_propertystate,MA,2,5775,5775,11550,16,2.0,202,8.8125,1.0,25.071218203452446,0.9133132941452915,-0.00428892001056648,0,0.06968214560917707,0.023595557179689582,0.7324622760672036,0.8136947914245739,0.038248952701333654,0.06539322559861059,0.023733796123097107,0.7223097504991376,0.7361244838429658,0.09572277482255137
fmA0_propertystate,MA,4,5775,5775,23100,16,4.0,202,8.8125,1.0,86.20405167187926,0.9469743508915449,0.003923952765986519,1,0.0619086436611771,0.02378160240327888,0.7009724693386937,0.6712297340674861,0.07840249021062505,0.06583259642716362,0.023686964978931132,0.7209922990207397,0.8688345691134223,-0.12916434452839945
fmA0_propertystate,MA,4,5775,5775,23100,16,4.0,202,8.8125,1.0,38.56314201218281,0.886356396982881,0.0052495318706280575,1,0.11828375092210794,0.023248390184685566,0.7200551428144566,0.8608614225587415,0.009197261110047168,0.123533282792736,0.023222981265724477,0.734390916375786,1.0551108720670643,-0.12029746168044016
fmA0_propertystate,MA,4,5775,5775,23100,16,4.0,202,8.8125,1.0,72.88374795420246,0.9403788580556329,0.0074051508250383286,1,0.06617706913924239,0.02361083499543238,0.769629347929428,0.9778117350874277,-0.013027405724980552,0.07358221996428072,0.02352577463433299,0.7822198378312304,1.0963627908306925,-0.15560176980817653
fmA0_propertystate,MA,4,5775,5775,23100,16,4.0,202,8.8125,1.0,69.85945150163916,0.941603773444889,-0.009791378565474393,0,0.09079978752214195,0.023391599907992364,0.736373884580385,0.923810941307694,0.03115908978814464,0.08100840895666755,0.023435589164745103,0.7483531856520027,1.0343346301324348,-0.048837721002129915
fmA0_propertystate,MA,4,5775,5775,23100,16,4.0,202,8.8125,1.0,74.592534364432,0.9408348541100539,-0.005133612002844651,0,0.06968214560917707,0.023595557179689582,0.7324622760672036,0.8136947914245739,0.038248952701333654,0.06454853360633242,0.02368375477169113,0.7327067515992773,0.9269713120739691,-0.1016644287475808
fmA0_propertystate,MA,1,5775,5775,5775,16,1.0,202,8.8125,1.0,6.509429443132865,0.8446291718223562,0.0031057805533954846,1,0.0619086436611771,0.02378160240327888,0.7009724693386937,0.6712297340674861,0.07840249021062505,0.06501442421457258,0.023655502159318584,0.7111657408287719,0.8452376957801903,0.07482398436318964
fmA0_propertystate,MA,1,5775,5775,5775,16,1.0,202,8.8125,1.0,4.003893870624138,0.7217064185725433,0.0025521602257522202,1,0.11828375092210794,0.023248390184685566,0.7200551428144566,0.8608614225587415,0.009197261110047168,0.12083591114786016,0.023224296927562126,0.7386896111480842,1.0513733465854371,0.05479629102011654
fmA0_propertystate,MA,1,5775,5775,5775,16,1.0,202,8.8125,1.0,10.438684918592983,0.9042010856223792,0.004363355388465565,1,0.06617706913924239,0.02361083499543238,0.769629347929428,0.9778117350874277,-0.013027405724980552,0.07054042452770795,0.023536728038622116,0.7696768848384424,1.0955044721116964,0.07727873411629199
fmA0_propertystate,MA,1,5775,5775,5775,16,1.0,202,8.8125,1.0,8.321574636414184,0.8797749767856305,-0.016371847478513307,0,0.09079978752214195,0.023391599907992364,0.736373884580385,0.923810941307694,0.03115908978814464,0.07442794004362864,0.02352299711731479,0.7490390753392098,1.0430322810074275,0.1422367088061668
fmA0_propertystate,MA,1,5775,5775,5775,16,1.0,202,8.8125,1.0,8.911018337006434,0.8827342032794758,-0.008534161216010257,0,0.06968214560917707,0.023595557179689582,0.7324622760672036,0.8136947914245739,0.038248952701333654,0.061147984393166814,0.02368265034599277,0.7328765262743286,0.9102614586803638,0.09629131942804638
fmA0_propertystate,MA,3,5775,5775,17325,16,3.0,202,8.8125,1.0,27.989794097650588,0.8926321022452981,0.003102060831907519,1,0.0619086436611771,0.02378160240327888,0.7009724693386937,0.6712297340674861,0.07840249021062505,0.06501070449308462,0.023679708396324176,0.7176443424287285,0.8311530961909941,-0.03988191353013426
fmA0_propertystate,MA,3,5775,5775,17325,16,3.0,202,8.8125,1.0,18.080862295833555,0.8327621664256674,0.0005603223840160848,1,0.11828375092210794,0.023248390184685566,0.7200551428144566,0.8608614225587415,0.009197261110047168,0.11884407330612402,0.023180340148360467,0.7432531544134624,1.0280826946624195,-0.0858638455159268
fmA0_propertystate,MA,3,5775,5775,17325,16,3.0,202,8.8125,1.0,32.25781999736001,0.9067765759729306,0.0013013857748140484,1,0.06617706913924239,0.02361083499543238,0.769629347929428,0.9778117350874277,-0.013027405724980552,0.06747845491405643,0.02364174350409483,0.778695315577166,1.0139184492343485,-0.07541347546973394
fmA0_propertystate,MA,3,5775,5775,17325,16,3.0,202,8.8125,1.0,22.887463595926747,0.8686092226886117,-0.005662966655591489,0,0.09079978752214195,0.023391599907992364,0.736373884580385,0.923810941307694,0.03115908978814464,0.08513682086655046,0.023421343271981917,0.7490934032352262,1.029093705473839,0.018567277167438237
fmA0_propertystate,MA,3,5775,5775,17325,16,3.0,202,8.8125,1.0,40.513899182264524,0.9259336498225303,-0.004374392374213859,0,0.06968214560917707,0.023595557179689582,0.7324622760672036,0.8136947914245739,0.038248952701333654,0.06530775323496321,0.023668030210715663,0.7384247626550042,0.9057269039467802,-0.015547469389747397
fmA0_propertystate,MA,3,5775,5775,17325,16,3.0,202,8.8125,1.0,31.08332153452968,0.9028187937349439,0.004308369310615359,1,0.0619086436611771,0.02378160240327888,0.7009724693386937,0.6712297340674861,0.07840249021062505,0.06621701297179246,0.02367212686826975,0.723824140600595,0.8561778102915221,-0.032491167332976544
fmA0_propertystate,MA,3,5775,5775,17325,16,3.0,202,8.8125,1.0,14.151571090334201,0.7587817730315438,0.004693890254706928,1,0.11828375092210794,0.023248390184685566,0.7200551428144566,0.8608614225587415,0.009197261110047168,0.12297764117681487,0.023146520941691676,0.7448897822809567,1.036784678944988,-0.06744832287890523
fmA0_propertystate,MA,3,5775,5775,17325,16,3.0,202,8.8125,1.0,35.81095144172877,0.9160747466561834,0.0008258274368295598,1,0.06617706913924239,0.02361083499543238,0.769629347929428,0.9778117350874277,-0.013027405724980552,0.06700289657607195,0.023618906324848695,0.770294864655629,0.9880069297113092,-0.033441128579305195
fmA0_propertystate,MA,3,5775,5775,17325,16,3.0,202,8.8125,1.0,33.37167429588715,0.9085134950474489,-0.013219864752722257,0,0.09079978752214195,0.023391599907992364,0.736373884580385,0.923810941307694,0.03115908978814464,0.07757992276941969,0.023470229039863486,0.7515653225039727,0.9728467496262522,0.05720879626659867
fmA0_propertystate,MA,3,5775,5775,17325,16,3.0,202,8.8125,1.0,32.282777828552234,0.882460649963545,-0.0063743326282383606,0,0.06968214560917707,0.023595557179689582,0.7324622760672036,0.8136947914245739,0.038248952701333654,0.06330781298093871,0.023718155287024395,0.734132858869708,0.8755956947932134,-0.008920132099340356
fmA0_propertystate,MA,1,5775,5775,5775,16,1.0,202,8.8125,1.0,5.25950520981006,0.7819834461056316,0.0038204345221606317,1,0.0619086436611771,0.02378160240327888,0.7009724693386937,0.6712297340674861,0.07840249021062505,0.06572907818333773,0.023685135892819613,0.7132098279163893,0.7300274930831683,0.12712310746278138
fmA0_propertystate,MA,1,5775,5775,5775,16,1.0,202,8.8125,1.0,5.297027797255816,0.8105757351359256,0.00011300054753900224,1,0.11828375092210794,0.023248390184685566,0.7200551428144566,0.8608614225587415,0.009197261110047168,0.11839675146964694,0.023162313822707493,0.7366115691254568,0.9148628137685184,0.07318088559381916
fmA0_propertystate,MA,1,5775,5775,5775,16,1.0,202,8.8125,1.0,4.315859451443119,0.7682944719751876,-0.0025924465374738276,0,0.06617706913924239,0.02361083499543238,0.769629347929428,0.9778117350874277,-0.013027405724980552,0.06358462260176856,0.023800761715171318,0.7740502804677631,0.8705379994562134,0.04666011963949415
fmA0_propertystate,MA,1,5775,5775,5775,16,1.0,202,8.8125,1.0,4.305564025371746,0.7278471414787866,0.005887949022647887,1,0.09079978752214195,0.023391599907992364,0.736373884580385,0.923810941307694,0.03115908978814464,0.09668773654478983,0.023410040855006187,0.7376030532277562,0.8717447283194096,0.09649914841851114
fmA0_propertystate,MA,1,5775,5775,5775,16,1.0,202,8.8125,1.0,3.3653511052706717,0.7012010906540879,-0.0035038530200712237,0,0.06968214560917707,0.023595557179689582,0.7324622760672036,0.8136947914245739,0.038248952701333654,0.06617829258910585,0.02370491441805106,0.7344995721678189,0.7786320061651689,0.10747067722346342
fmA0_propertystate,MA,1,5775,5775,5775,16,1.0,202,8.8125,1.0,2.421806044852471,0.5862073667222436,0.0005990330274086852,1,0.0619086436611771,0.02378160240327888,0.7009724693386937,0.6712297340674861,0.07840249021062505,0.06250767668858578,0.023814228804725328,0.7152267510559985,0.8358262011645109,-0.18756793358106433
fmA0_propertystate,MA,1,5775,5775,5775,16,1.0,202,8.8125,1.0,9.761881580373599,0.8740949820930431,0.002589505083742602,1,0.11828375092210794,0.023248390184685566,0.7200551428144566,0.8608614225587415,0.009197261110047168,0.12087325600585054,0.023240093593395617,0.7282382821519279,1.0512832551858855,-0.25340404737768496
fmA0_propertystate,MA,1,5775,5775,5775,16,1.0,202,8.8125,1.0,1.3597247297643529,0.25326143261850087,0.004210060644025293,1,0.06617706913924239,0.02361083499543238,0.769629347929428,0.9778117350874277,-0.013027405724980552,0.07038712978326768,0.02361582819200006,0.7739212517147243,1.1078841967514061,-0.271896116116508
fmA0_propertystate,MA,1,5775,5775,5775,16,1.0,202,8.8125,1.0,4.969907845025546,0.7987823126968132,0.013499510200171053,1,0.09079978752214195,0.023391599907992364,0.736373884580385,0.923810941307694,0.03115908978814464,0.104299297722313,0.023327154528736235,0.7458337294742419,1.1173884877796498,-0.22419698709373614
fmA0_propertystate,MA,1,5775,5775,5775,16,1.0,202,8.8125,1.0,1.0909643786733598,0.08322890041869785,0.0005847592749863711,1,0.06968214560917707,0.023595557179689582,0.7324622760672036,0.8136947914245739,0.038248952701333654,0.07026690488416344,0.023613993062547637,0.7337933095196056,0.947381337757596,-0.21160977503135717
fmA0_propertystate,MA,1,5775,5775,5775,16,1.0,202,8.8125,1.0,1.8052768390250755,0.4413921691109677,0.0011609561005209157,1,0.0619086436611771,0.02378160240327888,0.7009724693386937,0.6712297340674861,0.07840249021062505,0.06306959976169801,0.023847272019953725,0.7100995558694501,0.7890519362364118,-0.23009208111058244
fmA0_propertystate,MA,1,5775,5775,5775,16,1.0,202,8.8125,1.0,3.011575886554339,0.6520253554488187,0.01941813071461468,1,0.11828375092210794,0.023248390184685566,0.7200551428144566,0.8608614225587415,0.009197261110047168,0.13770188163672262,0.023230858440253986,0.7317763863799963,1.0033912461786798,-0.26656797272560295
fmA0_propertystate,MA,1,5775,5775,5775,16,1.0,202,8.8125,1.0,4.874524761839478,0.7942099989613742,-0.000504711640929828,0,0.06617706913924239,0.02361083499543238,0.769629347929428,0.9778117350874277,-0.013027405724980552,0.06567235749831256,0.02370003611533213,0.7736088663126299,1.0714674364366625,-0.2675332849619787
fmA0_propertystate,MA,1,5775,5775,5775,16,1.0,202,8.8125,1.0,2.877448459232319,0.6120649247554683,0.009597617800546368,1,0.09079978752214195,0.023391599907992364,0.736373884580385,0.923810941307694,0.03115908978814464,0.10039740532268832,0.023361288668339378,0.7509269697257799,1.0552534613301139,-0.249985115881276
fmA0_propertystate,MA,1,5775,5775,5775,16,1.0,202,8.8125,1.0,4.037445139319606,0.700038136029429,0.0016203841808842961,1,0.06968214560917707,0.023595557179689582,0.7324622760672036,0.8136947914245739,0.038248952701333654,0.07130252979006137,0.0236409949764034,0.7435723308025588,0.9741030932440395,-0.25466241153968533
fmA0_propertystate,MA,1,5775,5775,5775,16,1.0,202,8.8125,1.0,15.278615907678242,0.8915894291422619,0.0008444208477754872,1,0.0619086436611771,0.02378160240327888,0.7009724693386937,0.6712297340674861,0.07840249021062505,0.06275306450895259,0.023746727128136965,0.7157971939641707,0.790705283831741,-0.024176684336634252
fmA0_propertystate,MA,1,5775,5775,5775,16,1.0,202,8.8125,1.0,17.8102587899075,0.9438524323892152,0.0018783572052597786,1,0.11828375092210794,0.023248390184685566,0.7200551428144566,0.8608614225587415,0.009197261110047168,0.12016210812736772,0.023240952480760073,0.721175655669795,0.8582019828373627,-0.013902262764851122
fmA0_propertystate,MA,1,5775,5775,5775,16,1.0,202,8.8125,1.0,10.668798755655079,0.9061561472958604,0.0006534894861729007,1,0.06617706913924239,0.02361083499543238,0.769629347929428,0.9778117350874277,-0.013027405724980552,0.06683055862541529,0.023599135170763116,0.7720469393021583,1.0082186344250321,-0.03593142914404738
fmA0_propertystate,MA,1,5775,5775,5775,16,1.0,202,8.8125,1.0,11.303030632415426,0.911417879983941,-0.008338649509323115,0,0.09079978752214195,0.023391599907992364,0.736373884580385,0.923810941307694,0.03115908978814464,0.08246113801281883,0.023462244104084568,0.740523177638638,0.9507032568510987,0.01164733575956886
fmA0_propertystate,MA,1,5775,5775,5775,16,1.0,202,8.8125,1.0,5.7428519892537215,0.8230604906827059,-0.003433790346596674,0,0.06968214560917707,0.023595557179689582,0.7324622760672036,0.8136947914245739,0.038248952701333654,0.0662483552625804,0.023630083746360258,0.7356744129191737,0.89472589730724,-0.024532387700053764
fmA0_propertystate,ME,4,5775,5775,23100,16,4.0,183,8.0,1.0,69.17878670487781,0.9420962148400307,-0.0009672116776706791,0,0.06830698117737254,0.021440479215256655,0.7297896318557475,0.7738280967557379,-0.043239663475129,0.06733976949970186,0.021424055633316674,0.7416829451540194,0.7702360499263984,-0.04331700155731166
fmA0_propertystate,ME,4,5775,5775,23100,16,4.0,183,8.0,1.0,13.759558607858928,0.7088874078285028,0.0053839809057214805,1,0.13663301175602,0.020528623289586514,0.7697971450037565,1.1208569659859684,-0.018990010882096245,0.14201699266174148,0.020591638305934627,0.7672126220886551,1.0552232982738097,-0.0427881791414363
fmA0_propertystate,ME,4,5775,5775,23100,16,4.0,183,8.0,1.0,27.278617854326644,0.8533584382435635,-0.00919445013692681,0,0.117400632728073,0.020758820655502944,0.728587528174305,0.8763151677314637,-0.02617589357521797,0.10820618259114619,0.020921714337872696,0.7219308790383171,0.8158092976444581,-0.0688784013137299
fmA0_propertystate,ME,4,5775,5775,23100,16,4.0,183,8.0,1.0,33.26953363240334,0.8727181421399229,-0.014269514276985737,0,0.1351357192828215,0.020618671085887618,0.7715477084898572,1.0795325702460528,0.01953289087661516,0.12086620500583577,0.020774622904678085,0.763794139744553,0.9410617388784837,-0.019383130197856088
fmA0_propertystate,ME,4,5775,5775,23100,16,4.0,183,8.0,1.0,52.89246110891928,0.9243658225859703,0.01643136031200662,1,0.11049839713168383,0.02086418178230426,0.7090984222389182,0.7931538742400899,-0.0008404557908030753,0.12692975744369045,0.020701040219642027,0.7470773854244929,0.8920041605132799,-0.03602388246336121
fmA0_propertystate,ME,4,5775,5775,23100,16,4.0,183,8.0,1.0,47.35852109633903,0.9120364941058756,0.0018415382826529186,1,0.06830698117737254,0.021440479215256655,0.7297896318557475,0.7738280967557379,-0.043239663475129,0.07014851946002545,0.021492150017655223,0.7415702479338843,0.9612475054278736,-0.3728324418322053
fmA0_propertystate,ME,4,5775,5775,23100,16,4.0,183,8.0,1.0,32.32473993330617,0.8703820043772196,0.012003794240560639,1,0.13663301175602,0.020528623289586514,0.7697971450037565,1.1208569659859684,-0.018990010882096245,0.14863680599658063,0.02059506812231305,0.7619759579263712,1.2128750029954454,-0.3924759160956495
fmA0_propertystate,ME,4,5775,5775,23100,16,4.0,183,8.0,1.0,37.890581339802395,0.8942816104235924,-0.008318369799840353,0,0.117400632728073,0.020758820655502944,0.728587528174305,0.8763151677314637,-0.02617589357521797,0.10908226292823264,0.021130012483396864,0.7206611570247934,0.9177559592598035,-0.3794781180406227
fmA0_propertystate,ME,4,5775,5775,23100,16,4.0,183,8.0,1.0,58.653220193619624,0.9297620806135423,0.0025315061482777956,1,0.1351357192828215,0.020618671085887618,0.7715477084898572,1.0795325702460528,0.01953289087661516,0.1376672254310993,0.02076061458011544,0.7703681442524417,1.2205767266530785,-0.3777857151065496
fmA0_propertystate,ME,4,5775,5775,23100,16,4.0,183,8.0,1.0,61.707049298770144,0.9351411726321928,0.018028139251530323,1,0.11049839713168383,0.02086418178230426,0.7090984222389182,0.7931538742400899,-0.0008404557908030753,0.12852653638321415,0.020812414788158127,0.7473779113448533,1.1222089456229725,-0.38990063884639814
fmA0_propertystate,ME,3,5775,5775,17325,16,3.0,183,8.0,1.0,39.640426586011316,0.924316834636973,0.0016584557733087951,1,0.06830698117737254,0.021440479215256655,0.7297896318557475,0.7738280967557379,-0.043239663475129,0.06996543695068133,0.02150002277382193,0.7415176558978211,0.8831263565275408,-0.35137221935391083
fmA0_propertystate,ME,3,5775,5775,17325,16,3.0,183,8.0,1.0,25.135613604112876,0.8594886004088262,0.002496090726126804,1,0.13663301175602,0.020528623289586514,0.7697971450037565,1.1208569659859684,-0.018990010882096245,0.1391291024821468,0.02069382596592041,0.7676709241172052,1.1246420551876333,-0.3937293722527045
fmA0_propertystate,ME,3,5775,5775,17325,16,3.0,183,8.0,1.0,50.01388307787285,0.9398783206139532,-0.007459530287287755,0,0.117400632728073,0.020758820655502944,0.728587528174305,0.8763151677314637,-0.02617589357521797,0.10994110244078524,0.021116967630890236,0.7310443275732531,0.8771846856771569,-0.37642972974250005
fmA0_propertystate,ME,3,5775,5775,17325,16,3.0,183,8.0,1.0,25.317386108024603,0.8814665697009392,0.0010915782738771251,1,0.1351357192828215,0.020618671085887618,0.7715477084898572,1.0795325702460528,0.01953289087661516,0.13622729755669863,0.020714788624689968,0.76709992486852,1.114965105714044,-0.3528034710543688
fmA0_propertystate,ME,3,5775,5775,17325,16,3.0,183,8.0,1.0,53.05344886489037,0.9434159892139293,0.014662366526349002,1,0.11049839713168383,0.02086418178230426,0.7090984222389182,0.7931538742400899,-0.0008404557908030753,0.12516076365803283,0.02077658392698151,0.7394064613072877,1.0085664368469058,-0.36017233876770427
fmA0_propertystate,ME,3,5775,5775,17325,16,3.0,183,8.0,1.0,70.4398516096175,0.9555622157358086,-0.0017162500754898669,0,0.06830698117737254,0.021440479215256655,0.7297896318557475,0.7738280967557379,-0.043239663475129,0.06659073110188267,0.021388966465587637,0.7497445529676935,0.9203609148636355,-0.11840395361114239
fmA0_propertystate,ME,3,5775,5775,17325,16,3.0,183,8.0,1.0,40.14895563427501,0.9242273642315837,0.01014103607802655,1,0.13663301175602,0.020528623289586514,0.7697971450037565,1.1208569659859684,-0.018990010882096245,0.14677404783404654,0.020536570355195554,0.7668745304282494,1.1319724792012709,-0.1268050633858481
fmA0_propertystate,ME,3,5775,5775,17325,16,3.0,183,8.0,1.0,70.29996602011677,0.9407122210730966,-0.008487384821479899,0,0.117400632728073,0.020758820655502944,0.728587528174305,0.8763151677314637,-0.02617589357521797,0.1089132479065931,0.020887260209764,0.7336739293764086,0.8863339469231701,-0.12541099415884582
fmA0_propertystate,ME,3,5775,5775,17325,16,3.0,183,8.0,1.0,110.08441835502029,0.9714948878009116,-0.0071809020294327786,0,0.1351357192828215,0.020618671085887618,0.7715477084898572,1.0795325702460528,0.01953289087661516,0.12795481725338873,0.020739684501841906,0.7694590533433509,1.0995597342741372,-0.0822467115747147
fmA0_propertystate,ME,3,5775,5775,17325,16,3.0,183,8.0,1.0,68.63810427319554,0.9453059782749833,0.015316278304893072,1,0.11049839713168383,0.02086418178230426,0.7090984222389182,0.7931538742400899,-0.0008404557908030753,0.1258146754365769,0.020650288425179977,0.7383846731780617,1.0037705093653426,-0.09525348093961364
fmA0_propertystate,ME,1,5775,5775,5775,16,1.0,183,8.0,1.0,7.277181060109903,0.850869611283205,-0.000997104059961576,0,0.06830698117737254,0.021440479215256655,0.7297896318557475,0.7738280967557379,-0.043239663475129,0.06730987711741096,0.021524231436140333,0.7378587528174305,0.7700401833390614,-0.0847986612893365
fmA0_propertystate,ME,1,5775,5775,5775,16,1.0,183,8.0,1.0,0.6774692510988085,0.0,-0.006052644299480797,0,0.13663301175602,0.020528623289586514,0.7697971450037565,1.1208569659859684,-0.018990010882096245,0.1305803674565392,0.020641819388016496,0.7660631104432757,1.0588808958527132,-0.04878370169341616
fmA0_propertystate,ME,1,5775,5775,5775,16,1.0,183,8.0,1.0,2.9884966067259886,0.6607015231902644,-0.007046743781652848,0,0.117400632728073,0.020758820655502944,0.728587528174305,0.8763151677314637,-0.02617589357521797,0.11035388894642015,0.0208488407826017,0.7214951164537939,0.8251711595626,-0.07879268970624387
fmA0_propertystate,ME,1,5775,5775,5775,16,1.0,183,8.0,1.0,6.933862103432455,0.8134971164132694,-0.011509888487798062,0,0.1351357192828215,0.020618671085887618,0.7715477084898572,1.0795325702460528,0.01953289087661516,0.12362583079502344,0.02075549529003918,0.7606010518407212,0.9447789297038695,-0.03396804451958077
fmA0_propertystate,ME,1,5775,5775,5775,16,1.0,183,8.0,1.0,11.837658754078074,0.8768600625889162,-0.0014852517485549055,0,0.11049839713168383,0.02086418178230426,0.7090984222389182,0.7931538742400899,-0.0008404557908030753,0.10901314538312892,0.020857427647584036,0.7272051089406462,0.8370707446653662,-0.06782257775625447
fmA0_propertystate,ME,2,5775,5775,11550,16,2.0,183,8.0,1.0,15.787231722211484,0.8732024334245512,1.0429707285181111e-05,1,0.06830698117737254,0.021440479215256655,0.7297896318557475,0.7738280967557379,-0.043239663475129,0.06831741088465772,0.02151572266567465,0.7372051089406462,0.8445443678110909,-0.23674470808779688
fmA0_propertystate,ME,2,5775,5775,11550,16,2.0,183,8.0,1.0,22.50116471174895,0.9108485919146765,0.00900978776599537,1,0.13663301175602,0.020528623289586514,0.7697971450037565,1.1208569659859684,-0.018990010882096245,0.14564279952201536,0.0205947989160262,0.7667993989481592,1.1757510403912659,-0.21397140328866857
fmA0_propertystate,ME,2,5775,5775,11550,16,2.0,183,8.0,1.0,14.12210888937372,0.8275046294829842,-0.004711727579765526,0,0.117400632728073,0.020758820655502944,0.728587528174305,0.8763151677314637,-0.02617589357521797,0.11268890514830747,0.02093905816017236,0.7274755822689706,0.907891464448067,-0.24664383047435032
fmA0_propertystate,ME,2,5775,5775,11550,16,2.0,183,8.0,1.0,19.364654772318247,0.8940115001596045,-0.003956081379009074,0,0.1351357192828215,0.020618671085887618,0.7715477084898572,1.0795325702460528,0.01953289087661516,0.13117963790381243,0.02075636242439325,0.764357625845229,1.0520046402891896,-0.2116118392323186
fmA0_propertystate,ME,2,5775,5775,11550,16,2.0,183,8.0,1.0,22.478726692332046,0.9097918139904748,0.009613622867077454,1,0.11049839713168383,0.02086418178230426,0.7090984222389182,0.7931538742400899,-0.0008404557908030753,0.12011201999876128,0.02082894033039725,0.7345830202854996,0.9427162984761757,-0.22469523746677425
fmA0_propertystate,ME,1,5775,5775,5775,16,1.0,183,8.0,1.0,9.390729927224934,0.8934791648437885,-0.005158591363042309,0,0.06830698117737254,0.021440479215256655,0.7297896318557475,0.7738280967557379,-0.043239663475129,0.06314838981433023,0.021491346160415647,0.7293313298271975,0.7344179755043727,-0.037244858333645374
fmA0_propertystate,ME,1,5775,5775,5775,16,1.0,183,8.0,1.0,2.3993980412059877,0.5705521929676236,0.010263449992279572,1,0.13663301175602,0.020528623289586514,0.7697971450037565,1.1208569659859684,-0.018990010882096245,0.14689646174829957,0.020498863774976304,0.7716754320060105,1.094291872351545,-0.03166270481801217
fmA0_propertystate,ME,1,5775,5775,5775,16,1.0,183,8.0,1.0,3.1002277747703006,0.6770739976211073,-0.003202152078547571,0,0.117400632728073,0.020758820655502944,0.728587528174305,0.8763151677314637,-0.02617589357521797,0.11419848064952542,0.020823483218084707,0.7291735537190082,0.881413746328775,-0.08040328589754077
fmA0_propertystate,ME,1,5775,5775,5775,16,1.0,183,8.0,1.0,1.8843754066995757,0.43792529459648344,-0.003036536589027583,0,0.1351357192828215,0.020618671085887618,0.7715477084898572,1.0795325702460528,0.01953289087661516,0.13209918269379392,0.020647213932000467,0.7693764087152516,1.032402130126693,-0.02066047592197664
fmA0_propertystate,ME,1,5775,5775,5775,16,1.0,183,8.0,1.0,1.8583336222786249,0.461202362236176,0.006497528554495646,1,0.11049839713168383,0.02086418178230426,0.7090984222389182,0.7931538742400899,-0.0008404557908030753,0.11699592568617947,0.020754000672432067,0.7230202854996244,0.8308820927513795,-0.04546400396765332
fmA0_propertystate,ME,4,5775,5775,23100,16,4.0,183,8.0,1.0,73.02348101161111,0.9394533961083936,-0.004728989218905397,0,0.06830698117737254,0.021440479215256655,0.7297896318557475,0.7738280967557379,-0.043239663475129,0.06357799195846714,0.021497212262366356,0.7398572501878287,0.7949049985184039,-0.11159639409050108
fmA0_propertystate,ME,4,5775,5775,23100,16,4.0,183,8.0,1.0,48.78361211074464,0.917766255922789,0.004444793153020987,1,0.13663301175602,0.020528623289586514,0.7697971450037565,1.1208569659859684,-0.018990010882096245,0.14107780490904098,0.020542007771715123,0.7701352366641623,1.0741132606329693,-0.08987334373632272
fmA0_propertystate,ME,4,5775,5775,23100,16,4.0,183,8.0,1.0,89.78992069310503,0.9552031244738622,-0.008935934934517956,0,0.117400632728073,0.020758820655502944,0.728587528174305,0.8763151677314637,-0.02617589357521797,0.10846469779355504,0.020935612057885345,0.7241998497370399,0.8436903436868446,-0.1271557785340815
fmA0_propertystate,ME,4,5775,5775,23100,16,4.0,183,8.0,1.0,71.57605086788304,0.9440861345235454,-0.01296935078701962,0,0.1351357192828215,0.020618671085887618,0.7715477084898572,1.0795325702460528,0.01953289087661516,0.12216636849580188,0.020746872005643627,0.763380916604057,0.982344861280242,-0.08683883138419582
fmA0_propertystate,ME,4,5775,5775,23100,16,4.0,183,8.0,1.0,64.41064753439716,0.9240543355494111,0.012222259892023163,1,0.11049839713168383,0.02086418178230426,0.7090984222389182,0.7931538742400899,-0.0008404557908030753,0.12272065702370699,0.020766852751378066,0.7336739293764087,0.9374825007339435,-0.11169751892563391
fmA0_propertystate,ME,3,5775,5775,17325,16,3.0,183,8.0,1.0,21.897670700875956,0.854482946524286,-0.0028549938879903064,0,0.06830698117737254,0.021440479215256655,0.7297896318557475,0.7738280967557379,-0.043239663475129,0.06545198728938223,0.02143051603844759,0.7348159278737791,0.8229985647775058,-0.1277296607706339
fmA0_propertystate,ME,3,5775,5775,17325,16,3.0,183,8.0,1.0,10.49029832574649,0.713043290924428,0.02026221895990693,1,0.13663301175602,0.020528623289586514,0.7697971450037565,1.1208569659859684,-0.018990010882096245,0.15689523071592693,0.020526257921038835,0.7755747558226898,1.1716996818039624,-0.13083261669581567
fmA0_propertystate,ME,3,5775,5775,17325,16,3.0,183,8.0,1.0,11.554252321226105,0.7294675967566118,-0.005235338234337847,0,0.117400632728073,0.020758820655502944,0.728587528174305,0.8763151677314637,-0.02617589357521797,0.11216529449373515,0.020869306693851973,0.7324342599549212,0.9453120852048289,-0.142880251258377
fmA0_propertystate,ME,3,5775,5775,17325,16,3.0,183,8.0,1.0,9.992090652311134,0.6957423507941998,-0.0028656674036199037,0,0.1351357192828215,0.020618671085887618,0.7715477084898572,1.0795325702460528,0.01953289087661516,0.1322700518792016,0.0206970053696358,0.7707588279489106,1.0945953842289566,-0.13080002934893248
fmA0_propertystate,ME,3,5775,5775,17325,16,3.0,183,8.0,1.0,41.52896368886026,0.9277427321991439,0.008462776500754055,1,0.11049839713168383,0.02086418178230426,0.7090984222389182,0.7931538742400899,-0.0008404557908030753,0.11896117363243788,0.020857302559819053,0.7269045830202855,0.9641632555289829,-0.11586532299231914
fmA0_propertystate,ME,1,5775,5775,5775,16,1.0,183,8.0,1.0,3.9898067661860823,0.7486643960851571,0.0077265998769800864,1,0.06830698117737254,0.021440479215256655,0.7297896318557475,0.7738280967557379,-0.043239663475129,0.07603358105435262,0.0212684929051167,0.7381667918858001,0.8881600223705812,-0.07342690276866898
fmA0_propertystate,ME,1,5775,5775,5775,16,1.0,183,8.0,1.0,2.156463052906556,0.5264023219102835,0.004101651214329066,1,0.13663301175602,0.020528623289586514,0.7697971450037565,1.1208569659859684,-0.018990010882096245,0.14073466297034906,0.020567202297711244,0.7713598797896318,1.200749753643877,0.0033431175275899553
fmA0_propertystate,ME,1,5775,5775,5775,16,1.0,183,8.0,1.0,10.252203059329037,0.9023965485610986,-0.003445108702581426,0,0.117400632728073,0.020758820655502944,0.728587528174305,0.8763151677314637,-0.02617589357521797,0.11395552402549157,0.020802518890849026,0.7196619083395943,0.9018699033126294,-0.041025810626904406
fmA0_propertystate,ME,1,5775,5775,5775,16,1.0,183,8.0,1.0,14.418748104192451,0.9238047499341839,-0.016681800329049812,0,0.1351357192828215,0.020618671085887618,0.7715477084898572,1.0795325702460528,0.01953289087661516,0.11845391895377169,0.020774112551405766,0.7693538692712246,1.0849703443565006,0.015525440185815849
fmA0_propertystate,ME,1,5775,5775,5775,16,1.0,183,8.0,1.0,14.894824299224776,0.9059272754274876,0.015207099976851018,1,0.11049839713168383,0.02086418178230426,0.7090984222389182,0.7931538742400899,-0.0008404557908030753,0.12570549710853485,0.020668324965386065,0.7336288504883546,0.9934168707155147,-0.005132952035028442
fmA0_propertystate,ME,2,5775,5775,11550,16,2.0,183,8.0,1.0,28.92976686312903,0.9299005585848454,0.0020359103856845417,1,0.06830698117737254,0.021440479215256655,0.7297896318557475,0.7738280967557379,-0.043239663475129,0.07034289156305708,0.021568244050822073,0.7423666416228398,0.7498286355151708,-0.20441366425369922
fmA0_propertystate,ME,2,5775,5775,11550,16,2.0,183,8.0,1.0,8.609241433446979,0.7640426594910363,0.0018036696947885122,1,0.13663301175602,0.020528623289586514,0.7697971450037565,1.1208569659859684,-0.018990010882096245,0.1384366814508085,0.02053055665461531,0.7720210368144254,1.0081094384035627,-0.1728398444309769
fmA0_propertystate,ME,2,5775,5775,11550,16,2.0,183,8.0,1.0,31.01341688333998,0.9338269988906212,-0.0066570436851528525,0,0.117400632728073,0.020758820655502944,0.728587528174305,0.8763151677314637,-0.02617589357521797,0.11074358904292014,0.021142480709479754,0.7244628099173553,0.7345249916907325,-0.2278960219720773
fmA0_propertystate,ME,2,5775,5775,11550,16,2.0,183,8.0,1.0,5.428351112057571,0.6271619457660198,-0.010701407325056436,0,0.1351357192828215,0.020618671085887618,0.7715477084898572,1.0795325702460528,0.01953289087661516,0.12443431195776507,0.020684166844128448,0.7637190082644627,0.9067918422637048,-0.14273412685232637
fmA0_propertystate,ME,2,5775,5775,11550,16,2.0,183,8.0,1.0,35.58165483397786,0.9367302550936331,0.020348537374630132,1,0.11049839713168383,0.02086418178230426,0.7090984222389182,0.7931538742400899,-0.0008404557908030753,0.13084693450631396,0.02065206609037027,0.7363335837716003,0.8427704010839576,-0.1748389981317342
fmA0_propertystate,ME,1,5775,5775,5775,16,1.0,183,8.0,1.0,6.876938140288662,0.853751772326349,-0.0020556243595949014,0,0.06830698117737254,0.021440479215256655,0.7297896318557475,0.7738280967557379,-0.043239663475129,0.06625135681777763,0.021446204615697132,0.7423065364387678,0.8392004279343973,-0.12316797451025693
fmA0_propertystate,ME,1,5775,5775,5775,16,1.0,183,8.0,1.0,12.241634466442019,0.891608214277749,0.003545794044326006,1,0.13663301175602,0.020528623289586514,0.7697971450037565,1.1208569659859684,-0.018990010882096245,0.140178805800346,0.020557068394284946,0.7562659654395191,1.033472660783363,-0.04853271583822307
fmA0_propertystate,ME,1,5775,5775,5775,16,1.0,183,8.0,1.0,8.101578761830925,0.8293191349507834,-0.01360052135244015,0,0.117400632728073,0.020758820655502944,0.728587528174305,0.8763151677314637,-0.02617589357521797,0.10380011137563284,0.020963587006249156,0.7119984973703981,0.8001736081118254,-0.10320489830065116
fmA0_propertystate,ME,1,5775,5775,5775,16,1.0,183,8.0,1.0,12.56859899897573,0.8962588213997646,-0.014791698699738898,0,0.1351357192828215,0.020618671085887618,0.7715477084898572,1.0795325702460528,0.01953289087661516,0.1203440205830826,0.02077181345862938,0.7577310293012772,0.994798730148041,-0.05656253214460969
fmA0_propertystate,ME,1,5775,5775,5775,16,1.0,183,8.0,1.0,13.890191328825509,0.9279586395013122,0.012224678962991523,1,0.11049839713168383,0.02086418178230426,0.7090984222389182,0.7931538742400899,-0.0008404557908030753,0.12272307609467535,0.02070222559552367,0.7384447783621337,0.9589307240969542,-0.0955289975725201
fmA0_propertystate,MO,2,5775,5775,11550,16,2.0,192,8.375,1.0,22.13730969804645,0.9090024537052487,0.0007411126269729618,1,0.10061760794844178,0.022252557602320075,0.7022384546245701,0.8875493348919131,0.008226071259791665,0.10135872057541474,0.022252127363779853,0.7182386258256886,0.855152097199817,0.04279792695495005
fmA0_propertystate,MO,2,5775,5775,11550,16,2.0,192,8.375,1.0,15.189603702659946,0.839195426955607,0.011276720270088192,1,0.07434782204575499,0.022463606625969978,0.6865735522805416,0.7800751819017777,0.01644588523214338,0.08562454231584318,0.022410372259685313,0.6943489364130513,0.7925278640340845,0.044016066703879426
fmA0_propertystate,MO,2,5775,5775,11550,16,2.0,192,8.375,1.0,16.286600757214096,0.8760452671366017,0.028678384944022764,1,0.09651669396645433,0.022264758480374694,0.7188520965003639,0.9385060552076615,-0.023377758198779127,0.1251950789104771,0.02210643870230922,0.7230465239039562,0.8790889056630212,-0.009696468598576214
fmA0_propertystate,MO,2,5775,5775,11550,16,2.0,192,8.375,1.0,32.641073187769635,0.9367482791563837,0.003179730088931465,1,0.07091899740933223,0.022566445939887738,0.6868160871984365,0.758637634732398,0.06721771294047454,0.0740987274982637,0.022504131402541386,0.7145364016378242,0.8117159369913214,0.09791474436156754
fmA0_propertystate,MO,2,5775,5775,11550,16,2.0,192,8.375,1.0,34.06311463032978,0.9406444639226275,0.01124725627715839,1,0.10132584479111499,0.022230677144917728,0.7378482872754769,1.0012773979472684,-0.01057174322111766,0.11257310106827338,0.02206066094278821,0.7692066254832866,1.020645829046337,0.035662393781442696
fmA0_propertystate,MO,1,5775,5775,5775,16,1.0,192,8.375,1.0,14.653754562115145,0.9317068645089039,0.006119507965533066,1,0.10061760794844178,0.022252557602320075,0.7022384546245701,0.8875493348919131,0.008226071259791665,0.10673711591397485,0.022273485228070683,0.7129242577718174,0.7926991194764916,0.12130310907884854
fmA0_propertystate,MO,1,5775,5775,5775,16,1.0,192,8.375,1.0,3.937997338422087,0.7454703943750063,-0.0008693092827408988,0,0.07434782204575499,0.022463606625969978,0.6865735522805416,0.7800751819017777,0.01644588523214338,0.07347851276301409,0.022453422018346485,0.6965246172941664,0.8204565817315299,0.13833170834939126
fmA0_propertystate,MO,1,5775,5775,5775,16,1.0,192,8.375,1.0,7.3969607758724525,0.8516417703564969,0.015967690230868095,1,0.09651669396645433,0.022264758480374694,0.7188520965003639,0.9385060552076615,-0.023377758198779127,0.11248438419732243,0.022294427094983364,0.7190589645185681,0.8754413110122455,0.11520117054009192
fmA0_propertystate,MO,1,5775,5775,5775,16,1.0,192,8.375,1.0,3.1812115013431823,0.6799041121469049,0.0006697167232868895,1,0.07091899740933223,0.022566445939887738,0.6868160871984365,0.758637634732398,0.06721771294047454,0.07158871413261912,0.022595803784317393,0.6933359964618436,0.7645741412429663,0.197969350427517
fmA0_propertystate,MO,1,5775,5775,5775,16,1.0,192,8.375,1.0,6.8771100150925895,0.8328947416791506,0.013553139641653847,1,0.10132584479111499,0.022230677144917728,0.7378482872754769,1.0012773979472684,-0.01057174322111766,0.11487898443276884,0.022155443740736882,0.7556888705006206,1.050655916152705,0.147048388553277
fmA0_propertystate,MO,3,5775,5775,17325,16,3.0,192,8.375,1.0,24.031579113363456,0.871890955662247,-0.00043628204741856524,0,0.10061760794844178,0.022252557602320075,0.7022384546245701,0.8875493348919131,0.008226071259791665,0.10018132590102322,0.02229373936632425,0.7183242263849458,0.9458868113364683,-0.16736782166173264
fmA0_propertystate,MO,3,5775,5775,17325,16,3.0,192,8.375,1.0,10.2763605641437,0.698442510428309,0.013469892138650602,1,0.07434782204575499,0.022463606625969978,0.6865735522805416,0.7800751819017777,0.01644588523214338,0.0878177141844056,0.02244389440092828,0.694334669653175,0.8806203457404679,-0.1832004283037877
fmA0_propertystate,MO,3,5775,5775,17325,16,3.0,192,8.375,1.0,46.54933398868816,0.9345284091958647,0.02149678401073675,1,0.09651669396645433,0.022264758480374694,0.7188520965003639,0.9385060552076615,-0.023377758198779127,0.11801347797719108,0.022129775780276827,0.7260853437575793,0.9906786530730523,-0.21763116340114352
fmA0_propertystate,MO,3,5775,5775,17325,16,3.0,192,8.375,1.0,63.352822413918474,0.9522617378928684,0.005961441351934632,1,0.07091899740933223,0.022566445939887738,0.6868160871984365,0.758637634732398,0.06721771294047454,0.07688043876126686,0.022479479934186156,0.7237527285178263,0.9648906649523455,-0.12485192447429691
fmA0_propertystate,MO,3,5775,5775,17325,16,3.0,192,8.375,1.0,66.90732418651206,0.9513675243218666,0.007514273891855355,1,0.10132584479111499,0.022230677144917728,0.7378482872754769,1.0012773979472684,-0.01057174322111766,0.10884011868297035,0.02209828741238131,0.7617094431683621,1.168582907079601,-0.16145515174954156
fmA0_propertystate,MO,4,5775,5775,23100,16,4.0,192,8.375,1.0,39.153560691138416,0.8877267758009335,0.0048048324970353246,1,0.10061760794844178,0.022252557602320075,0.7022384546245701,0.8875493348919131,0.008226071259791665,0.1054224404454771,0.02216787303364606,0.7270982837087868,0.9172885319389197,-0.11684963102300576
fmA0_propertystate,MO,4,5775,5775,23100,16,4.0,192,8.375,1.0,95.20868328948885,0.9567587679982197,0.013390549626848255,1,0.07434782204575499,0.022463606625969978,0.6865735522805416,0.7800751819017777,0.01644588523214338,0.08773837167260325,0.02235461287515803,0.6974947569657455,0.8224482079545082,-0.08277425446620612
fmA0_propertystate,MO,4,5775,5775,23100,16,4.0,192,8.375,1.0,76.62630671761349,0.9432032728211651,0.0034623131209443464,1,0.09651669396645433,0.022264758480374694,0.7188520965003639,0.9385060552076615,-0.023377758198779127,0.09997900708739868,0.02228640410774402,0.7259284093989413,0.8493863305813929,-0.16495810387110205
fmA0_propertystate,MO,4,5775,5775,23100,16,4.0,192,8.375,1.0,85.9152935895732,0.9513762704071109,0.0005983941785678432,1,0.07091899740933223,0.022566445939887738,0.6868160871984365,0.758637634732398,0.06721771294047454,0.07151739158790008,0.022554681168938762,0.7243875993323157,0.8655789368502311,-0.05259279110353805
fmA0_propertystate,MO,4,5775,5775,23100,16,4.0,192,8.375,1.0,38.83440894836735,0.8483733526944764,0.009267269875112394,1,0.10132584479111499,0.022230677144917728,0.7378482872754769,1.0012773979472684,-0.01057174322111766,0.11059311466622739,0.022149754148293947,0.7557174040203729,1.006389759299453,-0.17092572184731633
fmA0_propertystate,MO,2,5775,5775,11550,16,2.0,192,8.375,1.0,44.288666330903766,0.9527924626770133,0.0026975203198664754,1,0.10061760794844178,0.022252557602320075,0.7022384546245701,0.8875493348919131,0.008226071259791665,0.10331512826830826,0.02220579120245268,0.732398385002782,0.9803806077688435,-0.17904317212938844
fmA0_propertystate,MO,2,5775,5775,11550,16,2.0,192,8.375,1.0,40.98765533418681,0.948473735191264,0.004120984130396119,1,0.07434782204575499,0.022463606625969978,0.6865735522805416,0.7800751819017777,0.01644588523214338,0.07846880617615111,0.022564918481320063,0.6974804902058693,0.8009014260981037,-0.21531649640790812
fmA0_propertystate,MO,2,5775,5775,11550,16,2.0,192,8.375,1.0,45.39682399783056,0.9549163200645227,0.007877226743903926,1,0.09651669396645433,0.022264758480374694,0.7188520965003639,0.9385060552076615,-0.023377758198779127,0.10439392071035826,0.022271169339214084,0.7182814261053172,0.8666191490893866,-0.22480519986755823
fmA0_propertystate,MO,2,5775,5775,11550,16,2.0,192,8.375,1.0,36.52887459398181,0.945226277026613,-0.005585769322752926,0,0.07091899740933223,0.022566445939887738,0.6868160871984365,0.758637634732398,0.06721771294047454,0.0653332280865793,0.022758433032565164,0.6887206996419043,0.7565265543463654,-0.16193551597530187
fmA0_propertystate,MO,2,5775,5775,11550,16,2.0,192,8.375,1.0,36.76763099917244,0.9451880463824351,-0.0026043252930769006,0,0.10132584479111499,0.022230677144917728,0.7378482872754769,1.0012773979472684,-0.01057174322111766,0.09872151949803809,0.022336804006199865,0.7453526029703395,0.940252908190864,-0.22330304247623364
fmA0_propertystate,MO,2,5775,5775,11550,16,2.0,192,8.375,1.0,12.500740115993665,0.8388568765929509,0.01225222264870271,1,0.10061760794844178,0.022252557602320075,0.7022384546245701,0.8875493348919131,0.008226071259791665,0.11286983059714449,0.022102666447204263,0.7309717090151656,0.9524829582389165,-0.17349602905612366
fmA0_propertystate,MO,2,5775,5775,11550,16,2.0,192,8.375,1.0,12.193050302719023,0.8291217921002422,0.01106775422706116,1,0.07434782204575499,0.022463606625969978,0.6865735522805416,0.7800751819017777,0.01644588523214338,0.08541557627281615,0.022404955331338003,0.7055483429158402,0.8541696918384609,-0.1573423658723671
fmA0_propertystate,MO,2,5775,5775,11550,16,2.0,192,8.375,1.0,31.699188171052537,0.9341537878765792,-0.001350741760552568,0,0.09651669396645433,0.022264758480374694,0.7188520965003639,0.9385060552076615,-0.023377758198779127,0.09516595220590177,0.022339835273912017,0.7305579729787568,0.8942707353452032,-0.20430714776950104
fmA0_propertystate,MO,2,5775,5775,11550,16,2.0,192,8.375,1.0,18.6119757738602,0.8824835790009963,-0.00048313382406596495,0,0.07091899740933223,0.022566445939887738,0.6868160871984365,0.758637634732398,0.06721771294047454,0.07043586358526627,0.02261555739775699,0.7083731613713209,0.7978609136878112,-0.10948740370652595
fmA0_propertystate,MO,2,5775,5775,11550,16,2.0,192,8.375,1.0,21.868860805758906,0.9068991160954287,0.009682491033146862,1,0.10132584479111499,0.022230677144917728,0.7378482872754769,1.0012773979472684,-0.01057174322111766,0.11100833582426185,0.022119222513451848,0.7465795443196896,0.9994378191979211,-0.16280638552841478
fmA0_propertystate,MO,1,5775,5775,5775,16,1.0,192,8.375,1.0,6.509429443132865,0.8446291718223562,-0.00915882570893825,0,0.10061760794844178,0.022252557602320075,0.7022384546245701,0.8875493348919131,0.008226071259791665,0.09145878223950353,0.02231352671112436,0.7173826202331188,0.8260746343786197,0.08561990727415401
fmA0_propertystate,MO,1,5775,5775,5775,16,1.0,192,8.375,1.0,4.003893870624138,0.7217064185725433,0.0051927571137057454,1,0.07434782204575499,0.022463606625969978,0.6865735522805416,0.7800751819017777,0.01644588523214338,0.07954057915946074,0.022477459247348116,0.68695162141726,0.7367302586652769,0.032957720707502594
fmA0_propertystate,MO,1,5775,5775,5775,16,1.0,192,8.375,1.0,10.438684918592983,0.9042010856223792,0.02037456382803532,1,0.09651669396645433,0.022264758480374694,0.7188520965003639,0.9385060552076615,-0.023377758198779127,0.11689125779448965,0.022121371270910753,0.7307933745167134,0.9527833745981171,-0.06971873789614672
fmA0_propertystate,MO,1,5775,5775,5775,16,1.0,192,8.375,1.0,8.321574636414184,0.8797749767856305,0.0006591771642691646,1,0.07091899740933223,0.022566445939887738,0.6868160871984365,0.758637634732398,0.06721771294047454,0.0715781745736014,0.02252256634098257,0.7169260839170816,0.8524341381128518,0.033668582164030306
fmA0_propertystate,MO,1,5775,5775,5775,16,1.0,192,8.375,1.0,8.911018337006434,0.8827342032794758,0.00966935246237513,1,0.10132584479111499,0.022230677144917728,0.7378482872754769,1.0012773979472684,-0.01057174322111766,0.11099519725349012,0.022097267785758476,0.7557673376799395,1.0046362230751278,-0.005977321694960096
fmA0_propertystate,MO,2,5775,5775,11550,16,2.0,192,8.375,1.0,37.11860625794483,0.9443232705128539,-0.005311335184619251,0,0.10061760794844178,0.022252557602320075,0.7022384546245701,0.8875493348919131,0.008226071259791665,0.09530627276382253,0.022295073282688708,0.7076883568972651,0.8035776696106477,-0.04986077984513959
fmA0_propertystate,MO,2,5775,5775,11550,16,2.0,192,8.375,1.0,16.86858698908478,0.8642726866282583,0.0103071255206892,1,0.07434782204575499,0.022463606625969978,0.6865735522805416,0.7800751819017777,0.01644588523214338,0.08465494756644419,0.022385314206295852,0.7025095230622174,0.8499482960402592,-0.08214230420369716
fmA0_propertystate,MO,2,5775,5775,11550,16,2.0,192,8.375,1.0,37.0817828493026,0.9437736319812036,0.013258873145905029,1,0.09651669396645433,0.022264758480374694,0.7188520965003639,0.9385060552076615,-0.023377758198779127,0.10977556711235936,0.022162673330436356,0.7238525958369595,0.8528477954851641,-0.12069951386315976
fmA0_propertystate,MO,2,5775,5775,11550,16,2.0,192,8.375,1.0,33.8385088809479,0.9408457568412572,0.001473228780931382,1,0.07091899740933223,0.022566445939887738,0.6868160871984365,0.758637634732398,0.06721771294047454,0.07239222619026361,0.022547413560772882,0.716355413522035,0.8202267779128072,-0.0361920833884607
fmA0_propertystate,MO,2,5775,5775,11550,16,2.0,192,8.375,1.0,34.27369308259487,0.9343149626577089,0.0017222349625480027,1,0.10132584479111499,0.022230677144917728,0.7378482872754769,1.0012773979472684,-0.01057174322111766,0.103048079753663,0.022096081400632392,0.7647981966815516,1.0327268582318228,-0.07658831945888983
fmA0_propertystate,MO,2,5775,5775,11550,16,2.0,192,8.375,1.0,29.82347022382031,0.9329294064195188,0.008871352954800973,1,0.10061760794844178,0.022252557602320075,0.7022384546245701,0.8875493348919131,0.008226071259791665,0.10948896090324275,0.02210411976384947,0.7322485840240823,0.9113307820524095,-0.10541691760367113
fmA0_propertystate,MO,2,5775,5775,11550,16,2.0,192,8.375,1.0,8.504242598029862,0.7592506750813424,0.011655951135483608,1,0.07434782204575499,0.022463606625969978,0.6865735522805416,0.7800751819017777,0.01644588523214338,0.0860037731812386,0.022439953477728196,0.705855078253178,0.780221181074561,-0.10428858407927465
fmA0_propertystate,MO,2,5775,5775,11550,16,2.0,192,8.375,1.0,22.106684932165756,0.9071929915989749,0.024849913669088106,1,0.09651669396645433,0.022264758480374694,0.7188520965003639,0.9385060552076615,-0.023377758198779127,0.12136660763554244,0.022149532287191978,0.7258998758791891,0.8372677080809534,-0.1299565030590303
fmA0_propertystate,MO,2,5775,5775,11550,16,2.0,192,8.375,1.0,21.165328855672662,0.8944583976635637,-0.0034208175273659075,0,0.07091899740933223,0.022566445939887738,0.6868160871984365,0.758637634732398,0.06721771294047454,0.06749817988196632,0.022678220961930753,0.6931576619633915,0.6898926373366857,-0.03262249354403875
fmA0_propertystate,MO,2,5775,5775,11550,16,2.0,192,8.375,1.0,24.45429174472993,0.9175317636780917,0.004418303003224391,1,0.10132584479111499,0.022230677144917728,0.7378482872754769,1.0012773979472684,-0.01057174322111766,0.10574414779433938,0.0222492519738539,0.7544405290114562,0.8878336277546302,-0.13740508845121327
fmA0_propertystate,MO,1,5775,5775,5775,16,1.0,192,8.375,1.0,9.689455085118462,0.855275060949862,0.005658283903220623,1,0.10061760794844178,0.022252557602320075,0.7022384546245701,0.8875493348919131,0.008226071259791665,0.1062758918516624,0.02220976828242235,0.7269270825902728,1.0707207971382209,-0.1776170658552354
fmA0_propertystate,MO,1,5775,5775,5775,16,1.0,192,8.375,1.0,4.822141216164322,0.7910524648907917,0.004685759589841132,1,0.07434782204575499,0.022463606625969978,0.6865735522805416,0.7800751819017777,0.01644588523214338,0.07903358163559612,0.022436123150996874,0.7030373931776354,0.9602320967883462,-0.21455863512091258
fmA0_propertystate,MO,1,5775,5775,5775,16,1.0,192,8.375,1.0,11.076306419533084,0.8916544746375362,0.007783918107591048,1,0.09651669396645433,0.022264758480374694,0.7188520965003639,0.9385060552076615,-0.023377758198779127,0.10430061207404538,0.02226027347931246,0.7300943032827815,1.0497197663094417,-0.2674194199746164
fmA0_propertystate,MO,1,5775,5775,5775,16,1.0,192,8.375,1.0,6.409053009212056,0.8435989860336981,0.004354525856574268,1,0.07091899740933223,0.022566445939887738,0.6868160871984365,0.758637634732398,0.06721771294047454,0.0752735232659065,0.02255610075411963,0.7205070406459989,0.9827784677461048,-0.19828197062656208
fmA0_propertystate,MO,1,5775,5775,5775,16,1.0,192,8.375,1.0,8.51905522389416,0.8754314652757709,0.005403991357057547,1,0.10132584479111499,0.022230677144917728,0.7378482872754769,1.0012773979472684,-0.01057174322111766,0.10672983614817254,0.022178017432084935,0.75078110510322,1.1408760816534689,-0.25440358378570593
fmA0_propertystate,MO,1,5775,5775,5775,16,1.0,192,8.375,1.0,8.154547656256877,0.8773613548752353,-0.0022620700844915853,0,0.10061760794844178,0.022252557602320075,0.7022384546245701,0.8875493348919131,0.008226071259791665,0.0983555378639502,0.022265296445905802,0.7184454938438931,0.9093542583964004,-0.01265066946816992
fmA0_propertystate,MO,1,5775,5775,5775,16,1.0,192,8.375,1.0,9.098508331482652,0.8900888797656449,0.00903117226909389,1,0.07434782204575499,0.022463606625969978,0.6865735522805416,0.7800751819017777,0.01644588523214338,0.08337899431484888,0.02231614675382523,0.7095787025808569,0.8697141478760392,-0.003021557898690999
fmA0_propertystate,MO,1,5775,5775,5775,16,1.0,192,8.375,1.0,11.944740531080173,0.916275362639894,0.006867203942755196,1,0.09651669396645433,0.022264758480374694,0.7188520965003639,0.9385060552076615,-0.023377758198779127,0.10338389790920953,0.02226975982891206,0.7165551481603013,0.8785792022801066,-0.06746287815512722
fmA0_propertystate,MO,1,5775,5775,5775,16,1.0,192,8.375,1.0,10.165600948511386,0.9015295078610184,-0.0017608492230700018,0,0.07091899740933223,0.022566445939887738,0.6868160871984365,0.758637634732398,0.06721771294047454,0.06915814818626223,0.02260178903314008,0.6982009615796156,0.7681147639217689,0.03327285968601148
fmA0_propertystate,MO,1,5775,5775,5775,16,1.0,192,8.375,1.0,1.2266177782270002,0.1842413466027345,0.007085761525010656,1,0.10132584479111499,0.022230677144917728,0.7378482872754769,1.0012773979472684,-0.01057174322111766,0.10841160631612565,0.022158977562738106,0.7394532977615453,1.0120176969513985,-0.055693753601867665
fmA0_propertystate,MO,1,5775,5775,5775,16,1.0,192,8.375,1.0,5.18527434131963,0.6979982637556695,-0.002017752508806675,0,0.10061760794844178,0.022252557602320075,0.7022384546245701,0.8875493348919131,0.008226071259791665,0.0985998554396351,0.022365396272591462,0.7130883255103933,0.9446537600402164,0.2498851592162432
fmA0_propertystate,MO,1,5775,5775,5775,16,1.0,192,8.375,1.0,1.1131776615837312,0.18354197986822762,0.014485870028167522,1,0.07434782204575499,0.022463606625969978,0.6865735522805416,0.7800751819017777,0.01644588523214338,0.08883369207392251,0.022397662036442577,0.6978728261024639,0.8903153177528456,0.19652457887962566
fmA0_propertystate,MO,1,5775,5775,5775,16,1.0,192,8.375,1.0,12.646309869937507,0.9050465638819623,0.018824988843603133,1,0.09651669396645433,0.022264758480374694,0.7188520965003639,0.9385060552076615,-0.023377758198779127,0.11534168281005747,0.022198071906104965,0.7274977529853195,1.02978515992336,0.15805161490917802
fmA0_propertystate,MO,1,5775,5775,5775,16,1.0,192,8.375,1.0,9.876458797292843,0.8915858600100648,0.006685891882597675,1,0.07091899740933223,0.022566445939887738,0.6868160871984365,0.758637634732398,0.06721771294047454,0.07760488929192991,0.022534437184658695,0.7103348408542937,0.8890551844944566,0.20564470573731025
fmA0_propertystate,MO,1,5775,5775,5775,16,1.0,192,8.375,1.0,7.108790761510121,0.8583040108710157,-0.00038207615868751654,0,0.10132584479111499,0.022230677144917728,0.7378482872754769,1.0012773979472684,-0.01057174322111766,0.10094376863242747,0.022227382343805765,0.7443467963990699,1.1415366405115337,0.1895126270598439
fmA0_propertystate,MS,3,5775,5775,17325,16,3.0,357,15.625,1.0,55.675430198990824,0.9459268495949575,0.007662636184165045,1,0.13410562211655955,0.03981653035627037,0.7661420181864107,0.843253966600029,0.0054929394019103545,0.1417682583007246,0.03980321393568171,0.7780847436221269,1.0087150495568447,0.34116171528544115
fmA0_propertystate,MS,3,5775,5775,17325,16,3.0,357,15.625,1.0,26.807331982386366,0.8850760904795099,0.004101955478010455,1,0.14917093327342446,0.03906356605132088,0.8019741411972721,1.0859015987437213,-0.001359907078871895,0.1532728887514349,0.03935073413061268,0.8056879893912604,1.2411223962105922,0.34605240208073507
fmA0_propertystate,MS,3,5775,5775,17325,16,3.0,357,15.625,1.0,64.22036378675686,0.9524075375437483,-0.002333494229812244,0,0.12428638643320461,0.040053119236339696,0.7544242548623389,0.8089517438240702,-0.03972648729239278,0.12195289220339237,0.03994101643988503,0.7598943862086386,0.9473906429576193,0.29613598064025065
fmA0_propertystate,MS,3,5775,5775,17325,16,3.0,357,15.625,1.0,40.206840354970424,0.9253857332531212,-0.0015221622358769366,0,0.11047177768603403,0.04049012358352294,0.7416448282394544,0.750818182005444,0.02112394432076859,0.10894961545015709,0.040341134897249,0.749526395554433,0.8829252856788249,0.345181074887
fmA0_propertystate,MS,3,5775,5775,17325,16,3.0,357,15.625,1.0,53.400677656119726,0.9429226801287995,0.0024658404557001967,1,0.1630849562402338,0.03884553817839756,0.8097333606971457,1.1329725754295,-0.04601386455237383,0.165550796695934,0.03915489801447586,0.8161625410457186,1.2376766332046107,0.32099691160097193
fmA0_propertystate,MS,3,5775,5775,17325,16,3.0,357,15.625,1.0,37.73804294133623,0.9204510508835606,0.009165484707177568,1,0.13410562211655955,0.03981653035627037,0.7661420181864107,0.843253966600029,0.0054929394019103545,0.14327110682373712,0.03956292266761709,0.7792529679211923,1.0560135704040903,0.16596773961827652
fmA0_propertystate,MS,3,5775,5775,17325,16,3.0,357,15.625,1.0,17.724740438005043,0.8294274264551944,0.008132145737554775,1,0.14917093327342446,0.03906356605132088,0.8019741411972721,1.0859015987437213,-0.001359907078871895,0.15730307901097923,0.039032825530138,0.8072903510987623,1.2378006855704398,0.16647320137149674
fmA0_propertystate,MS,3,5775,5775,17325,16,3.0,357,15.625,1.0,42.37631856150598,0.928682335770338,0.0002579417946322049,1,0.12428638643320461,0.040053119236339696,0.7544242548623389,0.8089517438240702,-0.03972648729239278,0.12454432822783681,0.039755329090312666,0.757321135387724,0.9788902567323987,0.12836528730002766
fmA0_propertystate,MS,3,5775,5775,17325,16,3.0,357,15.625,1.0,46.04718871103074,0.9341064975196463,-0.0014127905272020985,0,0.11047177768603403,0.04049012358352294,0.7416448282394544,0.750818182005444,0.02112394432076859,0.10905898715883193,0.040211232451344905,0.7467558095478656,0.9215346218345939,0.17540592791949042
fmA0_propertystate,MS,3,5775,5775,17325,16,3.0,357,15.625,1.0,38.921313660116724,0.9189087908899033,0.007366978886387376,1,0.1630849562402338,0.03884553817839756,0.8097333606971457,1.1329725754295,-0.04601386455237383,0.17045193512662118,0.038870674785697557,0.8153653068956807,1.337113469957348,0.13701002149876082
fmA0_propertystate,MS,3,5775,5775,17325,16,3.0,357,15.625,1.0,24.02897962587722,0.8751450039158954,0.008892092117680911,1,0.13410562211655955,0.03981653035627037,0.7661420181864107,0.843253966600029,0.0054929394019103545,0.14299771423424046,0.03956564068218391,0.7743314283910078,1.0075522746169314,0.14261638113647365
fmA0_propertystate,MS,3,5775,5775,17325,16,3.0,357,15.625,1.0,31.73448847156117,0.905357631929318,0.004098027109349339,1,0.14917093327342446,0.03906356605132088,0.8019741411972721,1.0859015987437213,-0.001359907078871895,0.1532689603827738,0.03909164941771305,0.8042119222025763,1.173179256347027,0.13779507229987012
fmA0_propertystate,MS,3,5775,5775,17325,16,3.0,357,15.625,1.0,34.141403901322214,0.9061439697522236,0.0060291760810738115,1,0.12428638643320461,0.040053119236339696,0.7544242548623389,0.8089517438240702,-0.03972648729239278,0.13031556251427842,0.039687001096065495,0.7558529616064663,0.9475622942942608,0.1041338601627542
fmA0_propertystate,MS,3,5775,5775,17325,16,3.0,357,15.625,1.0,30.873950321393956,0.901123847704435,-0.0013766306114407073,0,0.11047177768603403,0.04049012358352294,0.7416448282394544,0.750818182005444,0.02112394432076859,0.10909514707459332,0.04015453512125548,0.75287714700682,0.9191925652351713,0.13938062923443936
fmA0_propertystate,MS,3,5775,5775,17325,16,3.0,357,15.625,1.0,37.77211448113242,0.9160930229724011,0.00671163082560583,1,0.1630849562402338,0.03884553817839756,0.8097333606971457,1.1329725754295,-0.04601386455237383,0.16979658706583964,0.03880635534037136,0.8151916519323062,1.30143636624202,0.10887804150615793
fmA0_propertystate,MS,4,5775,5775,23100,16,4.0,357,15.625,1.0,67.81264859548395,0.9409909755987322,0.005912382556161805,1,0.13410562211655955,0.03981653035627037,0.7661420181864107,0.843253966600029,0.0054929394019103545,0.14001800467272135,0.039909025395657306,0.7776071924728465,1.035226876085749,0.3959265720043702
fmA0_propertystate,MS,4,5775,5775,23100,16,4.0,357,15.625,1.0,34.75057530208299,0.8848216858515163,0.0011079662130789036,1,0.14917093327342446,0.03906356605132088,0.8019741411972721,1.0859015987437213,-0.001359907078871895,0.15027889948650336,0.03949451852161981,0.8064891702450114,1.269313505230361,0.3752984315065776
fmA0_propertystate,MS,4,5775,5775,23100,16,4.0,357,15.625,1.0,50.32113389697828,0.9122393342329382,-0.00010803993578012427,0,0.12428638643320461,0.040053119236339696,0.7544242548623389,0.8089517438240702,-0.03972648729239278,0.12417834649742449,0.03996778097752007,0.7594957691336196,0.9921054129242103,0.3594440506659223
fmA0_propertystate,MS,4,5775,5775,23100,16,4.0,357,15.625,1.0,65.75264827384184,0.9382587684895524,-0.00813049913321151,0,0.11047177768603403,0.04049012358352294,0.7416448282394544,0.750818182005444,0.02112394432076859,0.10234127855282252,0.04045983875001347,0.7493369537762062,0.9166803955663791,0.3595718044923405
fmA0_propertystate,MS,4,5775,5775,23100,16,4.0,357,15.625,1.0,51.11942310873838,0.9217311130175927,-0.00037322648538301584,0,0.1630849562402338,0.03884553817839756,0.8097333606971457,1.1329725754295,-0.04601386455237383,0.1627117297548508,0.03933146410955651,0.8135537698913867,1.3513197717174257,0.35715343729252536
fmA0_propertystate,MS,1,5775,5775,5775,16,1.0,357,15.625,1.0,39.20302172817477,0.7754186300521151,0.003267875069205617,1,0.13410562211655955,0.03981653035627037,0.7661420181864107,0.843253966600029,0.0054929394019103545,0.13737349718576516,0.03963850268975219,0.7563344594594594,1.0086455012259916,0.0036959077196714175
fmA0_propertystate,MS,1,5775,5775,5775,16,1.0,357,15.625,1.0,4.774972876370697,0.7815241104891325,-0.001677044219575069,0,0.14917093327342446,0.03906356605132088,0.8019741411972721,1.0859015987437213,-0.001359907078871895,0.1474938890538494,0.039093045552149965,0.7978537825208385,1.270552000791098,-0.1019982659911109
fmA0_propertystate,MS,1,5775,5775,5775,16,1.0,357,15.625,1.0,40.469938366439195,0.972538432671201,0.0074306998575413286,1,0.12428638643320461,0.040053119236339696,0.7544242548623389,0.8089517438240702,-0.03972648729239278,0.13171708629074594,0.03964650461510734,0.7534770459712049,0.9799174263815281,-0.0037256881938415288
fmA0_propertystate,MS,1,5775,5775,5775,16,1.0,357,15.625,1.0,43.060378577943325,0.969588114430453,0.0009912804754570598,1,0.11047177768603403,0.04049012358352294,0.7416448282394544,0.750818182005444,0.02112394432076859,0.11146305816149109,0.0400440192469144,0.7494435147764588,1.002092658672829,-0.09724097946552736
fmA0_propertystate,MS,1,5775,5775,5775,16,1.0,357,15.625,1.0,30.895623799575652,0.9676259349241125,-0.0018518503157325672,0,0.1630849562402338,0.03884553817839756,0.8097333606971457,1.1329725754295,-0.04601386455237383,0.16123310592450124,0.0388957907857966,0.8055616948724426,1.371604797278252,-0.05890473373057903
fmA0_propertystate,MS,3,5775,5775,17325,16,3.0,357,15.625,1.0,86.27897418720497,0.9649441245138289,0.012103933264022232,1,0.13410562211655955,0.03981653035627037,0.7661420181864107,0.843253966600029,0.0054929394019103545,0.14620955538058178,0.03954524471428698,0.7721133809042686,1.0058248390152447,0.1698637115782751
fmA0_propertystate,MS,3,5775,5775,17325,16,3.0,357,15.625,1.0,23.782118398227674,0.8614323613643664,0.0003187981655408678,1,0.14917093327342446,0.03906356605132088,0.8019741411972721,1.0859015987437213,-0.001359907078871895,0.14948973143896532,0.039146190747374146,0.8058576976509219,1.222188157700722,0.1642526009852107
fmA0_propertystate,MS,3,5775,5775,17325,16,3.0,357,15.625,1.0,91.87638605612052,0.9658468462091896,0.00885214072444862,1,0.12428638643320461,0.040053119236339696,0.7544242548623389,0.8089517438240702,-0.03972648729239278,0.13313852715765323,0.03972163403104158,0.7612441588785047,0.9322739556911936,0.14676742857181574
fmA0_propertystate,MS,3,5775,5775,17325,16,3.0,357,15.625,1.0,70.12452015140538,0.9572019240129799,-0.0010657039211521002,0,0.11047177768603403,0.04049012358352294,0.7416448282394544,0.750818182005444,0.02112394432076859,0.10940607376488193,0.04017630108532909,0.7501618148522353,0.9133065291906584,0.17091919731095984
fmA0_propertystate,MS,3,5775,5775,17325,16,3.0,357,15.625,1.0,80.16170009793507,0.9625120486870112,0.004706352771397082,1,0.1630849562402338,0.03884553817839756,0.8097333606971457,1.1329725754295,-0.04601386455237383,0.1677913090116309,0.03889982718271862,0.8149469563020965,1.2574786091640549,0.1504708686189301
fmA0_propertystate,MS,2,5775,5775,11550,16,2.0,357,15.625,1.0,82.93427143756146,0.9757750676943109,0.004051324064017703,1,0.13410562211655955,0.03981653035627037,0.7661420181864107,0.843253966600029,0.0054929394019103545,0.13815694618057725,0.03958220678071619,0.7662801528163677,1.0654206377125388,-0.04510855070378766
fmA0_propertystate,MS,2,5775,5775,11550,16,2.0,357,15.625,1.0,28.018144514984414,0.9161164497617222,0.0017642565070670746,1,0.14917093327342446,0.03906356605132088,0.8019741411972721,1.0859015987437213,-0.001359907078871895,0.15093518978049153,0.0389912794644443,0.8060944998737054,1.3528790981653793,-0.10605374129114627
fmA0_propertystate,MS,2,5775,5775,11550,16,2.0,357,15.625,1.0,58.7503547262681,0.9658856405026046,0.00437724946617693,1,0.12428638643320461,0.040053119236339696,0.7544242548623389,0.8089517438240702,-0.03972648729239278,0.12866363589938154,0.03967461607466445,0.7558213879767618,1.0281588246596172,-0.05500792816595593
fmA0_propertystate,MS,2,5775,5775,11550,16,2.0,357,15.625,1.0,75.20935948698131,0.973202101716979,-0.0011109193597508699,0,0.11047177768603403,0.04049012358352294,0.7416448282394544,0.750818182005444,0.02112394432076859,0.10936085832628316,0.04010375064740459,0.7519378315231118,1.0262400248660974,-0.09606867842079402
fmA0_propertystate,MS,2,5775,5775,11550,16,2.0,357,15.625,1.0,79.85146400411458,0.9749349576996067,0.005477902602270324,1,0.1630849562402338,0.03884553817839756,0.8097333606971457,1.1329725754295,-0.04601386455237383,0.16856285884250413,0.03877766245734036,0.8130604319272543,1.4579973708717848,-0.06661412959323482
fmA0_propertystate,MS,2,5775,5775,11550,16,2.0,357,15.625,1.0,50.31142267518445,0.9452135494524959,0.005588932253649648,1,0.13410562211655955,0.03981653035627037,0.7661420181864107,0.843253966600029,0.0054929394019103545,0.1396945543702092,0.03967270472553304,0.7593773680222279,1.0010413019017614,0.14175322581014602
fmA0_propertystate,MS,2,5775,5775,11550,16,2.0,357,15.625,1.0,49.47502153265435,0.9589077711240768,-0.003470232326034023,0,0.14917093327342446,0.03906356605132088,0.8019741411972721,1.0859015987437213,-0.001359907078871895,0.14570070094739043,0.03917634838839834,0.7972736170750189,1.228783526323681,0.06592727839695947
fmA0_propertystate,MS,2,5775,5775,11550,16,2.0,357,15.625,1.0,55.043693188321015,0.9636442462765076,0.008997211592724097,1,0.12428638643320461,0.040053119236339696,0.7544242548623389,0.8089517438240702,-0.03972648729239278,0.1332835980259287,0.039628035480925194,0.7543808411214953,0.9811173693321362,0.09352330240565564
fmA0_propertystate,MS,2,5775,5775,11550,16,2.0,357,15.625,1.0,66.10861075458209,0.9697210060519648,0.001329598666408624,1,0.11047177768603403,0.04049012358352294,0.7416448282394544,0.750818182005444,0.02112394432076859,0.11180137635244265,0.04001983063317259,0.7533665382672391,0.9799278463479572,0.06600566799173754
fmA0_propertystate,MS,2,5775,5775,11550,16,2.0,357,15.625,1.0,56.03610625081703,0.9601774171558721,0.004665538103458627,1,0.1630849562402338,0.03884553817839756,0.8097333606971457,1.1329725754295,-0.04601386455237383,0.16775049434369244,0.03886843634062178,0.8100885640313209,1.3657926522855257,0.055671248600385845
fmA0_propertystate,MS,4,5775,5775,23100,16,4.0,357,15.625,1.0,43.6564504620807,0.9082250983081177,0.008692562135991982,1,0.13410562211655955,0.03981653035627037,0.7661420181864107,0.843253966600029,0.0054929394019103545,0.14279818425255153,0.039727038970165676,0.7751128757261934,0.9997363560230709,0.28827502079128053
fmA0_propertystate,MS,4,5775,5775,23100,16,4.0,357,15.625,1.0,29.099099693785455,0.8562255420554952,0.005953679482408797,1,0.14917093327342446,0.03906356605132088,0.8019741411972721,1.0859015987437213,-0.001359907078871895,0.15512461275583325,0.039291237648009625,0.8068364801717605,1.2444489611344625,0.3187991185869953
fmA0_propertystate,MS,4,5775,5775,23100,16,4.0,357,15.625,1.0,82.34412810622297,0.9494264556329172,0.0001207494011301602,1,0.12428638643320461,0.040053119236339696,0.7544242548623389,0.8089517438240702,-0.03972648729239278,0.12440713583433477,0.03989649658570553,0.7617493369537762,0.9388901411673021,0.26085575001517813
fmA0_propertystate,MS,4,5775,5775,23100,16,4.0,357,15.625,1.0,71.42042434333067,0.9412062642308259,-0.0036680833939366636,0,0.11047177768603403,0.04049012358352294,0.7416448282394544,0.750818182005444,0.02112394432076859,0.10680369429209736,0.04042779768638998,0.7425683569083102,0.8490051198815467,0.3158477810299928
fmA0_propertystate,MS,4,5775,5775,23100,16,4.0,357,15.625,1.0,32.01217215645588,0.8709929057325569,0.00620217352258981,1,0.1630849562402338,0.03884553817839756,0.8097333606971457,1.1329725754295,-0.04601386455237383,0.16928712976282362,0.039050579761172384,0.8152982129325586,1.2422727460101806,0.2707438897671327
fmA0_propertystate,MS,2,5775,5775,11550,16,2.0,357,15.625,1.0,36.95567850676841,0.9437524558467323,0.005403456014479807,1,0.13410562211655955,0.03981653035627037,0.7661420181864107,0.843253966600029,0.0054929394019103545,0.13950907813103935,0.03969562068507067,0.7751128757261935,0.9882840373451128,0.1768309954378639
fmA0_propertystate,MS,2,5775,5775,11550,16,2.0,357,15.625,1.0,27.9896465033035,0.925441657586838,0.006714284348077804,1,0.14917093327342446,0.03906356605132088,0.8019741411972721,1.0859015987437213,-0.001359907078871895,0.15588521762150226,0.03917336322606927,0.8068522669866128,1.2784197726653141,0.20940208157291182
fmA0_propertystate,MS,2,5775,5775,11550,16,2.0,357,15.625,1.0,33.92005873615158,0.9357808565843859,-0.0002931150530185861,0,0.12428638643320461,0.040053119236339696,0.7544242548623389,0.8089517438240702,-0.03972648729239278,0.12399327138018602,0.03981531239999189,0.7573290287951503,0.939735253420829,0.1600676564817713
fmA0_propertystate,MS,2,5775,5775,11550,16,2.0,357,15.625,1.0,34.29557805967802,0.9351337646207369,-0.005909469077247334,0,0.11047177768603403,0.04049012358352294,0.7416448282394544,0.750818182005444,0.02112394432076859,0.1045623086087867,0.040418436462633205,0.7416487749431674,0.8327416962159524,0.19697691357864122
fmA0_propertystate,MS,2,5775,5775,11550,16,2.0,357,15.625,1.0,20.124610240733038,0.8912323391908843,0.0012536810931459696,1,0.1630849562402338,0.03884553817839756,0.8097333606971457,1.1329725754295,-0.04601386455237383,0.16433863733337978,0.03893503882704966,0.8144615117453904,1.2347011014654383,0.16264488283903686
fmA0_propertystate,MS,2,5775,5775,11550,16,2.0,357,15.625,1.0,39.43679866696987,0.9485861461857401,0.00428897701067385,1,0.13410562211655955,0.03981653035627037,0.7661420181864107,0.843253966600029,0.0054929394019103545,0.1383945991272334,0.03974402603871932,0.7738301970194493,1.045918883026057,0.222737163663819
fmA0_propertystate,MS,2,5775,5775,11550,16,2.0,357,15.625,1.0,22.62773006570103,0.9100812108102837,0.006841312811032174,1,0.14917093327342446,0.03906356605132088,0.8019741411972721,1.0859015987437213,-0.001359907078871895,0.15601224608445663,0.039205351252310186,0.8064497032078808,1.3152233328798442,0.23843322284810828
fmA0_propertystate,MS,2,5775,5775,11550,16,2.0,357,15.625,1.0,45.437672825979725,0.9552960890334777,-0.002202274275444907,0,0.12428638643320461,0.040053119236339696,0.7544242548623389,0.8089517438240702,-0.03972648729239278,0.1220841121577597,0.03984812952812738,0.7553319967163424,0.978803434862732,0.19071604517456198
fmA0_propertystate,MS,2,5775,5775,11550,16,2.0,357,15.625,1.0,42.824404887901935,0.9520718805720841,-0.0037286427136031808,0,0.11047177768603403,0.04049012358352294,0.7416448282394544,0.750818182005444,0.02112394432076859,0.10674313497243085,0.04039436207424531,0.7382230361202323,0.866928065532033,0.2324824511927616
fmA0_propertystate,MS,2,5775,5775,11550,16,2.0,357,15.625,1.0,12.940052676574343,0.8262050522134478,0.005113321810089638,1,0.1630849562402338,0.03884553817839756,0.8097333606971457,1.1329725754295,-0.04601386455237383,0.16819827805032345,0.0390002052468805,0.8119829818135892,1.3259706097045265,0.18447816792560132
fmA0_propertystate,MS,2,5775,5775,11550,16,2.0,357,15.625,1.0,24.971352635415013,0.9198415011467496,0.0056067617441684925,1,0.13410562211655955,0.03981653035627037,0.7661420181864107,0.843253966600029,0.0054929394019103545,0.13971238386072804,0.03961317822186339,0.7732539782773427,0.9362233395688617,0.14504303632826618
fmA0_propertystate,MS,2,5775,5775,11550,16,2.0,357,15.625,1.0,17.36571621743013,0.837020358606734,0.002751642394518833,1,0.14917093327342446,0.03906356605132088,0.8019741411972721,1.0859015987437213,-0.001359907078871895,0.1519225756679433,0.03905330743320171,0.80780342258146,1.1607292979483,0.14897148220917375
fmA0_propertystate,MS,2,5775,5775,11550,16,2.0,357,15.625,1.0,20.010143813077114,0.9000163384201789,0.0025541092082464467,1,0.12428638643320461,0.040053119236339696,0.7544242548623389,0.8089517438240702,-0.03972648729239278,0.12684049564145106,0.03982825104824425,0.7590892586511745,0.8810697721187883,0.10504208378794988
fmA0_propertystate,MS,2,5775,5775,11550,16,2.0,357,15.625,1.0,42.57838132913936,0.9530063392062206,-0.003125640879441824,0,0.11047177768603403,0.04049012358352294,0.7416448282394544,0.750818182005444,0.02112394432076859,0.1073461368065922,0.04035808428306585,0.7443483202828997,0.8245129377051974,0.15974564677505068
fmA0_propertystate,MS,2,5775,5775,11550,16,2.0,357,15.625,1.0,27.203389096031508,0.9260909315777992,0.005616095625176898,1,0.1630849562402338,0.03884553817839756,0.8097333606971457,1.1329725754295,-0.04601386455237383,0.1687010518654107,0.03881741329375392,0.8150850909320534,1.2163829955859722,0.12581079349687932
fmA0_propertystate,MT,3,5775,5775,17325,16,3.0,165,7.25,1.0,41.68450608255095,0.9280288137389561,0.014089093725095467,1,0.09224337660476567,0.01876740607579131,0.7732893652102225,0.9004979415297222,-0.05653647347349309,0.10633247032986114,0.01869944282144864,0.7784460857714892,1.2213550388674654,-0.3019495708087814
fmA0_propertystate,MT,3,5775,5775,17325,16,3.0,165,7.1875,1.0,37.14036729504218,0.9090754640205281,0.006579468314552403,1,0.0626939001579702,0.019414249772190435,0.778680412371134,0.9501245181579037,0.06973097899537585,0.0692733684725226,0.019325132978170206,0.7910845360824743,1.236284394184232,-0.24327818399118847
fmA0_propertystate,MT,3,5775,5775,17325,16,3.0,165,7.25,1.0,42.823380976871114,0.9299205611532322,0.0017833796224553528,1,0.06101690938734122,0.019599261645222417,0.7380840217373016,0.6440198194429194,-0.06883628981575517,0.06280028900979658,0.01927269688963402,0.7379410131736124,0.8938154461609181,-0.2884576868010957
fmA0_propertystate,MT,3,5775,5775,17325,16,3.0,165,7.25,1.0,40.26934107722361,0.919459295974015,0.005978041285329791,1,0.08857564308863104,0.01888604767340914,0.7581641065329676,0.8978269625213136,-0.008490762420571549,0.09455368437396083,0.018833085666982382,0.7849319447482209,1.317248594849958,-0.25948929244061303
fmA0_propertystate,MT,3,5775,5775,17325,16,3.0,165,7.25,1.0,63.47363578033387,0.952736225573086,0.01236826946625029,1,0.08335915023275019,0.01894397095985712,0.7540589195282399,0.8469915847131531,-0.02234562086022434,0.09572741969900048,0.018879066684292043,0.773676329559029,1.2425566360591165,-0.27804487659972565
fmA0_propertystate,MT,3,5775,5775,17325,16,3.0,165,7.25,1.0,73.56600538501623,0.959209462366583,0.01679658065831721,1,0.09224337660476567,0.01876740607579131,0.7732893652102225,0.9004979415297222,-0.05653647347349309,0.10903995726308288,0.018664014020858988,0.7576257213520197,0.9585309958947384,-0.07641296184360782
fmA0_propertystate,MT,3,5775,5775,17325,16,3.0,165,7.1875,1.0,48.55772995129322,0.9345859388288139,0.0128904640618248,1,0.0626939001579702,0.019414249772190435,0.778680412371134,0.9501245181579037,0.06973097899537585,0.075584364219795,0.019254916148216027,0.7854515463917526,1.135719350745786,-0.0232760659290377
fmA0_propertystate,MT,3,5775,5775,17325,16,3.0,165,7.25,1.0,36.54433077327849,0.9147712812913094,0.00021657715208718564,1,0.06101690938734122,0.019599261645222417,0.7380840217373016,0.6440198194429194,-0.06883628981575517,0.06123348653942841,0.019131039398064136,0.7196948029005501,0.7472868771391061,-0.09109465777475992
fmA0_propertystate,MT,3,5775,5775,17325,16,3.0,165,7.25,1.0,41.1588402010906,0.9266796432752668,-0.002645569390910138,0,0.08857564308863104,0.01888604767340914,0.7581641065329676,0.8978269625213136,-0.008490762420571549,0.0859300736977209,0.01883487316893029,0.7632787657519727,1.0083393143969657,-0.05218366882589055
fmA0_propertystate,MT,3,5775,5775,17325,16,3.0,165,7.25,1.0,33.64389464778185,0.9091028643037304,0.006806235484003914,1,0.08335915023275019,0.01894397095985712,0.7540589195282399,0.8469915847131531,-0.02234562086022434,0.0901653857167541,0.018869387072889935,0.773895048538789,1.0753823612682065,-0.08509593736004319
fmA0_propertystate,MT,3,5775,5775,17325,16,3.0,165,7.25,1.0,80.42051679527984,0.9607288515393843,0.010923820756160565,1,0.09224337660476567,0.01876740607579131,0.7732893652102225,0.9004979415297222,-0.05653647347349309,0.10316719736092624,0.0186951435644649,0.7616467856722244,1.0558566215020346,-0.19904448039881817
fmA0_propertystate,MT,3,5775,5775,17325,16,3.0,165,7.1875,1.0,27.405911186597258,0.8900684167835309,0.009731303279458606,1,0.0626939001579702,0.019414249772190435,0.778680412371134,0.9501245181579037,0.06973097899537585,0.07242520343742881,0.0192731059726512,0.7887752577319588,1.2476100812344926,-0.17340733402000152
fmA0_propertystate,MT,3,5775,5775,17325,16,3.0,165,7.25,1.0,35.30795354168445,0.9103736937581881,0.002774961613206811,1,0.06101690938734122,0.019599261645222417,0.7380840217373016,0.6440198194429194,-0.06883628981575517,0.06379187100054803,0.01917087946007319,0.7398842471860962,0.8815962862397002,-0.22667115054697054
fmA0_propertystate,MT,3,5775,5775,17325,16,3.0,165,7.25,1.0,51.433671041451724,0.9415632304947263,0.0005234739683249029,1,0.08857564308863104,0.01888604767340914,0.7581641065329676,0.8978269625213136,-0.008490762420571549,0.08909911705695595,0.018835661361981997,0.7688392751989501,1.1463073419129615,-0.1995893859587876
fmA0_propertystate,MT,3,5775,5775,17325,16,3.0,165,7.25,1.0,27.273011689469588,0.8863337587186533,-0.008772312309433608,0,0.08335915023275019,0.01894397095985712,0.7540589195282399,0.8469915847131531,-0.02234562086022434,0.07458683792331658,0.018985332943465535,0.7667193835489678,1.0743692454346891,-0.20225304138219174
fmA0_propertystate,MT,3,5775,5775,17325,16,3.0,165,7.25,1.0,50.48734711199457,0.9405105165610401,0.023258400878932897,1,0.09224337660476567,0.01876740607579131,0.7732893652102225,0.9004979415297222,-0.05653647347349309,0.11550177748369857,0.018795352392683543,0.7669549270656325,1.038941438065892,-0.3710180191236747
fmA0_propertystate,MT,3,5775,5775,17325,16,3.0,165,7.1875,1.0,56.33526233492913,0.9453616297724154,0.009245403116323506,1,0.0626939001579702,0.019414249772190435,0.778680412371134,0.9501245181579037,0.06973097899537585,0.07193930327429371,0.01932246219178557,0.7858721649484536,1.2006161710925607,-0.2840060453377715
fmA0_propertystate,MT,3,5775,5775,17325,16,3.0,165,7.25,1.0,92.57103538113145,0.9673048198602436,0.005889317381428588,1,0.06101690938734122,0.019599261645222417,0.7380840217373016,0.6440198194429194,-0.06883628981575517,0.06690622676876981,0.01912634076332899,0.7475309992092468,0.9194300818779282,-0.32297042101553963
fmA0_propertystate,MT,3,5775,5775,17325,16,3.0,165,7.25,1.0,76.69350608494844,0.9608812066997661,-0.011601782018177437,0,0.08857564308863104,0.01888604767340914,0.7581641065329676,0.8978269625213136,-0.008490762420571549,0.0769738610704536,0.018947509023832014,0.7711694735602403,1.0833859081132975,-0.3164566770625727
fmA0_propertystate,MT,3,5775,5775,17325,16,3.0,165,7.25,1.0,71.14343845450915,0.9553245319995032,0.011140075189080223,1,0.08335915023275019,0.01894397095985712,0.7540589195282399,0.8469915847131531,-0.02234562086022434,0.09449922542183041,0.01885740170949995,0.7778151656375658,1.1985341362497626,-0.324924811418784
fmA0_propertystate,MT,1,5775,5775,5775,16,1.0,165,7.25,1.0,15.386811696989486,0.9347793899509356,0.01763331285997885,1,0.09224337660476567,0.01876740607579131,0.7732893652102225,0.9004979415297222,-0.05653647347349309,0.10987668946474452,0.018752437399221944,0.7783367262816091,1.1809414406744347,-0.40234205203992873
fmA0_propertystate,MT,1,5775,5775,5775,16,1.0,165,7.1875,1.0,3.6902953427429837,0.701638126271166,0.007349297157271117,1,0.0626939001579702,0.019414249772190435,0.778680412371134,0.9501245181579037,0.06973097899537585,0.07004319731524132,0.019365719476027797,0.7900865979381443,1.258834736867484,-0.3774112409604326
fmA0_propertystate,MT,1,5775,5775,5775,16,1.0,165,7.25,1.0,7.655539209105715,0.867848593848785,0.011608573262462285,1,0.06101690938734122,0.019599261645222417,0.7380840217373016,0.6440198194429194,-0.06883628981575517,0.07262548264980351,0.01948905397041696,0.7372343826236183,0.795794827897957,-0.4074047027670038
fmA0_propertystate,MT,1,5775,5775,5775,16,1.0,165,7.25,1.0,12.1130821580009,0.9173433024321984,-0.003630911552398766,0,0.08857564308863104,0.01888604767340914,0.7581641065329676,0.8978269625213136,-0.008490762420571549,0.08494473153623228,0.019009367999901224,0.7721789457745175,1.181280445902702,-0.40958451594693746
fmA0_propertystate,MT,1,5775,5775,5775,16,1.0,165,7.25,1.0,11.326038866230501,0.9096999035968584,-0.0004884583158990263,0,0.08335915023275019,0.01894397095985712,0.7540589195282399,0.8469915847131531,-0.02234562086022434,0.08287069191685116,0.019095469644723854,0.755278698453825,1.0882060447747088,-0.42782385406943524
fmA0_propertystate,MT,3,5775,5775,17325,16,3.0,165,7.25,1.0,86.92816125182223,0.9654872605878722,0.033000879060325894,1,0.09224337660476567,0.01876740607579131,0.7732893652102225,0.9004979415297222,-0.05653647347349309,0.12524425566509156,0.01872036752718186,0.7813314938506318,1.1790384076642748,-0.4879554374495097
fmA0_propertystate,MT,3,5775,5775,17325,16,3.0,165,7.1875,1.0,31.403017510216422,0.9044584515428375,0.01304784369909913,1,0.0626939001579702,0.019414249772190435,0.778680412371134,0.9501245181579037,0.06973097899537585,0.07574174385706933,0.01936935549728956,0.7920329896907216,1.2547862060177961,-0.4364084389570344
fmA0_propertystate,MT,3,5775,5775,17325,16,3.0,165,7.25,1.0,70.06928027798341,0.9571835956193016,0.006644954781763343,1,0.06101690938734122,0.019599261645222417,0.7380840217373016,0.6440198194429194,-0.06883628981575517,0.06766186416910457,0.019493902379448747,0.7402712115349025,0.8525646913129881,-0.4719743358008421
fmA0_propertystate,MT,3,5775,5775,17325,16,3.0,165,7.25,1.0,91.693625409184,0.9667592726441554,0.012805688235690463,1,0.08857564308863104,0.01888604767340914,0.7581641065329676,0.8978269625213136,-0.008490762420571549,0.1013813313243215,0.01898189530099271,0.7780759459595874,1.15845789956571,-0.4673498520024409
fmA0_propertystate,MT,3,5775,5775,17325,16,3.0,165,7.25,1.0,77.93205856958262,0.9614007809604709,0.01974869895573461,1,0.08335915023275019,0.01894397095985712,0.7540589195282399,0.8469915847131531,-0.02234562086022434,0.1031078491884848,0.018981896677485757,0.775249423759611,1.2093196295627844,-0.4688140894466905
fmA0_propertystate,MT,3,5775,5775,17325,16,3.0,165,7.25,1.0,31.21896598811179,0.9038814821858394,-0.0008793876059350614,0,0.09224337660476567,0.01876740607579131,0.7732893652102225,0.9004979415297222,-0.05653647347349309,0.09136398899883061,0.018739730351930564,0.7702777731042953,1.0166302709936579,-0.1095465109567131
fmA0_propertystate,MT,3,5775,5775,17325,16,3.0,165,7.1875,1.0,15.20486847161484,0.8018378190725923,0.005625768428677749,1,0.0626939001579702,0.019414249772190435,0.778680412371134,0.9501245181579037,0.06973097899537585,0.06831966858664795,0.019347216450218255,0.7706474226804123,1.0678866264560363,-0.06657961316679752
fmA0_propertystate,MT,3,5775,5775,17325,16,3.0,165,7.25,1.0,36.31657646848124,0.9130745917804162,-0.002238227766934893,0,0.06101690938734122,0.019599261645222417,0.7380840217373016,0.6440198194429194,-0.06883628981575517,0.05877868162040633,0.0191895860821027,0.7358547705974393,0.8170721508540807,-0.11130923814114797
fmA0_propertystate,MT,3,5775,5775,17325,16,3.0,165,7.25,1.0,40.44882343542248,0.9243585276884576,-0.00981931211961723,0,0.08857564308863104,0.01888604767340914,0.7581641065329676,0.8978269625213136,-0.008490762420571549,0.07875633096901381,0.018860516565511964,0.7715564379090465,1.0496718748010738,-0.09156571277922416
fmA0_propertystate,MT,3,5775,5775,17325,16,3.0,165,7.25,1.0,29.45695230133142,0.8975625288213773,0.02103862797500966,1,0.08335915023275019,0.01894397095985712,0.7540589195282399,0.8469915847131531,-0.02234562086022434,0.10439777820775985,0.018787474894721698,0.7843683227619159,1.1753813137715312,-0.09406888006638307
fmA0_propertystate,MT,2,5775,5775,11550,16,2.0,165,7.25,1.0,28.92976686312903,0.9299005585848454,0.016136004241203927,1,0.09224337660476567,0.01876740607579131,0.7732893652102225,0.9004979415297222,-0.05653647347349309,0.1083793808459696,0.018684255039239966,0.7736679172905766,1.0175569201619077,-0.17767918458729484
fmA0_propertystate,MT,2,5775,5775,11550,16,2.0,165,7.1875,1.0,8.609241433446979,0.7640426594910363,0.00945853730133936,1,0.0626939001579702,0.019414249772190435,0.778680412371134,0.9501245181579037,0.06973097899537585,0.07215243745930956,0.019294359505889574,0.789319587628866,1.155963481232635,-0.07961348556512027
fmA0_propertystate,MT,2,5775,5775,11550,16,2.0,165,7.25,1.0,31.01341688333998,0.9338269988906212,-0.0035597279883410743,0,0.06101690938734122,0.019599261645222417,0.7380840217373016,0.6440198194429194,-0.06883628981575517,0.05745718139900015,0.01919493275882453,0.7405404041253765,0.8051003759641232,-0.1315131892949482
fmA0_propertystate,MT,2,5775,5775,11550,16,2.0,165,7.25,1.0,5.428351112057571,0.6271619457660198,-0.006949229615031735,0,0.08857564308863104,0.01888604767340914,0.7581641065329676,0.8978269625213136,-0.008490762420571549,0.08162641347359931,0.018828946571977218,0.7773020172619749,1.0857437762920137,-0.12501431829067838
fmA0_propertystate,MT,2,5775,5775,11550,16,2.0,165,7.25,1.0,35.58165483397785,0.9367302550936331,0.012336415826538868,1,0.08335915023275019,0.01894397095985712,0.7540589195282399,0.8469915847131531,-0.02234562086022434,0.09569556605928906,0.018839836895965054,0.7721200598953515,1.06825536919011,-0.1275827741099303
fmA0_propertystate,MT,1,5775,5775,5775,16,1.0,165,7.25,1.0,10.879911818195271,0.9056086548446094,0.023699760416914434,1,0.09224337660476567,0.01876740607579131,0.7732893652102225,0.9004979415297222,-0.05653647347349309,0.1159431370216801,0.01871973478701528,0.7746437404310446,0.9526992022195125,-0.2650753967280121
fmA0_propertystate,MT,1,5775,5775,5775,16,1.0,165,7.1875,1.0,7.394213817593282,0.8647286836633199,0.003302200219532439,1,0.0626939001579702,0.019414249772190435,0.778680412371134,0.9501245181579037,0.06973097899537585,0.06599610037750264,0.019383506400894705,0.7837525773195877,1.032609809113502,-0.1675320494650469
fmA0_propertystate,MT,1,5775,5775,5775,16,1.0,165,7.25,1.0,8.19977434440474,0.8774945597101803,-0.0029348748828056034,0,0.06101690938734122,0.019599261645222417,0.7380840217373016,0.6440198194429194,-0.06883628981575517,0.05808203450453562,0.01941645969574028,0.7389420731194374,0.7371142256275102,-0.23490335929184789
fmA0_propertystate,MT,1,5775,5775,5775,16,1.0,165,7.25,1.0,3.079884466733497,0.6607955268211443,-0.0031816794826690226,0,0.08857564308863104,0.01888604767340914,0.7581641065329676,0.8978269625213136,-0.008490762420571549,0.08539396360596202,0.01887780450164155,0.7701768258828675,0.9594655015683188,-0.20305849509284327
fmA0_propertystate,MT,1,5775,5775,5775,16,1.0,165,7.25,1.0,5.154095801500716,0.8046875722846439,0.022900287429911806,1,0.08335915023275019,0.01894397095985712,0.7540589195282399,0.8469915847131531,-0.02234562086022434,0.10625943766266199,0.018814865633310314,0.7734912596530781,1.030712621401485,-0.21025249850453118
fmA0_propertystate,MT,1,5775,5775,5775,16,1.0,165,7.25,1.0,15.118825411779214,0.9118214213463134,0.0023341781656027044,1,0.09224337660476567,0.01876740607579131,0.7732893652102225,0.9004979415297222,-0.05653647347349309,0.09457755477036837,0.018773179662594723,0.7708498073590525,1.065510353200936,-0.28134524070019945
fmA0_propertystate,MT,1,5775,5775,5775,16,1.0,165,7.1875,1.0,2.5579342524346362,0.5774538417254711,0.004398621658842583,1,0.0626939001579702,0.019414249772190435,0.778680412371134,0.9501245181579037,0.06973097899537585,0.06709252181681279,0.019351631780322714,0.7820123711340206,1.1689744579664423,-0.20961594439114312
fmA0_propertystate,MT,1,5775,5775,5775,16,1.0,165,7.25,1.0,16.36489817151693,0.938806859814422,0.004463285295303876,1,0.06101690938734122,0.019599261645222417,0.7380840217373016,0.6440198194429194,-0.06883628981575517,0.0654801946826451,0.019203982747060377,0.745074616821172,0.8827401794426519,-0.2949181928896071
fmA0_propertystate,MT,1,5775,5775,5775,16,1.0,165,7.25,1.0,7.606961714469081,0.8313160718832076,0.00041681545690515354,1,0.08857564308863104,0.01888604767340914,0.7581641065329676,0.8978269625213136,-0.008490762420571549,0.0889924585455362,0.018894287069051368,0.7640526944495852,1.1114764728762632,-0.26530076916323286
fmA0_propertystate,MT,1,5775,5775,5775,16,1.0,165,7.25,1.0,8.986020876694802,0.8863025033824785,0.0030427957425601254,1,0.08335915023275019,0.01894397095985712,0.7540589195282399,0.8469915847131531,-0.02234562086022434,0.08640194597531031,0.018942480487522617,0.767022225213251,1.0842488856680337,-0.2838293485636125
fmA0_propertystate,MT,2,5775,5775,11550,16,2.0,165,7.25,1.0,27.15346161863088,0.9262929346567697,0.000800000655139646,1,0.09224337660476567,0.01876740607579131,0.7732893652102225,0.9004979415297222,-0.05653647347349309,0.09304337725990532,0.01874606127596909,0.7746269158941401,1.1314554374151755,-0.08058158577450315
fmA0_propertystate,MT,2,5775,5775,11550,16,2.0,165,7.1875,1.0,19.919899099479533,0.8984553784182456,0.0034626245095613906,1,0.0626939001579702,0.019414249772190435,0.778680412371134,0.9501245181579037,0.06973097899537585,0.0661565246675316,0.019341069913851615,0.7761154639175257,1.1834294333897104,-0.04739338035612332
fmA0_propertystate,MT,2,5775,5775,11550,16,2.0,165,7.25,1.0,17.152678816239124,0.8827523540718332,-0.0012648878789043583,0,0.06101690938734122,0.019599261645222417,0.7380840217373016,0.6440198194429194,-0.06883628981575517,0.059752021508436864,0.019136991208222865,0.7446540033985566,0.9101222857261693,-0.11647269263269916
fmA0_propertystate,MT,2,5775,5775,11550,16,2.0,165,7.25,1.0,36.75359603014264,0.9366548072999321,-0.01036222380259147,0,0.08857564308863104,0.01888604767340914,0.7581641065329676,0.8978269625213136,-0.008490762420571549,0.07821341928603957,0.018883398379366645,0.7692094150108518,1.1781098663149177,-0.10050245933053412
fmA0_propertystate,MT,2,5775,5775,11550,16,2.0,165,7.25,1.0,21.488407633507578,0.9063628663911706,0.014174209010991909,1,0.08335915023275019,0.01894397095985712,0.7540589195282399,0.8469915847131531,-0.02234562086022434,0.0975333592437421,0.01884527583306141,0.7795060315964802,1.2769705740722248,-0.09312938231893801
fmA0_propertystate,NE,3,5775,5775,17325,16,3.0,171,7.5,1.0,47.73991220098001,0.9347563313329362,0.0002826997292528083,1,0.11041843028938958,0.019340220487650436,0.8471170646476411,1.0921859608467095,-0.06477223148564817,0.11070113001864239,0.01925956606215549,0.8428298712224164,1.3201681693897507,-0.2588936555418012
fmA0_propertystate,NE,3,5775,5775,17325,16,3.0,171,7.5,1.0,37.83271909205614,0.916749578769356,-0.012532111715280417,0,0.12077593659782093,0.019237174976529967,0.8370300265320649,1.1202928402844858,-0.027485959909984543,0.10824382488254052,0.019294595584186565,0.8416246036368342,1.3160824321001523,-0.23991925048324578
fmA0_propertystate,NE,3,5775,5775,17325,16,3.0,171,7.5,1.0,58.643130080811446,0.9411055846849259,-0.0016810843543437065,0,0.07975128668256379,0.01968662920244643,0.7925726396169029,0.8417461289375336,0.018034335824934522,0.07807020232822008,0.01968623275117488,0.783318773053776,0.9888062322743911,-0.19688947632856646
fmA0_propertystate,NE,3,5775,5775,17325,16,3.0,171,7.5,1.0,96.07395683010151,0.9673359088540145,0.0025152942391176436,1,0.12986241369388948,0.019258899502017333,0.7780932505015208,0.8854862444924061,0.005673579858066113,0.13237770793300713,0.01932088293438357,0.8124312431243124,1.1529214321420072,-0.19188639756774992
fmA0_propertystate,NE,3,5775,5775,17325,16,3.0,171,7.5,1.0,114.2091759120043,0.9653831489756748,-0.0029535173641974666,0,0.09512334813151654,0.01949790584014094,0.809745680450398,0.9077005652435178,-0.010883387860959408,0.09216983076731908,0.019431518710723985,0.8257134536983111,1.1975489973328823,-0.20803796902409402
fmA0_propertystate,NE,1,5775,5775,5775,16,1.0,171,7.5,1.0,13.245996006952057,0.9201451424351792,-0.0022149561163697234,0,0.11041843028938958,0.019340220487650436,0.8471170646476411,1.0921859608467095,-0.06477223148564817,0.10820347417301986,0.019308545953392334,0.8499967643823205,1.254003940645356,-0.0937688730459986
fmA0_propertystate,NE,1,5775,5775,5775,16,1.0,171,7.5,1.0,4.9415975922872715,0.794144926521308,0.0005372050369797099,1,0.12077593659782093,0.019237174976529967,0.8370300265320649,1.1202928402844858,-0.027485959909984543,0.12131314163480064,0.01917588448862117,0.8448602213162493,1.2218373280189745,-0.0823409798178555
fmA0_propertystate,NE,1,5775,5775,5775,16,1.0,171,7.5,1.0,3.756350766576959,0.7244165534530496,0.002461961825763734,1,0.07975128668256379,0.01968662920244643,0.7925726396169029,0.8417461289375336,0.018034335824934522,0.08221324850832752,0.019611668933541777,0.781377402446127,0.9163760781765549,-0.03709128318917044
fmA0_propertystate,NE,1,5775,5775,5775,16,1.0,171,7.5,1.0,9.809979135825351,0.8868416213510211,-0.0027483790533303076,0,0.12986241369388948,0.019258899502017333,0.7780932505015208,0.8854862444924061,0.005673579858066113,0.12711403464055918,0.019293198858836957,0.7961156409758623,1.1139715333974642,-0.017992116746282864
fmA0_propertystate,NE,1,5775,5775,5775,16,1.0,171,7.5,1.0,6.135854320240525,0.8347740639055212,-0.0021625081170632277,0,0.09512334813151654,0.01949790584014094,0.809745680450398,0.9077005652435178,-0.010883387860959408,0.09296084001445332,0.019435412349999782,0.8196871157704005,1.0900176647474493,-0.05342231632809202
fmA0_propertystate,NE,2,5775,5775,11550,16,2.0,171,7.5,1.0,32.31056206218269,0.9372235794958979,-0.004017963563643964,0,0.11041843028938958,0.019340220487650436,0.8471170646476411,1.0921859608467095,-0.06477223148564817,0.10640046672574562,0.01932803067465359,0.8446579952112858,1.4047144357208086,-0.30193138559954014
fmA0_propertystate,NE,2,5775,5775,11550,16,2.0,171,7.5,1.0,35.170923604059304,0.8768750160682566,-0.005490431520509112,0,0.12077593659782093,0.019237174976529967,0.8370300265320649,1.1202928402844858,-0.027485959909984543,0.11528550507731182,0.019244902394656788,0.8471494208244353,1.4293094147325445,-0.2992845303427609
fmA0_propertystate,NE,2,5775,5775,11550,16,2.0,171,7.5,1.0,18.136214868717552,0.8879038786396343,0.0005222390790951825,1,0.07975128668256379,0.01968662920244643,0.7925726396169029,0.8417461289375336,0.018034335824934522,0.08027352576165897,0.01971100872765337,0.7781741409435062,1.0285662464566858,-0.2298587022378181
fmA0_propertystate,NE,2,5775,5775,11550,16,2.0,171,7.5,1.0,46.75952036606409,0.947301485454672,-0.010810830171632924,0,0.12986241369388948,0.019258899502017333,0.7780932505015208,0.8854862444924061,0.005673579858066113,0.11905158352225656,0.01936120456626112,0.8052400828318126,1.3374528569433266,-0.2471559547766426
fmA0_propertystate,NE,2,5775,5775,11550,16,2.0,171,7.5,1.0,25.584384651538613,0.9150042739290267,0.003433691654210938,1,0.09512334813151654,0.01949790584014094,0.809745680450398,0.9077005652435178,-0.010883387860959408,0.09855703978572748,0.019382917970760503,0.8221300071183589,1.3210373770661215,-0.2676427253208165
fmA0_propertystate,NE,3,5775,5775,17325,16,3.0,171,7.5,1.0,27.847242419977633,0.8873308246410163,0.002613153188676512,1,0.11041843028938958,0.019340220487650436,0.8471170646476411,1.0921859608467095,-0.06477223148564817,0.11303158347806609,0.01924501989761939,0.8462596259625963,1.3590037143805977,-0.19207542274149386
fmA0_propertystate,NE,3,5775,5775,17325,16,3.0,171,7.5,1.0,16.3675449993143,0.7274611098214245,-0.013225495054945885,0,0.12077593659782093,0.019237174976529967,0.8370300265320649,1.1202928402844858,-0.027485959909984543,0.10755044154287505,0.01925847403289464,0.8403384456092668,1.3032955066447933,-0.17148959217038334
fmA0_propertystate,NE,3,5775,5775,17325,16,3.0,171,7.5,1.0,22.786114524756126,0.8679791390694787,-0.00017924326665942625,0,0.07975128668256379,0.01968662920244643,0.7925726396169029,0.8417461289375336,0.018034335824934522,0.07957204341590436,0.019639094744734478,0.7758606743027243,0.9744853620856284,-0.13813215202237694
fmA0_propertystate,NE,3,5775,5775,17325,16,3.0,171,7.5,1.0,22.266350407848826,0.8619626074173548,-0.002379355423507201,0,0.12986241369388948,0.019258899502017333,0.7780932505015208,0.8854862444924061,0.005673579858066113,0.12748305827038228,0.01934066649553614,0.7965443603183848,1.1843787469294889,-0.1332333522089219
fmA0_propertystate,NE,3,5775,5775,17325,16,3.0,171,7.5,1.0,36.74104058820416,0.9091230561826524,0.0025398639097871933,1,0.09512334813151654,0.01949790584014094,0.809745680450398,0.9077005652435178,-0.010883387860959408,0.09766321204130374,0.019387470087261535,0.8226234388144698,1.252197099388175,-0.164785420618612
fmA0_propertystate,NE,1,5775,5775,5775,16,1.0,171,7.5,1.0,17.820359900895074,0.9421856610742141,-0.003207081661876471,0,0.11041843028938958,0.019340220487650436,0.8471170646476411,1.0921859608467095,-0.06477223148564817,0.10721134862751311,0.01931591543042219,0.8435578852002847,1.1869441202720146,0.09986133185004668
fmA0_propertystate,NE,1,5775,5775,5775,16,1.0,171,7.5,1.0,2.2394073596614037,0.5378629989933199,-0.024290320244260574,0,0.12077593659782093,0.019237174976529967,0.8370300265320649,1.1202928402844858,-0.027485959909984543,0.09648561635356036,0.019414101178369097,0.8301786060959037,1.2220176454879321,0.1220959726643967
fmA0_propertystate,NE,1,5775,5775,5775,16,1.0,171,7.5,1.0,12.717552956573046,0.9153291619391567,0.006944036788295985,1,0.07975128668256379,0.01968662920244643,0.7925726396169029,0.8417461289375336,0.018034335824934522,0.08669532347085977,0.019608868409253986,0.7762813046010484,0.893438855707835,0.19910242018120206
fmA0_propertystate,NE,1,5775,5775,5775,16,1.0,171,7.5,1.0,8.723012774588494,0.8836326035020097,-0.016672494031078358,0,0.12986241369388948,0.019258899502017333,0.7780932505015208,0.8854862444924061,0.005673579858066113,0.11318991966281113,0.019403450265188523,0.7864654112470071,1.0353005786947302,0.19544781740575987
fmA0_propertystate,NE,1,5775,5775,5775,16,1.0,171,7.5,1.0,13.54928280571353,0.9258043893031664,-0.004638286544571643,0,0.09512334813151654,0.01949790584014094,0.809745680450398,0.9077005652435178,-0.010883387860959408,0.0904850615869449,0.019485835158007322,0.8231249595547789,1.1295936612717796,0.20247287337827785
fmA0_propertystate,NE,4,5775,5775,23100,16,4.0,171,7.5,1.0,136.6082791998204,0.9681844604589942,0.016089809382792752,1,0.11041843028938958,0.019340220487650436,0.8471170646476411,1.0921859608467095,-0.06477223148564817,0.12650823967218233,0.019186387186378943,0.8417944735650036,1.4800467564391602,-0.18814815400031956
fmA0_propertystate,NE,4,5775,5775,23100,16,4.0,171,7.5,1.0,131.94696540911278,0.9577968913875787,-0.011189998916791927,0,0.12077593659782093,0.019237174976529967,0.8370300265320649,1.1202928402844858,-0.027485959909984543,0.109585937681029,0.019318794282967258,0.8377337733773378,1.4601916467052747,-0.17818061236930843
fmA0_propertystate,NE,4,5775,5775,23100,16,4.0,171,7.5,1.0,87.79438961036101,0.9366598664891422,0.005876445492621951,1,0.07975128668256379,0.01968662920244643,0.7925726396169029,0.8417461289375336,0.018034335824934522,0.08562773217518574,0.01966786207521383,0.7724147414741473,1.0583076812962933,-0.12035418009635668
fmA0_propertystate,NE,4,5775,5775,23100,16,4.0,171,7.5,1.0,116.91635921206858,0.9368807506730328,-0.0030295105577551884,0,0.12986241369388948,0.019258899502017333,0.7780932505015208,0.8854862444924061,0.005673579858066113,0.1268329031361343,0.01940386978224362,0.799407881964667,1.2821667326901474,-0.13781421984551429
fmA0_propertystate,NE,4,5775,5775,23100,16,4.0,171,7.5,1.0,54.32538130732065,0.9259705712744966,-0.003897416039305282,0,0.09512334813151654,0.01949790584014094,0.809745680450398,0.9077005652435178,-0.010883387860959408,0.09122593209221126,0.019445424853447257,0.8201805474665113,1.3641699852740543,-0.14582811399403417
fmA0_propertystate,NE,4,5775,5775,23100,16,4.0,171,7.5,1.0,40.280688531289655,0.8996632783311298,0.010466040207287752,1,0.11041843028938958,0.019340220487650436,0.8471170646476411,1.0921859608467095,-0.06477223148564817,0.12088447049667733,0.019198043165469168,0.8472626674432149,1.5249532713868625,-0.2089523308119172
fmA0_propertystate,NE,4,5775,5775,23100,16,4.0,171,7.5,1.0,89.5313603418524,0.9537119579259589,-0.0015017439082041506,0,0.12077593659782093,0.019237174976529967,0.8370300265320649,1.1202928402844858,-0.027485959909984543,0.11927419268961678,0.019282481439142105,0.8377014172005436,1.4401611788057727,-0.19791936172957572
fmA0_propertystate,NE,4,5775,5775,23100,16,4.0,171,7.5,1.0,69.01649064177352,0.9414853034404465,0.0014581583142214277,1,0.07975128668256379,0.01968662920244643,0.7925726396169029,0.8417461289375336,0.018034335824934522,0.08120944499678522,0.01960433585287115,0.7841923898272181,1.1097731586531194,-0.17814475551256856
fmA0_propertystate,NE,4,5775,5775,23100,16,4.0,171,7.5,1.0,72.55624632591395,0.9448557052126283,-0.0037638865418443135,0,0.12986241369388948,0.019258899502017333,0.7780932505015208,0.8854862444924061,0.005673579858066113,0.12609852715204517,0.01934922630008218,0.8049488772406652,1.307410517897763,-0.1601472724336329
fmA0_propertystate,NE,4,5775,5775,23100,16,4.0,171,7.5,1.0,60.99677048513557,0.9310707825098259,0.0013579350238771548,1,0.09512334813151654,0.01949790584014094,0.809745680450398,0.9077005652435178,-0.010883387860959408,0.0964812831553937,0.019419336378199623,0.8200025884941435,1.3335162552861235,-0.19878228517241409
fmA0_propertystate,NE,2,5775,5775,11550,16,2.0,171,7.5,1.0,50.255551287367275,0.9600374284908358,0.0006221585868225188,1,0.11041843028938958,0.019340220487650436,0.8471170646476411,1.0921859608467095,-0.06477223148564817,0.1110405888762121,0.0193340215575942,0.842538665631269,1.4895171595662906,-0.04118089346805446
fmA0_propertystate,NE,2,5775,5775,11550,16,2.0,171,7.5,1.0,36.788978556925414,0.9438856984931177,-0.021714513825280293,0,0.12077593659782093,0.019237174976529967,0.8370300265320649,1.1202928402844858,-0.027485959909984543,0.09906142277254064,0.019391495595781204,0.8362858344657995,1.4698313179582654,-0.06458074493527823
fmA0_propertystate,NE,2,5775,5775,11550,16,2.0,171,7.5,1.0,41.39502866200429,0.9256867708715548,0.0035464326239817434,1,0.07975128668256379,0.01968662920244643,0.7925726396169029,0.8417461289375336,0.018034335824934522,0.08329771930654553,0.019656341492534195,0.7748657218663043,1.0702009471314546,0.025341996683354188
fmA0_propertystate,NE,2,5775,5775,11550,16,2.0,171,7.5,1.0,77.41915230095113,0.9642341979214533,-0.020988211548218727,0,0.12986241369388948,0.019258899502017333,0.7780932505015208,0.8854862444924061,0.005673579858066113,0.10887420214567076,0.019451305349345232,0.7992784572574905,1.3413823658043906,-0.043492677295528345
fmA0_propertystate,NE,2,5775,5775,11550,16,2.0,171,7.5,1.0,43.37034349067457,0.9511495259330613,0.0060827068637422654,1,0.09512334813151654,0.01949790584014094,0.809745680450398,0.9077005652435178,-0.010883387860959408,0.10120605499525881,0.019408566358622998,0.823545589853103,1.4652654904764328,-0.011251860154536138
fmA0_propertystate,NE,2,5775,5775,11550,16,2.0,171,7.5,1.0,32.907559675052234,0.9384816240902878,0.0010401206723594653,1,0.11041843028938958,0.019340220487650436,0.8471170646476411,1.0921859608467095,-0.06477223148564817,0.11145855096174904,0.01926146776701472,0.849883517763541,1.3109080846538343,-0.06744172841566448
fmA0_propertystate,NE,2,5775,5775,11550,16,2.0,171,7.5,1.0,28.636142708555436,0.9300410726207451,-0.017330743750358577,0,0.12077593659782093,0.019237174976529967,0.8370300265320649,1.1202928402844858,-0.027485959909984543,0.10344519284746236,0.01933509881976602,0.8295881058694105,1.2515383806821567,-0.04859934898265675
fmA0_propertystate,NE,2,5775,5775,11550,16,2.0,171,7.5,1.0,23.657537992229017,0.9154445098377193,-0.002501020494855552,0,0.07975128668256379,0.01968662920244643,0.7925726396169029,0.8417461289375336,0.018034335824934522,0.07725026618770824,0.01965060807706238,0.7734824953083543,0.9428264971835678,-0.011426961216913075
fmA0_propertystate,NE,2,5775,5775,11550,16,2.0,171,7.5,1.0,29.969186985227427,0.932624298796651,-0.006557872973874182,0,0.12986241369388948,0.019258899502017333,0.7780932505015208,0.8854862444924061,0.005673579858066113,0.1233045407200153,0.01935626262974981,0.7901782825341357,1.0474757885239674,-0.003415642963024654
fmA0_propertystate,NE,2,5775,5775,11550,16,2.0,171,7.5,1.0,17.353778304903607,0.8844729571687691,0.001833745037606735,1,0.09512334813151654,0.01949790584014094,0.809745680450398,0.9077005652435178,-0.010883387860959408,0.09695709316912328,0.019396395815462764,0.8201724584223128,1.154502102507355,-0.030369464149777137
fmA0_propertystate,NE,3,5775,5775,17325,16,3.0,171,7.5,1.0,23.627315626796573,0.8685511840346511,0.004947505137638045,1,0.11041843028938958,0.019340220487650436,0.8471170646476411,1.0921859608467095,-0.06477223148564817,0.11536593542702762,0.01930492879430509,0.8419562544489743,1.3470064029303428,-0.09613057448047518
fmA0_propertystate,NE,3,5775,5775,17325,16,3.0,171,7.5,1.0,9.436152051936103,0.6802367715239082,-0.030344493218169177,0,0.12077593659782093,0.019237174976529967,0.8370300265320649,1.1202928402844858,-0.027485959909984543,0.09043144337965175,0.019455992259199188,0.8299602019025432,1.287517123976445,-0.12491671811950224
fmA0_propertystate,NE,3,5775,5775,17325,16,3.0,171,7.5,1.0,26.62586938907962,0.8831814533771435,0.008454563089292683,1,0.07975128668256379,0.01968662920244643,0.7925726396169029,0.8417461289375336,0.018034335824934522,0.08820584977185647,0.019551575167322623,0.7850012942470718,1.0716412795327586,-0.0599864827792033
fmA0_propertystate,NE,3,5775,5775,17325,16,3.0,171,7.5,1.0,79.54848965554946,0.9562611911140038,-0.011241962736020378,0,0.12986241369388948,0.019258899502017333,0.7780932505015208,0.8854862444924061,0.005673579858066113,0.1186204509578691,0.019372623501018992,0.8103442697210897,1.255289228905779,-0.07618416528622404
fmA0_propertystate,NE,3,5775,5775,17325,16,3.0,171,7.5,1.0,50.67670006990699,0.829314033795195,0.0054189560505674,1,0.09512334813151654,0.01949790584014094,0.809745680450398,0.9077005652435178,-0.010883387860959408,0.10054230418208394,0.019339008678209254,0.8243464052287581,1.2773623071147895,-0.06272918092348273
fmA0_propertystate,NE,3,5775,5775,17325,16,3.0,171,7.5,1.0,34.59484327423003,0.9089253831947449,-0.004738599451016068,0,0.11041843028938958,0.019340220487650436,0.8471170646476411,1.0921859608467095,-0.06477223148564817,0.10567983083837351,0.019337083845074012,0.8451190707306024,1.3062815544341844,0.10352953989303115
fmA0_propertystate,NE,3,5775,5775,17325,16,3.0,171,7.5,1.0,21.508423561207042,0.8604243896614647,-0.028475424812460542,0,0.12077593659782093,0.019237174976529967,0.8370300265320649,1.1202928402844858,-0.027485959909984543,0.09230051178536039,0.019482107690254845,0.8294425030738368,1.2188514923862908,0.11069653135295052
fmA0_propertystate,NE,3,5775,5775,17325,16,3.0,171,7.5,1.0,28.59040080841037,0.8945006224510572,0.0023826573450909105,1,0.07975128668256379,0.01968662920244643,0.7925726396169029,0.8417461289375336,0.018034335824934522,0.0821339440276547,0.019633428075322513,0.7773328803468581,0.9590767569018163,0.130998396366468
fmA0_propertystate,NE,3,5775,5775,17325,16,3.0,171,7.5,1.0,81.16679231173026,0.9564961371826484,-0.013933533260390624,0,0.12986241369388948,0.019258899502017333,0.7780932505015208,0.8854862444924061,0.005673579858066113,0.11592888043349886,0.01942355295316861,0.8042774865721867,1.1732779928804067,0.1237311025015435
fmA0_propertystate,NE,3,5775,5775,17325,16,3.0,171,7.5,1.0,56.438499678247226,0.943337180503556,0.0034661618817951323,1,0.09512334813151654,0.01949790584014094,0.809745680450398,0.9077005652435178,-0.010883387860959408,0.09858951001331168,0.01941488244855915,0.819015725101922,1.2190536773764085,0.1040829442344505
fmA0_propertystate,NE,2,5775,5775,11550,16,2.0,171,7.5,1.0,27.58018079090253,0.9177454277499312,0.005354316270158935,1,0.11041843028938958,0.019340220487650436,0.8471170646476411,1.0921859608467095,-0.06477223148564817,0.11577274655954851,0.01923492675973588,0.8467611467029055,1.356242237196324,-0.2709409709834621
fmA0_propertystate,NE,2,5775,5775,11550,16,2.0,171,7.5,1.0,50.154659130712304,0.9467731772849299,-0.009972256216212214,0,0.12077593659782093,0.019237174976529967,0.8370300265320649,1.1202928402844858,-0.027485959909984543,0.11080368038160872,0.019274878811238225,0.8418672749627905,1.4058892636371998,-0.27601690370445986
fmA0_propertystate,NE,2,5775,5775,11550,16,2.0,171,7.5,1.0,33.020117997223,0.9206482062030794,0.0005455168708804331,1,0.07975128668256379,0.01968662920244643,0.7925726396169029,0.8417461289375336,0.018034335824934522,0.08029680355344422,0.019675050417971875,0.7837555814404971,0.9973620304116592,-0.22430527235169123
fmA0_propertystate,NE,2,5775,5775,11550,16,2.0,171,7.5,1.0,64.81760597864525,0.9673952677582541,-0.009649402619679295,0,0.12986241369388948,0.019258899502017333,0.7780932505015208,0.8854862444924061,0.005673579858066113,0.12021301107421019,0.019370514606255898,0.8065262408593801,1.195700113327622,-0.24817189044868762
fmA0_propertystate,NE,2,5775,5775,11550,16,2.0,171,7.5,1.0,70.11811620091216,0.9701861576783638,0.0024428064512163894,1,0.09512334813151654,0.01949790584014094,0.809745680450398,0.9077005652435178,-0.010883387860959408,0.09756615458273293,0.01941526616605146,0.8219682262343881,1.2460567035674401,-0.26391065196995733
fmA0_propertystate,NJ,1,5775,5775,5775,16,1.0,362,15.8125,1.0,16.385476730827307,0.93644734821631,-0.0019251442573045008,0,0.09525669444719326,0.04136218468976646,0.6975695440762484,0.8536808948372457,0.03011128398056879,0.09333155018988876,0.04148320093267921,0.6917609560517113,0.7235783004191543,0.25029352259383253
fmA0_propertystate,NJ,1,5775,5775,5775,16,1.0,362,15.8125,1.0,12.41908166717567,0.9181766244341361,0.0009086890971294476,1,0.10006810177270252,0.04112701744743972,0.7268877911079745,0.9952352193412963,0.009674235344708544,0.10097679086983197,0.04127684545802744,0.7246581929009592,0.8461135548365585,0.24348395609910312
fmA0_propertystate,NJ,1,5775,5775,5775,16,1.0,362,15.8125,1.0,7.6065389624146835,0.8672060541570618,-0.002911458731911676,0,0.10801849082042096,0.04107844001732681,0.6964954593747819,0.8645963501978154,0.013426574577092057,0.10510703208850929,0.04112983707837856,0.6949638223456149,0.7519156821400201,0.21570872324658288
fmA0_propertystate,NJ,1,5775,5775,5775,16,1.0,362,15.8125,1.0,11.315027620764557,0.9102078147212352,-0.006054889091629337,0,0.12301147361245215,0.04064166601724082,0.7018697604442136,0.9520454373727681,0.015209353416033964,0.11695658452082282,0.0408437824732067,0.6995238353742235,0.7632161160124741,0.22111353664485975
fmA0_propertystate,NJ,1,5775,5775,5775,16,1.0,362,15.8125,1.0,18.87467219748082,0.9469960219853988,-0.013218856291852724,0,0.12010841830564409,0.040816271596261826,0.6983838321170714,0.9282314164150455,0.04331719750509189,0.10688956201379136,0.041195556221396305,0.6894654392890102,0.7250607528820296,0.3116703538600965
fmA0_propertystate,NJ,4,5775,5775,23100,16,4.0,362,15.8125,1.0,97.84465091857194,0.956947622296118,0.0002820884359867881,1,0.09525669444719326,0.04136218468976646,0.6975695440762484,0.8536808948372457,0.03011128398056879,0.09553878288318005,0.04143578541877899,0.6902215638983458,0.7221718242855165,0.329896027570736
fmA0_propertystate,NJ,4,5775,5775,23100,16,4.0,362,15.8125,1.0,64.82587070562565,0.923545595722969,0.005507751589112472,1,0.10006810177270252,0.04112701744743972,0.7268877911079745,0.9952352193412963,0.009674235344708544,0.10557585336181499,0.041193726553471866,0.7301798413301588,0.857626991047233,0.2930468378042588
fmA0_propertystate,NJ,4,5775,5775,23100,16,4.0,362,15.8125,1.0,82.59472131629754,0.94559057376903,-0.003801121171040686,0,0.10801849082042096,0.04107844001732681,0.6964954593747819,0.8645963501978154,0.013426574577092057,0.10421736964938028,0.04113071433813386,0.7007181245007639,0.7611700573748293,0.3210162206376017
fmA0_propertystate,NJ,4,5775,5775,23100,16,4.0,362,15.8125,1.0,114.50593711550685,0.956763554061145,-0.011822593344234994,0,0.12301147361245215,0.04064166601724082,0.7018697604442136,0.9520454373727681,0.015209353416033964,0.11118888026821716,0.041008078500316014,0.7038240517421888,0.7831851077739901,0.34769562043063024
fmA0_propertystate,NJ,4,5775,5775,23100,16,4.0,362,15.8125,1.0,72.22383149462269,0.9445560521800147,-0.009582298388822588,0,0.12010841830564409,0.040816271596261826,0.6983838321170714,0.9282314164150455,0.04331719750509189,0.1105261199168215,0.04114745705655192,0.6969413790161849,0.7602503798861462,0.3594309249485009
fmA0_propertystate,NJ,2,5775,5775,11550,16,2.0,362,15.8125,1.0,23.698286158657595,0.9133883331055925,-0.0011385265909566455,0,0.09525669444719326,0.04136218468976646,0.6975695440762484,0.8536808948372457,0.03011128398056879,0.09411816785623661,0.04143596031832865,0.6937346351601822,0.7446536653142932,0.16331822783524208
fmA0_propertystate,NJ,2,5775,5775,11550,16,2.0,362,15.8125,1.0,21.512916780856276,0.8866503422694589,-5.045808309442346e-06,0,0.10006810177270252,0.04112701744743972,0.7268877911079745,0.9952352193412963,0.009674235344708544,0.10006305596439308,0.04127163167607799,0.7223704312624568,0.8619756754056833,0.17390487645118377
fmA0_propertystate,NJ,2,5775,5775,11550,16,2.0,362,15.8125,1.0,17.264754363034427,0.8836856087333332,-0.005013444669171099,0,0.10801849082042096,0.04107844001732681,0.6964954593747819,0.8645963501978154,0.013426574577092057,0.10300504615124986,0.04112099160126765,0.693854839585256,0.7749540986699002,0.14694322980012245
fmA0_propertystate,NJ,2,5775,5775,11550,16,2.0,362,15.8125,1.0,25.30239831782277,0.9209351216044241,-0.006439397607386502,0,0.12301147361245215,0.04064166601724082,0.7018697604442136,0.9520454373727681,0.015209353416033964,0.11657207600506565,0.04082476567443946,0.6980736271491388,0.785014358752126,0.1384459401772735
fmA0_propertystate,NJ,2,5775,5775,11550,16,2.0,362,15.8125,1.0,25.592927551867795,0.92182212975774,-0.0061134769786234805,0,0.12010841830564409,0.040816271596261826,0.6983838321170714,0.9282314164150455,0.04331719750509189,0.11399494132702061,0.04101581093516891,0.6938393293368593,0.8034524480138631,0.21656714407806876
fmA0_propertystate,NJ,3,5775,5775,17325,16,3.0,362,15.8125,1.0,39.11183356124954,0.910925988724871,0.0008213386270782691,1,0.09525669444719326,0.04136218468976646,0.6975695440762484,0.8536808948372457,0.03011128398056879,0.09607803307427153,0.041586912383485726,0.69894220105935,0.7259517700274017,0.28016682758090006
fmA0_propertystate,NJ,3,5775,5775,17325,16,3.0,362,15.8125,1.0,29.969500442151876,0.8998811898699359,0.004029216227486324,1,0.10006810177270252,0.04112701744743972,0.7268877911079745,0.9952352193412963,0.009674235344708544,0.10409731800018884,0.041302286594267025,0.7325722971453389,0.8452257589347296,0.3103024042216433
fmA0_propertystate,NJ,3,5775,5775,17325,16,3.0,362,15.8125,1.0,34.35601323568882,0.8944601018728098,-0.003160708776743945,0,0.10801849082042096,0.04107844001732681,0.6964954593747819,0.8645963501978154,0.013426574577092057,0.10485778204367702,0.04126174800166528,0.6832264418714665,0.6875887582745047,0.30675648266761685
fmA0_propertystate,NJ,3,5775,5775,17325,16,3.0,362,15.8125,1.0,46.70016864351904,0.9352995534679603,-0.012328746608877311,0,0.12301147361245215,0.04064166601724082,0.7018697604442136,0.9520454373727681,0.015209353416033964,0.11068272700357484,0.04105780594722877,0.6966544394208473,0.7703334463170812,0.299845460834967
fmA0_propertystate,NJ,3,5775,5775,17325,16,3.0,362,15.8125,1.0,24.12004887389365,0.874398057202906,-0.01369994623656591,0,0.12010841830564409,0.040816271596261826,0.6983838321170714,0.9282314164150455,0.04331719750509189,0.10640847206907818,0.041318051729310704,0.6888799274120375,0.7329260219190304,0.31350854095394226
fmA0_propertystate,NJ,1,5775,5775,5775,16,1.0,362,15.8125,1.0,10.561299873350428,0.9049945087029619,0.00043306981489582563,1,0.09525669444719326,0.04136218468976646,0.6975695440762484,0.8536808948372457,0.03011128398056879,0.09568976426208908,0.04156444707632871,0.6714929389594174,0.6738053805818155,0.5410653373398905
fmA0_propertystate,NJ,1,5775,5775,5775,16,1.0,362,15.8125,1.0,7.418936068363183,0.8618527127989919,-0.0005716542205443098,0,0.10006810177270252,0.04112701744743972,0.7268877911079745,0.9952352193412963,0.009674235344708544,0.09949644755215821,0.041393169975273966,0.7227581874723724,0.9178253737812911,0.41255595643934134
fmA0_propertystate,NJ,1,5775,5775,5775,16,1.0,362,15.8125,1.0,14.621691672774428,0.9250639238413455,-0.01369066917427783,0,0.10801849082042096,0.04107844001732681,0.6964954593747819,0.8645963501978154,0.013426574577092057,0.09432782164614313,0.04160463028262008,0.6690461972748494,0.6719203502206789,0.4527807833997999
fmA0_propertystate,NJ,1,5775,5775,5775,16,1.0,362,15.8125,1.0,12.69710146046474,0.9092010479076309,-0.017131725652750535,0,0.12301147361245215,0.04064166601724082,0.7018697604442136,0.9520454373727681,0.015209353416033964,0.10587974795970162,0.04137960389389296,0.6812605178871939,0.792861265699109,0.4916339776978912
fmA0_propertystate,NJ,1,5775,5775,5775,16,1.0,362,15.8125,1.0,6.163449583498897,0.8368518868797985,-0.013106140594103255,0,0.12010841830564409,0.040816271596261826,0.6983838321170714,0.9282314164150455,0.04331719750509189,0.10700227771154083,0.041346125386988404,0.6842617509519415,0.7620018142492269,0.4624447693247987
fmA0_propertystate,NJ,2,5775,5775,11550,16,2.0,362,15.8125,1.0,49.20936930917826,0.9566005584977348,0.001528415312745196,1,0.09525669444719326,0.04136218468976646,0.6975695440762484,0.8536808948372457,0.03011128398056879,0.09678510975993845,0.04141918240167252,0.680989088540253,0.7219364481453112,0.4106871559446643
fmA0_propertystate,NJ,2,5775,5775,11550,16,2.0,362,15.8125,1.0,17.86329204103212,0.8874287299084991,0.0036309203707748233,1,0.10006810177270252,0.04112701744743972,0.7268877911079745,0.9952352193412963,0.009674235344708544,0.10369902214347734,0.04122721084773505,0.730331066252026,0.9197045476411247,0.2845349103558998
fmA0_propertystate,NJ,2,5775,5775,11550,16,2.0,362,15.8125,1.0,20.18691001990528,0.9004450258048278,-0.012800787192695465,0,0.10801849082042096,0.04107844001732681,0.6964954593747819,0.8645963501978154,0.013426574577092057,0.0952177036277255,0.04141634851096886,0.6775225480236067,0.7177702302875048,0.31747192110137645
fmA0_propertystate,NJ,2,5775,5775,11550,16,2.0,362,15.8125,1.0,17.836798600487608,0.8878479804064331,-0.018810021885124817,0,0.12301147361245215,0.04064166601724082,0.7018697604442136,0.9520454373727681,0.015209353416033964,0.10420145172732734,0.041258607575015566,0.6838701171799266,0.7788377485827305,0.36013229860386475
fmA0_propertystate,NJ,2,5775,5775,11550,16,2.0,362,15.8125,1.0,14.504878390581286,0.8621068261838429,-0.011565937343309934,0,0.12010841830564409,0.040816271596261826,0.6983838321170714,0.9282314164150455,0.04331719750509189,0.10854248096233415,0.041215390899208025,0.6863207364265939,0.7738782836609094,0.32387379078841716
fmA0_propertystate,NJ,1,5775,5775,5775,16,1.0,362,15.8125,1.0,4.573430682842703,0.7802907885499837,0.00029020917927449763,1,0.09525669444719326,0.04136218468976646,0.6975695440762484,0.8536808948372457,0.03011128398056879,0.09554690362646776,0.04132833338331705,0.6971817878663327,0.8677002716115053,-0.024310095841638294
fmA0_propertystate,NJ,1,5775,5775,5775,16,1.0,362,15.8125,1.0,7.902558468181054,0.8650417086749427,0.007020416239656865,1,0.10006810177270252,0.04112701744743972,0.7268877911079745,0.9952352193412963,0.009674235344708544,0.10708851801235938,0.040939675231642124,0.7361318991523649,1.0340812027166237,0.0005041761849237967
fmA0_propertystate,NJ,1,5775,5775,5775,16,1.0,362,15.8125,1.0,3.603717266310628,0.6897167566684008,0.001988260437672959,1,0.10801849082042096,0.04107844001732681,0.6964954593747819,0.8645963501978154,0.013426574577092057,0.11000675125809392,0.04098012001985925,0.7032850706104059,0.875705067220301,-0.02251917842090776
fmA0_propertystate,NJ,1,5775,5775,5775,16,1.0,362,15.8125,1.0,8.935676439575154,0.887970588883618,-0.010451422692479173,0,0.12301147361245215,0.04064166601724082,0.7018697604442136,0.9520454373727681,0.015209353416033964,0.11256005091997298,0.040837926550316136,0.70096628847511,0.8704785771201979,-0.01781062487360443
fmA0_propertystate,NJ,1,5775,5775,5775,16,1.0,362,15.8125,1.0,3.0122957822992174,0.6594676597648057,-0.006346435983553306,0,0.12010841830564409,0.040816271596261826,0.6983838321170714,0.9282314164150455,0.04331719750509189,0.11376198232209078,0.04091195848701931,0.6967630111596237,0.900875795084913,0.021557756572744922
fmA0_propertystate,NJ,4,5775,5775,23100,16,4.0,362,15.8125,1.0,58.053593368397635,0.9310934282748944,0.00010399703452310116,1,0.09525669444719326,0.04136218468976646,0.6975695440762484,0.8536808948372457,0.03011128398056879,0.09536069148171636,0.0413538951703424,0.6952430068167541,0.8412766845629601,0.08368768018851006
fmA0_propertystate,NJ,4,5775,5775,23100,16,4.0,362,15.8125,1.0,40.78615937342325,0.8995049945545934,0.008333050697778663,1,0.10006810177270252,0.04112701744743972,0.7268877911079745,0.9952352193412963,0.009674235344708544,0.10840115247048118,0.04089412630884607,0.7383459871109836,1.0555220017572462,0.10166863571390013
fmA0_propertystate,NJ,4,5775,5775,23100,16,4.0,362,15.8125,1.0,73.2863814744043,0.9370886343769231,-0.0008136289193617641,0,0.10801849082042096,0.04107844001732681,0.6964954593747819,0.8645963501978154,0.013426574577092057,0.1072048619010592,0.04093916961272947,0.699337712393464,0.8849110729242285,0.0873457446040829
fmA0_propertystate,NJ,4,5775,5775,23100,16,4.0,362,15.8125,1.0,60.23328541715369,0.9332176585906173,-0.012969425999314332,0,0.12301147361245215,0.04064166601724082,0.7018697604442136,0.9520454373727681,0.015209353416033964,0.11004204761313782,0.0408720784625617,0.7000822043165023,0.8842227018686134,0.08844928648309791
fmA0_propertystate,NJ,4,5775,5775,23100,16,4.0,362,15.8125,1.0,95.55005417287478,0.9513137829278849,-0.001141744990727625,0,0.12010841830564409,0.040816271596261826,0.6983838321170714,0.9282314164150455,0.04331719750509189,0.11896667331491646,0.04089478650005546,0.6956966815823555,0.9131526734275064,0.10675047336548942
fmA0_propertystate,NJ,2,5775,5775,11550,16,2.0,362,15.8125,1.0,16.530664008882006,0.8781357069176999,-0.0019232432068019972,0,0.09525669444719326,0.04136218468976646,0.6975695440762484,0.8536808948372457,0.03011128398056879,0.09333345124039126,0.041456253744094285,0.6905782996114682,0.7776008426105377,0.1531064954888169
fmA0_propertystate,NJ,2,5775,5775,11550,16,2.0,362,15.8125,1.0,19.499966763771145,0.8970603901266874,0.005743579558585635,1,0.10006810177270252,0.04112701744743972,0.7268877911079745,0.9952352193412963,0.009674235344708544,0.10581168133128815,0.040964475868772554,0.7328359713680815,0.9908765626888336,0.18345103660102532
fmA0_propertystate,NJ,2,5775,5775,11550,16,2.0,362,15.8125,1.0,13.058083496785104,0.8445655269603042,-0.001405339568461339,0,0.10801849082042096,0.04107844001732681,0.6964954593747819,0.8645963501978154,0.013426574577092057,0.10661315125195962,0.041025009652946066,0.6923929986738737,0.8082907717153087,0.15028076624991307
fmA0_propertystate,NJ,2,5775,5775,11550,16,2.0,362,15.8125,1.0,36.92553139050405,0.9453085140021296,-0.010760963480098418,0,0.12301147361245215,0.04064166601724082,0.7018697604442136,0.9520454373727681,0.015209353416033964,0.11225051013235374,0.040866421195112794,0.697263216670415,0.8013015978367951,0.14915055366576122
fmA0_propertystate,NJ,2,5775,5775,11550,16,2.0,362,15.8125,1.0,19.922086410275213,0.8941930256872057,-0.006303926534752216,0,0.12010841830564409,0.040816271596261826,0.6983838321170714,0.9282314164150455,0.04331719750509189,0.11380449177089187,0.041024126543882426,0.6833660341070362,0.7844740091811377,0.17817659925126217
fmA0_propertystate,NJ,4,5775,5775,23100,16,4.0,362,15.8125,1.0,34.779637446058885,0.8849520874594338,0.006200992293748403,1,0.09525669444719326,0.04136218468976646,0.6975695440762484,0.8536808948372457,0.03011128398056879,0.10145768674094166,0.04119661604303499,0.6968599502121027,0.7989144941175944,0.1822329694002179
fmA0_propertystate,NJ,4,5775,5775,23100,16,4.0,362,15.8125,1.0,78.92157154627468,0.9380416188955479,0.010085077737695361,1,0.10006810177270252,0.04112701744743972,0.7268877911079745,0.9952352193412963,0.009674235344708544,0.11015317951039788,0.04094739485339966,0.7401684412975873,0.9747076723551102,0.22826499647917256
fmA0_propertystate,NJ,4,5775,5775,23100,16,4.0,362,15.8125,1.0,32.93463400098356,0.8658497280664954,-0.001195374399634505,0,0.10801849082042096,0.04107844001732681,0.6964954593747819,0.8645963501978154,0.013426574577092057,0.10682311642078646,0.04111285146099531,0.6935795326762157,0.7727385948683402,0.19822886129473363
fmA0_propertystate,NJ,4,5775,5775,23100,16,4.0,362,15.8125,1.0,41.87021055703247,0.9034510174883288,-0.010629258068720032,0,0.12301147361245215,0.04064166601724082,0.7018697604442136,0.9520454373727681,0.015209353416033964,0.11238221554373212,0.04096460275731564,0.6969064809572925,0.8185051421966564,0.2055187364119851
fmA0_propertystate,NJ,4,5775,5775,23100,16,4.0,362,15.8125,1.0,54.486908267909484,0.9235216693431135,-0.00391021466160682,0,0.12010841830564409,0.040816271596261826,0.6983838321170714,0.9282314164150455,0.04331719750509189,0.11619820364403727,0.040977485183499085,0.6972748493567124,0.8545815893546429,0.20715734042282213
fmA0_propertystate,NJ,2,5775,5775,11550,16,2.0,362,15.8125,1.0,23.98125517341823,0.9155242191003848,-0.0014503635630237766,0,0.09525669444719326,0.04136218468976646,0.6975695440762484,0.8536808948372457,0.03011128398056879,0.09380633088416948,0.041518973556612326,0.6892482958114574,0.7032767222930744,0.1429228072568366
fmA0_propertystate,NJ,2,5775,5775,11550,16,2.0,362,15.8125,1.0,50.960906781994055,0.9559350741890285,0.0053905652417674255,1,0.10006810177270252,0.04112701744743972,0.7268877911079745,0.9952352193412963,0.009674235344708544,0.10545866701446995,0.04113441338886734,0.7319480096473745,0.8652436981937869,0.2686013785829343
fmA0_propertystate,NJ,2,5775,5775,11550,16,2.0,362,15.8125,1.0,49.85529077337068,0.9474313462590395,-0.0039279076237136445,0,0.10801849082042096,0.04107844001732681,0.6964954593747819,0.8645963501978154,0.013426574577092057,0.10409058319670732,0.041248191434011844,0.6742033548667281,0.65064728135389,0.20165411973911812
fmA0_propertystate,NJ,2,5775,5775,11550,16,2.0,362,15.8125,1.0,38.59947614648999,0.9481789847428241,-0.020284600445373432,0,0.12301147361245215,0.04064166601724082,0.7018697604442136,0.9520454373727681,0.015209353416033964,0.10272687316707872,0.04126335996434509,0.6698837506882673,0.6499516943404615,0.23839522385906703
fmA0_propertystate,NJ,2,5775,5775,11550,16,2.0,362,15.8125,1.0,26.180107277211558,0.8581284253677544,-0.013345452893190363,0,0.12010841830564409,0.040816271596261826,0.6983838321170714,0.9282314164150455,0.04331719750509189,0.10676296541245373,0.04121733942750028,0.6733076380218229,0.7125846214575754,0.2060473623789432
fmA0_propertystate,NJ,3,5775,5775,17325,16,3.0,362,15.8125,1.0,27.637241875386422,0.8877269570966153,-0.0014101087272935797,0,0.09525669444719326,0.04136218468976646,0.6975695440762484,0.8536808948372457,0.03011128398056879,0.09384658571989968,0.04162014676124456,0.6928272856289794,0.7574254971999651,0.4568284791111777
fmA0_propertystate,NJ,3,5775,5775,17325,16,3.0,362,15.8125,1.0,25.861188480476482,0.8571551028004389,0.003171533997747958,1,0.10006810177270252,0.04112701744743972,0.7268877911079745,0.9952352193412963,0.009674235344708544,0.10323963577045048,0.04135051368147405,0.7243518654951258,0.8983339703225101,0.45067131696418383
fmA0_propertystate,NJ,3,5775,5775,17325,16,3.0,362,15.8125,1.0,21.860597204397273,0.857835575866231,-0.004389770609354179,0,0.10801849082042096,0.04107844001732681,0.6964954593747819,0.8645963501978154,0.013426574577092057,0.10362872021106678,0.04120633923953836,0.700155877996386,0.7822182238544393,0.46253190054505633
fmA0_propertystate,NJ,3,5775,5775,17325,16,3.0,362,15.8125,1.0,47.02821416503575,0.934257354971586,-0.0033890058662356948,0,0.12301147361245215,0.04064166601724082,0.7018697604442136,0.9520454373727681,0.015209353416033964,0.11962246774621646,0.04107898818303485,0.7003148580424516,0.8175436642005135,0.5042280085593681
fmA0_propertystate,NJ,3,5775,5775,17325,16,3.0,362,15.8125,1.0,36.68391503039757,0.906683962631053,-0.008715496529125205,0,0.12010841830564409,0.040816271596261826,0.6983838321170714,0.9282314164150455,0.04331719750509189,0.11139292177651888,0.04133637756574857,0.6922068756931142,0.8291841503561889,0.523969024489285
fmA0_propertystate,NM,3,5775,5775,17325,16,3.0,261,11.4375,1.0,39.02088021203163,0.9231034507106644,0.0009123686794192815,1,0.09440503363872457,0.029819537455962233,0.7425842131724485,0.9147870191405482,-0.04571281418993079,0.09531740231814385,0.029810454982100297,0.7505321823219195,0.8266946005439737,0.17900728584534725
fmA0_propertystate,NM,3,5775,5775,17325,16,3.0,261,11.4375,1.0,19.16156913761099,0.8433629270700349,0.002368720136884897,1,0.10852630727482421,0.029431049135746238,0.7565439705614925,1.1023454769452332,0.03106002617716893,0.1108950274117091,0.029479832844288047,0.7605500465325246,0.9657247469553074,0.2505154699606878
fmA0_propertystate,NM,3,5775,5775,17325,16,3.0,261,11.4375,1.0,46.00148577549387,0.9067186099815203,0.009342879490588485,1,0.07926570689293941,0.030402981488175867,0.7161943882845008,0.748074625972795,-0.0006658108130590967,0.0886085863835279,0.0301709899643673,0.7397173817699475,0.7525408407154331,0.21813438327313497
fmA0_propertystate,NM,3,5775,5775,17325,16,3.0,261,11.4375,1.0,73.16421946944448,0.9547838575160594,-0.0028662092596455913,0,0.07499564712190779,0.030155476718049287,0.732320314923569,0.8528681951260122,0.052414867628147975,0.0721294378622622,0.03037237803004652,0.7209385663703561,0.7100221574304485,0.26298552878636827
fmA0_propertystate,NM,3,5775,5775,17325,16,3.0,261,11.4375,1.0,62.57074134162645,0.9489952785338278,0.009118117485040045,1,0.09995825203303588,0.029621265837177307,0.7486655327706643,1.003759457864524,-0.02458894551771126,0.10907636951807592,0.029530843818017908,0.7601809954751131,0.8715377102624661,0.21643093456216536
fmA0_propertystate,NM,2,5775,5775,11550,16,2.0,261,11.4375,1.0,14.56254865972884,0.862272361764612,0.0019064855979189638,1,0.09440503363872457,0.029819537455962233,0.7425842131724485,0.9147870191405482,-0.04571281418993079,0.09631151923664354,0.0297808886633908,0.7512595873046437,0.881680001554339,-0.04558559784851745
fmA0_propertystate,NM,2,5775,5775,11550,16,2.0,261,11.4375,1.0,10.534903217606903,0.8039102168320711,-0.0009135326766877283,0,0.10852630727482421,0.029431049135746238,0.7565439705614925,1.1023454769452332,0.03106002617716893,0.10761277459813648,0.02954839038912847,0.750901233379331,0.95844149499025,-0.03470485690087607
fmA0_propertystate,NM,2,5775,5775,11550,16,2.0,261,11.4375,1.0,16.050303444495597,0.8746409901286332,0.006554183177979844,1,0.07926570689293941,0.030402981488175867,0.7161943882845008,0.748074625972795,-0.0006658108130590967,0.08581989007091925,0.03017753894542018,0.7366419562915183,0.7972222334766302,-0.03311853968392947
fmA0_propertystate,NM,2,5775,5775,11550,16,2.0,261,11.4375,1.0,8.527555839310242,0.7653538015069715,-0.005096743316122754,0,0.07499564712190779,0.030155476718049287,0.732320314923569,0.8528681951260122,0.052414867628147975,0.06989890380578503,0.030436160529161396,0.7187242600258871,0.7364265548473717,0.014914574765877148
fmA0_propertystate,NM,2,5775,5775,11550,16,2.0,261,11.4375,1.0,13.669774222441461,0.8532473318460032,-0.00043903885728396874,0,0.09995825203303588,0.029621265837177307,0.7486655327706643,1.003759457864524,-0.02458894551771126,0.09951921317575191,0.02966017309315066,0.7537948076120792,0.93256573939092,-0.04997025265743039
fmA0_propertystate,NM,4,5775,5775,23100,16,4.0,261,11.4375,1.0,64.5851415333839,0.9380580620281369,-0.005874177998023089,0,0.09440503363872457,0.029819537455962233,0.7425842131724485,0.9147870191405482,-0.04571281418993079,0.08853085564070148,0.03005236339504392,0.7402361926767433,0.8492949975747416,-0.15324446407091175
fmA0_propertystate,NM,4,5775,5775,23100,16,4.0,261,11.4375,1.0,78.35175729474226,0.9465894392441009,-0.0013708020764958,0,0.10852630727482421,0.029431049135746238,0.7565439705614925,1.1023454769452332,0.03106002617716893,0.10715550519832841,0.029558456377969156,0.7492538750361029,0.9532000086651927,-0.11565705154153519
fmA0_propertystate,NM,4,5775,5775,23100,16,4.0,261,11.4375,1.0,99.65830728869093,0.95986184494365,0.0002465349358923008,1,0.07926570689293941,0.030402981488175867,0.7161943882845008,0.748074625972795,-0.0006658108130590967,0.07951224182883171,0.030556742446135043,0.708043173625151,0.6933316775224531,-0.130106439264914
fmA0_propertystate,NM,4,5775,5775,23100,16,4.0,261,11.4375,1.0,85.64606115911639,0.9529813707631971,-0.005356411411775536,0,0.07499564712190779,0.030155476718049287,0.732320314923569,0.8528681951260122,0.052414867628147975,0.06963923571013225,0.03049113876706964,0.7164297251906763,0.7614349774673799,-0.08984586290160419
fmA0_propertystate,NM,4,5775,5775,23100,16,4.0,261,11.4375,1.0,88.2274261260354,0.9536909739824702,0.0004025220085374648,1,0.09995825203303588,0.029621265837177307,0.7486655327706643,1.003759457864524,-0.02458894551771126,0.10036077404157334,0.02964008091472712,0.7429425670977612,0.9609595348584732,-0.14221264262916544
fmA0_propertystate,NM,2,5775,5775,11550,16,2.0,261,11.4375,1.0,66.44414975266147,0.9679614524560751,0.0016214901909385737,1,0.09440503363872457,0.029819537455962233,0.7425842131724485,0.9147870191405482,-0.04571281418993079,0.09602652382966315,0.02975520422205582,0.7381876918798069,0.8032755244917376,0.13499219042960803
fmA0_propertystate,NM,2,5775,5775,11550,16,2.0,261,11.4375,1.0,28.435187889316467,0.9292975448729529,0.0028198655159330788,1,0.10852630727482421,0.029431049135746238,0.7565439705614925,1.1023454769452332,0.03106002617716893,0.11134617279075729,0.029480027967903347,0.7530727511954044,0.99246426333361,0.15275153188451412
fmA0_propertystate,NM,2,5775,5775,11550,16,2.0,261,11.4375,1.0,46.28909839362089,0.9567932295466461,0.003969121280297694,1,0.07926570689293941,0.030402981488175867,0.7161943882845008,0.748074625972795,-0.0006658108130590967,0.0832348281732371,0.030194572686154546,0.7085726816640457,0.6653962039874345,0.1374277697150458
fmA0_propertystate,NM,2,5775,5775,11550,16,2.0,261,11.4375,1.0,29.982349879841344,0.9317402305444455,-0.00601162248394177,0,0.07499564712190779,0.030155476718049287,0.732320314923569,0.8528681951260122,0.052414867628147975,0.06898402463796602,0.030394882043907622,0.715204903565354,0.6934308091816732,0.1717970417580279
fmA0_propertystate,NM,2,5775,5775,11550,16,2.0,261,11.4375,1.0,16.60182906517184,0.8720952311219217,0.0015143889796010168,1,0.09995825203303588,0.029621265837177307,0.7486655327706643,1.003759457864524,-0.02458894551771126,0.1014726410126369,0.029602616613421534,0.7515163184750168,0.9266922795518295,0.11470843245291415
fmA0_propertystate,NM,4,5775,5775,23100,16,4.0,261,11.4375,1.0,28.52593289312518,0.8359595590633204,-0.010187547036185435,0,0.09440503363872457,0.029819537455962233,0.7425842131724485,0.9147870191405482,-0.04571281418993079,0.08421748660253914,0.029922269492205587,0.7299936886920617,0.8906323571926741,-0.004172621642134329
fmA0_propertystate,NM,4,5775,5775,23100,16,4.0,261,11.4375,1.0,58.553474476123554,0.930549335342362,-0.00016252688511335378,0,0.10852630727482421,0.029431049135746238,0.7565439705614925,1.1023454769452332,0.03106002617716893,0.10836378038971085,0.029439141122146503,0.754832429425671,1.1043549231085275,0.023433996536276404
fmA0_propertystate,NM,4,5775,5775,23100,16,4.0,261,11.4375,1.0,41.09044657185349,0.8907520447146163,0.0036059000214234554,1,0.07926570689293941,0.030402981488175867,0.7161943882845008,0.748074625972795,-0.0006658108130590967,0.08287160691436286,0.030029452280714176,0.7246183798123724,0.8483731832475483,0.018324188225136817
fmA0_propertystate,NM,4,5775,5775,23100,16,4.0,261,11.4375,1.0,47.232356478700254,0.8821483682871726,-0.008246441395138887,0,0.07499564712190779,0.030155476718049287,0.732320314923569,0.8528681951260122,0.052414867628147975,0.0667492057267689,0.030293844663758087,0.7097493661949231,0.8058478502373547,0.04212691547436748
fmA0_propertystate,NM,4,5775,5775,23100,16,4.0,261,11.4375,1.0,57.6656171519806,0.9304726100484557,-0.0034610246914721365,0,0.09995825203303588,0.029621265837177307,0.7486655327706643,1.003759457864524,-0.02458894551771126,0.09649722734156374,0.029633682967559444,0.7366793962538645,1.0284764548047474,-0.009822776888383494
fmA0_propertystate,NM,3,5775,5775,17325,16,3.0,261,11.4375,1.0,90.36560301640745,0.9668008174404651,-0.008024334652791412,0,0.09440503363872457,0.029819537455962233,0.7425842131724485,0.9147870191405482,-0.04571281418993079,0.08638069898593316,0.030097157900153052,0.7404982724131661,0.8245800319781756,-0.06754226718031082
fmA0_propertystate,NM,3,5775,5775,17325,16,3.0,261,11.4375,1.0,36.49955127653053,0.9139664086510615,-0.002080823610934923,0,0.10852630727482421,0.029431049135746238,0.7565439705614925,1.1023454769452332,0.03106002617716893,0.10644548366388928,0.02961333766716996,0.7466812147663212,0.9558240344314383,-0.06783071022111405
fmA0_propertystate,NM,3,5775,5775,17325,16,3.0,261,11.4375,1.0,84.38182509656968,0.960536624076137,-0.00031218643314251393,0,0.07926570689293941,0.030402981488175867,0.7161943882845008,0.748074625972795,-0.0006658108130590967,0.0789535204597969,0.030641889745796375,0.7230886899222319,0.714698711614415,-0.06031477942107135
fmA0_propertystate,NM,3,5775,5775,17325,16,3.0,261,11.4375,1.0,90.69007523803012,0.9662491211832309,-0.004592587826705061,0,0.07499564712190779,0.030155476718049287,0.732320314923569,0.8528681951260122,0.052414867628147975,0.07040305929520273,0.03040466950634507,0.7175903640234054,0.7725584489575974,-0.02438535081737144
fmA0_propertystate,NM,3,5775,5775,17325,16,3.0,261,11.4375,1.0,73.25189572818374,0.9590045367032995,0.012419250393859549,1,0.09995825203303588,0.029621265837177307,0.7486655327706643,1.003759457864524,-0.02458894551771126,0.11237750242689543,0.02949647384598658,0.7520404779478622,0.9865749633568128,-0.09087049198663677
fmA0_propertystate,NM,4,5775,5775,23100,16,4.0,261,11.4375,1.0,37.700074272927274,0.8874896639116145,8.56202711417009e-05,1,0.09440503363872457,0.029819537455962233,0.7425842131724485,0.9147870191405482,-0.04571281418993079,0.09449065390986627,0.029805284787024964,0.7493608463570917,0.8659087045149366,0.11798700665832584
fmA0_propertystate,NM,4,5775,5775,23100,16,4.0,261,11.4375,1.0,23.24203613561185,0.8248074075600116,-0.001002972387516815,0,0.10852630727482421,0.029431049135746238,0.7565439705614925,1.1023454769452332,0.03106002617716893,0.10752333488730739,0.029518898298151325,0.7545168640287538,0.9818677118086218,0.1425438057719661
fmA0_propertystate,NM,4,5775,5775,23100,16,4.0,261,11.4375,1.0,37.138626671421555,0.8904045889400516,0.013145873594306218,1,0.07926570689293941,0.030402981488175867,0.7161943882845008,0.748074625972795,-0.0006658108130590967,0.09241158048724563,0.030034732929313204,0.7427660644181294,0.8313057882324792,0.11263785515819019
fmA0_propertystate,NM,4,5775,5775,23100,16,4.0,261,11.4375,1.0,26.435077786073315,0.8480613408705411,-0.006527302052992456,0,0.07499564712190779,0.030155476718049287,0.732320314923569,0.8528681951260122,0.052414867628147975,0.06846834506891533,0.03032862795905696,0.7212808745975203,0.7716961468312972,0.16727752820201733
fmA0_propertystate,NM,4,5775,5775,23100,16,4.0,261,11.4375,1.0,45.190880483632405,0.9114057394974202,0.0035270539082159352,1,0.09995825203303588,0.029621265837177307,0.7486655327706643,1.003759457864524,-0.02458894551771126,0.10348530594125181,0.029563661505665945,0.75186932383428,0.9436921600181268,0.10493459991140136
fmA0_propertystate,NM,3,5775,5775,17325,16,3.0,261,11.4375,1.0,26.008381873332404,0.8846077895486459,-0.005811530737775655,0,0.09440503363872457,0.029819537455962233,0.7425842131724485,0.9147870191405482,-0.04571281418993079,0.08859350290094892,0.029849538253995708,0.739337633580437,0.8567278443751587,0.2813954498047713
fmA0_propertystate,NM,3,5775,5775,17325,16,3.0,261,11.4375,1.0,33.44566697964996,0.8995196879283844,-0.0008672939773234634,0,0.10852630727482421,0.029431049135746238,0.7565439705614925,1.1023454769452332,0.03106002617716893,0.10765901329750074,0.029557391972826544,0.7546184867836934,1.0153854731903833,0.3006190777912508
fmA0_propertystate,NM,3,5775,5775,17325,16,3.0,261,11.4375,1.0,22.16979094830549,0.8646796859988097,0.010083987140169393,1,0.07926570689293941,0.030402981488175867,0.7161943882845008,0.748074625972795,-0.0006658108130590967,0.0893496940331088,0.029929143836996186,0.7287207299722944,0.8553610965566246,0.28388813669354135
fmA0_propertystate,NM,3,5775,5775,17325,16,3.0,261,11.4375,1.0,38.50217524223331,0.9214784107596223,-0.006304084500621532,0,0.07499564712190779,0.030155476718049287,0.732320314923569,0.8528681951260122,0.052414867628147975,0.06869156262128626,0.030331158155817897,0.7205962581431917,0.7726165758922985,0.2978872064907886
fmA0_propertystate,NM,3,5775,5775,17325,16,3.0,261,11.4375,1.0,32.79230503978374,0.8977281063412339,-0.004047652954674505,0,0.09995825203303588,0.029621265837177307,0.7486655327706643,1.003759457864524,-0.02458894551771126,0.09591059907836137,0.02969284515128575,0.7455794101601361,0.9685773395554653,0.2383613809675472
fmA0_propertystate,NM,1,5775,5775,5775,16,1.0,261,11.4375,1.0,10.649258866631467,0.9012133952468919,-0.002909397997576696,0,0.09440503363872457,0.029819537455962233,0.7425842131724485,0.9147870191405482,-0.04571281418993079,0.09149563564114788,0.02970788328309514,0.7511633131157537,0.9777837079037301,0.09898532867235676
fmA0_propertystate,NM,1,5775,5775,5775,16,1.0,261,11.4375,1.0,5.591263788390316,0.8115653625980656,0.004292918877101426,1,0.10852630727482421,0.029431049135746238,0.7565439705614925,1.1023454769452332,0.03106002617716893,0.11281922615192563,0.029466531729564815,0.7598279901158499,1.1297121662536698,0.16515183704139116
fmA0_propertystate,NM,1,5775,5775,5775,16,1.0,261,11.4375,1.0,4.482242046735912,0.7768740326618369,0.007849881743215895,1,0.07926570689293941,0.030402981488175867,0.7161943882845008,0.748074625972795,-0.0006658108130590967,0.0871155886361553,0.030129099470264514,0.7309136420525657,0.8548376036496739,0.13970929029352472
fmA0_propertystate,NM,1,5775,5775,5775,16,1.0,261,11.4375,1.0,2.3701381333706273,0.5631497255860457,-0.004835178529332643,0,0.07499564712190779,0.030155476718049287,0.732320314923569,0.8528681951260122,0.052414867628147975,0.07016046859257515,0.030189078157212664,0.7241370088679224,0.8421547985736658,0.17965760331256264
fmA0_propertystate,NM,1,5775,5775,5775,16,1.0,261,11.4375,1.0,2.845713452266724,0.6482298149059158,0.01149179412739458,1,0.09995825203303588,0.029621265837177307,0.7486655327706643,1.003759457864524,-0.02458894551771126,0.11145004616043046,0.02953541316958763,0.7513398157953853,1.075381452771881,0.12298068995955946
fmA0_propertystate,NM,4,5775,5775,23100,16,4.0,261,11.4375,1.0,44.035186538236516,0.9059371875776441,0.0006394783645666258,1,0.09440503363872457,0.029819537455962233,0.7425842131724485,0.9147870191405482,-0.04571281418993079,0.0950445120032912,0.029779095072561206,0.7489008696768397,0.8854295642413703,0.060448170266387796
fmA0_propertystate,NM,4,5775,5775,23100,16,4.0,261,11.4375,1.0,44.34703574117272,0.8949562256289163,0.0038921267495419243,1,0.10852630727482421,0.029431049135746238,0.7565439705614925,1.1023454769452332,0.03106002617716893,0.11241843402436613,0.029431167041954247,0.7566081533540857,1.0083644524216724,0.14226866339811897
fmA0_propertystate,NM,4,5775,5775,23100,16,4.0,261,11.4375,1.0,64.44014137622304,0.9297446868071497,0.008235458610887453,1,0.07926570689293941,0.030402981488175867,0.7161943882845008,0.748074625972795,-0.0006658108130590967,0.08750116550382686,0.030133122340570827,0.7244632713969384,0.7738558492356016,0.12157283855113914
fmA0_propertystate,NM,4,5775,5775,23100,16,4.0,261,11.4375,1.0,47.31992969077285,0.9154560759914443,-0.0023306778756888302,0,0.07499564712190779,0.030155476718049287,0.732320314923569,0.8528681951260122,0.052414867628147975,0.07266496924621896,0.03030193714250245,0.7176866382122953,0.732358651167697,0.14870963559402656
fmA0_propertystate,NM,4,5775,5775,23100,16,4.0,261,11.4375,1.0,41.88004589954622,0.9044687628226298,0.016360299633436395,1,0.09995825203303588,0.029621265837177307,0.7486655327706643,1.003759457864524,-0.02458894551771126,0.11631855166647227,0.029363436258257453,0.760469818041783,1.0200000966034177,0.09309342024340536
fmA0_propertystate,NM,3,5775,5775,17325,16,3.0,261,11.4375,1.0,32.63945263156381,0.9062194137024959,-0.010074509248374913,0,0.09440503363872457,0.029819537455962233,0.7425842131724485,0.9147870191405482,-0.04571281418993079,0.08433052439034966,0.03001724974735881,0.7424665447193608,0.7999396841407649,0.05301372426692906
fmA0_propertystate,NM,3,5775,5775,17325,16,3.0,261,11.4375,1.0,25.036662628873323,0.8645052229922188,0.0022074340366701334,1,0.10852630727482421,0.029431049135746238,0.7565439705614925,1.1023454769452332,0.03106002617716893,0.11073374131149434,0.029423405508391107,0.7626038958955104,0.999760121311643,0.15116020851575918
fmA0_propertystate,NM,3,5775,5775,17325,16,3.0,261,11.4375,1.0,43.637737752543245,0.9312460423159745,0.009274518379619609,1,0.07926570689293941,0.030402981488175867,0.7161943882845008,0.748074625972795,-0.0006658108130590967,0.08854022527255902,0.030266000017880216,0.7370805387075725,0.745149687056267,0.10033394992208483
fmA0_propertystate,NM,3,5775,5775,17325,16,3.0,261,11.4375,1.0,86.23666344295336,0.9609748928643461,-0.003409240886540793,0,0.07499564712190779,0.030155476718049287,0.732320314923569,0.8528681951260122,0.052414867628147975,0.071586406235367,0.030340933784464622,0.7167613362857418,0.7305243898262636,0.1545502590034328
fmA0_propertystate,NM,3,5775,5775,17325,16,3.0,261,11.4375,1.0,38.29490202535595,0.9216239529370853,0.011951710590811196,1,0.09995825203303588,0.029621265837177307,0.7486655327706643,1.003759457864524,-0.02458894551771126,0.11190996262384707,0.029406389329976697,0.758715488377566,0.9250267037255078,0.08060913445051804
fmA0_propertystate,NM,1,5775,5775,5775,16,1.0,261,11.4375,1.0,4.22511157540932,0.7632216424770637,-0.005095243126379226,0,0.09440503363872457,0.029819537455962233,0.7425842131724485,0.9147870191405482,-0.04571281418993079,0.08930979051234535,0.029873240758510132,0.7395997133168598,0.8622268742050396,0.04555234102428835
fmA0_propertystate,NM,1,5775,5775,5775,16,1.0,261,11.4375,1.0,4.138189209711804,0.7498749766690636,-0.0027518836684417014,0,0.10852630727482421,0.029431049135746238,0.7565439705614925,1.1023454769452332,0.03106002617716893,0.1057744236063825,0.029506144779464533,0.7491896922435095,0.9768479342252302,0.12158433687047344
fmA0_propertystate,NM,1,5775,5775,5775,16,1.0,261,11.4375,1.0,6.005751255442682,0.8191190783363971,0.0009479883369875319,1,0.07926570689293941,0.030402981488175867,0.7161943882845008,0.748074625972795,-0.0006658108130590967,0.08021369522992694,0.030336462985685465,0.7055881818084571,0.6873782276438545,0.09335111283410723
fmA0_propertystate,NM,1,5775,5775,5775,16,1.0,261,11.4375,1.0,6.622784629689233,0.8413509495195107,-0.0021124270836627435,0,0.07499564712190779,0.030155476718049287,0.732320314923569,0.8528681951260122,0.052414867628147975,0.07288322003824504,0.030269092274528453,0.7194409678765123,0.769225581126082,0.1253503157352937
fmA0_propertystate,NM,1,5775,5775,5775,16,1.0,261,11.4375,1.0,3.372510993874101,0.4141170784641837,0.010574778170195004,1,0.09995825203303588,0.029621265837177307,0.7486655327706643,1.003759457864524,-0.02458894551771126,0.11053303020323088,0.029484009964738468,0.7533722708941732,1.03122050729449,0.052827945285099896
fmA0_propertystate,OK,1,5775,5775,5775,16,1.0,322,14.0625,1.0,7.213623939205605,0.8555091996221927,0.0009019298006519988,1,0.08799365659958908,0.037123275994258784,0.7270859164332845,0.8209729874921077,-0.011143991336281326,0.08889558640024108,0.03734119349296959,0.7313865068974188,0.664663452986373,0.21178356194378198
fmA0_propertystate,OK,1,5775,5775,5775,16,1.0,322,14.0625,1.0,5.889435297010603,0.7743853453983314,-0.006155532370336947,0,0.11849360417046911,0.03623659096525978,0.7501625727241986,1.0408712921909222,-0.01074813741207953,0.11233807180013217,0.036797382687452564,0.7499588149098697,0.8461625783714657,0.1957961864640113
fmA0_propertystate,OK,1,5775,5775,5775,16,1.0,322,14.0625,1.0,3.923009591119065,0.7159466284651956,0.010219555805571101,1,0.10097476123710508,0.03652701736579448,0.7451553328188809,0.9801205080498696,0.016870744203948258,0.11119431704267618,0.03641872574572174,0.749759392368186,0.9177766621097431,0.24069812597819126
fmA0_propertystate,OK,1,5775,5775,5775,16,1.0,322,14.0625,1.0,5.7407517654237665,0.7775602458340931,-0.0018277242732166604,0,0.11007205418359355,0.03650261892077437,0.7275801375148483,0.9182220476953434,-0.01508390395677374,0.10824432991037689,0.03659625499618188,0.7325223483304866,0.810939336011558,0.20749335110490974
fmA0_propertystate,OK,1,5775,5775,5775,16,1.0,322,14.0625,1.0,9.341244970442439,0.8925244409055084,0.003565726992156029,1,0.11877063133886502,0.03611753966296016,0.7745224697181206,1.1797254189694073,-0.024507215918805052,0.12233635833102105,0.03612126692922431,0.7871424483885793,1.0646637555181167,0.19951487555786296
fmA0_propertystate,OK,2,5775,5775,11550,16,2.0,322,14.0625,1.0,10.79666127905713,0.8147556728389367,0.005766615096543415,1,0.08799365659958908,0.037123275994258784,0.7270859164332845,0.8209729874921077,-0.011143991336281326,0.09376027169613249,0.037129638689615205,0.7369053089748814,0.854994568065043,0.3140533165742938
fmA0_propertystate,OK,2,5775,5775,11550,16,2.0,322,14.0625,1.0,9.957211014645146,0.7983619194960663,-0.0065127855782159405,0,0.11849360417046911,0.03623659096525978,0.7501625727241986,1.0408712921909222,-0.01074813741207953,0.11198081859225317,0.03651080627870341,0.7483460934858195,0.9526991237655947,0.29508089847719554
fmA0_propertystate,OK,2,5775,5775,11550,16,2.0,322,14.0625,1.0,12.330826657476536,0.8376533377115447,0.01217053013064788,1,0.10097476123710508,0.03652701736579448,0.7451553328188809,0.9801205080498696,0.016870744203948258,0.11314529136775296,0.03646031594274052,0.7521698039589709,1.02573344522076,0.3243466088418993
fmA0_propertystate,OK,2,5775,5775,11550,16,2.0,322,14.0625,1.0,14.525991618710638,0.8622902911574861,-0.0019883531173013197,0,0.11007205418359355,0.03650261892077437,0.7275801375148483,0.9182220476953434,-0.01508390395677374,0.10808370106629223,0.03669203646333184,0.7316769701646537,0.940345685160081,0.2974770467526871
fmA0_propertystate,OK,2,5775,5775,11550,16,2.0,322,14.0625,1.0,11.548140673107568,0.8236626416097661,0.0007193961556864747,1,0.11877063133886502,0.03611753966296016,0.7745224697181206,1.1797254189694073,-0.024507215918805052,0.1194900274945515,0.03632522689547523,0.7814155532241422,1.2021257100325025,0.28314823995501437
fmA0_propertystate,OK,3,5775,5775,17325,16,3.0,322,14.0625,1.0,15.936528241850938,0.8103676305641182,0.006513531463745739,1,0.08799365659958908,0.037123275994258784,0.7270859164332845,0.8209729874921077,-0.011143991336281326,0.09450718806333482,0.03717615877112706,0.7377853693218767,0.8167233641338913,0.23935324762276836
fmA0_propertystate,OK,3,5775,5775,17325,16,3.0,322,14.0625,1.0,17.565559179863968,0.8278673991531387,-0.006538510267556447,0,0.11849360417046911,0.03623659096525978,0.7501625727241986,1.0408712921909222,-0.01074813741207953,0.11195509390291267,0.036734840172139904,0.7517059297859242,0.9184760508475495,0.20989834640425248
fmA0_propertystate,OK,3,5775,5775,17325,16,3.0,322,14.0625,1.0,24.17689151754782,0.8680174995807486,0.013204350822716066,1,0.10097476123710508,0.03652701736579448,0.7451553328188809,0.9801205080498696,0.016870744203948258,0.11417911205982115,0.036369181044540184,0.7540816591955467,1.0294651237921346,0.25821688397866055
fmA0_propertystate,OK,3,5775,5775,17325,16,3.0,322,14.0625,1.0,21.513037171518988,0.860532912143497,-0.0008626116990313876,0,0.11007205418359355,0.03650261892077437,0.7275801375148483,0.9182220476953434,-0.01508390395677374,0.10920944248456216,0.03661956999863859,0.7348460544683655,0.9441932703495864,0.21456671736547975
fmA0_propertystate,OK,3,5775,5775,17325,16,3.0,322,14.0625,1.0,17.610485000081823,0.8260755238244336,0.0007896847384817052,1,0.11877063133886502,0.03611753966296016,0.7745224697181206,1.1797254189694073,-0.024507215918805052,0.11956031607734673,0.036258448276821786,0.7828331873791543,1.2025101739963853,0.20835295350512312
fmA0_propertystate,OK,3,5775,5775,17325,16,3.0,322,14.0625,1.0,56.71907759316254,0.9466019001299881,0.0024037221198008885,1,0.08799365659958908,0.037123275994258784,0.7270859164332845,0.8209729874921077,-0.011143991336281326,0.09039737871938996,0.037094652745904594,0.7383532900384104,0.8351854069976693,0.3292065699588801
fmA0_propertystate,OK,3,5775,5775,17325,16,3.0,322,14.0625,1.0,20.850565007159744,0.8039904745691779,-0.010906651962956052,0,0.11849360417046911,0.03623659096525978,0.7501625727241986,1.0408712921909222,-0.01074813741207953,0.10758695220751306,0.03697851691097031,0.7430397197679763,0.8824263714654174,0.3039913984521128
fmA0_propertystate,OK,3,5775,5775,17325,16,3.0,322,14.0625,1.0,35.90519197737394,0.9150524704345847,0.008384848159151928,1,0.10097476123710508,0.03652701736579448,0.7451553328188809,0.9801205080498696,0.016870744203948258,0.10935960939625701,0.036572353846268175,0.742424111052344,0.9692683600589325,0.36713984743179656
fmA0_propertystate,OK,3,5775,5775,17325,16,3.0,322,14.0625,1.0,43.39144891367869,0.9237491776555504,0.00010039511553562586,1,0.11007205418359355,0.03650261892077437,0.7275801375148483,0.9182220476953434,-0.01508390395677374,0.11017244929912917,0.03663971608700741,0.734122063936601,0.907920588868707,0.32248145652027427
fmA0_propertystate,OK,3,5775,5775,17325,16,3.0,322,14.0625,1.0,64.38045885365793,0.9391601893655491,0.000980132392154956,1,0.11877063133886502,0.03611753966296016,0.7745224697181206,1.1797254189694073,-0.024507215918805052,0.11975076373101998,0.036370359133810676,0.7811857837739414,1.1629981676200165,0.34667689966494747
fmA0_propertystate,OK,3,5775,5775,17325,16,3.0,322,14.0625,1.0,50.10014976766351,0.9337398377089221,0.00486134942090026,1,0.08799365659958908,0.037123275994258784,0.7270859164332845,0.8209729874921077,-0.011143991336281326,0.09285500602048934,0.03727334933902083,0.7386741002141624,0.7686008464354898,0.37689791507945164
fmA0_propertystate,OK,3,5775,5775,17325,16,3.0,322,14.0625,1.0,31.80398979224097,0.9054275182215639,-0.010374923801315536,0,0.11849360417046911,0.03623659096525978,0.7501625727241986,1.0408712921909222,-0.01074813741207953,0.10811868036915358,0.036976786273437236,0.7494775996462418,0.850495335072679,0.3380115005018351
fmA0_propertystate,OK,3,5775,5775,17325,16,3.0,322,14.0625,1.0,37.50240494403151,0.9152048230050964,0.009035522336204221,1,0.10097476123710508,0.03652701736579448,0.7451553328188809,0.9801205080498696,0.016870744203948258,0.1100102835733093,0.03653908809435881,0.7495859814623741,0.9230760818043617,0.39057299443418175
fmA0_propertystate,OK,3,5775,5775,17325,16,3.0,322,14.0625,1.0,35.08095536877778,0.90472705098923,0.0001566335696609883,1,0.11007205418359355,0.03650261892077437,0.7275801375148483,0.9182220476953434,-0.01508390395677374,0.11022868775325453,0.03666202554355327,0.7379371038644621,0.8621904415245644,0.33953495909437736
fmA0_propertystate,OK,3,5775,5775,17325,16,3.0,322,14.0625,1.0,41.758680655532416,0.9272704989137124,0.0014383872277939497,1,0.11877063133886502,0.03611753966296016,0.7745224697181206,1.1797254189694073,-0.024507215918805052,0.12020901856665897,0.03634202533579082,0.7812378070456851,1.1286799345411793,0.33186880958526127
fmA0_propertystate,OK,3,5775,5775,17325,16,3.0,322,14.0625,1.0,24.8818398920737,0.8658650524740663,0.0008659967944913832,1,0.08799365659958908,0.037123275994258784,0.7270859164332845,0.8209729874921077,-0.011143991336281326,0.08885965339408046,0.037317444339275606,0.7287159789479161,0.7637517416500441,0.1966295460324539
fmA0_propertystate,OK,3,5775,5775,17325,16,3.0,322,14.0625,1.0,23.35516970223151,0.8184746793968332,-0.007727765115714769,0,0.11849360417046911,0.03623659096525978,0.7501625727241986,1.0408712921909222,-0.01074813741207953,0.11076583905475434,0.0368261652681462,0.7464168971586622,0.8498002441679599,0.17916480110373656
fmA0_propertystate,OK,3,5775,5775,17325,16,3.0,322,14.0625,1.0,35.774774014294024,0.9161346501542591,0.003032829578741375,1,0.10097476123710508,0.03652701736579448,0.7451553328188809,0.9801205080498696,0.016870744203948258,0.10400759081584646,0.036548444640260365,0.7439804739320055,0.9241714452181469,0.2427552534531529
fmA0_propertystate,OK,3,5775,5775,17325,16,3.0,322,14.0625,1.0,52.478812788090025,0.9426077830810151,-0.0032137379575147146,0,0.11007205418359355,0.03650261892077437,0.7275801375148483,0.9182220476953434,-0.01508390395677374,0.10685831622607883,0.03662500869579586,0.7303200298266758,0.8651149979052235,0.1989691760838796
fmA0_propertystate,OK,3,5775,5775,17325,16,3.0,322,14.0625,1.0,53.133330152920706,0.9367333437602823,0.0025214409440972585,1,0.11877063133886502,0.03611753966296016,0.7745224697181206,1.1797254189694073,-0.024507215918805052,0.12129207228296228,0.03620861808610094,0.7853563160587169,1.17576523281112,0.20454367465009826
fmA0_propertystate,OK,2,5775,5775,11550,16,2.0,322,14.0625,1.0,18.679639624303178,0.8929208923323154,0.005074682162122021,1,0.08799365659958908,0.037123275994258784,0.7270859164332845,0.8209729874921077,-0.011143991336281326,0.0930683387617111,0.0372917924247374,0.7298561556536292,0.8107256377228009,0.4379511101405608
fmA0_propertystate,OK,2,5775,5775,11550,16,2.0,322,14.0625,1.0,10.566695479769827,0.8097760476098265,-0.010052650704765187,0,0.11849360417046911,0.03623659096525978,0.7501625727241986,1.0408712921909222,-0.01074813741207953,0.10844095346570393,0.036820066598593486,0.7403475154552469,0.9268272203510849,0.40786582937790167
fmA0_propertystate,OK,2,5775,5775,11550,16,2.0,322,14.0625,1.0,13.484783567973995,0.8516632676390792,0.008811412176035288,1,0.10097476123710508,0.03652701736579448,0.7451553328188809,0.9801205080498696,0.016870744203948258,0.10978617341314037,0.03671377932304064,0.7392636972939228,0.957769466278794,0.46437586661709007
fmA0_propertystate,OK,2,5775,5775,11550,16,2.0,322,14.0625,1.0,12.81813764765366,0.8125689428681275,0.005023429121121636,1,0.11007205418359355,0.03650261892077437,0.7275801375148483,0.9182220476953434,-0.01508390395677374,0.11509548330471518,0.03666232212528061,0.7207130656446985,0.8819076415464786,0.4116296959480181
fmA0_propertystate,OK,2,5775,5775,11550,16,2.0,322,14.0625,1.0,16.299042609536237,0.8703407549012105,-0.002371637668965171,0,0.11877063133886502,0.03611753966296016,0.7745224697181206,1.1797254189694073,-0.024507215918805052,0.11639899366989985,0.03656864529902583,0.7752941482489834,1.1393867027518716,0.4251716329574697
fmA0_propertystate,OK,4,5775,5775,23100,16,4.0,322,14.0625,1.0,38.411386872001174,0.8883537715070724,0.010805321359023692,1,0.08799365659958908,0.037123275994258784,0.7270859164332845,0.8209729874921077,-0.011143991336281326,0.09879897795861277,0.03696278815291583,0.7375599351443212,0.8418509572526084,0.42994392887325783
fmA0_propertystate,OK,4,5775,5775,23100,16,4.0,322,14.0625,1.0,28.426522735109295,0.8580059381846492,-0.0036001737682102575,0,0.11849360417046911,0.03623659096525978,0.7501625727241986,1.0408712921909222,-0.01074813741207953,0.11489343040225886,0.03656936179050422,0.7481466709441357,0.9433533936694817,0.3809053729391515
fmA0_propertystate,OK,4,5775,5775,23100,16,4.0,322,14.0625,1.0,33.93998324125086,0.8819499187506281,0.01274013332377319,1,0.10097476123710508,0.03652701736579448,0.7451553328188809,0.9801205080498696,0.016870744203948258,0.11371489456087827,0.036543620073882906,0.7526726955858253,0.966017811317936,0.4279047067853159
fmA0_propertystate,OK,4,5775,5775,23100,16,4.0,322,14.0625,1.0,88.53213985274591,0.9460723072464858,0.002500432179322498,1,0.11007205418359355,0.03650261892077437,0.7275801375148483,0.9182220476953434,-0.01508390395677374,0.11257248636291604,0.0366458574929143,0.7302116480105435,0.890081398970955,0.3861991067123295
fmA0_propertystate,OK,4,5775,5775,23100,16,4.0,322,14.0625,1.0,60.19985764508252,0.9085705997951601,0.0025717625996345417,1,0.11877063133886502,0.03611753966296016,0.7745224697181206,1.1797254189694073,-0.024507215918805052,0.12134239393849956,0.03642806163488751,0.7797854907095108,1.084485862612455,0.4015136089250532
fmA0_propertystate,OK,1,5775,5775,5775,16,1.0,322,14.0625,1.0,7.121590210839625,0.8578550382066374,0.00429191010032276,1,0.08799365659958908,0.037123275994258784,0.7270859164332845,0.8209729874921077,-0.011143991336281326,0.09228556669991184,0.03710119716586194,0.7300382371047315,0.7650763246310882,0.08278722413377404
fmA0_propertystate,OK,1,5775,5775,5775,16,1.0,322,14.0625,1.0,2.857062556793369,0.6496649688855494,-0.009337359937163114,0,0.11849360417046911,0.03623659096525978,0.7501625727241986,1.0408712921909222,-0.01074813741207953,0.109156244233306,0.03682568473916576,0.7508908985286085,0.8539319719229926,0.04839632654899816
fmA0_propertystate,OK,1,5775,5775,5775,16,1.0,322,14.0625,1.0,11.69863918891319,0.8847083336780577,0.0010935885977516047,1,0.10097476123710508,0.03652701736579448,0.7451553328188809,0.9801205080498696,0.016870744203948258,0.10206834983485669,0.0365900370928184,0.7476437793172813,0.868178657632742,0.08760192589858594
fmA0_propertystate,OK,1,5775,5775,5775,16,1.0,322,14.0625,1.0,9.490399826635036,0.8521917910200809,0.0005619719483449664,1,0.11007205418359355,0.03650261892077437,0.7275801375148483,0.9182220476953434,-0.01508390395677374,0.11063402613193851,0.03660310848675154,0.7284341862259717,0.8071097654279672,0.0702033230239569
fmA0_propertystate,OK,1,5775,5775,5775,16,1.0,322,14.0625,1.0,15.92679619475147,0.935520734327004,0.003034186847496248,1,0.11877063133886502,0.03611753966296016,0.7745224697181206,1.1797254189694073,-0.024507215918805052,0.12180481818636127,0.036083355614357424,0.7794560099884682,1.1228500920251923,0.04339526264775706
fmA0_propertystate,OK,1,5775,5775,5775,16,1.0,322,14.0625,1.0,9.421904698128522,0.8879665524260286,0.008227980486677736,1,0.08799365659958908,0.037123275994258784,0.7270859164332845,0.8209729874921077,-0.011143991336281326,0.09622163708626681,0.036912257394135714,0.7331466275914091,0.7839652869802861,0.2926730579354776
fmA0_propertystate,OK,1,5775,5775,5775,16,1.0,322,14.0625,1.0,0.799641916100795,0.0,0.007523690788643678,1,0.11849360417046911,0.03623659096525978,0.7501625727241986,1.0408712921909222,-0.01074813741207953,0.1260172949591128,0.03631118084930211,0.751688588695343,0.9002068644729164,0.2866292668755712
fmA0_propertystate,OK,1,5775,5775,5775,16,1.0,322,14.0625,1.0,3.9935904277136354,0.7431190938555723,0.0035999527964137162,1,0.10097476123710508,0.03652701736579448,0.7451553328188809,0.9801205080498696,0.016870744203948258,0.1045747140335188,0.036631858697463576,0.7453460848152741,0.8315734843350213,0.32968848067375583
fmA0_propertystate,OK,1,5775,5775,5775,16,1.0,322,14.0625,1.0,16.737472532561416,0.9373257126287029,0.006942786097998907,1,0.11007205418359355,0.03650261892077437,0.7275801375148483,0.9182220476953434,-0.01508390395677374,0.11701484028159245,0.036480030136727654,0.7379674507729791,0.842458727840715,0.284805188359035
fmA0_propertystate,OK,1,5775,5775,5775,16,1.0,322,14.0625,1.0,4.654782465449995,0.7846658336154175,-0.0002477720010320428,0,0.11877063133886502,0.03611753966296016,0.7745224697181206,1.1797254189694073,-0.024507215918805052,0.11852285933783298,0.03630303038779268,0.775172760614915,0.977667498447969,0.28006813463759117
fmA0_propertystate,OK,2,5775,5775,11550,16,2.0,322,14.0625,1.0,15.709554845413663,0.8677725279912756,0.013323219663574526,1,0.08799365659958908,0.037123275994258784,0.7270859164332845,0.8209729874921077,-0.011143991336281326,0.1013168762631636,0.036816901864439575,0.7373561773299923,0.8586739023888419,0.3099731112629853
fmA0_propertystate,OK,2,5775,5775,11550,16,2.0,322,14.0625,1.0,8.908539666078322,0.774929209251086,0.004665986018872761,1,0.11849360417046911,0.03623659096525978,0.7501625727241986,1.0408712921909222,-0.01074813741207953,0.12315959018934187,0.03639552366516008,0.7504833828999506,0.9539986745276641,0.2973027257750344
fmA0_propertystate,OK,2,5775,5775,11550,16,2.0,322,14.0625,1.0,13.876585713873304,0.8513749034443061,0.0037224047620630085,1,0.10097476123710508,0.03652701736579448,0.7451553328188809,0.9801205080498696,0.016870744203948258,0.10469716599916809,0.03662362247594873,0.7510079508900316,0.9159012399613671,0.35758617318292507
fmA0_propertystate,OK,2,5775,5775,11550,16,2.0,322,14.0625,1.0,20.218920053786963,0.8882159130016661,0.00738730848314105,1,0.11007205418359355,0.03650261892077437,0.7275801375148483,0.9182220476953434,-0.01508390395677374,0.1174593626667346,0.036459946107020816,0.7402911569108581,0.8890633512924779,0.29010696256239815
fmA0_propertystate,OK,2,5775,5775,11550,16,2.0,322,14.0625,1.0,13.628466560256236,0.8492628828639569,0.0030787235707293165,1,0.11877063133886502,0.03611753966296016,0.7745224697181206,1.1797254189694073,-0.024507215918805052,0.12184935490959434,0.036255385022310696,0.782026826667129,1.0824839015928647,0.2918692222442605
fmA0_propertystate,OK,1,5775,5775,5775,16,1.0,322,14.0625,1.0,2.1346091739712567,0.526474216625481,0.011400253178561151,1,0.08799365659958908,0.037123275994258784,0.7270859164332845,0.8209729874921077,-0.011143991336281326,0.09939390977815023,0.03678341589532761,0.7362680238960229,0.9277589782999364,0.1564642039656422
fmA0_propertystate,OK,1,5775,5775,5775,16,1.0,322,14.0625,1.0,1.0619095483859622,0.12571668465591707,-0.004156939695272713,0,0.11849360417046911,0.03623659096525978,0.7501625727241986,1.0408712921909222,-0.01074813741207953,0.1143366644751964,0.03637342546101463,0.7481943589432338,1.0527549285503859,0.13876595216046594
fmA0_propertystate,OK,1,5775,5775,5775,16,1.0,322,14.0625,1.0,5.134960519273889,0.8037049419621961,0.0018805182657192915,1,0.10097476123710508,0.03652701736579448,0.7451553328188809,0.9801205080498696,0.016870744203948258,0.10285527950282437,0.03653761126663689,0.7546192330035636,1.0515150694074307,0.1968694825091818
fmA0_propertystate,OK,1,5775,5775,5775,16,1.0,322,14.0625,1.0,2.0281668028852886,0.48714154693239564,0.003786315582338537,1,0.11007205418359355,0.03650261892077437,0.7275801375148483,0.9182220476953434,-0.01508390395677374,0.11385836976593208,0.03642547764301791,0.7385223656715771,0.9617471626448825,0.13958230961220697
fmA0_propertystate,OK,1,5775,5775,5775,16,1.0,322,14.0625,1.0,3.9764161003892866,0.7480530629731259,0.0030744081124729067,1,0.11877063133886502,0.03611753966296016,0.7745224697181206,1.1797254189694073,-0.024507215918805052,0.12184503945133793,0.03610954547765371,0.7844459088032045,1.2489290964329596,0.11817380174045473
fmA0_propertystate,TN,3,5775,5775,17325,16,3.0,228,10.0,1.0,50.21799070544781,0.9372773783857695,0.002714004580998297,1,0.08442630922995206,0.026126198606776164,0.76619663237127,0.9376762914084801,-0.026653309541785783,0.08714031381095036,0.025999285765668536,0.7688787604780175,1.1336094751266812,-0.20719267671986805
fmA0_propertystate,TN,3,5775,5775,17325,16,3.0,228,10.0,1.0,75.9655968360336,0.9459188755558512,0.012368295716451455,1,0.07848568343016046,0.02621279117397947,0.7527798822063101,0.8458535266668993,0.028058246264784495,0.09085397914661192,0.02595843985504067,0.7747317871893252,1.1063851331689685,-0.20786054867652473
fmA0_propertystate,TN,3,5775,5775,17325,16,3.0,228,10.0,1.0,76.95887957969195,0.936713346797913,-0.002595824623003562,0,0.10444507471053802,0.025862127134959705,0.7509531024707349,0.9216274762027733,0.03045556741376003,0.10184925008753445,0.025932256970267686,0.7618343556782913,1.091597323862343,-0.19309108601895386
fmA0_propertystate,TN,3,5775,5775,17325,16,3.0,228,10.0,1.0,43.90597753891925,0.914293600277253,0.0007855691201480719,1,0.06510926267320115,0.026505937184244936,0.7585657029741685,0.8320302854869147,-0.006800805631352724,0.06589483179334922,0.026388668203645063,0.7583518658813754,1.0467543971571989,-0.21175857210614088
fmA0_propertystate,TN,3,5775,5775,17325,16,3.0,228,10.0,1.0,39.00717663878406,0.9219942771229298,0.007005308429088489,1,0.09928405763352853,0.02575131147140599,0.7983882792834626,1.2004985567313131,-0.013640498705401714,0.10628936606261702,0.025737116547628624,0.7956022874459298,1.362916591427669,-0.20942301170460578
fmA0_propertystate,TN,2,5775,5775,11550,16,2.0,228,10.0,1.0,13.88094156134466,0.8363391880571294,0.0046595554984614485,1,0.08442630922995206,0.026126198606776164,0.76619663237127,0.9376762914084801,-0.026653309541785783,0.08908586472841351,0.026003679799291628,0.7734304357388988,1.068365316733691,-0.1355060850334038
fmA0_propertystate,TN,2,5775,5775,11550,16,2.0,228,10.0,1.0,27.090693885982354,0.9261251126382435,0.007821709549462375,1,0.07848568343016046,0.02621279117397947,0.7527798822063101,0.8458535266668993,0.028058246264784495,0.08630739297962284,0.026084851407731917,0.7666915125003055,0.9918727620218106,-0.12277309260831752
fmA0_propertystate,TN,2,5775,5775,11550,16,2.0,228,10.0,1.0,24.11994983536924,0.9136795278082974,0.0017327326354444617,1,0.10444507471053802,0.025862127134959705,0.7509531024707349,0.9216274762027733,0.03045556741376003,0.10617780734598248,0.025878832398964196,0.7555597644126201,1.0311067248933015,-0.12789288520018371
fmA0_propertystate,TN,2,5775,5775,11550,16,2.0,228,10.0,1.0,18.655934172741794,0.8914127561522519,0.0001519648065974738,1,0.06510926267320115,0.026505937184244936,0.7585657029741685,0.8320302854869147,-0.006800805631352724,0.06526122747979862,0.0264234703263577,0.7623658935946627,0.9937146975043211,-0.1347252264977148
fmA0_propertystate,TN,2,5775,5775,11550,16,2.0,228,10.0,1.0,10.717624134821829,0.8113319888856378,0.0004631662297478051,1,0.09928405763352853,0.02575131147140599,0.7983882792834626,1.2004985567313131,-0.013640498705401714,0.09974722386327634,0.025760110383145792,0.7934394779931083,1.2445840633980767,-0.14385820768182708
fmA0_propertystate,TN,1,5775,5775,5775,16,1.0,228,10.0,1.0,2.615867134646294,0.5788737674569229,0.0005916237375926392,1,0.08442630922995206,0.026126198606776164,0.76619663237127,0.9376762914084801,-0.026653309541785783,0.0850179329675447,0.02603379001892479,0.7640582614433393,1.063592946254494,-0.18707950527446918
fmA0_propertystate,TN,1,5775,5775,5775,16,1.0,228,10.0,1.0,8.582859038267033,0.8247461232985727,0.005511741852959204,1,0.07848568343016046,0.02621279117397947,0.7527798822063101,0.8458535266668993,0.028058246264784495,0.08399742528311967,0.026094546032505647,0.7654329284684376,1.022820308860171,-0.17522558437576896
fmA0_propertystate,TN,1,5775,5775,5775,16,1.0,228,10.0,1.0,27.120052205215934,0.8865055380686907,-0.0034648126738772156,0,0.10444507471053802,0.025862127134959705,0.7509531024707349,0.9216274762027733,0.03045556741376003,0.1009802620366608,0.025878981642547053,0.7625797306874558,1.0950714318116768,-0.148762235331218
fmA0_propertystate,TN,1,5775,5775,5775,16,1.0,228,10.0,1.0,9.006666357272296,0.8611467466295273,0.00012782995099276662,1,0.06510926267320115,0.026505937184244936,0.7585657029741685,0.8320302854869147,-0.006800805631352724,0.06523709262419392,0.026497066135362117,0.7577653412840001,0.9329556223823274,-0.2051186931107085
fmA0_propertystate,TN,1,5775,5775,5775,16,1.0,228,10.0,1.0,21.660566253084188,0.9411075205018697,0.004985669617264196,1,0.09928405763352853,0.02575131147140599,0.7983882792834626,1.2004985567313131,-0.013640498705401714,0.10426972725079273,0.025825864187069895,0.787830836530707,1.2629828897013102,-0.1685606430482795
fmA0_propertystate,TN,1,5775,5775,5775,16,1.0,228,10.0,1.0,7.051806976096989,0.855293694284638,0.001796783557617046,1,0.08442630922995206,0.026126198606776164,0.76619663237127,0.9376762914084801,-0.026653309541785783,0.08622309278756911,0.026128482515413273,0.765481805518219,0.9914103959638898,-0.2334100229129753
fmA0_propertystate,TN,1,5775,5775,5775,16,1.0,228,10.0,1.0,6.335494100634108,0.8418790230860507,0.010269704373994964,1,0.07848568343016046,0.02621279117397947,0.7527798822063101,0.8458535266668993,0.028058246264784495,0.08875538780415543,0.026042547112007246,0.7674796549280286,0.9722131168141619,-0.16083970433910283
fmA0_propertystate,TN,1,5775,5775,5775,16,1.0,228,10.0,1.0,5.451371594325679,0.7990095198438443,-0.002076165400998975,0,0.10444507471053802,0.025862127134959705,0.7509531024707349,0.9216274762027733,0.03045556741376003,0.10236890930953904,0.02596059413664963,0.7587062244922896,0.9773930238047546,-0.1829119904055266
fmA0_propertystate,TN,1,5775,5775,5775,16,1.0,228,10.0,1.0,10.897439391614048,0.907762442219882,0.003009517917180002,1,0.06510926267320115,0.026505937184244936,0.7585657029741685,0.8320302854869147,-0.006800805631352724,0.06811878059038115,0.02646258547170848,0.7609301302573377,0.9242693964033718,-0.20723451044824287
fmA0_propertystate,TN,1,5775,5775,5775,16,1.0,228,10.0,1.0,7.063230633336541,0.8583384669844607,0.005103796824023066,1,0.09928405763352853,0.02575131147140599,0.7983882792834626,1.2004985567313131,-0.013640498705401714,0.1043878544575516,0.025740463830110912,0.7968181040592389,1.2414445666406995,-0.22229637780787306
fmA0_propertystate,TN,2,5775,5775,11550,16,2.0,228,10.0,1.0,32.18230993066862,0.9363784484432114,0.0013432206063434537,1,0.08442630922995206,0.026126198606776164,0.76619663237127,0.9376762914084801,-0.026653309541785783,0.08576952983629552,0.025989465398424647,0.7693553117133849,1.1839821585764545,-0.10845920049051734
fmA0_propertystate,TN,2,5775,5775,11550,16,2.0,228,10.0,1.0,40.7291190568523,0.9508045471672789,0.016249645578337205,1,0.07848568343016046,0.02621279117397947,0.7527798822063101,0.8458535266668993,0.028058246264784495,0.09473532900849767,0.025886704096105325,0.7681761528874118,1.1792766634961482,-0.12947859653718588
fmA0_propertystate,TN,2,5775,5775,11550,16,2.0,228,10.0,1.0,38.313165065194916,0.9474085317185683,-0.005150705409820003,0,0.10444507471053802,0.025862127134959705,0.7509531024707349,0.9216274762027733,0.03045556741376003,0.09929436930071801,0.025893196037188808,0.758412962193602,1.1533454467714153,-0.11194380611206019
fmA0_propertystate,TN,2,5775,5775,11550,16,2.0,228,10.0,1.0,37.59412122374367,0.9465090601551069,0.0013303494452230197,1,0.06510926267320115,0.026505937184244936,0.7585657029741685,0.8320302854869147,-0.006800805631352724,0.06643961211842417,0.026333834229486798,0.7561157408538821,1.0701924789480486,-0.14047793878337494
fmA0_propertystate,TN,2,5775,5775,11550,16,2.0,228,10.0,1.0,34.38518936600592,0.941829136892071,0.009215297509756831,1,0.09928405763352853,0.02575131147140599,0.7983882792834626,1.2004985567313131,-0.013640498705401714,0.10849935514328536,0.02574841474864506,0.7963415528238715,1.4301570537272177,-0.14695158046250864
fmA0_propertystate,TN,4,5775,5775,23100,16,4.0,228,10.0,1.0,93.26014118095503,0.9566257324591017,0.0011212058374575062,1,0.08442630922995206,0.026126198606776164,0.76619663237127,0.9376762914084801,-0.026653309541785783,0.08554751506740957,0.02606319066267582,0.7703389623402332,1.090921073663724,-0.2167969831216145
fmA0_propertystate,TN,4,5775,5775,23100,16,4.0,228,10.0,1.0,61.27531553219221,0.9299271482301145,0.0123520794452536,1,0.07848568343016046,0.02621279117397947,0.7527798822063101,0.8458535266668993,0.028058246264784495,0.09083776287541406,0.02595823910148871,0.7707605268945966,1.121396126760224,-0.2042777779045981
fmA0_propertystate,TN,4,5775,5775,23100,16,4.0,228,10.0,1.0,66.7349018836897,0.9398051428865657,-0.00038538668289608835,0,0.10444507471053802,0.025862127134959705,0.7509531024707349,0.9216274762027733,0.03045556741376003,0.10405968802764193,0.025915433464175762,0.7586634570737312,1.0852083163633868,-0.19817360100553105
fmA0_propertystate,TN,4,5775,5775,23100,16,4.0,228,10.0,1.0,91.63859089611796,0.9536546372953947,0.0014185243213356707,1,0.06510926267320115,0.026505937184244936,0.7585657029741685,0.8320302854869147,-0.006800805631352724,0.06652778699453682,0.02644448012004209,0.7608568146826657,0.9866102414917146,-0.21687173126480663
fmA0_propertystate,TN,4,5775,5775,23100,16,4.0,228,10.0,1.0,95.63084342111351,0.9579606161521779,0.008639901459037008,1,0.09928405763352853,0.02575131147140599,0.7983882792834626,1.2004985567313131,-0.013640498705401714,0.10792395909256554,0.025785023987145262,0.7957672474889417,1.337194619520283,-0.22768477159625602
fmA0_propertystate,TN,2,5775,5775,11550,16,2.0,228,10.0,1.0,50.31142267518445,0.9452135494524959,-0.0006114282194825404,0,0.08442630922995206,0.026126198606776164,0.76619663237127,0.9376762914084801,-0.026653309541785783,0.08381488101046952,0.026154406140022124,0.7655245729367773,1.0222491896535257,-0.23679944412710752
fmA0_propertystate,TN,2,5775,5775,11550,16,2.0,228,10.0,1.0,49.47502153265435,0.9589077711240768,0.010845502864339815,1,0.07848568343016046,0.02621279117397947,0.7527798822063101,0.8458535266668993,0.028058246264784495,0.08933118629450028,0.026037466833198426,0.7742063589041764,1.0797406177264897,-0.2517636477184582
fmA0_propertystate,TN,2,5775,5775,11550,16,2.0,228,10.0,1.0,55.043693188321015,0.9636442462765076,0.0002085332250331695,1,0.10444507471053802,0.025862127134959705,0.7509531024707349,0.9216274762027733,0.03045556741376003,0.10465360793557119,0.025977663533170957,0.7572887900486326,0.9885716718504954,-0.2192366529516937
fmA0_propertystate,TN,2,5775,5775,11550,16,2.0,228,10.0,1.0,66.10861075458209,0.9697210060519648,0.0009433479974353814,1,0.06510926267320115,0.026505937184244936,0.7585657029741685,0.8320302854869147,-0.006800805631352724,0.06605261067063653,0.02653203113918588,0.7584862777682739,0.9577584853102817,-0.26962367427325784
fmA0_propertystate,TN,2,5775,5775,11550,16,2.0,228,10.0,1.0,56.036106250817035,0.9601774171558721,0.010027929886923886,1,0.09928405763352853,0.02575131147140599,0.7983882792834626,1.2004985567313131,-0.013640498705401714,0.10931198752045242,0.02576093710697214,0.7984799237518023,1.3059389007556508,-0.275846020498897
fmA0_propertystate,TN,3,5775,5775,17325,16,3.0,228,10.0,1.0,82.76225181369487,0.963694993543833,0.002571504688056961,1,0.08442630922995206,0.026126198606776164,0.76619663237127,0.9376762914084801,-0.026653309541785783,0.08699781391800902,0.02614062860052325,0.7710904469806203,1.049776057485764,-0.2887908102134921
fmA0_propertystate,TN,3,5775,5775,17325,16,3.0,228,10.0,1.0,63.994077502059454,0.9528915575474967,0.011161783297409758,1,0.07848568343016046,0.02621279117397947,0.7527798822063101,0.8458535266668993,0.028058246264784495,0.08964746672757022,0.026049467377272723,0.7766318824995724,1.0914965904881098,-0.277000967674361
fmA0_propertystate,TN,3,5775,5775,17325,16,3.0,228,10.0,1.0,64.37630770417057,0.9531465187676007,-0.0012786444605612235,0,0.10444507471053802,0.025862127134959705,0.7509531024707349,0.9216274762027733,0.03045556741376003,0.10316643024997679,0.02601727480995187,0.7590911312593172,0.9970952008514441,-0.2486599988741107
fmA0_propertystate,TN,3,5775,5775,17325,16,3.0,228,10.0,1.0,86.95679348560756,0.9651626371513007,0.0013273386099704049,1,0.06510926267320115,0.026505937184244936,0.7585657029741685,0.8320302854869147,-0.006800805631352724,0.06643660128317155,0.02655078057894651,0.7609545687822282,0.9751780991390927,-0.30000718219950845
fmA0_propertystate,TN,3,5775,5775,17325,16,3.0,228,10.0,1.0,92.64512720475297,0.967158778079504,0.00659789249184721,1,0.09928405763352853,0.02575131147140599,0.7983882792834626,1.2004985567313131,-0.013640498705401714,0.10588195012537574,0.025761867204081506,0.7997812752022287,1.297235589503863,-0.3069711282811528
fmA0_propertystate,TN,1,5775,5775,5775,16,1.0,228,10.0,1.0,6.806938603780631,0.8461980078508875,0.004595214322734603,1,0.08442630922995206,0.026126198606776164,0.76619663237127,0.9376762914084801,-0.026653309541785783,0.08902152355268667,0.026020163015963074,0.7720679879762458,0.9781049191477419,-0.005688835644955159
fmA0_propertystate,TN,1,5775,5775,5775,16,1.0,228,10.0,1.0,18.819821991169167,0.9468351637425941,0.0011871885609001098,1,0.07848568343016046,0.02621279117397947,0.7527798822063101,0.8458535266668993,0.028058246264784495,0.07967287199106057,0.02614860821536332,0.7559080133923116,0.890462750196899,0.03552833329449509
fmA0_propertystate,TN,1,5775,5775,5775,16,1.0,228,10.0,1.0,9.547094968147125,0.8825198883513643,-0.002619353274747785,0,0.10444507471053802,0.025862127134959705,0.7509531024707349,0.9216274762027733,0.03045556741376003,0.10182572143579023,0.02585537104275471,0.7543500574305335,0.9395705508405923,0.03963872868849409
fmA0_propertystate,TN,1,5775,5775,5775,16,1.0,228,10.0,1.0,4.628335224294449,0.6398184837655888,0.00018870542056768913,1,0.06510926267320115,0.026505937184244936,0.7585657029741685,0.8320302854869147,-0.006800805631352724,0.06529796809376884,0.02643828666879489,0.7557002859307412,0.8262947728942631,0.014416264813868662
fmA0_propertystate,TN,1,5775,5775,5775,16,1.0,228,10.0,1.0,2.642921373462511,0.6062520535338185,-0.0031242769615801858,0,0.09928405763352853,0.02575131147140599,0.7983882792834626,1.2004985567313131,-0.013640498705401714,0.09615978067194834,0.025795205617490085,0.7932012023754247,1.1105575389780216,-0.013079941337582527
fmA0_propertystate,TN,3,5775,5775,17325,16,3.0,228,10.0,1.0,24.060592787269552,0.8630659138485786,0.007344063159697989,1,0.08442630922995206,0.026126198606776164,0.76619663237127,0.9376762914084801,-0.026653309541785783,0.09177037238965005,0.025976213156335245,0.7765157995063418,1.0498918158964003,-0.10994527048245606
fmA0_propertystate,TN,3,5775,5775,17325,16,3.0,228,10.0,1.0,54.449596503365335,0.9389968313743862,0.009659606459229239,1,0.07848568343016046,0.02621279117397947,0.7527798822063101,0.8458535266668993,0.028058246264784495,0.0881452898893897,0.025979874365372396,0.7746706908770987,1.075666388544203,-0.09871292602516826
fmA0_propertystate,TN,3,5775,5775,17325,16,3.0,228,10.0,1.0,32.15626669514861,0.9066976414622248,-0.001199155404245686,0,0.10444507471053802,0.025862127134959705,0.7509531024707349,0.9216274762027733,0.03045556741376003,0.10324591930629233,0.025926019338670905,0.7573254478359686,1.059585591475869,-0.0894063422350669
fmA0_propertystate,TN,3,5775,5775,17325,16,3.0,228,10.0,1.0,41.13078434991225,0.9270563244348525,0.0008425251079946378,1,0.06510926267320115,0.026505937184244936,0.7585657029741685,0.8320302854869147,-0.006800805631352724,0.06595178778119579,0.026389003368683783,0.7641804540677924,0.9859633587120089,-0.1255690937923321
fmA0_propertystate,TN,3,5775,5775,17325,16,3.0,228,10.0,1.0,28.383374325974536,0.8942744527635833,-0.0009519733738528185,0,0.09928405763352853,0.02575131147140599,0.7983882792834626,1.2004985567313131,-0.013640498705401714,0.09833208425967571,0.02577402311852517,0.7923580732666977,1.2130481171655005,-0.12318239425908807
fmA0_propertystate,TN,1,5775,5775,5775,16,1.0,228,10.0,1.0,8.154547656256877,0.8773613548752353,0.0007847167797387089,1,0.08442630922995206,0.026126198606776164,0.76619663237127,0.9376762914084801,-0.026653309541785783,0.08521102600969077,0.02601163893185567,0.7672047215230089,1.065992863372801,0.060908976702224324
fmA0_propertystate,TN,1,5775,5775,5775,16,1.0,228,10.0,1.0,9.098508331482652,0.8900888797656449,0.018581276087762277,1,0.07848568343016046,0.02621279117397947,0.7527798822063101,0.8458535266668993,0.028058246264784495,0.09706695951792274,0.026002461358890255,0.7512219262445319,0.9868130176998895,0.11330631189434304
fmA0_propertystate,TN,1,5775,5775,5775,16,1.0,228,10.0,1.0,11.944740531080173,0.916275362639894,-0.006037976425294675,0,0.10444507471053802,0.025862127134959705,0.7509531024707349,0.9216274762027733,0.03045556741376003,0.09840709828524334,0.025882897341711886,0.7500488770497812,1.0315070006678817,0.106617517992936
fmA0_propertystate,TN,1,5775,5775,5775,16,1.0,228,10.0,1.0,10.165600948511386,0.9015295078610184,-8.110837717484332e-06,0,0.06510926267320115,0.026505937184244936,0.7585657029741685,0.8320302854869147,-0.006800805631352724,0.06510115183548366,0.02640440663178453,0.750806471321391,0.9059188458406648,0.09127941265000232
fmA0_propertystate,TN,1,5775,5775,5775,16,1.0,228,10.0,1.0,1.2266177782270002,0.1842413466027345,0.0025123223776537945,1,0.09928405763352853,0.02575131147140599,0.7983882792834626,1.2004985567313131,-0.013640498705401714,0.10179638001118232,0.025865407449949324,0.7797233558982379,1.1860715585919643,0.06538006937349322
fmA0_propertystate,TN,4,5775,5775,23100,16,4.0,228,10.0,1.0,36.43494967305363,0.8898246746208205,-0.00012575691889210594,0,0.08442630922995206,0.026126198606776164,0.76619663237127,0.9376762914084801,-0.026653309541785783,0.08430055231105996,0.0260547858772966,0.7676018475524817,1.029537337592407,-0.022022893016457497
fmA0_propertystate,TN,4,5775,5775,23100,16,4.0,228,10.0,1.0,31.425685125961927,0.8726478423898346,0.007070652513796016,1,0.07848568343016046,0.02621279117397947,0.7527798822063101,0.8458535266668993,0.028058246264784495,0.08555633594395648,0.026024812663671883,0.7630012952418193,1.0404396160825091,0.017344734743631924
fmA0_propertystate,TN,4,5775,5775,23100,16,4.0,228,10.0,1.0,57.57556399270412,0.9304347433647819,-0.005545966239723324,0,0.10444507471053802,0.025862127134959705,0.7509531024707349,0.9216274762027733,0.03045556741376003,0.09889910847081469,0.025905810429980136,0.7580158361641292,1.055969455581566,0.007885280978845005
fmA0_propertystate,TN,4,5775,5775,23100,16,4.0,228,10.0,1.0,52.322942709480856,0.9235468998502251,-0.001268046968425765,0,0.06510926267320115,0.026505937184244936,0.7585657029741685,0.8320302854869147,-0.006800805631352724,0.06384121570477538,0.026450703140532526,0.7568672254942692,0.9296120804410888,-0.006234356528878851
fmA0_propertystate,TN,4,5775,5775,23100,16,4.0,228,10.0,1.0,38.88155389112424,0.8968328186672467,-0.00375846320015244,0,0.09928405763352853,0.02575131147140599,0.7983882792834626,1.2004985567313131,-0.013640498705401714,0.09552559443337609,0.025841109761424688,0.7830958723331459,1.2249643204694616,-0.021498716143147342
fmA0_propertystate,TX,3,5775,5775,17325,16,3.0,359,15.6875,1.0,29.11340318579375,0.8969545484582115,0.017751723109976747,1,0.11617538881188474,0.04062273718937013,0.6923125068456712,0.7669513359319324,0.009536134765884823,0.1339271119218615,0.040331267656938875,0.7093719194479651,0.8186795909693871,0.3632090636703104
fmA0_propertystate,TX,3,5775,5775,17325,16,3.0,359,15.6875,1.0,16.55319294553537,0.8175942048728975,0.005636037057001636,1,0.12132712612099517,0.040293005057467864,0.7218897181930558,0.8902189549288169,0.004918895925159609,0.1269631631779968,0.0404054894761074,0.7320721651097655,0.9246076587722571,0.3762609717083638
fmA0_propertystate,TX,3,5775,5775,17325,16,3.0,359,15.6875,1.0,20.313827886517565,0.8522299395967822,0.015929285531868884,1,0.10617471331352606,0.04072650747306338,0.7154782581483046,0.7953014043833673,0.01991242614172578,0.12210399884539494,0.04052271287411795,0.7296194589181493,0.8498071759737424,0.3948844664611647
fmA0_propertystate,TX,3,5775,5775,17325,16,3.0,359,15.6875,1.0,33.48460902281211,0.9097045810306392,0.006959560786151148,1,0.13481616971254626,0.040185202703057345,0.715321785663991,0.8570649593253699,0.0026630509228608135,0.1417757304986974,0.04030143736592661,0.7220774851742322,0.8386994175394721,0.38378309556618617
fmA0_propertystate,TX,3,5775,5775,17325,16,3.0,359,15.6875,1.0,47.34171585033366,0.9351668375429663,0.011722168833926155,1,0.14672987604223212,0.03987247689642405,0.7267794833278568,0.950695060638942,-0.015214297211114156,0.15845204487615827,0.039941470535907846,0.7308477679200113,0.9016076373273101,0.3761397074262635
fmA0_propertystate,TX,2,5775,5775,11550,16,2.0,359,15.6875,1.0,32.13735809793644,0.9376573835301802,0.012583736033753928,1,0.11617538881188474,0.04062273718937013,0.6923125068456712,0.7669513359319324,0.009536134765884823,0.12875912484563867,0.040263021022026,0.7068957423837019,0.7656762688324782,0.20360249935944777
fmA0_propertystate,TX,2,5775,5775,11550,16,2.0,359,15.6875,1.0,15.29709687132986,0.8632650499209292,0.0008062208673486615,1,0.12132712612099517,0.040293005057467864,0.7218897181930558,0.8902189549288169,0.004918895925159609,0.12213334698834383,0.04029396996930085,0.7230671736375158,0.8224646100160147,0.2040387490466566
fmA0_propertystate,TX,2,5775,5775,11550,16,2.0,359,15.6875,1.0,21.34738935529229,0.8940035919323415,0.01542968384977643,1,0.10617471331352606,0.04072650747306338,0.7154782581483046,0.7953014043833673,0.01991242614172578,0.12160439716330249,0.040410162926342155,0.7275579339373172,0.7870634930970669,0.20160862827700676
fmA0_propertystate,TX,2,5775,5775,11550,16,2.0,359,15.6875,1.0,29.534662667681335,0.9322127700192719,0.0005740353445986557,1,0.13481616971254626,0.040185202703057345,0.715321785663991,0.8570649593253699,0.0026630509228608135,0.1353902050571449,0.040179670288695776,0.7225390790029573,0.7637172503332174,0.2030600540093605
fmA0_propertystate,TX,2,5775,5775,11550,16,2.0,359,15.6875,1.0,29.905820741603875,0.9322898732816058,0.015303102600437352,1,0.14672987604223212,0.03987247689642405,0.7267794833278568,0.950695060638942,-0.015214297211114156,0.16203297864266947,0.039693620448487024,0.7335469182744215,0.8818803417003228,0.19666052006661258
fmA0_propertystate,TX,3,5775,5775,17325,16,3.0,359,15.6875,1.0,22.539251133292595,0.8667625164441916,0.008189175615462854,1,0.11617538881188474,0.04062273718937013,0.6923125068456712,0.7669513359319324,0.009536134765884823,0.1243645644273476,0.04035723097861927,0.7055266081459576,0.8819177701185695,0.09975718191913611
fmA0_propertystate,TX,3,5775,5775,17325,16,3.0,359,15.6875,1.0,31.737585030104405,0.8874137285193653,0.00776853911629144,1,0.12132712612099517,0.040293005057467864,0.7218897181930558,0.8902189549288169,0.004918895925159609,0.1290956652372866,0.04015119416657114,0.7316966311474128,0.9335712172782477,0.11788758891432766
fmA0_propertystate,TX,3,5775,5775,17325,16,3.0,359,15.6875,1.0,36.001699038363164,0.9048994309644235,0.018228569686832896,1,0.10617471331352606,0.04072650747306338,0.7154782581483046,0.7953014043833673,0.01991242614172578,0.12440328300035895,0.0402514634874218,0.7290991879078064,0.9194321402686422,0.11259333687869003
fmA0_propertystate,TX,3,5775,5775,17325,16,3.0,359,15.6875,1.0,48.84080166631689,0.9350085034231761,-0.0023155572722701745,0,0.13481616971254626,0.040185202703057345,0.715321785663991,0.8570649593253699,0.0026630509228608135,0.13250061244027608,0.04019375843234526,0.7248353127102599,0.9427658584546258,0.13721717655938312
fmA0_propertystate,TX,3,5775,5775,17325,16,3.0,359,15.6875,1.0,29.95552491795278,0.8894920406656339,0.012648810820010903,1,0.14672987604223212,0.03987247689642405,0.7267794833278568,0.950695060638942,-0.015214297211114156,0.15937868686224302,0.03977858819308981,0.7360817725203022,1.0722651005239596,0.10351765033100975
fmA0_propertystate,TX,1,5775,5775,5775,16,1.0,359,15.6875,1.0,28.0753452650277,0.9643815354683866,0.011092749456783235,1,0.11617538881188474,0.04062273718937013,0.6923125068456712,0.7669513359319324,0.009536134765884823,0.12726813826866798,0.040525336464810026,0.701732150401352,0.7513136645796498,0.41204274592194745
fmA0_propertystate,TX,1,5775,5775,5775,16,1.0,359,15.6875,1.0,5.22609854165696,0.8018933665552319,0.01257621958386454,1,0.12132712612099517,0.040293005057467864,0.7218897181930558,0.8902189549288169,0.004918895925159609,0.1339033457048597,0.04042484701036242,0.7304018213397174,0.9492716416104245,0.40235258676409524
fmA0_propertystate,TX,1,5775,5775,5775,16,1.0,359,15.6875,1.0,7.43579826279117,0.8612410769010805,0.006284054233966413,1,0.10617471331352606,0.04072650747306338,0.7154782581483046,0.7953014043833673,0.01991242614172578,0.11245876754749247,0.04066904131229334,0.7266308344677589,0.828904280430538,0.4015515593030572
fmA0_propertystate,TX,1,5775,5775,5775,16,1.0,359,15.6875,1.0,1.2555001850548697,0.18189158100343034,0.001344307464320238,1,0.13481616971254626,0.040185202703057345,0.715321785663991,0.8570649593253699,0.0026630509228608135,0.1361604771768665,0.04038893793248281,0.7168747750708038,0.8151173228174878,0.3868401653147041
fmA0_propertystate,TX,1,5775,5775,5775,16,1.0,359,15.6875,1.0,1.4925465183975013,0.29577325363376505,0.007380721708753563,1,0.14672987604223212,0.03987247689642405,0.7267794833278568,0.950695060638942,-0.015214297211114156,0.15411059775098568,0.04007265579961693,0.7257585003677103,0.9150042471297145,0.36435362650458913
fmA0_propertystate,TX,3,5775,5775,17325,16,3.0,359,15.6875,1.0,57.20345020933013,0.9438029368662428,0.01014619493459376,1,0.11617538881188474,0.04062273718937013,0.6923125068456712,0.7669513359319324,0.009536134765884823,0.1263215837464785,0.040410008201587945,0.7022641568480184,0.869009295388016,0.15278032101468283
fmA0_propertystate,TX,3,5775,5775,17325,16,3.0,359,15.6875,1.0,29.276830873108008,0.8938978742409858,0.011317016015519016,1,0.12132712612099517,0.040293005057467864,0.7218897181930558,0.8902189549288169,0.004918895925159609,0.13264414213651418,0.04018958394634935,0.7278630552817287,1.0203092662886843,0.14363844428102507
fmA0_propertystate,TX,3,5775,5775,17325,16,3.0,359,15.6875,1.0,40.08648752598017,0.9246209089176542,0.010194157811102653,1,0.10617471331352606,0.04072650747306338,0.7154782581483046,0.7953014043833673,0.01991242614172578,0.11636887112462871,0.040405639965238375,0.7240607739129074,0.9243705365444359,0.18884594028700064
fmA0_propertystate,TX,3,5775,5775,17325,16,3.0,359,15.6875,1.0,40.0613846959296,0.9251049323927871,0.001186936099728475,1,0.13481616971254626,0.040185202703057345,0.715321785663991,0.8570649593253699,0.0026630509228608135,0.13600310581227473,0.0401419796504256,0.7235483265267804,0.9876462857334865,0.14456957119496017
fmA0_propertystate,TX,3,5775,5775,17325,16,3.0,359,15.6875,1.0,61.93878162196106,0.9497644759082344,0.010095437293612897,1,0.14672987604223212,0.03987247689642405,0.7267794833278568,0.950695060638942,-0.015214297211114156,0.156825313335845,0.0398803592833929,0.7331557370636373,1.0888962478046442,0.14495206569208674
fmA0_propertystate,TX,3,5775,5775,17325,16,3.0,359,15.6875,1.0,35.373888664349565,0.9096109392012947,0.008557111030719433,1,0.11617538881188474,0.04062273718937013,0.6923125068456712,0.7669513359319324,0.009536134765884823,0.12473249984260418,0.04038849617931895,0.7051549859957126,0.8621535977029663,0.1823563777654158
fmA0_propertystate,TX,3,5775,5775,17325,16,3.0,359,15.6875,1.0,21.636114252484326,0.8525049354438541,0.0125285590072918,1,0.12132712612099517,0.040293005057467864,0.7218897181930558,0.8902189549288169,0.004918895925159609,0.13385568512828697,0.040106844075721786,0.7389100126742713,1.0234088896313522,0.18866671568116322
fmA0_propertystate,TX,3,5775,5775,17325,16,3.0,359,15.6875,1.0,29.905036428214217,0.8995821303284283,0.0065088714553450805,1,0.10617471331352606,0.04072650747306338,0.7154782581483046,0.7953014043833673,0.01991242614172578,0.11268358476887114,0.04049097257805709,0.7254064372780048,0.8947343006300242,0.176480822324717
fmA0_propertystate,TX,3,5775,5775,17325,16,3.0,359,15.6875,1.0,55.4288656384359,0.9457550283752416,0.0012027171130430947,1,0.13481616971254626,0.040185202703057345,0.715321785663991,0.8570649593253699,0.0026630509228608135,0.13601888682558935,0.04013863965274434,0.7221674568527124,0.9430969840272285,0.19096819119233163
fmA0_propertystate,TX,3,5775,5775,17325,16,3.0,359,15.6875,1.0,66.0228656313402,0.9450076007719024,0.005823141048673153,1,0.14672987604223212,0.03987247689642405,0.7267794833278568,0.950695060638942,-0.015214297211114156,0.15255301709090527,0.039914653009460725,0.7329601464582454,1.0201307477437607,0.1764901499107923
fmA0_propertystate,TX,3,5775,5775,17325,16,3.0,359,15.6875,1.0,25.18673026720198,0.8807507651169352,0.005476564150391383,1,0.11617538881188474,0.04062273718937013,0.6923125068456712,0.7669513359319324,0.009536134765884823,0.12165195296227613,0.04047255838653595,0.7029291649063514,0.8223954312012547,0.1743080857979784
fmA0_propertystate,TX,3,5775,5775,17325,16,3.0,359,15.6875,1.0,18.597286858451582,0.829235506808744,0.012097051697527256,1,0.12132712612099517,0.040293005057467864,0.7218897181930558,0.8902189549288169,0.004918895925159609,0.13342417781852242,0.0401378700542542,0.7359135645996652,0.9785739589242528,0.17422712424162462
fmA0_propertystate,TX,3,5775,5775,17325,16,3.0,359,15.6875,1.0,28.371917504750833,0.8837173208382771,0.010828085224924802,1,0.10617471331352606,0.04072650747306338,0.7154782581483046,0.7953014043833673,0.01991242614172578,0.11700279853845086,0.04041171596595615,0.7282698837409441,0.9075334261309528,0.1657612851108076
fmA0_propertystate,TX,3,5775,5775,17325,16,3.0,359,15.6875,1.0,35.42421191388513,0.8897124627101183,0.0012068090647111562,1,0.13481616971254626,0.040185202703057345,0.715321785663991,0.8570649593253699,0.0026630509228608135,0.13602297877725741,0.0401800083766286,0.7236656808900155,0.9248705490090514,0.18884479808616297
fmA0_propertystate,TX,3,5775,5775,17325,16,3.0,359,15.6875,1.0,68.5842953382619,0.9459481600325428,0.008928322729376104,1,0.14672987604223212,0.03987247689642405,0.7267794833278568,0.950695060638942,-0.015214297211114156,0.15565819877160822,0.03985100251219571,0.7364181883615767,1.042073265445184,0.17529318446818487
fmA0_propertystate,TX,4,5775,5775,23100,16,4.0,359,15.6875,1.0,31.610685200116784,0.8734484501689397,0.021380636124171848,1,0.11617538881188474,0.04062273718937013,0.6923125068456712,0.7669513359319324,0.009536134765884823,0.1375560249360566,0.04035855988230463,0.709105916224632,0.8473097127565511,0.4048088948492642
fmA0_propertystate,TX,4,5775,5775,23100,16,4.0,359,15.6875,1.0,27.02442187067716,0.8513890484077422,0.008297060410928675,1,0.12132712612099517,0.040293005057467864,0.7218897181930558,0.8902189549288169,0.004918895925159609,0.12962418653192384,0.04043340654938887,0.7321269304792754,0.9072536451562822,0.4247166801828597
fmA0_propertystate,TX,4,5775,5775,23100,16,4.0,359,15.6875,1.0,51.020407683709756,0.920806458372976,0.00953451786616659,1,0.10617471331352606,0.04072650747306338,0.7154782581483046,0.7953014043833673,0.01991242614172578,0.11570923117969265,0.040659415937004416,0.7217762756419284,0.7893946857866249,0.41637790123253493
fmA0_propertystate,TX,4,5775,5775,23100,16,4.0,359,15.6875,1.0,110.53799148353977,0.9532479187856296,-0.004994440092351338,0,0.13481616971254626,0.040185202703057345,0.715321785663991,0.8570649593253699,0.0026630509228608135,0.12982172962019492,0.04041438616439768,0.7190223599180083,0.8365598129484673,0.41198609609586295
fmA0_propertystate,TX,4,5775,5775,23100,16,4.0,359,15.6875,1.0,63.28566462699435,0.9367853228706271,0.005273630628225001,1,0.14672987604223212,0.03987247689642405,0.7267794833278568,0.950695060638942,-0.015214297211114156,0.15200350667045712,0.040101632885107985,0.7321191068550595,0.9538164940828796,0.3998489428146076
fmA0_propertystate,TX,1,5775,5775,5775,16,1.0,359,15.6875,1.0,6.825214611018875,0.8487870858886235,0.01000249031093181,1,0.11617538881188474,0.04062273718937013,0.6923125068456712,0.7669513359319324,0.009536134765884823,0.12617787912281656,0.040354430388409246,0.7042317983382622,0.8353060083060742,-0.03924866626351437
fmA0_propertystate,TX,1,5775,5775,5775,16,1.0,359,15.6875,1.0,7.1488031627509985,0.8580720201171999,0.014573724894163392,1,0.12132712612099517,0.040293005057467864,0.7218897181930558,0.8902189549288169,0.004918895925159609,0.13590085101515856,0.0400974091452428,0.7276009638705033,0.917291643210005,-0.031210233918055493
fmA0_propertystate,TX,1,5775,5775,5775,16,1.0,359,15.6875,1.0,6.03095894960403,0.8318252572549251,0.0039004131871183956,1,0.10617471331352606,0.04072650747306338,0.7154782581483046,0.7953014043833673,0.01991242614172578,0.11007512650064445,0.04064942926248608,0.7200707255629097,0.7976976284205468,-0.019981318478556193
fmA0_propertystate,TX,1,5775,5775,5775,16,1.0,359,15.6875,1.0,5.493572203439202,0.7937405481556614,0.002229738433570355,1,0.13481616971254626,0.040185202703057345,0.715321785663991,0.8570649593253699,0.0026630509228608135,0.1370459081461166,0.040052950353290984,0.7216510976544774,0.8870986410384862,-0.03956674030275601
fmA0_propertystate,TX,1,5775,5775,5775,16,1.0,359,15.6875,1.0,5.218923481283252,0.805415830360344,0.0037943807807759578,1,0.14672987604223212,0.03987247689642405,0.7267794833278568,0.950695060638942,-0.015214297211114156,0.15052425682300807,0.03979820060386542,0.728199471123003,0.9740280694392804,-0.06187273638929055
fmA0_propertystate,TX,4,5775,5775,23100,16,4.0,359,15.6875,1.0,36.9500594733895,0.8644505562149305,0.015194515407496001,1,0.11617538881188474,0.04062273718937013,0.6923125068456712,0.7669513359319324,0.009536134765884823,0.13136990421938075,0.040433271848189435,0.7094775383748767,0.9047109530045819,0.35066920176707056
fmA0_propertystate,TX,4,5775,5775,23100,16,4.0,359,15.6875,1.0,12.22239660625719,0.6712973544213932,0.008670130334245574,1,0.12132712612099517,0.040293005057467864,0.7218897181930558,0.8902189549288169,0.004918895925159609,0.12999725645524074,0.04040752875801602,0.7358705346664789,1.0396052548952353,0.3605047588420343
fmA0_propertystate,TX,4,5775,5775,23100,16,4.0,359,15.6875,1.0,16.068478487060464,0.7470287683345727,0.009276462575465022,1,0.10617471331352606,0.04072650747306338,0.7154782581483046,0.7953014043833673,0.01991242614172578,0.11545117588899108,0.040637303850323526,0.7265017446682002,0.9179257575210323,0.389585709873934
fmA0_propertystate,TX,4,5775,5775,23100,16,4.0,359,15.6875,1.0,44.293856242546596,0.9089068601446012,-0.0025754823805319293,0,0.13481616971254626,0.040185202703057345,0.715321785663991,0.8570649593253699,0.0026630509228608135,0.13224068733201433,0.040452977387847866,0.7270024566180038,0.9550863876535978,0.3822796412457177
fmA0_propertystate,TX,4,5775,5775,23100,16,4.0,359,15.6875,1.0,45.76028653444469,0.9077885537079033,0.010017078411778318,1,0.14672987604223212,0.03987247689642405,0.7267794833278568,0.950695060638942,-0.015214297211114156,0.15674695445401043,0.04017967123341901,0.731297626312413,1.0729757019472888,0.3672725529427551
fmA0_propertystate,TX,1,5775,5775,5775,16,1.0,359,15.6875,1.0,4.653067031832434,0.7839442023054455,0.00863226249454907,1,0.11617538881188474,0.04062273718937013,0.6923125068456712,0.7669513359319324,0.009536134765884823,0.12480765130643381,0.04048352109939493,0.7060899090894867,0.887006082536272,0.3050842188345384
fmA0_propertystate,TX,1,5775,5775,5775,16,1.0,359,15.6875,1.0,4.398333849441735,0.7502335676878606,-0.0003141000520579945,0,0.12132712612099517,0.040293005057467864,0.7218897181930558,0.8902189549288169,0.004918895925159609,0.12101302606893717,0.04044869162317682,0.723309705988202,0.9362837810022218,0.29513219543355307
fmA0_propertystate,TX,1,5775,5775,5775,16,1.0,359,15.6875,1.0,10.401308642355055,0.9001983860339573,0.023556727220166843,1,0.10617471331352606,0.04072650747306338,0.7154782581483046,0.7953014043833673,0.01991242614172578,0.1297314405336929,0.040353446892920454,0.7302062307343253,0.9605601789216606,0.28503335276406155
fmA0_propertystate,TX,1,5775,5775,5775,16,1.0,359,15.6875,1.0,4.47082939932287,0.7763212833897826,-0.013251271510720308,0,0.13481616971254626,0.040185202703057345,0.715321785663991,0.8570649593253699,0.0026630509228608135,0.12156489820182595,0.0405366174835053,0.713358055985855,0.8773710699085527,0.3127132108074639
fmA0_propertystate,TX,1,5775,5775,5775,16,1.0,359,15.6875,1.0,5.4603486104080075,0.7944701470102558,0.0041590868520240964,1,0.14672987604223212,0.03987247689642405,0.7267794833278568,0.950695060638942,-0.015214297211114156,0.1508889628942562,0.04004562042754125,0.7300301991894727,1.042466051153371,0.2605551889797704
fmA0_propertystate,TX,1,5775,5775,5775,16,1.0,359,15.6875,1.0,5.196351836530598,0.8040764711259928,0.007864743454553721,1,0.11617538881188474,0.04062273718937013,0.6923125068456712,0.7669513359319324,0.009536134765884823,0.12404013226643847,0.04040983736589765,0.700695520192774,0.8730443175796795,0.011527043336777325
fmA0_propertystate,TX,1,5775,5775,5775,16,1.0,359,15.6875,1.0,4.801069512162449,0.7444249544245607,0.011878228201210206,1,0.12132712612099517,0.040293005057467864,0.7218897181930558,0.8902189549288169,0.004918895925159609,0.13320535432220537,0.040047535127601744,0.7348769343910874,1.0529398981832485,0.02837507311606489
fmA0_propertystate,TX,1,5775,5775,5775,16,1.0,359,15.6875,1.0,2.243674453178554,0.5510254221665066,0.002435659420219824,1,0.10617471331352606,0.04072650747306338,0.7154782581483046,0.7953014043833673,0.01991242614172578,0.10861037273374588,0.04057251222993996,0.7187563566946753,0.871369499928037,0.054248853302022344
fmA0_propertystate,TX,1,5775,5775,5775,16,1.0,359,15.6875,1.0,11.325894210966023,0.911277398021821,-0.002048080093923793,0,0.13481616971254626,0.040185202703057345,0.715321785663991,0.8570649593253699,0.0026630509228608135,0.13276808961862246,0.040098610417093776,0.7213694471827129,0.9668234754649115,0.015189225762600627
fmA0_propertystate,TX,1,5775,5775,5775,16,1.0,359,15.6875,1.0,2.5136930636720183,0.5318562469275343,0.005040046937271503,1,0.14672987604223212,0.03987247689642405,0.7267794833278568,0.950695060638942,-0.015214297211114156,0.15176992297950362,0.03985911717700691,0.72738972601668,1.0261640116998199,0.0012758605240909531
fmA0_propertystate,WA,3,5775,5775,17325,16,3.0,148,6.5,1.0,38.8987831276706,0.9219092697061826,0.02354787149698177,1,0.0311935041361746,0.01745369618225369,0.6614935866272765,0.6279455725611474,0.018054857922386702,0.05474137563315637,0.017573900972330317,0.6623630380314872,0.6183798501594073,-0.32858555283534796
fmA0_propertystate,WA,3,5775,5775,17325,16,3.0,148,6.5,1.0,39.56003523095396,0.9214045834893982,-0.003479641824846752,0,0.04905938041908765,0.01731533590800761,0.6763677498971616,0.7846288771341179,-0.002602147205251804,0.0455797385942409,0.017501168280978984,0.678555401817434,0.7111350427723264,-0.3525562860913326
fmA0_propertystate,WA,3,5775,5775,17325,16,3.0,148,6.5,1.0,36.467333346592795,0.9168858736485961,0.0035658234561238636,1,0.03645683444396241,0.017427712927757945,0.6683557084626605,0.6646291040451888,0.003799015165694062,0.04002265790008627,0.017594959791606506,0.6640458472009274,0.6396109349479089,-0.35140477554076166
fmA0_propertystate,WA,3,5775,5775,17325,16,3.0,148,6.5,1.0,26.814265653509135,0.8752427661809126,0.005663551853769357,1,0.03600604420006053,0.017518786472781878,0.6740305149396059,0.6601617591612929,-0.05730108717924611,0.04166959605382989,0.017614232515640944,0.6939437567779814,0.7461254443106659,-0.3839821342136378
fmA0_propertystate,WA,3,5775,5775,17325,16,3.0,148,6.5,1.0,62.934416401067814,0.9461004549658893,-0.005457712277839519,0,0.04905416255544027,0.017261043159710214,0.7192326390187354,1.0559240587055174,0.005915006026728905,0.04359645027760075,0.017380846090979528,0.7474757862458397,1.0251352920344978,-0.3351794208472275
fmA0_propertystate,WA,1,5775,5775,5775,16,1.0,148,6.5,1.0,4.108402532831081,0.7452012248272136,-0.0002191059203311002,0,0.0311935041361746,0.01745369618225369,0.6614935866272765,0.6279455725611474,0.018054857922386702,0.0309743982158435,0.017746178002918087,0.6447402864515165,0.5706362675990673,-0.44938619547550246
fmA0_propertystate,WA,1,5775,5775,5775,16,1.0,148,6.5,1.0,1.8903533409599316,0.33346085871117587,-0.0016768894103417406,0,0.04905938041908765,0.01731533590800761,0.6763677498971616,0.7846288771341179,-0.002602147205251804,0.04738249100874591,0.01755095137444153,0.6745727534497588,0.7671039101324233,-0.4528714565138895
fmA0_propertystate,WA,1,5775,5775,5775,16,1.0,148,6.5,1.0,7.759204713672887,0.8711104992606369,0.002141328548055356,1,0.03645683444396241,0.017427712927757945,0.6683557084626605,0.6646291040451888,0.003799015165694062,0.038598162992017765,0.017642934510303233,0.662437829550129,0.6517636439218933,-0.44569215762899844
fmA0_propertystate,WA,1,5775,5775,5775,16,1.0,148,6.5,1.0,4.326664943797018,0.7663504023673154,0.005944377334861112,1,0.03600604420006053,0.017518786472781878,0.6740305149396059,0.6601617591612929,-0.05730108717924611,0.04195042153492164,0.017650718750234207,0.6874088478366553,0.7613239303864427,-0.46506204310817856
fmA0_propertystate,WA,1,5775,5775,5775,16,1.0,148,6.5,1.0,7.579280119265922,0.8673851253038813,-0.00812652898922376,0,0.04905416255544027,0.017261043159710214,0.7192326390187354,1.0559240587055174,0.005915006026728905,0.04092763356621651,0.01744425122688565,0.731657380053102,1.049199270986266,-0.4297952134996412
fmA0_propertystate,WA,2,5775,5775,11550,16,2.0,148,6.5,1.0,15.415343150744192,0.8701855920844089,0.001967850564158092,1,0.0311935041361746,0.01745369618225369,0.6614935866272765,0.6279455725611474,0.018054857922386702,0.03316135470033269,0.018030140549102847,0.6465352828989193,0.5349623181911164,-0.585116591375472
fmA0_propertystate,WA,2,5775,5775,11550,16,2.0,148,6.5,1.0,22.385697512198085,0.9106512504614583,-0.004693306063446673,0,0.04905938041908765,0.01731533590800761,0.6763677498971616,0.7846288771341179,-0.002602147205251804,0.04436607435564098,0.017793820703631145,0.669225159866871,0.7041371736199572,-0.5742216444463437
fmA0_propertystate,WA,2,5775,5775,11550,16,2.0,148,6.5,1.0,50.57512317077094,0.96031330020122,0.00512268116712785,1,0.03645683444396241,0.017427712927757945,0.6683557084626605,0.6646291040451888,0.003799015165694062,0.04157951561109026,0.017851741803222437,0.6638121237051718,0.6283757813071841,-0.5642638045025734
fmA0_propertystate,WA,2,5775,5775,11550,16,2.0,148,6.5,1.0,38.349316016451304,0.9475206040527255,0.0067874332440712865,1,0.03600604420006053,0.017518786472781878,0.6740305149396059,0.6601617591612929,-0.05730108717924611,0.04279347744413182,0.01787521442356669,0.6854923151714596,0.6944808659605498,-0.5586424162300357
fmA0_propertystate,WA,2,5775,5775,11550,16,2.0,148,6.5,1.0,23.17812789941842,0.9086894089940792,-0.008863637016557097,0,0.04905416255544027,0.017261043159710214,0.7192326390187354,1.0559240587055174,0.005915006026728905,0.04019052553888317,0.017636213774467138,0.7312834224598931,0.9810049190593024,-0.5563234187777069
fmA0_propertystate,WA,4,5775,5775,23100,16,4.0,148,6.5,1.0,70.61728694467573,0.9417598479196192,0.005760433813405862,1,0.0311935041361746,0.01745369618225369,0.6614935866272765,0.6279455725611474,0.018054857922386702,0.03695393794958046,0.017843990260178803,0.6527710257656781,0.5518066710146037,-0.48137655079507946
fmA0_propertystate,WA,4,5775,5775,23100,16,4.0,148,6.5,1.0,68.31824336789441,0.9408123245394795,-0.002679267205788878,0,0.04905938041908765,0.01731533590800761,0.6763677498971616,0.7846288771341179,-0.002602147205251804,0.046380113213298775,0.01762806228694712,0.671524999065106,0.6940338110494364,-0.4610498754895385
fmA0_propertystate,WA,4,5775,5775,23100,16,4.0,148,6.5,1.0,99.63483353689755,0.9598528168553793,0.004533751348928972,1,0.03645683444396241,0.017427712927757945,0.6683557084626605,0.6646291040451888,0.003799015165694062,0.04099058579289138,0.01778984602542405,0.6581934108672076,0.5712765718398178,-0.4622717146693302
fmA0_propertystate,WA,4,5775,5775,23100,16,4.0,148,6.5,1.0,95.45998205563677,0.9578165879578369,0.00472846436705672,1,0.03600604420006053,0.017518786472781878,0.6740305149396059,0.6601617591612929,-0.05730108717924611,0.04073450856711725,0.017761323779440796,0.6810889645114244,0.6607888954366294,-0.45546624358939164
fmA0_propertystate,WA,4,5775,5775,23100,16,4.0,148,6.5,1.0,51.60059998634289,0.9212268989164303,-0.005577753105724968,0,0.04905416255544027,0.017261043159710214,0.7192326390187354,1.0559240587055174,0.005915006026728905,0.0434764094497153,0.01750295045265693,0.7403986387943607,0.9620275065765558,-0.41552586370810923
fmA0_propertystate,WA,1,5775,5775,5775,16,1.0,148,6.5,1.0,5.050435613196218,0.8009260029660371,-0.001478308498634246,0,0.0311935041361746,0.01745369618225369,0.6614935866272765,0.6279455725611474,0.018054857922386702,0.029715195637540354,0.017647702258618503,0.6466755169963726,0.621513680036767,-0.4014897652706101
fmA0_propertystate,WA,1,5775,5775,5775,16,1.0,148,6.5,1.0,6.965726578527404,0.8080430420220026,-0.0035821555724764448,0,0.04905938041908765,0.01731533590800761,0.6763677498971616,0.7846288771341179,-0.002602147205251804,0.04547722484661121,0.017491456279461158,0.6658221457686698,0.8393183220791434,-0.4483089674186619
fmA0_propertystate,WA,1,5775,5775,5775,16,1.0,148,6.5,1.0,6.501333978111543,0.8388383913557482,-0.0010312241368499939,0,0.03645683444396241,0.017427712927757945,0.6683557084626605,0.6646291040451888,0.003799015165694062,0.035425610307112415,0.01763387175967133,0.65075165476235,0.6340871487623299,-0.41618115775233566
fmA0_propertystate,WA,1,5775,5775,5775,16,1.0,148,6.5,1.0,4.9364508170967705,0.779856743958358,-0.0005772955447451572,0,0.03600604420006053,0.017518786472781878,0.6740305149396059,0.6601617591612929,-0.05730108717924611,0.035428748655315374,0.017680299740410504,0.6771530608429005,0.7840404321381229,-0.48076419170076445
fmA0_propertystate,WA,1,5775,5775,5775,16,1.0,148,6.5,1.0,10.769910133363215,0.8986436219048624,-0.004179844137360084,0,0.04905416255544027,0.017261043159710214,0.7192326390187354,1.0559240587055174,0.005915006026728905,0.044874318418080185,0.017367161019163486,0.7393141617740548,1.2770894777825217,-0.4152389623133848
fmA0_propertystate,WA,2,5775,5775,11550,16,2.0,148,6.5,1.0,18.854198651119805,0.8939218790497756,0.005563229317642016,1,0.0311935041361746,0.01745369618225369,0.6614935866272765,0.6279455725611474,0.018054857922386702,0.036756733453816616,0.017471805992806358,0.6815938072622565,0.6785913502322031,-0.1931042237463179
fmA0_propertystate,WA,2,5775,5775,11550,16,2.0,148,6.5,1.0,5.8675822487023215,0.6541497042204443,-0.0019954561075346613,0,0.04905938041908765,0.01731533590800761,0.6763677498971616,0.7846288771341179,-0.002602147205251804,0.04706392431155299,0.01737809268827798,0.6786956359148872,0.7677407069376215,-0.1923337158446953
fmA0_propertystate,WA,2,5775,5775,11550,16,2.0,148,6.5,1.0,10.936299750879098,0.8079843078613482,0.0038845467627727295,1,0.03645683444396241,0.017427712927757945,0.6683557084626605,0.6646291040451888,0.003799015165694062,0.04034138120673514,0.017442267641851923,0.6696926068583823,0.6659976953742639,-0.15220205959193459
fmA0_propertystate,WA,2,5775,5775,11550,16,2.0,148,6.5,1.0,13.329616107301561,0.7764571259076816,0.003089059178305757,1,0.03600604420006053,0.017518786472781878,0.6740305149396059,0.6601617591612929,-0.05730108717924611,0.03909510337836629,0.017502259617037347,0.6793033170038518,0.6617351802320153,-0.18707370815294974
fmA0_propertystate,WA,2,5775,5775,11550,16,2.0,148,6.5,1.0,24.778983406547226,0.9192058713320583,-0.0023186079805370408,0,0.04905416255544027,0.017261043159710214,0.7192326390187354,1.0559240587055174,0.005915006026728905,0.04673555457490323,0.017299779886612434,0.7343311768445459,0.9789126496081062,-0.16121092845244023
fmA0_propertystate,WA,3,5775,5775,17325,16,3.0,148,6.5,1.0,30.055719506464676,0.8987467695410022,0.006059491088534669,1,0.0311935041361746,0.01745369618225369,0.6614935866272765,0.6279455725611474,0.018054857922386702,0.03725299522470927,0.017649404071620904,0.6601847350510452,0.5484325989253408,-0.2889998889135441
fmA0_propertystate,WA,3,5775,5775,17325,16,3.0,148,6.5,1.0,20.14135821303475,0.8459239628665407,-0.003996914407982513,0,0.04905938041908765,0.01731533590800761,0.6763677498971616,0.7846288771341179,-0.002602147205251804,0.04506246601110514,0.017472544912276202,0.6724224972888074,0.681445763342989,-0.25062612261904105
fmA0_propertystate,WA,3,5775,5775,17325,16,3.0,148,6.5,1.0,50.24535090030417,0.9374154619103796,0.0029821147827093775,1,0.03645683444396241,0.017427712927757945,0.6683557084626605,0.6646291040451888,0.003799015165694062,0.039438949226671786,0.017599173769689707,0.6629239744213007,0.5807415328041513,-0.23058658449178854
fmA0_propertystate,WA,3,5775,5775,17325,16,3.0,148,6.5,1.0,11.819095416405498,0.7292630686735297,0.004051074640215521,1,0.03600604420006053,0.017518786472781878,0.6740305149396059,0.6601617591612929,-0.05730108717924611,0.04005711884027605,0.017603717771529793,0.6768632437081634,0.626194893795521,-0.2585844940046889
fmA0_propertystate,WA,3,5775,5775,17325,16,3.0,148,6.5,1.0,36.72330438336508,0.9104625831680522,-0.006018362732391362,0,0.04905416255544027,0.017261043159710214,0.7192326390187354,1.0559240587055174,0.005915006026728905,0.043035799823048906,0.01739499823116284,0.7338263340937138,0.909826959376232,-0.207149584095496
fmA0_propertystate,WA,2,5775,5775,11550,16,2.0,148,6.5,1.0,21.713546309747883,0.9031363252733344,0.009146460324740039,1,0.0311935041361746,0.01745369618225369,0.6614935866272765,0.6279455725611474,0.018054857922386702,0.04033996446091464,0.017591050591648776,0.665663213791556,0.5968574206016073,-0.29663720007691213
fmA0_propertystate,WA,2,5775,5775,11550,16,2.0,148,6.5,1.0,8.493522399770692,0.7344060271899282,0.002490146460100484,1,0.04905938041908765,0.01731533590800761,0.6763677498971616,0.7846288771341179,-0.002602147205251804,0.05154952687918814,0.017489388232288197,0.6721420290939008,0.6854357502472112,-0.342785240018939
fmA0_propertystate,WA,2,5775,5775,11550,16,2.0,148,6.5,1.0,10.759521739625558,0.7639134217057835,2.1096848689693137e-05,1,0.03645683444396241,0.017427712927757945,0.6683557084626605,0.6646291040451888,0.003799015165694062,0.0364779312926521,0.017722450608904632,0.654481881754609,0.5469077031365519,-0.3323273222385172
fmA0_propertystate,WA,2,5775,5775,11550,16,2.0,148,6.5,1.0,39.79521858565337,0.9432330292905555,0.005973825283486993,1,0.03600604420006053,0.017518786472781878,0.6740305149396059,0.6601617591612929,-0.05730108717924611,0.041979869483547524,0.017659121004132142,0.6855577577502711,0.6392692688472902,-0.31881123215127055
fmA0_propertystate,WA,2,5775,5775,11550,16,2.0,148,6.5,1.0,25.23934373522346,0.8828062368594478,-0.005500951880794344,0,0.04905416255544027,0.017261043159710214,0.7192326390187354,1.0559240587055174,0.005915006026728905,0.043553210674645924,0.01746463330018188,0.7118282786731984,0.8369578546805958,-0.29457208242557087
fmA0_propertystate,WA,1,5775,5775,5775,16,1.0,148,6.5,1.0,7.312350557378338,0.8611350853629989,0.003830219032354875,1,0.0311935041361746,0.01745369618225369,0.6614935866272765,0.6279455725611474,0.018054857922386702,0.035023723168529475,0.017592632086793628,0.6633820724729815,0.6664268163932975,-0.3838419246043763
fmA0_propertystate,WA,1,5775,5775,5775,16,1.0,148,6.5,1.0,9.43191245955795,0.8850135964805159,0.002780680021613531,1,0.04905938041908765,0.01731533590800761,0.6763677498971616,0.7846288771341179,-0.002602147205251804,0.051840060440701184,0.017442665162995478,0.6676171422160727,0.8067857696116058,-0.3906956381980834
fmA0_propertystate,WA,1,5775,5775,5775,16,1.0,148,6.5,1.0,2.644245130460179,0.6088193811799127,0.00031767832772394006,1,0.03645683444396241,0.017427712927757945,0.6683557084626605,0.6646291040451888,0.003799015165694062,0.03677451277168635,0.017587391346989657,0.6659623798661232,0.6836798371457825,-0.3862019025198441
fmA0_propertystate,WA,1,5775,5775,5775,16,1.0,148,6.5,1.0,2.842844796679454,0.6067973954769421,0.008123030842766103,1,0.03600604420006053,0.017518786472781878,0.6740305149396059,0.6601617591612929,-0.05730108717924611,0.044129075042826635,0.017553829352730106,0.6893814741408324,0.8106417006238283,-0.41881253504571575
fmA0_propertystate,WA,1,5775,5775,5775,16,1.0,148,6.5,1.0,6.920730463064965,0.8522768717717056,-0.001988987082874198,0,0.04905416255544027,0.017261043159710214,0.7192326390187354,1.0559240587055174,0.005915006026728905,0.04706517547256607,0.01734601494928739,0.7334710743801652,1.1432519931455785,-0.38605201573473763
fmA0_propertystate,WA,1,5775,5775,5775,16,1.0,148,6.5,1.0,9.380104781375678,0.8931865497967215,0.006098458921984403,1,0.0311935041361746,0.01745369618225369,0.6614935866272765,0.6279455725611474,0.018054857922386702,0.037291963058159,0.017477411825159675,0.6680471934482629,0.7110945330952977,-0.27500423229732857
fmA0_propertystate,WA,1,5775,5775,5775,16,1.0,148,6.5,1.0,2.747749884550978,0.6343411212664007,0.002151186608818037,1,0.04905938041908765,0.01731533590800761,0.6763677498971616,0.7846288771341179,-0.002602147205251804,0.05121056702790569,0.017346563129406998,0.6746849407277214,0.8253351532819674,-0.23223331212678944
fmA0_propertystate,WA,1,5775,5775,5775,16,1.0,148,6.5,1.0,6.934409995127528,0.854115163644405,0.0036105391155435845,1,0.03645683444396241,0.017427712927757945,0.6683557084626605,0.6646291040451888,0.003799015165694062,0.040067373559505993,0.017450983754538605,0.6611102800942373,0.6818884048686236,-0.2480896371585445
fmA0_propertystate,WA,1,5775,5775,5775,16,1.0,148,6.5,1.0,6.7064025821489714,0.8263785338092215,0.004149382545453266,1,0.03600604420006053,0.017518786472781878,0.6740305149396059,0.6601617591612929,-0.05730108717924611,0.0401554267455138,0.01751375841857328,0.6770782693242586,0.7188342353472131,-0.26257177938099957
fmA0_propertystate,WA,1,5775,5775,5775,16,1.0,148,6.5,1.0,9.603634684274306,0.8958302633371448,0.001701708138261794,1,0.04905416255544027,0.017261043159710214,0.7192326390187354,1.0559240587055174,0.005915006026728905,0.05075587069370206,0.0172565409570068,0.7532347331812572,1.1882651900665473,-0.21945735424127893
fmA0_propertystate,WA,1,5775,5775,5775,16,1.0,148,6.5,1.0,3.0744782358212848,0.6338996342167522,0.023547249014188486,1,0.0311935041361746,0.01745369618225369,0.6614935866272765,0.6279455725611474,0.018054857922386702,0.054740753150363086,0.017635203522028943,0.66164316966456,0.6498500141251384,-0.4217434661109047
fmA0_propertystate,WA,1,5775,5775,5775,16,1.0,148,6.5,1.0,2.694659536197524,0.6288668880547847,-0.001481468434465151,0,0.04905938041908765,0.01731533590800761,0.6763677498971616,0.7846288771341179,-0.002602147205251804,0.0475779119846225,0.01748829734595653,0.6754141580344789,0.7885747443455805,-0.40974050166003356
fmA0_propertystate,WA,1,5775,5775,5775,16,1.0,148,6.5,1.0,6.576447557371091,0.842621798780299,0.0026300346534774005,1,0.03645683444396241,0.017427712927757945,0.6683557084626605,0.6646291040451888,0.003799015165694062,0.03908686909743981,0.017570797419906047,0.6690849257694178,0.7050754574708116,-0.40611282673623383
fmA0_propertystate,WA,1,5775,5775,5775,16,1.0,148,6.5,1.0,2.6142673435926085,0.6164133989811826,0.0029181756557043054,1,0.03600604420006053,0.017518786472781878,0.6740305149396059,0.6601617591612929,-0.05730108717924611,0.03892421985576484,0.017653576721542392,0.6827717736808645,0.7404039401088045,-0.4269755415398082
fmA0_propertystate,WA,1,5775,5775,5775,16,1.0,148,6.5,1.0,5.973471343709946,0.8300779749359178,-0.0017654558542356952,0,0.04905416255544027,0.017261043159710214,0.7192326390187354,1.0559240587055174,0.005915006026728905,0.04728870670120457,0.01736557418425165,0.7363972925470251,1.1445977099910498,-0.4235906623530013
