dataset,target,n_partners,n_target,n_min,n_partner_total,d_target,ratio_partner_to_target,events_target,epv_target,schema_jaccard,q_median,i2_median,benefit,helped
heart-4site,cleveland,1,212,205,205,13,0.9669811320754716,139,7.461538461538462,0.7692307692307693,3.9817816353775815,0.7473188765654344,-0.005301084156170477,0
heart-4site,cleveland,1,212,205,205,13,0.9669811320754716,139,7.461538461538462,0.7692307692307693,11.188228756680566,0.9104750614577695,-0.009575723898276989,0
heart-4site,cleveland,2,212,86,291,13,1.3726415094339623,139,7.461538461538462,0.6153846153846154,8.794090433034548,0.83563878033092,0.0014730356557896007,1
heart-4site,cleveland,2,212,86,291,13,1.3726415094339623,139,7.461538461538462,0.6153846153846154,24.74455192595989,0.9352035261484697,-0.013326939212343403,0
heart-4site,cleveland,3,212,86,431,13,2.0330188679245285,139,7.461538461538462,0.6153846153846154,17.735523564264227,0.902353930497168,-0.003025453938168887,0
heart-4site,cleveland,3,212,86,431,13,2.0330188679245285,139,7.461538461538462,0.6153846153846154,40.41328698561657,0.9267592399934287,-0.01685582227276572,0
heart-4site,cleveland,2,212,86,226,13,1.0660377358490567,139,7.461538461538462,0.6923076923076923,12.249578574935498,0.8886461217087844,0.003667641456551407,1
heart-4site,cleveland,2,212,86,226,13,1.0660377358490567,139,7.461538461538462,0.6153846153846154,21.323701992185704,0.8887438708366732,-0.0006428951348905754,0
heart-4site,cleveland,1,212,140,140,13,0.660377358490566,139,7.461538461538462,0.8461538461538461,8.155855787641835,0.8773887098990579,-0.002016479268070026,0
heart-4site,cleveland,1,212,140,140,13,0.660377358490566,139,7.461538461538462,0.7692307692307693,4.30707661856087,0.6934602618126564,-0.00046319956053109124,0
heart-4site,hungarian,1,205,205,212,10,1.0341463414634147,106,7.4,0.7692307692307693,3.9817816353775815,0.7473188765654344,0.00304305720203224,1
heart-4site,hungarian,1,205,205,212,10,1.0341463414634147,106,7.4,0.7692307692307693,11.188228756680566,0.9104750614577695,0.03789883676524197,1
heart-4site,hungarian,2,205,86,298,10,1.4536585365853658,106,7.4,0.6153846153846154,8.794090433034548,0.83563878033092,0.002388147901226101,1
heart-4site,hungarian,2,205,86,298,10,1.4536585365853658,106,7.4,0.6153846153846154,24.74455192595989,0.9352035261484697,0.03465245950759255,1
heart-4site,hungarian,3,205,86,438,10,2.1365853658536587,106,7.4,0.6153846153846154,17.735523564264227,0.902353930497168,0.016230204378124058,1
heart-4site,hungarian,3,205,86,438,10,2.1365853658536587,106,7.4,0.6153846153846154,40.41328698561657,0.9267592399934287,0.029757351567281987,1
heart-4site,hungarian,2,205,140,352,10,1.7170731707317073,106,7.4,0.7692307692307693,13.265380682359169,0.8533932875908723,0.02317869286938401,1
heart-4site,hungarian,2,205,140,352,10,1.7170731707317073,106,7.4,0.7692307692307693,28.7967125470742,0.9010527674020488,0.03267869770392551,1
heart-4site,hungarian,1,205,86,86,10,0.4195121951219512,106,7.4,0.6666666666666666,2.9609694294378173,0.5167390978209745,0.004669046601446847,1
heart-4site,hungarian,1,205,86,86,10,0.4195121951219512,106,7.4,0.6666666666666666,7.115842401717954,0.8573283570845098,0.00923354249831887,1
heart-4site,hungarian,1,205,140,140,10,0.6829268292682927,106,7.4,0.9090909090909091,1.1950153203184888,0.20483068593249898,0.00018609371680244902,1
heart-4site,hungarian,1,205,140,140,10,0.6829268292682927,106,7.4,1.0,8.291476425649368,0.8790893697866891,0.00513125095874245,1
heart-4site,switzerland,2,86,86,417,10,4.848837209302325,115,0.6,0.6153846153846154,8.794090433034548,0.83563878033092,0.005091342519913944,1
heart-4site,switzerland,2,86,86,417,10,4.848837209302325,115,0.6,0.6153846153846154,24.74455192595989,0.9352035261484697,0.013611605325891007,1
heart-4site,switzerland,3,86,86,557,10,6.476744186046512,115,0.6,0.6153846153846154,17.735523564264227,0.902353930497168,0.006076564194790857,1
heart-4site,switzerland,3,86,86,557,10,6.476744186046512,115,0.6,0.6153846153846154,40.41328698561657,0.9267592399934287,0.013611605325891007,1
heart-4site,switzerland,2,86,86,352,10,4.093023255813954,115,0.6,0.6923076923076923,12.249578574935498,0.8886461217087844,0.005091342519913944,1
heart-4site,switzerland,2,86,86,352,10,4.093023255813954,115,0.6,0.6153846153846154,21.323701992185704,0.8887438708366732,0.015365094544891877,1
heart-4site,switzerland,1,86,86,205,10,2.383720930232558,115,0.6,0.6666666666666666,2.9609694294378173,0.5167390978209745,0.00807248621951473,1
heart-4site,switzerland,1,86,86,205,10,2.383720930232558,115,0.6,0.6666666666666666,7.115842401717954,0.8573283570845098,-0.011525201849371558,0
heart-4site,switzerland,2,86,86,345,10,4.011627906976744,115,0.6,0.6666666666666666,6.881791127046396,0.7093779856032361,0.00807248621951473,1
heart-4site,switzerland,2,86,86,345,10,4.011627906976744,115,0.6,0.6666666666666666,15.91913176168725,0.89595756704223,-0.012416138869340787,0
heart-4site,switzerland,1,86,86,140,10,1.627906976744186,115,0.6,0.75,2.802814861363981,0.6432158207148391,0.007179629076657479,1
heart-4site,switzerland,1,86,86,140,10,1.627906976744186,115,0.6,0.6666666666666666,1.4468520073735434,0.3060247921273417,0.002760512436342788,1
heart-4site,va,1,140,140,212,11,1.5142857142857142,149,3.272727272727273,0.8461538461538461,8.155855787641835,0.8773887098990579,0.03615346008094178,1
heart-4site,va,1,140,140,212,10,1.5142857142857142,149,3.6,0.7692307692307693,4.30707661856087,0.6934602618126564,0.013822675026466169,1
heart-4site,va,2,140,140,417,11,2.9785714285714286,149,3.272727272727273,0.7692307692307693,13.265380682359169,0.8533932875908723,0.036198617276736345,1
heart-4site,va,2,140,140,417,10,2.9785714285714286,149,3.6,0.7692307692307693,28.7967125470742,0.9010527674020488,0.022665378254550395,1
heart-4site,va,3,140,86,503,11,3.592857142857143,149,3.272727272727273,0.6153846153846154,17.735523564264223,0.902353930497168,0.026243838893552085,1
heart-4site,va,3,140,86,503,10,3.592857142857143,149,3.6,0.6153846153846154,40.413286985616566,0.9267592399934287,0.028580656608721666,1
heart-4site,va,1,140,140,205,11,1.4642857142857142,149,3.272727272727273,0.9090909090909091,1.1950153203184888,0.20483068593249898,0.01609146796880867,1
heart-4site,va,1,140,140,205,10,1.4642857142857142,149,3.6,1.0,8.291476425649368,0.8790893697866891,0.004496651231331583,1
heart-4site,va,1,140,86,86,11,0.6142857142857143,149,3.272727272727273,0.75,2.802814861363981,0.6432158207148391,0.004986580403270824,1
heart-4site,va,1,140,86,86,10,0.6142857142857143,149,3.6,0.6666666666666666,1.4468520073735434,0.3060247921273417,0.030343042705947898,1
mimic-11site,CCU-care,4,2722,1535,12976,27,4.767083027185893,425,11.0,0.575,324.9517815521699,0.9916761580316471,-0.03276499553273843,0
mimic-11site,CCU-care,4,2722,1535,12976,27,4.767083027185893,425,11.0,0.575,340.5125880403878,0.9889523334125562,-0.0030462326510344306,0
mimic-11site,CCU-care,3,2722,1535,9400,27,3.4533431300514326,425,11.0,0.7352941176470589,299.2184193001909,0.9924742524292816,-0.002819799034405157,0
mimic-11site,CCU-care,3,2722,1535,9400,27,3.4533431300514326,425,11.0,0.7352941176470589,278.0550525595685,0.9888121330399979,0.018937704846868908,1
mimic-11site,CCU-care,1,2722,2722,3483,27,1.2795738427626746,425,11.0,0.5897435897435898,79.14971389881595,0.9873657155441093,-0.028084431923976083,0
mimic-11site,CCU-care,1,2722,2722,3483,27,1.2795738427626746,425,11.0,0.5897435897435898,107.9149571080219,0.9907334439377202,0.023965449480442658,1
mimic-11site,CCU-care,1,2722,2031,2031,27,0.7461425422483468,425,11.0,0.575,56.916682539788646,0.9824304587797974,-0.023518117554542417,0
mimic-11site,CCU-care,1,2722,2031,2031,27,0.7461425422483468,425,11.0,0.575,10.675894745567236,0.9063310360552953,-0.01569552304955729,0
mimic-11site,CCU-care,4,2722,1527,11819,27,4.342027920646584,425,11.0,0.575,531.0372913392431,0.9924223125082083,-0.037481047760192676,0
mimic-11site,CCU-care,4,2722,1527,11819,27,4.342027920646584,425,11.0,0.575,395.8020586825668,0.9897722549379897,0.006488460331589563,1
mimic-11site,CCU-care,3,2722,2031,9989,27,3.6697281410727407,425,11.0,0.575,353.9212650237091,0.9929840714703964,-0.015456005415202811,0
mimic-11site,CCU-care,3,2722,2031,9989,27,3.6697281410727407,425,11.0,0.575,348.51189350308505,0.9919930371984663,0.005641976387540881,1
mimic-11site,CCU-care,3,2722,1527,12981,27,4.768919911829537,425,11.0,0.7575757575757576,260.5488725054841,0.9884518616164479,-0.009666500727282867,0
mimic-11site,CCU-care,3,2722,1527,12981,27,4.768919911829537,425,11.0,0.7575757575757576,342.0247245778044,0.9905621459792003,0.017986226905562397,1
mimic-11site,CCU-care,2,2722,1527,7512,27,2.759735488611315,425,11.0,0.78125,245.61318334076083,0.9918406627441536,0.006901006399607057,1
mimic-11site,CCU-care,2,2722,1527,7512,27,2.759735488611315,425,11.0,0.78125,172.65186655097995,0.9884159927308738,0.03421760788801781,1
mimic-11site,CCU-care,3,2722,2276,10234,27,3.759735488611315,425,11.0,0.7352941176470589,498.72981912923257,0.9939480558117499,-0.03805059743788031,0
mimic-11site,CCU-care,3,2722,2276,10234,27,3.759735488611315,425,11.0,0.7352941176470589,435.5061583391852,0.9930298645195265,-0.020849754197998838,0
mimic-11site,CCU-care,1,2722,2276,2276,27,0.8361498897869214,425,11.0,0.9259259259259259,25.262562656772943,0.960415734001875,-0.017200513585208188,0
mimic-11site,CCU-care,1,2722,2276,2276,27,0.8361498897869214,425,11.0,0.9259259259259259,78.9550503392083,0.9873345657345062,0.00977500264173814,1
mimic-11site,CCU-care,1,2722,1880,1880,27,0.6906686260102866,425,11.0,0.7352941176470589,158.22061172594385,0.9936797109485829,-0.011667979050512811,0
mimic-11site,CCU-care,1,2722,1880,1880,27,0.6906686260102866,425,11.0,0.7352941176470589,21.514308225245934,0.9535193049420687,0.011878998015615705,1
mimic-11site,CCU-care,2,2722,1527,3407,27,1.2516531961792798,425,11.0,0.7352941176470589,376.2240851882086,0.9955881205817159,-0.026804697867903793,0
mimic-11site,CCU-care,2,2722,1527,3407,27,1.2516531961792798,425,11.0,0.7352941176470589,215.01830060840194,0.9888565735355694,0.007040409393056779,1
mimic-11site,CCU-meta,3,1535,1527,9718,27,6.330944625407166,230,5.962962962962963,0.7575757575757576,234.5244339543063,0.9871923803977749,0.051880709769499656,1
mimic-11site,CCU-meta,3,1535,1527,9718,27,6.330944625407166,230,5.962962962962963,0.7575757575757576,237.83473211044299,0.9873440232690175,0.0703428448435523,1
mimic-11site,CCU-meta,4,1535,1535,9367,27,6.10228013029316,230,5.962962962962963,0.7352941176470589,318.2298486457634,0.9906476715268663,0.03706149149441812,1
mimic-11site,CCU-meta,4,1535,1535,9367,27,6.10228013029316,230,5.962962962962963,0.7352941176470589,318.1944784029938,0.9897262869718944,0.03679208189748856,1
mimic-11site,CCU-meta,3,1535,1535,7394,27,4.816938110749185,230,5.962962962962963,0.575,121.50352204786174,0.9869333814876833,0.020367684173416112,1
mimic-11site,CCU-meta,3,1535,1535,7394,27,4.816938110749185,230,5.962962962962963,0.575,233.55741643314585,0.9878246404404288,-0.003926412963609627,0
mimic-11site,CCU-meta,4,1535,1527,11423,27,7.441693811074918,230,5.962962962962963,0.575,672.4965062278961,0.9940481223967369,0.029092931784999665,1
mimic-11site,CCU-meta,4,1535,1527,11423,27,7.441693811074918,230,5.962962962962963,0.575,410.98757564399534,0.9902424321832604,-0.001977608425355548,0
mimic-11site,CCU-meta,3,1535,1527,6047,27,3.939413680781759,230,5.962962962962963,0.575,368.786609155272,0.9918652143935712,0.016938977609119832,1
mimic-11site,CCU-meta,3,1535,1527,6047,27,3.939413680781759,230,5.962962962962963,0.575,240.9094971645931,0.9875471908110357,-0.05984822411927093,0
mimic-11site,CCU-meta,2,1535,1535,4307,27,2.8058631921824104,230,5.962962962962963,0.575,137.17161863905673,0.9864740441784737,-0.012680289156681013,0
mimic-11site,CCU-meta,2,1535,1535,4307,27,2.8058631921824104,230,5.962962962962963,0.575,110.83861565402462,0.9819557472077884,-0.03713041704417236,0
mimic-11site,CCU-meta,4,1535,1527,7714,27,5.025407166123778,230,5.962962962962963,0.575,582.3898409514604,0.9931317013657492,0.005365748661028846,1
mimic-11site,CCU-meta,4,1535,1527,7714,27,5.025407166123778,230,5.962962962962963,0.575,426.60522153211133,0.9905994004165952,-0.00830248285934404,0
mimic-11site,CCU-meta,2,1535,1535,3911,27,2.547882736156352,230,5.962962962962963,0.575,130.36743846480306,0.9846071727519113,0.011661766154335229,1
mimic-11site,CCU-meta,2,1535,1535,3911,27,2.547882736156352,230,5.962962962962963,0.575,135.7334790919109,0.9852540915058059,-0.00505330009046262,0
mimic-11site,CCU-meta,4,1535,1535,15610,27,10.169381107491857,230,5.962962962962963,0.7352941176470589,491.21192743541144,0.9926703531291615,0.0462295352155232,1
mimic-11site,CCU-meta,4,1535,1535,15610,27,10.169381107491857,230,5.962962962962963,0.7352941176470589,386.8420154636155,0.9901880655993894,0.04803202856375077,1
mimic-11site,CCU-meta,3,1535,1535,13334,27,8.686644951140066,230,5.962962962962963,0.7352941176470589,256.97951041532866,0.9937631722948047,0.042216889402146185,1
mimic-11site,CCU-meta,3,1535,1535,13334,27,8.686644951140066,230,5.962962962962963,0.7352941176470589,310.8501509577339,0.9903490476335399,0.04722570729119763,1
mimic-11site,CCU-meta,2,1535,1527,4016,27,2.61628664495114,230,5.962962962962963,0.7575757575757576,213.3187727841655,0.9906043092088384,-0.0015726703521351526,0
mimic-11site,CCU-meta,2,1535,1527,4016,27,2.61628664495114,230,5.962962962962963,0.7575757575757576,195.54005040294334,0.9904254226297513,-0.043841545809436056,0
mimic-11site,CCU-meta,1,1535,1527,1527,27,0.9947882736156352,230,5.962962962962963,0.78125,54.21278412353801,0.9815541663065811,0.0021096533297561004,1
mimic-11site,CCU-meta,1,1535,1527,1527,27,0.9947882736156352,230,5.962962962962963,0.78125,88.31367796572769,0.9886767257005412,-0.005220333783057696,0
mimic-11site,CSRU-care,4,3483,1535,8626,35,2.4766006316393914,207,4.142857142857143,0.575,393.19506279098584,0.9929603301073826,0.046870166234248556,1
mimic-11site,CSRU-care,4,3483,1535,8626,35,2.4766006316393914,207,4.142857142857143,0.575,373.0150550658764,0.9916837821495108,0.06010433563334139,1
mimic-11site,CSRU-care,4,3483,1527,8273,35,2.3752512202124607,207,4.142857142857143,0.5897435897435898,378.5202676783471,0.9909221169755104,0.04062103879110668,1
mimic-11site,CSRU-care,4,3483,1527,8273,35,2.3752512202124607,207,4.142857142857143,0.5897435897435898,344.75332555709736,0.9893419300358043,0.05589224861130537,1
mimic-11site,CSRU-care,3,3483,1880,6878,35,1.9747344243468274,207,4.142857142857143,0.575,204.44210648895725,0.9907232245856602,0.04716234192252711,1
mimic-11site,CSRU-care,3,3483,1880,6878,35,1.9747344243468274,207,4.142857142857143,0.575,313.6129231911374,0.9926327889464266,0.01811508430732317,1
mimic-11site,CSRU-care,2,3483,1535,3415,35,0.9804766006316394,207,4.142857142857143,0.575,99.14214456791632,0.987541645743036,0.02396845916061008,1
mimic-11site,CSRU-care,2,3483,1535,3415,35,0.9804766006316394,207,4.142857142857143,0.575,204.3856906929159,0.9925812209074252,0.0635250341442215,1
mimic-11site,CSRU-care,4,3483,1527,15012,35,4.310077519379845,207,4.142857142857143,0.631578947368421,262.7972161867175,0.9887414194467125,0.06086162176077947,1
mimic-11site,CSRU-care,4,3483,1527,15012,35,4.310077519379845,207,4.142857142857143,0.631578947368421,155.52767794438526,0.9809948192349188,0.024947995266163037,1
mimic-11site,CSRU-care,4,3483,1880,12385,35,3.5558426643697962,207,4.142857142857143,0.7368421052631579,305.4643414985135,0.9915562390483681,0.06915108809497167,1
mimic-11site,CSRU-care,4,3483,1880,12385,35,3.5558426643697962,207,4.142857142857143,0.7368421052631579,254.37876384060752,0.9896991050269912,0.027037143807792874,1
mimic-11site,CSRU-care,3,3483,1880,9380,35,2.6930806775768015,207,4.142857142857143,0.631578947368421,148.04700740843055,0.988433945659521,0.048995301310500006,1
mimic-11site,CSRU-care,3,3483,1880,9380,35,2.6930806775768015,207,4.142857142857143,0.631578947368421,203.2321608985817,0.9879755837594106,0.033841032207792554,1
mimic-11site,CSRU-care,1,3483,3483,5985,35,1.7183462532299743,207,4.142857142857143,0.7567567567567568,68.25536523967418,0.9853320042795495,0.009283310426749958,1
mimic-11site,CSRU-care,1,3483,3483,5985,35,1.7183462532299743,207,4.142857142857143,0.7567567567567568,25.38496134688328,0.9601032859387775,-0.0008934797977793174,0
mimic-11site,CSRU-care,3,3483,1527,9272,35,2.662072925638817,207,4.142857142857143,0.6052631578947368,315.97263517495514,0.992496142563156,0.04693455011228309,1
mimic-11site,CSRU-care,3,3483,1527,9272,35,2.662072925638817,207,4.142857142857143,0.6052631578947368,177.24232969160644,0.9899720181666929,0.016867869359673826,1
mimic-11site,CSRU-care,2,3483,2276,4765,35,1.3680734998564457,207,4.142857142857143,0.6216216216216216,163.75473736603482,0.9916761580316471,0.04883744381836769,1
mimic-11site,CSRU-care,2,3483,2276,4765,35,1.3680734998564457,207,4.142857142857143,0.6216216216216216,146.00535219355362,0.9863018720207689,0.018991872126109532,1
mimic-11site,CSRU-care,1,3483,1527,1527,35,0.4384151593453919,207,4.142857142857143,0.7567567567567568,68.43805741333125,0.9849165155099576,0.04812667860208897,1
mimic-11site,CSRU-care,1,3483,1527,1527,35,0.4384151593453919,207,4.142857142857143,0.7567567567567568,34.748415775686226,0.9712182377374292,0.00467785971055068,1
mimic-11site,CSRU-meta,4,2031,1535,12215,36,6.014278680452978,83,1.6111111111111112,0.575,358.9873557359952,0.9890647841744504,0.07526026090167692,1
mimic-11site,CSRU-meta,4,2031,1535,12215,36,6.014278680452978,83,1.6111111111111112,0.575,322.1985366732565,0.9886365202626788,-0.03185578527109548,0
mimic-11site,CSRU-meta,3,2031,1880,6878,36,3.3865091088133923,83,1.6111111111111112,0.575,216.98854661991632,0.9875618684129892,0.05886874543053866,1
mimic-11site,CSRU-meta,3,2031,1880,6878,36,3.3865091088133923,83,1.6111111111111112,0.575,393.1287245414609,0.9916290042768732,0.011169264745175989,1
mimic-11site,CSRU-meta,3,2031,1527,6525,36,3.212703101920236,83,1.6111111111111112,0.575,379.02107444422313,0.9914398959378171,0.07580964179198091,1
mimic-11site,CSRU-meta,3,2031,1527,6525,36,3.212703101920236,83,1.6111111111111112,0.575,323.61562463790796,0.9907220801742791,-0.008219750416273791,0
mimic-11site,CSRU-meta,3,2031,1535,11003,36,5.41752831117676,83,1.6111111111111112,0.575,236.91184706504197,0.9903029325807133,0.026422610041697825,1
mimic-11site,CSRU-meta,3,2031,1535,11003,36,5.41752831117676,83,1.6111111111111112,0.575,106.18074476953977,0.985438589239083,-0.0649465519631274,0
mimic-11site,CSRU-meta,4,2031,1535,12976,36,6.388970950270803,83,1.6111111111111112,0.575,304.4424227488285,0.9887983162980671,0.02115014198650489,1
mimic-11site,CSRU-meta,4,2031,1535,12976,36,6.388970950270803,83,1.6111111111111112,0.575,244.7162172256057,0.9888101495368551,-0.058095940449148065,0
mimic-11site,CSRU-meta,2,2031,1527,3062,36,1.5076317085179713,83,1.6111111111111112,0.575,140.5163879719312,0.9879791903094559,0.048916390134432386,1
mimic-11site,CSRU-meta,2,2031,1527,3062,36,1.5076317085179713,83,1.6111111111111112,0.575,137.1884223101478,0.986405307988691,-0.04921332942300821,0
mimic-11site,CSRU-meta,2,2031,2031,5759,36,2.8355489906450027,83,1.6111111111111112,0.6052631578947368,132.9943340416512,0.9895761363102182,0.011679826930741377,1
mimic-11site,CSRU-meta,2,2031,2031,5759,36,2.8355489906450027,83,1.6111111111111112,0.6052631578947368,85.94273740059779,0.9767286909808613,-0.03273863381216904,0
mimic-11site,CSRU-meta,1,2031,2031,5469,36,2.692762186115214,83,1.6111111111111112,0.6578947368421053,59.13257648681628,0.9830888478160097,0.03469373279346499,1
mimic-11site,CSRU-meta,1,2031,2031,5469,36,2.692762186115214,83,1.6111111111111112,0.6578947368421053,17.98101988900418,0.9443858020194102,0.016951052224931817,1
mimic-11site,CSRU-meta,1,2031,2031,2489,36,1.225504677498769,83,1.6111111111111112,0.7631578947368421,60.62733266133259,0.9835057892850729,0.025567342328516707,1
mimic-11site,CSRU-meta,1,2031,2031,2489,36,1.225504677498769,83,1.6111111111111112,0.7631578947368421,15.28793381302409,0.9345889371166638,-0.02076027231188876,0
mimic-11site,CSRU-meta,1,2031,2031,2276,36,1.120630231413097,83,1.6111111111111112,0.6052631578947368,55.77356999499012,0.9820703605652314,0.007825370804433462,1
mimic-11site,CSRU-meta,1,2031,2031,2276,36,1.120630231413097,83,1.6111111111111112,0.6052631578947368,27.149067167986132,0.9631663219287627,0.0002906113846433134,1
mimic-11site,CSRU-meta,1,2031,1527,1527,36,0.7518463810930576,83,1.6111111111111112,0.7368421052631579,41.13682684863382,0.9747868650959151,0.02275730977161583,1
mimic-11site,CSRU-meta,1,2031,1527,1527,36,0.7518463810930576,83,1.6111111111111112,0.7368421052631579,28.08508343535005,0.9639209501790662,-0.004934691955393838,0
mimic-11site,MICU-care,1,5985,2722,2722,30,0.45480367585630743,1400,32.666666666666664,0.78125,79.06134495104348,0.9873515938715788,-0.014067864323491441,0
mimic-11site,MICU-care,1,5985,2722,2722,30,0.45480367585630743,1400,32.666666666666664,0.78125,72.44539297688469,0.9861964997509356,0.012164531203001261,1
mimic-11site,MICU-care,4,5985,1527,8769,30,1.4651629072681704,1400,32.666666666666664,0.575,502.43403636961887,0.9920387559152991,-0.01901349616304715,0
mimic-11site,MICU-care,4,5985,1527,8769,30,1.4651629072681704,1400,32.666666666666664,0.575,420.0513058712038,0.9904773537325308,-0.01570628839591459,0
mimic-11site,MICU-care,1,5985,1535,1535,30,0.25647451963241436,1400,32.666666666666664,0.78125,126.2827093122088,0.9920812595370622,-0.02749012735800982,0
mimic-11site,MICU-care,1,5985,1535,1535,30,0.25647451963241436,1400,32.666666666666664,0.78125,88.98054940745733,0.9887615888341976,-0.006234467820179557,0
mimic-11site,MICU-care,4,5985,1535,11373,30,1.900250626566416,1400,32.666666666666664,0.7352941176470589,421.11535595502625,0.9923521081067659,-0.027324316567575113,0
mimic-11site,MICU-care,4,5985,1535,11373,30,1.900250626566416,1400,32.666666666666664,0.7352941176470589,359.4564402450799,0.9902458739919878,-0.006715817042257655,0
mimic-11site,MICU-care,4,5985,1527,7218,30,1.2060150375939849,1400,32.666666666666664,0.7352941176470589,619.2418122035401,0.9935377562663796,-0.04077838243251364,0
mimic-11site,MICU-care,4,5985,1527,7218,30,1.2060150375939849,1400,32.666666666666664,0.7352941176470589,551.9726755908017,0.9926368431549354,-0.01402588563590551,0
mimic-11site,MICU-care,2,5985,3483,8952,30,1.4957393483709274,1400,32.666666666666664,0.631578947368421,80.6325673710607,0.9751949676049484,-0.004148725627280303,0
mimic-11site,MICU-care,2,5985,3483,8952,30,1.4957393483709274,1400,32.666666666666664,0.631578947368421,42.63815043850505,0.9615938075543583,-0.0007236557206465322,0
mimic-11site,MICU-care,3,5985,2031,6796,30,1.1355054302422722,1400,32.666666666666664,0.6052631578947368,563.8636583421131,0.9946795648990384,-0.012693939312262703,0
mimic-11site,MICU-care,3,5985,2031,6796,30,1.1355054302422722,1400,32.666666666666664,0.6052631578947368,654.9910477305376,0.9954197847277537,-0.019395350178024018,0
mimic-11site,MICU-care,1,5985,2489,2489,30,0.4158730158730159,1400,32.666666666666664,0.967741935483871,28.05792751656392,0.960909428624038,-0.011335027929363584,0
mimic-11site,MICU-care,1,5985,2489,2489,30,0.4158730158730159,1400,32.666666666666664,0.967741935483871,50.315701357571605,0.9800789401916294,-0.008625671479883912,0
mimic-11site,MICU-care,2,5985,1880,4156,30,0.6944026733500418,1400,32.666666666666664,0.78125,387.6215991025216,0.9957336065965262,-0.010946638113598195,0
mimic-11site,MICU-care,2,5985,1880,4156,30,0.6944026733500418,1400,32.666666666666664,0.78125,277.2161073862185,0.9926793249720135,-0.00527230403928719,0
mimic-11site,MICU-care,1,5985,1880,1880,30,0.3141186299081036,1400,32.666666666666664,0.9375,192.54727741342919,0.9947283892623522,-0.0014590786931525934,0
mimic-11site,MICU-care,1,5985,1880,1880,30,0.3141186299081036,1400,32.666666666666664,0.9375,79.23585615887993,0.9873303207975443,-0.0015799458106243724,0
mimic-11site,MICU-meta,1,5469,2722,2722,27,0.4977143901993052,999,25.88888888888889,0.8620689655172413,68.98118706997818,0.9855032938330628,-0.02183551962460384,0
mimic-11site,MICU-meta,1,5469,2722,2722,27,0.4977143901993052,999,25.88888888888889,0.8620689655172413,58.60068055121322,0.982935351763943,-0.006578960911020615,0
mimic-11site,MICU-meta,2,5469,2722,8707,27,1.5920643627719875,999,25.88888888888889,0.7575757575757576,142.04806530947596,0.9857750877946696,-0.006517226354870231,0
mimic-11site,MICU-meta,2,5469,2722,8707,27,1.5920643627719875,999,25.88888888888889,0.7575757575757576,157.0982661187281,0.987169466941932,-0.010692861325368785,0
mimic-11site,MICU-meta,1,5469,1535,1535,27,0.28067288352532455,999,25.88888888888889,0.8620689655172413,51.19526030601765,0.980466941782842,-0.026467338712698574,0
mimic-11site,MICU-meta,1,5469,1535,1535,27,0.28067288352532455,999,25.88888888888889,0.8620689655172413,140.42518943449457,0.9928787705109953,-0.023084273460295734,0
mimic-11site,MICU-meta,4,5469,1535,8331,27,1.5233132199670871,999,25.88888888888889,0.575,497.3139315492985,0.9929982196794225,-0.059040014685132314,0
mimic-11site,MICU-meta,4,5469,1535,8331,27,1.5233132199670871,999,25.88888888888889,0.575,434.4371247511488,0.991609702499749,-0.057787774619202814,0
mimic-11site,MICU-meta,1,5469,3483,3483,27,0.6368623148656062,999,25.88888888888889,0.631578947368421,55.88828636591177,0.9820915554798473,-0.03899452064693787,0
mimic-11site,MICU-meta,1,5469,3483,3483,27,0.6368623148656062,999,25.88888888888889,0.631578947368421,24.48839157558899,0.9586981595660351,-0.0079752636778892,0
mimic-11site,MICU-meta,2,5469,2031,5514,27,1.0082281952825014,999,25.88888888888889,0.631578947368421,86.17595252631907,0.9797775943247649,-0.024678583818305566,0
mimic-11site,MICU-meta,2,5469,2031,5514,27,1.0082281952825014,999,25.88888888888889,0.631578947368421,86.83074244411983,0.9779152764367349,-0.018674154097865325,0
mimic-11site,MICU-meta,3,5469,1527,10995,27,2.0104223806911685,999,25.88888888888889,0.631578947368421,286.39996973492464,0.9894870149849286,-0.009863722075514725,0
mimic-11site,MICU-meta,3,5469,1527,10995,27,2.0104223806911685,999,25.88888888888889,0.631578947368421,222.11086487576614,0.988657343779952,-0.01251630895053768,0
mimic-11site,MICU-meta,2,5469,1880,5363,27,0.9806180288901079,999,25.88888888888889,0.631578947368421,114.07426794267519,0.9876606975946812,-0.03428207792952259,0
mimic-11site,MICU-meta,2,5469,1880,5363,27,0.9806180288901079,999,25.88888888888889,0.631578947368421,143.20349267610777,0.9912997762761357,-0.012475302604107452,0
mimic-11site,MICU-meta,1,5469,2031,2031,27,0.3713658804168952,999,25.88888888888889,0.6578947368421053,59.13257648681628,0.9830888478160097,-0.07458100723221339,0
mimic-11site,MICU-meta,1,5469,2031,2031,27,0.3713658804168952,999,25.88888888888889,0.6578947368421053,17.98101988900418,0.9443858020194102,-0.052418641797408405,0
mimic-11site,MICU-meta,2,5469,2489,8474,27,1.549460596087036,999,25.88888888888889,0.8125,80.5521595613835,0.9764328047692155,-0.0011825264492941745,0
mimic-11site,MICU-meta,2,5469,2489,8474,27,1.549460596087036,999,25.88888888888889,0.8125,107.05618307516407,0.9831668869198866,-0.012039628589035567,0
mimic-11site,MICU-meta,4,5469,1527,11668,27,2.1334796123605777,999,25.88888888888889,0.78125,546.8119366313935,0.9926848707351895,-0.015800642815645916,0
mimic-11site,MICU-meta,4,5469,1527,11668,27,2.1334796123605777,999,25.88888888888889,0.78125,589.9663167070948,0.9932199519078885,-0.015596870438016164,0
mimic-11site,MICU-meta,2,5469,1880,4156,27,0.7599195465350156,999,25.88888888888889,0.78125,321.4702581134776,0.9937785846450093,-0.08107512318978122,0
mimic-11site,MICU-meta,2,5469,1880,4156,27,0.7599195465350156,999,25.88888888888889,0.78125,351.20817312845304,0.9943053717053774,-0.04502619412866815,0
mimic-11site,SICU-care,4,2489,1535,8168,31,3.2816392125351546,474,10.709677419354838,0.575,464.26081188469607,0.991380539908608,-0.020877629336000403,0
mimic-11site,SICU-care,4,2489,1535,8168,31,3.2816392125351546,474,10.709677419354838,0.575,369.6845176614187,0.9876496590555397,-0.021347888032688722,0
mimic-11site,SICU-care,4,2489,2031,14221,31,5.713539574126155,474,10.709677419354838,0.575,264.0729220715361,0.9916789351609282,-0.05565323611354145,0
mimic-11site,SICU-care,4,2489,2031,14221,31,5.713539574126155,474,10.709677419354838,0.575,225.70286602442178,0.988757143985753,-0.0570227569392861,0
mimic-11site,SICU-care,4,2489,2489,17659,31,7.094817195660908,474,10.709677419354838,0.575,378.5202676783471,0.9917441603877074,-0.053976403099612935,0
mimic-11site,SICU-care,4,2489,2489,17659,31,7.094817195660908,474,10.709677419354838,0.575,336.26205779670477,0.991078386840142,-0.02328040757978278,0
mimic-11site,SICU-care,4,2489,1880,8909,31,3.579349136199277,474,10.709677419354838,0.575,500.6862477548453,0.9919758820585818,-0.007035640641155805,0
mimic-11site,SICU-care,4,2489,1880,8909,31,3.579349136199277,474,10.709677419354838,0.575,491.1182938511287,0.9918286847241475,-0.006435617891361878,0
mimic-11site,SICU-care,2,2489,2489,8707,31,3.498192044997991,474,10.709677419354838,0.7575757575757576,91.35930505299757,0.9809599608417017,-0.06735139362573112,0
mimic-11site,SICU-care,2,2489,2489,8707,31,3.498192044997991,474,10.709677419354838,0.7575757575757576,167.12129157668485,0.9879827406842413,-0.02643797292754546,0
mimic-11site,SICU-care,3,2489,1535,10487,31,4.213338690237043,474,10.709677419354838,0.575,298.7587335305974,0.9916761580316471,-0.06368174443079855,0
mimic-11site,SICU-care,3,2489,1535,10487,31,4.213338690237043,474,10.709677419354838,0.575,333.6865838174342,0.9914287599498363,-0.031929633110751476,0
mimic-11site,SICU-care,4,2489,1527,12014,31,4.826838087585376,474,10.709677419354838,0.575,378.5202676783471,0.9916924680088508,-0.054834679378260254,0
mimic-11site,SICU-care,4,2489,1527,12014,31,4.826838087585376,474,10.709677419354838,0.575,358.82971866926835,0.9889553352953697,-0.019286418403712036,0
mimic-11site,SICU-care,4,2489,1527,11078,31,4.450783447167537,474,10.709677419354838,0.575,582.398869253831,0.9931318547971688,-0.05145212938379645,0
mimic-11site,SICU-care,4,2489,1527,11078,31,4.450783447167537,474,10.709677419354838,0.575,406.939971318235,0.9901705404189162,-0.03573588280508877,0
mimic-11site,SICU-care,3,2489,1535,12989,31,5.2185616713539575,474,10.709677419354838,0.7352941176470589,284.6378497162791,0.9894501652356485,-0.06213915796340669,0
mimic-11site,SICU-care,3,2489,1535,12989,31,5.2185616713539575,474,10.709677419354838,0.7352941176470589,263.0522385907883,0.9905275474079402,-0.007923884273360382,0
mimic-11site,SICU-care,2,2489,2489,11454,31,4.601848131779831,474,10.709677419354838,0.8125,80.55215956138349,0.9764328047692155,-0.059436599291069814,0
mimic-11site,SICU-care,2,2489,2489,11454,31,4.601848131779831,474,10.709677419354838,0.8125,107.05618307516407,0.9831668869198866,-0.004682772872372731,0
mimic-11site,SICU-care,3,2489,2276,13730,31,5.51627159501808,474,10.709677419354838,0.78125,190.1440417214173,0.9873967910376156,-0.051091386957064666,0
mimic-11site,SICU-care,3,2489,2276,13730,31,5.51627159501808,474,10.709677419354838,0.78125,190.31457438754455,0.9887316643542157,0.007332952477656085,1
mimic-11site,SICU-care,3,2489,1527,5683,31,2.2832462836480514,474,10.709677419354838,0.78125,437.05929439862047,0.993135942792092,0.01737187066134871,1
mimic-11site,SICU-care,3,2489,1527,5683,31,2.2832462836480514,474,10.709677419354838,0.78125,401.8049567002291,0.992533690911538,0.03405522723648374,1
mimic-11site,SICU-meta,4,2276,1527,10562,25,4.640597539543058,341,9.56,0.575,366.7722778723266,0.9903957673009433,-0.03655347723704555,0
mimic-11site,SICU-meta,4,2276,1527,10562,25,4.640597539543058,341,9.56,0.575,352.28575571758745,0.9886455812218345,-0.02657631871457211,0
mimic-11site,SICU-meta,4,2276,1527,10411,25,4.574253075571177,341,9.56,0.7352941176470589,558.7624771535974,0.9928413231676249,-0.009900520100265764,0
mimic-11site,SICU-meta,4,2276,1527,10411,25,4.574253075571177,341,9.56,0.7352941176470589,502.3446035317554,0.9929340854374266,-0.004140023198538567,0
mimic-11site,SICU-meta,2,2276,1535,4024,25,1.7680140597539542,341,9.56,0.7575757575757576,163.1953480779661,0.9877447487103339,0.011421063316288005,1
mimic-11site,SICU-meta,2,2276,1535,4024,25,1.7680140597539542,341,9.56,0.7575757575757576,212.20280889540945,0.9905750540701572,-0.009571633013338743,0
mimic-11site,SICU-meta,4,2276,1880,13379,25,5.8782952548330405,341,9.56,0.6052631578947368,435.98444791690923,0.9918745613842765,-0.03344577159705581,0
mimic-11site,SICU-meta,4,2276,1880,13379,25,5.8782952548330405,341,9.56,0.6052631578947368,276.49258099157817,0.989324318128048,0.012502694029151051,1
mimic-11site,SICU-meta,2,2276,2031,7500,25,3.295254833040422,341,9.56,0.6052631578947368,145.63924046845486,0.9862674373090184,-0.05097295787494613,0
mimic-11site,SICU-meta,2,2276,2031,7500,25,3.295254833040422,341,9.56,0.6052631578947368,109.19837012994948,0.9816847083191815,0.0073051534448753674,1
mimic-11site,SICU-meta,3,2276,1880,9380,25,4.121265377855887,341,9.56,0.6052631578947368,332.7336709987943,0.9925196057367769,-0.02848508648621817,0
mimic-11site,SICU-meta,3,2276,1880,9380,25,4.121265377855887,341,9.56,0.6052631578947368,511.4436409463332,0.9948015036057631,0.02881812815917989,1
mimic-11site,SICU-meta,1,2276,2276,5985,25,2.6296133567662565,341,9.56,0.8333333333333334,76.95463762280954,0.9870053315707694,-0.03929850978644886,0
mimic-11site,SICU-meta,1,2276,2276,5985,25,2.6296133567662565,341,9.56,0.8333333333333334,68.7729107969634,0.9854593910827437,0.010332754286778545,1
mimic-11site,SICU-meta,3,2276,1527,9392,25,4.126537785588752,341,9.56,0.78125,540.8332086694373,0.9944376947547873,-0.011664551796297273,0
mimic-11site,SICU-meta,3,2276,1527,9392,25,4.126537785588752,341,9.56,0.78125,529.284238838939,0.9942812732582638,0.04268412351190326,1
mimic-11site,SICU-meta,1,2276,2276,5469,25,2.4028998242530757,341,9.56,0.9259259259259259,76.50775264300384,0.986929429169536,-0.01941007272080303,0
mimic-11site,SICU-meta,1,2276,2276,5469,25,2.4028998242530757,341,9.56,0.9259259259259259,56.783091960177174,0.9823891238486746,0.030563797333443277,1
mimic-11site,SICU-meta,1,2276,2276,2489,25,1.0935852372583479,341,9.56,0.8064516129032258,40.465648043314374,0.9752876810738431,0.02275097994454056,1
mimic-11site,SICU-meta,1,2276,2276,2489,25,1.0935852372583479,341,9.56,0.8064516129032258,51.25650347744056,0.9804902806052674,0.009210764413878192,1
mimic-11site,SICU-meta,1,2276,1880,1880,25,0.8260105448154658,341,9.56,0.78125,25.21385851719449,0.9603392713845025,0.021264836101459073,1
mimic-11site,SICU-meta,1,2276,1880,1880,25,0.8260105448154658,341,9.56,0.78125,29.00763177582696,0.9655263136360779,0.0406706992421364,1
mimic-11site,TSICU-care,4,1880,1535,9771,32,5.197340425531915,299,6.53125,0.575,147.41674040925017,0.9869333814876833,-0.01128094129953916,0
mimic-11site,TSICU-care,4,1880,1535,9771,32,5.197340425531915,299,6.53125,0.575,229.98787076261624,0.9843076171386171,-0.011902882515444524,0
mimic-11site,TSICU-care,4,1880,1880,13950,32,7.420212765957447,299,6.53125,0.575,367.6791038831723,0.9903183483793944,0.00833887849713083,1
mimic-11site,TSICU-care,4,1880,1880,13950,32,7.420212765957447,299,6.53125,0.575,381.6069848223964,0.9924188434724537,-0.00716435455929848,0
mimic-11site,TSICU-care,3,1880,1880,11744,32,6.246808510638298,299,6.53125,0.6052631578947368,429.2648749396124,0.9942925319976775,0.016515996578091774,1
mimic-11site,TSICU-care,3,1880,1880,11744,32,6.246808510638298,299,6.53125,0.6052631578947368,314.7328323537077,0.9904681059882926,0.004569989680303699,1
mimic-11site,TSICU-care,3,1880,1527,10479,32,5.573936170212766,299,6.53125,0.631578947368421,291.42550585026345,0.9909521308231297,0.011395682057485645,1
mimic-11site,TSICU-care,3,1880,1527,10479,32,5.573936170212766,299,6.53125,0.631578947368421,412.30767618352064,0.9929139499047529,-0.00581366565629321,0
mimic-11site,TSICU-care,2,1880,1880,5972,32,3.176595744680851,299,6.53125,0.7631578947368421,139.09414827981038,0.988301300319447,0.016742192544795254,1
mimic-11site,TSICU-care,2,1880,1880,5972,32,3.176595744680851,299,6.53125,0.7631578947368421,212.42231194963867,0.9916837821495108,0.019104794814629456,1
mimic-11site,TSICU-care,1,1880,1880,2031,32,1.0803191489361703,299,6.53125,0.7894736842105263,31.148533345989144,0.9663533258042809,0.004419195298331624,1
mimic-11site,TSICU-care,1,1880,1880,2031,32,1.0803191489361703,299,6.53125,0.7894736842105263,27.32969127399901,0.9620804412162117,0.003846988232286408,1
mimic-11site,TSICU-care,3,1880,1880,6796,32,3.6148936170212767,299,6.53125,0.6052631578947368,316.38522398617533,0.9914306811348776,0.012321571927870367,1
mimic-11site,TSICU-care,3,1880,1880,6796,32,3.6148936170212767,299,6.53125,0.6052631578947368,325.5553649488348,0.9907820872454787,0.008057140874606739,1
mimic-11site,TSICU-care,4,1880,1527,8323,32,4.427127659574468,299,6.53125,0.6052631578947368,536.7203891040435,0.9925461604137048,0.0145869674018973,1
mimic-11site,TSICU-care,4,1880,1527,8323,32,4.427127659574468,299,6.53125,0.6052631578947368,457.52526944293453,0.9912555885709826,0.011929389629254272,1
mimic-11site,TSICU-care,1,1880,1880,5985,32,3.1835106382978724,299,6.53125,0.9375,192.54727741342919,0.9947283892623522,-0.006575390132280201,0
mimic-11site,TSICU-care,1,1880,1880,5985,32,3.1835106382978724,299,6.53125,0.9375,79.23585615887993,0.9873303207975443,0.0056803811563790885,1
mimic-11site,TSICU-care,2,1880,1880,11454,32,6.092553191489362,299,6.53125,0.8125,215.98085297986034,0.9921727998108419,-0.022391224975301938,0
mimic-11site,TSICU-care,2,1880,1880,11454,32,6.092553191489362,299,6.53125,0.8125,124.58287647526596,0.9839464294244556,-0.0018836600542832538,0
mimic-11site,TSICU-care,1,1880,1880,2276,32,1.2106382978723405,299,6.53125,0.78125,25.21385851719449,0.9603392713845025,0.00783736936446261,1
mimic-11site,TSICU-care,1,1880,1880,2276,32,1.2106382978723405,299,6.53125,0.78125,29.00763177582696,0.9655263136360779,0.03034531912532612,1
mimic-11site,TSICU-meta,2,1527,1527,4753,30,3.1126391617550753,223,5.2,0.575,221.9563924586164,0.9907892283808378,0.03561297493235294,1
mimic-11site,TSICU-meta,2,1527,1527,4753,30,3.1126391617550753,223,5.2,0.575,128.38616811362135,0.984074885028815,-0.009974158427890567,0
mimic-11site,TSICU-meta,1,1527,1527,1535,30,1.0052390307793058,223,5.2,0.78125,54.21278412353801,0.9815541663065811,0.012140374956181477,1
mimic-11site,TSICU-meta,1,1527,1527,1535,30,1.0052390307793058,223,5.2,0.78125,88.31367796572769,0.9886767257005412,-0.014202043618781135,0
mimic-11site,TSICU-meta,3,1527,1527,10009,30,6.554682383759005,223,5.2,0.7575757575757576,375.5171002687914,0.9917859196754804,0.05939913687432563,1
mimic-11site,TSICU-meta,3,1527,1527,10009,30,6.554682383759005,223,5.2,0.7575757575757576,331.20975801173967,0.9909271675333942,-0.028481887666957306,0
mimic-11site,TSICU-meta,4,1527,1527,11769,30,7.707269155206287,223,5.2,0.7352941176470589,478.23683440825835,0.9916070676246955,0.05967843215733326,1
mimic-11site,TSICU-meta,4,1527,1527,11769,30,7.707269155206287,223,5.2,0.7352941176470589,359.59642510146966,0.9910133026593974,0.0007883428536368253,1
mimic-11site,TSICU-meta,2,1527,1527,8952,30,5.862475442043222,223,5.2,0.631578947368421,154.69988535319203,0.9897497155838374,0.05233611830413759,1
mimic-11site,TSICU-meta,2,1527,1527,8952,30,5.862475442043222,223,5.2,0.631578947368421,102.42992978146452,0.9812548606266105,0.013688065903763258,1
mimic-11site,TSICU-meta,1,1527,1527,2031,30,1.3300589390962672,223,5.2,0.7368421052631579,41.13682684863382,0.9747868650959151,0.03564170732011368,1
mimic-11site,TSICU-meta,1,1527,1527,2031,30,1.3300589390962672,223,5.2,0.7368421052631579,28.08508343535005,0.9639209501790662,0.014545091600753346,1
mimic-11site,TSICU-meta,2,1527,1527,3911,30,2.561231172233137,223,5.2,0.7368421052631579,217.7052054487201,0.9907386389672435,0.06668530321084226,1
mimic-11site,TSICU-meta,2,1527,1527,3911,30,2.561231172233137,223,5.2,0.7368421052631579,134.9381753983996,0.9841894331693287,0.037558772484025116,1
mimic-11site,TSICU-meta,2,1527,1527,7865,30,5.150622134905043,223,5.2,0.9375,277.0470263153675,0.9926710782455819,0.08480645442301299,1
mimic-11site,TSICU-meta,2,1527,1527,7865,30,5.150622134905043,223,5.2,0.9375,343.05400521672755,0.994083185639772,0.01717031206861669,1
mimic-11site,TSICU-meta,2,1527,1527,7745,30,5.072036673215455,223,5.2,0.8064516129032258,330.27004185728276,0.9939408428500502,0.05753810874211618,1
mimic-11site,TSICU-meta,2,1527,1527,7745,30,5.072036673215455,223,5.2,0.8064516129032258,343.97161079439735,0.9940726004007026,-0.012473607966488554,0
mimic-11site,TSICU-meta,1,1527,1527,2489,30,1.629993451211526,223,5.2,0.967741935483871,89.52415721236238,0.98878102114737,0.05395404176070401,1
mimic-11site,TSICU-meta,1,1527,1527,2489,30,1.629993451211526,223,5.2,0.967741935483871,44.47512907487396,0.9773393019968359,-0.017951994487887313,0
mimic-11site,TSICU-meta,1,1527,1527,2276,30,1.4905042567125082,223,5.2,0.8333333333333334,83.19981989124045,0.9879807432118578,0.005217332085407866,1
mimic-11site,TSICU-meta,1,1527,1527,2276,30,1.4905042567125082,223,5.2,0.8333333333333334,30.227012018435403,0.9669170078937971,-0.0068198310128937956,0
mimic-11site,TSICU-meta,1,1527,1527,1880,30,1.2311722331368697,223,5.2,0.9375,134.92642447491494,0.9923987292084624,0.05516724175401144,1
mimic-11site,TSICU-meta,1,1527,1527,1880,30,1.2311722331368697,223,5.2,0.9375,43.69473696846957,0.9770660310647572,0.03345219862085924,1
mimic4-9site,Cardiac Vascular Intensive Care Unit (CVICU),1,8420,5371,5371,36,0.6378859857482185,372,7.222222222222222,0.7948717948717948,82.6800906076563,0.9879051898389261,0.016094209500908285,1
mimic4-9site,Cardiac Vascular Intensive Care Unit (CVICU),1,8420,5371,5371,36,0.6378859857482185,372,7.222222222222222,0.7948717948717948,70.7179417208796,0.9858593169475017,-0.001467125290133986,0
mimic4-9site,Cardiac Vascular Intensive Care Unit (CVICU),4,8420,946,19187,36,2.2787410926365794,372,7.222222222222222,0.5952380952380952,525.3674883891749,0.9926688193681203,-0.019722702815982762,0
mimic4-9site,Cardiac Vascular Intensive Care Unit (CVICU),4,8420,946,19187,36,2.2787410926365794,372,7.222222222222222,0.5952380952380952,561.7084054284486,0.9937933864399112,-0.01184815398085165,0
mimic4-9site,Cardiac Vascular Intensive Care Unit (CVICU),3,8420,5371,19058,36,2.263420427553444,372,7.222222222222222,0.7692307692307693,498.57384209784055,0.9939053455947933,0.022953816072578237,1
mimic4-9site,Cardiac Vascular Intensive Care Unit (CVICU),3,8420,5371,19058,36,2.263420427553444,372,7.222222222222222,0.7692307692307693,358.4190528399125,0.9916213512552562,0.018993560570940204,1
mimic4-9site,Cardiac Vascular Intensive Care Unit (CVICU),4,8420,946,21169,36,2.5141330166270786,372,7.222222222222222,0.5952380952380952,477.6467971969103,0.9916120314922588,-0.025335773790968796,0
mimic4-9site,Cardiac Vascular Intensive Care Unit (CVICU),4,8420,946,21169,36,2.5141330166270786,372,7.222222222222222,0.5952380952380952,471.8410790966109,0.9915173269351818,-0.0068237910206716546,0
mimic4-9site,Cardiac Vascular Intensive Care Unit (CVICU),3,8420,698,13568,36,1.6114014251781472,372,7.222222222222222,0.5952380952380952,202.4020342605264,0.9908727503570561,-0.044493022885635836,0
mimic4-9site,Cardiac Vascular Intensive Care Unit (CVICU),3,8420,698,13568,36,1.6114014251781472,372,7.222222222222222,0.5952380952380952,305.2139245040596,0.9932823086250931,-0.010075559243146182,0
mimic4-9site,Cardiac Vascular Intensive Care Unit (CVICU),1,8420,7353,7353,36,0.8732779097387173,372,7.222222222222222,0.7948717948717948,90.05647529833496,0.9888958567755706,0.011535017049629503,1
mimic4-9site,Cardiac Vascular Intensive Care Unit (CVICU),1,8420,7353,7353,36,0.8732779097387173,372,7.222222222222222,0.7948717948717948,101.05492936364718,0.9901043916779013,-0.00861774382945224,0
mimic4-9site,Cardiac Vascular Intensive Care Unit (CVICU),2,8420,3138,10491,36,1.245961995249406,372,7.222222222222222,0.5952380952380952,503.39498955659633,0.9959963970648293,0.007438667149809841,1
mimic4-9site,Cardiac Vascular Intensive Care Unit (CVICU),2,8420,3138,10491,36,1.245961995249406,372,7.222222222222222,0.5952380952380952,325.202682592282,0.9952079466672303,-0.02633017645829322,0
mimic4-9site,Cardiac Vascular Intensive Care Unit (CVICU),3,8420,698,4782,36,0.5679334916864608,372,7.222222222222222,0.6190476190476191,326.6980561247672,0.9912168774178594,0.030835006846198054,1
mimic4-9site,Cardiac Vascular Intensive Care Unit (CVICU),3,8420,698,4782,36,0.5679334916864608,372,7.222222222222222,0.6341463414634146,355.6292949199399,0.9933238451577135,0.0002967717072026588,1
mimic4-9site,Cardiac Vascular Intensive Care Unit (CVICU),3,8420,3138,14368,36,1.7064133016627079,372,7.222222222222222,0.6410256410256411,550.3543028908655,0.9945483837609062,0.028048986541919674,1
mimic4-9site,Cardiac Vascular Intensive Care Unit (CVICU),3,8420,3138,14368,36,1.7064133016627079,372,7.222222222222222,0.6410256410256411,824.7561429942301,0.9963625611940171,-0.006018138688237529,0
mimic4-9site,Cardiac Vascular Intensive Care Unit (CVICU),1,8420,946,946,36,0.11235154394299288,372,7.222222222222222,0.7380952380952381,53.4182998902851,0.9812798235426083,0.045001203215188745,1
mimic4-9site,Cardiac Vascular Intensive Care Unit (CVICU),1,8420,946,946,36,0.11235154394299288,372,7.222222222222222,0.7560975609756098,48.136156080031526,0.9792255950321959,0.013700563002312982,1
mimic4-9site,Cardiac Vascular Intensive Care Unit (CVICU),1,8420,6334,6334,36,0.7522565320665083,372,7.222222222222222,0.8333333333333334,116.83029004990522,0.9911645775097959,0.021861051688127853,1
mimic4-9site,Cardiac Vascular Intensive Care Unit (CVICU),1,8420,6334,6334,36,0.7522565320665083,372,7.222222222222222,0.8333333333333334,140.8315697699037,0.9927421572918443,0.01971849666636949,1
mimic4-9site,Cardiac Vascular Intensive Care Unit (CVICU),2,8420,4896,11230,36,1.333729216152019,372,7.222222222222222,0.8333333333333334,261.3521410353298,0.9923474895132784,0.021679124183729526,1
mimic4-9site,Cardiac Vascular Intensive Care Unit (CVICU),2,8420,4896,11230,36,1.333729216152019,372,7.222222222222222,0.8333333333333334,204.60264274023353,0.9898236500592836,0.01102416252588384,1
mimic4-9site,Coronary Care Unit (CCU),3,5371,3138,16454,34,3.0634891081735245,970,19.970588235294116,0.5952380952380952,616.823265378727,0.9950399574675801,-0.015299507041840743,0
mimic4-9site,Coronary Care Unit (CCU),3,5371,3138,16454,34,3.0634891081735245,970,19.970588235294116,0.5952380952380952,803.4714670339365,0.9962963282718534,0.008280399673008976,1
mimic4-9site,Coronary Care Unit (CCU),4,5371,698,16398,34,3.0530627443679017,970,19.970588235294116,0.5952380952380952,366.3547719045073,0.9903634267275927,-0.011081223734476509,0
mimic4-9site,Coronary Care Unit (CCU),4,5371,698,16398,34,3.0530627443679017,970,19.970588235294116,0.5952380952380952,271.1333954552182,0.9882090145454082,0.0032775257945825698,1
mimic4-9site,Coronary Care Unit (CCU),3,5371,5371,23419,34,4.360268106497859,970,19.970588235294116,0.8823529411764706,518.8337111033976,0.9952132642843765,-0.06180569458857538,0
mimic4-9site,Coronary Care Unit (CCU),3,5371,5371,23419,34,4.360268106497859,970,19.970588235294116,0.8823529411764706,382.42249391621385,0.9920272243555106,-0.02151638544119805,0
mimic4-9site,Coronary Care Unit (CCU),4,5371,698,16085,34,2.9947868180971886,970,19.970588235294116,0.6578947368421053,252.10328009835166,0.9854137115924178,-0.08591211258555398,0
mimic4-9site,Coronary Care Unit (CCU),4,5371,698,16085,34,2.9947868180971886,970,19.970588235294116,0.6410256410256411,260.82523088243244,0.9870708833806774,-0.058955397480899785,0
mimic4-9site,Coronary Care Unit (CCU),4,5371,946,17771,34,3.3086948426736176,970,19.970588235294116,0.6578947368421053,682.4580656884119,0.994051356557426,-0.06023796456129915,0
mimic4-9site,Coronary Care Unit (CCU),4,5371,946,17771,34,3.3086948426736176,970,19.970588235294116,0.6578947368421053,697.18345944775,0.9942428284351078,-0.04843326603321668,0
mimic4-9site,Coronary Care Unit (CCU),3,5371,3138,16825,34,3.1325637683857757,970,19.970588235294116,0.6578947368421053,635.6256602277742,0.9952767912528964,-0.09476790193502599,0
mimic4-9site,Coronary Care Unit (CCU),3,5371,3138,16825,34,3.1325637683857757,970,19.970588235294116,0.6578947368421053,516.6314599964722,0.9941815137651228,-0.0629199013741108,0
mimic4-9site,Coronary Care Unit (CCU),3,5371,698,12947,34,2.4105380748463974,970,19.970588235294116,0.6578947368421053,256.4724635228454,0.9882937564221481,-0.06680314010561539,0
mimic4-9site,Coronary Care Unit (CCU),3,5371,698,12947,34,2.4105380748463974,970,19.970588235294116,0.6410256410256411,240.68942137187494,0.9875262368687631,-0.06625327239191348,0
mimic4-9site,Coronary Care Unit (CCU),2,5371,946,8299,34,1.5451498789797058,970,19.970588235294116,0.868421052631579,182.11200850599494,0.9890107887048727,-0.029142256522689702,0
mimic4-9site,Coronary Care Unit (CCU),2,5371,946,8299,34,1.5451498789797058,970,19.970588235294116,0.8421052631578947,170.2068029814085,0.9882331071882353,-0.026423912895894963,0
mimic4-9site,Coronary Care Unit (CCU),4,5371,946,19529,34,3.6360081921429903,970,19.970588235294116,0.7894736842105263,541.3032073360353,0.9926098624181436,-0.028787622664208035,0
mimic4-9site,Coronary Care Unit (CCU),4,5371,946,19529,34,3.6360081921429903,970,19.970588235294116,0.7692307692307693,586.5734593910173,0.9925901908829159,-0.029703681537211146,0
mimic4-9site,Coronary Care Unit (CCU),2,5371,5371,13687,34,2.548315025134984,970,19.970588235294116,0.8823529411764706,359.4998211270473,0.9944363374523908,-0.028837944385799508,0
mimic4-9site,Coronary Care Unit (CCU),2,5371,5371,13687,34,2.548315025134984,970,19.970588235294116,0.8823529411764706,229.98513010298126,0.9909903170836691,-0.021867680954481716,0
mimic4-9site,Coronary Care Unit (CCU),2,5371,698,5594,34,1.0415192701545337,970,19.970588235294116,0.6578947368421053,97.88415367436261,0.9795676835838666,-0.04355680894388936,0
mimic4-9site,Coronary Care Unit (CCU),2,5371,698,5594,34,1.0415192701545337,970,19.970588235294116,0.6410256410256411,67.64682521558007,0.9704346805097459,-0.04807527043287929,0
mimic4-9site,Coronary Care Unit (CCU),1,5371,4896,4896,34,0.9115620927201639,970,19.970588235294116,0.9117647058823529,76.37217383474054,0.9869062257915576,-0.008931921966790768,0
mimic4-9site,Coronary Care Unit (CCU),1,5371,4896,4896,34,0.9115620927201639,970,19.970588235294116,0.8857142857142857,66.27952995438612,0.9849123854576488,-0.011096379527847255,0
mimic4-9site,Medical Intensive Care Unit (MICU),4,9732,698,19385,34,1.991882449650637,2242,46.14705882352941,0.5952380952380952,259.1361417270069,0.9902595185137094,-0.02695607572208364,0
mimic4-9site,Medical Intensive Care Unit (MICU),4,9732,698,19385,34,1.991882449650637,2242,46.14705882352941,0.5952380952380952,242.52370965450677,0.9861202474297401,-0.0605493572755732,0
mimic4-9site,Medical Intensive Care Unit (MICU),4,9732,698,20348,34,2.0908343608713524,2242,46.14705882352941,0.5952380952380952,534.4796716960353,0.993114971470235,-0.02363622293532519,0
mimic4-9site,Medical Intensive Care Unit (MICU),4,9732,698,20348,34,2.0908343608713524,2242,46.14705882352941,0.5952380952380952,427.51273686362316,0.9935887244393462,-0.059429824515907614,0
mimic4-9site,Medical Intensive Care Unit (MICU),3,9732,946,15700,34,1.6132346896835184,2242,46.14705882352941,0.7142857142857143,421.81387627005057,0.9929696420557014,-0.05933502050803752,0
mimic4-9site,Medical Intensive Care Unit (MICU),3,9732,946,15700,34,1.6132346896835184,2242,46.14705882352941,0.7142857142857143,387.2928327260213,0.9922530151794358,-0.040722492400145915,0
mimic4-9site,Medical Intensive Care Unit (MICU),2,9732,5371,11705,34,1.2027332511302917,2242,46.14705882352941,0.8823529411764706,321.3066332509337,0.9942689293636411,-0.0007137541519700585,0
mimic4-9site,Medical Intensive Care Unit (MICU),2,9732,5371,11705,34,1.2027332511302917,2242,46.14705882352941,0.8823529411764706,323.4976724590355,0.9938119428118999,0.0021592621737061557,1
mimic4-9site,Medical Intensive Care Unit (MICU),4,9732,698,17523,34,1.8005548705302097,2242,46.14705882352941,0.6578947368421053,493.679740982068,0.9939105678793372,-0.05345141785121288,0
mimic4-9site,Medical Intensive Care Unit (MICU),4,9732,698,17523,34,1.8005548705302097,2242,46.14705882352941,0.6578947368421053,468.89750897045246,0.9914403765248371,-0.05286330329372241,0
mimic4-9site,Medical Intensive Care Unit (MICU),3,9732,3138,16825,34,1.728832716810522,2242,46.14705882352941,0.6578947368421053,752.0562591298936,0.9958873346336983,-0.0586078812851461,0
mimic4-9site,Medical Intensive Care Unit (MICU),3,9732,3138,16825,34,1.728832716810522,2242,46.14705882352941,0.6578947368421053,530.853040238933,0.9943390194898288,-0.04117731280709208,0
mimic4-9site,Medical Intensive Care Unit (MICU),4,9732,3138,21721,34,2.231915330867242,2242,46.14705882352941,0.6578947368421053,839.0139912890917,0.9960162842172244,-0.05873268500462353,0
mimic4-9site,Medical Intensive Care Unit (MICU),4,9732,3138,21721,34,2.231915330867242,2242,46.14705882352941,0.6410256410256411,691.2559714327651,0.9941542112704189,-0.036198888966897436,0
mimic4-9site,Medical Intensive Care Unit (MICU),1,9732,3138,3138,34,0.32244143033292233,2242,46.14705882352941,0.6578947368421053,109.89624263767064,0.9909005078244848,-0.04985044401628691,0
mimic4-9site,Medical Intensive Care Unit (MICU),1,9732,3138,3138,34,0.32244143033292233,2242,46.14705882352941,0.6578947368421053,70.55321794882401,0.9858263020586056,-0.046073249067967004,0
mimic4-9site,Medical Intensive Care Unit (MICU),3,9732,946,8980,34,0.9227291409782162,2242,46.14705882352941,0.6578947368421053,285.9025419130145,0.9902441464190743,-0.05159736172543283,0
mimic4-9site,Medical Intensive Care Unit (MICU),3,9732,946,8980,34,0.9227291409782162,2242,46.14705882352941,0.6410256410256411,455.49828530169293,0.9934138061617225,-0.03705327692761212,0
mimic4-9site,Medical Intensive Care Unit (MICU),2,9732,946,5842,34,0.6002877106452938,2242,46.14705882352941,0.7894736842105263,192.98887933531574,0.9895702834449962,-0.06076342132897106,0
mimic4-9site,Medical Intensive Care Unit (MICU),2,9732,946,5842,34,0.6002877106452938,2242,46.14705882352941,0.7692307692307693,153.9894995112096,0.9870603744978409,-0.03727038007653721,0
mimic4-9site,Medical Intensive Care Unit (MICU),1,9732,4896,4896,34,0.5030826140567201,2242,46.14705882352941,0.9117647058823529,56.52190235909757,0.9823077434010138,-0.004560424753967063,0
mimic4-9site,Medical Intensive Care Unit (MICU),1,9732,4896,4896,34,0.5030826140567201,2242,46.14705882352941,0.8857142857142857,64.46291309752435,0.9844872043171998,0.004388172202528018,1
mimic4-9site,Medical/Surgical Intensive Care Unit (MICU/SICU),4,7353,698,17627,34,2.3972528219774243,1568,32.294117647058826,0.5952380952380952,228.37174881183978,0.9844635609142962,-0.008784604318697598,0
mimic4-9site,Medical/Surgical Intensive Care Unit (MICU/SICU),4,7353,698,17627,34,2.3972528219774243,1568,32.294117647058826,0.5952380952380952,280.4046305565637,0.9890705065841557,-0.013771547716401378,0
mimic4-9site,Medical/Surgical Intensive Care Unit (MICU/SICU),3,7353,946,15700,34,2.1351829185366515,1568,32.294117647058826,0.7142857142857143,407.38670172220657,0.9926359893749166,-0.0466340705079728,0
mimic4-9site,Medical/Surgical Intensive Care Unit (MICU/SICU),3,7353,946,15700,34,2.1351829185366515,1568,32.294117647058826,0.7142857142857143,558.2492137049122,0.9943755180656854,-0.017048268250938137,0
mimic4-9site,Medical/Surgical Intensive Care Unit (MICU/SICU),3,7353,946,14262,34,1.9396164830681355,1568,32.294117647058826,0.7142857142857143,219.73440294691045,0.9863471538376954,-0.04242926461903995,0
mimic4-9site,Medical/Surgical Intensive Care Unit (MICU/SICU),3,7353,946,14262,34,1.9396164830681355,1568,32.294117647058826,0.7142857142857143,388.859694347811,0.9922851351178693,-0.017679408098597305,0
mimic4-9site,Medical/Surgical Intensive Care Unit (MICU/SICU),3,7353,3138,18241,34,2.4807561539507685,1568,32.294117647058826,0.6578947368421053,449.6597415549222,0.9953083639456237,-0.07425660759252295,0
mimic4-9site,Medical/Surgical Intensive Care Unit (MICU/SICU),3,7353,3138,18241,34,2.4807561539507685,1568,32.294117647058826,0.6578947368421053,414.7665053061232,0.9929554914558953,-0.04886035020621865,0
mimic4-9site,Medical/Surgical Intensive Care Unit (MICU/SICU),4,7353,946,19187,34,2.609411124711002,1568,32.294117647058826,0.6578947368421053,496.26273350886845,0.9936674842964761,-0.06676981838686707,0
mimic4-9site,Medical/Surgical Intensive Care Unit (MICU/SICU),4,7353,946,19187,34,2.609411124711002,1568,32.294117647058826,0.6578947368421053,632.7572306149257,0.9938288398366699,-0.04232355712987301,0
mimic4-9site,Medical/Surgical Intensive Care Unit (MICU/SICU),4,7353,698,20697,34,2.814769481844145,1568,32.294117647058826,0.6578947368421053,425.14072166400683,0.9905316906363774,-0.06355884459883804,0
mimic4-9site,Medical/Surgical Intensive Care Unit (MICU/SICU),4,7353,698,20697,34,2.814769481844145,1568,32.294117647058826,0.6410256410256411,405.40688805320804,0.989883325755764,-0.07948100224005178,0
mimic4-9site,Medical/Surgical Intensive Care Unit (MICU/SICU),2,7353,946,6317,34,0.8591051271589827,1568,32.294117647058826,0.868421052631579,182.11200850599494,0.9890107887048727,-0.05122741689186433,0
mimic4-9site,Medical/Surgical Intensive Care Unit (MICU/SICU),2,7353,946,6317,34,0.8591051271589827,1568,32.294117647058826,0.8421052631578947,170.2068029814085,0.9882331071882353,-0.037031179531007874,0
mimic4-9site,Medical/Surgical Intensive Care Unit (MICU/SICU),2,7353,4896,10267,34,1.3963008295933632,1568,32.294117647058826,0.9117647058823529,190.63532724922908,0.9894961485804583,-0.0033184726305917067,0
mimic4-9site,Medical/Surgical Intensive Care Unit (MICU/SICU),2,7353,4896,10267,34,1.3963008295933632,1568,32.294117647058826,0.8857142857142857,236.4618315898769,0.9915248002916482,0.0015006871060624927,1
mimic4-9site,Medical/Surgical Intensive Care Unit (MICU/SICU),1,7353,698,698,34,0.09492724058207534,1568,32.294117647058826,0.6578947368421053,43.970170702314405,0.9772573091250846,-0.04904829018588486,0
mimic4-9site,Medical/Surgical Intensive Care Unit (MICU/SICU),1,7353,698,698,34,0.09492724058207534,1568,32.294117647058826,0.6578947368421053,15.131648240027976,0.9339133461115832,-0.07816456909868907,0
mimic4-9site,Medical/Surgical Intensive Care Unit (MICU/SICU),1,7353,6334,6334,34,0.8614171086631307,1568,32.294117647058826,0.8823529411764706,296.70036314523463,0.9965373622096148,-0.018101957487020093,0
mimic4-9site,Medical/Surgical Intensive Care Unit (MICU/SICU),1,7353,6334,6334,34,0.8614171086631307,1568,32.294117647058826,0.8823529411764706,254.04264207475478,0.9954686760834097,0.0038858135237897495,1
mimic4-9site,Medical/Surgical Intensive Care Unit (MICU/SICU),1,7353,4896,4896,34,0.6658506731946144,1568,32.294117647058826,0.9117647058823529,156.80603563307756,0.9936226944583946,-0.0038254212333497795,0
mimic4-9site,Medical/Surgical Intensive Care Unit (MICU/SICU),1,7353,4896,4896,34,0.6658506731946144,1568,32.294117647058826,0.8857142857142857,172.12881757451814,0.9941903975517227,0.002360426294127471,1
mimic4-9site,Neuro Intermediate,1,3138,3138,8420,29,2.6832377310388784,87,2.103448275862069,0.6666666666666666,116.26371804121695,0.9909659602159797,-0.05363815500833556,0
mimic4-9site,Neuro Intermediate,1,3138,3138,8420,29,2.6832377310388784,87,2.103448275862069,0.6666666666666666,57.52077635667071,0.9824205621482663,-0.035670797646180835,0
mimic4-9site,Neuro Intermediate,4,3138,698,23746,29,7.567240280433397,87,2.103448275862069,0.5952380952380952,330.7010007463637,0.9895127513930361,-0.03320220632579644,0
mimic4-9site,Neuro Intermediate,4,3138,698,23746,29,7.567240280433397,87,2.103448275862069,0.5952380952380952,559.1292846811981,0.9934773896531465,-0.02827552258993682,0
mimic4-9site,Neuro Intermediate,4,3138,698,17299,29,5.512746972594009,87,2.103448275862069,0.6578947368421053,409.9202592425688,0.9902420046098941,-0.02000794997166823,0
mimic4-9site,Neuro Intermediate,4,3138,698,17299,29,5.512746972594009,87,2.103448275862069,0.6410256410256411,521.6665182866501,0.9923322661896388,-0.02290667959434428,0
mimic4-9site,Neuro Intermediate,4,3138,946,17547,29,5.591778202676864,87,2.103448275862069,0.6578947368421053,452.813620130833,0.9911501960784229,-0.00893652728126694,0
mimic4-9site,Neuro Intermediate,4,3138,946,17547,29,5.591778202676864,87,2.103448275862069,0.6410256410256411,817.0415759914122,0.9951042883036322,-0.025565193092204896,0
mimic4-9site,Neuro Intermediate,2,3138,3138,17085,29,5.444550669216061,87,2.103448275862069,0.6578947368421053,154.32542790176097,0.9875537870863985,-0.03604936032404728,0
mimic4-9site,Neuro Intermediate,2,3138,3138,17085,29,5.444550669216061,87,2.103448275862069,0.6578947368421053,128.12108088946064,0.9860605939480476,-0.04205976865511632,0
mimic4-9site,Neuro Intermediate,3,3138,698,11376,29,3.625239005736138,87,2.103448275862069,0.6578947368421053,111.1423079403457,0.9859243751455581,0.018005863302275854,1
mimic4-9site,Neuro Intermediate,3,3138,698,11376,29,3.625239005736138,87,2.103448275862069,0.6578947368421053,529.4909757311287,0.9946301713818042,-0.007157244226589005,0
mimic4-9site,Neuro Intermediate,3,3138,698,8997,29,2.867112810707457,87,2.103448275862069,0.6578947368421053,119.57921929754303,0.9796836075054958,-0.006471543541918465,0
mimic4-9site,Neuro Intermediate,3,3138,698,8997,29,2.867112810707457,87,2.103448275862069,0.6578947368421053,386.6408624285456,0.9920706990408097,-0.009279081375688142,0
mimic4-9site,Neuro Intermediate,1,3138,698,698,29,0.2224346717654557,87,2.103448275862069,1.0,13.360507201111282,0.9251525421192974,-0.009478063630881661,0
mimic4-9site,Neuro Intermediate,1,3138,698,698,29,0.2224346717654557,87,2.103448275862069,1.0,11.952496591586089,0.9163354708083375,0.0044513675861923285,1
mimic4-9site,Neuro Intermediate,2,3138,946,7280,29,2.319949012109624,87,2.103448275862069,0.6756756756756757,223.02425654492794,0.9909587941043767,0.008942174273507408,1
mimic4-9site,Neuro Intermediate,2,3138,946,7280,29,2.319949012109624,87,2.103448275862069,0.6944444444444444,478.4233467646547,0.9958186786168537,-0.011587100721033444,0
mimic4-9site,Neuro Intermediate,1,3138,3138,6334,29,2.0184831102613128,87,2.103448275862069,0.7352941176470589,60.04378195652439,0.9833454861200438,-0.01606755320899428,0
mimic4-9site,Neuro Intermediate,1,3138,3138,6334,29,2.0184831102613128,87,2.103448275862069,0.7352941176470589,80.5960970704464,0.9875924512929461,-0.015088832580292186,0
mimic4-9site,Neuro Stepdown,1,698,698,8420,29,12.063037249283667,22,0.5172413793103449,0.6666666666666666,36.915749315811844,0.9720689708953905,0.00932039835775239,1
mimic4-9site,Neuro Stepdown,1,698,698,8420,29,12.063037249283667,22,0.5172413793103449,0.6666666666666666,22.62876720086058,0.9539214991310422,-0.04890851936868622,0
mimic4-9site,Neuro Stepdown,2,698,698,15773,29,22.597421203438394,22,0.5172413793103449,0.5952380952380952,150.26785572040686,0.986661075302034,0.07293733546985681,1
mimic4-9site,Neuro Stepdown,2,698,698,15773,29,22.597421203438394,22,0.5172413793103449,0.5952380952380952,118.89746015381064,0.9902644652224236,-0.056145879973199905,0
mimic4-9site,Neuro Stepdown,1,698,698,5371,29,7.69484240687679,22,0.5172413793103449,0.6578947368421053,23.159382534728227,0.9568209558911829,0.042450653807071526,1
mimic4-9site,Neuro Stepdown,1,698,698,5371,29,7.69484240687679,22,0.5172413793103449,0.6578947368421053,10.811009359294706,0.9075016987992657,0.0007574459295864866,1
mimic4-9site,Neuro Stepdown,4,698,698,20004,29,28.659025787965614,22,0.5172413793103449,0.6578947368421053,331.0581121028763,0.9915010488172245,0.03618253872095001,1
mimic4-9site,Neuro Stepdown,4,698,698,20004,29,28.659025787965614,22,0.5172413793103449,0.6578947368421053,277.4203508859034,0.987922618729185,-0.01104900447672319,0
mimic4-9site,Neuro Stepdown,1,698,698,9732,29,13.94269340974212,22,0.5172413793103449,0.6578947368421053,30.175966591098636,0.9668610449650027,0.0842503894485695,1
mimic4-9site,Neuro Stepdown,1,698,698,9732,29,13.94269340974212,22,0.5172413793103449,0.6578947368421053,18.861047076908882,0.9469806741946859,0.0011898665686816828,1
mimic4-9site,Neuro Stepdown,2,698,698,17085,29,24.477077363896846,22,0.5172413793103449,0.6578947368421053,113.38784048645562,0.9835676249751436,0.08684412474328373,1
mimic4-9site,Neuro Stepdown,2,698,698,17085,29,24.477077363896846,22,0.5172413793103449,0.6578947368421053,75.70331196644867,0.9753330532828781,-0.0022215882883391685,0
mimic4-9site,Neuro Stepdown,3,698,698,17766,29,25.45272206303725,22,0.5172413793103449,0.6578947368421053,191.3641117388367,0.9889943848048396,0.11144182571814149,1
mimic4-9site,Neuro Stepdown,3,698,698,17766,29,25.45272206303725,22,0.5172413793103449,0.6410256410256411,170.04833313770462,0.9921313737438041,0.18230069236622126,1
mimic4-9site,Neuro Stepdown,2,698,698,16066,29,23.017191977077363,22,0.5172413793103449,0.6578947368421053,358.57947665750964,0.9938189430365816,0.10980102432335953,1
mimic4-9site,Neuro Stepdown,2,698,698,16066,29,23.017191977077363,22,0.5172413793103449,0.6578947368421053,263.6201381790685,0.9917772350627584,0.007204879428329328,1
mimic4-9site,Neuro Stepdown,4,698,698,19529,29,27.978510028653297,22,0.5172413793103449,0.6578947368421053,366.56447027302767,0.9913390135797688,0.09386459147516202,1
mimic4-9site,Neuro Stepdown,4,698,698,19529,29,27.978510028653297,22,0.5172413793103449,0.6410256410256411,278.32404929184236,0.9907881589896186,0.01740995094678688,1
mimic4-9site,Neuro Stepdown,2,698,698,8034,29,11.510028653295128,22,0.5172413793103449,0.7142857142857143,105.81465018687857,0.9810990255463887,0.02734919743875963,1
mimic4-9site,Neuro Stepdown,2,698,698,8034,29,11.510028653295128,22,0.5172413793103449,0.6944444444444444,77.09433938076417,0.9740577581173356,0.19044487169622937,1
mimic4-9site,Neuro Stepdown,2,698,698,7280,29,10.429799426934098,22,0.5172413793103449,0.6756756756756757,98.71934197102021,0.9742525594582059,0.10845158395009052,1
mimic4-9site,Neuro Stepdown,2,698,698,7280,29,10.429799426934098,22,0.5172413793103449,0.6944444444444444,101.77708162207502,0.9803201899029341,0.008405637731496732,1
mimic4-9site,Neuro Surgical Intensive Care Unit (Neuro SICU),4,946,946,26661,37,28.182875264270614,371,7.027027027027027,0.5952380952380952,525.3674883891749,0.9926688193681203,-0.05039109441302381,0
mimic4-9site,Neuro Surgical Intensive Care Unit (Neuro SICU),4,946,946,26661,36,28.182875264270614,371,7.222222222222222,0.5952380952380952,561.7084054284486,0.9937933864399112,-0.0698777165956313,0
mimic4-9site,Neuro Surgical Intensive Care Unit (Neuro SICU),4,946,946,26040,37,27.526427061310784,371,7.027027027027027,0.7142857142857143,335.443327149839,0.9880754819778745,-0.0597060302204534,0
mimic4-9site,Neuro Surgical Intensive Care Unit (Neuro SICU),4,946,946,26040,36,27.526427061310784,371,7.222222222222222,0.7142857142857143,351.24627946196347,0.9884780800723949,-0.07507674917979235,0
mimic4-9site,Neuro Surgical Intensive Care Unit (Neuro SICU),4,946,698,21988,37,23.243128964059196,371,7.027027027027027,0.5952380952380952,318.24295171210076,0.9884596143442291,-0.039077118153103996,0
mimic4-9site,Neuro Surgical Intensive Care Unit (Neuro SICU),4,946,698,21988,36,23.243128964059196,371,7.222222222222222,0.5952380952380952,454.3705319248376,0.9911966121943364,-0.07019358833763628,0
mimic4-9site,Neuro Surgical Intensive Care Unit (Neuro SICU),4,946,946,26186,37,27.68076109936575,371,7.027027027027027,0.5952380952380952,350.94293419590775,0.9885434775090047,-0.03747073327706585,0
mimic4-9site,Neuro Surgical Intensive Care Unit (Neuro SICU),4,946,946,26186,36,27.68076109936575,371,7.222222222222222,0.5952380952380952,506.90064321372154,0.9921020469094755,-0.05527863289005036,0
mimic4-9site,Neuro Surgical Intensive Care Unit (Neuro SICU),4,946,698,22805,37,24.10676532769556,371,7.027027027027027,0.5952380952380952,378.64671246119514,0.9907622823838949,-0.03767925178744813,0
mimic4-9site,Neuro Surgical Intensive Care Unit (Neuro SICU),4,946,698,22805,36,24.10676532769556,371,7.222222222222222,0.5952380952380952,291.3071390674279,0.991002502239484,-0.07647320724307316,0
mimic4-9site,Neuro Surgical Intensive Care Unit (Neuro SICU),2,946,946,11558,37,12.217758985200845,371,7.027027027027027,0.6190476190476191,241.09853788737468,0.9925161816995465,-0.0407297846601371,0
mimic4-9site,Neuro Surgical Intensive Care Unit (Neuro SICU),2,946,946,11558,36,12.217758985200845,371,7.222222222222222,0.6341463414634146,350.28866211906495,0.994439997120699,-0.0817454923023298,0
mimic4-9site,Neuro Surgical Intensive Care Unit (Neuro SICU),3,946,946,18241,37,19.282241014799155,371,7.027027027027027,0.6578947368421053,399.8493735565229,0.9941398795825134,-0.059043541182046244,0
mimic4-9site,Neuro Surgical Intensive Care Unit (Neuro SICU),3,946,946,18241,36,19.282241014799155,371,7.222222222222222,0.6578947368421053,551.4763999050797,0.9950586435879489,-0.05962775291493405,0
mimic4-9site,Neuro Surgical Intensive Care Unit (Neuro SICU),3,946,698,13422,37,14.18816067653277,371,7.027027027027027,0.6578947368421053,212.57832796033955,0.9876636796628784,-0.06646537934483637,0
mimic4-9site,Neuro Surgical Intensive Care Unit (Neuro SICU),3,946,698,13422,36,14.18816067653277,371,7.222222222222222,0.6578947368421053,182.5128520114863,0.9835578700850811,-0.08023365384230846,0
mimic4-9site,Neuro Surgical Intensive Care Unit (Neuro SICU),3,946,698,11189,37,11.8276955602537,371,7.027027027027027,0.6578947368421053,119.57921929754305,0.9796836075054958,-0.08289062917290813,0
mimic4-9site,Neuro Surgical Intensive Care Unit (Neuro SICU),3,946,698,11189,36,11.8276955602537,371,7.222222222222222,0.6578947368421053,386.6408624285456,0.9920706990408097,-0.09713405316632112,0
mimic4-9site,Neuro Surgical Intensive Care Unit (Neuro SICU),2,946,946,8034,37,8.49260042283298,371,7.027027027027027,0.6578947368421053,145.54065671122805,0.9877453961485798,-0.02793548844979421,0
mimic4-9site,Neuro Surgical Intensive Care Unit (Neuro SICU),2,946,946,8034,36,8.49260042283298,371,7.222222222222222,0.6578947368421053,293.39764381731766,0.9948790493501001,-0.01590631975197515,0
mimic4-9site,Neuro Surgical Intensive Care Unit (Neuro SICU),3,946,698,11928,37,12.608879492600423,371,7.027027027027027,0.6578947368421053,204.00946195264686,0.9864630309807352,0.005273184955640553,1
mimic4-9site,Neuro Surgical Intensive Care Unit (Neuro SICU),3,946,698,11928,36,12.608879492600423,371,7.222222222222222,0.6578947368421053,173.88986515808074,0.9814489286474283,0.02255416422334061,1
mimic4-9site,Surgical Intensive Care Unit (SICU),4,6334,3138,21825,30,3.4456899273760655,999,23.3,0.5952380952380952,904.5631296600782,0.9955312976287172,0.007068037404107885,1
mimic4-9site,Surgical Intensive Care Unit (SICU),4,6334,3138,21825,30,3.4456899273760655,999,23.3,0.5952380952380952,861.5915650118659,0.9959356770635125,-0.031561397884522335,0
mimic4-9site,Surgical Intensive Care Unit (SICU),4,6334,3138,20758,30,3.2772339753710136,999,23.3,0.6578947368421053,882.4718994413422,0.9954563878748564,-0.010685226894115163,0
mimic4-9site,Surgical Intensive Care Unit (SICU),4,6334,3138,20758,30,3.2772339753710136,999,23.3,0.6410256410256411,631.8971076202887,0.9936031184589139,-0.0272794442890259,0
mimic4-9site,Surgical Intensive Care Unit (SICU),2,6334,698,6069,30,0.9581622987053995,999,23.3,0.6578947368421053,204.58700848868534,0.9937136668618058,-0.019045040010551573,0
mimic4-9site,Surgical Intensive Care Unit (SICU),2,6334,698,6069,30,0.9581622987053995,999,23.3,0.6578947368421053,278.70936397277376,0.9941879513823779,-0.07827861845299017,0
mimic4-9site,Surgical Intensive Care Unit (SICU),4,6334,946,21169,30,3.342121881907168,999,23.3,0.6578947368421053,797.6799861761493,0.9951178715208044,-0.051211893027005795,0
mimic4-9site,Surgical Intensive Care Unit (SICU),4,6334,946,21169,30,3.342121881907168,999,23.3,0.6578947368421053,807.5613628808894,0.9950434391778272,-0.04137976875899024,0
mimic4-9site,Surgical Intensive Care Unit (SICU),2,6334,3138,12870,30,2.031891379854752,999,23.3,0.6578947368421053,538.0113845439496,0.9962798377837843,-0.03631018552130416,0
mimic4-9site,Surgical Intensive Care Unit (SICU),2,6334,3138,12870,30,2.031891379854752,999,23.3,0.6578947368421053,499.991287476698,0.9959027428513194,-0.029755942803277036,0
mimic4-9site,Surgical Intensive Care Unit (SICU),1,6334,6334,7353,30,1.1608778023365962,999,23.3,0.8823529411764706,296.70036314523463,0.9965373622096148,0.023646241321805817,1
mimic4-9site,Surgical Intensive Care Unit (SICU),1,6334,6334,7353,30,1.1608778023365962,999,23.3,0.8823529411764706,254.04264207475478,0.9954686760834097,-0.003872969019067085,0
mimic4-9site,Surgical Intensive Care Unit (SICU),3,6334,946,11437,30,1.8056520366277233,999,23.3,0.6578947368421053,584.1382370881034,0.9948642293732476,-0.036914488143181545,0
mimic4-9site,Surgical Intensive Care Unit (SICU),3,6334,946,11437,30,1.8056520366277233,999,23.3,0.6578947368421053,661.2096799683849,0.9954446591712913,-0.03399836081642277,0
mimic4-9site,Surgical Intensive Care Unit (SICU),3,6334,946,13195,30,2.0832017682349226,999,23.3,0.7894736842105263,439.9840211218342,0.9931596723965062,-0.02583362657437982,0
mimic4-9site,Surgical Intensive Care Unit (SICU),3,6334,946,13195,30,2.0832017682349226,999,23.3,0.7692307692307693,442.74053469247445,0.9932240222773282,-0.03785304963121755,0
mimic4-9site,Surgical Intensive Care Unit (SICU),1,6334,3138,3138,30,0.49542153457530785,999,23.3,0.7352941176470589,60.04378195652439,0.9833454861200438,-0.05161617344030647,0
mimic4-9site,Surgical Intensive Care Unit (SICU),1,6334,3138,3138,30,0.49542153457530785,999,23.3,0.7352941176470589,80.5960970704464,0.9875924512929461,-0.041439648995935,0
mimic4-9site,Surgical Intensive Care Unit (SICU),1,6334,698,698,30,0.11019892642879697,999,23.3,0.7352941176470589,35.485661580497066,0.9718196038777082,-0.0367223240384959,0
mimic4-9site,Surgical Intensive Care Unit (SICU),1,6334,698,698,30,0.11019892642879697,999,23.3,0.7352941176470589,12.76760304911524,0.9216767629637971,-0.08082039751467329,0
mimic4-9site,Surgical Intensive Care Unit (SICU),1,6334,946,946,30,0.14935269971581938,999,23.3,0.8108108108108109,39.12434138543935,0.971454336880776,-0.04930193979962544,0
mimic4-9site,Surgical Intensive Care Unit (SICU),1,6334,946,946,30,0.14935269971581938,999,23.3,0.8333333333333334,137.65503694526407,0.9916703603283001,-0.08732361431515345,0
mimic4-9site,Trauma SICU (TSICU),4,4896,4896,30876,31,6.306372549019608,722,16.29032258064516,0.7948717948717948,430.65146826664466,0.9905914355679705,-0.052837164699627404,0
mimic4-9site,Trauma SICU (TSICU),4,4896,4896,30876,32,6.306372549019608,722,15.78125,0.7948717948717948,475.391407596214,0.9915858807372524,0.01498762458650077,1
mimic4-9site,Trauma SICU (TSICU),4,4896,946,22236,31,4.541666666666667,722,16.29032258064516,0.5952380952380952,350.9429341959078,0.9885434775090047,-0.05175288898370184,0
mimic4-9site,Trauma SICU (TSICU),4,4896,946,22236,32,4.541666666666667,722,15.78125,0.5952380952380952,506.90064321372154,0.9921020469094755,-0.0067640556534907526,0
mimic4-9site,Trauma SICU (TSICU),3,4896,946,9455,31,1.9311683006535947,722,16.29032258064516,0.6578947368421053,185.60194162119052,0.9856074157991028,-0.0387840367091975,0
mimic4-9site,Trauma SICU (TSICU),3,4896,946,9455,32,1.9311683006535947,722,15.78125,0.6410256410256411,504.3976411901418,0.9940523115989968,-0.020910425845487468,0
mimic4-9site,Trauma SICU (TSICU),3,4896,3138,14843,31,3.0316584967320264,722,16.29032258064516,0.6578947368421053,437.7360191502276,0.9931465543872221,-0.05572250964180697,0
mimic4-9site,Trauma SICU (TSICU),3,4896,3138,14843,32,3.0316584967320264,722,15.78125,0.6410256410256411,689.8834838362404,0.995651439597716,-0.02610105401966495,0
mimic4-9site,Trauma SICU (TSICU),4,4896,946,24365,31,4.9765114379084965,722,16.29032258064516,0.7894736842105263,679.2723686434381,0.9941111071730264,-0.049453578304193224,0
mimic4-9site,Trauma SICU (TSICU),4,4896,946,24365,32,4.9765114379084965,722,15.78125,0.7692307692307693,712.5687136763546,0.9940735871066466,0.007732475593412391,1
mimic4-9site,Trauma SICU (TSICU),2,4896,698,10430,31,2.13031045751634,722,16.29032258064516,0.6578947368421053,135.8190638183008,0.9852745266844454,-0.10118573330899833,0
mimic4-9site,Trauma SICU (TSICU),2,4896,698,10430,32,2.13031045751634,722,15.78125,0.6410256410256411,138.17220480598405,0.9876568848986266,-0.08471981836285991,0
mimic4-9site,Trauma SICU (TSICU),3,4896,698,11376,31,2.323529411764706,722,16.29032258064516,0.6578947368421053,168.9262306799995,0.9860098541051858,-0.05484274754085949,0
mimic4-9site,Trauma SICU (TSICU),3,4896,698,11376,32,2.323529411764706,722,15.78125,0.6410256410256411,153.9894995112096,0.9870121014332253,-0.018936204157237624,0
mimic4-9site,Trauma SICU (TSICU),1,4896,4896,7353,31,1.5018382352941178,722,16.29032258064516,0.9117647058823529,156.80603563307756,0.9936226944583946,-0.0033952469319907252,0
mimic4-9site,Trauma SICU (TSICU),1,4896,4896,7353,32,1.5018382352941178,722,15.78125,0.8857142857142857,172.12881757451814,0.9941903975517227,0.005925779719645863,1
mimic4-9site,Trauma SICU (TSICU),2,4896,3138,10491,31,2.142769607843137,722,16.29032258064516,0.6578947368421053,300.4389835793064,0.99334307427028,-0.07321879024119143,0
mimic4-9site,Trauma SICU (TSICU),2,4896,3138,10491,32,2.142769607843137,722,15.78125,0.6410256410256411,378.4824049736212,0.9958452305440803,-0.06118828980903118,0
mimic4-9site,Trauma SICU (TSICU),1,4896,4896,6334,31,1.2937091503267975,722,16.29032258064516,0.967741935483871,107.39503775404475,0.9906758115367661,0.00977641421515224,1
mimic4-9site,Trauma SICU (TSICU),1,4896,4896,6334,32,1.2937091503267975,722,15.78125,0.9375,80.57197344822474,0.9875806685973543,0.015537248264175185,1
eicu,63,3,392,261,935,27,2.385204081632653,43,1.1111111111111112,0.5806451612903226,28.293652144625067,0.9134318730321759,-0.062488020261113636,0
eicu,63,3,392,261,935,27,2.385204081632653,43,1.1111111111111112,0.5806451612903226,20.255271218280576,0.8530101017725527,0.11570012429339369,1
eicu,63,4,392,261,2402,27,6.127551020408164,43,1.1111111111111112,0.48717948717948717,193.08068914182414,0.9844624544622564,0.05376777104671285,1
eicu,63,4,392,261,2402,27,6.127551020408164,43,1.1111111111111112,0.48717948717948717,95.6147851635699,0.9729002910862461,0.13547481042901915,1
eicu,63,1,392,348,348,27,0.8877551020408163,43,1.1111111111111112,0.6470588235294118,10.18136983528478,0.8975425607369871,-0.006926947573810016,0
eicu,63,1,392,348,348,27,0.8877551020408163,43,1.1111111111111112,0.6875,15.512711898986494,0.9294294495899162,0.07915397380238437,1
eicu,63,3,392,392,2412,27,6.153061224489796,43,1.1111111111111112,0.6451612903225806,61.18046550316346,0.9483194452275554,-0.021622234703275373,0
eicu,63,3,392,392,2412,27,6.153061224489796,43,1.1111111111111112,0.7142857142857143,77.06909898472372,0.9659993579597539,0.10338674658570618,1
eicu,63,4,392,284,1607,27,4.099489795918367,43,1.1111111111111112,0.43902439024390244,45.78573248850896,0.9711862395368417,-0.03282030838876279,0
eicu,63,4,392,284,1607,27,4.099489795918367,43,1.1111111111111112,0.45,66.84598574959347,0.9627549122277747,0.29021003046632105,1
eicu,63,1,392,392,1316,27,3.357142857142857,43,1.1111111111111112,0.8387096774193549,20.014724900470164,0.9487748006791168,-0.06879389432566746,0
eicu,63,1,392,392,1316,27,3.357142857142857,43,1.1111111111111112,0.8387096774193549,21.171962328932246,0.9519576034962781,0.024261120140914638,1
eicu,63,2,392,392,2191,27,5.589285714285714,43,1.1111111111111112,0.5806451612903226,31.95362200701886,0.928782669035277,-0.05106701700754901,0
eicu,63,2,392,392,2191,27,5.589285714285714,43,1.1111111111111112,0.5806451612903226,23.057858009102755,0.9282926202090946,0.08271345362218682,1
eicu,63,3,392,284,2050,27,5.229591836734694,43,1.1111111111111112,0.5625,99.96977545811556,0.9773762932460697,0.029035706315578252,1
eicu,63,3,392,284,2050,27,5.229591836734694,43,1.1111111111111112,0.5625,71.85036875990653,0.9602843683843187,0.20670149343934846,1
eicu,63,3,392,392,1763,27,4.497448979591836,43,1.1111111111111112,0.7096774193548387,50.210889767118694,0.9582618607161463,-0.0585074656360301,0
eicu,63,3,392,392,1763,27,4.497448979591836,43,1.1111111111111112,0.6875,67.98580164345168,0.9558731392808552,0.09385849665332557,1
eicu,63,1,392,224,224,27,0.5714285714285714,43,1.1111111111111112,0.8571428571428571,13.061862882759515,0.9218953977613839,-0.005505293123367061,0
eicu,63,1,392,224,224,27,0.5714285714285714,43,1.1111111111111112,0.8571428571428571,16.542532536782918,0.9395180401196104,0.012464776325130572,1
eicu,63,2,392,365,2131,27,5.436224489795919,43,1.1111111111111112,0.7096774193548387,48.584130547034064,0.9603965891848721,-0.05426386723757223,0
eicu,63,2,392,365,2131,27,5.436224489795919,43,1.1111111111111112,0.7096774193548387,39.27803514346962,0.9490809559924608,0.08431415677421658,1
eicu,63,1,392,392,917,27,2.3392857142857144,43,1.1111111111111112,0.8125,13.010104096551839,0.9228175474566922,-0.07012888763036215,0
eicu,63,1,392,392,917,27,2.3392857142857144,43,1.1111111111111112,0.8125,13.296452216928447,0.9236538759402352,0.00039513566670426603,1
eicu,66,3,357,212,1759,27,4.927170868347339,21,0.5555555555555556,0.59375,19.246847595252248,0.8712708988284006,0.07039359185028157,1
eicu,66,3,357,212,1759,27,4.927170868347339,21,0.5555555555555556,0.8275862068965517,67.26120697864025,0.9493827981854874,0.007365412291156934,1
eicu,66,4,357,222,1628,27,4.560224089635854,21,0.5555555555555556,0.36363636363636365,103.23350897705791,0.9652271073760328,0.1599792682713003,1
eicu,66,4,357,222,1628,27,4.560224089635854,21,0.5555555555555556,0.36363636363636365,71.40345070664904,0.9632366256729177,0.008737003874418989,1
eicu,66,3,357,357,2647,27,7.4145658263305325,21,0.5555555555555556,0.625,91.54826536957717,0.9672304004025734,0.08664547745532838,1
eicu,66,3,357,357,2647,27,7.4145658263305325,21,0.5555555555555556,0.625,27.281981896641504,0.9024575245552295,0.03175273850695247,1
eicu,66,2,357,357,1562,27,4.375350140056023,21,0.5555555555555556,0.5238095238095238,39.88678327932746,0.9629915322482172,0.024527030386426285,1
eicu,66,2,357,357,1562,27,4.375350140056023,21,0.5555555555555556,0.55,23.711061991859076,0.927800105277152,0.012842757358362766,1
eicu,66,4,357,312,3014,27,8.442577030812325,21,0.5555555555555556,0.47058823529411764,90.3806285737978,0.9742418788054057,0.23557024891845188,1
eicu,66,4,357,312,3014,27,8.442577030812325,21,0.5555555555555556,0.47058823529411764,39.4634912343488,0.9496323116882985,0.007729088390451833,1
eicu,66,2,357,357,977,27,2.7366946778711485,21,0.5555555555555556,0.6666666666666666,28.024759263654968,0.9414786228566661,0.07680782324193178,1
eicu,66,2,357,357,977,27,2.7366946778711485,21,0.5555555555555556,0.6666666666666666,34.709145412020575,0.9423769320452611,0.025480037498751607,1
eicu,66,3,357,284,3022,27,8.46498599439776,21,0.5555555555555556,0.42424242424242425,26.24123131177389,0.9359224839082396,0.07736529795677691,1
eicu,66,3,357,284,3022,27,8.46498599439776,21,0.5555555555555556,0.45454545454545453,32.47985585469614,0.9312467443651724,0.009449290137588273,1
eicu,66,3,357,262,1096,27,3.070028011204482,21,0.5555555555555556,0.5454545454545454,51.05973640556114,0.9594746063370121,0.06498238088982866,1
eicu,66,3,357,262,1096,27,3.070028011204482,21,0.5555555555555556,0.5454545454545454,44.33359104570194,0.945223499970574,0.00923408538323428,1
eicu,66,4,357,224,1655,27,4.635854341736695,21,0.5555555555555556,0.6071428571428571,47.899790877831435,0.9249904401838763,0.024040349123882948,1
eicu,66,4,357,224,1655,27,4.635854341736695,21,0.5555555555555556,0.6071428571428571,53.20439698738565,0.9485133945520161,-0.0059612062024817225,0
eicu,66,4,357,291,1877,27,5.257703081232493,21,0.5555555555555556,0.53125,88.85199090756338,0.954936793897895,-0.04864462947242569,0
eicu,66,4,357,291,1877,27,5.257703081232493,21,0.5555555555555556,0.5666666666666667,76.02191203248101,0.9451155625024366,0.02498482847868458,1
eicu,66,2,357,357,2156,27,6.03921568627451,21,0.5555555555555556,0.7241379310344828,106.67997811320657,0.9812520616356262,0.03632729420719824,1
eicu,66,2,357,357,2156,27,6.03921568627451,21,0.5555555555555556,0.75,43.5078556339152,0.953785123425898,0.006382050919865767,1
eicu,66,1,357,357,534,27,1.495798319327731,21,0.5555555555555556,0.8571428571428571,26.603977174140848,0.962369059005632,0.10373403499014999,1
eicu,66,1,357,357,534,27,1.495798319327731,21,0.5555555555555556,0.8275862068965517,7.339614376910859,0.861639963128576,0.011211037547584513,1
eicu,71,3,340,340,3003,27,8.83235294117647,18,0.48148148148148145,0.6551724137931034,65.37818344434804,0.9672305110903072,0.07578189116071202,1
eicu,71,3,340,340,3003,27,8.83235294117647,18,0.48148148148148145,0.6551724137931034,52.49257252690606,0.9618993715925265,0.00695265566746589,1
eicu,71,4,340,212,1615,27,4.75,18,0.48148148148148145,0.59375,58.74604989233806,0.931910315547502,0.15495664985782218,1
eicu,71,4,340,212,1615,27,4.75,18,0.48148148148148145,0.5757575757575758,50.29034486106838,0.9204618697475557,-0.09350799479318456,0
eicu,71,4,340,297,3986,27,11.723529411764705,18,0.48148148148148145,0.5238095238095238,124.8026037476685,0.9732777766623771,0.15550984228085438,1
eicu,71,4,340,297,3986,27,11.723529411764705,18,0.48148148148148145,0.5238095238095238,145.54565603555417,0.9725930129236018,-0.17036856660811744,0
eicu,71,2,340,340,2207,27,6.491176470588235,18,0.48148148148148145,0.6363636363636364,86.52367917296172,0.9768849404103358,0.10314215780960168,1
eicu,71,2,340,340,2207,27,6.491176470588235,18,0.48148148148148145,0.6363636363636364,45.081256314233514,0.9556356640538312,-0.2514840765500882,0
eicu,71,3,340,340,2765,27,8.132352941176471,18,0.48148148148148145,0.5294117647058824,109.1491174666811,0.9769701400960903,0.2640756060190319,1
eicu,71,3,340,340,2765,27,8.132352941176471,18,0.48148148148148145,0.5294117647058824,95.9225601235758,0.9732596698618419,-0.23766243140480658,0
eicu,71,4,340,233,4445,27,13.073529411764707,18,0.48148148148148145,0.46875,106.22177359417569,0.9717572028926799,0.09610666383930777,1
eicu,71,4,340,233,4445,27,13.073529411764707,18,0.48148148148148145,0.46875,131.74936714556705,0.9772294921410487,-0.15081873960392933,0
eicu,71,4,340,340,5425,27,15.955882352941176,18,0.48148148148148145,0.425,85.84874332415629,0.9797692866067795,0.14611952454182367,1
eicu,71,4,340,340,5425,27,15.955882352941176,18,0.48148148148148145,0.425,89.8093822979423,0.9766586567076669,-0.2465476773328671,0
eicu,71,1,340,340,1756,27,5.1647058823529415,18,0.48148148148148145,0.6666666666666666,24.84779772773652,0.9575625644904808,0.1891974246191114,1
eicu,71,1,340,340,1756,27,5.1647058823529415,18,0.48148148148148145,0.6666666666666666,23.111239150179184,0.9554554373580868,0.02884910418405401,1
eicu,71,1,340,340,555,27,1.6323529411764706,18,0.48148148148148145,0.6666666666666666,14.687969747118132,0.927978141759978,0.07406512527170905,1
eicu,71,1,340,340,555,27,1.6323529411764706,18,0.48148148148148145,0.6666666666666666,26.696710202557114,0.9609296991304316,-0.07037200165719137,0
eicu,71,3,340,214,1254,27,3.6882352941176473,18,0.48148148148148145,0.5714285714285714,79.87947343522313,0.9655075804632127,0.027227370540659407,1
eicu,71,3,340,214,1254,27,3.6882352941176473,18,0.48148148148148145,0.5882352941176471,53.31633136463796,0.9437310972867222,-0.2850146887949862,0
eicu,71,2,340,214,938,27,2.7588235294117647,18,0.48148148148148145,0.65625,42.04337128252196,0.9537509775573926,0.07008361007675826,1
eicu,71,2,340,214,938,27,2.7588235294117647,18,0.48148148148148145,0.65625,31.757972152221786,0.9437291622079287,-0.08846127586580543,0
eicu,71,1,340,340,1766,27,5.194117647058824,18,0.48148148148148145,0.7857142857142857,15.315763346112366,0.9347075041499889,0.11868994819859147,1
eicu,71,1,340,340,1766,27,5.194117647058824,18,0.48148148148148145,0.7857142857142857,12.342141049504688,0.918973307240683,-0.1715438478290376,0
eicu,73,3,3039,284,1348,26,0.44356696281671604,293,7.884615384615385,0.65625,104.37006724119871,0.9712561265955016,0.037785177428226124,1
eicu,73,3,3039,284,1348,26,0.44356696281671604,293,7.884615384615385,0.65625,71.9786242161213,0.9583209594143912,-0.04116245584046946,0
eicu,73,3,3039,365,1546,26,0.5087199736755512,293,7.884615384615385,0.6666666666666666,57.628199567931745,0.9592556414702578,0.06299203177787316,1
eicu,73,3,3039,365,1546,26,0.5087199736755512,293,7.884615384615385,0.6666666666666666,88.92436807777156,0.9746431037695834,0.02271062239333249,1
eicu,73,4,3039,1051,7351,26,2.418887792036854,293,7.884615384615385,0.5588235294117647,350.11289272106785,0.9914264198760183,0.06518791172691407,1
eicu,73,4,3039,1051,7351,26,2.418887792036854,293,7.884615384615385,0.5,423.2962853422073,0.99212616163181,0.08760520548898632,1
eicu,73,4,3039,262,1730,26,0.5692662059888121,293,7.884615384615385,0.42105263157894735,127.99448650478126,0.9821668279408318,-0.011024847635701523,0
eicu,73,4,3039,262,1730,26,0.5692662059888121,293,7.884615384615385,0.42105263157894735,101.3750875381571,0.9781232168642426,-0.018162697620614343,0
eicu,73,3,3039,417,2484,26,0.8173741362290227,293,7.884615384615385,0.4411764705882353,148.39585312974842,0.9896376710217564,0.016779821048409194,1
eicu,73,3,3039,417,2484,26,0.8173741362290227,293,7.884615384615385,0.4411764705882353,47.53221523867491,0.9614315696456995,0.03690892970699239,1
eicu,73,2,3039,417,1334,26,0.4389601842711418,293,7.884615384615385,0.7352941176470589,66.79022866495501,0.9665619104827264,-0.007135126218697635,0
eicu,73,2,3039,417,1334,26,0.4389601842711418,293,7.884615384615385,0.7352941176470589,11.833476984855302,0.830540576951114,-0.005070157916514884,0
eicu,73,2,3039,417,1327,26,0.43665679499835475,293,7.884615384615385,0.625,96.19181995637548,0.9861735978936698,-0.020244347245980177,0
eicu,73,2,3039,417,1327,26,0.43665679499835475,293,7.884615384615385,0.625,21.14567402214859,0.9065284612322926,-0.01560277414174921,0
eicu,73,4,3039,295,3657,26,1.2033563672260612,293,7.884615384615385,0.6,194.74711453107733,0.9875501139408913,-0.007339880862763215,0
eicu,73,4,3039,295,3657,26,1.2033563672260612,293,7.884615384615385,0.6,163.64664795802878,0.9758475611051847,0.0025114221762282396,1
eicu,73,1,3039,329,329,26,0.10825929582099375,293,7.884615384615385,0.8333333333333334,4.4428271186260115,0.7749180930746502,0.013508004365567483,1
eicu,73,1,3039,329,329,26,0.10825929582099375,293,7.884615384615385,0.8333333333333334,10.427450670847245,0.904099282598788,-0.07548993662076378,0
eicu,73,1,3039,332,332,26,0.10924646265218822,293,7.884615384615385,0.896551724137931,20.876177872573198,0.9519755132537863,-0.016246649009172692,0
eicu,73,1,3039,332,332,26,0.10924646265218822,293,7.884615384615385,0.8666666666666667,21.831063857309033,0.9541788475981405,-0.03475703803237906,0
eicu,73,1,3039,291,291,26,0.09575518262586377,293,7.884615384615385,0.9629629629629629,22.775735652713983,0.9554782518501255,-0.00852828767754274,0
eicu,73,1,3039,291,291,26,0.09575518262586377,293,7.884615384615385,0.9629629629629629,26.405346805769064,0.961598217520915,0.015668621706856012,1
eicu,73,1,3039,617,617,26,0.20302731161566304,293,7.884615384615385,0.6363636363636364,41.55939878755859,0.9759380542266323,-0.0031102144728172854,0
eicu,73,1,3039,617,617,26,0.20302731161566304,293,7.884615384615385,0.6363636363636364,13.354539234457935,0.9251190937820034,-0.04346103354240344,0
eicu,79,1,576,392,392,38,0.6805555555555556,84,1.5526315789473684,0.6666666666666666,22.724401014933342,0.9557771743364287,-0.014347678389214108,0
eicu,79,1,576,392,392,38,0.6805555555555556,84,1.5526315789473684,0.6666666666666666,14.118018012942276,0.9274880539279382,0.0008002522121590416,1
eicu,79,4,576,212,1800,38,3.125,84,1.5526315789473684,0.5,67.32687799944173,0.9623918787976775,0.0018569822080852783,1
eicu,79,4,576,212,1800,38,3.125,84,1.5526315789473684,0.5,117.82513703841094,0.9736244536702774,0.11836329620562921,1
eicu,79,1,576,348,348,38,0.6041666666666666,84,1.5526315789473684,0.675,28.33660390357199,0.9647099559494515,0.01693581705396141,1
eicu,79,1,576,348,348,38,0.6041666666666666,84,1.5526315789473684,0.625,9.753160053294076,0.8974691285146853,0.028805133777965786,1
eicu,79,4,576,437,2907,38,5.046875,84,1.5526315789473684,0.5714285714285714,75.5812040858398,0.9608583426116142,0.012610306062457943,1
eicu,79,4,576,437,2907,38,5.046875,84,1.5526315789473684,0.5238095238095238,144.94346164528446,0.9771466152856618,0.07212408698549475,1
eicu,79,4,576,317,3003,38,5.213541666666667,84,1.5526315789473684,0.4634146341463415,111.95005748314898,0.9765886047760409,-0.017241484220872738,0
eicu,79,4,576,317,3003,38,5.213541666666667,84,1.5526315789473684,0.475,118.21610506275698,0.9742426799665704,0.08314042647308709,1
eicu,79,2,576,341,1202,38,2.0868055555555554,84,1.5526315789473684,0.5,41.89578029169408,0.9688903725830682,-0.006993719005911281,0
eicu,79,2,576,341,1202,38,2.0868055555555554,84,1.5526315789473684,0.5238095238095238,41.27133539506322,0.9730375908046405,0.05029633365005662,1
eicu,79,3,576,505,2883,38,5.005208333333333,84,1.5526315789473684,0.4634146341463415,93.14594747014372,0.973716405946375,0.0028016202003072754,1
eicu,79,3,576,505,2883,38,5.005208333333333,84,1.5526315789473684,0.4634146341463415,148.9133971811514,0.9844776084646842,0.08999913585586364,1
eicu,79,3,576,365,2711,38,4.706597222222222,84,1.5526315789473684,0.45,68.07288656823262,0.9628520732753858,-0.021531381221365775,0
eicu,79,3,576,365,2711,38,4.706597222222222,84,1.5526315789473684,0.46153846153846156,113.0765573236477,0.9752590664046061,0.10255258051025021,1
eicu,79,1,576,332,332,38,0.5763888888888888,84,1.5526315789473684,0.717948717948718,17.45869786251742,0.9423667579125441,-0.002556181567060778,0
eicu,79,1,576,332,332,38,0.5763888888888888,84,1.5526315789473684,0.7435897435897436,22.053359764351107,0.9546554352404624,-0.045640838026432096,0
eicu,79,1,576,383,383,38,0.6649305555555556,84,1.5526315789473684,0.6410256410256411,8.46775539177359,0.88190494957241,-0.00601154057306022,0
eicu,79,1,576,383,383,38,0.6649305555555556,84,1.5526315789473684,0.6410256410256411,13.213068773803617,0.9243173544981003,0.03125952935813206,1
eicu,79,2,576,310,1227,38,2.1302083333333335,84,1.5526315789473684,0.717948717948718,19.546787712717844,0.8976143581535571,0.008241738974358093,1
eicu,79,2,576,310,1227,38,2.1302083333333335,84,1.5526315789473684,0.717948717948718,41.92331495291052,0.9522938488464842,0.04349347424355407,1
eicu,79,1,576,485,485,38,0.8420138888888888,84,1.5526315789473684,0.6666666666666666,24.54167767178449,0.9589933914345719,0.03253270678337114,1
eicu,79,1,576,485,485,38,0.8420138888888888,84,1.5526315789473684,0.7948717948717948,19.117203285590264,0.9476910934585417,0.05813065944811038,1
eicu,92,2,212,212,1160,21,5.471698113207547,22,0.7142857142857143,0.35294117647058826,37.40831957812639,0.955108185008284,0.01561234924279778,1
eicu,92,2,212,212,1160,26,5.471698113207547,22,0.5769230769230769,0.3333333333333333,18.876606398506276,0.9390369068481452,-0.08323462588560818,0
eicu,92,1,212,212,222,21,1.0471698113207548,22,0.7142857142857143,0.8,13.600276640792483,0.9264637696899091,-0.020208036042190874,0
eicu,92,1,212,212,222,26,1.0471698113207548,22,0.5769230769230769,0.6666666666666666,16.727298791463173,0.9400918447363604,-0.09695330108690303,0
eicu,92,1,212,212,1365,21,6.438679245283019,22,0.7142857142857143,0.6,23.56635579520677,0.9575666255449053,0.01773730869897111,1
eicu,92,1,212,212,1365,26,6.438679245283019,22,0.5769230769230769,0.525,19.560125975220775,0.9488755848880103,-0.10833047338149379,0
eicu,92,4,212,212,2139,21,10.089622641509434,22,0.7142857142857143,0.59375,148.50903058634623,0.9718998620560433,-0.022665746084749944,0
eicu,92,4,212,212,2139,26,10.089622641509434,22,0.5769230769230769,0.59375,143.31860427892187,0.9785566319813154,-0.0676981957057145,0
eicu,92,2,212,212,1423,21,6.712264150943396,22,0.7142857142857143,0.5277777777777778,43.99040212792237,0.9545355372250501,-0.02402785662929109,0
eicu,92,2,212,212,1423,26,6.712264150943396,22,0.5769230769230769,0.5,54.39574840499107,0.9657320598049803,-0.13088569808169043,0
eicu,92,1,212,212,312,21,1.471698113207547,22,0.7142857142857143,0.6129032258064516,32.79683017025465,0.9695092484606346,0.0207882407112073,1
eicu,92,1,212,212,312,26,1.471698113207547,22,0.5769230769230769,0.7741935483870968,24.666298070996284,0.9591142736788225,-0.05109591140156686,0
eicu,92,2,212,212,942,21,4.443396226415095,22,0.7142857142857143,0.5,68.75854393905556,0.9725950848574886,0.01439468602572716,1
eicu,92,2,212,212,942,26,4.443396226415095,22,0.5769230769230769,0.5,35.796143827880904,0.9553620101559013,-0.04089517784785368,0
eicu,92,3,212,212,2284,21,10.773584905660377,22,0.7142857142857143,0.42424242424242425,90.67725434272953,0.9708741567379076,0.006260139407583437,1
eicu,92,3,212,212,2284,26,10.773584905660377,22,0.5769230769230769,0.42424242424242425,55.10807274298101,0.9595976613137882,-0.047129255240042855,0
eicu,92,1,212,212,617,21,2.910377358490566,22,0.7142857142857143,0.76,9.998450121175818,0.8999844988092615,-0.029482724989637416,0
eicu,92,1,212,212,617,26,2.910377358490566,22,0.5769230769230769,0.6333333333333333,9.536706602523875,0.8951419980000903,-0.0750635699233532,0
eicu,92,2,212,212,895,21,4.221698113207547,22,0.7142857142857143,0.6451612903225806,54.65364027245208,0.9634059142258437,-0.0317024358678715,0
eicu,92,2,212,212,895,26,4.221698113207547,22,0.5769230769230769,0.6451612903225806,71.3226979620485,0.9718966452591835,0.015774066438579815,1
eicu,92,4,212,212,3134,21,14.783018867924529,22,0.7142857142857143,0.5,100.33444697758684,0.9707093071706956,0.05885540061352576,1
eicu,92,4,212,212,3134,26,14.783018867924529,22,0.5769230769230769,0.5,131.46827988797267,0.969574409862147,-0.051152615383044386,0
eicu,92,2,212,212,1418,21,6.688679245283019,22,0.7142857142857143,0.5277777777777778,34.4463386377196,0.9419386768203588,-0.0067976522862810695,0
eicu,92,2,212,212,1418,26,6.688679245283019,22,0.5769230769230769,0.6388888888888888,35.62870837051051,0.9437440053589082,0.012404216369486742,1
eicu,110,2,865,247,639,13,0.738728323699422,96,5.153846153846154,0.35294117647058826,36.30326946692727,0.9723826718624717,0.00020989955922129377,1
eicu,110,2,865,247,639,13,0.738728323699422,96,5.153846153846154,0.41379310344827586,37.69322599846623,0.97347003411062,0.021113694845573683,1
eicu,110,4,865,335,3111,13,3.5965317919075144,96,5.153846153846154,0.2926829268292683,106.6341656511135,0.9706631074799794,0.03138810443451562,1
eicu,110,4,865,335,3111,13,3.5965317919075144,96,5.153846153846154,0.3076923076923077,74.6546886548447,0.9761197050428696,0.04755793618202936,1
eicu,110,4,865,329,2891,13,3.3421965317919073,96,5.153846153846154,0.3142857142857143,176.14232010409543,0.9845644130565419,0.047989451154884205,1
eicu,110,4,865,329,2891,13,3.3421965317919073,96,5.153846153846154,0.3142857142857143,129.0115931500704,0.9760390682131523,-0.037316982712451485,0
eicu,110,4,865,569,3371,13,3.8971098265895954,96,5.153846153846154,0.3793103448275862,104.54077904438512,0.9783121983346966,0.058222523161199524,1
eicu,110,4,865,569,3371,13,3.8971098265895954,96,5.153846153846154,0.39285714285714285,70.2577639302711,0.9690729509351442,0.09186574270438647,1
eicu,110,4,865,284,2557,13,2.95606936416185,96,5.153846153846154,0.28205128205128205,128.75556819191158,0.976337771195436,0.015398812943806295,1
eicu,110,4,865,284,2557,13,2.95606936416185,96,5.153846153846154,0.28205128205128205,256.25217470933967,0.9866345853060768,0.05925790315744528,1
eicu,110,4,865,261,1967,13,2.2739884393063585,96,5.153846153846154,0.3333333333333333,106.11160468293879,0.9819007309974027,0.05593222234883102,1
eicu,110,4,865,261,1967,13,2.2739884393063585,96,5.153846153846154,0.3157894736842105,113.1089056910489,0.9727826887952866,0.03885218632831472,1
eicu,110,3,865,312,1611,13,1.8624277456647398,96,5.153846153846154,0.3,27.015481253103893,0.9442326129574926,-0.009474933419026305,0
eicu,110,3,865,312,1611,13,1.8624277456647398,96,5.153846153846154,0.3,55.92802704283217,0.9705504534336273,-0.03914731533217064,0
eicu,110,4,865,280,3166,13,3.660115606936416,96,5.153846153846154,0.2926829268292683,118.44267424754656,0.9850085060181573,0.038045734386562224,1
eicu,110,4,865,280,3166,13,3.660115606936416,96,5.153846153846154,0.2926829268292683,140.465973910976,0.9800503147829986,-0.05673182004066418,0
eicu,110,3,865,423,1408,13,1.6277456647398845,96,5.153846153846154,0.34375,76.69042663341295,0.9739211256502696,0.03807480277273076,1
eicu,110,3,865,423,1408,13,1.6277456647398845,96,5.153846153846154,0.34375,28.00888811131845,0.9560466541972205,0.009475031853837301,1
eicu,110,3,865,383,1360,13,1.5722543352601157,96,5.153846153846154,0.3870967741935484,72.28591290794525,0.9660562755150354,0.025666741018998046,1
eicu,110,3,865,383,1360,13,1.5722543352601157,96,5.153846153846154,0.3870967741935484,95.2825386169069,0.9781627610924833,0.10607896511088627,1
eicu,110,2,865,295,850,13,0.9826589595375722,96,5.153846153846154,0.3870967741935484,47.05061607731774,0.9637520858388212,0.014458186820757363,1
eicu,110,2,865,295,850,13,0.9826589595375722,96,5.153846153846154,0.3870967741935484,17.33992814029663,0.9378612902205594,0.08080442642634444,1
eicu,110,3,865,214,2990,13,3.4566473988439306,96,5.153846153846154,0.35294117647058826,37.51671676978385,0.9586645428412436,0.022067376619185702,1
eicu,110,3,865,214,2990,13,3.4566473988439306,96,5.153846153846154,0.35294117647058826,42.19398075951683,0.9271401719098298,-0.006311229255135387,0
eicu,122,4,1464,348,2293,21,1.5662568306010929,208,6.9523809523809526,0.47619047619047616,69.9987227184181,0.9687657372970055,0.04521123766523394,1
eicu,122,4,1464,348,2293,25,1.5662568306010929,208,5.84,0.47619047619047616,52.9519633424313,0.9568509171967949,-0.0021281760381421932,0
eicu,122,2,1464,446,1051,21,0.717896174863388,208,6.9523809523809526,0.5675675675675675,47.57524879778781,0.9539276580572413,-0.08025165938261941,0
eicu,122,2,1464,446,1051,25,0.717896174863388,208,5.84,0.5675675675675675,55.91875649495044,0.9620589197381422,-0.07074484444375251,0
eicu,122,4,1464,367,2203,21,1.5047814207650274,208,6.9523809523809526,0.5757575757575758,183.23806964135326,0.9823276319201085,-7.610595578572132e-05,0
eicu,122,4,1464,367,2203,25,1.5047814207650274,208,5.84,0.5,101.91361527127708,0.9814681703045589,-0.03334494556334999,0
eicu,122,2,1464,224,504,21,0.3442622950819672,208,6.9523809523809526,0.5806451612903226,134.30980109338742,0.984962053011958,-0.04417508477434673,0
eicu,122,2,1464,224,504,25,0.3442622950819672,208,5.84,0.5142857142857142,181.63315589600958,0.9884507409621416,-0.15383006044733538,0
eicu,122,1,1464,1464,1561,21,1.0662568306010929,208,6.9523809523809526,0.5833333333333334,15.179955907837225,0.9341236558214433,-0.022891496160997116,0
eicu,122,1,1464,1464,1561,25,1.0662568306010929,208,5.84,0.6388888888888888,49.095777706929226,0.9796316496711923,0.0030648248709821413,1
eicu,122,4,1464,284,1347,21,0.9200819672131147,208,6.9523809523809526,0.45,81.63475561734037,0.965257328727694,-0.01871934785369389,0
eicu,122,4,1464,284,1347,25,0.9200819672131147,208,5.84,0.45,73.81994774329277,0.9688609642959771,0.006389186555473936,1
eicu,122,3,1464,284,1074,21,0.7336065573770492,208,6.9523809523809526,0.45,84.69666911785788,0.964579480737012,-0.11180568836999466,0
eicu,122,3,1464,284,1074,25,0.7336065573770492,208,5.84,0.45,91.89044056805957,0.9723549184215672,-0.12401367658122237,0
eicu,122,3,1464,284,2329,21,1.590846994535519,208,6.9523809523809526,0.5757575757575758,116.63561120494407,0.9786013859542035,-0.02406755050085546,0
eicu,122,3,1464,284,2329,25,1.590846994535519,208,5.84,0.5135135135135135,53.041406839181285,0.9422080174856494,-0.013658568541161653,0
eicu,122,1,1464,1226,1226,21,0.837431693989071,208,6.9523809523809526,0.7307692307692307,91.89137802549813,0.9891175862035444,0.015349255292125719,1
eicu,122,1,1464,1226,1226,25,0.837431693989071,208,5.84,0.6666666666666666,28.89778600950043,0.9443990443149561,0.003750769515084851,1
eicu,122,1,1464,261,261,21,0.17827868852459017,208,6.9523809523809526,0.76,12.548250356484582,0.9203076148792945,-0.0005789849441307782,0
eicu,122,1,1464,261,261,25,0.17827868852459017,208,5.84,0.6551724137931034,52.88447721883028,0.9810908596890897,-0.011151584343486731,0
eicu,122,1,1464,365,365,21,0.24931693989071038,208,6.9523809523809526,0.6451612903225806,42.71926735097129,0.9765834243715938,0.01672897594499312,1
eicu,122,1,1464,365,365,25,0.24931693989071038,208,5.84,0.5714285714285714,179.39933133827378,0.9936540047656808,-0.0035040996959591064,0
eicu,122,1,1464,835,835,21,0.5703551912568307,208,6.9523809523809526,0.8181818181818182,32.51248249354406,0.9692070754844271,0.026021760175666986,1
eicu,122,1,1464,835,835,25,0.5703551912568307,208,5.84,0.6923076923076923,49.594458217325524,0.9798328486374742,-0.0017232607184486937,0
eicu,140,4,222,222,1814,24,8.17117117117117,30,0.875,0.5454545454545454,131.77944420648902,0.9777876421528712,0.07545270456623993,1
eicu,140,4,222,222,1814,24,8.17117117117117,30,0.875,0.5454545454545454,59.31856601144169,0.9571620395916859,-0.04474401337886813,0
eicu,140,4,222,222,2663,24,11.995495495495495,30,0.875,0.5588235294117647,138.5584631348662,0.9731844241497314,0.14699200823168102,1
eicu,140,4,222,222,2663,24,11.995495495495495,30,0.875,0.5588235294117647,126.65795536974687,0.9737791553161027,-0.007370265801792397,0
eicu,140,3,222,222,1779,24,8.013513513513514,30,0.875,0.5833333333333334,60.70883296934889,0.9564552154794135,0.09625897687750073,1
eicu,140,3,222,222,1779,24,8.013513513513514,30,0.875,0.5833333333333334,51.97544970316565,0.9596693756190667,0.052725399118433935,1
eicu,140,3,222,222,955,24,4.301801801801802,30,0.875,0.6285714285714286,58.01575438880388,0.9665258316210449,0.12868740052046862,1
eicu,140,3,222,222,955,24,4.301801801801802,30,0.875,0.6285714285714286,32.069326738433276,0.9064526666097835,-0.1630097519477471,0
eicu,140,2,222,222,615,24,2.77027027027027,30,0.875,0.7,69.9808397609972,0.9685794344014775,0.024158834993396133,1
eicu,140,2,222,222,615,24,2.77027027027027,30,0.875,0.7,83.70879820845579,0.9751924924004236,-0.2057447925905453,0
eicu,140,1,222,222,331,24,1.490990990990991,30,0.875,0.8148148148148148,52.19527485129254,0.9806269358148243,0.02645592734610583,1
eicu,140,1,222,222,331,24,1.490990990990991,30,0.875,0.7777777777777778,23.138911024594677,0.9567827544288023,0.17389563528867014,1
eicu,140,1,222,222,1756,24,7.90990990990991,30,0.875,0.75,80.73834197924276,0.9875568769563488,-0.012545913269925435,0
eicu,140,1,222,222,1756,24,7.90990990990991,30,0.875,0.75,25.1111816485661,0.9586210937623504,0.054021606506849784,1
eicu,140,3,222,222,1594,24,7.18018018018018,30,0.875,0.6176470588235294,48.16391113038234,0.947188134371339,0.2472158542409117,1
eicu,140,3,222,222,1594,24,7.18018018018018,30,0.875,0.6176470588235294,43.338753002551606,0.9621127781930007,0.12642107281410764,1
eicu,140,4,222,222,3981,24,17.93243243243243,30,0.875,0.55,217.463483135484,0.9830630237029849,0.1841836884729568,1
eicu,140,4,222,222,3981,24,17.93243243243243,30,0.875,0.55,96.90156584158545,0.9789684490428037,0.10782101429092844,1
eicu,140,1,222,222,2629,24,11.842342342342342,30,0.875,0.8846153846153846,39.681009508349106,0.9747990282407106,0.014858100720877482,1
eicu,140,1,222,222,2629,24,11.842342342342342,30,0.875,0.8846153846153846,27.492044140497583,0.9636258404471665,-0.004878567549069013,0
eicu,140,2,222,222,1473,24,6.635135135135135,30,0.875,0.5428571428571428,136.6851339817516,0.9846794808529893,0.16369432109634174,1
eicu,140,2,222,222,1473,24,6.635135135135135,30,0.875,0.6896551724137931,72.7698214092914,0.9734440064096889,0.0016317566941463357,1
eicu,140,1,222,222,835,24,3.7612612612612613,30,0.875,0.7916666666666666,18.8656210089797,0.9469935286241562,-0.03545678465295052,0
eicu,140,1,222,222,835,24,3.7612612612612613,30,0.875,0.7916666666666666,17.328589882600024,0.9422918998732771,-0.14517296205484712,0
eicu,141,2,691,357,724,26,1.0477568740955137,78,2.1153846153846154,0.8928571428571429,19.972566140194996,0.929108072003447,0.07071220603839468,1
eicu,141,2,691,357,724,26,1.0477568740955137,78,2.1153846153846154,0.8620689655172413,28.95910143651082,0.9198263524588346,0.03654736976987508,1
eicu,141,1,691,691,788,26,1.1403762662807526,78,2.1153846153846154,0.5526315789473685,21.410844109750002,0.953294695207994,0.10747485323256234,1
eicu,141,1,691,691,788,26,1.1403762662807526,78,2.1153846153846154,0.5526315789473685,17.78117440495116,0.9437607450877064,0.2386259656613415,1
eicu,141,3,691,295,2570,26,3.7192474674384948,78,2.1153846153846154,0.5,90.99361879390145,0.9815788878745225,0.07039327568352113,1
eicu,141,3,691,295,2570,26,3.7192474674384948,78,2.1153846153846154,0.5,100.53044987491771,0.9817237235260267,0.24048471280311592,1
eicu,141,4,691,291,1885,26,2.727930535455861,78,2.1153846153846154,0.48717948717948717,154.58510483223137,0.9764822439204041,-0.0939979109684026,0
eicu,141,4,691,291,1885,26,2.727930535455861,78,2.1153846153846154,0.475,192.21748613693117,0.9825271169538369,-0.0026346271212702443,0
eicu,141,2,691,335,1651,26,2.3892908827785817,78,2.1153846153846154,0.8064516129032258,60.386814186912986,0.9656076231344612,0.023145342934778795,1
eicu,141,2,691,335,1651,26,2.3892908827785817,78,2.1153846153846154,0.8064516129032258,50.69696323885429,0.9649604416401208,0.0671131705547425,1
eicu,141,2,691,261,545,26,0.788712011577424,78,2.1153846153846154,0.6206896551724138,62.827517492906125,0.9681668148001261,0.016500967026014557,1
eicu,141,2,691,261,545,26,0.788712011577424,78,2.1153846153846154,0.6206896551724138,111.76961103461593,0.9821060484912971,-0.004616620285675749,0
eicu,141,1,691,691,1756,26,2.5412445730824893,78,2.1153846153846154,0.6923076923076923,120.06072167329982,0.9916507974203577,0.009820098882757727,1
eicu,141,1,691,691,1756,26,2.5412445730824893,78,2.1153846153846154,0.6923076923076923,55.64383497496956,0.9773091204530747,0.05774117632449402,1
eicu,141,2,691,233,517,26,0.748191027496382,78,2.1153846153846154,0.625,17.58275107932413,0.9164039400169934,0.013132348916890718,1
eicu,141,2,691,233,517,26,0.748191027496382,78,2.1153846153846154,0.625,24.128736663064615,0.9466137339305154,0.05117761918145047,1
eicu,141,2,691,367,735,26,1.0636758321273516,78,2.1153846153846154,0.6756756756756757,55.41372424625173,0.9639078580765976,0.07238085010607015,1
eicu,141,2,691,367,735,26,1.0636758321273516,78,2.1153846153846154,0.6756756756756757,80.86801599282668,0.9757018329438606,0.15834763185839165,1
eicu,141,1,691,291,291,26,0.4211287988422576,78,2.1153846153846154,0.7241379310344828,41.06743470646302,0.9756498060531981,-0.01674191687709295,0
eicu,141,1,691,291,291,26,0.4211287988422576,78,2.1153846153846154,0.75,17.01188611718013,0.9412175702851602,0.016884403574043444,1
eicu,141,1,691,485,485,26,0.7018813314037626,78,2.1153846153846154,0.8928571428571429,18.27926398359463,0.9452932021279694,0.00394541039625354,1
eicu,141,1,691,485,485,26,0.7018813314037626,78,2.1153846153846154,0.7575757575757576,38.63871604107095,0.9741192228298411,0.02905379660304147,1
eicu,141,1,691,691,1766,26,2.555716353111433,78,2.1153846153846154,0.75,33.85976197008597,0.9704664196729006,0.0017191940129359096,1
eicu,141,1,691,691,1766,26,2.555716353111433,78,2.1153846153846154,0.75,23.685075523276726,0.9577793197654261,-0.005592771424196008,0
eicu,142,3,708,295,3873,30,5.470338983050848,159,3.7,0.4523809523809524,62.36505300312989,0.9804799015883433,-0.06380809313291036,0
eicu,142,3,708,295,3873,30,5.470338983050848,159,3.7,0.4523809523809524,59.48482108320235,0.9739333320754016,-0.004574146733403339,0
eicu,142,3,708,222,1813,30,2.560734463276836,159,3.7,0.6111111111111112,189.33535566546266,0.9904249583689007,-0.047360755637327334,0
eicu,142,3,708,222,1813,30,2.560734463276836,159,3.7,0.6111111111111112,138.21354719719307,0.9855296384431365,0.06230968985247204,1
eicu,142,3,708,297,939,30,1.326271186440678,159,3.7,0.5128205128205128,59.36785962005805,0.9583898391518756,-0.044113593795361616,0
eicu,142,3,708,297,939,30,1.326271186440678,159,3.7,0.48717948717948717,72.77193982799916,0.9667114530877282,0.0643627951513775,1
eicu,142,4,708,317,2458,30,3.4717514124293785,159,3.7,0.47619047619047616,126.99555865690199,0.9842514177570311,-0.030449654449265506,0
eicu,142,4,708,317,2458,30,3.4717514124293785,159,3.7,0.4523809523809524,198.89550450510868,0.9849167028311444,0.040932122060599596,1
eicu,142,1,708,708,870,30,1.228813559322034,159,3.7,0.7096774193548387,38.269602777223966,0.9725543383969077,-0.04027340733403173,0
eicu,142,1,708,708,870,30,1.228813559322034,159,3.7,0.7096774193548387,79.26903724061955,0.9873239619105879,0.014534035942009027,1
eicu,142,3,708,383,3455,30,4.879943502824859,159,3.7,0.4473684210526316,112.06406863904627,0.9863344304557582,-0.06053638862894861,0
eicu,142,3,708,383,3455,30,4.879943502824859,159,3.7,0.4473684210526316,122.34853834870972,0.9788147598213126,-0.003119025780742135,0
eicu,142,2,708,617,1933,30,2.730225988700565,159,3.7,0.5526315789473685,214.9207321455646,0.9906942435006902,-0.026333336794197637,0
eicu,142,2,708,617,1933,30,2.730225988700565,159,3.7,0.5526315789473685,132.01533602952927,0.9898357368471318,0.01909811260318245,1
eicu,142,2,708,262,627,30,0.885593220338983,159,3.7,0.38461538461538464,29.145516161276138,0.9550103269720362,-0.029694669495949122,0
eicu,142,2,708,262,627,30,0.885593220338983,159,3.7,0.38461538461538464,102.92714581186007,0.9854477074662302,0.018943146822707313,1
eicu,142,2,708,261,985,30,1.3912429378531073,159,3.7,0.5588235294117647,78.35325991143219,0.9822021226238882,-0.07972073100097671,0
eicu,142,2,708,261,985,30,1.3912429378531073,159,3.7,0.5588235294117647,71.69380646234518,0.9838937868475168,-0.04692701598139393,0
eicu,142,4,708,504,3219,30,4.546610169491525,159,3.7,0.43243243243243246,66.26246170044857,0.9675124180617135,-0.0465435510687226,0
eicu,142,4,708,504,3219,30,4.546610169491525,159,3.7,0.43243243243243246,98.39313910196739,0.9768625220176974,0.005003563859403537,1
eicu,142,2,708,365,773,30,1.0918079096045197,159,3.7,0.5128205128205128,22.61897772960136,0.9211920959108979,-0.056516586027140714,0
eicu,142,2,708,365,773,30,1.0918079096045197,159,3.7,0.5128205128205128,55.24183673346101,0.970635208512522,0.03684571823293642,1
eicu,142,2,708,708,2143,30,3.0268361581920904,159,3.7,0.43902439024390244,112.70738040607512,0.9870016947352318,-0.038698802623338635,0
eicu,142,2,708,708,2143,30,3.0268361581920904,159,3.7,0.43902439024390244,85.2669062246267,0.9777937346233628,0.04683717567740486,1
eicu,143,3,284,284,3714,24,13.077464788732394,28,0.8333333333333334,0.5757575757575758,82.57774008014768,0.9636705969782137,-0.0981402696512414,0
eicu,143,3,284,284,3714,27,13.077464788732394,28,0.7407407407407407,0.5135135135135135,67.38971122826102,0.9663002760523252,0.1918225339154515,1
eicu,143,3,284,284,1806,24,6.359154929577465,28,0.8333333333333334,0.5365853658536586,98.94470205657115,0.9743878455657626,0.0007801327307740968,1
eicu,143,3,284,284,1806,27,6.359154929577465,28,0.7407407407407407,0.5365853658536586,99.48078187005643,0.9702271359648046,0.16425057020660533,1
eicu,143,3,284,224,2684,24,9.450704225352112,28,0.8333333333333334,0.6060606060606061,91.20455109626596,0.9671069046013557,0.06573353692684858,1
eicu,143,3,284,224,2684,27,9.450704225352112,28,0.7407407407407407,0.6060606060606061,107.98303163797162,0.9780326046191442,0.06437674875929822,1
eicu,143,3,284,212,1048,24,3.6901408450704225,28,0.8333333333333334,0.7419354838709677,64.40877719946639,0.9580415605805255,-0.08104054224912377,0
eicu,143,3,284,212,1048,27,3.6901408450704225,28,0.7407407407407407,0.8387096774193549,59.70908412186004,0.9564678381721079,0.08655847002077857,1
eicu,143,3,284,284,3004,24,10.577464788732394,28,0.8333333333333334,0.5526315789473685,94.62672524346192,0.9682964829197945,-0.0958339915973208,0
eicu,143,3,284,284,3004,27,10.577464788732394,28,0.7407407407407407,0.6,108.16924229947536,0.9746480343512065,0.06124518719703387,1
eicu,143,1,284,221,221,24,0.778169014084507,28,0.8333333333333334,0.6551724137931034,10.261510631083109,0.9025484613375634,-0.03330491546937936,0
eicu,143,1,284,221,221,27,0.778169014084507,28,0.7407407407407407,0.7586206896551724,7.82266852968179,0.8713339158414624,0.10293003341050114,1
eicu,143,3,284,233,917,24,3.2288732394366195,28,0.8333333333333334,0.6785714285714286,46.46229988490292,0.9373906388030613,-0.08261277887125607,0
eicu,143,3,284,233,917,27,3.2288732394366195,28,0.7407407407407407,0.6785714285714286,47.665721087908466,0.9370616885357259,0.04831615447272328,1
eicu,143,2,284,284,661,24,2.3274647887323945,28,0.8333333333333334,0.7666666666666667,27.334438348765584,0.9315924545891031,-0.019676550445764218,0
eicu,143,2,284,284,661,27,2.3274647887323945,28,0.7407407407407407,0.8666666666666667,31.943125629275876,0.9415215280644496,0.08684944165803818,1
eicu,143,1,284,284,332,24,1.1690140845070423,28,0.8333333333333334,0.8275862068965517,18.78432341630296,0.9460689894333543,0.0647791000100209,1
eicu,143,1,284,284,332,27,1.1690140845070423,28,0.7407407407407407,0.9,11.488922771238844,0.9129596377387633,0.09617474254743874,1
eicu,143,1,284,284,539,24,1.897887323943662,28,0.8333333333333334,0.7666666666666667,19.531028626746433,0.9487994196767207,-0.020620177302216602,0
eicu,143,1,284,284,539,27,1.897887323943662,28,0.7407407407407407,0.8666666666666667,16.62755421469041,0.9393703405036795,-0.014646310440600649,0
eicu,143,1,284,261,261,24,0.9190140845070423,28,0.8333333333333334,0.7407407407407407,14.86462289131234,0.9313453319250433,-0.08211952073258649,0
eicu,143,1,284,261,261,27,0.9190140845070423,28,0.7407407407407407,0.6666666666666666,18.974275413985357,0.9444090949739385,0.025442594572187893,1
eicu,143,2,284,261,1344,24,4.732394366197183,28,0.8333333333333334,0.46153846153846156,88.0338896092023,0.9772814763850791,0.022383194219266933,1
eicu,143,2,284,261,1344,27,4.732394366197183,28,0.7407407407407407,0.46153846153846156,26.902321192533194,0.95602854049122,0.11790768617245201,1
eicu,144,3,297,297,2277,29,7.666666666666667,46,1.103448275862069,0.5757575757575758,75.53210619483988,0.9735211938239764,0.07480976056587008,1
eicu,144,3,297,297,2277,27,7.666666666666667,46,1.1851851851851851,0.6060606060606061,61.727452585780505,0.9513992579585071,-0.000536461596775728,0
eicu,144,1,297,297,1464,29,4.929292929292929,46,1.103448275862069,0.6666666666666666,38.893770880544054,0.97304419179862,0.06348206476527674,1
eicu,144,1,297,297,1464,27,4.929292929292929,46,1.1851851851851851,0.625,14.260661480529322,0.9297522419008415,0.0018740467658310278,1
eicu,144,2,297,222,1538,29,5.178451178451178,46,1.103448275862069,0.6470588235294118,44.617885533068815,0.9551749264649109,0.02024125604041538,1
eicu,144,2,297,222,1538,27,5.178451178451178,46,1.1851851851851851,0.6875,78.49106491883678,0.974519392722368,-0.0934819838371036,0
eicu,144,3,297,297,1644,29,5.5353535353535355,46,1.103448275862069,0.4878048780487805,91.02694145616984,0.9764223332250671,0.05881608424761042,1
eicu,144,3,297,297,1644,27,5.5353535353535355,46,1.1851851851851851,0.5128205128205128,124.88013198448684,0.9804287138398073,0.009859577706017919,1
eicu,144,4,297,233,1834,29,6.175084175084175,46,1.103448275862069,0.47619047619047616,157.66190322947165,0.9809672998728174,0.028413267186948254,1
eicu,144,4,297,233,1834,27,6.175084175084175,46,1.1851851851851851,0.47619047619047616,94.71625815537084,0.9661683121886593,0.012019426284147927,1
eicu,144,1,297,297,409,29,1.3771043771043772,46,1.103448275862069,0.7428571428571429,16.322291782332872,0.9382421837132149,0.05278052184644688,1
eicu,144,1,297,297,409,27,1.3771043771043772,46,1.1851851851851851,0.6571428571428571,17.851285479899154,0.9439816252378006,0.006968843455281759,1
eicu,144,4,297,297,2860,29,9.62962962962963,46,1.103448275862069,0.42857142857142855,83.87027444561508,0.964413113476138,-0.28817333735085465,0
eicu,144,4,297,297,2860,27,9.62962962962963,46,1.1851851851851851,0.45,102.94861158344958,0.9664704443457277,-0.2026013324106069,0
eicu,144,2,297,297,2828,29,9.521885521885523,46,1.103448275862069,0.4722222222222222,25.542357769835462,0.9216986928919333,0.04996479193351594,1
eicu,144,2,297,297,2828,27,9.521885521885523,46,1.1851851851851851,0.5,61.48639872483011,0.9814116477762159,-0.058982036949690786,0
eicu,144,2,297,261,1017,29,3.4242424242424243,46,1.103448275862069,0.4864864864864865,34.32268322892775,0.9423591801626638,0.0403468805041472,1
eicu,144,2,297,261,1017,27,3.4242424242424243,46,1.1851851851851851,0.5,37.24088196233758,0.9650345010224552,0.021597065870149923,1
eicu,144,3,297,297,1670,29,5.622895622895623,46,1.103448275862069,0.5405405405405406,51.43097259516239,0.9412218787200414,0.012287426910521426,1
eicu,144,3,297,297,1670,27,5.622895622895623,46,1.1851851851851851,0.5405405405405406,75.29983434280015,0.9723805191578373,-0.04017526732421553,0
eicu,144,3,297,297,1194,29,4.02020202020202,46,1.103448275862069,0.5483870967741935,43.5570363512419,0.9496745109177039,-0.021954569716532923,0
eicu,144,3,297,297,1194,27,4.02020202020202,46,1.1851851851851851,0.5483870967741935,40.64149770495951,0.9507892151386946,-0.024991865037977845,0
eicu,144,2,297,297,1561,29,5.255892255892256,46,1.103448275862069,0.7096774193548387,44.392468065880394,0.9588437383930917,0.03719827592115188,1
eicu,144,2,297,297,1561,27,5.255892255892256,46,1.1851851851851851,0.7931034482758621,31.735416663598834,0.9390989486328307,-0.06187801344667318,0
eicu,146,1,348,348,392,29,1.1264367816091954,33,0.7931034482758621,0.6470588235294118,10.18136983528478,0.8975425607369871,0.009775869243508761,1
eicu,146,1,348,348,392,27,1.1264367816091954,33,0.8518518518518519,0.6875,15.512711898986494,0.9294294495899162,-0.04082867833743087,0
eicu,146,2,348,348,877,29,2.5201149425287355,33,0.7931034482758621,0.6470588235294118,24.340171368677325,0.9178313098249693,0.010467821714062187,1
eicu,146,2,348,348,877,27,2.5201149425287355,33,0.8518518518518519,0.5945945945945946,29.336496273481,0.9406589540839763,0.019019848417199003,1
eicu,146,4,348,291,2759,29,7.92816091954023,33,0.7931034482758621,0.4878048780487805,85.15525803266823,0.9690606670048219,0.15896330461830627,1
eicu,146,4,348,291,2759,27,7.92816091954023,33,0.8518518518518519,0.5,77.05232997168687,0.9487461575870441,0.001107114749144933,1
eicu,146,3,348,222,2588,29,7.436781609195402,33,0.7931034482758621,0.55,148.59883641084915,0.9798114166136164,-0.015022085285426201,0
eicu,146,3,348,222,2588,27,7.436781609195402,33,0.8518518518518519,0.5789473684210527,80.90972429704937,0.962921638578499,-0.02826759297993431,0
eicu,146,1,348,348,501,29,1.4396551724137931,33,0.7931034482758621,0.7222222222222222,22.734830431083378,0.9555382894933822,0.011428155822336722,1
eicu,146,1,348,348,501,27,1.4396551724137931,33,0.8518518518518519,0.7222222222222222,10.826163425396304,0.9069346432650425,-0.0053296682713291355,0
eicu,146,2,348,348,2262,29,6.5,33,0.7931034482758621,0.5945945945945946,122.68765230742835,0.9881134399431322,0.017301026503936,1
eicu,146,2,348,348,2262,27,6.5,33,0.8518518518518519,0.5945945945945946,67.40846964836739,0.9703301378827781,-0.0006680277568008597,0
eicu,146,1,348,348,694,29,1.9942528735632183,33,0.7931034482758621,0.9,18.968383413995333,0.9472806945022961,-0.015315071831678101,0
eicu,146,1,348,348,694,27,1.9942528735632183,33,0.8518518518518519,0.9642857142857143,10.595007580055707,0.9056159240619682,0.08036788937879796,1
eicu,146,4,348,261,4426,29,12.718390804597702,33,0.7931034482758621,0.5,109.61523889414792,0.981754361709403,0.11287566437476043,1
eicu,146,4,348,261,4426,27,12.718390804597702,33,0.8518518518518519,0.5,54.99486027621316,0.96363296515429,0.0029442019564593913,1
eicu,146,2,348,331,777,29,2.2327586206896552,33,0.7931034482758621,0.7666666666666667,46.31028455225069,0.9692999929070109,0.009209240554587161,1
eicu,146,2,348,331,777,27,2.2327586206896552,33,0.8518518518518519,0.8518518518518519,45.09457336810913,0.9556487654584531,0.02021392712903164,1
eicu,146,4,348,348,3046,29,8.75287356321839,33,0.7931034482758621,0.5128205128205128,130.77910181510822,0.9863995840397715,0.15990656303082817,1
eicu,146,4,348,348,3046,27,8.75287356321839,33,0.8518518518518519,0.5,108.50613512124039,0.9815282918552466,0.038764275546567806,1
eicu,146,2,348,332,2539,29,7.295977011494253,33,0.7931034482758621,0.6388888888888888,63.016172498129976,0.9682621155694698,0.13078049391023722,1
eicu,146,2,348,332,2539,27,7.295977011494253,33,0.8518518518518519,0.6388888888888888,71.89095059848194,0.9773068419575588,0.01219076735541258,1
eicu,146,3,348,291,892,29,2.5632183908045976,33,0.7931034482758621,0.6470588235294118,78.94242301003297,0.9619976194597077,-0.012302141405197475,0
eicu,146,3,348,291,892,27,2.5632183908045976,33,0.8518518518518519,0.625,60.06784533243398,0.9629606878692352,0.0503405399530209,1
eicu,148,3,788,224,972,33,1.233502538071066,90,1.9090909090909092,0.5,89.88890068627009,0.9732939449951858,-0.03059170558266039,0
eicu,148,3,788,224,972,33,1.233502538071066,90,1.9090909090909092,0.5,62.283580450983074,0.9649295097117563,-0.025424625207587315,0
eicu,148,2,788,340,1423,33,1.8058375634517767,90,1.9090909090909092,0.525,49.97632942357805,0.9679292144758995,6.61929326877253e-05,1
eicu,148,2,788,340,1423,33,1.8058375634517767,90,1.9090909090909092,0.525,66.71517172345456,0.9757065841481081,-0.009778016816668511,0
eicu,148,4,788,341,2166,33,2.748730964467005,90,1.9090909090909092,0.5,140.23469505582142,0.9774438279797744,-0.10437468554382007,0
eicu,148,4,788,341,2166,33,2.748730964467005,90,1.9090909090909092,0.5,160.04485191921418,0.9781297716990531,-0.07716628543716456,0
eicu,148,2,788,348,771,33,0.9784263959390863,90,1.9090909090909092,0.55,49.685668001185405,0.9715614173320285,-0.25979425900706,0
eicu,148,2,788,348,771,33,0.9784263959390863,90,1.9090909090909092,0.5789473684210527,35.526376759902234,0.9437038003195036,-0.09170259140507842,0
eicu,148,4,788,212,2669,33,3.3870558375634516,90,1.9090909090909092,0.5,133.29398547054615,0.9857220012478916,-0.08293497182888349,0
eicu,148,4,788,212,2669,33,3.3870558375634516,90,1.9090909090909092,0.5,76.42561749502443,0.965625479568267,0.03507478485078064,1
eicu,148,3,788,387,3200,33,4.060913705583756,90,1.9090909090909092,0.4634146341463415,122.1711634595037,0.9831458289378263,0.024198174048391752,1
eicu,148,3,788,387,3200,33,4.060913705583756,90,1.9090909090909092,0.4878048780487805,86.07713401002168,0.9778482092218748,0.038799732017451016,1
eicu,148,3,788,756,2700,33,3.4263959390862944,90,1.9090909090909092,0.5121951219512195,316.13120550323254,0.9921732018643278,0.060462545936021794,1
eicu,148,3,788,756,2700,33,3.4263959390862944,90,1.9090909090909092,0.5121951219512195,154.86494817652917,0.9830710678840546,0.1322216918605048,1
eicu,148,4,788,284,3240,33,4.111675126903553,90,1.9090909090909092,0.6052631578947368,171.7448508693834,0.9772715505220373,0.0704366049042216,1
eicu,148,4,788,284,3240,33,4.111675126903553,90,1.9090909090909092,0.5263157894736842,133.2760127562344,0.9779217681698509,0.009031190626398955,1
eicu,148,1,788,555,555,33,0.7043147208121827,90,1.9090909090909092,0.5526315789473685,52.63138585123845,0.9809999302920414,0.026712461664661458,1
eicu,148,1,788,555,555,33,0.7043147208121827,90,1.9090909090909092,0.5526315789473685,32.59068631542671,0.96931638719352,0.033916202052028,1
eicu,148,4,788,261,2614,33,3.317258883248731,90,1.9090909090909092,0.46153846153846156,53.23485830014063,0.9633728317186396,-0.005166136133837873,0
eicu,148,4,788,261,2614,33,3.317258883248731,90,1.9090909090909092,0.46153846153846156,66.98872102166983,0.968624421044,0.01824462536454713,1
eicu,148,3,788,335,2426,33,3.0786802030456855,90,1.9090909090909092,0.5526315789473685,48.84348509303552,0.9608666157326848,0.03866849080180551,1
eicu,148,3,788,335,2426,33,3.0786802030456855,90,1.9090909090909092,0.5526315789473685,67.21090872590602,0.9547850082916876,0.03483312726552068,1
eicu,148,1,788,788,974,33,1.236040609137056,90,1.9090909090909092,0.7692307692307693,34.66315622511279,0.9708248625463824,0.07109458312960265,1
eicu,148,1,788,788,974,33,1.236040609137056,90,1.9090909090909092,0.7692307692307693,39.128183863691746,0.9734161696274781,0.011194243465694198,1
eicu,152,1,443,443,576,30,1.3002257336343115,58,1.3666666666666667,0.7,40.023332989171585,0.9734504934239756,-0.12202395279502887,0
eicu,152,1,443,443,576,30,1.3002257336343115,58,1.3666666666666667,0.7,33.94178578282781,0.9705375676958551,-0.021534592527143737,0
eicu,152,3,443,443,2073,30,4.679458239277652,58,1.3666666666666667,0.2894736842105263,50.6955414548508,0.9593725359642787,0.039575296921688485,1
eicu,152,3,443,443,2073,30,4.679458239277652,58,1.3666666666666667,0.28205128205128205,52.89536436409852,0.9733794721777371,-0.011838484172999375,0
eicu,152,2,443,222,777,30,1.7539503386004516,58,1.3666666666666667,0.5405405405405406,55.9008980658991,0.9699394306148512,0.04609916411668369,1
eicu,152,2,443,222,777,30,1.7539503386004516,58,1.3666666666666667,0.5405405405405406,92.99917649525909,0.9820109318251152,0.07241966727608773,1
eicu,152,3,443,284,2084,30,4.704288939051919,58,1.3666666666666667,0.525,41.14660233919432,0.9516256810460455,-0.013289008670935909,0
eicu,152,3,443,284,2084,30,4.704288939051919,58,1.3666666666666667,0.525,48.467243657736944,0.9628729827409056,0.04323317565844931,1
eicu,152,3,443,409,1749,30,3.9480812641083523,58,1.3666666666666667,0.5,75.11222034833844,0.9631296750041435,0.17542645007752622,1
eicu,152,3,443,409,1749,30,3.9480812641083523,58,1.3666666666666667,0.5,179.9082222925496,0.9894892768903276,-0.0037657411607553426,0
eicu,152,3,443,443,2316,30,5.227990970654628,58,1.3666666666666667,0.55,92.97388598828178,0.9677328750098914,0.03491136501412895,1
eicu,152,3,443,443,2316,30,5.227990970654628,58,1.3666666666666667,0.55,105.34855064024717,0.9715231013453176,0.003518832096248037,1
eicu,152,2,443,233,850,30,1.9187358916478556,58,1.3666666666666667,0.65625,60.88918331425425,0.9671534434995157,0.11277613363719852,1
eicu,152,2,443,233,850,30,1.9187358916478556,58,1.3666666666666667,0.65625,56.207310060749364,0.96441743969177,0.045626243512668196,1
eicu,152,4,443,291,3148,30,7.106094808126411,58,1.3666666666666667,0.5789473684210527,221.04933292023975,0.9841718768352725,0.15358808550259262,1
eicu,152,4,443,291,3148,30,7.106094808126411,58,1.3666666666666667,0.5789473684210527,88.63889156525545,0.9634710856175518,-0.061778918460508536,0
eicu,152,1,443,443,856,30,1.9322799097065462,58,1.3666666666666667,0.5789473684210527,19.808659074511297,0.9210295431912743,0.10648599158524585,1
eicu,152,1,443,443,856,30,1.9322799097065462,58,1.3666666666666667,0.6285714285714286,18.905640319674774,0.9420674734385037,0.020654598457092055,1
eicu,152,1,443,443,1587,30,3.5823927765237022,58,1.3666666666666667,0.7333333333333333,94.40648565644693,0.9889320835057039,-0.014180158083941796,0
eicu,152,1,443,443,1587,30,3.5823927765237022,58,1.3666666666666667,0.7333333333333333,48.61644454622272,0.9793567961455882,0.008476331600922093,1
eicu,152,2,443,291,881,30,1.9887133182844243,58,1.3666666666666667,0.5365853658536586,66.94305545315024,0.9701080067762196,0.02727903317300351,1
eicu,152,2,443,291,881,30,1.9887133182844243,58,1.3666666666666667,0.525,63.877132699022496,0.9800870588089525,0.03386285011965118,1
eicu,152,1,443,443,917,30,2.069977426636569,58,1.3666666666666667,0.525,15.162716447343316,0.9340487567994314,0.07358112988053922,1
eicu,152,1,443,443,917,30,2.069977426636569,58,1.3666666666666667,0.525,18.329922526891288,0.9454443957123698,-0.01013595163972647,0
eicu,154,2,409,409,1288,32,3.1491442542787285,66,1.4375,0.32432432432432434,106.02020542335983,0.9857471296705916,0.045326271197657864,1
eicu,154,2,409,409,1288,31,3.1491442542787285,66,1.4838709677419355,0.32432432432432434,145.02125550922864,0.9915509762959894,0.061289938674543853,1
eicu,154,3,409,212,3188,32,7.794621026894865,66,1.4375,0.42105263157894735,119.10805111966773,0.9819034264994604,0.055847400952259874,1
eicu,154,3,409,212,3188,31,7.794621026894865,66,1.4838709677419355,0.42105263157894735,79.58563975752472,0.9705833204238667,0.06633937059824546,1
eicu,154,1,409,409,1365,32,3.337408312958435,66,1.4375,0.9142857142857143,23.687447950391643,0.9532206451089649,0.040464252662523376,1
eicu,154,1,409,409,1365,31,3.337408312958435,66,1.4838709677419355,0.8857142857142857,60.785821037422316,0.9835487950490237,0.11208646767552122,1
eicu,154,1,409,409,870,32,2.1271393643031784,66,1.4375,0.71875,8.167415553656816,0.8775622480048456,0.03012538974377485,1
eicu,154,1,409,409,870,31,2.1271393643031784,66,1.4838709677419355,0.6875,17.598233871580582,0.9428350894514548,0.020606657463691697,1
eicu,154,2,409,387,810,32,1.980440097799511,66,1.4375,0.525,72.19217335035759,0.9747626585299589,0.0740652834365462,1
eicu,154,2,409,387,810,31,1.980440097799511,66,1.4838709677419355,0.525,66.5253044414595,0.9809196577929069,0.02250905861115632,1
eicu,154,2,409,329,1841,32,4.50122249388753,66,1.4375,0.42105263157894735,28.85793432145067,0.9614024539021705,0.0944226915694533,1
eicu,154,2,409,329,1841,31,4.50122249388753,66,1.4838709677419355,0.43243243243243246,23.216250233967028,0.9568235359823896,0.14081567299564174,1
eicu,154,4,409,262,2586,32,6.322738386308068,66,1.4375,0.38461538461538464,77.06468036901317,0.9614153701966341,0.18156743850730264,1
eicu,154,4,409,262,2586,31,6.322738386308068,66,1.4838709677419355,0.38461538461538464,102.2329721948235,0.9768302741421914,0.07570682435242904,1
eicu,154,3,409,280,3272,32,8.0,66,1.4375,0.47368421052631576,211.26295802685408,0.9881332025858937,0.039183808332253434,1
eicu,154,3,409,280,3272,31,8.0,66,1.4838709677419355,0.47368421052631576,239.3558740507967,0.9899518702463068,0.032112957915867435,1
eicu,154,1,409,261,261,32,0.6381418092909535,66,1.4375,0.59375,28.693583380469825,0.9651490025926617,0.01062466062180531,1
eicu,154,1,409,261,261,31,0.6381418092909535,66,1.4838709677419355,0.6129032258064516,38.21567596591723,0.973832727677201,0.023811803882931692,1
eicu,154,3,409,365,1258,32,3.075794621026895,66,1.4375,0.5789473684210527,64.34213706350724,0.9572272676997472,0.06596349841435925,1
eicu,154,3,409,365,1258,31,3.075794621026895,66,1.4838709677419355,0.5526315789473685,99.63093229317579,0.9716085022712418,0.12674914429066125,1
eicu,154,1,409,409,674,32,1.647921760391198,66,1.4375,0.6944444444444444,18.365531107917754,0.9455501725420355,0.038698843080976514,1
eicu,154,1,409,409,674,31,1.647921760391198,66,1.4838709677419355,0.6666666666666666,53.546517940994335,0.9813121553059378,0.07059644661729514,1
eicu,154,4,409,383,4057,32,9.919315403422983,66,1.4375,0.4878048780487805,81.8357776346324,0.9622022558909715,0.11474002078201659,1
eicu,154,4,409,383,4057,31,9.919315403422983,66,1.4838709677419355,0.4878048780487805,126.94769827449504,0.9748511628879283,0.16513647586968055,1
eicu,157,3,501,261,913,33,1.8223552894211577,94,2.0,0.42857142857142855,46.349049352989454,0.9342843760335157,0.03505130607371021,1
eicu,157,3,501,261,913,35,1.8223552894211577,94,1.8857142857142857,0.42857142857142855,39.12621182108246,0.9305993167164036,0.11218417370256056,1
eicu,157,2,501,357,1291,33,2.5768463073852295,94,2.0,0.5,36.51351067270247,0.9489845328967892,0.048004499085945285,1
eicu,157,2,501,357,1291,35,2.5768463073852295,94,1.8857142857142857,0.47619047619047616,28.07217678992501,0.9300949005615464,0.04874134407836861,1
eicu,157,3,501,501,3664,33,7.313373253493014,94,2.0,0.5,86.83889922775109,0.9767455359629906,0.04374807450299473,1
eicu,157,3,501,501,3664,35,7.313373253493014,94,1.8857142857142857,0.5,103.00472568977513,0.9812681666466685,0.13149074973307873,1
eicu,157,1,501,501,788,33,1.5728542914171657,94,2.0,0.9411764705882353,46.90035486630897,0.978289419356408,-0.05996435597200944,0
eicu,157,1,501,501,788,35,1.5728542914171657,94,1.8857142857142857,0.8888888888888888,34.75885051372137,0.9712164806288953,0.14105947766510307,1
eicu,157,4,501,365,2332,33,4.6546906187624755,94,2.0,0.5128205128205128,122.55860069573222,0.9758087843351047,-0.005797825955678737,0
eicu,157,4,501,365,2332,35,4.6546906187624755,94,1.8857142857142857,0.4878048780487805,162.10700575995565,0.9805089309286971,0.06220596110921073,1
eicu,157,3,501,501,4217,33,8.417165668662674,94,2.0,0.5,188.31237538562976,0.9883417643288583,0.02555939387890188,1
eicu,157,3,501,501,4217,35,8.417165668662674,94,1.8857142857142857,0.5,184.2895085135379,0.9874927994311038,0.06717775412692994,1
eicu,157,3,501,501,2332,33,4.6546906187624755,94,2.0,0.45,129.93692428368252,0.9860467601326872,-0.0151569978621231,0
eicu,157,3,501,501,2332,35,4.6546906187624755,94,1.8857142857142857,0.43902439024390244,79.9940513750978,0.9767567626031612,0.14176094266509798,1
eicu,157,3,501,501,2130,33,4.251497005988024,94,2.0,0.46153846153846156,143.16959648501552,0.9823142566316465,-0.04328103966694263,0
eicu,157,3,501,501,2130,35,4.251497005988024,94,1.8857142857142857,0.43902439024390244,77.96478207622441,0.9785156506948882,0.08617620546761173,1
eicu,157,1,501,501,1051,33,2.097804391217565,94,2.0,0.6666666666666666,28.46042885315482,0.9648000881609868,-0.020215139417533945,0
eicu,157,1,501,501,1051,35,2.097804391217565,94,1.8857142857142857,0.6285714285714286,15.116633015647041,0.9338156777497423,0.04183800841450602,1
eicu,157,4,501,233,5597,33,11.171656686626747,94,2.0,0.525,150.16239499362177,0.9741262960224647,0.0008403340931713021,1
eicu,157,4,501,233,5597,35,11.171656686626747,94,1.8857142857142857,0.525,146.00937565862648,0.9808439218380031,0.06821381345217792,1
eicu,157,1,501,408,408,33,0.8143712574850299,94,2.0,0.6578947368421053,25.471544335041386,0.9607405037226465,0.023312278672574516,1
eicu,157,1,501,408,408,35,0.8143712574850299,94,1.8857142857142857,0.625,21.396402696245403,0.9532631716556972,0.0780708460019604,1
eicu,157,1,501,291,291,33,0.5808383233532934,94,2.0,0.5384615384615384,32.24538109101882,0.9689878064341275,0.03383519542815938,1
eicu,157,1,501,291,291,35,0.5808383233532934,94,1.8857142857142857,0.5121951219512195,44.57458104799829,0.977565689312409,0.036655093488987045,1
eicu,165,3,694,446,2465,28,3.5518731988472623,95,2.357142857142857,0.6428571428571429,171.8375471027406,0.9828255291027669,0.0008583064414541264,1
eicu,165,3,694,446,2465,28,3.5518731988472623,95,2.357142857142857,0.5625,78.36933599914754,0.96954857031159,0.023012285184338593,1
eicu,165,1,694,446,446,28,0.6426512968299711,95,2.357142857142857,0.9285714285714286,32.45325292877131,0.9691861274227929,-0.02431293748012059,0
eicu,165,1,694,446,446,28,0.6426512968299711,95,2.357142857142857,0.9285714285714286,19.461795656268468,0.9468770516185796,0.025773980016084747,1
eicu,165,2,694,694,1927,28,2.776657060518732,95,2.357142857142857,0.7575757575757576,121.34639448660015,0.9840972965527776,-0.041240656087592864,0
eicu,165,2,694,694,1927,28,2.776657060518732,95,2.357142857142857,0.6666666666666666,64.18785462218119,0.9688414574412514,0.053816708063211954,1
eicu,165,1,694,694,870,28,1.2536023054755043,95,2.357142857142857,0.8214285714285714,48.50359326786552,0.9793829707733732,-0.005766065333721704,0
eicu,165,1,694,694,870,28,1.2536023054755043,95,2.357142857142857,0.8214285714285714,89.12634341332324,0.9887799727700877,0.0068372579037552506,1
eicu,165,4,694,214,2091,28,3.0129682997118157,95,2.357142857142857,0.4523809523809524,87.0001846985517,0.972423425095026,-0.06604648530914758,0
eicu,165,4,694,214,2091,28,3.0129682997118157,95,2.357142857142857,0.4523809523809524,83.62089582088278,0.9680442341009654,0.01092026773640159,1
eicu,165,1,694,387,387,28,0.5576368876080692,95,2.357142857142857,0.5897435897435898,62.49842716472348,0.9839995973440362,0.04587250700103945,1
eicu,165,1,694,387,387,28,0.5576368876080692,95,2.357142857142857,0.5897435897435898,19.659096872620854,0.9491329634072512,0.02193380263350922,1
eicu,165,2,694,284,901,28,1.298270893371758,95,2.357142857142857,0.625,95.60239517248998,0.9836373025596078,-0.05481450188570569,0
eicu,165,2,694,284,901,28,1.298270893371758,95,2.357142857142857,0.625,49.64781135925726,0.9728199543805411,-0.005811347502757885,0
eicu,165,3,694,291,1091,28,1.5720461095100864,95,2.357142857142857,0.5238095238095238,245.99793148427887,0.9890414929298137,0.13369170330575936,1
eicu,165,3,694,291,1091,28,1.5720461095100864,95,2.357142857142857,0.5238095238095238,147.17070179992788,0.9810000759297615,0.04798877482677197,1
eicu,165,2,694,261,2027,28,2.9207492795389047,95,2.357142857142857,0.7142857142857143,130.43892979466483,0.9889413235356408,-0.007672956704374956,0
eicu,165,2,694,261,2027,28,2.9207492795389047,95,2.357142857142857,0.7142857142857143,94.79307918832266,0.9799743361231279,0.0039310956242147865,1
eicu,165,1,694,605,605,28,0.8717579250720461,95,2.357142857142857,0.6052631578947368,15.621475538465935,0.9359855605485138,-0.05065420794730097,0
eicu,165,1,694,605,605,28,0.8717579250720461,95,2.357142857142857,0.6052631578947368,25.13197850645815,0.9602100566915959,0.038920095094465784,1
eicu,165,1,694,590,590,28,0.8501440922190202,95,2.357142857142857,0.7105263157894737,40.82959020517028,0.975507958934318,0.003422202409148367,1
eicu,165,1,694,590,590,28,0.8501440922190202,95,2.357142857142857,0.6842105263157895,24.137612119203308,0.958278110062931,0.00642476505880088,1
eicu,165,1,694,694,885,28,1.2752161383285303,95,2.357142857142857,0.6785714285714286,17.17375004985123,0.9417715992664827,-0.1129577380609132,0
eicu,165,1,694,694,885,28,1.2752161383285303,95,2.357142857142857,0.6785714285714286,23.300335851312123,0.9570821636914866,-0.010578246699548904,0
eicu,167,1,1365,340,340,35,0.2490842490842491,198,3.9714285714285715,0.55,35.50317751167535,0.9718115411081147,0.005790879051672471,1
eicu,167,1,1365,340,340,35,0.2490842490842491,198,3.9714285714285715,0.55,20.93801688669123,0.9507943016549621,-5.730771090783904e-05,0
eicu,167,4,1365,284,3805,35,2.7875457875457874,198,3.9714285714285715,0.4634146341463415,155.14839690058764,0.9789813027978848,-0.025823788231009448,0
eicu,167,4,1365,284,3805,35,2.7875457875457874,198,3.9714285714285715,0.4634146341463415,66.8704531697239,0.958529999744792,0.0368666891424867,1
eicu,167,3,1365,214,1458,35,1.0681318681318681,198,3.9714285714285715,0.4634146341463415,102.61906084724953,0.9825597082492936,6.923746013076659e-05,1
eicu,167,3,1365,214,1458,35,1.0681318681318681,198,3.9714285714285715,0.4634146341463415,83.01721534130036,0.9827124348141623,0.07164354880328377,1
eicu,167,1,1365,212,212,35,0.15531135531135531,198,3.9714285714285715,0.65,15.168649326315446,0.9323236750681828,-0.09399905312040979,0
eicu,167,1,1365,212,212,35,0.15531135531135531,198,3.9714285714285715,0.65,12.364595929843686,0.9189111002497218,-0.04335572211426969,0
eicu,167,3,1365,885,3252,35,2.3824175824175824,198,3.9714285714285715,0.43902439024390244,153.22624512955022,0.9854214901860808,0.0009790589314515041,1
eicu,167,3,1365,885,3252,35,2.3824175824175824,198,3.9714285714285715,0.43902439024390244,238.28847507438948,0.9886325044168878,-0.024590401593776456,0
eicu,167,3,1365,312,1617,35,1.1846153846153846,198,3.9714285714285715,0.5121951219512195,54.85754937804955,0.9549297256569326,-0.04706679788902951,0
eicu,167,3,1365,312,1617,35,1.1846153846153846,198,3.9714285714285715,0.5121951219512195,31.657745186371837,0.9405709241262101,0.0034173063460705144,1
eicu,167,2,1365,262,2018,35,1.4783882783882785,198,3.9714285714285715,0.4,195.7204470932169,0.9871864758392088,-0.05024451889075743,0
eicu,167,2,1365,262,2018,35,1.4783882783882785,198,3.9714285714285715,0.4,291.1018205423241,0.993610952011067,-0.02030559332578641,0
eicu,167,2,1365,617,1478,35,1.0827838827838827,198,3.9714285714285715,0.5365853658536586,144.16384335208178,0.9875968516625724,-0.034196704228044106,0
eicu,167,2,1365,617,1478,35,1.0827838827838827,198,3.9714285714285715,0.5365853658536586,137.79596417764637,0.9852011664295867,0.06861365703547967,1
eicu,167,3,1365,332,4305,35,3.1538461538461537,198,3.9714285714285715,0.5238095238095238,322.21220940369176,0.9917414191362476,0.03068051122906479,1
eicu,167,3,1365,332,4305,35,3.1538461538461537,198,3.9714285714285715,0.5238095238095238,178.49289029080714,0.9860570006561991,0.06845707761515557,1
eicu,167,3,1365,233,1067,35,0.7816849816849817,198,3.9714285714285715,0.525,65.28367328727947,0.9701376396272801,0.02858227768583288,1
eicu,167,3,1365,233,1067,35,0.7816849816849817,198,3.9714285714285715,0.525,56.53929712424641,0.9469395596940756,0.06165107183988838,1
eicu,167,1,1365,368,368,35,0.2695970695970696,198,3.9714285714285715,0.575,9.133706991986001,0.8905154280866017,-0.028796612843865033,0
eicu,167,1,1365,368,368,35,0.2695970695970696,198,3.9714285714285715,0.575,12.479531646305363,0.9198687876803409,0.009414297009975259,1
eicu,167,1,1365,365,365,35,0.2673992673992674,198,3.9714285714285715,0.625,41.9637306691228,0.9761698975745308,-0.00039196586637235686,0
eicu,167,1,1365,365,365,35,0.2673992673992674,198,3.9714285714285715,0.625,46.39360534320834,0.9784453052828671,-0.014193732670037151,0
eicu,171,4,446,392,3678,26,8.246636771300448,43,1.1538461538461537,0.5,166.25096027899633,0.9759399885974352,-0.006652208113970576,0
eicu,171,4,446,392,3678,26,8.246636771300448,43,1.1538461538461537,0.5,131.55906523067375,0.9695954057366821,-0.037845985582551256,0
eicu,171,3,446,392,2299,26,5.154708520179372,43,1.1538461538461537,0.625,110.18890324379697,0.9727740279494171,-0.017861317913990815,0
eicu,171,3,446,392,2299,26,5.154708520179372,43,1.1538461538461537,0.625,84.085232484958,0.9719388335193819,-0.10764343286916989,0
eicu,171,4,446,222,1237,26,2.773542600896861,43,1.1538461538461537,0.47619047619047616,104.16555262803683,0.9641803588594693,0.02224991632620113,1
eicu,171,4,446,222,1237,26,2.773542600896861,43,1.1538461538461537,0.47619047619047616,100.58114848311665,0.9616386616307653,-0.00505335440331256,0
eicu,171,4,446,222,1875,26,4.2040358744394615,43,1.1538461538461537,0.5121951219512195,163.41397192686105,0.9796878827939204,0.006976031171637059,1
eicu,171,4,446,222,1875,26,4.2040358744394615,43,1.1538461538461537,0.525,119.43047530201375,0.9766750502512769,-0.028519234787867498,0
eicu,171,4,446,284,3563,26,7.988789237668161,43,1.1538461538461537,0.5625,201.46015883026163,0.9842435690732868,-0.011075953077219092,0
eicu,171,4,446,284,3563,26,7.988789237668161,43,1.1538461538461537,0.5625,105.98989665085502,0.9734855391828137,-0.0827497572630542,0
eicu,171,4,446,284,3675,26,8.239910313901346,43,1.1538461538461537,0.5121951219512195,97.87957470426277,0.9665878087045373,0.015146046697148752,1
eicu,171,4,446,284,3675,26,8.239910313901346,43,1.1538461538461537,0.5121951219512195,121.22363424632624,0.9758943525280664,-0.03189251764498546,0
eicu,171,2,446,284,2050,26,4.596412556053812,43,1.1538461538461537,0.7586206896551724,117.0956990746655,0.9829179334988805,0.009641318224806072,1
eicu,171,2,446,284,2050,26,4.596412556053812,43,1.1538461538461537,0.6875,56.458509848752556,0.9630773646204637,-0.15767652141314095,0
eicu,171,4,446,261,2692,26,6.0358744394618835,43,1.1538461538461537,0.625,114.2989417489149,0.9775067239400387,0.008347067124568591,1
eicu,171,4,446,261,2692,26,6.0358744394618835,43,1.1538461538461537,0.625,94.24762552093603,0.9632537885011095,-0.08035603928383148,0
eicu,171,4,446,291,2002,26,4.488789237668161,43,1.1538461538461537,0.5625,156.39993464172454,0.9780925058720134,-0.012690935682638627,0
eicu,171,4,446,291,2002,26,4.488789237668161,43,1.1538461538461537,0.5625,142.65864550873152,0.9719610403860509,-0.04605833217065658,0
eicu,171,4,446,233,1942,26,4.354260089686099,43,1.1538461538461537,0.6428571428571429,113.51390222102431,0.9721394228221374,0.002373811867158737,1
eicu,171,4,446,233,1942,26,4.354260089686099,43,1.1538461538461537,0.6428571428571429,225.4696781483441,0.9822592552894485,-0.07748222764647589,0
eicu,171,2,446,446,1421,26,3.18609865470852,43,1.1538461538461537,0.625,131.3284270856763,0.9847710046911988,-0.01131172839840261,0
eicu,171,2,446,446,1421,26,3.18609865470852,43,1.1538461538461537,0.625,66.41377486260618,0.9698857653530836,-0.08392756654541983,0
eicu,171,2,446,368,958,26,2.1479820627802693,43,1.1538461538461537,0.5526315789473685,31.184015978045018,0.9338854572219648,0.058953477981358,1
eicu,171,2,446,368,958,26,2.1479820627802693,43,1.1538461538461537,0.5675675675675675,17.770262238980173,0.8967345540778291,-0.029754010411218335,0
eicu,176,4,1071,505,2274,27,2.123249299719888,100,2.5925925925925926,0.5,116.79359436969204,0.9769317677876801,0.02771180701118317,1
eicu,176,4,1071,505,2274,27,2.123249299719888,100,2.5925925925925926,0.5,83.09890332187595,0.9670575557499796,0.024375921008390533,1
eicu,176,3,1071,348,2965,27,2.76844070961718,100,2.5925925925925926,0.5294117647058824,199.44028424252832,0.9891025469716114,-0.06406160866781724,0
eicu,176,3,1071,348,2965,27,2.76844070961718,100,2.5925925925925926,0.5625,315.4254898031026,0.9920671013061629,0.01617986467071597,1
eicu,176,3,1071,501,2147,27,2.0046685340802988,100,2.5925925925925926,0.475,172.82538414931335,0.9849076908086777,0.09441811852062804,1
eicu,176,3,1071,501,2147,27,2.0046685340802988,100,2.5925925925925926,0.4523809523809524,300.48452131382106,0.9935704779274689,0.04525886787601774,1
eicu,176,4,1071,212,4043,27,3.7749766573295984,100,2.5925925925925926,0.5238095238095238,150.86817880288652,0.9807215264418336,0.041715147422432985,1
eicu,176,4,1071,212,4043,27,3.7749766573295984,100,2.5925925925925926,0.5238095238095238,126.55327002267578,0.9735822276622117,0.020410574122196434,1
eicu,176,4,1071,332,1507,27,1.4070961718020543,100,2.5925925925925926,0.6060606060606061,109.2943035722336,0.9757959314295404,-0.017248179888721266,0
eicu,176,4,1071,332,1507,27,1.4070961718020543,100,2.5925925925925926,0.6060606060606061,90.97600029011791,0.9595130775667577,-0.06351692919866336,0
eicu,176,3,1071,280,1456,27,1.3594771241830066,100,2.5925925925925926,0.6363636363636364,74.38735981786664,0.9730106509956524,0.0019175088463006806,1
eicu,176,3,1071,280,1456,27,1.3594771241830066,100,2.5925925925925926,0.6363636363636364,164.51950774137896,0.9858540359799195,-0.010474375953482828,0
eicu,176,2,1071,262,546,27,0.5098039215686274,100,2.5925925925925926,0.47058823529411764,64.97439119345385,0.9739990493501257,-0.00063187813878543,0
eicu,176,2,1071,262,546,27,0.5098039215686274,100,2.5925925925925926,0.47058823529411764,23.725726175795057,0.9578516588874655,0.05756126766958053,1
eicu,176,1,1071,555,555,27,0.5182072829131653,100,2.5925925925925926,0.65625,56.1657126196229,0.9821955432708135,-0.010438083296280432,0
eicu,176,1,1071,555,555,27,0.5182072829131653,100,2.5925925925925926,0.65625,16.095767657424542,0.9378718666121695,-0.026610102971788507,0
eicu,176,1,1071,224,224,27,0.20915032679738563,100,2.5925925925925926,0.625,56.722718042644715,0.9813896415100622,-0.0067597040051097235,0
eicu,176,1,1071,224,224,27,0.20915032679738563,100,2.5925925925925926,0.625,32.01494580395143,0.9683695766546512,-0.0285533847541245,0
eicu,176,1,1071,335,335,27,0.3127917833800187,100,2.5925925925925926,0.71875,36.661415366922114,0.9727233662423668,-0.017574049202942588,0
eicu,176,1,1071,335,335,27,0.3127917833800187,100,2.5925925925925926,0.71875,18.726558234072353,0.9465999043977802,-0.06254524292118124,0
eicu,176,2,1071,423,2184,27,2.0392156862745097,100,2.5925925925925926,0.6363636363636364,165.89007526095185,0.9879438236624227,-0.017494058087233005,0
eicu,176,2,1071,423,2184,27,2.0392156862745097,100,2.5925925925925926,0.6363636363636364,76.15997589514984,0.9737394874867946,-0.07548747887625123,0
eicu,176,1,1071,835,835,27,0.7796451914098973,100,2.5925925925925926,0.7037037037037037,96.33201463721312,0.989619235061511,-0.019297447516638255,0
eicu,176,1,1071,835,835,27,0.7796451914098973,100,2.5925925925925926,0.7037037037037037,60.550264847415605,0.9834847956070883,-0.03344906376217227,0
eicu,180,4,212,212,3299,31,15.56132075471698,20,0.45161290322580644,0.375,143.53660048153904,0.9842401830506599,0.20358566871724768,1
eicu,180,4,212,212,3299,31,15.56132075471698,20,0.45161290322580644,0.3333333333333333,86.49137842005524,0.9755621209074414,0.1538149806553038,1
eicu,180,4,212,212,1525,31,7.193396226415095,20,0.45161290322580644,0.5405405405405406,53.35958457132875,0.9274170046259738,0.1952195666805467,1
eicu,180,4,212,212,1525,31,7.193396226415095,20,0.45161290322580644,0.5405405405405406,49.10569186479391,0.9284641942592256,0.021739420880700938,1
eicu,180,3,212,212,1775,31,8.372641509433961,20,0.45161290322580644,0.6875,184.40869814494374,0.9837317868941191,0.28574487107095803,1
eicu,180,3,212,212,1775,31,8.372641509433961,20,0.45161290322580644,0.6875,57.783736096409484,0.9511468938034844,-0.007089588464531546,0
eicu,180,4,212,212,2934,31,13.839622641509434,20,0.45161290322580644,0.38461538461538464,73.86869152056929,0.9648162496079948,0.24981644172820647,1
eicu,180,4,212,212,2934,31,13.839622641509434,20,0.45161290322580644,0.38461538461538464,48.82927447031841,0.9448248660464442,0.08167296190045964,1
eicu,180,1,212,212,437,31,2.061320754716981,20,0.45161290322580644,0.96875,17.711845719198536,0.9435406102868171,0.2671571991693943,1
eicu,180,1,212,212,437,31,2.061320754716981,20,0.45161290322580644,0.96875,11.27995973627634,0.911347201286189,-0.0015154777562325916,0
eicu,180,3,212,212,2464,31,11.622641509433961,20,0.45161290322580644,0.42857142857142855,31.601058694023223,0.965383515853314,0.1634018759018759,1
eicu,180,3,212,212,2464,31,11.622641509433961,20,0.45161290322580644,0.42857142857142855,29.170574506661822,0.9450964480147458,-0.01529346702027884,0
eicu,180,2,212,212,784,31,3.69811320754717,20,0.45161290322580644,0.59375,57.23413274134512,0.9650558171460641,0.20055916305916308,1
eicu,180,2,212,212,784,31,3.69811320754717,20,0.45161290322580644,0.59375,54.84661984312144,0.9680862007864101,-0.014166590844482171,0
eicu,180,3,212,212,4329,31,20.419811320754718,20,0.45161290322580644,0.45,169.4485987345175,0.9856765507807146,0.20243419565708717,1
eicu,180,3,212,212,4329,31,20.419811320754718,20,0.45161290322580644,0.45,138.22425801405223,0.9812415280466493,0.11510637062956725,1
eicu,180,4,212,212,2655,31,12.523584905660377,20,0.45161290322580644,0.47368421052631576,92.7743225723708,0.978442310926713,0.23903935212074742,1
eicu,180,4,212,212,2655,31,12.523584905660377,20,0.45161290322580644,0.4864864864864865,67.06205108069159,0.9562641145799864,0.07407388499009396,1
eicu,180,1,212,212,1561,31,7.363207547169812,20,0.45161290322580644,0.8108108108108109,17.89857555784805,0.9420842718522351,0.21200555979967747,1
eicu,180,1,212,212,1561,31,7.363207547169812,20,0.45161290322580644,0.8571428571428571,5.8795436394508656,0.8289756366932239,0.053216940137471413,1
eicu,180,2,212,212,780,31,3.6792452830188678,20,0.45161290322580644,0.7741935483870968,67.92393085736119,0.9705552965684516,0.24422502252962017,1
eicu,180,2,212,212,780,31,3.6792452830188678,20,0.45161290322580644,0.6666666666666666,40.76018488361336,0.9509325091210749,0.05198183546446472,1
eicu,180,2,212,212,1316,31,6.2075471698113205,20,0.45161290322580644,0.5384615384615384,27.37343975375948,0.9277074110888559,0.19108733660319652,1
eicu,180,2,212,212,1316,31,6.2075471698113205,20,0.45161290322580644,0.5384615384615384,24.279542251253858,0.9372307411007029,-0.0016281392095836011,0
eicu,181,4,417,247,1463,32,3.5083932853717026,69,1.5,0.575,148.10970320389612,0.9844331994370035,0.17802216957918987,1
eicu,181,4,417,247,1463,32,3.5083932853717026,69,1.5,0.6052631578947368,88.13304281455758,0.9689945083057365,0.06273679235026497,1
eicu,181,4,417,297,2456,32,5.889688249400479,69,1.5,0.5588235294117647,67.10943952550598,0.964444509978133,0.13197917760345962,1
eicu,181,4,417,297,2456,32,5.889688249400479,69,1.5,0.5588235294117647,74.97441231732378,0.9599863485784628,-0.06752938930985353,0
eicu,181,3,417,222,1734,32,4.158273381294964,69,1.5,0.5897435897435898,188.77187985022735,0.9889836273179844,0.05717365489890719,1
eicu,181,3,417,222,1734,32,4.158273381294964,69,1.5,0.5609756097560976,109.07270640881265,0.9724954106414507,0.0014939526965782046,1
eicu,181,4,417,212,2626,32,6.2973621103117505,69,1.5,0.5121951219512195,154.23943834849416,0.9740440802318255,0.08485976707174014,1
eicu,181,4,417,212,2626,32,6.2973621103117505,69,1.5,0.4878048780487805,85.9782055358528,0.9719340871543476,0.0780654535976848,1
eicu,181,1,417,417,1365,32,3.273381294964029,69,1.5,0.6341463414634146,20.904790317626784,0.9521636814310389,0.2579224855992673,1
eicu,181,1,417,417,1365,32,3.273381294964029,69,1.5,0.6341463414634146,32.63851696616842,0.9693362443961755,-0.06531336496016193,0
eicu,181,3,417,284,2519,32,6.040767386091127,69,1.5,0.5365853658536586,149.93061719796296,0.9847475807759223,0.2624853771733466,1
eicu,181,3,417,284,2519,32,6.040767386091127,69,1.5,0.5365853658536586,96.11741173614054,0.9698486019463629,-0.011782731604264352,0
eicu,181,4,417,233,1619,32,3.882494004796163,69,1.5,0.43902439024390244,90.87412046246038,0.9645826848992595,-0.24618624164796535,0
eicu,181,4,417,233,1619,32,3.882494004796163,69,1.5,0.45,82.92993790159906,0.9677533257427392,-0.3361243345651457,0
eicu,181,2,417,367,945,32,2.2661870503597124,69,1.5,0.65,78.67522703680756,0.9813944553699288,0.22338099257114602,1
eicu,181,2,417,367,945,32,2.2661870503597124,69,1.5,0.65,92.61629065891609,0.9783060819638486,0.10449874058010766,1
eicu,181,1,417,284,284,32,0.6810551558752997,69,1.5,0.8484848484848485,21.3394460426004,0.9482541386758323,0.14357430949536942,1
eicu,181,1,417,284,284,32,0.6810551558752997,69,1.5,0.8484848484848485,9.818314429351556,0.8976202039511054,-0.0831195838162665,0
eicu,181,1,417,329,329,32,0.7889688249400479,69,1.5,0.90625,8.945337244002028,0.8882099162141133,-0.07619705719982145,0
eicu,181,1,417,329,329,32,0.7889688249400479,69,1.5,0.90625,6.374236655700106,0.8431184698632489,-0.08847544960082948,0
eicu,181,2,417,417,1043,32,2.501199040767386,69,1.5,0.78125,59.05003720642706,0.9700022596073206,0.03623989338939809,1
eicu,181,2,417,417,1043,32,2.501199040767386,69,1.5,0.78125,43.277247362089824,0.9514176189886098,-0.16108994388770742,0
eicu,181,2,417,310,627,32,1.5035971223021583,69,1.5,0.90625,29.821118928021345,0.9320854779362979,-0.07639149727878825,0
eicu,181,2,417,310,627,32,1.5035971223021583,69,1.5,0.90625,18.149704298396063,0.8898053672325259,-0.03809923192683873,0
eicu,183,4,811,331,2574,32,3.1738594327990137,121,2.65625,0.2926829268292683,55.034233114216406,0.9620271914754651,0.06685826932699768,1
eicu,183,4,811,331,2574,32,3.1738594327990137,121,2.65625,0.2926829268292683,154.78189441758275,0.9806178880851117,0.08753048313059875,1
eicu,183,3,811,261,1148,32,1.4155363748458694,121,2.65625,0.5789473684210527,42.35666455367565,0.9405312339806692,0.051148237310458644,1
eicu,183,3,811,261,1148,32,1.4155363748458694,121,2.65625,0.5263157894736842,132.53950465370025,0.9805273307295617,0.1391858663962784,1
eicu,183,3,811,435,1526,32,1.8816276202219482,121,2.65625,0.5476190476190477,38.70294763385818,0.9360348974531536,0.06679586623931111,1
eicu,183,3,811,435,1526,32,1.8816276202219482,121,2.65625,0.5476190476190477,68.67025296091522,0.9563129612802286,0.15040717794452318,1
eicu,183,4,811,310,1520,32,1.87422934648582,121,2.65625,0.90625,134.14303192301608,0.9701343957229105,0.021377735193106095,1
eicu,183,4,811,310,1520,32,1.87422934648582,121,2.65625,0.875,201.09215100515723,0.9824335327454516,0.09476385725122499,1
eicu,183,4,811,555,4284,32,5.282367447595561,121,2.65625,0.4878048780487805,65.06533796973781,0.9669946433987087,-0.21091405905618069,0
eicu,183,4,811,555,4284,32,5.282367447595561,121,2.65625,0.5,157.38263811348034,0.9745842359236868,-0.1806830779975623,0
eicu,183,2,811,312,2519,32,3.1060419235511714,121,2.65625,0.6285714285714286,87.14514096144715,0.9810048542408158,0.007652688885553427,1
eicu,183,2,811,312,2519,32,3.1060419235511714,121,2.65625,0.6285714285714286,69.9524726010049,0.9792303128819463,0.05074292053820767,1
eicu,183,3,811,435,2779,32,3.4266337854500617,121,2.65625,0.6875,161.48800054459196,0.9859997209612598,-0.029169508856532356,0
eicu,183,3,811,435,2779,32,3.4266337854500617,121,2.65625,0.6875,95.31444824203125,0.9759495061366941,0.06524548580863898,1
eicu,183,2,811,317,649,32,0.8002466091245376,121,2.65625,0.84375,59.737117303775605,0.9676451996812088,-0.06768892094802756,0
eicu,183,2,811,317,649,32,0.8002466091245376,121,2.65625,0.875,55.0200889194281,0.9707999276653613,-0.035041351967170564,0
eicu,183,1,811,539,539,32,0.6646115906288532,121,2.65625,0.90625,45.607175763441255,0.9780736258437296,0.02134168073030973,1
eicu,183,1,811,539,539,32,0.6646115906288532,121,2.65625,0.90625,26.007611014886113,0.9615497171413543,-0.03402189989764409,0
eicu,183,3,811,261,1804,32,2.224414303329223,121,2.65625,0.59375,99.78579476775697,0.9802383057446744,-0.045513398814153005,0
eicu,183,3,811,261,1804,32,2.224414303329223,121,2.65625,0.59375,96.76659612445783,0.9770806480066984,0.020790361525815204,1
eicu,183,4,811,233,1509,32,1.8606658446362516,121,2.65625,0.65625,121.44693714489068,0.9680326812418695,-0.020339673064292352,0
eicu,183,4,811,233,1509,32,1.8606658446362516,121,2.65625,0.5675675675675675,229.53545363544663,0.9837893953805781,0.06788800723081045,1
eicu,183,1,811,367,367,32,0.4525277435265105,121,2.65625,0.675,12.096809121654978,0.9173335720235628,0.08207903635580316,1
eicu,183,1,811,367,367,32,0.4525277435265105,121,2.65625,0.675,17.77942118972761,0.9437551993774821,0.11099096800541991,1
eicu,184,3,437,437,7033,32,16.093821510297484,74,1.625,0.4878048780487805,95.01222025100452,0.9823950675694622,-0.10308542494948925,0
eicu,184,3,437,437,7033,32,16.093821510297484,74,1.625,0.4878048780487805,101.74239854618264,0.9772604258204503,0.01684568540503617,1
eicu,184,1,437,222,222,32,0.5080091533180778,74,1.625,0.75,43.35171005897788,0.970901461070945,-0.04329676815096106,0
eicu,184,1,437,222,222,32,0.5080091533180778,74,1.625,0.75,13.415272833884863,0.9194525632364736,-0.03314139240630071,0
eicu,184,3,437,261,923,32,2.1121281464530894,74,1.625,0.5625,93.76545126697815,0.9680052731633733,-0.08427979651142559,0
eicu,184,3,437,261,923,32,2.1121281464530894,74,1.625,0.5625,110.90538901938169,0.9735084948403384,0.0674453810712346,1
eicu,184,4,437,348,2153,32,4.926773455377575,74,1.625,0.4878048780487805,160.49994059756628,0.978109026860234,-0.08665073715996102,0
eicu,184,4,437,348,2153,32,4.926773455377575,74,1.625,0.4878048780487805,93.43546399674523,0.9742585317654625,0.045002974728962086,1
eicu,184,4,437,312,2423,32,5.54462242562929,74,1.625,0.5121951219512195,107.56818041049911,0.9658084872546748,-0.057071249359126386,0
eicu,184,4,437,312,2423,32,5.54462242562929,74,1.625,0.5121951219512195,146.887196836619,0.983525494374955,0.011717416570917405,1
eicu,184,2,437,437,1167,32,2.670480549199085,74,1.625,0.5897435897435898,137.5702494341146,0.9854525520517643,-0.12471713804266649,0
eicu,184,2,437,437,1167,32,2.670480549199085,74,1.625,0.5609756097560976,87.21084640911656,0.9770385427411417,-0.06877253852892268,0
eicu,184,3,437,383,2472,32,5.65675057208238,74,1.625,0.5121951219512195,177.79959712574504,0.9846060667131272,-0.10666198973724483,0
eicu,184,3,437,383,2472,32,5.65675057208238,74,1.625,0.5121951219512195,64.7401020008341,0.957391780659579,-0.03295582760970467,0
eicu,184,3,437,417,1831,32,4.189931350114416,74,1.625,0.625,72.3297455326191,0.9704146118530441,-0.08186415519098483,0
eicu,184,3,437,417,1831,32,4.189931350114416,74,1.625,0.625,47.91939234008183,0.9430529727765569,0.00965064933589943,1
eicu,184,3,437,291,2153,32,4.926773455377575,74,1.625,0.65625,99.1780656660434,0.9702207763015138,0.005779029081692588,1
eicu,184,3,437,291,2153,32,4.926773455377575,74,1.625,0.65625,125.63449089681558,0.974898862291358,-0.007677076293503893,0
eicu,184,2,437,341,1392,32,3.185354691075515,74,1.625,0.5238095238095238,106.97621577580944,0.9815786683824573,-0.2762866719109616,0
eicu,184,2,437,341,1392,32,3.185354691075515,74,1.625,0.5238095238095238,133.6388532997975,0.988252983018801,-0.1969143140712757,0
eicu,184,3,437,329,1053,32,2.4096109839816933,74,1.625,0.47619047619047616,77.9214721046319,0.9741422560867401,-0.27751292948394946,0
eicu,184,3,437,329,1053,32,2.4096109839816933,74,1.625,0.47619047619047616,89.19318176168186,0.9692624906531623,-0.19337657814269327,0
eicu,184,2,437,214,447,32,1.022883295194508,74,1.625,0.6363636363636364,42.25902381443787,0.9546504671875906,0.028779040055004146,1
eicu,184,2,437,214,447,32,1.022883295194508,74,1.625,0.6363636363636364,19.362363679481984,0.9241450089544477,0.0002388590353038511,1
eicu,188,4,1051,297,3244,22,3.086584205518554,120,3.8181818181818183,0.5714285714285714,106.70355628358895,0.9752069927120793,0.12366341586833296,1
eicu,188,4,1051,297,3244,22,3.086584205518554,120,3.8181818181818183,0.6060606060606061,119.57823640846544,0.9806262114688356,0.07873582335692075,1
eicu,188,1,1051,222,222,22,0.21122740247383445,120,3.8181818181818183,0.9166666666666666,28.66735157713562,0.9650136303904382,0.024058141312396752,1
eicu,188,1,1051,222,222,22,0.21122740247383445,120,3.8181818181818183,0.9166666666666666,49.5501212654259,0.9792208338816855,0.016893345147676042,1
eicu,188,4,1051,348,1957,22,1.8620361560418648,120,3.8181818181818183,0.5142857142857142,140.26252019368874,0.9779271020968123,0.005791128328057393,1
eicu,188,4,1051,348,1957,22,1.8620361560418648,120,3.8181818181818183,0.5454545454545454,172.23830535315454,0.9844694309962769,-0.0011160240487549378,0
eicu,188,3,1051,233,2454,22,2.334919124643197,120,3.8181818181818183,0.525,111.10846216868856,0.9767040998725489,0.07207318498984469,1
eicu,188,3,1051,233,2454,22,2.334919124643197,120,3.8181818181818183,0.525,248.371039950471,0.9879212971021168,0.007848550431449386,1
eicu,188,3,1051,224,1248,22,1.1874405328258801,120,3.8181818181818183,0.625,107.05092633471438,0.9719759547841749,0.07552565930228022,1
eicu,188,3,1051,224,1248,22,1.1874405328258801,120,3.8181818181818183,0.625,100.17721947870007,0.9739353001547927,0.018274887425767605,1
eicu,188,1,1051,588,588,22,0.5594671741198858,120,3.8181818181818183,0.6111111111111112,30.97731878844371,0.9676044721852475,-0.10084172763300991,0
eicu,188,1,1051,588,588,22,0.5594671741198858,120,3.8181818181818183,0.6666666666666666,8.456108677520042,0.8579248486888529,-0.17001223630373657,0
eicu,188,1,1051,1051,1316,22,1.2521408182683158,120,3.8181818181818183,0.6774193548387096,37.63587531955997,0.9734296069505713,0.061860034039340706,1
eicu,188,1,1051,1051,1316,22,1.2521408182683158,120,3.8181818181818183,0.6774193548387096,43.32318411711768,0.9769176707488385,0.013724836596412548,1
eicu,188,2,1051,262,1849,22,1.7592768791627023,120,3.8181818181818183,0.5666666666666667,53.513556726911716,0.976027292988852,0.06694309386241551,1
eicu,188,2,1051,262,1849,22,1.7592768791627023,120,3.8181818181818183,0.5666666666666667,85.15680639447064,0.97618651650303,-0.0049872846912450974,0
eicu,188,2,1051,329,1412,22,1.3434823977164605,120,3.8181818181818183,0.48717948717948717,94.3221483944587,0.9787267363082439,0.0954455410253503,1
eicu,188,2,1051,329,1412,22,1.3434823977164605,120,3.8181818181818183,0.48717948717948717,44.558364649305446,0.9543450391362687,-0.011737811336968496,0
eicu,188,3,1051,261,1171,22,1.1141769743101808,120,3.8181818181818183,0.6666666666666666,102.70125123444811,0.9725294086254033,0.045928255938937124,1
eicu,188,3,1051,261,1171,22,1.1141769743101808,120,3.8181818181818183,0.6666666666666666,220.68895262573727,0.986652152961029,-0.07390538290436327,0
eicu,188,2,1051,317,934,22,0.8886774500475737,120,3.8181818181818183,0.5555555555555556,81.78258432440126,0.9755449156257188,0.07399008975356369,1
eicu,188,2,1051,317,934,22,0.8886774500475737,120,3.8181818181818183,0.5555555555555556,28.845468514761972,0.9590403920686066,-0.06999180048519893,0
eicu,188,2,1051,233,1999,22,1.9019980970504282,120,3.8181818181818183,0.9565217391304348,118.45116220824704,0.9831154041656102,0.018016701499508514,1
eicu,188,2,1051,233,1999,22,1.9019980970504282,120,3.8181818181818183,0.9565217391304348,138.19576347880042,0.9855277763250188,0.03446491079192371,1
eicu,195,1,588,357,357,36,0.6071428571428571,43,0.8333333333333334,0.5365853658536586,22.13670643839008,0.9548207480568778,0.010174049926332529,1
eicu,195,1,588,357,357,33,0.6071428571428571,43,0.9090909090909091,0.5789473684210527,9.612397770156047,0.8958072111452079,0.01059275342007232,1
eicu,195,2,588,340,827,36,1.4064625850340136,43,0.8333333333333334,0.4878048780487805,56.09826125974479,0.9643482711391063,0.0428985756967209,1
eicu,195,2,588,340,827,33,1.4064625850340136,43,0.9090909090909091,0.5263157894736842,37.811849618265114,0.9471065282393937,-0.046531942722987496,0
eicu,195,2,588,539,1115,36,1.8962585034013606,43,0.8333333333333334,0.5476190476190477,19.474059451904836,0.9426191701198949,-0.022444531200842943,0
eicu,195,2,588,539,1115,33,1.8962585034013606,43,0.9090909090909091,0.5,20.599927141832126,0.9184580035153728,-0.0354495484379187,0
eicu,195,2,588,214,715,36,1.215986394557823,43,0.8333333333333334,0.5238095238095238,23.45788212545124,0.9368822291517138,-0.04052033880414632,0
eicu,195,2,588,214,715,33,1.215986394557823,43,0.9090909090909091,0.5,40.386591157197834,0.9619901855641282,-0.03458425929740533,0
eicu,195,4,588,332,3830,36,6.51360544217687,43,0.8333333333333334,0.5121951219512195,83.83862030853803,0.976180608405695,-0.08399521199524251,0
eicu,195,4,588,332,3830,33,6.51360544217687,43,0.9090909090909091,0.525,93.40969751051122,0.9629996525950978,-0.19084682395538483,0
eicu,195,3,588,212,1050,36,1.7857142857142858,43,0.8333333333333334,0.38095238095238093,95.0925560914416,0.9782958790857472,0.08369994485635335,1
eicu,195,3,588,212,1050,33,1.7857142857142858,43,0.9090909090909091,0.3902439024390244,52.53510313808313,0.9595628966630084,-0.07707872647299552,0
eicu,195,1,588,588,811,36,1.379251700680272,43,0.8333333333333334,0.6585365853658537,22.938225462483622,0.956404648579484,0.031768678470210476,1
eicu,195,1,588,588,811,33,1.379251700680272,43,0.9090909090909091,0.625,37.2510185150232,0.9731550964278546,-0.12908892169812772,0
eicu,195,4,588,221,2328,36,3.9591836734693877,43,0.8333333333333334,0.35714285714285715,83.57519490594828,0.9743810921020506,0.04604777764668533,1
eicu,195,4,588,221,2328,33,3.9591836734693877,43,0.9090909090909091,0.36585365853658536,43.5592463721091,0.917260613368283,-0.0993054241079232,0
eicu,195,1,588,293,293,36,0.49829931972789115,43,0.8333333333333334,0.5833333333333334,10.23032543292582,0.9022513988869262,-0.006631404786407724,0
eicu,195,1,588,293,293,33,0.49829931972789115,43,0.9090909090909091,0.5454545454545454,3.5333256016725816,0.7166289857224857,0.006199541588051527,1
eicu,195,2,588,367,1284,36,2.183673469387755,43,0.8333333333333334,0.5121951219512195,30.104345431692376,0.9381079247647146,0.05727427159975934,1
eicu,195,2,588,367,1284,33,2.183673469387755,43,0.9090909090909091,0.55,44.7335046449853,0.9552907822476144,-0.023599506508501455,0
eicu,195,1,588,310,310,36,0.5272108843537415,43,0.8333333333333334,0.6097560975609756,11.426354437831947,0.9124830228713139,-0.03284704730491883,0
eicu,195,1,588,310,310,33,0.5272108843537415,43,0.9090909090909091,0.55,9.868154161518447,0.8986636538850283,-0.10096934245960024,0
eicu,195,1,588,588,974,36,1.6564625850340136,43,0.8333333333333334,0.8,22.167622758481052,0.9539981991281206,-0.0006182322694470721,0
eicu,195,1,588,588,974,33,1.6564625850340136,43,0.9090909090909091,0.8157894736842105,18.597676044980815,0.9462298408907986,0.003867241669633481,1
eicu,197,3,870,247,934,23,1.0735632183908046,93,2.8260869565217392,0.5405405405405406,137.33945587520807,0.9790009038513553,-0.0599031026383115,0
eicu,197,3,870,247,934,23,1.0735632183908046,93,2.8260869565217392,0.6451612903225806,61.740647174077814,0.9636672268020596,-0.024996697597218315,0
eicu,197,2,870,332,689,23,0.7919540229885057,93,2.8260869565217392,0.7,48.38902112567894,0.9640821817070521,-0.03828974491298248,0
eicu,197,2,870,332,689,23,0.7919540229885057,93,2.8260869565217392,0.6774193548387096,49.37955486743362,0.9618188080258985,0.0049176169833220484,1
eicu,197,1,870,870,3039,23,3.4931034482758623,93,2.8260869565217392,0.75,78.20611148476047,0.987213275522657,-0.04019975261127068,0
eicu,197,1,870,870,3039,23,3.4931034482758623,93,2.8260869565217392,0.75,31.742159585395488,0.9684961573799126,0.040163084721301034,1
eicu,197,3,870,212,2877,23,3.306896551724138,93,2.8260869565217392,0.5882352941176471,129.579845424291,0.9836833582525024,-0.0392181666203239,0
eicu,197,3,870,212,2877,23,3.306896551724138,93,2.8260869565217392,0.5882352941176471,91.48182312155927,0.9732082405993291,0.10564515759944543,1
eicu,197,1,870,501,501,23,0.5758620689655173,93,2.8260869565217392,0.6470588235294118,49.40358438925135,0.9797561843320428,-0.0388889193990809,0
eicu,197,1,870,501,501,23,0.5758620689655173,93,2.8260869565217392,0.6111111111111112,43.66797183729331,0.9766935155338641,0.035488274681117704,1
eicu,197,4,870,212,1370,23,1.5747126436781609,93,2.8260869565217392,0.6774193548387096,113.22391526535299,0.9646096424053807,-0.037143009874416544,0
eicu,197,4,870,212,1370,23,1.5747126436781609,93,2.8260869565217392,0.6774193548387096,72.92095350330706,0.9535859583066602,0.009652121525727309,1
eicu,197,2,870,588,1562,23,1.7954022988505747,93,2.8260869565217392,0.575,80.61372138434389,0.9759098202096446,-0.0013845773001752715,0
eicu,197,2,870,588,1562,23,1.7954022988505747,93,2.8260869565217392,0.6052631578947368,69.00612332128513,0.9710170648090429,0.06058398506979368,1
eicu,197,2,870,291,908,23,1.0436781609195402,93,2.8260869565217392,0.6666666666666666,77.22751126974674,0.9812581154089072,-0.021808825276955768,0
eicu,197,2,870,291,908,23,1.0436781609195402,93,2.8260869565217392,0.6666666666666666,107.58870807947963,0.9859386279705421,-0.027147958111061354,0
eicu,197,2,870,435,990,23,1.1379310344827587,93,2.8260869565217392,0.5806451612903226,71.21394259321434,0.9689549724215365,-0.06799271532510837,0
eicu,197,2,870,435,990,23,1.1379310344827587,93,2.8260869565217392,0.5806451612903226,88.64106265225855,0.9770937637367743,-0.044325270208499135,0
eicu,197,2,870,224,1085,23,1.2471264367816093,93,2.8260869565217392,0.6451612903225806,45.652737479855546,0.9560614621895234,-0.03613340810843457,0
eicu,197,2,870,224,1085,23,1.2471264367816093,93,2.8260869565217392,0.6451612903225806,62.6665660225849,0.9734724401065993,-0.021313158710737745,0
eicu,197,2,870,423,3052,23,3.5080459770114945,93,2.8260869565217392,0.6451612903225806,69.82762336418075,0.9713580399325759,-0.002839834667383745,0
eicu,197,2,870,423,3052,23,3.5080459770114945,93,2.8260869565217392,0.6451612903225806,37.783259830304225,0.9543270375237224,0.07951603227976128,1
eicu,197,1,870,870,2207,23,2.5367816091954025,93,2.8260869565217392,0.8214285714285714,36.89989387436525,0.9728996510557796,-0.05677497105722357,0
eicu,197,1,870,870,2207,23,2.5367816091954025,93,2.8260869565217392,0.8214285714285714,50.03911346710241,0.9800156331575012,0.049731560442080935,1
eicu,198,3,341,222,1475,34,4.325513196480938,32,0.6470588235294118,0.5238095238095238,81.24400604513659,0.9630741989958829,0.11757312156566752,1
eicu,198,3,341,222,1475,35,4.325513196480938,32,0.6285714285714286,0.5238095238095238,90.79433417018907,0.9707903762273578,0.08805019560117276,1
eicu,198,4,341,214,1266,34,3.7126099706744866,32,0.6470588235294118,0.47619047619047616,79.98227627125934,0.9648946590407199,0.03304110562653864,1
eicu,198,4,341,214,1266,35,3.7126099706744866,32,0.6285714285714286,0.47619047619047616,71.12210890663347,0.9647035802703788,0.0879943298895186,1
eicu,198,3,341,247,1246,34,3.653958944281525,32,0.6470588235294118,0.5263157894736842,120.90201404436806,0.979283199243096,0.1212613942035548,1
eicu,198,3,341,247,1246,35,3.653958944281525,32,0.6285714285714286,0.5263157894736842,77.50806007356424,0.9684433416555783,0.12192541136246725,1
eicu,198,4,341,295,2179,34,6.390029325513196,32,0.6470588235294118,0.5,126.51064523865179,0.975366389425721,0.1737572656849794,1
eicu,198,4,341,295,2179,35,6.390029325513196,32,0.6285714285714286,0.5,133.50153419217523,0.9757292996952289,0.13646626839255088,1
eicu,198,2,341,331,777,34,2.278592375366569,32,0.6470588235294118,0.5405405405405406,32.693687511620354,0.9461699066534199,0.058509430503690146,1
eicu,198,2,341,331,777,35,2.278592375366569,32,0.6285714285714286,0.5675675675675675,29.589951942235572,0.9324094880618824,0.13422065701035224,1
eicu,198,4,341,212,2035,34,5.967741935483871,32,0.6470588235294118,0.4523809523809524,40.17549915950727,0.9685254282624398,0.046727332274204864,1
eicu,198,4,341,212,2035,35,5.967741935483871,32,0.6285714285714286,0.4523809523809524,34.107175014199434,0.9453555302592888,0.0876809441644371,1
eicu,198,4,341,335,1795,34,5.263929618768328,32,0.6470588235294118,0.5,95.48785428352207,0.9765355279725112,0.1931845079294403,1
eicu,198,4,341,335,1795,35,5.263929618768328,32,0.6285714285714286,0.525,82.79839359527418,0.9674855631765761,0.11864562838733043,1
eicu,198,3,341,341,2731,34,8.008797653958945,32,0.6470588235294118,0.5128205128205128,85.54877603029993,0.9717227909226896,0.056160077583096935,1
eicu,198,3,341,341,2731,35,8.008797653958945,32,0.6285714285714286,0.5,74.39609991724654,0.9676696529942721,0.09025350690529031,1
eicu,198,3,341,341,2858,34,8.381231671554252,32,0.6470588235294118,0.38095238095238093,62.63879673295003,0.9757417770696645,0.1332890500321675,1
eicu,198,3,341,341,2858,35,8.381231671554252,32,0.6285714285714286,0.40476190476190477,46.468028084387484,0.9587194711605098,0.0378892969802712,1
eicu,198,4,341,262,2438,34,7.149560117302053,32,0.6470588235294118,0.35714285714285715,53.10595810632168,0.9706882221667812,0.10614750114514021,1
eicu,198,4,341,262,2438,35,7.149560117302053,32,0.6285714285714286,0.35714285714285715,43.93479802698543,0.9456498163869809,0.11892641314834311,1
eicu,198,4,341,280,2310,34,6.774193548387097,32,0.6470588235294118,0.42857142857142855,67.24796731486771,0.9640379121147238,0.02003086170889501,1
eicu,198,4,341,280,2310,35,6.774193548387097,32,0.6285714285714286,0.42857142857142855,104.21496839124404,0.9831949181693542,0.09628561387766439,1
eicu,198,3,341,261,2318,34,6.797653958944282,32,0.6470588235294118,0.5405405405405406,88.8871938126551,0.9661744755908345,0.06037727180258898,1
eicu,198,3,341,261,2318,35,6.797653958944282,32,0.6285714285714286,0.5405405405405406,97.09392056493922,0.9807726180969272,0.08883040734902327,1
eicu,199,4,1316,340,2935,30,2.230243161094225,203,4.733333333333333,0.45454545454545453,82.6958456907191,0.9714486986696427,-0.02208979831688196,0
eicu,199,4,1316,340,2935,30,2.230243161094225,203,4.733333333333333,0.45454545454545453,134.320975875937,0.9801991301131161,0.05329651086656895,1
eicu,199,4,1316,284,1455,30,1.1056231003039514,203,4.733333333333333,0.6571428571428571,171.8231213656909,0.9819229372706937,0.029947419513473073,1
eicu,199,4,1316,284,1455,30,1.1056231003039514,203,4.733333333333333,0.575,197.90748812737192,0.9797885363618701,0.01972085238144572,1
eicu,199,4,1316,443,2188,30,1.662613981762918,203,4.733333333333333,0.4634146341463415,147.42784043391697,0.975584097763087,-0.14214119945621514,0
eicu,199,4,1316,443,2188,30,1.662613981762918,203,4.733333333333333,0.48717948717948717,99.89666258930124,0.9682753750039585,-0.03253825292208484,0
eicu,199,3,1316,212,2187,30,1.661854103343465,203,4.733333333333333,0.5714285714285714,91.82717602644723,0.9672213473085867,-0.04483943184687339,0
eicu,199,3,1316,212,2187,30,1.661854103343465,203,4.733333333333333,0.5714285714285714,62.4428617951538,0.9678373363235852,0.07017714899824079,1
eicu,199,2,1316,262,936,30,0.7112462006079028,203,4.733333333333333,0.5555555555555556,23.752504812148374,0.9227770121250318,-0.02744251993629887,0
eicu,199,2,1316,262,936,30,0.7112462006079028,203,4.733333333333333,0.5555555555555556,31.254540186570452,0.942226596799324,0.04987852301402723,1
eicu,199,2,1316,331,1166,30,0.8860182370820668,203,4.733333333333333,0.5,125.78821666602764,0.9841002595234332,-0.03621551669728196,0
eicu,199,2,1316,331,1166,30,0.8860182370820668,203,4.733333333333333,0.5,147.02322312089962,0.9890526200387876,-0.02047388308346873,0
eicu,199,3,1316,539,2850,30,2.1656534954407296,203,4.733333333333333,0.5,54.33894122009158,0.9631939828952628,-0.015174639831616266,0
eicu,199,3,1316,539,2850,30,2.1656534954407296,203,4.733333333333333,0.5,79.70704065311664,0.9751357368875258,0.05817305347896162,1
eicu,199,2,1316,284,1145,30,0.8700607902735562,203,4.733333333333333,0.6176470588235294,27.065457153626365,0.9453232995840685,-0.007369404807325175,0
eicu,199,2,1316,284,1145,30,0.8700607902735562,203,4.733333333333333,0.6176470588235294,58.95099919859629,0.9767697346440661,0.06361584324993064,1
eicu,199,2,1316,861,2622,30,1.9924012158054711,203,4.733333333333333,0.6470588235294118,54.741346970761256,0.9634645453450706,-0.03424360722649522,0
eicu,199,2,1316,861,2622,30,1.9924012158054711,203,4.733333333333333,0.6470588235294118,81.25649399478058,0.97568725092122,0.05398027785820142,1
eicu,199,1,1316,1226,1226,30,0.9316109422492401,203,4.733333333333333,0.8,16.92180002407255,0.9406990848082877,-0.0415472726050633,0
eicu,199,1,1316,1226,1226,30,0.9316109422492401,203,4.733333333333333,0.8333333333333334,10.869969098703262,0.9080034183244095,0.012174797279039307,1
eicu,199,2,1316,214,1148,30,0.8723404255319149,203,4.733333333333333,0.696969696969697,32.67930173239212,0.9428120914869954,0.06434608910013095,1
eicu,199,2,1316,214,1148,30,0.8723404255319149,203,4.733333333333333,0.696969696969697,37.023555260796655,0.9459803364125392,0.07241280765215807,1
eicu,199,2,1316,310,1244,30,0.9452887537993921,203,4.733333333333333,0.7058823529411765,23.613377119645,0.9139294292139353,0.05364781106465244,1
eicu,199,2,1316,310,1244,30,0.9452887537993921,203,4.733333333333333,0.6764705882352942,21.002163335314638,0.9020523895508796,0.02741642605746658,1
eicu,202,4,312,295,2065,29,6.618589743589744,54,1.3103448275862069,0.42857142857142855,138.19632926078958,0.9792604734483803,0.08853214106152363,1
eicu,202,4,312,295,2065,29,6.618589743589744,54,1.3103448275862069,0.42857142857142855,81.86566749986385,0.9633546016099486,0.1400284772826106,1
eicu,202,2,312,312,1804,29,5.782051282051282,54,1.3103448275862069,0.59375,57.869374730253035,0.9657266788850887,0.09700724276583339,1
eicu,202,2,312,312,1804,29,5.782051282051282,54,1.3103448275862069,0.5277777777777778,46.05667211978782,0.9681594698125592,0.016099477636494774,1
eicu,202,3,312,284,1481,29,4.746794871794871,54,1.3103448275862069,0.3142857142857143,83.0283355853097,0.9693805209918502,0.08283025252429008,1
eicu,202,3,312,284,1481,29,4.746794871794871,54,1.3103448275862069,0.3142857142857143,99.53885148418271,0.9728617361155056,0.03677567895882616,1
eicu,202,4,312,312,3276,29,10.5,54,1.3103448275862069,0.47368421052631576,251.03822935365528,0.9859967828409949,0.1095864273329023,1
eicu,202,4,312,312,3276,29,10.5,54,1.3103448275862069,0.47368421052631576,228.38801296423395,0.987125236230198,0.05640916090047443,1
eicu,202,3,312,284,2781,29,8.913461538461538,54,1.3103448275862069,0.6451612903225806,139.85150999267864,0.9840108528572742,0.051732860108314294,1
eicu,202,3,312,284,2781,29,8.913461538461538,54,1.3103448275862069,0.6451612903225806,76.80314928145526,0.9632134246920534,-0.07980819709433773,0
eicu,202,2,312,312,866,29,2.7756410256410255,54,1.3103448275862069,0.4523809523809524,23.478947438843857,0.9412046619336929,0.11022467266650487,1
eicu,202,2,312,312,866,29,2.7756410256410255,54,1.3103448275862069,0.4523809523809524,20.7864665554412,0.9037835509625629,0.1654589312055531,1
eicu,202,4,312,312,4228,29,13.551282051282051,54,1.3103448275862069,0.5588235294117647,210.5173356546566,0.9836003986871298,0.0706291809681866,1
eicu,202,4,312,312,4228,29,13.551282051282051,54,1.3103448275862069,0.5588235294117647,111.43119160601142,0.9758568082865648,0.0691302532353672,1
eicu,202,2,312,312,1355,29,4.342948717948718,54,1.3103448275862069,0.6451612903225806,65.41245624246719,0.9663291797232628,0.00410897462370699,1
eicu,202,2,312,312,1355,29,4.342948717948718,54,1.3103448275862069,0.5555555555555556,39.44809044708187,0.959274770324489,-0.04754909489582504,0
eicu,202,4,312,312,2266,29,7.262820512820513,54,1.3103448275862069,0.53125,59.7797030776738,0.965526648776831,0.1387151229057026,1
eicu,202,4,312,312,2266,29,7.262820512820513,54,1.3103448275862069,0.53125,55.65049970032801,0.9612237476427243,-0.027185962705830513,0
eicu,202,2,312,224,471,29,1.5096153846153846,54,1.3103448275862069,0.6388888888888888,77.28234128500246,0.9741208668533425,0.07412519477350635,1
eicu,202,2,312,224,471,29,1.5096153846153846,54,1.3103448275862069,0.7666666666666667,34.50697743424787,0.9420407074537042,-0.10898487443457228,0
eicu,202,1,312,291,291,29,0.9326923076923077,54,1.3103448275862069,0.65625,32.32671544250582,0.9690658334349329,0.05778313912706387,1
eicu,202,1,312,291,291,29,0.9326923076923077,54,1.3103448275862069,0.625,7.60209661553505,0.867174658672017,-0.012156021638303094,0
eicu,202,2,312,233,524,29,1.6794871794871795,54,1.3103448275862069,0.65625,61.76375976407659,0.9676185515966071,0.07658176102823888,1
eicu,202,2,312,233,524,29,1.6794871794871795,54,1.3103448275862069,0.625,21.73981919165906,0.9080029147267544,-7.544395429709416e-05,0
eicu,206,4,387,297,4880,34,12.609819121447028,92,1.8823529411764706,0.5,77.70388897442385,0.9613918937701117,0.020350535270092507,1
eicu,206,4,387,297,4880,34,12.609819121447028,92,1.8823529411764706,0.5,120.95793354430354,0.973714510031739,0.018656567854235417,1
eicu,206,4,387,284,3616,34,9.343669250645995,92,1.8823529411764706,0.5128205128205128,195.30177218427588,0.9838287626125686,0.017426721653447552,1
eicu,206,4,387,284,3616,34,9.343669250645995,92,1.8823529411764706,0.5128205128205128,182.609657983871,0.9780953535307902,0.038422655270114625,1
eicu,206,4,387,221,1817,34,4.695090439276486,92,1.8823529411764706,0.55,118.66702565002385,0.9744632572432669,-0.0057930885087804085,0
eicu,206,4,387,221,1817,34,4.695090439276486,92,1.8823529411764706,0.55,165.26070106193086,0.9817700840661676,0.011202042772384846,1
eicu,206,2,387,387,845,34,2.1834625322997416,92,1.8823529411764706,0.6842105263157895,166.27441672683256,0.9869467143963183,0.08912680272044049,1
eicu,206,2,387,387,845,34,2.1834625322997416,92,1.8823529411764706,0.6842105263157895,20.166920814372084,0.900569084283497,0.04991939458071504,1
eicu,206,1,387,387,870,34,2.248062015503876,92,1.8823529411764706,0.6285714285714286,50.90497792737776,0.980020696012749,-0.06431949286835004,0
eicu,206,1,387,387,870,34,2.248062015503876,92,1.8823529411764706,0.6285714285714286,33.77472220897215,0.9703702044788496,-0.057931046336794634,0
eicu,206,3,387,224,2297,34,5.935400516795865,92,1.8823529411764706,0.5714285714285714,84.92577403610221,0.9712717486455591,0.07244862576639705,1
eicu,206,3,387,224,2297,34,5.935400516795865,92,1.8823529411764706,0.5714285714285714,83.52005548697069,0.9715106308565472,0.029204838257935795,1
eicu,206,2,387,280,612,34,1.5813953488372092,92,1.8823529411764706,0.5135135135135135,41.408196072388606,0.9591954197730401,0.020513731983846317,1
eicu,206,2,387,280,612,34,1.5813953488372092,92,1.8823529411764706,0.5,60.96147832198449,0.9709623347854627,-0.0022121680921902143,0
eicu,206,2,387,387,1172,34,3.0284237726098193,92,1.8823529411764706,0.5405405405405406,113.2852790587508,0.9823454555029804,-0.04843293036120733,0
eicu,206,2,387,387,1172,34,3.0284237726098193,92,1.8823529411764706,0.5405405405405406,63.13934122104874,0.9805749277276193,-0.047157767338222856,0
eicu,206,2,387,214,699,34,1.806201550387597,92,1.8823529411764706,0.6756756756756757,51.13917919507986,0.9717840702038291,0.009936162369791168,1
eicu,206,2,387,214,699,34,1.806201550387597,92,1.8823529411764706,0.6756756756756757,49.77186009515887,0.9734429433755627,-0.0019443292395621148,0
eicu,206,1,387,310,310,34,0.8010335917312662,92,1.8823529411764706,0.6842105263157895,17.76942385584924,0.9436626940731234,-0.011885395887609285,0
eicu,206,1,387,310,310,34,0.8010335917312662,92,1.8823529411764706,0.6578947368421053,23.51154983476005,0.957467712378468,-0.05146057854028585,0
eicu,206,1,387,387,1083,34,2.798449612403101,92,1.8823529411764706,0.8108108108108109,25.781420846444192,0.9607733360850225,-0.033367083341610926,0
eicu,206,1,387,387,1083,34,2.798449612403101,92,1.8823529411764706,0.8108108108108109,57.37317928431798,0.9825606499889301,-0.025020610643098906,0
eicu,207,3,221,221,1081,24,4.891402714932127,19,0.5416666666666666,0.42105263157894735,64.0748798575452,0.9658561830485842,-0.12132087221150087,0
eicu,207,3,221,221,1081,24,4.891402714932127,19,0.5416666666666666,0.42105263157894735,44.98812898709306,0.9333157420069483,-0.16268393176204804,0
eicu,207,3,221,221,2029,24,9.180995475113122,19,0.5416666666666666,0.30952380952380953,35.931433610474855,0.9478225318177885,0.03920959944510674,1
eicu,207,3,221,221,2029,24,9.180995475113122,19,0.5416666666666666,0.30952380952380953,33.830303613135854,0.9399076747180668,-0.13100302457491508,0
eicu,207,3,221,221,2574,24,11.647058823529411,19,0.5416666666666666,0.5121951219512195,107.27277425927943,0.9809495206975651,-0.012103380486294252,0
eicu,207,3,221,221,2574,24,11.647058823529411,19,0.5416666666666666,0.5121951219512195,69.77199638532251,0.9570028069222469,-0.15489972100784338,0
eicu,207,3,221,221,2486,24,11.248868778280542,19,0.5416666666666666,0.4411764705882353,58.15608891240176,0.9484146878494738,0.025329729315236554,1
eicu,207,3,221,221,2486,24,11.248868778280542,19,0.5416666666666666,0.40540540540540543,39.24341167471587,0.9235540471132669,-0.19475348991870672,0
eicu,207,3,221,221,3120,24,14.117647058823529,19,0.5416666666666666,0.47058823529411764,84.97445643946936,0.9796991355032549,0.04039198985163503,1
eicu,207,3,221,221,3120,24,14.117647058823529,19,0.5416666666666666,0.47058823529411764,80.89524328405187,0.9681539527560369,-0.19892323261573713,0
eicu,207,4,221,221,2929,24,13.253393665158372,19,0.5416666666666666,0.47058823529411764,119.50688028493036,0.9721499802312694,-0.09183928784316936,0
eicu,207,4,221,221,2929,24,13.253393665158372,19,0.5416666666666666,0.47058823529411764,173.37808054146058,0.9796935986374957,-0.1748267779820018,0
eicu,207,2,221,221,1117,24,5.0542986425339365,19,0.5416666666666666,0.47058823529411764,33.562091013893024,0.9612176859788317,-0.1030078389610794,0
eicu,207,2,221,221,1117,24,5.0542986425339365,19,0.5416666666666666,0.47058823529411764,23.395428517335958,0.9036070272540326,-0.20105199233173943,0
eicu,207,2,221,221,754,24,3.411764705882353,19,0.5416666666666666,0.4411764705882353,36.52229694280419,0.9489969145757347,0.07742618667485188,1
eicu,207,2,221,221,754,24,3.411764705882353,19,0.5416666666666666,0.45454545454545453,15.341175905048445,0.8773950256597776,-0.18997769136836662,0
eicu,207,3,221,221,1492,24,6.751131221719457,19,0.5416666666666666,0.5428571428571428,71.49832333456979,0.96234042032174,0.09254920008368592,1
eicu,207,3,221,221,1492,24,6.751131221719457,19,0.5416666666666666,0.5428571428571428,49.55397175942352,0.9657388889090813,-0.19824257954447821,0
eicu,207,3,221,221,2461,24,11.135746606334841,19,0.5416666666666666,0.47058823529411764,52.55679202706555,0.9449799338324114,-0.05074222245397683,0
eicu,207,3,221,221,2461,24,11.135746606334841,19,0.5416666666666666,0.47058823529411764,44.02459062598439,0.9309120273117879,-0.1898860129554525,0
eicu,207,1,221,221,458,24,2.072398190045249,19,0.5416666666666666,0.65625,5.9782038833004165,0.8327256782269652,-0.10732115662053307,0
eicu,207,1,221,221,458,24,2.072398190045249,19,0.5416666666666666,0.65625,2.5273483626685174,0.6043283882938308,-0.1673603445747082,0
eicu,207,1,221,221,284,24,1.2850678733031675,19,0.5416666666666666,0.5161290322580645,20.6307617025776,0.9514475733317029,0.006076066311573564,1
eicu,207,1,221,221,284,24,1.2850678733031675,19,0.5416666666666666,0.5161290322580645,12.425937579385575,0.8916473501087022,-0.12718630117485835,0
eicu,208,2,1512,392,800,19,0.5291005291005291,243,8.947368421052632,0.48484848484848486,29.3542905726137,0.9584728650009795,0.02293909845691222,1
eicu,208,2,1512,392,800,19,0.5291005291005291,243,8.947368421052632,0.48484848484848486,21.83193102974871,0.9541955313692877,-0.01873576268901711,0
eicu,208,4,1512,284,1247,19,0.8247354497354498,243,8.947368421052632,0.5,80.31770992513107,0.9734658318086287,0.03228164651399629,1
eicu,208,4,1512,284,1247,19,0.8247354497354498,243,8.947368421052632,0.48484848484848486,120.76058227618967,0.9675977767319406,-0.03570263029122772,0
eicu,208,3,1512,409,4142,19,2.7394179894179893,243,8.947368421052632,0.41025641025641024,121.2376012129887,0.9869615541608796,-0.01099210880147558,0
eicu,208,3,1512,409,4142,19,2.7394179894179893,243,8.947368421052632,0.41025641025641024,110.99629230876133,0.9836516765452272,-0.08562798603496277,0
eicu,208,4,1512,458,3498,19,2.3134920634920637,243,8.947368421052632,0.38461538461538464,109.54297664441208,0.9785537333792871,0.03267886555618438,1
eicu,208,4,1512,458,3498,19,2.3134920634920637,243,8.947368421052632,0.38461538461538464,76.75077593919744,0.9790698588293792,0.08138044177599885,1
eicu,208,2,1512,348,938,19,0.6203703703703703,243,8.947368421052632,0.4358974358974359,113.14416492312654,0.9872257683148833,0.003770133374615847,1
eicu,208,2,1512,348,938,19,0.6203703703703703,243,8.947368421052632,0.4473684210526316,106.6608870406879,0.9876726369431204,0.042813668117962944,1
eicu,208,3,1512,368,3000,19,1.9841269841269842,243,8.947368421052632,0.4594594594594595,43.42846099574608,0.9436467832046045,0.015835298682289167,1
eicu,208,3,1512,368,3000,19,1.9841269841269842,243,8.947368421052632,0.4722222222222222,64.89896486936819,0.9639252572844246,0.010094874044324909,1
eicu,208,3,1512,212,2339,19,1.5469576719576719,243,8.947368421052632,0.4722222222222222,67.20939248512843,0.972400441903801,0.025783783883555678,1
eicu,208,3,1512,212,2339,19,1.5469576719576719,243,8.947368421052632,0.4722222222222222,61.45433710832177,0.9589328697387736,0.005642936299157519,1
eicu,208,3,1512,387,2648,19,1.7513227513227514,243,8.947368421052632,0.4,145.22041291107575,0.9830962416620096,0.037822626482358734,1
eicu,208,3,1512,387,2648,19,1.7513227513227514,243,8.947368421052632,0.4,66.00323100682817,0.9565709121026531,0.038864974733803404,1
eicu,208,4,1512,261,3080,19,2.037037037037037,243,8.947368421052632,0.5,110.74001846121259,0.976165761487552,0.01060876168463426,1
eicu,208,4,1512,261,3080,19,2.037037037037037,243,8.947368421052632,0.39473684210526316,132.8259155354594,0.9820611049231633,-0.012693162616105702,0
eicu,208,3,1512,284,1577,19,1.042989417989418,243,8.947368421052632,0.4375,111.55307483305626,0.9764121244795301,0.010676967791149627,1
eicu,208,3,1512,284,1577,19,1.042989417989418,243,8.947368421052632,0.4375,64.97547363146168,0.9740534505800396,-0.015550585684653007,0
eicu,208,1,1512,408,408,19,0.2698412698412698,243,8.947368421052632,0.53125,29.232556125705237,0.9657915648669305,0.014133183411093653,1
eicu,208,1,1512,408,408,19,0.2698412698412698,243,8.947368421052632,0.53125,24.65708446612194,0.9594437046531609,-0.015349776396771875,0
eicu,208,1,1512,856,856,19,0.5661375661375662,243,8.947368421052632,0.53125,10.304308639436524,0.9029532174363633,0.001730116596184772,1
eicu,208,1,1512,856,856,19,0.5661375661375662,243,8.947368421052632,0.5862068965517241,4.582104929370256,0.7817596900520051,0.008068632728803204,1
eicu,210,3,262,262,1479,25,5.645038167938932,37,1.04,0.36363636363636365,33.46203571407566,0.9179797117913806,0.18320994158872617,1
eicu,210,3,262,262,1479,25,5.645038167938932,37,1.04,0.36363636363636365,91.91133086349798,0.9673598459317769,0.10265618582129277,1
eicu,210,1,262,262,348,25,1.3282442748091603,37,1.04,0.5428571428571428,17.821822356597536,0.9438890153884961,-0.02133985215339307,0
eicu,210,1,262,262,348,25,1.3282442748091603,37,1.04,0.5757575757575758,5.397949624096283,0.8147444734319064,0.025274252262888597,1
eicu,210,3,262,262,2546,25,9.717557251908397,37,1.04,0.4722222222222222,86.88578653071778,0.9654719129585209,-0.05586927210287301,0
eicu,210,3,262,262,2546,25,9.717557251908397,37,1.04,0.5,28.652167382537993,0.8952958790186203,0.03961237735885348,1
eicu,210,2,262,262,1152,25,4.396946564885496,37,1.04,0.5,21.80980623661881,0.9082981307444178,-0.012009211991269475,0
eicu,210,2,262,262,1152,25,4.396946564885496,37,1.04,0.5,24.866982072165108,0.9270238274714362,-0.19468297451251992,0
eicu,210,2,262,262,710,25,2.7099236641221376,37,1.04,0.5,20.85946789412283,0.9240250826237398,0.2243215583546061,1
eicu,210,2,262,262,710,25,2.7099236641221376,37,1.04,0.47058823529411764,17.424341260566784,0.9254850641985001,-0.12330232538674224,0
eicu,210,1,262,262,341,25,1.3015267175572518,37,1.04,0.475,18.832313090156546,0.9468997783112107,0.11185842625920517,1
eicu,210,1,262,262,341,25,1.3015267175572518,37,1.04,0.5,18.77738233795501,0.9464428204006805,-0.3382397787240945,0
eicu,210,2,262,262,2347,25,8.958015267175572,37,1.04,0.4666666666666667,37.79210102614786,0.9475220131706577,0.06555735844377408,1
eicu,210,2,262,262,2347,25,8.958015267175572,37,1.04,0.4666666666666667,47.6329456189524,0.9790061272296771,-0.002428214610701196,0
eicu,210,3,262,262,1839,25,7.019083969465649,37,1.04,0.3902439024390244,56.755761628130514,0.9665502943923254,0.12197456416407948,1
eicu,210,3,262,262,1839,25,7.019083969465649,37,1.04,0.3902439024390244,68.22572857729739,0.9590639730374018,0.06939429443105916,1
eicu,210,3,262,233,852,25,3.2519083969465647,37,1.04,0.48484848484848486,32.54979314811031,0.9115385945828894,0.03468385041628497,1
eicu,210,3,262,233,852,25,3.2519083969465647,37,1.04,0.48484848484848486,35.89502376372341,0.959297444333947,-0.09484721354362236,0
eicu,210,2,262,262,575,25,2.1946564885496183,37,1.04,0.5757575757575758,32.966586829886815,0.9393325123307323,0.1414615988685054,1
eicu,210,2,262,262,575,25,2.1946564885496183,37,1.04,0.5757575757575758,53.59387748714323,0.9678125989758068,0.031226380942290022,1
eicu,210,2,262,262,1400,25,5.343511450381679,37,1.04,0.5,25.980002585932667,0.9230177135901081,0.039285536807548316,1
eicu,210,2,262,262,1400,25,5.343511450381679,37,1.04,0.5,29.281907404200773,0.9390330454391905,0.01876550396309562,1
eicu,210,1,262,262,534,25,2.0381679389312977,37,1.04,0.7857142857142857,9.047278090536569,0.8874660571990989,0.03868793916781532,1
eicu,210,1,262,262,534,25,2.0381679389312977,37,1.04,0.7586206896551724,1.47959911333832,0.32409341483753656,0.0877766371333627,1
eicu,215,4,280,222,1676,23,5.985714285714286,38,1.173913043478261,0.42857142857142855,95.77312578820376,0.9722119558113055,0.14396062480787597,1
eicu,215,4,280,222,1676,23,5.985714285714286,38,1.173913043478261,0.45,198.75994260009452,0.9800798430886193,0.0767218688042064,1
eicu,215,1,280,280,297,23,1.0607142857142857,38,1.173913043478261,0.7333333333333333,22.750870684933155,0.949284087977048,0.11403686686699899,1
eicu,215,1,280,280,297,23,1.0607142857142857,38,1.173913043478261,0.7857142857142857,72.21976213606749,0.9858861058628539,0.061088147773468604,1
eicu,215,1,280,280,788,23,2.8142857142857145,38,1.173913043478261,0.6470588235294118,9.976491364706401,0.8997264953350568,0.035805320659963,1
eicu,215,1,280,280,788,23,2.8142857142857145,38,1.173913043478261,0.6470588235294118,59.49692026960758,0.9831117332585806,0.03876364478499661,1
eicu,215,4,280,280,2547,23,9.096428571428572,38,1.173913043478261,0.6060606060606061,188.18114917646366,0.9796293695374848,0.22116396818907613,1
eicu,215,4,280,280,2547,23,9.096428571428572,38,1.173913043478261,0.6060606060606061,161.459633628995,0.9769707017600686,0.08779251139860894,1
eicu,215,4,280,280,3835,23,13.696428571428571,38,1.173913043478261,0.5,78.21259101482934,0.968545356566991,0.18608247354737162,1
eicu,215,4,280,280,3835,23,13.696428571428571,38,1.173913043478261,0.5,114.38083269209645,0.9772576334155303,0.03520615800558463,1
eicu,215,1,280,221,221,23,0.7892857142857143,38,1.173913043478261,0.5161290322580645,14.577790053239264,0.924212868121679,0.05195097390191705,1
eicu,215,1,280,221,221,23,0.7892857142857143,38,1.173913043478261,0.5161290322580645,8.251245108049726,0.8779173816769829,0.0366581077195664,1
eicu,215,1,280,280,617,23,2.2035714285714287,38,1.173913043478261,1.0,15.974052228612962,0.937398476874341,0.022717898266666037,1
eicu,215,1,280,280,617,23,2.2035714285714287,38,1.173913043478261,1.0,16.521384270286106,0.9394723841755493,0.14875569297105062,1
eicu,215,3,280,280,2932,23,10.471428571428572,38,1.173913043478261,0.5714285714285714,95.53476035782576,0.9683130622780016,0.14114763748398473,1
eicu,215,3,280,280,2932,23,10.471428571428572,38,1.173913043478261,0.5714285714285714,155.65878572803513,0.9807080271183037,0.04055095005307613,1
eicu,215,2,280,261,578,23,2.0642857142857145,38,1.173913043478261,0.6129032258064516,35.449894839686365,0.9629563990309763,-0.08456081333104715,0
eicu,215,2,280,261,578,23,2.0642857142857145,38,1.173913043478261,0.6129032258064516,45.765434944748364,0.9763130150329897,-0.0642048077666803,0
eicu,215,2,280,280,1891,23,6.753571428571429,38,1.173913043478261,0.4878048780487805,56.16343783676358,0.971929097179929,0.23598451444880775,1
eicu,215,2,280,280,1891,23,6.753571428571429,38,1.173913043478261,0.4878048780487805,41.90482684713067,0.9662029460483622,0.06702399237274592,1
eicu,215,2,280,280,1151,23,4.110714285714286,38,1.173913043478261,0.5142857142857142,81.24123064230447,0.9753819583456858,0.21521713499979278,1
eicu,215,2,280,280,1151,23,4.110714285714286,38,1.173913043478261,0.5142857142857142,83.0562534978304,0.9796710795543575,0.05159337159914906,1
eicu,217,4,617,212,2086,23,3.380875202593193,104,3.1739130434782608,0.4358974358974359,130.4175557267025,0.9819779433202169,-0.09179892597568434,0
eicu,217,4,617,212,2086,23,3.380875202593193,104,3.1739130434782608,0.4358974358974359,174.46688373702267,0.980944599580041,0.07972259710764212,1
eicu,217,4,617,332,2472,23,4.006482982171799,104,3.1739130434782608,0.475,65.50008099611279,0.9795309179607511,-0.01076189837913788,0
eicu,217,4,617,332,2472,23,4.006482982171799,104,3.1739130434782608,0.4634146341463415,96.9430638813284,0.9712043634498416,0.05854972253294194,1
eicu,217,1,617,409,409,23,0.6628849270664505,104,3.1739130434782608,0.6666666666666666,76.64193636582644,0.986724984705051,-0.05540142044694213,0
eicu,217,1,617,409,409,23,0.6628849270664505,104,3.1739130434782608,0.6363636363636364,33.20898202262686,0.9698876647492942,0.006580544059205717,1
eicu,217,2,617,409,1774,23,2.875202593192869,104,3.1739130434782608,0.6111111111111112,92.02704190232662,0.9836251480831425,-0.08830685024160317,0
eicu,217,2,617,409,1774,23,2.875202593192869,104,3.1739130434782608,0.5833333333333334,188.48712259681383,0.992143775709493,0.051900120724382215,1
eicu,217,3,617,212,1358,23,2.20097244732577,104,3.1739130434782608,0.53125,88.14267263718943,0.9681816229052302,-0.11152979549554448,0
eicu,217,3,617,212,1358,23,2.20097244732577,104,3.1739130434782608,0.53125,43.92550433481453,0.9582390994337578,-0.039715539459387716,0
eicu,217,3,617,221,1230,23,1.993517017828201,104,3.1739130434782608,0.4411764705882353,40.7719681631383,0.9267581196137449,-0.17478810296830816,0
eicu,217,3,617,221,1230,23,1.993517017828201,104,3.1739130434782608,0.4411764705882353,84.3090104431162,0.9692481588495447,0.1559740307690466,1
eicu,217,3,617,262,852,23,1.380875202593193,104,3.1739130434782608,0.38095238095238093,100.33697334387954,0.9831173003558256,-0.14851993043861234,0
eicu,217,3,617,262,852,23,1.380875202593193,104,3.1739130434782608,0.38095238095238093,59.52069383593269,0.9586935605415496,0.0718475987950491,1
eicu,217,2,617,262,1849,23,2.9967585089141004,104,3.1739130434782608,0.5,126.69995372920921,0.9824039236623349,-0.043973593366513186,0
eicu,217,2,617,262,1849,23,2.9967585089141004,104,3.1739130434782608,0.5,85.55681757342464,0.9816168068972309,0.04937858037949283,1
eicu,217,4,617,214,1813,23,2.9384116693679094,104,3.1739130434782608,0.43902439024390244,83.45114676316096,0.9715833522972275,-0.04761570390493691,0
eicu,217,4,617,214,1813,23,2.9384116693679094,104,3.1739130434782608,0.5142857142857142,73.26311477575916,0.9532801191713602,0.0010404619962018358,1
eicu,217,4,617,291,2843,23,4.607779578606159,104,3.1739130434782608,0.5,122.4346861168607,0.9776338886632977,-0.09335745315719757,0
eicu,217,4,617,291,2843,23,4.607779578606159,104,3.1739130434782608,0.5277777777777778,137.6525864530377,0.9753063559032635,0.0432941648154892,1
eicu,217,2,617,458,997,23,1.6158833063209077,104,3.1739130434782608,0.59375,38.081957789614705,0.9595711073133902,-0.10327661576514024,0
eicu,217,2,617,458,997,23,1.6158833063209077,104,3.1739130434782608,0.59375,54.18766394466928,0.9812333874625999,-0.008837685225605019,0
eicu,217,1,617,617,756,23,1.2252836304700163,104,3.1739130434782608,0.5555555555555556,49.2060110879636,0.9795518260629504,-0.020262125358791017,0
eicu,217,1,617,617,756,23,1.2252836304700163,104,3.1739130434782608,0.5405405405405406,52.798623948085506,0.9808236661541567,0.0542805036072323,1
eicu,220,3,331,331,1867,25,5.640483383685801,38,1.08,0.43902439024390244,36.91147679460565,0.9375802796302085,-0.03839754602937129,0
eicu,220,3,331,331,1867,24,5.640483383685801,38,1.125,0.43902439024390244,47.384922315484296,0.9633767410779321,-0.13293775156305565,0
eicu,220,2,331,331,724,25,2.187311178247734,38,1.08,0.5,29.801315827631655,0.9328888693516811,-0.001457115527704278,0
eicu,220,2,331,331,724,24,2.187311178247734,38,1.125,0.5,50.74799679391657,0.9649761446221443,-0.06802829731107218,0
eicu,220,4,331,331,2666,25,8.054380664652568,38,1.08,0.48717948717948717,137.1046360598528,0.9822783460935105,-0.011163034743003564,0
eicu,220,4,331,331,2666,24,8.054380664652568,38,1.125,0.5,164.9432748542039,0.982939725146646,-0.057838460955078774,0
eicu,220,3,331,331,1398,25,4.22356495468278,38,1.08,0.5405405405405406,49.221700263715185,0.9593675149520517,-0.022692373877737648,0
eicu,220,3,331,331,1398,24,4.22356495468278,38,1.125,0.5555555555555556,32.13916451037358,0.9508902047505121,-0.14324120697774362,0
eicu,220,3,331,212,977,25,2.9516616314199395,38,1.08,0.5625,36.461094245198495,0.931638806798681,0.018773422938894724,1
eicu,220,3,331,212,977,24,2.9516616314199395,38,1.125,0.5806451612903226,29.710890309488406,0.948518598018769,-0.16871002321205814,0
eicu,220,3,331,247,1910,25,5.770392749244713,38,1.08,0.47368421052631576,68.83130730203789,0.9784748296412971,0.009961968132616406,1
eicu,220,3,331,247,1910,24,5.770392749244713,38,1.125,0.5625,51.251261932810344,0.964308290854949,-0.08365383313454339,0
eicu,220,4,331,312,1698,25,5.1299093655589125,38,1.08,0.5294117647058824,68.45006317908269,0.9578401943220332,0.0029645649222774795,1
eicu,220,4,331,312,1698,24,5.1299093655589125,38,1.125,0.46153846153846156,71.770418780792,0.9442680566272318,-0.04254891548298417,0
eicu,220,4,331,312,2108,25,6.3685800604229605,38,1.08,0.43902439024390244,134.75200025752181,0.9806190999805101,0.0349956032792923,1
eicu,220,4,331,312,2108,24,6.3685800604229605,38,1.125,0.43902439024390244,97.75323436590915,0.9814627640297957,0.06689887437089392,1
eicu,220,4,331,247,1411,25,4.262839879154079,38,1.08,0.47368421052631576,103.2808144349977,0.9736880637842815,0.009851007463862527,1
eicu,220,4,331,247,1411,24,4.262839879154079,38,1.125,0.5625,70.52953695878551,0.9620748617136199,-0.1844953541180122,0
eicu,220,2,331,331,904,25,2.731117824773414,38,1.08,0.625,31.481729732541947,0.9399460185971116,-0.07130316645541548,0
eicu,220,2,331,331,904,24,2.731117824773414,38,1.125,0.6451612903225806,26.947916141473794,0.9257827585071808,-0.19443831190068317,0
eicu,220,2,331,310,2076,25,6.27190332326284,38,1.08,0.625,52.84806610544642,0.9706310648356258,0.048763018081241116,1
eicu,220,2,331,310,2076,24,6.27190332326284,38,1.125,0.6451612903225806,35.49669519238645,0.9459922671147936,-0.18311438706710303,0
eicu,220,1,331,331,2207,25,6.667673716012085,38,1.08,0.7666666666666667,27.601204126071238,0.9637696965888735,-0.018640252044027972,0
eicu,220,1,331,331,2207,24,6.667673716012085,38,1.125,0.7333333333333333,24.445966861606927,0.9589987788316436,0.04118575932454538,1
eicu,224,4,261,261,1928,19,7.3869731800766285,33,1.2105263157894737,0.40476190476190477,35.28489415264578,0.917304538750086,-0.07794739721580715,0
eicu,224,4,261,261,1928,19,7.3869731800766285,33,1.2105263157894737,0.40476190476190477,49.18763968147365,0.9465423602354447,-0.022095428424938363,0
eicu,224,4,261,261,2808,19,10.758620689655173,33,1.2105263157894737,0.4358974358974359,84.68815214771702,0.961189348502849,-0.037450226411406995,0
eicu,224,4,261,261,2808,19,10.758620689655173,33,1.2105263157894737,0.4358974358974359,89.58605009046538,0.9668970760668977,0.10549934391095314,1
eicu,224,4,261,261,3804,19,14.574712643678161,33,1.2105263157894737,0.42857142857142855,86.8992068156436,0.976996275324585,-0.026674489627471654,0
eicu,224,4,261,261,3804,19,14.574712643678161,33,1.2105263157894737,0.42857142857142855,140.90431935817372,0.9810686021970321,-0.024571463490450418,0
eicu,224,4,261,261,2394,19,9.172413793103448,33,1.2105263157894737,0.59375,94.53330334708326,0.9678562660872914,0.014353979792827876,1
eicu,224,4,261,261,2394,19,9.172413793103448,33,1.2105263157894737,0.59375,96.47965672901611,0.9704598089054773,0.1854320484659013,1
eicu,224,3,261,261,1980,19,7.586206896551724,33,1.2105263157894737,0.5588235294117647,70.59379179589621,0.961948230773822,-0.03651172296660024,0
eicu,224,3,261,261,1980,19,7.586206896551724,33,1.2105263157894737,0.59375,66.69945689395009,0.9578551037149036,-0.03539837845998531,0
eicu,224,3,261,261,1444,19,5.532567049808429,33,1.2105263157894737,0.45,41.54636732395875,0.9622747002798325,-0.0021468453710419833,0
eicu,224,3,261,261,1444,19,5.532567049808429,33,1.2105263157894737,0.42857142857142855,51.528277424025546,0.9401062916309351,0.06351335851748283,1
eicu,224,3,261,212,808,19,3.0957854406130267,33,1.2105263157894737,0.5294117647058824,74.25105578412169,0.959596534105559,-0.03518478253222912,0
eicu,224,3,261,212,808,19,3.0957854406130267,33,1.2105263157894737,0.5294117647058824,26.52265090113265,0.9373247002230052,0.05022822222603354,1
eicu,224,1,261,261,437,19,1.6743295019157087,33,1.2105263157894737,0.59375,26.631905773246075,0.962451053690473,-0.0381078443944029,0
eicu,224,1,261,261,437,19,1.6743295019157087,33,1.2105263157894737,0.59375,10.666227923658077,0.9062461437016582,0.024231076143718194,1
eicu,224,3,261,221,1018,19,3.900383141762452,33,1.2105263157894737,0.45454545454545453,57.523273744055516,0.9571859458041393,0.018585967428745714,1
eicu,224,3,261,221,1018,19,3.900383141762452,33,1.2105263157894737,0.46875,40.18744059366983,0.9580033899639431,0.17279601134620606,1
eicu,224,3,261,233,2735,19,10.478927203065133,33,1.2105263157894737,0.5588235294117647,99.0769333938849,0.9702610582262863,-0.01488582066564137,0
eicu,224,3,261,233,2735,19,10.478927203065133,33,1.2105263157894737,0.5428571428571428,92.61026578375797,0.9761387370952537,0.09902496509202333,1
eicu,224,1,261,261,487,19,1.8659003831417624,33,1.2105263157894737,0.9047619047619048,18.669236207332368,0.9464359447331193,-0.04070130924265103,0
eicu,224,1,261,261,487,19,1.8659003831417624,33,1.2105263157894737,0.9047619047619048,26.59108166941939,0.9623934064649189,-0.03818644201500046,0
eicu,224,1,261,261,458,19,1.7547892720306513,33,1.2105263157894737,0.6,10.111407064302332,0.89276994456684,-0.03006522434799569,0
eicu,224,1,261,261,458,19,1.7547892720306513,33,1.2105263157894737,0.6,11.976050239166089,0.9140118545964603,-0.03982363577416592,0
eicu,226,3,435,435,2713,30,6.236781609195402,77,1.8,0.5757575757575758,55.50285913469045,0.9641750019222126,-0.009354899829700836,0
eicu,226,3,435,435,2713,30,6.236781609195402,77,1.8,0.5135135135135135,50.530644479794006,0.9741397831387981,0.07611561412597745,1
eicu,226,3,435,212,1329,30,3.0551724137931036,77,1.8,0.5526315789473685,49.549884121431084,0.9481766681880845,0.10782766870227517,1
eicu,226,3,435,212,1329,30,3.0551724137931036,77,1.8,0.5526315789473685,31.46422639289009,0.9237858500310826,-0.0025934187167239164,0
eicu,226,3,435,409,3486,30,8.013793103448275,77,1.8,0.525,64.96079520695534,0.9597878499982927,-0.007031568991704984,0
eicu,226,3,435,409,3486,30,8.013793103448275,77,1.8,0.5,55.99327563178193,0.9693754791761107,0.03963945503162292,1
eicu,226,2,435,221,1272,30,2.924137931034483,77,1.8,0.5151515151515151,52.189491194650515,0.9610260390937679,-0.012242780343228954,0
eicu,226,2,435,221,1272,30,2.924137931034483,77,1.8,0.5151515151515151,72.72720415095623,0.9713711708814592,0.08155516040689553,1
eicu,226,2,435,312,653,30,1.5011494252873563,77,1.8,0.5,38.63798082998003,0.9415899132102441,-0.1690121334635421,0
eicu,226,2,435,312,653,30,1.5011494252873563,77,1.8,0.5,19.851449407651636,0.9339714249717942,-0.16022806252879152,0
eicu,226,3,435,341,1228,30,2.8229885057471265,77,1.8,0.4523809523809524,52.6767189698796,0.937432014460444,-0.17465457612449503,0
eicu,226,3,435,341,1228,30,2.8229885057471265,77,1.8,0.4523809523809524,69.45562265237585,0.9568069526204531,-0.16746614413931776,0
eicu,226,3,435,295,2166,30,4.979310344827586,77,1.8,0.6764705882352942,77.84494698148343,0.9851255516785543,-0.003664476898904978,0
eicu,226,3,435,295,2166,30,4.979310344827586,77,1.8,0.6764705882352942,73.16914805273683,0.9691246157787877,0.03480172900370576,1
eicu,226,3,435,387,1921,30,4.416091954022988,77,1.8,0.5,67.51270504886132,0.964868416629983,0.08849805368005154,1
eicu,226,3,435,387,1921,30,4.416091954022988,77,1.8,0.5,41.95624883603888,0.9471226297783354,0.0789548696340307,1
eicu,226,3,435,387,3901,30,8.967816091954022,77,1.8,0.4473684210526316,80.25132150104217,0.9764717174778548,-0.016372119277822283,0
eicu,226,3,435,387,3901,30,8.967816091954022,77,1.8,0.4473684210526316,32.922421693649646,0.9524742862091999,0.04985244061143873,1
eicu,226,3,435,329,1672,30,3.84367816091954,77,1.8,0.6129032258064516,55.208529166660014,0.9592571289899898,0.015677367789862673,1
eicu,226,3,435,329,1672,30,3.84367816091954,77,1.8,0.6129032258064516,38.760228275779085,0.9489055915462443,0.0647479935454548,1
eicu,226,1,435,335,335,30,0.7701149425287356,77,1.8,0.8709677419354839,11.19191908475629,0.9106498186390547,-0.04395117024656797,0
eicu,226,1,435,335,335,30,0.7701149425287356,77,1.8,0.8709677419354839,22.44271075871884,0.9554421027499316,-0.011212094198516154,0
eicu,226,2,435,335,2101,30,4.829885057471264,77,1.8,0.7096774193548387,39.130926758182646,0.9488682731788971,0.07596280386142401,1
eicu,226,2,435,335,2101,30,4.829885057471264,77,1.8,0.7096774193548387,32.12639656773963,0.9377457417803736,0.039234096665179186,1
eicu,227,4,578,332,2677,28,4.631487889273356,78,1.9642857142857142,0.6060606060606061,173.6635442128768,0.9839542198335693,0.047189800649405644,1
eicu,227,4,578,332,2677,31,4.631487889273356,78,1.7741935483870968,0.6060606060606061,119.7386260745073,0.9720012795993331,0.05790110038950547,1
eicu,227,4,578,221,4631,28,8.012110726643598,78,1.9642857142857142,0.41025641025641024,247.2807648588302,0.9865585457609858,0.003984821445524783,1
eicu,227,4,578,221,4631,31,8.012110726643598,78,1.7741935483870968,0.3902439024390244,80.03590984472685,0.9800627868455041,0.08653722635691807,1
eicu,227,4,578,221,2495,28,4.3166089965397925,78,1.9642857142857142,0.4,94.3465057025684,0.9779564319224081,-0.012375172723147643,0
eicu,227,4,578,221,2495,31,4.3166089965397925,78,1.7741935483870968,0.4,146.08850620865323,0.9799523144793574,0.11961678307237117,1
eicu,227,3,578,576,3568,28,6.173010380622838,78,1.9642857142857142,0.475,114.59704520153169,0.9823672792430573,0.03818138050325287,1
eicu,227,3,578,576,3568,31,6.173010380622838,78,1.7741935483870968,0.5,101.17916479700789,0.9703496267633875,0.08124297579403866,1
eicu,227,2,578,312,1177,28,2.036332179930796,78,1.9642857142857142,0.375,27.190765963328033,0.9516646228423394,0.03410179801993357,1
eicu,227,2,578,312,1177,31,2.036332179930796,78,1.7741935483870968,0.34285714285714286,36.66038966255909,0.9593774252801938,0.06847009846881313,1
eicu,227,3,578,437,3951,28,6.835640138408304,78,1.9642857142857142,0.5294117647058824,114.71805640770398,0.9825659528880784,0.06264098405058255,1
eicu,227,3,578,437,3951,31,6.835640138408304,78,1.7741935483870968,0.5294117647058824,109.77130785094906,0.9769874524091655,0.03501886080424929,1
eicu,227,4,578,291,1189,28,2.057093425605536,78,1.9642857142857142,0.5128205128205128,106.00591468147543,0.9667984483711788,0.02896106803649956,1
eicu,227,4,578,291,1189,31,2.057093425605536,78,1.7741935483870968,0.4523809523809524,136.72209603019192,0.9781195632091115,0.05821113692451277,1
eicu,227,3,578,487,1632,28,2.823529411764706,78,1.9642857142857142,0.5,74.61820520285887,0.9754856136206955,0.07115317739070132,1
eicu,227,3,578,487,1632,31,2.823529411764706,78,1.7741935483870968,0.5135135135135135,88.1632252788269,0.9780741540249194,0.06056721830379155,1
eicu,227,1,578,332,332,28,0.5743944636678201,78,1.9642857142857142,0.9,18.155909673983054,0.9449215149250839,0.012343308276383386,1
eicu,227,1,578,332,332,31,0.5743944636678201,78,1.7741935483870968,0.967741935483871,18.543244155587864,0.9460396940763169,-0.005821380668512288,0
eicu,227,1,578,291,291,28,0.5034602076124568,78,1.9642857142857142,0.7931034482758621,30.82733605471153,0.9675612580267972,0.011204258534252831,1
eicu,227,1,578,291,291,31,0.5034602076124568,78,1.7741935483870968,0.7419354838709677,46.777969528047414,0.9786224154214215,0.028077151727365468,1
eicu,227,2,578,310,879,28,1.5207612456747406,78,1.9642857142857142,0.6774193548387096,30.36536393808658,0.934135483965287,0.0516557216773495,1
eicu,227,2,578,310,879,31,1.5207612456747406,78,1.7741935483870968,0.6451612903225806,24.257915505085407,0.9498274505539294,-0.005961450866695639,0
eicu,227,1,578,367,367,28,0.6349480968858131,78,1.9642857142857142,0.7027027027027027,48.21412426579235,0.9789235211541811,-0.032527138913648945,0
eicu,227,1,578,367,367,31,0.6349480968858131,78,1.7741935483870968,0.65,48.27331827122382,0.9791353688186422,0.03930205441462542,1
eicu,243,1,1756,392,392,18,0.22323462414578588,219,8.5,0.6666666666666666,6.611677159274034,0.8366378707994785,0.010093849419794243,1
eicu,243,1,1756,392,392,18,0.22323462414578588,219,8.5,0.6666666666666666,32.44639361431484,0.9669822512290447,-0.010288656007560348,0
eicu,243,1,1756,340,340,18,0.19362186788154898,219,8.5,0.6666666666666666,24.84779772773652,0.9575625644904808,-0.008453123620292269,0
eicu,243,1,1756,340,340,18,0.19362186788154898,219,8.5,0.6666666666666666,23.111239150179184,0.9554554373580868,0.0029898389865029296,1
eicu,243,3,1756,312,4577,18,2.606492027334852,219,8.5,0.5806451612903226,220.27757289476557,0.9812801357304846,0.01372802384104127,1
eicu,243,3,1756,312,4577,18,2.606492027334852,219,8.5,0.5806451612903226,58.51221175677048,0.9604480239496604,-0.00022391869318433288,0
eicu,243,2,1756,423,1887,18,1.0746013667425969,219,8.5,0.6666666666666666,168.2939111993221,0.9880809577993115,0.01226644091549528,1
eicu,243,2,1756,423,1887,18,1.0746013667425969,219,8.5,0.5806451612903226,164.34067770931193,0.9878151835513631,-0.005012063093166819,0
eicu,243,3,1756,383,2065,18,1.1759681093394077,219,8.5,0.4473684210526316,88.88637788168016,0.9813235580358205,0.046521686551639796,1
eicu,243,3,1756,383,2065,18,1.1759681093394077,219,8.5,0.4473684210526316,88.81410628466273,0.9797111158636087,-0.0427791208082873,0
eicu,243,4,1756,329,2223,18,1.2659453302961277,219,8.5,0.425,132.09490401445674,0.9738472656694928,-0.00787072588286708,0
eicu,243,4,1756,329,2223,18,1.2659453302961277,219,8.5,0.425,88.88200959480862,0.9681930076168381,-0.049316748933718346,0
eicu,243,4,1756,247,1779,18,1.0130979498861048,219,8.5,0.47368421052631576,73.90856637729891,0.9707545912161255,-0.06602864420327823,0
eicu,243,4,1756,247,1779,18,1.0130979498861048,219,8.5,0.45,140.53362940752504,0.9793763929170424,-0.021020918563097124,0
eicu,243,4,1756,332,1895,18,1.0791571753986333,219,8.5,0.5454545454545454,114.2290271887313,0.9832393552228755,0.0078072984275942,1
eicu,243,4,1756,332,1895,18,1.0791571753986333,219,8.5,0.5454545454545454,93.06886679844236,0.9585997722923767,-0.001775982245371871,0
eicu,243,3,1756,291,1072,18,0.6104783599088838,219,8.5,0.5625,77.40968792292495,0.9603457566316584,0.006158898206730934,1
eicu,243,3,1756,291,1072,18,0.6104783599088838,219,8.5,0.5625,87.9900564725441,0.974487501078644,0.029518890361316275,1
eicu,243,2,1756,417,875,18,0.4982915717539863,219,8.5,0.5625,46.03583608524089,0.9669371664089979,-0.0060476122631707985,0
eicu,243,2,1756,417,875,18,0.4982915717539863,219,8.5,0.5625,32.83785202568776,0.9607394547018058,0.04545143039249272,1
eicu,243,2,1756,221,1077,18,0.6133257403189066,219,8.5,0.5,48.869186304108,0.9589780814068751,-0.0630153010858141,0
eicu,243,2,1756,221,1077,18,0.6133257403189066,219,8.5,0.5517241379310345,26.69202496357392,0.9254874154284337,-0.03060313625530689,0
eicu,243,2,1756,534,1089,18,0.6201594533029613,219,8.5,0.6923076923076923,64.82260674275688,0.9691465662907258,0.0260894765443907,1
eicu,243,2,1756,534,1089,18,0.6201594533029613,219,8.5,0.6666666666666666,35.70514549955787,0.9719928322372364,0.02881121042469678,1
eicu,244,1,555,555,3039,18,5.475675675675675,49,1.8888888888888888,0.6923076923076923,49.64661486038256,0.979801189414039,-0.09905658318431709,0
eicu,244,1,555,555,3039,18,5.475675675675675,49,1.8888888888888888,0.6923076923076923,26.793696856630188,0.9313061822668781,-0.16761323671173142,0
eicu,244,4,555,212,2194,18,3.953153153153153,49,1.8888888888888888,0.45,68.73571932066085,0.9467186985026235,-0.10514112844121437,0
eicu,244,4,555,212,2194,18,3.953153153153153,49,1.8888888888888888,0.45,52.083511832211684,0.9491848798324629,-0.20775775944973512,0
eicu,244,4,555,212,2347,18,4.228828828828829,49,1.8888888888888888,0.46875,110.35009795465791,0.9743652467868973,-0.09011897940606879,0
eicu,244,4,555,212,2347,18,4.228828828828829,49,1.8888888888888888,0.45454545454545453,99.10852210333192,0.9666533960601715,-0.025719583941449686,0
eicu,244,4,555,280,1466,18,2.6414414414414416,49,1.8888888888888888,0.53125,114.97225820814072,0.9687741006642271,-0.06122973889102215,0
eicu,244,4,555,280,1466,18,2.6414414414414416,49,1.8888888888888888,0.4594594594594595,77.81523569822569,0.9634264628191549,-0.16541434350125805,0
eicu,244,3,555,262,1102,18,1.9855855855855855,49,1.8888888888888888,0.47058823529411764,65.74590169823138,0.9664370268639711,-0.10421955682152453,0
eicu,244,3,555,262,1102,18,1.9855855855855855,49,1.8888888888888888,0.47058823529411764,50.631895503034784,0.9414978611517237,-0.22956795310231473,0
eicu,244,2,555,214,631,18,1.1369369369369369,49,1.8888888888888888,0.5454545454545454,69.08620193900911,0.9851966578149189,-0.08756120126875326,0
eicu,244,2,555,214,631,18,1.1369369369369369,49,1.8888888888888888,0.5454545454545454,34.846669453703505,0.9498063396044425,-0.12772494359275488,0
eicu,244,3,555,332,1484,18,2.6738738738738737,49,1.8888888888888888,0.42857142857142855,89.33611487974764,0.9747468491549127,-0.10001444462710625,0
eicu,244,3,555,332,1484,18,2.6738738738738737,49,1.8888888888888888,0.42857142857142855,153.85674567903834,0.9873605971596733,-0.23415281362887236,0
eicu,244,3,555,555,3403,18,6.1315315315315315,49,1.8888888888888888,0.5294117647058824,107.28425660704434,0.9720369036904617,-0.12080796210489061,0
eicu,244,3,555,555,3403,18,6.1315315315315315,49,1.8888888888888888,0.5294117647058824,58.415620368461724,0.948643873315438,-0.203907237211764,0
eicu,244,4,555,312,3638,18,6.554954954954955,49,1.8888888888888888,0.5,75.94191448964075,0.9654613969729368,-0.1303010332457132,0
eicu,244,4,555,312,3638,18,6.554954954954955,49,1.8888888888888888,0.5,42.959776684743076,0.9233015598330554,-0.10450761716974027,0
eicu,244,4,555,280,1165,18,2.099099099099099,49,1.8888888888888888,0.48484848484848486,75.00731321710975,0.9549887583669476,-0.07980175112657183,0
eicu,244,4,555,280,1165,18,2.099099099099099,49,1.8888888888888888,0.48484848484848486,70.06412443116048,0.9721714998059359,-0.19986564941421203,0
eicu,244,1,555,295,295,18,0.5315315315315315,49,1.8888888888888888,0.6428571428571429,34.71273939380791,0.970596614263695,-0.08150728811664121,0
eicu,244,1,555,295,295,18,0.5315315315315315,49,1.8888888888888888,0.6428571428571429,18.350084556713437,0.9444716069177708,-0.050019610159314054,0
eicu,244,1,555,233,233,18,0.4198198198198198,49,1.8888888888888888,0.782608695652174,15.058301649021374,0.9335902800549087,-0.025635723862267257,0
eicu,244,1,555,233,233,18,0.4198198198198198,49,1.8888888888888888,0.782608695652174,8.516498995567513,0.8798745745104554,0.024505548023790735,1
eicu,245,3,293,222,874,21,2.9829351535836177,19,0.6190476190476191,0.5625,61.52549506302907,0.9512397259554485,-0.022363712920878548,0
eicu,245,3,293,222,874,18,2.9829351535836177,19,0.7222222222222222,0.5625,34.619357051564876,0.9376442079117224,-0.06746097004721441,0
eicu,245,4,293,221,1268,21,4.32764505119454,19,0.6190476190476191,0.48484848484848486,64.74268975715687,0.9488548238194402,0.08940208697445395,1
eicu,245,4,293,221,1268,18,4.32764505119454,19,0.7222222222222222,0.48484848484848486,39.04027263661854,0.9327771480369489,-0.10494265782599743,0
eicu,245,3,293,247,3617,21,12.34470989761092,19,0.6190476190476191,0.4473684210526316,58.05961300968347,0.973778892098865,0.10973405343724779,1
eicu,245,3,293,247,3617,18,12.34470989761092,19,0.7222222222222222,0.5483870967741935,52.87700359946607,0.9719524212984422,-0.15064077398406256,0
eicu,245,3,293,214,1207,21,4.1194539249146755,19,0.6190476190476191,0.4523809523809524,67.6526396531005,0.9620712875877178,0.09936481188160273,1
eicu,245,3,293,214,1207,18,4.1194539249146755,19,0.7222222222222222,0.42857142857142855,54.04566411605536,0.9647684003290882,-0.22489951182153195,0
eicu,245,4,293,293,2768,21,9.447098976109215,19,0.6190476190476191,0.4146341463414634,138.57826797228122,0.9816689978529807,0.1727346625503039,1
eicu,245,4,293,293,2768,18,9.447098976109215,19,0.7222222222222222,0.4146341463414634,116.14312793923227,0.9748757246053396,-0.1629883107612895,0
eicu,245,4,293,284,2230,21,7.610921501706485,19,0.6190476190476191,0.47368421052631576,181.2262662978576,0.9796719105765663,-0.0436481789023106,0
eicu,245,4,293,284,2230,18,7.610921501706485,19,0.7222222222222222,0.47368421052631576,144.45705432704412,0.9753549947194713,-0.19760804902508614,0
eicu,245,2,293,293,959,21,3.273037542662116,19,0.6190476190476191,0.475,28.724925017988802,0.9283419446662189,0.25302672215939104,1
eicu,245,2,293,293,959,18,3.273037542662116,19,0.7222222222222222,0.42857142857142855,43.989360272545554,0.9545060408725671,-0.05855354185106551,0
eicu,245,1,293,293,417,21,1.42320819112628,19,0.6190476190476191,0.65625,9.324459666537845,0.8927551798428982,0.19282148772279384,1
eicu,245,1,293,293,417,18,1.42320819112628,19,0.7222222222222222,0.5625,8.812189036776484,0.8394897474883514,-0.008009442310480563,0
eicu,245,2,293,280,697,21,2.378839590443686,19,0.6190476190476191,0.5625,29.419370409055105,0.9330907988060941,0.1850945817084687,1
eicu,245,2,293,280,697,18,2.378839590443686,19,0.7222222222222222,0.53125,32.521978346246485,0.9452216432061171,-0.004844814636048966,0
eicu,245,3,293,293,1482,21,5.0580204778157,19,0.6190476190476191,0.5806451612903226,52.021587177442186,0.9562935244082715,0.16455870869137756,1
eicu,245,3,293,293,1482,18,5.0580204778157,19,0.7222222222222222,0.5483870967741935,50.13035291029406,0.9642581833129027,-0.12663747447218707,0
eicu,245,1,293,293,674,21,2.3003412969283277,19,0.6190476190476191,0.6666666666666666,5.347746258278773,0.8128666587062008,0.1460714901196165,1
eicu,245,1,293,293,674,18,2.3003412969283277,19,0.7222222222222222,0.5666666666666667,13.286711985787163,0.9247368347361106,-0.06850618766274708,0
eicu,245,1,293,293,534,21,1.8225255972696246,19,0.6190476190476191,0.7037037037037037,6.711379682979317,0.8509993403389033,0.02706791100119943,1
eicu,245,1,293,293,534,18,1.8225255972696246,19,0.7222222222222222,0.6923076923076923,7.445482665059779,0.8603304060964567,-0.13693804172371432,0
eicu,248,3,861,233,1384,31,1.6074332171893146,87,1.967741935483871,0.6875,64.21642655940528,0.954410199277149,0.05138183546189429,1
eicu,248,3,861,233,1384,31,1.6074332171893146,87,1.967741935483871,0.6875,119.8375239459546,0.9802948859545838,0.057346787859356096,1
eicu,248,3,861,367,4262,31,4.950058072009291,87,1.967741935483871,0.8064516129032258,94.95109257660695,0.9763067238297455,0.055813237843250096,1
eicu,248,3,861,367,4262,31,4.950058072009291,87,1.967741935483871,0.8064516129032258,89.64364592012514,0.9733625573944938,0.05429096919852955,1
eicu,248,1,861,284,284,31,0.32984901277584205,87,1.967741935483871,0.7741935483870968,14.680202924469668,0.931745987028112,-0.05597623553520498,0
eicu,248,1,861,284,284,31,0.32984901277584205,87,1.967741935483871,0.8709677419354839,19.676923363752522,0.9491790468706032,0.02299411860810302,1
eicu,248,2,861,348,1431,31,1.6620209059233448,87,1.967741935483871,0.525,100.58997414653513,0.9848300470505218,0.0330943925987332,1
eicu,248,2,861,348,1431,31,1.6620209059233448,87,1.967741935483871,0.5384615384615384,78.03336109654893,0.9743699365002945,0.11263407868235353,1
eicu,248,2,861,261,762,31,0.8850174216027874,87,1.967741935483871,0.5897435897435898,72.46817154084887,0.9724016770745673,0.054380587661447155,1
eicu,248,2,861,261,762,31,0.8850174216027874,87,1.967741935483871,0.5609756097560976,51.111359504231736,0.9689287053459197,0.07037474654138709,1
eicu,248,3,861,485,2126,31,2.4692218350754938,87,1.967741935483871,0.5526315789473685,64.79130712813613,0.9609853761876638,0.06251505491250564,1
eicu,248,3,861,485,2126,31,2.4692218350754938,87,1.967741935483871,0.5384615384615384,135.94543959500947,0.9789011583315879,0.13434160218866176,1
eicu,248,4,861,291,1756,31,2.0394889663182347,87,1.967741935483871,0.42857142857142855,141.82680785729355,0.9731447167608158,-0.20428172727132388,0
eicu,248,4,861,291,1756,31,2.0394889663182347,87,1.967741935483871,0.42857142857142855,114.4833883520349,0.9757961781055892,-0.24013498917203296,0
eicu,248,1,861,221,221,31,0.25667828106852497,87,1.967741935483871,0.6666666666666666,17.379918757573172,0.9169266036753904,0.020102827174947602,1
eicu,248,1,861,221,221,31,0.25667828106852497,87,1.967741935483871,0.6666666666666666,8.255188957623865,0.8619227642982844,0.10333334051159243,1
eicu,248,1,861,295,295,31,0.3426248548199768,87,1.967741935483871,0.5609756097560976,32.08891340981611,0.9688365889106704,0.054815095968929084,1
eicu,248,1,861,295,295,31,0.3426248548199768,87,1.967741935483871,0.5476190476190477,17.84274921923904,0.9439548251386202,0.17231079609610217,1
eicu,248,3,861,835,3822,31,4.439024390243903,87,1.967741935483871,0.5625,97.10302432567349,0.9776668623158906,0.055288153729107836,1
eicu,248,3,861,835,3822,31,4.439024390243903,87,1.967741935483871,0.5625,105.09995219316791,0.9728530304285912,0.0690648369106997,1
eicu,248,2,861,295,782,31,0.908246225319396,87,1.967741935483871,0.6774193548387096,84.31538078606718,0.9759946378380596,-0.011965387121716742,0
eicu,248,2,861,295,782,31,0.908246225319396,87,1.967741935483871,0.6774193548387096,50.966318034919304,0.9370115421250346,0.07318544774054198,1
eicu,248,1,861,485,485,31,0.5632984901277585,87,1.967741935483871,0.8709677419354839,9.134708253829993,0.8905274287681032,0.06382221094452217,1
eicu,248,1,861,485,485,31,0.5632984901277585,87,1.967741935483871,0.75,29.324704178497257,0.9658990592398452,0.07818893747403322,1
eicu,252,3,1561,261,984,36,0.6303651505445227,282,5.472222222222222,0.4864864864864865,45.23034684437138,0.9395665805466243,0.03185939825389961,1
eicu,252,3,1561,261,984,34,0.6303651505445227,282,5.794117647058823,0.5142857142857142,56.38915855153013,0.9703921316783592,0.022235907277782962,1
eicu,252,4,1561,261,1727,36,1.1063420884048687,282,5.472222222222222,0.4594594594594595,105.91919164653464,0.9691795896400881,0.023048931383047144,1
eicu,252,4,1561,261,1727,34,1.1063420884048687,282,5.794117647058823,0.4857142857142857,132.1109033165627,0.9795041872234307,-0.011364332779493058,0
eicu,252,4,1561,284,2172,36,1.3914157591287637,282,5.472222222222222,0.5365853658536586,124.80663524281337,0.9777685385803974,0.01640669149052304,1
eicu,252,4,1561,284,2172,34,1.3914157591287637,282,5.794117647058823,0.5365853658536586,157.39498606598147,0.977855316889302,0.04506790566358415,1
eicu,252,3,1561,348,1705,36,1.0922485586162716,282,5.472222222222222,0.5121951219512195,71.26016916379265,0.9680672816203376,0.012504045393283036,1
eicu,252,3,1561,348,1705,34,1.0922485586162716,282,5.794117647058823,0.5121951219512195,84.34567650040331,0.9714431188800939,0.048279775876467035,1
eicu,252,3,1561,214,1425,36,0.9128763613068546,282,5.472222222222222,0.48717948717948717,48.80048644542226,0.9657828347613222,0.03793395546630768,1
eicu,252,3,1561,214,1425,34,0.9128763613068546,282,5.794117647058823,0.48717948717948717,59.752197101309456,0.9642947705042849,0.042592860997662185,1
eicu,252,1,1561,1051,1051,36,0.6732863549007047,282,5.472222222222222,0.6111111111111112,68.2466116062362,0.985347240865899,-0.006424771734671875,0
eicu,252,1,1561,1051,1051,34,0.6732863549007047,282,5.794117647058823,0.6470588235294118,96.85942842418504,0.9891070377983162,-0.03694548323806879,0
eicu,252,4,1561,261,2439,36,1.5624599615631005,282,5.472222222222222,0.42857142857142855,70.9325630604272,0.9577063076454138,-0.009736951422959272,0
eicu,252,4,1561,261,2439,34,1.5624599615631005,282,5.794117647058823,0.42857142857142855,126.09983011867183,0.9787143827935829,-0.24782008955277185,0
eicu,252,1,1561,329,329,36,0.21076233183856502,282,5.472222222222222,0.8055555555555556,4.00038796451565,0.7500242454306365,-0.009331758736186468,0
eicu,252,1,1561,329,329,34,0.21076233183856502,282,5.794117647058823,0.8529411764705882,17.80037817882527,0.9438214182893279,-0.027322978961413447,0
eicu,252,2,1561,310,639,36,0.40935297885970534,282,5.472222222222222,0.7567567567567568,17.773590306890576,0.8874065799702088,0.0021198518980421466,1
eicu,252,2,1561,310,639,34,0.40935297885970534,282,5.794117647058823,0.7714285714285715,45.561836196246915,0.964647209119355,-0.03880557446495897,0
eicu,252,1,1561,295,295,36,0.18898142216527866,282,5.472222222222222,0.7777777777777778,22.860112375079854,0.9435917429918611,-0.007344523697290439,0
eicu,252,1,1561,295,295,34,0.18898142216527866,282,5.794117647058823,0.8235294117647058,10.852375918006011,0.901795121173016,0.01079834045187883,1
eicu,252,4,1561,423,4681,36,2.9987187700192184,282,5.472222222222222,0.5,180.981138148324,0.9816871639501776,-0.008684710475550472,0
eicu,252,4,1561,423,4681,34,2.9987187700192184,282,5.794117647058823,0.5277777777777778,194.97205310664006,0.9838776208866433,0.028364650673712577,1
eicu,252,1,1561,1561,1761,36,1.128122998078155,282,5.472222222222222,0.5789473684210527,24.881556555121094,0.9591055325429771,-0.00776287841220924,0
eicu,252,1,1561,1561,1761,34,1.128122998078155,282,5.794117647058823,0.6111111111111112,27.2067313546566,0.9625576866618225,0.006470949829369799,1
eicu,256,1,367,357,357,28,0.9727520435967303,26,0.6428571428571429,0.9642857142857143,4.398796270936018,0.7726650796247924,0.015636557529350115,1
eicu,256,1,367,357,357,29,0.9727520435967303,26,0.6206896551724138,0.9310344827586207,5.888712707896565,0.8301835987585141,-0.054448078486293294,0
eicu,256,3,367,262,893,28,2.433242506811989,26,0.6428571428571429,0.5161290322580645,54.15309682012514,0.9612652328735436,0.24059313782479766,1
eicu,256,3,367,262,893,29,2.433242506811989,26,0.6206896551724138,0.5161290322580645,44.07954812207966,0.9406880380752668,-0.10574811687169058,0
eicu,256,3,367,367,1638,28,4.463215258855586,26,0.6428571428571429,0.5121951219512195,81.31212757130108,0.9660539281453202,-0.058089583037085224,0
eicu,256,3,367,367,1638,29,4.463215258855586,26,0.6206896551724138,0.5121951219512195,41.19139163726562,0.9394122579153545,-0.0862349348232789,0
eicu,256,4,367,212,2047,28,5.577656675749319,26,0.6428571428571429,0.3157894736842105,97.48473927405293,0.9732312757356136,0.04880041306942906,1
eicu,256,4,367,212,2047,29,5.577656675749319,26,0.6206896551724138,0.3157894736842105,36.50693820056573,0.9566515970675519,-0.04003305563251314,0
eicu,256,4,367,312,2951,28,8.040871934604905,26,0.6428571428571429,0.4634146341463415,175.35427330536177,0.9880166242964845,0.26200477866491245,1
eicu,256,4,367,312,2951,29,8.040871934604905,26,0.6206896551724138,0.4634146341463415,96.59526081959282,0.977270082295557,-0.05355454198723883,0
eicu,256,2,367,284,568,28,1.547683923705722,26,0.6428571428571429,0.7241379310344828,33.77954551725269,0.9409327518038801,-0.02039856631295947,0
eicu,256,2,367,284,568,29,1.547683923705722,26,0.6206896551724138,0.7,40.15564144345408,0.95485180216895,0.024431358393843028,1
eicu,256,4,367,310,4106,28,11.188010899182562,26,0.6428571428571429,0.5526315789473685,280.5446956301216,0.9888013020467488,0.02204497592733759,1
eicu,256,4,367,310,4106,29,11.188010899182562,26,0.6206896551724138,0.5263157894736842,100.35938788836152,0.9706453209961707,-0.12770188759755075,0
eicu,256,1,367,367,1365,28,3.7193460490463215,26,0.6428571428571429,0.575,31.167567922295476,0.9679153663034241,0.06419227604467886,1
eicu,256,1,367,367,1365,29,3.7193460490463215,26,0.6206896551724138,0.6,14.431276652987659,0.9295015507424764,-0.0942191526500365,0
eicu,256,4,367,312,3806,28,10.370572207084468,26,0.6428571428571429,0.3902439024390244,111.18374863212546,0.9878375309914117,0.25181009604192794,1
eicu,256,4,367,312,3806,29,10.370572207084468,26,0.6206896551724138,0.3902439024390244,63.25852662356964,0.9523568477779596,-0.09959187081370025,0
eicu,256,3,367,262,1029,28,2.803814713896458,26,0.6428571428571429,0.5,45.06413850910012,0.9621068969943658,0.15514654719908713,1
eicu,256,3,367,262,1029,29,2.803814713896458,26,0.6206896551724138,0.5,87.5581449120414,0.9723813440772102,-0.08401722926113672,0
eicu,256,4,367,261,4107,28,11.190735694822889,26,0.6428571428571429,0.5,160.43679266671018,0.9851533161489574,0.089523050715448,1
eicu,256,4,367,261,4107,29,11.190735694822889,26,0.6206896551724138,0.5,68.29959912034329,0.9667970400091415,-0.04609181013725208,0
eicu,256,4,367,310,4366,28,11.896457765667575,26,0.6428571428571429,0.53125,76.76054460472531,0.9752100577296555,0.07480905418900974,1
eicu,256,4,367,310,4366,29,11.896457765667575,26,0.6206896551724138,0.53125,84.62486603462182,0.9763662845955732,-0.09194797716884551,0
eicu,259,3,295,222,1641,33,5.562711864406779,79,1.6666666666666667,0.46153846153846156,80.84297453691778,0.9756953492141704,0.02800834483764081,1
eicu,259,3,295,222,1641,34,5.562711864406779,79,1.6176470588235294,0.45,122.40145474025405,0.9801906360858184,-0.06491374219759105,0
eicu,259,1,295,295,691,33,2.3423728813559324,79,1.6666666666666667,0.5526315789473685,5.234145963661461,0.8089468641221335,-0.01635610065995896,0
eicu,259,1,295,295,691,34,2.3423728813559324,79,1.6176470588235294,0.5384615384615384,55.99484539147889,0.9821412133026056,-0.05197297834774939,0
eicu,259,3,295,262,1975,33,6.694915254237288,79,1.6666666666666667,0.40476190476190477,125.6051911414839,0.9797845533532755,-0.012904735175327864,0
eicu,259,3,295,262,1975,34,6.694915254237288,79,1.6176470588235294,0.42857142857142855,49.30602004853417,0.9738641173828382,-0.01021080958397902,0
eicu,259,1,295,295,409,33,1.3864406779661016,79,1.6666666666666667,0.7567567567567568,20.545736659012228,0.9507568259569501,-0.026536424481788945,0
eicu,259,1,295,295,409,34,1.3864406779661016,79,1.6176470588235294,0.7567567567567568,39.015242709726195,0.9722961323635696,-0.020871936213835762,0
eicu,259,4,295,295,3507,33,11.888135593220339,79,1.6666666666666667,0.5,166.61974018406056,0.975993240683359,-0.001909539182237574,0
eicu,259,4,295,295,3507,34,11.888135593220339,79,1.6176470588235294,0.5,239.83080535344317,0.9830335161333683,-0.0476088096548134,0
eicu,259,3,295,295,2764,33,9.36949152542373,79,1.6666666666666667,0.5789473684210527,112.30881970177933,0.9732879393803079,-0.0004495347447297515,0
eicu,259,3,295,295,2764,34,9.36949152542373,79,1.6176470588235294,0.5238095238095238,49.79271876412446,0.9756066619729463,-0.036425218417486915,0
eicu,259,3,295,295,2623,33,8.891525423728813,79,1.6666666666666667,0.5384615384615384,181.57600775908753,0.9834779933922748,-0.0166446311990448,0
eicu,259,3,295,295,2623,34,8.891525423728813,79,1.6176470588235294,0.5,100.1949819812983,0.9807668971137324,-0.05505407426191067,0
eicu,259,2,295,295,1878,33,6.366101694915254,79,1.6666666666666667,0.47619047619047616,27.10406813132925,0.9487751751524619,0.030551669695147443,1
eicu,259,2,295,295,1878,34,6.366101694915254,79,1.6176470588235294,0.47619047619047616,36.79372046085052,0.9548101873265985,0.024649219990844462,1
eicu,259,2,295,295,2074,33,7.030508474576271,79,1.6666666666666667,0.6363636363636364,88.35370869784674,0.9780355241445376,-0.05287174315215104,0
eicu,259,2,295,295,2074,34,7.030508474576271,79,1.6176470588235294,0.6176470588235294,161.28620200418808,0.9874442105646597,-0.06406468205978066,0
eicu,259,2,295,295,945,33,3.2033898305084745,79,1.6666666666666667,0.5128205128205128,54.20277245253078,0.9630909962978846,0.05082138624022159,1
eicu,259,2,295,295,945,34,3.2033898305084745,79,1.6176470588235294,0.5,115.27519234380004,0.9866604732643911,-0.03672071870061844,0
eicu,259,1,295,295,917,33,3.1084745762711865,79,1.6666666666666667,0.5609756097560976,25.978945582765014,0.9615072907091572,0.0031082657004584124,1
eicu,259,1,295,295,917,34,3.1084745762711865,79,1.6176470588235294,0.5476190476190477,31.816297276547814,0.9685695669955563,-0.04246374426788213,0
eicu,259,2,295,295,1617,33,5.48135593220339,79,1.6666666666666667,0.45,38.57500855452995,0.951100386230923,0.009800438171335135,1
eicu,259,2,295,295,1617,34,5.48135593220339,79,1.6176470588235294,0.475,65.3161767073816,0.9710401419333492,-0.01022620360846982,0
eicu,264,1,2629,576,576,25,0.2190947128185622,319,8.92,0.5365853658536586,57.11677372390534,0.9824833699807711,-0.06202725400444803,0
eicu,264,1,2629,576,576,25,0.2190947128185622,319,8.92,0.5365853658536586,86.19453921443052,0.9858195159055549,-0.03761604234811086,0
eicu,264,4,2629,212,3386,25,1.287942183339673,319,8.92,0.4594594594594595,137.9710584248324,0.9817110725965985,0.00888474112076798,1
eicu,264,4,2629,212,3386,25,1.287942183339673,319,8.92,0.4473684210526316,131.8362844602643,0.9843331209459127,0.03888094315572335,1
eicu,264,2,2629,212,474,25,0.1802966907569418,319,8.92,0.4411764705882353,47.11150298459495,0.9659413109506406,0.02502155406334572,1
eicu,264,2,2629,212,474,25,0.1802966907569418,319,8.92,0.4411764705882353,63.818184662109346,0.9686609700575288,0.06920171733021072,1
eicu,264,3,2629,341,1698,25,0.6458729554963865,319,8.92,0.5675675675675675,70.1025522678223,0.964189105849991,0.036082726376957086,1
eicu,264,3,2629,341,1698,25,0.6458729554963865,319,8.92,0.5675675675675675,71.57684425311876,0.9716350642317699,0.1437554336807411,1
eicu,264,1,2629,1365,1365,25,0.5192088246481552,319,8.92,0.6666666666666666,72.18760647409005,0.985597231970047,0.014231527737915278,1
eicu,264,1,2629,1365,1365,25,0.5192088246481552,319,8.92,0.6666666666666666,42.45983227905739,0.9762322576719749,0.031577930203857435,1
eicu,264,4,2629,332,2670,25,1.0155952833777102,319,8.92,0.4634146341463415,140.44770311278236,0.9776529199173061,-0.006939906713567506,0
eicu,264,4,2629,332,2670,25,1.0155952833777102,319,8.92,0.4634146341463415,114.29778287806775,0.9692074999657541,0.0607126084467359,1
eicu,264,1,2629,617,617,25,0.23468999619627234,319,8.92,0.7777777777777778,48.94627096937299,0.9795694343982665,0.01014976803284276,1
eicu,264,1,2629,617,617,25,0.23468999619627234,319,8.92,0.7777777777777778,113.06674877420357,0.9911556667999978,0.01679612601311367,1
eicu,264,4,2629,329,2966,25,1.1281856219094712,319,8.92,0.5,133.90378039286588,0.9844676323291722,-0.00013228632296052867,0
eicu,264,4,2629,329,2966,25,1.1281856219094712,319,8.92,0.5,71.8866971087208,0.9443568815806013,0.02301591861612315,1
eicu,264,4,2629,224,1726,25,0.6565233929250666,319,8.92,0.5483870967741935,66.74138734983916,0.9692973330352297,0.016117510474547014,1
eicu,264,4,2629,224,1726,25,0.6565233929250666,319,8.92,0.5483870967741935,93.45875935567206,0.9786001867156326,0.04636589195558441,1
eicu,264,2,2629,383,952,25,0.36211487257512365,319,8.92,0.625,88.09957925579808,0.9772838098417069,0.014474344655048432,1
eicu,264,2,2629,383,952,25,0.36211487257512365,319,8.92,0.6451612903225806,52.16299898386522,0.9609219451705593,0.03742458628466769,1
eicu,264,2,2629,368,1092,25,0.41536705971852417,319,8.92,0.6470588235294118,78.26719045590002,0.9744465083216842,-0.03444875186310567,0
eicu,264,2,2629,368,1092,25,0.41536705971852417,319,8.92,0.6875,69.42221920972852,0.9729283555255889,-0.025493609089445812,0
eicu,264,1,2629,2207,2207,25,0.8394826930391784,319,8.92,0.8928571428571429,68.31856797403331,0.9853626908517743,0.0309689052187353,1
eicu,264,1,2629,2207,2207,25,0.8394826930391784,319,8.92,0.8928571428571429,73.78692306201602,0.9864474630665989,0.09203641476766947,1
eicu,268,3,284,284,2151,29,7.573943661971831,47,1.1379310344827587,0.4523809523809524,44.29150869989101,0.9439935063719811,0.07211216694224654,1
eicu,268,3,284,284,2151,29,7.573943661971831,47,1.1379310344827587,0.4523809523809524,42.77272655659165,0.965156493810873,-0.016932922197903655,0
eicu,268,4,284,284,4417,29,15.55281690140845,47,1.1379310344827587,0.35714285714285715,119.54044036729398,0.9777290114684758,0.010665763950341578,1
eicu,268,4,284,284,4417,29,15.55281690140845,47,1.1379310344827587,0.35714285714285715,90.3238779119733,0.9770457150956835,-0.04090188018619523,0
eicu,268,1,284,284,443,29,1.5598591549295775,47,1.1379310344827587,0.5945945945945946,11.754113472839231,0.9144444919062922,0.046383082197638426,1
eicu,268,1,284,284,443,29,1.5598591549295775,47,1.1379310344827587,0.5945945945945946,26.50202015158299,0.961829239235657,0.08043267252533048,1
eicu,268,4,284,261,1507,29,5.306338028169014,47,1.1379310344827587,0.6129032258064516,108.29767933429923,0.9630466291360489,0.022802528190825178,1
eicu,268,4,284,261,1507,29,5.306338028169014,47,1.1379310344827587,0.6129032258064516,76.19422952181273,0.9594935013213957,0.011618813367874958,1
eicu,268,3,284,284,1433,29,5.045774647887324,47,1.1379310344827587,0.6285714285714286,62.96194499360949,0.9574499642202843,-0.0025515245789806684,0
eicu,268,3,284,284,1433,29,5.045774647887324,47,1.1379310344827587,0.6285714285714286,46.18856764113082,0.9403182970347488,-0.04877561663974839,0
eicu,268,3,284,261,1426,29,5.02112676056338,47,1.1379310344827587,0.6129032258064516,112.18572304159598,0.9775835250807647,0.028778401530323183,1
eicu,268,3,284,261,1426,29,5.02112676056338,47,1.1379310344827587,0.6129032258064516,74.31356131640536,0.9651306838564155,-3.340019971043162e-06,0
eicu,268,1,284,284,341,29,1.2007042253521127,47,1.1379310344827587,0.5365853658536586,23.35727078921081,0.9568904761398876,-0.057202727293400535,0
eicu,268,1,284,284,341,29,1.2007042253521127,47,1.1379310344827587,0.5609756097560976,12.640396076858767,0.9208885549218876,-0.20474431363632392,0
eicu,268,4,284,261,2757,29,9.70774647887324,47,1.1379310344827587,0.42424242424242425,33.42972506686746,0.9364662904491093,0.0159535908986832,1
eicu,268,4,284,261,2757,29,9.70774647887324,47,1.1379310344827587,0.42424242424242425,71.33716381342305,0.9697134359166725,0.10005197088335982,1
eicu,268,3,284,261,1245,29,4.383802816901408,47,1.1379310344827587,0.5,42.35806004378573,0.9321758293752542,-0.0037260164863620604,0
eicu,268,3,284,261,1245,29,4.383802816901408,47,1.1379310344827587,0.5,61.07454476200777,0.9520544180799523,-0.06555853655770971,0
eicu,268,2,284,284,1795,29,6.320422535211268,47,1.1379310344827587,0.7878787878787878,46.32941447011405,0.9568308811394508,-0.02238044207567169,0
eicu,268,2,284,284,1795,29,6.320422535211268,47,1.1379310344827587,0.7878787878787878,33.84453632178007,0.9409062667904557,-0.034179904368167535,0
eicu,268,1,284,284,487,29,1.7147887323943662,47,1.1379310344827587,0.6666666666666666,30.400393334291444,0.9652462813864352,-0.031021668504822908,0
eicu,268,1,284,284,487,29,1.7147887323943662,47,1.1379310344827587,0.6666666666666666,20.491035807306677,0.9510173734226095,-0.058891961964947837,0
eicu,268,2,284,284,1450,29,5.105633802816901,47,1.1379310344827587,0.5897435897435898,53.78237598381075,0.972500308522391,0.027770143705929562,1
eicu,268,2,284,284,1450,29,5.105633802816901,47,1.1379310344827587,0.5897435897435898,35.038602904099065,0.955037195609561,-0.0068444340156121886,0
eicu,269,3,329,329,2498,29,7.592705167173253,32,0.7586206896551724,0.6451612903225806,57.208965042805,0.9604533207706585,0.05998415918091371,1
eicu,269,3,329,329,2498,29,7.592705167173253,32,0.7586206896551724,0.6451612903225806,26.526611315641098,0.9152222968607661,0.0630988215102779,1
eicu,269,3,329,212,1121,29,3.407294832826748,32,0.7586206896551724,0.6451612903225806,46.3090100552763,0.9352177903086445,-0.02158451451119292,0
eicu,269,3,329,212,1121,29,3.407294832826748,32,0.7586206896551724,0.6451612903225806,31.055174858443248,0.9171232544941469,0.01350946092953803,1
eicu,269,4,329,293,4565,29,13.875379939209726,32,0.7586206896551724,0.5,72.13477710254809,0.9415514906339582,0.07754265531792026,1
eicu,269,4,329,293,4565,29,13.875379939209726,32,0.7586206896551724,0.53125,50.492661223640496,0.9430649501296917,0.21057027323269312,1
eicu,269,2,329,329,1441,29,4.379939209726444,32,0.7586206896551724,0.28205128205128205,27.24586213795156,0.958726769691718,-0.033625181985316055,0
eicu,269,2,329,329,1441,29,4.379939209726444,32,0.7586206896551724,0.28205128205128205,26.664763556316046,0.9432176008631517,-0.07034499682953571,0
eicu,269,2,329,284,901,29,2.7386018237082066,32,0.7586206896551724,0.5833333333333334,42.54119394384192,0.9567780788895499,0.2557290858228991,1
eicu,269,2,329,284,901,29,2.7386018237082066,32,0.7586206896551724,0.5833333333333334,12.4909506930347,0.8936497300058514,0.18258229085558653,1
eicu,269,3,329,329,2612,29,7.939209726443769,32,0.7586206896551724,0.5384615384615384,60.97389066002508,0.9671160847680221,0.038990931654969696,1
eicu,269,3,329,329,2612,29,7.939209726443769,32,0.7586206896551724,0.5384615384615384,104.83258541350804,0.9719035939149269,0.09889342943157514,1
eicu,269,4,329,212,2031,29,6.173252279635259,32,0.7586206896551724,0.625,147.62491486119353,0.977209166238959,-0.08060249837717065,0
eicu,269,4,329,212,2031,29,6.173252279635259,32,0.7586206896551724,0.5882352941176471,102.38513319790198,0.9605323817397993,0.01180152786069849,1
eicu,269,3,329,329,2514,29,7.641337386018237,32,0.7586206896551724,0.6578947368421053,116.12081173349242,0.9739965113498235,-0.2930872221817672,0
eicu,269,3,329,329,2514,29,7.641337386018237,32,0.7586206896551724,0.6578947368421053,109.76148914187564,0.9724032370847624,-0.1028910106356688,0
eicu,269,3,329,221,897,29,2.7264437689969605,32,0.7586206896551724,0.46875,34.489169185810205,0.9288212596149757,0.15207485153820566,1
eicu,269,3,329,221,897,29,2.7264437689969605,32,0.7586206896551724,0.46875,39.333667677830846,0.9361477352988744,0.15267580348654736,1
eicu,269,3,329,329,1315,29,3.9969604863221884,32,0.7586206896551724,0.475,69.01078654781551,0.9717974450134657,0.08523967580762715,1
eicu,269,3,329,329,1315,29,3.9969604863221884,32,0.7586206896551724,0.475,25.390060175737148,0.9606145084699088,0.16208536980366506,1
eicu,269,2,329,329,4385,29,13.328267477203648,32,0.7586206896551724,0.47058823529411764,84.6845431163681,0.9818798581000828,-0.08952625500530798,0
eicu,269,2,329,329,4385,29,13.328267477203648,32,0.7586206896551724,0.47058823529411764,40.95952717369002,0.9608044728646659,0.01773243186581408,1
eicu,269,1,329,329,1766,29,5.367781155015198,32,0.7586206896551724,0.6774193548387096,16.340035835743297,0.9388006238142678,0.02757740015072163,1
eicu,269,1,329,329,1766,29,5.367781155015198,32,0.7586206896551724,0.6774193548387096,11.142622930864682,0.9102545238940075,0.05967176203779606,1
eicu,271,3,408,312,1203,30,2.948529411764706,34,0.8,0.7058823529411765,77.38438975706987,0.9803360341989045,0.06165694590392255,1
eicu,271,3,408,312,1203,30,2.948529411764706,34,0.8,0.7058823529411765,27.235935775456404,0.9209726192418071,0.03579214017552776,1
eicu,271,2,408,367,776,30,1.9019607843137254,34,0.8,0.525,37.85019816425223,0.9607884826219864,0.049765441646997574,1
eicu,271,2,408,367,776,30,1.9019607843137254,34,0.8,0.525,36.79781211689985,0.9556062898025436,0.047050099550086905,1
eicu,271,2,408,367,1061,30,2.6004901960784315,34,0.8,0.6666666666666666,77.55111386814347,0.974210557395726,0.13997635314941875,1
eicu,271,2,408,367,1061,30,2.6004901960784315,34,0.8,0.696969696969697,43.55415789617767,0.9540801591258519,0.04854664458610611,1
eicu,271,3,408,212,1601,30,3.924019607843137,34,0.8,0.6129032258064516,67.65592753567796,0.9560068684951175,0.056796949871061556,1
eicu,271,3,408,212,1601,30,3.924019607843137,34,0.8,0.6129032258064516,45.85338912945139,0.9545904679221984,0.023821903793602633,1
eicu,271,2,408,408,941,30,2.3063725490196076,34,0.8,0.8125,88.21800404268927,0.9773169593846798,0.1111142391046606,1
eicu,271,2,408,408,941,30,2.3063725490196076,34,0.8,0.8125,42.915160754370035,0.9533927779371301,0.015707729930766662,1
eicu,271,1,408,408,588,30,1.4411764705882353,34,0.8,0.6097560975609756,44.287028582380785,0.9774200249596822,-0.03198077069345233,0
eicu,271,1,408,408,588,30,1.4411764705882353,34,0.8,0.575,22.500085472678325,0.9555557243898344,-0.14499552642278718,0
eicu,271,2,408,312,643,30,1.5759803921568627,34,0.8,0.5588235294117647,29.337611571879997,0.9475415773749623,-0.007953753546739939,0
eicu,271,2,408,312,643,30,1.5759803921568627,34,0.8,0.5588235294117647,40.002624612755696,0.952740987827527,0.055182511943961704,1
eicu,271,1,408,387,387,30,0.9485294117647058,34,0.8,0.6842105263157895,34.10325038127499,0.970046828553198,0.09546727046312102,1
eicu,271,1,408,387,387,30,0.9485294117647058,34,0.8,0.6842105263157895,17.702846054297392,0.9435112024791734,0.002435769191889675,1
eicu,271,3,408,221,1108,30,2.715686274509804,34,0.8,0.6875,55.096183423495205,0.9524531448738215,0.16901503823794478,1
eicu,271,3,408,221,1108,30,2.715686274509804,34,0.8,0.6875,55.97128859528812,0.9463841582526722,0.05720211237876524,1
eicu,271,2,408,261,628,30,1.5392156862745099,34,0.8,0.475,72.53110215968444,0.972425622382012,0.0331041161509449,1
eicu,271,2,408,261,628,30,1.5392156862745099,34,0.8,0.475,44.732296887795954,0.9556062898025436,0.023584195000548036,1
eicu,271,2,408,367,2574,30,6.3088235294117645,34,0.8,0.6285714285714286,80.7659506798966,0.975237089600707,0.16232915651197133,1
eicu,271,2,408,367,2574,30,6.3088235294117645,34,0.8,0.6571428571428571,52.49832620970709,0.9619035473243298,0.05042653662555116,1
eicu,271,1,408,367,367,30,0.8995098039215687,34,0.8,0.625,17.96172191063804,0.9443260504212718,0.027500752694705255,1
eicu,271,1,408,367,367,30,0.8995098039215687,34,0.8,0.625,22.52571356510085,0.9556062898025436,0.01532824861635873,1
eicu,272,4,555,284,2477,26,4.463063063063063,38,1.0384615384615385,0.4523809523809524,101.15303900911648,0.9704582136158949,0.06465084116215941,1
eicu,272,4,555,284,2477,26,4.463063063063063,38,1.0384615384615385,0.4523809523809524,136.86677920319394,0.970774500406256,-0.0835546351335477,0
eicu,272,2,555,348,1399,26,2.5207207207207207,38,1.0384615384615385,0.5882352941176471,60.08493534779505,0.9667137862690004,-0.03800269777117377,0
eicu,272,2,555,348,1399,26,2.5207207207207207,38,1.0384615384615385,0.625,57.072839037419186,0.9652853641678847,-0.010784410757722449,0
eicu,272,2,555,555,2926,26,5.272072072072072,38,1.0384615384615385,0.525,38.37657999249807,0.9543842853143176,0.0710425243412223,1
eicu,272,2,555,555,2926,26,5.272072072072072,38,1.0384615384615385,0.525,66.22447256503577,0.9779930262978145,0.08475100450355219,1
eicu,272,4,555,224,1633,26,2.9423423423423425,38,1.0384615384615385,0.625,117.71458320284866,0.9674533206852489,0.03891824132924143,1
eicu,272,4,555,224,1633,26,2.9423423423423425,38,1.0384615384615385,0.625,111.27842136662238,0.9740459273428013,0.055643569606846494,1
eicu,272,4,555,312,3107,26,5.598198198198198,38,1.0384615384615385,0.6,79.31310038618274,0.9711526477554111,0.034965225946507306,1
eicu,272,4,555,312,3107,26,5.598198198198198,38,1.0384615384615385,0.631578947368421,55.97030760809127,0.9401326561300718,0.10313540387491757,1
eicu,272,4,555,221,2142,26,3.8594594594594596,38,1.0384615384615385,0.48484848484848486,146.6050858214769,0.9727150536077667,0.14833144807935275,1
eicu,272,4,555,221,2142,26,3.8594594594594596,38,1.0384615384615385,0.48484848484848486,96.01335905993889,0.9655455787209815,0.3226089515983076,1
eicu,272,2,555,435,1004,26,1.809009009009009,38,1.0384615384615385,0.6774193548387096,35.99883060906333,0.9444426397701801,-0.01006322479656259,0
eicu,272,2,555,435,1004,26,1.809009009009009,38,1.0384615384615385,0.6451612903225806,32.49320684974635,0.9468120716897458,0.09048351135699567,1
eicu,272,3,555,365,2860,26,5.153153153153153,38,1.0384615384615385,0.6052631578947368,64.88573796009398,0.9537648781640573,0.0164374249023794,1
eicu,272,3,555,365,2860,26,5.153153153153153,38,1.0384615384615385,0.6388888888888888,108.0978736718595,0.9736306058129256,0.1794657776409291,1
eicu,272,1,555,408,408,26,0.7351351351351352,38,1.0384615384615385,0.8666666666666667,31.779744392527565,0.9684630352717553,0.008152567668323688,1
eicu,272,1,555,408,408,26,0.7351351351351352,38,1.0384615384615385,0.8666666666666667,14.75915293114824,0.932157005632819,-0.03235829833558025,0
eicu,272,3,555,408,2099,26,3.781981981981982,38,1.0384615384615385,0.5806451612903226,78.2370205021036,0.9722711486774399,0.018861074383370396,1
eicu,272,3,555,408,2099,26,3.781981981981982,38,1.0384615384615385,0.5806451612903226,47.99507804368642,0.944662320948525,-0.0297051684026432,0
eicu,272,1,555,539,539,26,0.9711711711711711,38,1.0384615384615385,0.8333333333333334,38.67205854323507,0.9741415368700374,-0.004177152512872567,0
eicu,272,1,555,539,539,26,0.9711711711711711,38,1.0384615384615385,0.8333333333333334,10.55239454430392,0.9052347791014135,0.01362703482361402,1
eicu,272,1,555,423,423,26,0.7621621621621621,38,1.0384615384615385,0.8571428571428571,42.59196164874564,0.9762895038133534,0.012279975288211106,1
eicu,272,1,555,423,423,26,0.7621621621621621,38,1.0384615384615385,0.8571428571428571,21.147224699896746,0.9526988641069345,0.04470553775837244,1
eicu,275,2,247,247,624,30,2.526315789473684,28,0.6666666666666666,0.6470588235294118,27.84345617105277,0.9337127722337453,0.07964290041962835,1
eicu,275,2,247,247,624,24,2.526315789473684,28,0.8333333333333334,0.8214285714285714,28.363224032176475,0.9294861544043401,0.05332288535823668,1
eicu,275,3,247,247,2365,30,9.574898785425102,28,0.6666666666666666,0.3,65.51999299586393,0.9739612274087772,0.16602845941095226,1
eicu,275,3,247,247,2365,24,9.574898785425102,28,0.8333333333333334,0.32432432432432434,58.3195908869849,0.9621817853840935,0.3317689614203947,1
eicu,275,4,247,247,2128,30,8.615384615384615,28,0.6666666666666666,0.48717948717948717,183.89363961586815,0.9815123700504343,0.04763527173556942,1
eicu,275,4,247,247,2128,24,8.615384615384615,28,0.8333333333333334,0.5135135135135135,105.55400654912322,0.9799897923119818,0.15110003126080826,1
eicu,275,2,247,212,920,30,3.7246963562753037,28,0.6666666666666666,0.5128205128205128,20.08494200717496,0.9357958556847675,0.18911581145203135,1
eicu,275,2,247,212,920,24,3.7246963562753037,28,0.8333333333333334,0.5128205128205128,28.48801363822196,0.9398879017395467,-0.02147495282807335,0
eicu,275,3,247,247,1798,30,7.279352226720648,28,0.6666666666666666,0.5833333333333334,63.69699260272027,0.9656623515410317,0.15031138804155567,1
eicu,275,3,247,247,1798,24,7.279352226720648,28,0.8333333333333334,0.5526315789473685,101.75476467738733,0.9705173511087026,0.12003303761155207,1
eicu,275,1,247,247,811,30,3.283400809716599,28,0.6666666666666666,0.631578947368421,15.695306223675342,0.9355027194061345,-0.001592234318021607,0
eicu,275,1,247,247,811,24,3.283400809716599,28,0.8333333333333334,0.75,10.814463252859632,0.9063912553777853,0.029235736185177524,1
eicu,275,4,247,247,2742,30,11.101214574898785,28,0.6666666666666666,0.46153846153846156,36.82558703254141,0.9581705229130544,-0.00041438883694380757,0
eicu,275,4,247,247,2742,24,11.101214574898785,28,0.8333333333333334,0.46153846153846156,121.38172721678598,0.9747376315669756,0.2807462669492993,1
eicu,275,2,247,247,1194,30,4.834008097165992,28,0.6666666666666666,0.631578947368421,53.03823070043727,0.960881243357415,-0.01523421628215263,0
eicu,275,2,247,247,1194,24,4.834008097165992,28,0.8333333333333334,0.75,55.135960526150456,0.9619154148976607,0.023906091109081845,1
eicu,275,2,247,247,917,30,3.7125506072874495,28,0.6666666666666666,0.4878048780487805,24.87690978392009,0.942044472881304,0.0396257970173631,1
eicu,275,2,247,247,917,24,3.7125506072874495,28,0.8333333333333334,0.5,39.088557384830615,0.9503287387169456,-0.18590686782844548,0
eicu,275,2,247,247,1414,30,5.724696356275303,28,0.6666666666666666,0.4358974358974359,51.04224976701015,0.9670646278679642,0.012809857308906158,1
eicu,275,2,247,247,1414,24,5.724696356275303,28,0.8333333333333334,0.4358974358974359,30.400929463537693,0.9446466839661225,0.060371042356336474,1
eicu,275,1,247,247,261,30,1.05668016194332,28,0.6666666666666666,0.6060606060606061,7.776624568892558,0.8693044022950137,0.10783819179425186,1
eicu,275,1,247,247,261,24,1.05668016194332,28,0.8333333333333334,0.7407407407407407,16.574439364620694,0.9393721276721465,0.18831290781371876,1
eicu,275,1,247,247,885,30,3.582995951417004,28,0.6666666666666666,0.5806451612903226,29.955854200399223,0.9649075460885783,-0.0195619339044468,0
eicu,275,1,247,247,885,24,3.582995951417004,28,0.8333333333333334,0.72,30.52361760639031,0.966279492762048,-0.07924676621062085,0
eicu,277,3,674,340,2269,29,3.3664688427299705,59,1.4137931034482758,0.4411764705882353,60.95865270438452,0.9656169855823861,-0.05831874945894455,0
eicu,277,3,674,340,2269,29,3.3664688427299705,59,1.4137931034482758,0.4411764705882353,55.51081643441881,0.9459564785262303,0.15661548450195484,1
eicu,277,4,674,291,2753,29,4.084569732937686,59,1.4137931034482758,0.475,99.81632470773499,0.9782135778599831,-0.12373366996653809,0
eicu,277,4,674,291,2753,29,4.084569732937686,59,1.4137931034482758,0.475,134.7943187414343,0.9835934211073317,0.011650509314870772,1
eicu,277,4,674,576,3996,29,5.928783382789318,59,1.4137931034482758,0.36585365853658536,69.70710194322446,0.9744777797495887,-0.046500435444239596,0
eicu,277,4,674,576,3996,29,5.928783382789318,59,1.4137931034482758,0.36585365853658536,71.8376507594006,0.9776021765867421,0.059368651097132186,1
eicu,277,2,674,212,496,29,0.7359050445103857,59,1.4137931034482758,0.6129032258064516,23.26415780546716,0.9330780530753858,-0.06376760188134534,0
eicu,277,2,674,212,496,29,0.7359050445103857,59,1.4137931034482758,0.71875,18.756819007625097,0.8933721118070739,0.025457853655032614,1
eicu,277,4,674,262,1543,29,2.2893175074183976,59,1.4137931034482758,0.38461538461538464,48.258499747344096,0.9445806373641944,-0.015338357228308785,0
eicu,277,4,674,262,1543,29,2.2893175074183976,59,1.4137931034482758,0.36585365853658536,72.20666954767967,0.965119625787189,0.12517118052107673,1
eicu,277,3,674,214,1194,29,1.771513353115727,59,1.4137931034482758,0.5757575757575758,79.55570193523229,0.9686413043571891,0.05924767731553504,1
eicu,277,3,674,214,1194,29,1.771513353115727,59,1.4137931034482758,0.5294117647058824,54.70959216189469,0.9641213752694114,0.06670327934026588,1
eicu,277,1,674,674,1316,29,1.9525222551928783,59,1.4137931034482758,0.7352941176470589,15.453466945503008,0.9352896017750242,-0.024920414894991305,0
eicu,277,1,674,674,1316,29,1.9525222551928783,59,1.4137931034482758,0.7352941176470589,10.475372017079042,0.9045379965151022,0.1215827078170374,1
eicu,277,1,674,332,332,29,0.49258160237388726,59,1.4137931034482758,0.8709677419354839,20.69647438874,0.9516825918648224,0.04255916546208738,1
eicu,277,1,674,332,332,29,0.49258160237388726,59,1.4137931034482758,0.9032258064516129,27.983414403282072,0.96286990337821,0.01896888353626025,1
eicu,277,2,674,539,2746,29,4.074183976261128,59,1.4137931034482758,0.6285714285714286,26.801105037719907,0.9253762112724383,0.02809471294771254,1
eicu,277,2,674,539,2746,29,4.074183976261128,59,1.4137931034482758,0.6285714285714286,58.902010763532004,0.9681767323820687,0.08871159163766423,1
eicu,277,2,674,487,991,29,1.470326409495549,59,1.4137931034482758,0.6129032258064516,41.75218912576271,0.9650934769312103,-0.09074893768002346,0
eicu,277,2,674,487,991,29,1.470326409495549,59,1.4137931034482758,0.6129032258064516,38.7897848926372,0.9666787514277522,-0.018080191871915452,0
eicu,277,3,674,317,2617,29,3.8827893175074184,59,1.4137931034482758,0.5806451612903226,59.39506709232968,0.9661052201493021,0.035174554459474094,1
eicu,277,3,674,317,2617,29,3.8827893175074184,59,1.4137931034482758,0.5625,57.97051659196154,0.9663041450085216,0.0017016108622483483,1
eicu,277,1,674,674,974,29,1.4451038575667656,59,1.4137931034482758,0.5853658536585366,23.191052305393814,0.9566167838913266,0.001188243465093275,1
eicu,277,1,674,674,974,29,1.4451038575667656,59,1.4137931034482758,0.5853658536585366,7.964989827219336,0.8722546719147656,0.08629147128193482,1
eicu,279,3,332,295,1584,29,4.771084337349397,26,0.6206896551724138,0.6153846153846154,107.73868235717546,0.9721548478748385,0.18007288235149432,1
eicu,279,3,332,295,1584,30,4.771084337349397,26,0.6,0.6097560975609756,97.81799883290645,0.9705846742999558,0.10354886911186129,1
eicu,279,1,332,332,409,29,1.2319277108433735,26,0.6206896551724138,0.6486486486486487,35.945465540763806,0.9716700268665279,0.08756722853251897,1
eicu,279,1,332,332,409,30,1.2319277108433735,26,0.6,0.6944444444444444,30.780344986955434,0.9675117351535925,-0.031739979882649566,0
eicu,279,2,332,332,2173,29,6.545180722891566,26,0.6206896551724138,0.5625,67.10362653036476,0.982307547609067,0.19227184517014723,1
eicu,279,2,332,332,2173,30,6.545180722891566,26,0.6,0.5625,22.414628794312115,0.9260765646771267,0.0018297438061689875,1
eicu,279,1,332,332,1051,29,3.1656626506024095,26,0.6206896551724138,0.7586206896551724,23.17497728069401,0.9552482584340046,0.02491691329782325,1
eicu,279,1,332,332,1051,30,3.1656626506024095,26,0.6,0.7333333333333333,53.012452417411154,0.981136120104291,0.026597172869787772,1
eicu,279,4,332,332,2730,29,8.22289156626506,26,0.6206896551724138,0.5806451612903226,230.87653135650078,0.9826723710869283,0.08331657642680379,1
eicu,279,4,332,332,2730,30,8.22289156626506,26,0.6,0.5625,153.30535400045872,0.9762916155054979,-0.011089905200952002,0
eicu,279,4,332,261,2668,29,8.036144578313253,26,0.6206896551724138,0.4864864864864865,67.96823248405823,0.949680034808736,0.16520554620784939,1
eicu,279,4,332,261,2668,30,8.036144578313253,26,0.6,0.5142857142857142,87.04217122736623,0.9579860081826058,0.031212899333282862,1
eicu,279,3,332,332,3269,29,9.846385542168674,26,0.6206896551724138,0.4146341463414634,75.30308979231394,0.9736917533411757,0.26442746817166324,1
eicu,279,3,332,332,3269,30,9.846385542168674,26,0.6,0.4146341463414634,74.23412527703742,0.9650118670149146,0.14450936601475756,1
eicu,279,1,332,293,293,29,0.8825301204819277,26,0.6206896551724138,0.6666666666666666,31.76563083973981,0.9620049538014878,0.08576996833575784,1
eicu,279,1,332,293,293,30,0.8825301204819277,26,0.6,0.6,13.875648594486004,0.9273888096712474,0.04706397251456862,1
eicu,279,1,332,295,295,29,0.8885542168674698,26,0.6206896551724138,0.55,10.177243232576755,0.8978498955636147,0.11715362273605312,1
eicu,279,1,332,295,295,30,0.8885542168674698,26,0.6,0.5238095238095238,19.853499475737163,0.9473456316614304,0.05199195352629904,1
eicu,279,4,332,233,1195,29,3.5993975903614457,26,0.6206896551724138,0.625,69.4690801500698,0.9580357506875683,0.07966651321420964,1
eicu,279,4,332,233,1195,30,3.5993975903614457,26,0.6,0.625,94.61681709378081,0.9574709063772187,0.06139650166474872,1
eicu,279,1,332,332,674,29,2.0301204819277108,26,0.6206896551724138,0.8709677419354839,20.69647438874,0.9516825918648224,0.12074536245542483,1
eicu,279,1,332,332,674,30,2.0301204819277108,26,0.6,0.9032258064516129,27.983414403282072,0.96286990337821,0.009555124970514639,1
eicu,279,1,332,233,233,29,0.7018072289156626,26,0.6206896551724138,0.7333333333333333,14.263246879774151,0.9298896954137863,0.0778298410947077,1
eicu,279,1,332,233,233,30,0.7018072289156626,26,0.6,0.7096774193548387,15.104291722032134,0.9337839504026013,-0.006536698342325009,0
eicu,280,3,539,221,1552,29,2.8794063079777366,38,0.9310344827586207,0.43902439024390244,83.88300189875599,0.9738362942406088,0.02090973133408522,1
eicu,280,3,539,221,1552,29,2.8794063079777366,38,0.9310344827586207,0.43902439024390244,42.67627663652627,0.9341752768418781,0.1470416438134584,1
eicu,280,3,539,221,4170,29,7.736549165120594,38,0.9310344827586207,0.46875,60.88436576491181,0.957037323892066,0.004932641570143018,1
eicu,280,3,539,221,4170,29,7.736549165120594,38,0.9310344827586207,0.46875,117.10455391499842,0.9743818673168118,0.13322883472849215,1
eicu,280,4,539,212,1796,29,3.3320964749536177,38,0.9310344827586207,0.46875,103.91232835190515,0.9697872200612152,0.005644638651812181,1
eicu,280,4,539,212,1796,29,3.3320964749536177,38,0.9310344827586207,0.46875,152.55358358384018,0.9811776062053226,0.07168991647680492,1
eicu,280,3,539,222,1588,29,2.9461966604823746,38,0.9310344827586207,0.5,94.33704786122088,0.969088110329898,-0.01318102071799336,0
eicu,280,3,539,222,1588,29,2.9461966604823746,38,0.9310344827586207,0.5,136.3224560691745,0.9812135137557438,0.03405467652088315,1
eicu,280,4,539,501,2352,29,4.363636363636363,38,0.9310344827586207,0.42857142857142855,54.395272041536245,0.9611621513281255,0.008342510453465193,1
eicu,280,4,539,501,2352,29,4.363636363636363,38,0.9310344827586207,0.42857142857142855,90.57565514671407,0.9788772867192177,0.13481706197765686,1
eicu,280,3,539,367,1749,29,3.2448979591836733,38,0.9310344827586207,0.4634146341463415,88.05388211481642,0.9740868256632261,-0.00855591465451648,0
eicu,280,3,539,367,1749,29,3.2448979591836733,38,0.9310344827586207,0.4634146341463415,55.319426115066875,0.9819231674977981,0.10359195262100643,1
eicu,280,4,539,312,1923,29,3.5677179962894248,38,0.9310344827586207,0.5428571428571428,84.8165590152738,0.9715717980966088,-0.002777121619334716,0
eicu,280,4,539,312,1923,29,3.5677179962894248,38,0.9310344827586207,0.5428571428571428,63.50216053428055,0.9423250459653395,0.06276457682726945,1
eicu,280,4,539,387,2301,29,4.2690166975881265,38,0.9310344827586207,0.42857142857142855,85.14483772933676,0.9759046909701455,-0.0021892983555542173,0
eicu,280,4,539,387,2301,29,4.2690166975881265,38,0.9310344827586207,0.42857142857142855,108.98371156836393,0.9730231156470089,0.10289727975376911,1
eicu,280,4,539,291,2604,29,4.8311688311688314,38,0.9310344827586207,0.43902439024390244,73.42749457427283,0.9637261713785293,-0.0029033310708414667,0
eicu,280,4,539,291,2604,29,4.8311688311688314,38,0.9310344827586207,0.43902439024390244,155.88106327535678,0.9754497632863348,0.08231308214391453,1
eicu,280,3,539,291,1544,29,2.8645640074211505,38,0.9310344827586207,0.6129032258064516,78.87630847939036,0.9635573224909431,-0.00681953382658515,0
eicu,280,3,539,291,1544,29,2.8645640074211505,38,0.9310344827586207,0.6129032258064516,174.99622048491628,0.9868038605351703,0.08222552783391368,1
eicu,280,4,539,261,1584,29,2.938775510204082,38,0.9310344827586207,0.47368421052631576,88.32612689839927,0.9727516672199209,0.00515027922221821,1
eicu,280,4,539,261,1584,29,2.938775510204082,38,0.9310344827586207,0.4864864864864865,103.0427053202063,0.9736475111443192,0.07859845118501477,1
eicu,280,1,539,539,1083,29,2.0092764378478662,38,0.9310344827586207,0.5897435897435898,35.25092816677689,0.971631952632031,-0.008050931855663315,0
eicu,280,1,539,539,1083,29,2.0092764378478662,38,0.9310344827586207,0.5897435897435898,29.768260395323583,0.9664071737239609,0.05055105274726446,1
eicu,281,4,1226,368,1707,24,1.3923327895595432,97,2.8333333333333335,0.5428571428571428,106.71658506291217,0.9710009992703732,0.007388338076858306,1
eicu,281,4,1226,368,1707,25,1.3923327895595432,97,2.72,0.5714285714285714,127.88436182061433,0.9738693513388906,-0.006129072718307899,0
eicu,281,3,1226,340,1706,24,1.3915171288743882,97,2.8333333333333335,0.5,127.48622740088024,0.9804626108731005,0.016631471699278158,1
eicu,281,3,1226,340,1706,25,1.3915171288743882,97,2.72,0.5263157894736842,64.50814434923788,0.9558462639126728,0.012425090059127841,1
eicu,281,4,1226,310,1711,24,1.3955954323001631,97,2.8333333333333335,0.5135135135135135,107.70033828948036,0.9783724303503814,0.06467318718397921,1
eicu,281,4,1226,310,1711,25,1.3955954323001631,97,2.72,0.5135135135135135,85.97528892560804,0.9749954035577194,0.08266531767213026,1
eicu,281,3,1226,341,1769,24,1.4429037520391517,97,2.8333333333333335,0.4523809523809524,39.66317645435443,0.9740120056677344,0.03598231937142156,1
eicu,281,3,1226,341,1769,25,1.4429037520391517,97,2.72,0.47619047619047616,138.78557075835093,0.9794571650512104,0.025254157755328133,1
eicu,281,4,1226,293,1809,24,1.4755301794453508,97,2.8333333333333335,0.43902439024390244,102.64238819029445,0.9715940431365685,-0.02362285387991353,0
eicu,281,4,1226,293,1809,25,1.4755301794453508,97,2.72,0.47368421052631576,64.88438103188446,0.9537256121509448,-0.051792611400534594,0
eicu,281,2,1226,534,2046,24,1.6688417618270799,97,2.8333333333333335,0.5172413793103449,100.03085817293308,0.9834005238547827,0.0355372781242618,1
eicu,281,2,1226,534,2046,25,1.6688417618270799,97,2.72,0.5,16.599275659188862,0.9045696800132912,0.044318389471867614,1
eicu,281,2,1226,262,767,24,0.6256117455138662,97,2.8333333333333335,0.7,52.73905612712447,0.9620774403853737,0.03664206374494888,1
eicu,281,2,1226,262,767,25,0.6256117455138662,97,2.72,0.7,68.2303261166897,0.971069265613845,0.016489834291776473,1
eicu,281,3,1226,261,3507,24,2.860522022838499,97,2.8333333333333335,0.4722222222222222,100.56363084010815,0.9801120943695846,0.014907843788911454,1
eicu,281,3,1226,261,3507,25,2.860522022838499,97,2.72,0.4722222222222222,227.5239542199128,0.9868598989396448,0.008524005454341482,1
eicu,281,2,1226,247,825,24,0.6729200652528549,97,2.8333333333333335,0.6470588235294118,134.8127604486486,0.9897922456450747,0.00654452951992382,1
eicu,281,2,1226,247,825,25,0.6729200652528549,97,2.72,0.7419354838709677,56.323855102564806,0.962004147884111,0.025882085025327684,1
eicu,281,1,1226,383,383,24,0.31239804241435565,97,2.8333333333333335,0.9230769230769231,7.389715342278332,0.8636512395363888,0.0005620770735450531,1
eicu,281,1,1226,383,383,25,0.31239804241435565,97,2.72,0.9615384615384616,10.552446862912955,0.9052352489435844,0.009337130402091331,1
eicu,281,1,1226,368,368,24,0.300163132137031,97,2.8333333333333335,0.8571428571428571,9.787720215961526,0.8974332171478843,-0.0010153992841849674,0
eicu,281,1,1226,368,368,25,0.300163132137031,97,2.72,0.8928571428571429,4.722719724162252,0.7882576018890499,-0.00786759176962848,0
eicu,281,1,1226,1226,1766,24,1.4404567699836868,97,2.8333333333333335,0.6785714285714286,55.79964519841028,0.982078739095128,0.0019377462485476865,1
eicu,281,1,1226,1226,1766,25,1.4404567699836868,97,2.72,0.7142857142857143,18.164974476177772,0.9440640974387909,-0.03237607763240513,0
eicu,282,2,383,383,926,26,2.4177545691906004,26,0.6923076923076923,0.8275862068965517,41.313924080769084,0.9515901710016704,-0.06936795228557768,0
eicu,282,2,383,383,926,26,2.4177545691906004,26,0.6923076923076923,0.8,37.45544309741739,0.9466032214650825,0.10038032035645655,1
eicu,282,1,383,357,357,26,0.9321148825065274,26,0.6923076923076923,0.8928571428571429,6.614085553219939,0.8488075196558095,0.05079804706163393,1
eicu,282,1,383,357,357,26,0.9321148825065274,26,0.6923076923076923,0.8928571428571429,2.67021915288562,0.6254989037437875,0.11116219082706577,1
eicu,282,4,383,284,1551,26,4.049608355091384,26,0.6923076923076923,0.7857142857142857,115.63225152625682,0.9687428459393768,-0.035704554288747414,0
eicu,282,4,383,284,1551,26,4.049608355091384,26,0.6923076923076923,0.8928571428571429,98.32104054810637,0.9593166218493824,0.02988739715221042,1
eicu,282,1,383,383,865,26,2.258485639686684,26,0.6923076923076923,0.4444444444444444,16.741707718473602,0.9266691382906157,0.12965543387454143,1
eicu,282,1,383,383,865,26,2.258485639686684,26,0.6923076923076923,0.4444444444444444,40.97348370854843,0.9297581304493351,0.1705066785549066,1
eicu,282,3,383,383,2129,26,5.558746736292428,26,0.6923076923076923,0.2894736842105263,35.715695720983526,0.9661608704291642,-0.1366061425844035,0
eicu,282,3,383,383,2129,26,5.558746736292428,26,0.6923076923076923,0.2972972972972973,35.96526814720587,0.9499572505264134,0.34416509916331817,1
eicu,282,1,383,383,417,26,1.0887728459530026,26,0.6923076923076923,0.8125,42.11903964934601,0.9752514910629907,0.09188654120882744,1
eicu,282,1,383,383,417,26,1.0887728459530026,26,0.6923076923076923,0.8125,13.776855920434432,0.9226859430102718,0.002779796833660614,1
eicu,282,3,383,295,1991,26,5.198433420365535,26,0.6923076923076923,0.43902439024390244,87.0933737352493,0.9732536734699826,0.0714268738788455,1
eicu,282,3,383,295,1991,26,5.198433420365535,26,0.6923076923076923,0.42857142857142855,149.3407564108925,0.9820907992103229,0.29183869685979913,1
eicu,282,2,383,262,850,26,2.2193211488250655,26,0.6923076923076923,0.40476190476190477,23.152776990775287,0.9350106960397597,0.012260243781982871,1
eicu,282,2,383,262,850,26,2.2193211488250655,26,0.6923076923076923,0.4358974358974359,25.572220833740268,0.9425904182573162,0.13448151520341844,1
eicu,282,3,383,383,2078,26,5.4255874673629245,26,0.6923076923076923,0.42857142857142855,79.51153123663617,0.9622696236213635,0.015246108868489372,1
eicu,282,3,383,383,2078,26,5.4255874673629245,26,0.6923076923076923,0.45,50.971236996885004,0.9673938421062103,0.15862193872599295,1
eicu,282,2,383,262,840,26,2.1932114882506526,26,0.6923076923076923,0.7096774193548387,54.46830232163452,0.9680916220851912,0.05207778441474087,1
eicu,282,2,383,262,840,26,2.1932114882506526,26,0.6923076923076923,0.6666666666666666,48.69714524633052,0.9589298306937056,0.11039326927418042,1
eicu,282,4,383,383,3857,26,10.070496083550914,26,0.6923076923076923,0.46153846153846156,221.72460225117146,0.9878016782551997,0.11192630780344925,1
eicu,282,4,383,383,3857,26,10.070496083550914,26,0.6923076923076923,0.46153846153846156,104.90051209876657,0.9778050029757084,0.07665679664500419,1
eicu,282,1,383,383,1226,26,3.2010443864229763,26,0.6923076923076923,0.9230769230769231,7.389715342278332,0.8636512395363888,0.11043269754654189,1
eicu,282,1,383,383,1226,26,3.2010443864229763,26,0.6923076923076923,0.9615384615384616,10.552446862912955,0.9052352489435844,0.08137432355559468,1
eicu,283,2,934,332,672,28,0.7194860813704497,93,2.3214285714285716,0.7741935483870968,51.351454324779795,0.9727018641953126,0.024664269907344494,1
eicu,283,2,934,332,672,28,0.7194860813704497,93,2.3214285714285716,0.75,31.57296576732545,0.9366546679605949,0.015524671484610425,1
eicu,283,2,934,865,3904,28,4.179871520342612,93,2.3214285714285716,0.3548387096774194,45.48944959969862,0.9588775384526529,0.04624047523922176,1
eicu,283,2,934,865,3904,28,4.179871520342612,93,2.3214285714285716,0.3548387096774194,35.332687990048775,0.943395192560405,0.06895710099975685,1
eicu,283,3,934,291,1368,28,1.4646680942184154,93,2.3214285714285716,0.5,42.52309716694753,0.9636002135526937,0.041055091300749635,1
eicu,283,3,934,291,1368,28,1.4646680942184154,93,2.3214285714285716,0.5,93.44665018572647,0.974102397392266,0.035262324099932546,1
eicu,283,2,934,280,988,28,1.0578158458244111,93,2.3214285714285716,0.5833333333333334,89.4353214798501,0.9779287451525078,0.010606496057044557,1
eicu,283,2,934,280,988,28,1.0578158458244111,93,2.3214285714285716,0.5833333333333334,137.88401475975232,0.9858048761530658,0.02792577876020713,1
eicu,283,2,934,555,1263,28,1.3522483940042827,93,2.3214285714285716,0.4444444444444444,35.25483392916004,0.9599684178111498,0.01711916542089989,1
eicu,283,2,934,555,1263,28,1.3522483940042827,93,2.3214285714285716,0.4444444444444444,118.79491967721185,0.9840234754233084,0.0196761926003724,1
eicu,283,3,934,348,2281,28,2.442184154175589,93,2.3214285714285716,0.5428571428571428,83.72037674790202,0.9761109531790285,0.022128978375722003,1
eicu,283,3,934,348,2281,28,2.442184154175589,93,2.3214285714285716,0.5428571428571428,192.2963593460278,0.9843990806159691,0.059279148337257254,1
eicu,283,2,934,409,896,28,0.9593147751605996,93,2.3214285714285716,0.5405405405405406,69.75103096291747,0.9783823247387882,-0.006044003203904275,0
eicu,283,2,934,409,896,28,0.9593147751605996,93,2.3214285714285716,0.5405405405405406,67.95327945680872,0.9705680135530294,0.02484076185835546,1
eicu,283,4,934,367,4110,28,4.400428265524625,93,2.3214285714285716,0.6060606060606061,141.60384053012237,0.9757567847246219,0.007049157269092027,1
eicu,283,4,934,367,4110,28,4.400428265524625,93,2.3214285714285716,0.5263157894736842,147.9904606706386,0.9790048628283539,0.06429050998418959,1
eicu,283,2,934,423,1293,28,1.3843683083511777,93,2.3214285714285716,0.7,53.63015627429846,0.9633713428518927,-0.038885716261731124,0
eicu,283,2,934,423,1293,28,1.3843683083511777,93,2.3214285714285716,0.7,70.91068083779604,0.9717955041980928,-0.007371353556961502,0
eicu,283,3,934,291,918,28,0.9828693790149893,93,2.3214285714285716,0.5,89.96668952529181,0.9663509101893929,-0.027926858173442273,0
eicu,283,3,934,291,918,28,0.9828693790149893,93,2.3214285714285716,0.47619047619047616,98.12994959161821,0.9715966060917571,0.030258806374225594,1
eicu,283,2,934,910,2671,28,2.859743040685225,93,2.3214285714285716,0.6896551724137931,94.01322243676796,0.9784480398842144,-0.023720279332481664,0
eicu,283,2,934,910,2671,28,2.859743040685225,93,2.3214285714285716,0.6896551724137931,38.89355118037942,0.9482912508847035,0.035875333744891186,1
eicu,283,1,934,367,367,28,0.3929336188436831,93,2.3214285714285716,0.7027027027027027,10.201726218691602,0.9018165442725229,0.0297620098743476,1
eicu,283,1,934,367,367,28,0.3929336188436831,93,2.3214285714285716,0.7027027027027027,19.985259998263146,0.9498070764710461,0.02806463875636503,1
eicu,300,4,856,262,1847,30,2.157710280373832,67,1.5666666666666667,0.38461538461538464,121.30300948647293,0.9752685443444457,0.08865132431005912,1
eicu,300,4,856,262,1847,27,2.157710280373832,67,1.7407407407407407,0.40540540540540543,136.2301310000866,0.9763249903053932,0.023503535785703827,1
eicu,300,2,856,293,650,30,0.7593457943925234,67,1.5666666666666667,0.5806451612903226,16.591266880164163,0.9023546135285887,-0.012001507409206108,0
eicu,300,2,856,293,650,27,0.7593457943925234,67,1.7407407407407407,0.6428571428571429,15.355262919041875,0.8989814637145261,0.038188263365842245,1
eicu,300,4,856,222,2109,30,2.463785046728972,67,1.5666666666666667,0.5625,168.1645702359245,0.9845289620709748,0.02853000350955276,1
eicu,300,4,856,222,2109,27,2.463785046728972,67,1.7407407407407407,0.59375,104.20885664978407,0.9632499927519376,0.01881246308110629,1
eicu,300,1,856,691,691,30,0.8072429906542056,67,1.5666666666666667,0.8064516129032258,12.399404102736623,0.9193509630209331,0.02902044479947674,1
eicu,300,1,856,691,691,27,0.8072429906542056,67,1.7407407407407407,0.8928571428571429,7.200493131757053,0.8611206230321087,0.014097011257920289,1
eicu,300,3,856,691,4044,30,4.724299065420561,67,1.5666666666666667,0.6451612903225806,203.13897275910176,0.9872381967929749,0.05709782371467109,1
eicu,300,3,856,691,4044,27,4.724299065420561,67,1.7407407407407407,0.7142857142857143,62.763039784247624,0.960453090784396,0.06972462905606588,1
eicu,300,4,856,291,2002,30,2.338785046728972,67,1.5666666666666667,0.5675675675675675,165.46158446158606,0.9818689032275254,0.042008494201921265,1
eicu,300,4,856,291,2002,27,2.338785046728972,67,1.7407407407407407,0.5128205128205128,145.37053132052313,0.9808395716303953,0.09240306186510955,1
eicu,300,3,856,317,1183,30,1.3820093457943925,67,1.5666666666666667,0.5641025641025641,46.17087639484954,0.9566826502729521,0.14207801699703604,1
eicu,300,3,856,317,1183,27,1.3820093457943925,67,1.7407407407407407,0.4634146341463415,53.06445511057884,0.9563297639687949,0.03107281014009758,1
eicu,300,2,856,534,1228,30,1.4345794392523366,67,1.5666666666666667,0.6060606060606061,29.652210528940316,0.9488955105291051,-0.019553399682550793,0
eicu,300,2,856,534,1228,27,1.4345794392523366,67,1.7407407407407407,0.5757575757575758,62.11069799564355,0.9677994280447423,0.02324920902560121,1
eicu,300,3,856,341,1392,30,1.6261682242990654,67,1.5666666666666667,0.47619047619047616,52.39760837029416,0.9566831732390749,0.09658857638359969,1
eicu,300,3,856,341,1392,27,1.6261682242990654,67,1.7407407407407407,0.47619047619047616,31.49130183514748,0.953248745446269,0.03737324768897335,1
eicu,300,4,856,280,2132,30,2.4906542056074765,67,1.5666666666666667,0.4473684210526316,122.28036957067101,0.9814864870859781,0.035123929628704365,1
eicu,300,4,856,280,2132,27,2.4906542056074765,67,1.7407407407407407,0.4722222222222222,123.81797875665161,0.9749548904660849,0.0021506368015856425,1
eicu,300,2,856,423,2184,30,2.5514018691588785,67,1.5666666666666667,0.65625,77.17716163746938,0.9774235087161658,0.04989443382783809,1
eicu,300,2,856,423,2184,27,2.5514018691588785,67,1.7407407407407407,0.7241379310344828,65.53275694626242,0.9761092322860238,0.025219685936940878,1
eicu,300,1,856,835,835,30,0.9754672897196262,67,1.5666666666666667,0.5806451612903226,48.50918462114804,0.9793579984883242,0.00762451177059964,1
eicu,300,1,856,835,835,27,0.9754672897196262,67,1.7407407407407407,0.6428571428571429,13.490035197421905,0.9249978853369212,0.004322842486728623,1
eicu,301,1,423,423,3039,27,7.184397163120567,34,0.8888888888888888,0.9629629629629629,11.806043733053055,0.9150627989446432,-0.03318258279629427,0
eicu,301,1,423,423,3039,27,7.184397163120567,34,0.8888888888888888,0.9629629629629629,29.79653658757024,0.9662822316369404,-0.13090420623529134,0
eicu,301,2,423,423,4090,27,9.66903073286052,34,0.8888888888888888,0.7777777777777778,54.00333615701381,0.9807710308356764,-0.05163548291191472,0
eicu,301,2,423,423,4090,27,9.66903073286052,34,0.8888888888888888,0.7777777777777778,117.06008958939293,0.9834165188345045,-0.15328106811582298,0
eicu,301,1,423,423,691,27,1.6335697399527187,34,0.8888888888888888,0.9629629629629629,20.763325191096204,0.9518161542035286,0.1144247941460026,1
eicu,301,1,423,423,691,27,1.6335697399527187,34,0.8888888888888888,0.9629629629629629,42.150317047090326,0.9762467400349697,0.000714180920889318,1
eicu,301,1,423,348,348,27,0.8226950354609929,34,0.8888888888888888,0.6470588235294118,20.27446133354663,0.9506341202402181,0.11974411430724508,1
eicu,301,1,423,348,348,27,0.8226950354609929,34,0.8888888888888888,0.6875,33.865780910318094,0.9704650839759887,-0.024675274612850295,0
eicu,301,2,423,261,2017,27,4.768321513002364,34,0.8888888888888888,0.6296296296296297,89.44997056778327,0.9819401697977749,-0.031437165868760886,0
eicu,301,2,423,261,2017,27,4.768321513002364,34,0.8888888888888888,0.6296296296296297,111.08910916317208,0.9819964346554749,0.03036853743135498,1
eicu,301,4,423,335,1973,27,4.664302600472813,34,0.8888888888888888,0.6428571428571429,124.08548829392737,0.9679697117853301,-0.11972317377576308,0
eicu,301,4,423,335,1973,27,4.664302600472813,34,0.8888888888888888,0.5806451612903226,137.37409762319413,0.9746284125155142,0.058586809374321036,1
eicu,301,1,423,423,2629,27,6.215130023640662,34,0.8888888888888888,0.6774193548387096,50.51917485199313,0.980205535760833,0.006607838465714999,1
eicu,301,1,423,423,2629,27,6.215130023640662,34,0.8888888888888888,0.6774193548387096,50.47472382941089,0.9801881035866646,-0.07803848502675109,0
eicu,301,3,423,365,3968,27,9.380614657210401,34,0.8888888888888888,0.4878048780487805,91.4342920101397,0.9671895529123,0.07436912720625688,1
eicu,301,3,423,365,3968,27,9.380614657210401,34,0.8888888888888888,0.4878048780487805,106.44489055311114,0.9718164020423025,0.07687147060266936,1
eicu,301,2,423,332,2098,27,4.959810874704492,34,0.8888888888888888,0.7333333333333333,33.00486082696435,0.9397638984070139,0.001113201554945431,1
eicu,301,2,423,332,2098,27,4.959810874704492,34,0.8888888888888888,0.7096774193548387,40.97106765588009,0.9511850651098919,0.14596863689142886,1
eicu,301,1,423,423,756,27,1.7872340425531914,34,0.8888888888888888,0.7647058823529411,13.316713136573796,0.9187808167740014,0.11328108215425997,1
eicu,301,1,423,423,756,27,1.7872340425531914,34,0.8888888888888888,0.7428571428571429,6.947350941476528,0.8521630264685254,-0.09038949946570246,0
eicu,301,1,423,317,317,27,0.7494089834515366,34,0.8888888888888888,0.8064516129032258,8.428040092997847,0.8813484524319223,-0.01523063832147159,0
eicu,301,1,423,317,317,27,0.7494089834515366,34,0.8888888888888888,0.8064516129032258,13.375214915987394,0.925234846222568,-0.05881338317154525,0
eicu,307,3,505,233,1264,27,2.502970297029703,70,1.8148148148148149,0.7142857142857143,76.2454238862113,0.9615375352578868,0.08448875617272544,1
eicu,307,3,505,233,1264,27,2.502970297029703,70,1.8148148148148149,0.7142857142857143,120.39306496546563,0.975499564886851,0.12262730361837504,1
eicu,307,3,505,341,4745,27,9.396039603960396,70,1.8148148148148149,0.5,61.868956053195156,0.963000208992603,0.09894099505809345,1
eicu,307,3,505,341,4745,27,9.396039603960396,70,1.8148148148148149,0.5,36.116984293576536,0.9656763871503133,0.21742169019280727,1
eicu,307,3,505,505,3002,27,5.9445544554455445,70,1.8148148148148149,0.6666666666666666,93.29799192319432,0.9697621794388609,0.05116205751370817,1
eicu,307,3,505,505,3002,27,5.9445544554455445,70,1.8148148148148149,0.6666666666666666,80.58597445405127,0.9837224293055649,0.14196605969936643,1
eicu,307,3,505,284,2979,27,5.899009900990099,70,1.8148148148148149,0.7,44.564711311531006,0.9429217237649764,0.04304026547160317,1
eicu,307,3,505,284,2979,27,5.899009900990099,70,1.8148148148148149,0.7,79.49554652063726,0.9655251161177321,0.15736020937643053,1
eicu,307,2,505,348,953,27,1.887128712871287,70,1.8148148148148149,0.5384615384615384,67.03387403783445,0.9701643381244655,-0.001637019056145106,0
eicu,307,2,505,348,953,27,1.887128712871287,70,1.8148148148148149,0.5675675675675675,65.95208913254959,0.9758532888169706,0.16908177297922417,1
eicu,307,1,505,501,501,27,0.9920792079207921,70,1.8148148148148149,0.5789473684210527,26.461544662365505,0.9616520831709638,0.07483237040770713,1
eicu,307,1,505,501,501,27,0.9920792079207921,70,1.8148148148148149,0.55,22.727056409626165,0.9418784420771235,0.13398765268435087,1
eicu,307,4,505,261,1914,27,3.79009900990099,70,1.8148148148148149,0.48717948717948717,96.9893991336221,0.9738479731793911,0.02366571655382188,1
eicu,307,4,505,261,1914,27,3.79009900990099,70,1.8148148148148149,0.5,81.98619292810852,0.9607656996812765,0.17653194915950288,1
eicu,307,4,505,331,3459,27,6.849504950495049,70,1.8148148148148149,0.475,189.5689787270171,0.9816180561689416,0.06073012054499588,1
eicu,307,4,505,331,3459,27,6.849504950495049,70,1.8148148148148149,0.48717948717948717,234.30628089098707,0.9870015685357777,0.2458359059193569,1
eicu,307,4,505,387,1990,27,3.9405940594059405,70,1.8148148148148149,0.5121951219512195,150.4755154842726,0.9799587310396058,-0.1078204889086114,0
eicu,307,4,505,387,1990,27,3.9405940594059405,70,1.8148148148148149,0.5121951219512195,100.84175581679123,0.9789353404939681,0.21911391883206216,1
eicu,307,1,505,505,1051,27,2.0811881188118813,70,1.8148148148148149,0.8148148148148148,22.526540298848484,0.955070067307086,-0.00968204386453314,0
eicu,307,1,505,505,1051,27,2.0811881188118813,70,1.8148148148148149,0.8148148148148148,30.203731804993502,0.9441366357447505,0.05524333304704229,1
eicu,307,3,505,247,2149,27,4.255445544554456,70,1.8148148148148149,0.5,74.04243409217239,0.9691216301427279,0.04732592830178051,1
eicu,307,3,505,247,2149,27,4.255445544554456,70,1.8148148148148149,0.5,83.95013221994823,0.9641243751871894,0.058019320273530156,1
eicu,307,1,505,214,214,27,0.42376237623762375,70,1.8148148148148149,0.8333333333333334,6.739488647064138,0.8516207901862672,-0.011126894458917125,0
eicu,307,1,505,214,214,27,0.42376237623762375,70,1.8148148148148149,0.8620689655172413,12.579613109554446,0.9205062992564945,0.07576373445976331,1
eicu,318,1,487,392,392,21,0.8049281314168378,84,2.8095238095238093,0.7142857142857143,21.30494488642343,0.9428305547959619,0.04133216245350113,1
eicu,318,1,487,392,392,21,0.8049281314168378,84,2.8095238095238093,0.7142857142857143,26.24148672718136,0.9617512466539968,0.05391338359636863,1
eicu,318,3,487,310,1253,21,2.572895277207392,84,2.8095238095238093,0.5,39.95698170496785,0.9416217139355094,0.07274176181062936,1
eicu,318,3,487,310,1253,21,2.572895277207392,84,2.8095238095238093,0.5,76.88290965670046,0.9687501446282103,0.05799890714682379,1
eicu,318,3,487,212,2055,21,4.219712525667351,84,2.8095238095238093,0.6,259.89713559846473,0.9897930320592725,0.12692254699141986,1
eicu,318,3,487,212,2055,21,4.219712525667351,84,2.8095238095238093,0.5806451612903226,102.2619344304996,0.970663326422115,0.16547130568477744,1
eicu,318,3,487,212,2046,21,4.201232032854209,84,2.8095238095238093,0.6129032258064516,151.12659661889728,0.9841411028449301,0.14030899897544713,1
eicu,318,3,487,212,2046,21,4.201232032854209,84,2.8095238095238093,0.6785714285714286,102.58771294651807,0.9753158094634582,0.15132487610211323,1
eicu,318,1,487,297,297,21,0.6098562628336756,84,2.8095238095238093,0.7241379310344828,16.88253711072227,0.9407671966931505,0.09633361719995831,1
eicu,318,1,487,297,297,21,0.6098562628336756,84,2.8095238095238093,0.7777777777777778,62.8636993443936,0.9840925683593391,0.10791687484821175,1
eicu,318,4,487,297,1467,21,3.0123203285420943,84,2.8095238095238093,0.6451612903225806,109.44572109769149,0.9658864496297472,0.08281513946734254,1
eicu,318,4,487,297,1467,21,3.0123203285420943,84,2.8095238095238093,0.5555555555555556,248.30835066896478,0.9854405491823874,0.12325048679594605,1
eicu,318,2,487,212,496,21,1.0184804928131417,84,2.8095238095238093,0.625,54.38669454784653,0.963226299803153,-0.016754792519511286,0
eicu,318,2,487,212,496,21,1.0184804928131417,84,2.8095238095238093,0.625,69.28982683235986,0.9711357338958457,0.015161011243358696,1
eicu,318,3,487,408,1883,21,3.86652977412731,84,2.8095238095238093,0.5405405405405406,117.36138698531497,0.974436523578439,0.13031826485321701,1
eicu,318,3,487,408,1883,21,3.86652977412731,84,2.8095238095238093,0.5405405405405406,92.25712185471815,0.9804883333300334,0.1380654466654255,1
eicu,318,2,487,221,516,21,1.0595482546201231,84,2.8095238095238093,0.53125,54.05632133870971,0.9680815936387293,0.04491726749226116,1
eicu,318,2,487,221,516,21,1.0595482546201231,84,2.8095238095238093,0.53125,43.549530428854894,0.9326235029694999,0.22463872665182313,1
eicu,318,1,487,487,861,21,1.7679671457905544,84,2.8095238095238093,0.6774193548387096,58.299888973649615,0.9828473086723719,0.055501045808237004,1
eicu,318,1,487,487,861,21,1.7679671457905544,84,2.8095238095238093,0.6774193548387096,11.833143314246483,0.9154916007147439,0.044616734835873945,1
eicu,318,2,487,487,3198,21,6.566735112936345,84,2.8095238095238093,0.7407407407407407,72.40007921183525,0.9792532999698235,0.027507650627451197,1
eicu,318,2,487,487,3198,21,6.566735112936345,84,2.8095238095238093,0.7692307692307693,53.11816887560786,0.9688006965917909,0.09334163318294028,1
eicu,318,1,487,487,724,21,1.486652977412731,84,2.8095238095238093,0.8076923076923077,18.46749251802565,0.9458507970682037,0.011027560055874186,1
eicu,318,1,487,487,724,21,1.486652977412731,84,2.8095238095238093,0.8076923076923077,54.766313173302166,0.9817406003424841,0.08153245807240164,1
eicu,331,4,368,368,3804,28,10.33695652173913,19,0.4642857142857143,0.65625,153.9706861521566,0.9803593326783773,-0.07412864579305867,0
eicu,331,4,368,368,3804,28,10.33695652173913,19,0.4642857142857143,0.65625,251.98683883587927,0.9849984282233444,0.022721604414532918,1
eicu,331,1,368,368,708,28,1.923913043478261,19,0.4642857142857143,0.6111111111111112,17.28365202790187,0.88765533039624,-0.01693917537131892,0
eicu,331,1,368,368,708,28,1.923913043478261,19,0.4642857142857143,0.6111111111111112,11.329500174275509,0.9097260787670955,0.04254612796317579,1
eicu,331,4,368,368,3406,28,9.255434782608695,19,0.4642857142857143,0.4358974358974359,155.01326052376135,0.9741957559857477,-0.033817603512466515,0
eicu,331,4,368,368,3406,28,9.255434782608695,19,0.4642857142857143,0.4358974358974359,162.82751768377653,0.9815755958042287,0.054213663571608575,1
eicu,331,3,368,348,2931,28,7.9646739130434785,19,0.4642857142857143,0.4857142857142857,72.28322604951786,0.9737226158534168,-0.055177704157978014,0
eicu,331,3,368,348,2931,28,7.9646739130434785,19,0.4642857142857143,0.5151515151515151,92.46935252101359,0.973938487720624,0.02698457537290617,1
eicu,331,3,368,368,1995,28,5.421195652173913,19,0.4642857142857143,0.5641025641025641,54.30249433573044,0.9642702605611322,-0.09436047643906077,0
eicu,331,3,368,368,1995,28,5.421195652173913,19,0.4642857142857143,0.5365853658536586,116.9040393128488,0.9771254157134126,0.015786789190807334,1
eicu,331,4,368,221,1775,28,4.823369565217392,19,0.4642857142857143,0.4358974358974359,115.05143753827247,0.9768406995221384,-0.04410390292605111,0
eicu,331,4,368,221,1775,28,4.823369565217392,19,0.4642857142857143,0.4358974358974359,107.2839248951412,0.9788500145732355,0.03362575430859892,1
eicu,331,2,368,368,948,28,2.5760869565217392,19,0.4642857142857143,0.5675675675675675,51.18789308807372,0.9665443873180868,-0.0766720743039168,0
eicu,331,2,368,368,948,28,2.5760869565217392,19,0.4642857142857143,0.5675675675675675,32.950380830978645,0.9322525399036442,0.035674245045857936,1
eicu,331,4,368,368,3765,28,10.230978260869565,19,0.4642857142857143,0.4117647058823529,115.25817697211724,0.9743538769948229,-0.04329270488274316,0
eicu,331,4,368,368,3765,28,10.230978260869565,19,0.4642857142857143,0.4117647058823529,51.41535705753343,0.9416516742917292,0.027743447780198386,1
eicu,331,2,368,332,1193,28,3.2418478260869565,19,0.4642857142857143,0.8709677419354839,50.19146672633953,0.9591174205633647,-0.005310582263852587,0
eicu,331,2,368,332,1193,28,3.2418478260869565,19,0.4642857142857143,0.8709677419354839,62.572436974782796,0.968037044796481,0.01847052435100911,1
eicu,331,1,368,295,295,28,0.8016304347826086,19,0.4642857142857143,0.8064516129032258,21.976473856929616,0.9544967947765342,0.1172892897640587,1
eicu,331,1,368,295,295,28,0.8016304347826086,19,0.4642857142857143,0.8064516129032258,4.977086915004158,0.7990792571885065,0.0032492895017145716,1
eicu,331,1,368,261,261,28,0.7092391304347826,19,0.4642857142857143,0.6451612903225806,13.289829775931896,0.9227043389867776,0.005526483451864961,1
eicu,331,1,368,261,261,28,0.7092391304347826,19,0.4642857142857143,0.6451612903225806,8.0948184684826,0.8722389697587992,-0.0040530873965750475,0
eicu,331,2,368,261,851,28,2.3125,19,0.4642857142857143,0.5,16.295581611727016,0.8937114988490591,-0.017529639298087457,0
eicu,331,2,368,261,851,28,2.3125,19,0.4642857142857143,0.5135135135135135,9.526979423802922,0.8266096011116822,0.01516188888220443,1
eicu,336,4,295,295,4633,28,15.705084745762711,36,0.8928571428571429,0.5625,124.75826174833537,0.9776716220420876,0.16219790699217512,1
eicu,336,4,295,295,4633,28,15.705084745762711,36,0.8928571428571429,0.5294117647058824,198.79643572224575,0.9892354110916278,0.03905193341457647,1
eicu,336,2,295,295,3629,28,12.301694915254238,36,0.8928571428571429,0.631578947368421,48.45797499498369,0.9587271238592402,0.03732780520012971,1
eicu,336,2,295,295,3629,28,12.301694915254238,36,0.8928571428571429,0.6486486486486487,41.30421266213777,0.9515787889153172,-0.05493331952372321,0
eicu,336,1,295,295,297,28,1.006779661016949,36,0.8928571428571429,0.9,25.257097500788742,0.9604071687188612,-0.0020801358472202214,0
eicu,336,1,295,295,297,28,1.006779661016949,36,0.8928571428571429,0.8333333333333334,26.89923189291423,0.96282421728691,-0.11869887546467436,0
eicu,336,2,295,295,1089,28,3.6915254237288138,36,0.8928571428571429,0.625,35.231325722373654,0.9563468036700429,0.023998416603805417,1
eicu,336,2,295,295,1089,28,3.6915254237288138,36,0.8928571428571429,0.575,50.63599194859293,0.9610933701523403,0.030661934690301762,1
eicu,336,2,295,293,1364,28,4.623728813559322,36,0.8928571428571429,0.7,59.22585895986371,0.9662309667580277,0.013846740631651339,1
eicu,336,2,295,293,1364,28,4.623728813559322,36,0.8928571428571429,0.6,34.1693614312481,0.9439689463155019,-0.07217654068748727,0
eicu,336,1,295,295,312,28,1.0576271186440678,36,0.8928571428571429,0.6764705882352942,30.398096922437272,0.9671032037778035,0.07815909429353596,1
eicu,336,1,295,295,312,28,1.0576271186440678,36,0.8928571428571429,0.6764705882352942,14.22587907314428,0.9297055742665628,0.11049057705516485,1
eicu,336,1,295,295,578,28,1.959322033898305,36,0.8928571428571429,0.8064516129032258,13.861400441927621,0.9278572172999761,0.1560540742934714,1
eicu,336,1,295,295,578,28,1.959322033898305,36,0.8928571428571429,0.9032258064516129,6.2122314252080395,0.8328114859240036,-0.06194350874074886,0
eicu,336,2,295,293,967,28,3.2779661016949153,36,0.8928571428571429,0.6666666666666666,40.468154126518726,0.9505765205784772,0.03658392313643341,1
eicu,336,2,295,293,967,28,3.2779661016949153,36,0.8928571428571429,0.5666666666666667,19.475638239708395,0.9044669952864415,-0.10009254967214959,0
eicu,336,1,295,295,1561,28,5.291525423728814,36,0.8928571428571429,0.7777777777777778,22.860112375079854,0.9435917429918611,0.05808348422982504,1
eicu,336,1,295,295,1561,28,5.291525423728814,36,0.8928571428571429,0.8235294117647058,10.852375918006011,0.901795121173016,-0.0852430096634531,0
eicu,336,3,295,247,2363,28,8.010169491525424,36,0.8928571428571429,0.5945945945945946,67.91178051815879,0.9705500285113976,0.0916057761154151,1
eicu,336,3,295,247,2363,28,8.010169491525424,36,0.8928571428571429,0.6470588235294118,72.9223000950652,0.9664195710549792,-0.10344601327310593,0
eicu,336,1,295,295,332,28,1.1254237288135593,36,0.8928571428571429,0.9,32.31793393967821,0.969057427932537,0.05245086896975562,1
eicu,336,1,295,295,332,28,1.1254237288135593,36,0.8928571428571429,0.9333333333333333,26.073232296239354,0.9613909815852829,-0.07534627524607684,0
eicu,336,2,295,295,1588,28,5.3830508474576275,36,0.8928571428571429,0.5897435897435898,104.6048352850772,0.9805299490889783,0.05118804629201648,1
eicu,336,2,295,295,1588,28,5.3830508474576275,36,0.8928571428571429,0.5897435897435898,47.10528027223041,0.9618867094755084,-0.02348893341610217,0
eicu,337,4,224,221,2111,25,9.424107142857142,26,0.72,0.38095238095238093,67.7352976377049,0.9433196450100078,-0.1639078963773061,0
eicu,337,4,224,221,2111,25,9.424107142857142,26,0.72,0.41025641025641024,48.14041096223824,0.9262327941397774,0.07680566878933101,1
eicu,337,3,224,224,3742,25,16.705357142857142,26,0.72,0.3,64.03127788771704,0.9687652649458733,0.09983210037089346,1
eicu,337,3,224,224,3742,25,16.705357142857142,26,0.72,0.3076923076923077,111.01411091276307,0.9724856227285625,0.1294924603309601,1
eicu,337,4,224,222,2269,25,10.129464285714286,26,0.72,0.4523809523809524,63.4783527687443,0.9722146599316414,0.007802273157876627,1
eicu,337,4,224,222,2269,25,10.129464285714286,26,0.72,0.475,98.93096906935496,0.9667491546563619,0.15951416703420004,1
eicu,337,2,224,224,975,25,4.352678571428571,26,0.72,0.7419354838709677,43.949505443803446,0.9527354230275908,-0.058144253125970824,0
eicu,337,2,224,224,975,25,4.352678571428571,26,0.72,0.7419354838709677,44.78547972155813,0.967139861969768,0.12377668880132978,1
eicu,337,4,224,224,2626,25,11.723214285714286,26,0.72,0.4878048780487805,81.19924680424634,0.9739871386816924,0.02039379492507437,1
eicu,337,4,224,224,2626,25,11.723214285714286,26,0.72,0.4878048780487805,125.06209706712562,0.9750385788596173,0.20165352114829946,1
eicu,337,2,224,224,902,25,4.026785714285714,26,0.72,0.75,60.78942966049554,0.9727446967082081,-0.06262813803411238,0
eicu,337,2,224,224,902,25,4.026785714285714,26,0.72,0.6486486486486487,40.16656474538677,0.9498690392734166,0.04830799758415724,1
eicu,337,2,224,224,953,25,4.254464285714286,26,0.72,0.4634146341463415,32.38428165636563,0.9385585963310562,0.22583776473341272,1
eicu,337,2,224,224,953,25,4.254464285714286,26,0.72,0.475,36.54754756586632,0.9543549668130605,-0.0548183422552867,0
eicu,337,3,224,224,2708,25,12.089285714285714,26,0.72,0.46875,36.86369853790851,0.9408304319282642,-0.06622200985078136,0
eicu,337,3,224,224,2708,25,12.089285714285714,26,0.72,0.46875,37.22570811076318,0.9502348823503595,0.11673963583560973,1
eicu,337,2,224,224,1171,25,5.227678571428571,26,0.72,0.6896551724137931,58.373977177443024,0.9631894585634979,0.08275986272413871,1
eicu,337,2,224,224,1171,25,5.227678571428571,26,0.72,0.6896551724137931,69.74723285188651,0.9664115378385093,0.25458921131699086,1
eicu,337,1,224,224,423,25,1.8883928571428572,26,0.72,0.8888888888888888,6.234934237733326,0.8385344308052534,0.1483439134529297,1
eicu,337,1,224,224,423,25,1.8883928571428572,26,0.72,0.8888888888888888,26.819216613256486,0.9626925997932074,0.059886707075857776,1
eicu,337,2,224,224,2524,25,11.267857142857142,26,0.72,0.5428571428571428,29.957995258718903,0.9505041615249101,0.24988262639525677,1
eicu,337,2,224,224,2524,25,11.267857142857142,26,0.72,0.5428571428571428,66.40324270797274,0.9801318483719736,0.22783228668263436,1
eicu,337,1,224,224,910,25,4.0625,26,0.72,0.7692307692307693,33.469322967439375,0.9689215687917971,0.08290062906442225,1
eicu,337,1,224,224,910,25,4.0625,26,0.72,0.7692307692307693,31.064358198944962,0.9674008233864475,0.10683166946307512,1
eicu,338,1,1587,1587,3039,22,1.9149338374291116,149,4.7272727272727275,0.7777777777777778,60.55539284882528,0.983486194161163,0.01878263855732812,1
eicu,338,1,1587,1587,3039,22,1.9149338374291116,149,4.7272727272727275,0.7777777777777778,47.21520553903259,0.978820382362345,0.011192963674845235,1
eicu,338,2,1587,295,986,22,0.6212980466288595,149,4.7272727272727275,0.7,47.581665566070676,0.9579670031259656,0.057256428190787634,1
eicu,338,2,1587,295,986,22,0.6212980466288595,149,4.7272727272727275,0.7,25.753839272575796,0.9223416757854151,0.03379391019936592,1
eicu,338,3,1587,367,1314,22,0.8279773156899811,149,4.7272727272727275,0.5641025641025641,274.4354815216698,0.9909053193177817,0.09474420905546588,1
eicu,338,3,1587,367,1314,22,0.8279773156899811,149,4.7272727272727275,0.5365853658536586,103.48341173691712,0.9720997721591631,0.055606699381261115,1
eicu,338,3,1587,578,3455,22,2.1770636420919973,149,4.7272727272727275,0.425,272.5960821433124,0.992880659183156,0.11103716594366303,1
eicu,338,3,1587,578,3455,22,2.1770636420919973,149,4.7272727272727275,0.425,163.54653981874094,0.9931570043116764,0.010216349439852807,1
eicu,338,1,1587,1316,1316,22,0.8292375551354757,149,4.7272727272727275,0.6774193548387096,73.42763606904529,0.9863811494753871,0.04630309771511665,1
eicu,338,1,1587,1316,1316,22,0.8292375551354757,149,4.7272727272727275,0.6774193548387096,39.546670135915726,0.9747134209640621,0.016464699223502133,1
eicu,338,4,1587,310,4411,22,2.7794580970384373,149,4.7272727272727275,0.5714285714285714,205.94227170039673,0.9825404749828472,0.12775645297362093,1
eicu,338,4,1587,310,4411,22,2.7794580970384373,149,4.7272727272727275,0.5428571428571428,160.52752741376898,0.9840328138164178,0.09217192582062572,1
eicu,338,1,1587,387,387,22,0.2438563327032136,149,4.7272727272727275,0.6,56.770712025707695,0.9823852834618815,0.048845094733266814,1
eicu,338,1,1587,387,387,22,0.2438563327032136,149,4.7272727272727275,0.6,29.920391208615037,0.9665779771050564,-0.011937287163971938,0
eicu,338,1,1587,617,617,22,0.38878386893509764,149,4.7272727272727275,0.8,107.35899685630051,0.9876150077184184,0.04023048475626742,1
eicu,338,1,1587,617,617,22,0.38878386893509764,149,4.7272727272727275,0.8,38.85303457095539,0.9741418315769603,0.021845994510778233,1
eicu,338,1,1587,332,332,22,0.2091997479521109,149,4.7272727272727275,0.7586206896551724,48.30089444559026,0.9774188721616228,-0.00954462011385715,0
eicu,338,1,1587,332,332,22,0.2091997479521109,149,4.7272727272727275,0.7333333333333333,33.042109549252096,0.9697354909205116,0.0037671161793237373,1
eicu,338,4,1587,284,2513,22,1.58349086326402,149,4.7272727272727275,0.5128205128205128,179.1253386481107,0.9875910070333758,0.13569639186929966,1
eicu,338,4,1587,284,2513,22,1.58349086326402,149,4.7272727272727275,0.5555555555555556,163.81198636101672,0.9879162969811205,0.06455111157597518,1
eicu,338,1,1587,487,487,22,0.3068683049779458,149,4.7272727272727275,0.9545454545454546,9.303922375589687,0.8925184497859034,0.008513369178973995,1
eicu,338,1,1587,487,487,22,0.3068683049779458,149,4.7272727272727275,0.9545454545454546,9.521739498154252,0.894977173005642,0.022869737249596983,1
eicu,338,2,1587,835,1745,22,1.0995589161940769,149,4.7272727272727275,0.8636363636363636,229.6357752426598,0.9912905556728407,0.0358936205784898,1
eicu,338,2,1587,835,1745,22,1.0995589161940769,149,4.7272727272727275,0.8636363636363636,107.30419360881709,0.9842114249125862,0.015451810111758474,1
eicu,345,2,335,335,3476,28,10.376119402985074,12,0.2857142857142857,0.8125,79.63758002721315,0.981649883616549,-0.010329297770680701,0
eicu,345,2,335,335,3476,28,10.376119402985074,12,0.2857142857142857,0.8125,37.54799862489947,0.951807933383042,-0.0010003687995574495,0
eicu,345,2,335,335,1149,28,3.4298507462686567,12,0.2857142857142857,0.8333333333333334,51.98305118198138,0.961261914338652,0.02415444657830404,1
eicu,345,2,335,335,1149,28,3.4298507462686567,12,0.2857142857142857,0.8333333333333334,46.8473844413226,0.9572782056341865,-0.044452749751938414,0
eicu,345,4,335,233,3288,28,9.814925373134328,12,0.2857142857142857,0.5789473684210527,99.83432418389386,0.9707887415634591,0.00658968606999516,1
eicu,345,4,335,233,3288,28,9.814925373134328,12,0.2857142857142857,0.5789473684210527,172.0426335216149,0.9870705651885607,0.05412783632864765,1
eicu,345,1,335,335,694,28,2.071641791044776,12,0.2857142857142857,0.696969696969697,30.309448166410018,0.9670069875733259,0.011252422132161946,1
eicu,345,1,335,335,694,28,2.071641791044776,12,0.2857142857142857,0.696969696969697,17.969935052209905,0.9443514961465026,0.13603666823747956,1
eicu,345,3,335,335,3106,28,9.271641791044775,12,0.2857142857142857,0.45,62.56623382174243,0.9537460466651043,-0.010038977590591039,0
eicu,345,3,335,335,3106,28,9.271641791044775,12,0.2857142857142857,0.45,82.37407521568291,0.9661391013128772,0.1602681041068465,1
eicu,345,2,335,335,2017,28,6.020895522388059,12,0.2857142857142857,0.5666666666666667,43.6884394507048,0.9561719937756615,0.004194980289066452,1
eicu,345,2,335,335,2017,28,6.020895522388059,12,0.2857142857142857,0.5666666666666667,58.152781150013055,0.9707650295985042,-0.11703644798218837,0
eicu,345,4,335,262,2895,28,8.64179104477612,12,0.2857142857142857,0.53125,173.4538589895925,0.9800388557057691,0.25214772812739783,1
eicu,345,4,335,262,2895,28,8.64179104477612,12,0.2857142857142857,0.53125,99.90683118115408,0.9699720232887749,-0.1451305849885972,0
eicu,345,1,335,335,617,28,1.8417910447761194,12,0.2857142857142857,0.7,31.837805108910757,0.9685907996302132,0.21644356163781758,1
eicu,345,1,335,335,617,28,1.8417910447761194,12,0.2857142857142857,0.7,17.475023180508796,0.9427754693272524,0.021535701104933525,1
eicu,345,1,335,335,861,28,2.5701492537313433,12,0.2857142857142857,0.9032258064516129,6.536148441156852,0.84529368567935,-0.015918218607027176,0
eicu,345,1,335,335,861,28,2.5701492537313433,12,0.2857142857142857,0.9032258064516129,13.305916254947501,0.9247455055100439,-0.08619540426055042,0
eicu,345,4,335,233,2241,28,6.6895522388059705,12,0.2857142857142857,0.7096774193548387,69.19545377680976,0.942192734035649,0.07974344441210965,1
eicu,345,4,335,233,2241,28,6.6895522388059705,12,0.2857142857142857,0.6666666666666666,87.18359801741813,0.955166545835157,-0.058558508334441206,0
eicu,345,2,335,332,2098,28,6.262686567164179,12,0.2857142857142857,0.7333333333333333,43.97390413348117,0.954518447309979,-0.020829871496621244,0
eicu,345,2,335,332,2098,28,6.262686567164179,12,0.2857142857142857,0.7096774193548387,37.75100103011765,0.9470211980637538,0.11566629786710914,1
eicu,345,1,335,335,423,28,1.2626865671641792,12,0.2857142857142857,0.9285714285714286,7.92257682399655,0.8733578965035045,0.04400484444103586,1
eicu,345,1,335,335,423,28,1.2626865671641792,12,0.2857142857142857,0.9285714285714286,8.478549033660448,0.8819476828079302,0.010814357090798699,1
eicu,353,3,291,284,1043,24,3.584192439862543,28,0.8333333333333334,0.7241379310344828,114.32341337485528,0.9739040935185361,-0.010032243750314154,0
eicu,353,3,291,284,1043,23,3.584192439862543,28,0.8695652173913043,0.7241379310344828,44.290560930202645,0.9505017850968501,-0.018092230262357456,0
eicu,353,4,291,291,1664,24,5.718213058419244,28,0.8333333333333334,0.6129032258064516,79.37213533674017,0.962722181218372,0.07522825953146031,1
eicu,353,4,291,291,1664,23,5.718213058419244,28,0.8695652173913043,0.59375,50.90819188544989,0.9445423574067779,-0.01475909551655799,0
eicu,353,4,291,291,1807,24,6.209621993127148,28,0.8333333333333334,0.46153846153846156,137.76811048599689,0.9790544694907557,0.11825162005949946,1
eicu,353,4,291,291,1807,23,6.209621993127148,28,0.8695652173913043,0.45,125.39515684045597,0.9710385893459756,-0.04436144767340766,0
eicu,353,3,291,212,1126,24,3.8694158075601375,28,0.8333333333333334,0.6129032258064516,126.53081124612468,0.9813262684394772,0.13981063167543054,1
eicu,353,3,291,212,1126,23,3.8694158075601375,28,0.8695652173913043,0.6129032258064516,109.50945098365196,0.9769912164073541,-0.00043129241687597797,0
eicu,353,1,291,291,1464,24,5.030927835051546,28,0.8333333333333334,0.8,22.208230934014065,0.9532553258494387,0.04854808789188422,1
eicu,353,1,291,291,1464,23,5.030927835051546,28,0.8695652173913043,0.7142857142857143,21.418825401148666,0.9528011441512754,-0.04172531793606611,0
eicu,353,2,291,291,2172,24,7.463917525773196,28,0.8333333333333334,0.59375,75.86212427419386,0.9752912530667013,0.04164689313362399,1
eicu,353,2,291,291,2172,23,7.463917525773196,28,0.8695652173913043,0.59375,110.52142467245065,0.9819039611014123,-0.03872844496001468,0
eicu,353,2,291,291,1779,24,6.11340206185567,28,0.8333333333333334,0.6470588235294118,84.28754913408805,0.9762717029911699,0.039425380122595166,1
eicu,353,2,291,291,1779,23,6.11340206185567,28,0.8695652173913043,0.6176470588235294,53.31290477461377,0.9624856306656855,-0.021837115693609827,0
eicu,353,3,291,291,1200,24,4.123711340206185,28,0.8333333333333334,0.5625,156.01399330461186,0.9839410161657705,-0.03645813904248611,0
eicu,353,3,291,291,1200,23,4.123711340206185,28,0.8695652173913043,0.6,130.64168593889556,0.9770178491572126,-0.03791007794218923,0
eicu,353,3,291,212,2377,24,8.168384879725085,28,0.8333333333333334,0.4864864864864865,239.21573378357266,0.9873773886595154,0.04331966598987161,1
eicu,353,3,291,212,2377,23,8.168384879725085,28,0.8695652173913043,0.4864864864864865,48.249445062444536,0.9378231190821492,0.0332987446304959,1
eicu,353,1,291,291,437,24,1.5017182130584192,28,0.8333333333333334,0.75,66.7952073942807,0.9846771130484339,0.1423088449120197,1
eicu,353,1,291,291,437,23,1.5017182130584192,28,0.8695652173913043,0.71875,15.701519608150527,0.9363118968764712,-0.0319017766409089,0
eicu,353,4,291,291,1614,24,5.546391752577319,28,0.8333333333333334,0.43902439024390244,57.75955028850682,0.9354709510754929,0.20428454308602614,1
eicu,353,4,291,291,1614,23,5.546391752577319,28,0.8695652173913043,0.45,88.23313245638762,0.9559199559512906,0.11883790265146643,1
eicu,353,3,291,221,2822,24,9.697594501718212,28,0.8333333333333334,0.4838709677419355,86.27989908749886,0.9690900551102218,0.22778571679996237,1
eicu,353,3,291,221,2822,23,9.697594501718212,28,0.8695652173913043,0.4838709677419355,121.99990937120228,0.9753694117843494,0.02513971881063015,1
eicu,357,3,261,222,1018,23,3.900383141762452,24,0.7391304347826086,0.5405405405405406,19.99932442814312,0.8496195487444356,0.009132486188536432,1
eicu,357,3,261,222,1018,23,3.900383141762452,24,0.7391304347826086,0.5405405405405406,31.493911915888546,0.9238808189262632,-0.008791754387209194,0
eicu,357,4,261,222,3072,23,11.770114942528735,24,0.7391304347826086,0.53125,84.52527819460444,0.9765665937306489,0.010984544395472154,1
eicu,357,4,261,222,3072,23,11.770114942528735,24,0.7391304347826086,0.53125,132.01793506138156,0.977295170387509,-0.003195079651603233,0
eicu,357,1,261,261,708,23,2.7126436781609193,24,0.7391304347826086,0.5588235294117647,18.994053070431377,0.9473519424057665,0.006473608586431603,1
eicu,357,1,261,261,708,23,2.7126436781609193,24,0.7391304347826086,0.5588235294117647,68.79694353994466,0.9854644705339362,-0.03206660319951399,0
eicu,357,3,261,261,3637,23,13.934865900383143,24,0.7391304347826086,0.7142857142857143,168.0260250524189,0.9854811262289742,0.000925561185115345,1
eicu,357,3,261,261,3637,23,13.934865900383143,24,0.7391304347826086,0.6451612903225806,214.83791997826114,0.9860691599697213,0.0036355848888182107,1
eicu,357,3,261,261,1776,23,6.804597701149425,24,0.7391304347826086,0.4634146341463415,60.37316307294519,0.962933928058785,0.012466959807615335,1
eicu,357,3,261,261,1776,23,6.804597701149425,24,0.7391304347826086,0.4878048780487805,51.37252619748728,0.9648375510594247,0.012500477560789536,1
eicu,357,3,261,261,1581,23,6.057471264367816,24,0.7391304347826086,0.5454545454545454,168.9155709829877,0.9842333359367899,0.021068802005725085,1
eicu,357,3,261,261,1581,23,6.057471264367816,24,0.7391304347826086,0.5454545454545454,71.32126736719106,0.9646094237862071,-0.006443744431818665,0
eicu,357,2,261,261,1381,23,5.291187739463601,24,0.7391304347826086,0.6875,37.375983199643656,0.94640828113797,0.0176098831538586,1
eicu,357,2,261,261,1381,23,5.291187739463601,24,0.7391304347826086,0.6875,35.680054263224775,0.9439462735890122,-0.015154880214738042,0
eicu,357,4,261,261,2519,23,9.651340996168582,24,0.7391304347826086,0.4634146341463415,95.91612848052313,0.9777470167042199,0.021148509532044335,1
eicu,357,4,261,261,2519,23,9.651340996168582,24,0.7391304347826086,0.45,90.82445850383306,0.9703153219539891,-0.013161079858805325,0
eicu,357,2,261,261,708,23,2.7126436781609193,24,0.7391304347826086,0.47619047619047616,42.07784674103713,0.9613369402512084,0.04620712280622842,1
eicu,357,2,261,261,708,23,2.7126436781609193,24,0.7391304347826086,0.5,54.080203778600776,0.9623160864052982,-0.024407739140660245,0
eicu,357,1,261,261,555,23,2.1264367816091956,24,0.7391304347826086,0.782608695652174,21.170306558274163,0.9371976724462059,0.05068380605441254,1
eicu,357,1,261,261,555,23,2.1264367816091956,24,0.7391304347826086,0.782608695652174,10.74324160187902,0.9068143723534753,0.0028017835571838567,1
eicu,357,1,261,261,674,23,2.582375478927203,24,0.7391304347826086,0.7333333333333333,11.498875819459105,0.9118743331830117,0.036747287111307744,1
eicu,357,1,261,261,674,23,2.582375478927203,24,0.7391304347826086,0.7333333333333333,29.166946314343754,0.9635337629134213,-0.07341493184194348,0
eicu,357,1,261,261,291,23,1.1149425287356323,24,0.7391304347826086,0.8076923076923077,10.102599311775077,0.9010155734045148,0.028089945552852463,1
eicu,357,1,261,261,291,23,1.1149425287356323,24,0.7391304347826086,0.84,14.567401494938228,0.9313535773454537,0.050152224684481356,1
eicu,365,4,724,340,1804,26,2.4917127071823204,34,0.9230769230769231,0.5,79.42796184286067,0.9496399012741439,-0.048233544340010676,0
eicu,365,4,724,340,1804,26,2.4917127071823204,34,0.9230769230769231,0.5,80.73298326042132,0.9504539552676116,-0.02289752275423343,0
eicu,365,4,724,291,2490,26,3.4392265193370166,34,0.9230769230769231,0.4634146341463415,134.07922404720387,0.9715255533399437,-0.05268656086912945,0
eicu,365,4,724,291,2490,26,3.4392265193370166,34,0.9230769230769231,0.48717948717948717,99.89844277423806,0.9670544593530126,-0.031937209648623996,0
eicu,365,2,724,367,3406,26,4.704419889502763,34,0.9230769230769231,0.5,54.390387881471064,0.9657876200592606,0.12533647583570492,1
eicu,365,2,724,367,3406,26,4.704419889502763,34,0.9230769230769231,0.5128205128205128,49.346157411794564,0.9611275578321856,-0.03416312425587005,0
eicu,365,3,724,212,1156,26,1.5966850828729282,34,0.9230769230769231,0.525,28.63966026927409,0.9301667693961548,-0.06459200856352397,0
eicu,365,3,724,212,1156,26,1.5966850828729282,34,0.9230769230769231,0.525,41.267309124827925,0.9273032319377691,-0.0401666374487783,0
eicu,365,2,724,576,1250,26,1.7265193370165746,34,0.9230769230769231,0.575,45.6782071295926,0.9672030157414049,-0.0011728619361411063,0
eicu,365,2,724,576,1250,26,1.7265193370165746,34,0.9230769230769231,0.525,27.069880951356787,0.9259560670089417,-0.03893460630503393,0
eicu,365,4,724,212,2154,26,2.9751381215469612,34,0.9230769230769231,0.5428571428571428,122.5687655859835,0.9788687635117654,-0.07500891634906208,0
eicu,365,4,724,212,2154,26,2.9751381215469612,34,0.9230769230769231,0.5428571428571428,75.61989201360898,0.9656735241317495,-0.021427797144403182,0
eicu,365,3,724,297,2575,26,3.5566298342541436,34,0.9230769230769231,0.6774193548387096,50.512533124897686,0.9406087991552081,0.06119532566789701,1
eicu,365,3,724,297,2575,26,3.5566298342541436,34,0.9230769230769231,0.6774193548387096,82.06546128383086,0.964633249613034,0.040892398434402344,1
eicu,365,2,724,708,1569,26,2.1671270718232045,34,0.9230769230769231,0.5641025641025641,81.77361185721206,0.9753777420209093,-0.026854090402668868,0
eicu,365,2,724,708,1569,26,2.1671270718232045,34,0.9230769230769231,0.5365853658536586,127.64262879824761,0.9843036479447174,-0.04656439248921987,0
eicu,365,1,724,331,331,26,0.457182320441989,34,0.9230769230769231,0.8888888888888888,48.02290638514759,0.9791529920403195,-0.017664572537205547,0
eicu,365,1,724,331,331,26,0.457182320441989,34,0.9230769230769231,0.7857142857142857,37.97192864968244,0.9731998978498333,0.050059799676533345,1
eicu,365,2,724,335,1196,26,1.6519337016574585,34,0.9230769230769231,0.7419354838709677,19.11844068413108,0.9037629825760933,0.09057114493956717,1
eicu,365,2,724,335,1196,26,1.6519337016574585,34,0.9230769230769231,0.696969696969697,24.341738387259262,0.9178365994991211,-0.014060451949024971,0
eicu,365,1,724,505,505,26,0.6975138121546961,34,0.9230769230769231,0.7096774193548387,15.578035439310154,0.9358064734809142,0.03760460342097319,1
eicu,365,1,724,505,505,26,0.6975138121546961,34,0.9230769230769231,0.7096774193548387,9.767605151808917,0.8926768563318812,-0.009346309890975374,0
eicu,365,3,724,295,1092,26,1.5082872928176796,34,0.9230769230769231,0.6451612903225806,91.91902633348255,0.9673625785687069,0.05172361908245038,1
eicu,365,3,724,295,1092,26,1.5082872928176796,34,0.9230769230769231,0.6060606060606061,63.26018503914172,0.9704508057362585,-0.013122447008504456,0
eicu,382,1,605,222,222,33,0.3669421487603306,48,1.0303030303030303,0.6285714285714286,21.23191759444731,0.9528761698920851,-0.045509870202723235,0
eicu,382,1,605,222,222,33,0.3669421487603306,48,1.0303030303030303,0.6285714285714286,47.58765550514906,0.9788984285290889,0.023108018352058224,1
eicu,382,4,605,280,1716,33,2.8363636363636364,48,1.0303030303030303,0.4634146341463415,87.0565865746189,0.981077549459229,-0.08960872981015594,0
eicu,382,4,605,280,1716,33,2.8363636363636364,48,1.0303030303030303,0.48717948717948717,85.96556104054011,0.9714906711549101,-0.004843519200047497,0
eicu,382,3,605,501,1916,33,3.1669421487603304,48,1.0303030303030303,0.5128205128205128,101.15497214941348,0.9794191982158403,0.17492886751060965,1
eicu,382,3,605,501,1916,33,3.1669421487603304,48,1.0303030303030303,0.4878048780487805,65.95208913254959,0.9644508275712088,0.008715142191662945,1
eicu,382,2,605,261,707,33,1.168595041322314,48,1.0303030303030303,0.4864864864864865,27.682614776557294,0.9277524895627389,0.06860995478137899,1
eicu,382,2,605,261,707,33,1.168595041322314,48,1.0303030303030303,0.4864864864864865,30.04224004923363,0.9589663023575334,-0.05430029181187293,0
eicu,382,4,605,212,2653,33,4.385123966942149,48,1.0303030303030303,0.45,66.05718440358329,0.9566450524690802,0.09032814974751047,1
eicu,382,4,605,212,2653,33,4.385123966942149,48,1.0303030303030303,0.45,48.38289862175619,0.958663080200394,-0.035828816031051786,0
eicu,382,1,605,247,247,33,0.40826446280991735,48,1.0303030303030303,0.8,19.831300890437028,0.949564769901154,0.029258025350019312,1
eicu,382,1,605,247,247,33,0.40826446280991735,48,1.0303030303030303,0.6764705882352942,26.890572592452475,0.9628122459437448,0.07486018891843194,1
eicu,382,1,605,539,539,33,0.8909090909090909,48,1.0303030303030303,0.6756756756756757,11.184360655374832,0.9105894354793151,-0.04450540410513448,0
eicu,382,1,605,539,539,33,0.8909090909090909,48,1.0303030303030303,0.6756756756756757,30.367287301150565,0.967069827802429,-0.026688754958629102,0
eicu,382,1,605,504,504,33,0.8330578512396695,48,1.0303030303030303,0.7878787878787878,13.676782051817142,0.9268653996567361,0.07925487785751328,1
eicu,382,1,605,504,504,33,0.8330578512396695,48,1.0303030303030303,0.7878787878787878,13.753446868142237,0.9269841879357605,-0.06361874305468987,0
eicu,382,1,605,605,835,33,1.3801652892561984,48,1.0303030303030303,0.5757575757575758,35.54437470047982,0.9718661529868888,0.04435787275651765,1
eicu,382,1,605,605,835,33,1.3801652892561984,48,1.0303030303030303,0.5757575757575758,32.585908443838356,0.9693118882438556,0.04438487783349085,1
eicu,382,1,605,605,2207,33,3.6479338842975206,48,1.0303030303030303,0.5641025641025641,31.212848947008013,0.9614739138861271,0.21942244799783017,1
eicu,382,1,605,605,2207,33,3.6479338842975206,48,1.0303030303030303,0.5641025641025641,28.126955364415288,0.9644348358219859,-0.03372572426198414,0
eicu,382,1,605,534,534,33,0.8826446280991735,48,1.0303030303030303,0.7058823529411765,19.709088927800575,0.9491857568395619,0.125790583096552,1
eicu,382,1,605,534,534,33,0.8826446280991735,48,1.0303030303030303,0.6857142857142857,19.08015802833418,0.9449160044232994,-0.007674561156202464,0
eicu,382,1,605,605,1761,33,2.9107438016528926,48,1.0303030303030303,0.6285714285714286,29.585240132627334,0.9645544556668526,0.10452296738035871,1
eicu,382,1,605,605,1761,33,2.9107438016528926,48,1.0303030303030303,0.6285714285714286,21.4055241071174,0.9509976709540758,-0.07337495769544801,0
eicu,384,3,423,392,2708,26,6.401891252955083,71,1.9230769230769231,0.6206896551724138,125.88081477387782,0.9761679330929899,0.021625915666272255,1
eicu,384,3,423,392,2708,26,6.401891252955083,71,1.9230769230769231,0.6206896551724138,74.48546330433183,0.9685780682258142,0.04609806329517785,1
eicu,384,3,423,423,3905,26,9.231678486997636,71,1.9230769230769231,0.5714285714285714,97.65827583435454,0.9692797886068729,0.0013670968764994962,1
eicu,384,3,423,423,3905,26,9.231678486997636,71,1.9230769230769231,0.5714285714285714,80.63494242709831,0.9680249545896131,0.018577251776579873,1
eicu,384,4,423,224,2090,26,4.9408983451536646,71,1.9230769230769231,0.375,112.15315735424258,0.9733199268206258,0.008260506879259055,1
eicu,384,4,423,224,2090,26,4.9408983451536646,71,1.9230769230769231,0.375,86.12240583830791,0.9601429474017662,0.0803372087963441,1
eicu,384,3,423,409,2259,26,5.340425531914893,71,1.9230769230769231,0.475,162.79082702245273,0.9793169787002569,0.02571178199122387,1
eicu,384,3,423,409,2259,26,5.340425531914893,71,1.9230769230769231,0.475,68.9617550104713,0.9704788317717007,0.12716424209050858,1
eicu,384,4,423,295,2507,26,5.926713947990543,71,1.9230769230769231,0.43902439024390244,104.72543448114912,0.9618048851282636,0.05789681706358746,1
eicu,384,4,423,295,2507,26,5.926713947990543,71,1.9230769230769231,0.42857142857142855,201.11498394575102,0.9831279056170905,0.1862563071109513,1
eicu,384,2,423,261,1131,26,2.673758865248227,71,1.9230769230769231,0.6428571428571429,57.0710947685848,0.9704873560450432,0.034917124628816965,1
eicu,384,2,423,261,1131,26,2.673758865248227,71,1.9230769230769231,0.6428571428571429,49.18071745953894,0.9562425563016345,0.03718326932325461,1
eicu,384,3,423,312,2399,26,5.671394799054373,71,1.9230769230769231,0.7058823529411765,121.20086573077813,0.9816578376665283,0.0018998703872878386,1
eicu,384,3,423,312,2399,26,5.671394799054373,71,1.9230769230769231,0.7058823529411765,43.30523090092248,0.9307243042563689,0.0937845553545178,1
eicu,384,4,423,293,1444,26,3.41371158392435,71,1.9230769230769231,0.53125,69.18842239379494,0.9566401444605124,-0.0028481597833302508,0
eicu,384,4,423,293,1444,26,3.41371158392435,71,1.9230769230769231,0.4722222222222222,119.05150656001419,0.9739623918855651,0.02588146864266344,1
eicu,384,2,423,408,963,26,2.276595744680851,71,1.9230769230769231,0.7741935483870968,60.05326233195748,0.975801487922092,-0.004256081166752579,0
eicu,384,2,423,408,963,26,2.276595744680851,71,1.9230769230769231,0.7741935483870968,56.36263785989875,0.9645155004105481,0.08417950371951843,1
eicu,384,1,423,423,590,26,1.3947990543735225,71,1.9230769230769231,0.7027027027027027,10.455906837221427,0.9027632523607948,0.016832455358479603,1
eicu,384,1,423,423,590,26,1.3947990543735225,71,1.9230769230769231,0.7222222222222222,11.930110615218453,0.912549082318267,0.1958746138100364,1
eicu,384,1,423,365,365,26,0.8628841607565012,71,1.9230769230769231,0.8666666666666667,6.431143094985291,0.8244762944500021,0.012968751211716034,1
eicu,384,1,423,365,365,26,0.8628841607565012,71,1.9230769230769231,0.8666666666666667,19.609971675374723,0.9487092100169386,0.05358873635711625,1
eicu,384,1,423,233,233,26,0.5508274231678487,71,1.9230769230769231,0.75,8.236287965356706,0.8785860809862188,-0.0023961356742623896,0
eicu,384,1,423,233,233,26,0.5508274231678487,71,1.9230769230769231,0.75,9.331213070305605,0.8928327975724544,0.028725596669358477,1
eicu,386,4,214,214,2087,28,9.75233644859813,50,1.25,0.4634146341463415,92.64885631998999,0.9616949786153577,0.13575629723739568,1
eicu,386,4,214,214,2087,27,9.75233644859813,50,1.2962962962962963,0.4523809523809524,58.629597174938134,0.93089179180044,-0.005660766485955371,0
eicu,386,4,214,214,2471,28,11.546728971962617,50,1.25,0.47619047619047616,81.24545120141796,0.9558457452869445,0.11358402442135573,1
eicu,386,4,214,214,2471,27,11.546728971962617,50,1.2962962962962963,0.47619047619047616,89.31804660393678,0.9648026290573086,0.016327888166535964,1
eicu,386,4,214,214,2326,28,10.869158878504672,50,1.25,0.47619047619047616,70.84440516813578,0.9608476749685686,0.1201849728722616,1
eicu,386,4,214,214,2326,27,10.869158878504672,50,1.2962962962962963,0.47619047619047616,59.02344321988208,0.9660180365149098,-0.014248140222970995,0
eicu,386,3,214,214,1429,28,6.677570093457944,50,1.25,0.4878048780487805,27.488927476305047,0.9146419560161092,-0.07764159176413854,0
eicu,386,3,214,214,1429,27,6.677570093457944,50,1.2962962962962963,0.4878048780487805,54.651858447826626,0.961502766996792,-0.1220367791181673,0
eicu,386,4,214,214,3364,28,15.719626168224298,50,1.25,0.47368421052631576,108.76056426039834,0.9801260422752242,0.011718452352399822,1
eicu,386,4,214,214,3364,27,15.719626168224298,50,1.2962962962962963,0.47368421052631576,123.99272626266543,0.9745067385835409,-0.03388103331855796,0
eicu,386,4,214,214,1960,28,9.158878504672897,50,1.25,0.5714285714285714,68.1596929871095,0.9611535815861002,-0.011610178182267172,0
eicu,386,4,214,214,1960,27,9.158878504672897,50,1.2962962962962963,0.6060606060606061,45.211688026829954,0.9525698481167197,-0.05070374503847053,0
eicu,386,2,214,214,1808,28,8.448598130841122,50,1.25,0.5121951219512195,23.27764304088518,0.9570403241323193,0.23652147256065725,1
eicu,386,2,214,214,1808,27,8.448598130841122,50,1.2962962962962963,0.5121951219512195,41.46177345186975,0.9528037939008613,0.03544528378653422,1
eicu,386,3,214,214,3029,28,14.154205607476635,50,1.25,0.5882352941176471,91.54612064909091,0.9724624123164366,0.08812241047529495,1
eicu,386,3,214,214,3029,27,14.154205607476635,50,1.2962962962962963,0.5882352941176471,135.02758978444328,0.9777823183781242,-0.030855060469233198,0
eicu,386,1,214,214,262,28,1.2242990654205608,50,1.25,0.7096774193548387,5.27805125776296,0.8040869792836152,0.2084815000601251,1
eicu,386,1,214,214,262,27,1.2242990654205608,50,1.2962962962962963,0.6774193548387096,12.509202259947966,0.920058851138589,0.008707816025039006,1
eicu,386,4,214,214,2092,28,9.77570093457944,50,1.25,0.5483870967741935,45.73920745396137,0.9615103133966831,0.21294784941177913,1
eicu,386,4,214,214,2092,27,9.77570093457944,50,1.2962962962962963,0.5483870967741935,117.8211569131315,0.973104589385408,-0.008167189970519129,0
eicu,386,1,214,214,224,28,1.0467289719626167,50,1.25,0.8275862068965517,13.771733229109303,0.9245674567621831,0.15137109556488348,1
eicu,386,1,214,214,224,27,1.0467289719626167,50,1.2962962962962963,0.8571428571428571,10.097857961125495,0.8976839435994566,-0.01661316896968401,0
eicu,386,1,214,214,291,28,1.3598130841121496,50,1.25,0.896551724137931,9.118110752989452,0.8899107629740565,0.09950902358623959,1
eicu,386,1,214,214,291,27,1.3598130841121496,50,1.2962962962962963,0.9285714285714286,25.8861303189944,0.9613462038368035,-0.03810319674660645,0
eicu,387,1,291,291,357,27,1.2268041237113403,35,0.8888888888888888,1.0,5.614285096851214,0.8218829320654107,-0.04232620782769844,0
eicu,387,1,291,291,357,27,1.2268041237113403,35,0.8888888888888888,1.0,5.999295440687504,0.8333137599428838,0.17280834533147255,1
eicu,387,2,291,291,4110,27,14.123711340206185,35,0.8888888888888888,0.65625,74.35057638222648,0.9731004102817137,0.061128124913203824,1
eicu,387,2,291,291,4110,27,14.123711340206185,35,0.8888888888888888,0.65625,52.11263892911761,0.9661124692582734,0.09095861698579694,1
eicu,387,1,291,212,212,27,0.7285223367697594,35,0.8888888888888888,0.7142857142857143,16.423235977993723,0.9363814870573991,-0.021763367435037123,0
eicu,387,1,291,212,212,27,0.7285223367697594,35,0.8888888888888888,0.8928571428571429,13.854238007056026,0.9278199205549453,0.0452620930444288,1
eicu,387,3,291,291,1966,27,6.756013745704467,35,0.8888888888888888,0.5263157894736842,97.18274465474855,0.971088536330874,-0.036518862054061935,0
eicu,387,3,291,291,1966,27,6.756013745704467,35,0.8888888888888888,0.5263157894736842,113.04399758901309,0.9749888211135618,0.14280425681554748,1
eicu,387,3,291,291,3110,27,10.687285223367697,35,0.8888888888888888,0.475,193.70855669709104,0.9887804031908366,-0.013200522748583576,0
eicu,387,3,291,291,3110,27,10.687285223367697,35,0.8888888888888888,0.475,124.07196469968754,0.9800476164458498,0.10157928236333053,1
eicu,387,3,291,214,1854,27,6.371134020618556,35,0.8888888888888888,0.6060606060606061,53.56879304784594,0.9646368740380089,0.03893872366709358,1
eicu,387,3,291,214,1854,27,6.371134020618556,35,0.8888888888888888,0.6060606060606061,52.01389309652209,0.9568383229048334,0.13387898584079688,1
eicu,387,3,291,291,2698,27,9.271477663230241,35,0.8888888888888888,0.625,151.34894640294135,0.9849575581466888,-0.03733933922863558,0
eicu,387,3,291,291,2698,27,9.271477663230241,35,0.8888888888888888,0.625,97.60832839421943,0.9697454533724147,0.14563038101994702,1
eicu,387,2,291,291,2636,27,9.058419243986254,35,0.8888888888888888,0.7857142857142857,127.26204267351832,0.9842843949540331,-0.04942712170163774,0
eicu,387,2,291,291,2636,27,9.058419243986254,35,0.8888888888888888,0.7857142857142857,103.83325777181061,0.9807383487437589,0.1329737144774656,1
eicu,387,2,291,291,2397,27,8.237113402061855,35,0.8888888888888888,0.4666666666666667,59.94281157477949,0.9833174325039378,-0.03636345815900108,0
eicu,387,2,291,291,2397,27,8.237113402061855,35,0.8888888888888888,0.4666666666666667,71.16692102124759,0.9820755270009586,0.12229515503558325,1
eicu,387,1,291,291,408,27,1.402061855670103,35,0.8888888888888888,0.8387096774193549,11.699046191187783,0.9093591102711842,-0.04601473308421905,0
eicu,387,1,291,291,408,27,1.402061855670103,35,0.8888888888888888,0.8387096774193549,17.019854028762527,0.9412296020307873,0.24736355275518768,1
eicu,387,1,291,291,310,27,1.0652920962199313,35,0.8888888888888888,0.9,11.42756816824566,0.9124923181137743,-0.048744129158434985,0
eicu,387,1,291,291,310,27,1.0652920962199313,35,0.8888888888888888,0.8666666666666667,20.770465672241393,0.9501548723158688,-0.0029162866897180506,0
eicu,387,1,291,291,485,27,1.6666666666666667,35,0.8888888888888888,1.0,12.023699441843988,0.9168309217278108,-0.0744253700730837,0
eicu,387,1,291,291,485,27,1.6666666666666667,35,0.8888888888888888,0.84375,27.3210334486792,0.9633981634743636,0.05670952467955365,1
eicu,388,4,504,348,4762,26,9.448412698412698,82,2.1923076923076925,0.5714285714285714,130.1041557706717,0.9821572816790503,0.18809642490220818,1
eicu,388,4,504,348,4762,26,9.448412698412698,82,2.1923076923076925,0.5714285714285714,70.32512273203031,0.9545014094155408,0.03295295703733253,1
eicu,388,4,504,291,2029,26,4.025793650793651,82,2.1923076923076925,0.375,225.38404219448307,0.98357279006028,0.19656663527755863,1
eicu,388,4,504,291,2029,26,4.025793650793651,82,2.1923076923076925,0.375,107.82803333246659,0.9721779215730468,0.0688644980857116,1
eicu,388,4,504,261,1527,26,3.0297619047619047,82,2.1923076923076925,0.5625,103.21589576211429,0.9743206266608245,0.11433933904946858,1
eicu,388,4,504,261,1527,26,3.0297619047619047,82,2.1923076923076925,0.5625,78.77438023838624,0.9683602394843233,8.655663723797224e-05,1
eicu,388,1,504,504,870,26,1.7261904761904763,82,2.1923076923076925,0.75,25.01539406769927,0.9600246153511036,0.015945621316269032,1
eicu,388,1,504,504,870,26,1.7261904761904763,82,2.1923076923076925,0.75,40.80922094431841,0.9754957341291951,-0.04301748817485379,0
eicu,388,3,504,284,1577,26,3.128968253968254,82,2.1923076923076925,0.7241379310344828,66.0418263802201,0.9545741342389353,-0.029527894234229524,0
eicu,388,3,504,284,1577,26,3.128968253968254,82,2.1923076923076925,0.7241379310344828,76.1213410256126,0.9707676869553006,-0.05130151764947244,0
eicu,388,2,504,221,604,26,1.1984126984126984,82,2.1923076923076925,0.7241379310344828,37.3597393409124,0.9461434928845245,0.12267287974711116,1
eicu,388,2,504,221,604,26,1.1984126984126984,82,2.1923076923076925,0.7241379310344828,33.21728842104555,0.9423729794173958,0.030583365946220464,1
eicu,388,4,504,247,3781,26,7.501984126984127,82,2.1923076923076925,0.4166666666666667,132.62501659164474,0.9682064323633284,0.12624335563204153,1
eicu,388,4,504,247,3781,26,7.501984126984127,82,2.1923076923076925,0.4838709677419355,77.31628228885002,0.9710430995464561,0.019295594963438967,1
eicu,388,4,504,293,3656,26,7.253968253968254,82,2.1923076923076925,0.3888888888888889,89.44797047631296,0.9614542477433637,0.24086631673961217,1
eicu,388,4,504,293,3656,26,7.253968253968254,82,2.1923076923076925,0.3888888888888889,110.52639642650075,0.9813162678408875,0.05954557477465128,1
eicu,388,3,504,291,4010,26,7.9563492063492065,82,2.1923076923076925,0.45714285714285713,147.87861153402878,0.9800613747412319,0.21275347644479053,1
eicu,388,3,504,291,4010,26,7.9563492063492065,82,2.1923076923076925,0.45714285714285713,202.8692730627074,0.9852121518714533,0.031169060983259833,1
eicu,388,1,504,504,578,26,1.1468253968253967,82,2.1923076923076925,0.9285714285714286,42.34624243200351,0.975749689768967,0.06780026570351572,1
eicu,388,1,504,504,578,26,1.1468253968253967,82,2.1923076923076925,0.8387096774193549,22.237408030328098,0.9540991776202821,0.08622775486673051,1
eicu,388,1,504,504,1561,26,3.0972222222222223,82,2.1923076923076925,0.7222222222222222,13.760065568060387,0.9273174551755411,0.14127930400202965,1
eicu,388,1,504,504,1561,26,3.0972222222222223,82,2.1923076923076925,0.7647058823529411,14.950690064367116,0.9274713431580556,0.023641719530342137,1
eicu,388,1,504,295,295,26,0.5853174603174603,82,2.1923076923076925,0.8,41.49805371281694,0.9742493864427636,0.08309068294215993,1
eicu,388,1,504,295,295,26,0.5853174603174603,82,2.1923076923076925,0.8,26.86726396651469,0.9626663138494418,0.027199052818093705,1
eicu,390,3,590,392,2262,37,3.833898305084746,110,2.081081081081081,0.5121951219512195,81.1733316848394,0.9811201957197028,0.11712991787284471,1
eicu,390,3,590,392,2262,36,3.833898305084746,110,2.138888888888889,0.525,60.56245914361064,0.9596198870747927,-0.0023061938143619787,0
eicu,390,4,590,212,2632,37,4.461016949152542,110,2.081081081081081,0.47368421052631576,79.78235053985574,0.9662368652112014,0.0902333802130354,1
eicu,390,4,590,212,2632,36,4.461016949152542,110,2.138888888888889,0.4864864864864865,103.09458100618306,0.963879471604008,0.01603934128806561,1
eicu,390,4,590,588,3591,37,6.0864406779661016,110,2.081081081081081,0.2682926829268293,42.32528360518891,0.9565763780736034,0.10096968742289886,1
eicu,390,4,590,588,3591,36,6.0864406779661016,110,2.138888888888889,0.2682926829268293,55.740349228812065,0.9535730167640567,0.07458483345619515,1
eicu,390,4,590,295,3382,37,5.7322033898305085,110,2.081081081081081,0.42857142857142855,214.80576997248588,0.9905889674900402,0.0512809241436859,1
eicu,390,4,590,295,3382,36,5.7322033898305085,110,2.138888888888889,0.42857142857142855,271.82726126682684,0.9904804757511605,0.08398045838676238,1
eicu,390,1,590,222,222,37,0.376271186440678,110,2.081081081081081,0.6052631578947368,40.22997151398486,0.9751429105622812,-0.01247956919303539,0
eicu,390,1,590,222,222,36,0.376271186440678,110,2.138888888888889,0.5789473684210527,15.526484115826298,0.9353412203212746,-0.01159862806978662,0
eicu,390,4,590,590,4550,37,7.711864406779661,110,2.081081081081081,0.34146341463414637,414.3960341528339,0.9945860207227785,0.058563987936634976,1
eicu,390,4,590,590,4550,36,7.711864406779661,110,2.138888888888889,0.35,124.5666665291509,0.9843303294382999,0.020949430468799768,1
eicu,390,2,590,409,1970,37,3.3389830508474576,110,2.081081081081081,0.6585365853658537,43.057925536023895,0.9645584421329418,0.0767856322800542,1
eicu,390,2,590,409,1970,36,3.3389830508474576,110,2.138888888888889,0.65,46.883449684568255,0.9741314282801322,0.014192482186974886,1
eicu,390,4,590,317,3370,37,5.711864406779661,110,2.081081081081081,0.5121951219512195,157.61563293736555,0.9879466890309943,0.084764612908864,1
eicu,390,4,590,317,3370,36,5.711864406779661,110,2.138888888888889,0.5121951219512195,142.68662968032393,0.9798850924809478,0.004827874209453298,1
eicu,390,1,590,590,1051,37,1.7813559322033898,110,2.081081081081081,0.5526315789473685,49.5391855055028,0.979813959599943,0.027326095328362887,1
eicu,390,1,590,590,1051,36,1.7813559322033898,110,2.138888888888889,0.5675675675675675,83.20182408224255,0.9879810327353937,0.0210930482299147,1
eicu,390,1,590,329,329,37,0.5576271186440678,110,2.081081081081081,0.7368421052631579,12.552060896284118,0.9180124934791554,0.013955866277197915,1
eicu,390,1,590,329,329,36,0.5576271186440678,110,2.138888888888889,0.7567567567567568,16.579291836168196,0.9311307627070158,0.006805031649217863,1
eicu,390,3,590,335,2142,37,3.630508474576271,110,2.081081081081081,0.525,58.491526684545,0.9642475644714741,0.10342364157636336,1
eicu,390,3,590,335,2142,36,3.630508474576271,110,2.138888888888889,0.525,39.863296717188256,0.9706672487616393,0.03587209597600505,1
eicu,390,1,590,590,605,37,1.0254237288135593,110,2.081081081081081,0.7948717948717948,9.866914988958133,0.8986511993749738,0.048291710960255196,1
eicu,390,1,590,590,605,36,1.0254237288135593,110,2.138888888888889,0.8157894736842105,22.565943596785516,0.9556854338613854,-0.02183069050517633,0
eicu,391,4,458,291,2769,29,6.045851528384279,85,2.0344827586206895,0.5806451612903226,116.01046851605145,0.9700246580377,-0.04376086800420359,0
eicu,391,4,458,291,2769,29,6.045851528384279,85,2.0344827586206895,0.5806451612903226,159.28578333302056,0.9780737787426612,0.0012204201066381981,1
eicu,391,4,458,329,1853,29,4.045851528384279,85,2.0344827586206895,0.59375,90.61759837713723,0.9643616519761284,-0.0957494004603393,0
eicu,391,4,458,329,1853,29,4.045851528384279,85,2.0344827586206895,0.59375,87.6082635163511,0.9665750147740966,0.012179448922299496,1
eicu,391,4,458,331,3362,29,7.3406113537117905,85,2.0344827586206895,0.4634146341463415,92.63615263525662,0.9675213655345334,-0.12721468978912287,0
eicu,391,4,458,331,3362,29,7.3406113537117905,85,2.0344827586206895,0.4634146341463415,121.658222535742,0.9747878274029436,-0.01765615871285442,0
eicu,391,1,458,458,865,29,1.888646288209607,85,2.0344827586206895,0.4,137.43665924774456,0.9922871782636018,0.05052107553730678,1
eicu,391,1,458,458,865,29,1.888646288209607,85,2.0344827586206895,0.4,62.04671929120464,0.9825848022550563,0.04108596007583726,1
eicu,391,4,458,262,3100,29,6.7685589519650655,85,2.0344827586206895,0.41025641025641024,80.28873644029579,0.9635563071647285,-0.020747016598939738,0
eicu,391,4,458,262,3100,29,6.7685589519650655,85,2.0344827586206895,0.41025641025641024,160.4786844072017,0.9825660671094921,0.060624755579385514,1
eicu,391,4,458,284,2500,29,5.458515283842795,85,2.0344827586206895,0.4634146341463415,104.6149348122785,0.971323406114211,-0.0005922939086766554,0
eicu,391,4,458,284,2500,29,5.458515283842795,85,2.0344827586206895,0.4634146341463415,78.63032400691077,0.9502459307878319,0.04362924599598239,1
eicu,391,2,458,458,1389,29,3.032751091703057,85,2.0344827586206895,0.84375,91.98818500728095,0.9789564616857733,-0.015536267510682988,0
eicu,391,2,458,458,1389,29,3.032751091703057,85,2.0344827586206895,0.875,124.42888798090502,0.9834207824033476,-0.001017737216596759,0
eicu,391,3,458,368,1630,29,3.558951965065502,85,2.0344827586206895,0.5121951219512195,42.403968633650464,0.9447982483747348,-0.16864891121657066,0
eicu,391,3,458,368,1630,29,3.558951965065502,85,2.0344827586206895,0.525,47.50393298133031,0.9430716961555765,-0.11502089464803955,0
eicu,391,1,458,458,870,29,1.8995633187772927,85,2.0344827586206895,0.7333333333333333,23.284756737469362,0.9570125996921379,-0.059801491845419774,0
eicu,391,1,458,458,870,29,1.8995633187772927,85,2.0344827586206895,0.7333333333333333,20.559902519430082,0.9510204238426537,0.07341504903107565,1
eicu,391,4,458,458,4712,29,10.2882096069869,85,2.0344827586206895,0.38461538461538464,119.36846273252752,0.9781594157076038,0.023307828531735797,1
eicu,391,4,458,458,4712,29,10.2882096069869,85,2.0344827586206895,0.38461538461538464,136.6056539980513,0.9766088006276658,0.14851660519453896,1
eicu,391,4,458,293,2739,29,5.9803493449781655,85,2.0344827586206895,0.39473684210526316,64.59090735675446,0.9568361094445669,0.052559264252977134,1
eicu,391,4,458,293,2739,29,5.9803493449781655,85,2.0344827586206895,0.39473684210526316,114.96063627515532,0.9718069170568208,0.08129675735501773,1
eicu,391,1,458,458,2207,29,4.818777292576419,85,2.0344827586206895,0.7272727272727273,41.68319489939519,0.9597724656822497,0.019955440990913065,1
eicu,391,1,458,458,2207,29,4.818777292576419,85,2.0344827586206895,0.7272727272727273,100.44082628595982,0.9900226532519941,0.05372204236854383,1
eicu,392,3,365,341,2192,30,6.005479452054795,75,1.7333333333333334,0.47619047619047616,54.054058832143355,0.9663128125060281,0.04483803661533464,1
eicu,392,3,365,341,2192,30,6.005479452054795,75,1.7333333333333334,0.47619047619047616,80.18848917996046,0.9721449942447085,0.1321401872641763,1
eicu,392,3,365,284,2459,30,6.736986301369863,75,1.7333333333333334,0.5405405405405406,152.9642576903506,0.9803875752067979,0.07688727902868131,1
eicu,392,3,365,284,2459,30,6.736986301369863,75,1.7333333333333334,0.5405405405405406,102.59123757541353,0.9721172905443217,0.15275420239216952,1
eicu,392,4,365,365,3967,30,10.868493150684932,75,1.7333333333333334,0.47368421052631576,86.55227711427708,0.9767892459221446,0.05253409275486304,1
eicu,392,4,365,365,3967,30,10.868493150684932,75,1.7333333333333334,0.47368421052631576,108.78492733021619,0.9742698226811182,0.1774360348592524,1
eicu,392,2,365,221,516,30,1.4136986301369863,75,1.7333333333333334,0.5757575757575758,36.51296145737945,0.9627051736273611,0.0914904786649447,1
eicu,392,2,365,221,516,30,1.4136986301369863,75,1.7333333333333334,0.5757575757575758,22.333724117289414,0.9106879666067031,0.06722061634267018,1
eicu,392,1,365,365,617,30,1.6904109589041096,75,1.7333333333333334,0.65625,24.61643195342144,0.9593767284433352,0.010241410306213061,1
eicu,392,1,365,365,617,30,1.6904109589041096,75,1.7333333333333334,0.65625,17.840781033837192,0.943948642264967,0.13044831505999926,1
eicu,392,4,365,261,3679,30,10.07945205479452,75,1.7333333333333334,0.45714285714285713,86.18174862509746,0.965189845322698,0.08530940883185606,1
eicu,392,4,365,261,3679,30,10.07945205479452,75,1.7333333333333334,0.45714285714285713,99.78846684560801,0.9716355543319593,0.13924830912986352,1
eicu,392,2,365,284,862,30,2.361643835616438,75,1.7333333333333334,0.6875,54.433891935850575,0.9656747058884534,0.0813906281831534,1
eicu,392,2,365,284,862,30,2.361643835616438,75,1.7333333333333334,0.6875,78.4906150208906,0.9744949823358923,0.09760536620496146,1
eicu,392,2,365,214,622,30,1.704109589041096,75,1.7333333333333334,0.8125,35.01660807776472,0.9570060664522385,0.02808217397599988,1
eicu,392,2,365,214,622,30,1.704109589041096,75,1.7333333333333334,0.78125,26.51750287605565,0.9339231721605348,0.09223147533836568,1
eicu,392,1,365,365,934,30,2.558904109589041,75,1.7333333333333334,0.8125,19.049085710775998,0.9474443702843727,-0.010015982001732593,0
eicu,392,1,365,365,934,30,2.558904109589041,75,1.7333333333333334,0.8125,36.58998264253799,0.9726661000775376,0.08015626000295306,1
eicu,392,2,365,365,1634,30,4.476712328767123,75,1.7333333333333334,0.6451612903225806,135.54552457044073,0.9848835550821778,0.0010477559089477895,1
eicu,392,2,365,365,1634,30,4.476712328767123,75,1.7333333333333334,0.6060606060606061,93.59505673800152,0.9841842778724628,0.051609385371406635,1
eicu,392,1,365,365,756,30,2.0712328767123287,75,1.7333333333333334,0.75,10.570296716661115,0.9053952763290193,0.07015627298708321,1
eicu,392,1,365,365,756,30,2.0712328767123287,75,1.7333333333333334,0.7297297297297297,41.549707217628864,0.9759324417194517,0.062101397118744794,1
eicu,392,1,365,365,617,30,1.6904109589041096,75,1.7333333333333334,0.6111111111111112,19.888572855560604,0.9426109394470722,0.07169504363093837,1
eicu,392,1,365,365,617,30,1.6904109589041096,75,1.7333333333333334,0.6111111111111112,32.94761901655509,0.9695602533126452,0.03137860071959131,1
eicu,394,4,917,357,2122,31,2.3140676117775354,92,2.064516129032258,0.4634146341463415,85.31210256410783,0.9670969034511094,0.1206692124315775,1
eicu,394,4,917,357,2122,31,2.3140676117775354,92,2.064516129032258,0.4634146341463415,66.7966191787244,0.9660948820386193,0.03772529724389426,1
eicu,394,2,917,811,3850,31,4.198473282442748,92,2.064516129032258,0.7352941176470589,77.58322835943824,0.9756507422076539,0.06650945856600743,1
eicu,394,2,917,811,3850,31,4.198473282442748,92,2.064516129032258,0.7352941176470589,54.32014383273289,0.9642420449467747,0.043523197156155435,1
eicu,394,2,917,284,1748,31,1.9062159214830972,92,2.064516129032258,0.5294117647058824,52.94794909600547,0.96222705441577,0.11359165482878794,1
eicu,394,2,917,284,1748,31,1.9062159214830972,92,2.064516129032258,0.47368421052631576,36.42092083391,0.9649917252592968,0.05582761510887346,1
eicu,394,3,917,261,950,31,1.0359869138495092,92,2.064516129032258,0.4523809523809524,107.05226125918153,0.9749234368724161,-0.0002985810382059306,0
eicu,394,3,917,261,950,31,1.0359869138495092,92,2.064516129032258,0.47619047619047616,118.37585298758538,0.9776528939485142,0.0392141900288312,1
eicu,394,2,917,501,1089,31,1.187568157033806,92,2.064516129032258,0.5476190476190477,29.00633325148093,0.9462084910154399,0.06505394015929289,1
eicu,394,2,917,501,1089,31,1.187568157033806,92,2.064516129032258,0.5476190476190477,33.717182156683855,0.9503655132507131,0.05157277357067497,1
eicu,394,2,917,261,698,31,0.7611777535441657,92,2.064516129032258,0.5294117647058824,45.69735618885099,0.9555988893633804,0.04564242290107298,1
eicu,394,2,917,261,698,31,0.7611777535441657,92,2.064516129032258,0.5294117647058824,51.747793220398584,0.9671386895062919,0.00825167785871489,1
eicu,394,3,917,365,1570,31,1.7121046892039258,92,2.064516129032258,0.5121951219512195,48.34892776410749,0.948730985340271,0.11067566312677976,1
eicu,394,3,917,365,1570,31,1.7121046892039258,92,2.064516129032258,0.5121951219512195,76.61949809760135,0.9608454757015183,0.07966302014378002,1
eicu,394,4,917,293,2555,31,2.786259541984733,92,2.064516129032258,0.5,76.79914555177496,0.9601146386433872,0.04386556825748156,1
eicu,394,4,917,293,2555,31,2.786259541984733,92,2.064516129032258,0.5,116.24663738160635,0.9768272798576132,0.023649897428932032,1
eicu,394,3,917,341,2408,31,2.6259541984732824,92,2.064516129032258,0.35714285714285715,79.51938235390261,0.9726229003908204,0.06270887702844832,1
eicu,394,3,917,341,2408,31,2.6259541984732824,92,2.064516129032258,0.35714285714285715,47.39083044033232,0.9606828980972457,0.08788043487522629,1
eicu,394,3,917,555,2537,31,2.7666303162486368,92,2.064516129032258,0.47368421052631576,204.21132419550216,0.9872925157335577,0.03240081394123104,1
eicu,394,3,917,555,2537,31,2.7666303162486368,92,2.064516129032258,0.46153846153846156,35.381916416463305,0.9543841854919608,0.026244774905424706,1
eicu,394,2,917,295,718,31,0.7829880043620502,92,2.064516129032258,0.4878048780487805,35.27956772711777,0.9570630128021916,0.08849064221461347,1
eicu,394,2,917,295,718,31,0.7829880043620502,92,2.064516129032258,0.47619047619047616,29.38137642052644,0.9378657380863945,0.03707557056269309,1
eicu,394,2,917,724,1950,31,2.1264994547437297,92,2.064516129032258,0.5757575757575758,56.91470205667946,0.980374672004461,0.01423818886978287,1
eicu,394,2,917,724,1950,31,2.1264994547437297,92,2.064516129032258,0.5757575757575758,29.12369767507387,0.9598533675610459,0.011193346633365936,1
eicu,396,4,310,212,1249,30,4.029032258064516,35,0.8,0.5625,44.12692459508927,0.9422053040531945,0.08857313095340782,1
eicu,396,4,310,212,1249,29,4.029032258064516,35,0.8275862068965517,0.5625,55.75665606505547,0.9576535005739262,0.25982906755185897,1
eicu,396,2,310,310,1212,30,3.9096774193548387,35,0.8,0.5128205128205128,28.080391402461057,0.9287759215555409,0.13172857516104106,1
eicu,396,2,310,310,1212,29,3.9096774193548387,35,0.8275862068965517,0.48717948717948717,31.79351687750038,0.9370940935000696,0.1937354922972541,1
eicu,396,1,310,310,788,30,2.541935483870968,35,0.8,0.6578947368421053,14.472063275640988,0.9309013524226932,-0.05778165126056409,0
eicu,396,1,310,310,788,29,2.541935483870968,35,0.8275862068965517,0.631578947368421,22.934850581084202,0.956226513101413,0.179383420125692,1
eicu,396,4,310,310,3166,30,10.212903225806452,35,0.8,0.5,106.09852762283555,0.9724101909273754,0.018251513386563528,1
eicu,396,4,310,310,3166,29,10.212903225806452,35,0.8275862068965517,0.47619047619047616,49.87355345683329,0.9576030340056043,0.169018056811607,1
eicu,396,4,310,212,2651,30,8.551612903225806,35,0.8,0.48484848484848486,139.36034124641105,0.9712974296401343,-0.07457166079593414,0
eicu,396,4,310,212,2651,29,8.551612903225806,35,0.8275862068965517,0.45454545454545453,32.549704902090966,0.9156487241595855,0.24705005075665284,1
eicu,396,2,310,212,1799,30,5.803225806451613,35,0.8,0.6774193548387096,30.501199670144633,0.9577599307343218,0.00241601965460711,1
eicu,396,2,310,212,1799,29,5.803225806451613,35,0.8275862068965517,0.6451612903225806,19.68810820968107,0.9211285385000559,0.0979395551137571,1
eicu,396,2,310,262,557,30,1.7967741935483872,35,0.8,0.6060606060606061,29.120902909241487,0.9313163888678553,-0.027879983309751222,0
eicu,396,2,310,262,557,29,1.7967741935483872,35,0.8275862068965517,0.6060606060606061,19.247133009296636,0.9306678070151037,0.17609242173140513,1
eicu,396,1,310,310,578,30,1.864516129032258,35,0.8,0.8709677419354839,25.662831953724606,0.9610331392184929,0.0008200172942118555,1
eicu,396,1,310,310,578,29,1.864516129032258,35,0.8275862068965517,0.9354838709677419,19.110787823318446,0.9476735334385415,0.01937421222169372,1
eicu,396,2,310,284,601,30,1.9387096774193548,35,0.8,0.8125,8.474303287121455,0.7629232849952541,-0.03628928325595404,0
eicu,396,2,310,284,601,29,1.9387096774193548,35,0.8275862068965517,0.8125,11.096874899991844,0.8197690775083469,0.019231289241920635,1
eicu,396,1,310,214,214,30,0.6903225806451613,35,0.8,0.8709677419354839,12.051880268115074,0.917025395394473,0.023092060317646157,1
eicu,396,1,310,214,214,29,0.6903225806451613,35,0.8275862068965517,0.8666666666666667,10.96616137361365,0.9077122429526416,0.06532092325202002,1
eicu,396,1,310,310,917,30,2.958064516129032,35,0.8,0.90625,6.001658369166797,0.8333793864146871,-0.0229508420482947,0
eicu,396,1,310,310,917,29,2.958064516129032,35,0.8275862068965517,0.9354838709677419,5.25977330401093,0.8098777376512724,0.055712782085306084,1
eicu,396,1,310,310,974,30,3.141935483870968,35,0.8,0.6097560975609756,18.432390097464268,0.945747675981664,-0.005283311778381178,0
eicu,396,1,310,310,974,29,3.141935483870968,35,0.8275862068965517,0.5853658536585366,17.66627717509016,0.9425616501172203,0.23715898079711276,1
eicu,400,1,756,340,340,33,0.4497354497354497,160,3.393939393939394,0.8181818181818182,15.578116779215382,0.9358073883915019,-0.006466870754847864,0
eicu,400,1,756,340,340,34,0.4497354497354497,160,3.2941176470588234,0.7941176470588235,16.378594416326088,0.9389446997354544,-0.0023866709127433605,0
eicu,400,4,756,487,5271,33,6.972222222222222,160,3.393939393939394,0.5,158.3984061131013,0.9742192878607078,0.03032237437753893,1
eicu,400,4,756,487,5271,34,6.972222222222222,160,3.2941176470588234,0.48717948717948717,141.97684542252458,0.9739238377027521,0.00631490408043095,1
eicu,400,3,756,222,1613,33,2.1335978835978837,160,3.393939393939394,0.5238095238095238,154.37433659600146,0.9821338839789058,0.037292422684215565,1
eicu,400,3,756,222,1613,34,2.1335978835978837,160,3.2941176470588234,0.5238095238095238,69.22628818534487,0.9637126911516783,0.05723524746248221,1
eicu,400,3,756,222,2066,33,2.732804232804233,160,3.393939393939394,0.5641025641025641,196.3019984197133,0.9857429589913462,0.03297807250952206,1
eicu,400,3,756,222,2066,34,2.732804232804233,160,3.2941176470588234,0.5641025641025641,102.57932335853039,0.9707543401362227,0.05109895085990657,1
eicu,400,1,756,756,811,33,1.0727513227513228,160,3.393939393939394,0.7105263157894737,23.104617913423464,0.95671860907862,0.030022249823637437,1
eicu,400,1,756,756,811,34,1.0727513227513228,160,3.2941176470588234,0.6923076923076923,45.929485158429,0.9782274938081582,-0.02385824400852632,0
eicu,400,2,756,317,1633,33,2.1600529100529102,160,3.393939393939394,0.625,62.6307677448599,0.9680668132929898,-0.0231041900620933,0
eicu,400,2,756,317,1633,34,2.1600529100529102,160,3.2941176470588234,0.6097560975609756,73.90403624160962,0.9729378786097483,-0.008882068938654453,0
eicu,400,3,756,221,1318,33,1.7433862433862435,160,3.393939393939394,0.4166666666666667,59.448091492241424,0.9470332373620118,-0.00794204187057801,0
eicu,400,3,756,221,1318,34,1.7433862433862435,160,3.2941176470588234,0.4166666666666667,59.64281918679255,0.9664621821932664,-0.03335749541406774,0
eicu,400,2,756,262,867,33,1.1468253968253967,160,3.393939393939394,0.6111111111111112,32.37186200421942,0.9382179499054051,0.03347623036404307,1
eicu,400,2,756,262,867,34,1.1468253968253967,160,3.2941176470588234,0.6388888888888888,25.525998834778107,0.947073570920874,0.05004422779804746,1
eicu,400,3,756,485,2076,33,2.746031746031746,160,3.393939393939394,0.5,80.09323557560249,0.9760018561090433,0.0376311351333688,1
eicu,400,3,756,485,2076,34,2.746031746031746,160,3.2941176470588234,0.5,158.12488315250823,0.9826542941833118,0.04284714565147102,1
eicu,400,1,756,756,856,33,1.1322751322751323,160,3.393939393939394,0.7027027027027027,10.154899475514794,0.7933272377746403,-0.04445141551289539,0
eicu,400,1,756,756,856,34,1.1322751322751323,160,3.2941176470588234,0.7428571428571429,13.47554607823172,0.91713797849772,0.02622739202897867,1
eicu,400,2,756,291,582,33,0.7698412698412699,160,3.393939393939394,0.6285714285714286,42.59667126418728,0.9626137965256162,0.032081143274892254,1
eicu,400,2,756,291,582,34,0.7698412698412699,160,3.2941176470588234,0.5833333333333334,42.28451205201789,0.9625719881742594,0.02702563029947902,1
eicu,400,2,756,284,2050,33,2.7116402116402116,160,3.393939393939394,0.6285714285714286,126.87383892792718,0.984173466434517,-0.05271044859469576,0
eicu,400,2,756,284,2050,34,2.7116402116402116,160,3.2941176470588234,0.6111111111111112,93.31027549561689,0.9758031791693587,-0.031246435464078237,0
eicu,403,4,485,221,1543,27,3.181443298969072,61,1.5925925925925926,0.41025641025641024,91.42533825664496,0.957856528040321,-0.16377571124560625,0
eicu,403,4,485,221,1543,32,3.181443298969072,61,1.34375,0.42105263157894735,41.52801515885748,0.9559130151124743,0.09856626880802516,1
eicu,403,4,485,222,1644,27,3.3896907216494845,61,1.5925925925925926,0.4634146341463415,189.32536739062778,0.9828404554152912,-0.005754523577516102,0
eicu,403,4,485,222,1644,32,3.3896907216494845,61,1.34375,0.4634146341463415,108.31265975547547,0.9747601381156863,0.09247782359897982,1
eicu,403,4,485,212,1718,27,3.5422680412371133,61,1.5925925925925926,0.3142857142857143,85.98554243307397,0.9726633284826874,0.012935694337298687,1
eicu,403,4,485,212,1718,32,3.5422680412371133,61,1.34375,0.275,34.636859753433335,0.9143364713051279,0.0065904586004340016,1
eicu,403,3,485,485,4288,27,8.841237113402062,61,1.5925925925925926,0.5263157894736842,230.14896862333703,0.9884987676289358,0.023325288850552295,1
eicu,403,3,485,485,4288,32,8.841237113402062,61,1.34375,0.5128205128205128,262.78333192851585,0.9903804915738886,0.12062662715347244,1
eicu,403,4,485,291,1254,27,2.5855670103092785,61,1.5925925925925926,0.625,110.86890375099158,0.9639213533762011,0.034143040725127194,1
eicu,403,4,485,291,1254,32,2.5855670103092785,61,1.34375,0.5277777777777778,142.34966386721544,0.9789251346403008,-0.0213954900829727,0
eicu,403,1,485,212,212,27,0.43711340206185567,61,1.5925925925925926,0.8709677419354839,27.65728311617635,0.9638431585705859,-0.08120546550846341,0
eicu,403,1,485,212,212,32,0.43711340206185567,61,1.34375,0.75,13.831266669547388,0.927700041949034,-0.02956823584106072,0
eicu,403,4,485,408,4959,27,10.224742268041236,61,1.5925925925925926,0.43902439024390244,107.7614374675996,0.9811612259600315,-0.002451589227157547,0
eicu,403,4,485,408,4959,32,10.224742268041236,61,1.34375,0.43902439024390244,69.15260004754809,0.9759163473063927,0.044992290302726334,1
eicu,403,4,485,214,3172,27,6.54020618556701,61,1.5925925925925926,0.5238095238095238,100.81054933130044,0.9608060526936969,-0.032473367197087266,0
eicu,403,4,485,214,3172,32,6.54020618556701,61,1.34375,0.5238095238095238,153.68714311669694,0.9814637125571317,0.08754071090328325,1
eicu,403,3,485,408,2049,27,4.224742268041237,61,1.5925925925925926,0.6060606060606061,97.72866600245457,0.9733658235782876,0.008427027844555013,1
eicu,403,3,485,408,2049,32,4.224742268041237,61,1.34375,0.5263157894736842,80.2749301576719,0.9750856214253727,0.022901277657898067,1
eicu,403,1,485,485,505,27,1.041237113402062,61,1.5925925925925926,0.9285714285714286,41.095982085139326,0.9756133223218882,-0.003172445185967321,0
eicu,403,1,485,485,505,32,1.041237113402062,61,1.34375,0.7878787878787878,49.8404270397741,0.9791431402851448,0.05046002635922667,1
eicu,403,1,485,368,368,27,0.7587628865979381,61,1.5925925925925926,0.9642857142857143,18.278207228956745,0.9452900392541902,-0.0981680409635331,0
eicu,403,1,485,368,368,32,0.7587628865979381,61,1.34375,0.8181818181818182,10.678866319775548,0.9063571010203433,0.125188224374862,1
eicu,403,2,485,295,1180,27,2.4329896907216493,61,1.5925925925925926,0.6129032258064516,83.37969902853638,0.979937764687056,0.032267626803812455,1
eicu,403,2,485,295,1180,32,2.4329896907216493,61,1.34375,0.5277777777777778,123.30793282714825,0.9826215169698178,0.07738186968965466,1
eicu,407,3,317,247,4074,29,12.85173501577287,32,0.7586206896551724,0.5,44.37726642951844,0.9586141664041619,-0.008496537606755616,0
eicu,407,3,317,247,4074,29,12.85173501577287,32,0.7586206896551724,0.5,55.93545024185257,0.9642444998412913,0.1303920749517587,1
eicu,407,3,317,212,1348,29,4.252365930599369,32,0.7586206896551724,0.5454545454545454,55.920423374094185,0.964483712647497,-0.000205559405877076,0
eicu,407,3,317,212,1348,29,4.252365930599369,32,0.7586206896551724,0.5454545454545454,92.09514539953524,0.9748676652388165,0.08976419160747434,1
eicu,407,3,317,212,1339,29,4.2239747634069404,32,0.7586206896551724,0.36363636363636365,19.169419281681073,0.9478335788212618,0.03947434800974109,1
eicu,407,3,317,212,1339,29,4.2239747634069404,32,0.7586206896551724,0.36363636363636365,22.780128841704602,0.9234877684576337,0.08396527527497827,1
eicu,407,4,317,312,2887,29,9.107255520504731,32,0.7586206896551724,0.5142857142857142,142.7738941310545,0.9710372538209091,0.08794804326706523,1
eicu,407,4,317,312,2887,29,9.107255520504731,32,0.7586206896551724,0.46153846153846156,111.26415109757605,0.9699223282985991,0.06705221761997657,1
eicu,407,2,317,295,986,29,3.110410094637224,32,0.7586206896551724,0.4878048780487805,38.10821637208561,0.9475178795965636,0.12079979302192878,1
eicu,407,2,317,295,986,29,3.110410094637224,32,0.7586206896551724,0.47619047619047616,27.15536264953227,0.9547337380106149,0.12610274456627463,1
eicu,407,4,317,297,1997,29,6.299684542586751,32,0.7586206896551724,0.5263157894736842,80.11479733528931,0.9625537341442097,-0.08585667486778698,0
eicu,407,4,317,297,1997,29,6.299684542586751,32,0.7586206896551724,0.5263157894736842,113.23948157073706,0.9709984367535651,0.08515242994977568,1
eicu,407,3,317,317,2175,29,6.861198738170347,32,0.7586206896551724,0.4634146341463415,36.74911170747195,0.9541411804461082,0.07450419289397486,1
eicu,407,3,317,317,2175,29,6.861198738170347,32,0.7586206896551724,0.4634146341463415,50.76345793784635,0.9761190684103188,0.08452872207285028,1
eicu,407,2,317,317,1844,29,5.817034700315458,32,0.7586206896551724,0.45454545454545453,17.207159503087844,0.916406426417467,0.011198906622171545,1
eicu,407,2,317,317,1844,29,5.817034700315458,32,0.7586206896551724,0.45454545454545453,27.83205120343787,0.9429290750189059,0.10867045272930748,1
eicu,407,4,317,284,1590,29,5.0157728706624605,32,0.7586206896551724,0.47368421052631576,52.38595540639238,0.9327936093452351,0.09786367496369491,1
eicu,407,4,317,284,1590,29,5.0157728706624605,32,0.7586206896551724,0.47368421052631576,76.18668010499675,0.9507599551710606,0.03079681052004496,1
eicu,407,2,317,317,697,29,2.1987381703470033,32,0.7586206896551724,0.7741935483870968,23.780174261498868,0.9348043699569902,-0.012792279930628259,0
eicu,407,2,317,317,697,29,2.1987381703470033,32,0.7586206896551724,0.7741935483870968,33.5338159900306,0.946719262448937,0.01332911116511748,1
eicu,407,1,317,317,856,29,2.7003154574132493,32,0.7586206896551724,0.9032258064516129,6.1791367843570875,0.7998061851858842,0.07883401940616808,1
eicu,407,1,317,317,856,29,2.7003154574132493,32,0.7586206896551724,0.8064516129032258,6.390841308464095,0.8435260786908306,0.0813350758992894,1
eicu,407,1,317,317,569,29,1.7949526813880126,32,0.7586206896551724,0.6774193548387096,6.713223648477924,0.8510402673346465,0.1039693228944984,1
eicu,407,1,317,317,569,29,1.7949526813880126,32,0.7586206896551724,0.6451612903225806,6.957324618231145,0.8359025250737901,0.1051261500536041,1
eicu,411,3,885,357,1344,19,1.5186440677966102,114,4.2105263157894735,0.5135135135135135,187.2629561270364,0.9837360794554287,-0.019122116133459433,0
eicu,411,3,885,357,1344,19,1.5186440677966102,114,4.2105263157894735,0.5135135135135135,89.86521948984792,0.9666166730907622,0.0735570136970782,1
eicu,411,2,885,501,3540,19,4.0,114,4.2105263157894735,0.5,111.08898325895318,0.9823775640490945,0.021131539918071096,1
eicu,411,2,885,501,3540,19,4.0,114,4.2105263157894735,0.475,92.699694047901,0.9784249557612722,0.09985309917808557,1
eicu,411,3,885,212,989,19,1.1175141242937854,114,4.2105263157894735,0.68,106.31343944319013,0.9713773446983911,0.0053943689871095435,1
eicu,411,3,885,212,989,19,1.1175141242937854,114,4.2105263157894735,0.5666666666666667,127.84738121300903,0.9775850904698753,0.021314702009150283,1
eicu,411,3,885,221,2379,19,2.688135593220339,114,4.2105263157894735,0.4411764705882353,122.34276710268276,0.9763650430214601,0.050801136022831095,1
eicu,411,3,885,221,2379,19,2.688135593220339,114,4.2105263157894735,0.39473684210526316,102.51644716648055,0.9788164275104756,0.0066888769068975396,1
eicu,411,4,885,284,1846,19,2.085875706214689,114,4.2105263157894735,0.47368421052631576,95.50853971788604,0.9769050016414595,0.006058196579189434,1
eicu,411,4,885,284,1846,19,2.085875706214689,114,4.2105263157894735,0.47368421052631576,54.40076590761896,0.9479146337879506,0.020757692825937757,1
eicu,411,3,885,221,1039,19,1.1740112994350282,114,4.2105263157894735,0.5,60.51080765774052,0.9543002048823994,0.0731092235614284,1
eicu,411,3,885,221,1039,19,1.1740112994350282,114,4.2105263157894735,0.4838709677419355,79.67837864972158,0.9639709245844862,0.08438396187598071,1
eicu,411,1,885,694,694,19,0.784180790960452,114,4.2105263157894735,0.6785714285714286,17.17375004985123,0.9417715992664827,0.01246166672093707,1
eicu,411,1,885,694,694,19,0.784180790960452,114,4.2105263157894735,0.6785714285714286,23.300335851312123,0.9570821636914866,0.024817149891165485,1
eicu,411,3,885,617,3743,19,4.229378531073446,114,4.2105263157894735,0.5,268.9382048384755,0.9911061283814742,0.039092616154561444,1
eicu,411,3,885,617,3743,19,4.229378531073446,114,4.2105263157894735,0.5,246.07021337800842,0.9881465333525767,0.09764688353057746,1
eicu,411,2,885,312,867,19,0.9796610169491525,114,4.2105263157894735,0.5806451612903226,47.69095920112859,0.9580633303774551,-0.013091348857250995,0
eicu,411,2,885,312,867,19,0.9796610169491525,114,4.2105263157894735,0.5806451612903226,59.073666557123495,0.9697708505705395,-0.03737727372687047,0
eicu,411,4,885,487,3107,19,3.5107344632768362,114,4.2105263157894735,0.5,71.44748087541483,0.9573384122791927,0.00862411078275116,1
eicu,411,4,885,487,3107,19,3.5107344632768362,114,4.2105263157894735,0.5294117647058824,66.45348664034343,0.959237832848311,0.03841835121227735,1
eicu,411,2,885,224,457,19,0.5163841807909605,114,4.2105263157894735,0.6428571428571429,39.05362402816566,0.9503143910082911,-0.04523190977414315,0
eicu,411,2,885,224,457,19,0.5163841807909605,114,4.2105263157894735,0.6428571428571429,74.8515830224554,0.9732804582182316,0.012687149105899298,1
eicu,411,1,885,214,214,19,0.24180790960451978,114,4.2105263157894735,0.6785714285714286,24.440254011727134,0.9590838949742433,-0.021788935413282584,0
eicu,411,1,885,214,214,19,0.24180790960451978,114,4.2105263157894735,0.7037037037037037,31.919695879490785,0.9686713807119157,0.03508598073942035,1
eicu,413,3,835,392,1564,19,1.8730538922155688,78,2.8947368421052633,0.5333333333333333,227.4757547100532,0.9868117813090723,-0.0277250135339272,0
eicu,413,3,835,392,1564,19,1.8730538922155688,78,2.8947368421052633,0.5333333333333333,171.2158606856991,0.9824782588015774,0.012285845314857213,1
eicu,413,2,835,357,780,19,0.9341317365269461,78,2.8947368421052633,0.6785714285714286,32.64185278277124,0.9387184365052961,0.009830402203674204,1
eicu,413,2,835,357,780,19,0.9341317365269461,78,2.8947368421052633,0.6785714285714286,44.764702145938685,0.9552991510039193,0.0034565309444075376,1
eicu,413,2,835,340,879,19,1.0526946107784432,78,2.8947368421052633,0.6129032258064516,50.39408759291919,0.9634258615534683,-0.020318199763911637,0
eicu,413,2,835,340,879,19,1.0526946107784432,78,2.8947368421052633,0.6129032258064516,21.04962654228239,0.9049864378361963,0.0589311026761247,1
eicu,413,2,835,724,3763,19,4.506586826347306,78,2.8947368421052633,0.6129032258064516,112.59394942135893,0.9822370561626236,-0.04413242211513507,0
eicu,413,2,835,724,3763,19,4.506586826347306,78,2.8947368421052633,0.6129032258064516,99.80129213066189,0.9799601792992664,0.01730177113549347,1
eicu,413,3,835,222,1039,19,1.244311377245509,78,2.8947368421052633,0.6129032258064516,96.44246985451166,0.9711285710254873,-0.00031146896099853993,0
eicu,413,3,835,222,1039,19,1.244311377245509,78,2.8947368421052633,0.5135135135135135,66.48382007413932,0.9697370254339447,0.08076325310696031,1
eicu,413,3,835,291,2497,19,2.990419161676647,78,2.8947368421052633,0.4827586206896552,162.6742061050144,0.9815582318068093,-0.039443975107911616,0
eicu,413,3,835,291,2497,19,2.990419161676647,78,2.8947368421052633,0.4827586206896552,269.32991235523116,0.9882507522052222,0.03826263583064535,1
eicu,413,2,835,221,514,19,0.615568862275449,78,2.8947368421052633,0.4838709677419355,32.61991898818239,0.9386689963529101,-0.01183143552297622,0
eicu,413,2,835,221,514,19,0.615568862275449,78,2.8947368421052633,0.5357142857142857,12.01034898023552,0.8329874766330971,0.018566559586171733,1
eicu,413,3,835,247,2564,19,3.0706586826347304,78,2.8947368421052633,0.46153846153846156,90.72150538698494,0.9727221021229083,-0.038536506082177624,0
eicu,413,3,835,247,2564,19,3.0706586826347304,78,2.8947368421052633,0.47368421052631576,123.37515363317016,0.9837892805714628,0.08389153447122655,1
eicu,413,2,835,332,2539,19,3.0407185628742517,78,2.8947368421052633,0.5588235294117647,112.23688833752516,0.983185022977585,-0.01979097089746265,0
eicu,413,2,835,332,2539,19,3.0407185628742517,78,2.8947368421052633,0.5428571428571428,96.34079395679724,0.9896201810372413,0.12584935790447963,1
eicu,413,1,835,835,856,19,1.0251497005988024,78,2.8947368421052633,0.5806451612903226,48.50918462114804,0.9793579984883242,-0.02678189329380809,0
eicu,413,1,835,835,856,19,1.0251497005988024,78,2.8947368421052633,0.6428571428571429,13.490035197421905,0.9249978853369212,0.09438719652853869,1
eicu,413,1,835,423,423,19,0.5065868263473053,78,2.8947368421052633,0.7037037037037037,7.941370107195295,0.8740771445604899,0.006384360237155828,1
eicu,413,1,835,423,423,19,0.5065868263473053,78,2.8947368421052633,0.7037037037037037,45.32839149483651,0.9779387715508521,0.028732136934977337,1
eicu,413,2,835,724,1807,19,2.1640718562874253,78,2.8947368421052633,0.47368421052631576,188.60682473372637,0.9893756069122939,-0.05891070862121553,0
eicu,413,2,835,724,1807,19,2.1640718562874253,78,2.8947368421052633,0.4864864864864865,104.7928135726389,0.9904573609018825,0.0019079538661303796,1
eicu,416,2,974,861,3900,36,4.0041067761806985,94,1.8333333333333333,0.5853658536585366,84.76678342467949,0.9811227848830197,-0.053058315214857266,0
eicu,416,2,974,861,3900,36,4.0041067761806985,94,1.8333333333333333,0.5853658536585366,98.8081140031257,0.9795092023991521,-0.03614649025523517,0
eicu,416,1,974,348,348,36,0.35728952772073924,94,1.8333333333333333,0.6666666666666666,27.798422106676878,0.9640238973081168,-0.0008132169278342039,0
eicu,416,1,974,348,348,36,0.35728952772073924,94,1.8333333333333333,0.6153846153846154,8.371013581054248,0.8804424581702437,0.03375441060415979,1
eicu,416,1,974,501,501,36,0.5143737166324436,94,1.8333333333333333,0.725,31.57954619163267,0.9683339338085561,-0.09883153581443407,0
eicu,416,1,974,501,501,36,0.5143737166324436,94,1.8333333333333333,0.775,27.71157167769106,0.9639139919008982,0.007138082431635107,1
eicu,416,4,974,446,3302,36,3.3901437371663246,94,1.8333333333333333,0.38095238095238093,98.14015673723861,0.9772044632656266,-0.06335224702984277,0
eicu,416,4,974,446,3302,36,3.3901437371663246,94,1.8333333333333333,0.40476190476190477,62.95878596792896,0.9580128772040832,-0.0041637832909033334,0
eicu,416,2,974,310,1121,36,1.1509240246406571,94,1.8333333333333333,0.6097560975609756,48.21832072253523,0.9611912573003327,-0.04216803934742114,0
eicu,416,2,974,310,1121,36,1.1509240246406571,94,1.8333333333333333,0.5853658536585366,34.62672059401638,0.9408236052109741,-0.010919466306748449,0
eicu,416,4,974,291,2300,36,2.3613963039014374,94,1.8333333333333333,0.4878048780487805,80.22776556504097,0.9554593330732626,-0.017308965682080846,0
eicu,416,4,974,291,2300,36,2.3613963039014374,94,1.8333333333333333,0.4634146341463415,85.01077760535861,0.9574343935939679,0.012042333761009438,1
eicu,416,2,974,578,1168,36,1.1991786447638604,94,1.8333333333333333,0.6097560975609756,94.36299224736949,0.9789046544515071,-0.10609714566507178,0
eicu,416,2,974,578,1168,36,1.1991786447638604,94,1.8333333333333333,0.6097560975609756,62.15422840894232,0.96782198007767,-0.030161054958098676,0
eicu,416,2,974,539,2100,36,2.1560574948665296,94,1.8333333333333333,0.5853658536585366,55.53670164749199,0.9692680419673642,-0.09160909425574354,0
eicu,416,2,974,539,2100,36,2.1560574948665296,94,1.8333333333333333,0.5853658536585366,76.75592136494367,0.9745790591610878,0.0019359524140563078,1
eicu,416,3,974,295,3107,36,3.1899383983572895,94,1.8333333333333333,0.55,77.5505795934948,0.98422808292456,-0.023091533421803145,0
eicu,416,3,974,295,3107,36,3.1899383983572895,94,1.8333333333333333,0.55,123.27269901292408,0.9807221450105588,0.015597842309816257,1
eicu,416,1,974,487,487,36,0.5,94,1.8333333333333333,0.5833333333333334,97.11540376370448,0.9897029723273031,0.0011360576736879069,1
eicu,416,1,974,487,487,36,0.5,94,1.8333333333333333,0.5833333333333334,40.73193070427587,0.9754492364415462,0.0036700423386116787,1
eicu,416,1,974,233,233,36,0.23921971252566734,94,1.8333333333333333,0.6388888888888888,22.755435716267147,0.956054456066287,-0.02490513223357055,0
eicu,416,1,974,233,233,36,0.23921971252566734,94,1.8333333333333333,0.6388888888888888,12.259120002814358,0.9184280764222532,-0.00014405316092475084,0
eicu,417,4,910,221,2640,21,2.901098901098901,116,3.857142857142857,0.5,81.13656850989477,0.9644653000297626,-0.012789606870801745,0
eicu,417,4,910,221,2640,21,2.901098901098901,116,3.857142857142857,0.5,90.3250110731579,0.9680329804914849,0.03274806820402343,1
eicu,417,4,910,224,1455,21,1.598901098901099,116,3.857142857142857,0.5,75.15844128737012,0.9467778516905749,0.04063254265837385,1
eicu,417,4,910,224,1455,21,1.598901098901099,116,3.857142857142857,0.5135135135135135,94.85839190406,0.9617569591607635,-0.0032744475271436757,0
eicu,417,4,910,284,5112,21,5.617582417582417,116,3.857142857142857,0.3870967741935484,136.0192327174325,0.9735913692209124,0.017862013762952655,1
eicu,417,4,910,284,5112,21,5.617582417582417,116,3.857142857142857,0.35294117647058826,133.6695428234764,0.9748797463250037,-0.11857803266163741,0
eicu,417,4,910,212,2777,21,3.0516483516483515,116,3.857142857142857,0.3076923076923077,92.06283376769586,0.976033757764689,-0.03680563019228478,0
eicu,417,4,910,212,2777,21,3.0516483516483515,116,3.857142857142857,0.3076923076923077,45.02821001456775,0.9644207343040616,0.08672950934152757,1
eicu,417,4,910,332,1630,21,1.7912087912087913,116,3.857142857142857,0.5526315789473685,167.8647686715145,0.9790903975156002,0.016563691947509396,1
eicu,417,4,910,332,1630,21,1.7912087912087913,116,3.857142857142857,0.5526315789473685,187.9926431424034,0.9862329654942235,0.006204221662096665,1
eicu,417,2,910,295,738,21,0.810989010989011,116,3.857142857142857,0.6176470588235294,42.49331828868961,0.9618500889250313,0.040055910127449135,1
eicu,417,2,910,295,738,21,0.810989010989011,116,3.857142857142857,0.6176470588235294,163.01507650765487,0.9887364585990599,-0.046865899701631186,0
eicu,417,4,910,501,3637,21,3.9967032967032967,116,3.857142857142857,0.5128205128205128,114.01332072473028,0.976112934896364,-0.005471981163924222,0
eicu,417,4,910,501,3637,21,3.9967032967032967,116,3.857142857142857,0.4878048780487805,103.79242505079527,0.9807785292478731,-0.00956514434605471,0
eicu,417,1,910,261,261,21,0.2868131868131868,116,3.857142857142857,0.9047619047619048,9.580800675439448,0.8956245898567207,-0.011803952971175508,0
eicu,417,1,910,261,261,21,0.2868131868131868,116,3.857142857142857,0.9047619047619048,10.401195036963303,0.9038572013652042,0.026927074311881016,1
eicu,417,4,910,247,2519,21,2.768131868131868,116,3.857142857142857,0.4864864864864865,202.74815866734687,0.9842922899636595,0.030841368073675324,1
eicu,417,4,910,247,2519,21,2.768131868131868,116,3.857142857142857,0.5806451612903226,96.64382886966236,0.9745238325926624,-0.055541366601930015,0
eicu,417,4,910,295,2746,21,3.0175824175824175,116,3.857142857142857,0.5405405405405406,108.60454906255976,0.9751728507100379,-0.05348338210611428,0
eicu,417,4,910,295,2746,21,3.0175824175824175,116,3.857142857142857,0.5714285714285714,124.82136588345645,0.9751401696409077,-0.007714928145986399,0
eicu,417,3,910,214,910,21,1.0,116,3.857142857142857,0.59375,61.33094512765123,0.9580532104154348,0.011614142339201217,1
eicu,417,3,910,214,910,21,1.0,116,3.857142857142857,0.59375,57.95922590906403,0.9631926386356335,0.0010932732741727458,1
eicu,417,1,910,756,756,21,0.8307692307692308,116,3.857142857142857,0.5882352941176471,84.88329535437751,0.9882188606976077,-0.02574306518463962,0
eicu,417,1,910,756,756,21,0.8307692307692308,116,3.857142857142857,0.5714285714285714,47.4667433920027,0.975868652636279,0.03648115568672383,1
eicu,420,2,2207,340,1411,28,0.6393294064340734,381,9.535714285714286,0.6111111111111112,117.80412328112232,0.9830226320948523,0.027060211925082733,1
eicu,420,2,2207,340,1411,28,0.6393294064340734,381,9.535714285714286,0.6111111111111112,123.03439235986761,0.98472709086341,0.054448054527729495,1
eicu,420,2,2207,865,1775,28,0.8042591753511554,381,9.535714285714286,0.41379310344827586,65.81038843059329,0.9808141369683346,0.04581755680810612,1
eicu,420,2,2207,865,1775,28,0.8042591753511554,381,9.535714285714286,0.41379310344827586,56.871275981382155,0.9805170009896231,0.037467804402923466,1
eicu,420,3,2207,437,2013,28,0.9120978704123244,381,9.535714285714286,0.5428571428571428,76.6423093761112,0.9770025275300733,-0.0532185225464199,0
eicu,420,3,2207,437,2013,28,0.9120978704123244,381,9.535714285714286,0.5428571428571428,139.146225564095,0.9821333120590833,-0.0282444514064496,0
eicu,420,3,2207,284,1742,28,0.7893067512460353,381,9.535714285714286,0.5789473684210527,93.57568541085772,0.9830200951893324,-0.2623167917900491,0
eicu,420,3,2207,284,1742,28,0.7893067512460353,381,9.535714285714286,0.5789473684210527,107.03402494838002,0.971930051535002,-0.25976997706578736,0
eicu,420,3,2207,348,1138,28,0.5156320797462619,381,9.535714285714286,0.5833333333333334,74.55348705035041,0.9630923388308217,-0.023368225616398064,0
eicu,420,3,2207,348,1138,28,0.5156320797462619,381,9.535714285714286,0.5833333333333334,49.97232607141027,0.9399667728952018,0.03372378356660366,1
eicu,420,1,2207,788,788,28,0.3570457634798369,381,9.535714285714286,0.6486486486486487,23.2221475660297,0.9548351003472751,-0.020413965935868084,0
eicu,420,1,2207,788,788,28,0.3570457634798369,381,9.535714285714286,0.6486486486486487,19.851564549741084,0.9473703704375709,-0.010425089674945931,0
eicu,420,3,2207,387,2132,28,0.966017217942909,381,9.535714285714286,0.525,79.78980273332141,0.9719046831011877,0.03208055266570259,1
eicu,420,3,2207,387,2132,28,0.966017217942909,381,9.535714285714286,0.525,122.28977985871731,0.9788708924067837,0.04309739967095316,1
eicu,420,1,2207,417,417,28,0.18894426823742638,381,9.535714285714286,0.7142857142857143,69.39305386166791,0.9855893357569555,-0.02679610903156493,0
eicu,420,1,2207,417,417,28,0.18894426823742638,381,9.535714285714286,0.7142857142857143,24.67779246188861,0.9594777368541226,0.006933143124312091,1
eicu,420,3,2207,437,2427,28,1.0996828273674673,381,9.535714285714286,0.6,172.52593329161215,0.9854887275458117,-0.02104371324376053,0
eicu,420,3,2207,437,2427,28,1.0996828273674673,381,9.535714285714286,0.6,225.2488268764938,0.9888626410587915,-0.0014024431178750185,0
eicu,420,2,2207,310,898,28,0.4068871771635705,381,9.535714285714286,0.5609756097560976,38.14040374592178,0.9611133695430016,-0.273133321923729,0
eicu,420,2,2207,310,898,28,0.4068871771635705,381,9.535714285714286,0.55,36.94149997741336,0.9498419322089056,-0.2553795332928553,0
eicu,420,3,2207,233,2397,28,1.0860897145446307,381,9.535714285714286,0.5142857142857142,117.72817293049873,0.9840839391154146,-0.039845666438984795,0
eicu,420,3,2207,233,2397,28,1.0860897145446307,381,9.535714285714286,0.5142857142857142,73.55563259559909,0.9713438626660195,-0.022840311459406848,0
eicu,420,2,2207,383,973,28,0.4408699592206615,381,9.535714285714286,0.5128205128205128,22.338522358201974,0.9192233371618805,0.004826510961202235,1
eicu,420,2,2207,383,973,28,0.4408699592206615,381,9.535714285714286,0.5128205128205128,32.11928552154903,0.9551542426385021,0.035969140595977944,1
eicu,421,4,284,212,1472,23,5.183098591549296,54,1.6521739130434783,0.625,163.6991680848844,0.9751331424427816,-0.057451733662475024,0
eicu,421,4,284,212,1472,23,5.183098591549296,54,1.6521739130434783,0.5405405405405406,120.71606980077951,0.9653160908306213,0.1747621933714556,1
eicu,421,2,284,221,1685,23,5.933098591549296,54,1.6521739130434783,0.5161290322580645,61.3843191127921,0.9674183891113127,-0.009019652707138448,0
eicu,421,2,284,221,1685,23,5.933098591549296,54,1.6521739130434783,0.45714285714285713,153.51305426980676,0.9869717920113498,0.11124281633632799,1
eicu,421,3,284,224,1703,23,5.996478873239437,54,1.6521739130434783,0.48717948717948717,63.585440044496266,0.9516634150419553,-0.006521898769581702,0
eicu,421,3,284,224,1703,23,5.996478873239437,54,1.6521739130434783,0.48717948717948717,121.42032609156476,0.975276991085599,0.2167027022793342,1
eicu,421,4,284,284,4419,23,15.559859154929578,54,1.6521739130434783,0.4523809523809524,98.6660389797455,0.9773922376222903,0.11117553118630419,1
eicu,421,4,284,284,4419,23,15.559859154929578,54,1.6521739130434783,0.4523809523809524,202.48851292147359,0.9844540898922765,0.2549641094913254,1
eicu,421,2,284,233,676,23,2.380281690140845,54,1.6521739130434783,0.7096774193548387,37.5379242565731,0.9467205488953004,0.01952973525790347,1
eicu,421,2,284,233,676,23,2.380281690140845,54,1.6521739130434783,0.7096774193548387,88.04531840555774,0.9772844253820797,0.12490654550616898,1
eicu,421,3,284,284,1097,23,3.862676056338028,54,1.6521739130434783,0.42857142857142855,38.97499757277455,0.9552752199247938,0.1069671751266924,1
eicu,421,3,284,284,1097,23,3.862676056338028,54,1.6521739130434783,0.42857142857142855,20.457154870607145,0.9358783657421101,0.15195645575398548,1
eicu,421,2,284,284,2612,23,9.19718309859155,54,1.6521739130434783,0.5526315789473685,100.03762918314612,0.9798860990580243,0.09564090724801011,1
eicu,421,2,284,284,2612,23,9.19718309859155,54,1.6521739130434783,0.5833333333333334,198.52487778295801,0.9901460035569809,0.201503760202987,1
eicu,421,3,284,224,2620,23,9.225352112676056,54,1.6521739130434783,0.47368421052631576,50.430810714518955,0.9438558012880592,0.033850820091839484,1
eicu,421,3,284,224,2620,23,9.225352112676056,54,1.6521739130434783,0.5,76.12542446534565,0.974723191381728,0.16537776634766582,1
eicu,421,1,284,284,383,23,1.3485915492957747,54,1.6521739130434783,0.6896551724137931,7.752161778299312,0.866967537243571,-0.1347049640827664,0
eicu,421,1,284,284,383,23,1.3485915492957747,54,1.6521739130434783,0.6896551724137931,44.34820258368617,0.9737877626662752,-0.013878404120002463,0
eicu,421,1,284,284,605,23,2.130281690140845,54,1.6521739130434783,0.6470588235294118,17.70808440002172,0.9434517438066914,0.10480454798464744,1
eicu,421,1,284,284,605,23,2.130281690140845,54,1.6521739130434783,0.6470588235294118,19.05870158057219,0.9475285862797471,0.24723602334962702,1
eicu,421,2,284,284,788,23,2.7746478873239435,54,1.6521739130434783,0.6774193548387096,23.252261752651428,0.913986861954539,-0.06112101828727906,0
eicu,421,2,284,284,788,23,2.7746478873239435,54,1.6521739130434783,0.6774193548387096,51.77633252668789,0.9720861595696054,0.06979837741112566,1
eicu,421,1,284,284,917,23,3.2288732394366195,54,1.6521739130434783,0.6363636363636364,22.834021050231847,0.9562056986020933,-0.06435642284785698,0
eicu,421,1,284,284,917,23,3.2288732394366195,54,1.6521739130434783,0.6363636363636364,25.721026694564614,0.9611213031316779,0.105266028609316,1
eicu,435,4,617,261,1974,28,3.19935170178282,93,2.3214285714285716,0.46153846153846156,121.1286215846176,0.9862501979956667,0.09291461187726807,1
eicu,435,4,617,261,1974,28,3.19935170178282,93,2.3214285714285716,0.46153846153846156,88.4938656591788,0.9739157390228627,-0.08823610492102907,0
eicu,435,3,617,291,1466,28,2.3760129659643434,93,2.3214285714285716,0.5588235294117647,123.90593832513481,0.9828857588738111,0.09810496862774637,1
eicu,435,3,617,291,1466,28,2.3760129659643434,93,2.3214285714285716,0.5588235294117647,74.65253210332986,0.9718998053762887,-0.05385193996036092,0
eicu,435,3,617,408,1488,28,2.4116693679092385,93,2.3214285714285716,0.525,96.69802247782211,0.9723313351756857,0.03688604199608292,1
eicu,435,3,617,408,1488,28,2.4116693679092385,93,2.3214285714285716,0.525,72.09356019526663,0.9664571938508065,-0.06874586177270081,0
eicu,435,2,617,437,1901,28,3.081037277147488,93,2.3214285714285716,0.5405405405405406,92.31837260921947,0.9802070372731834,0.08169687353671418,1
eicu,435,2,617,437,1901,28,3.081037277147488,93,2.3214285714285716,0.5405405405405406,84.36784780590907,0.9810223920813488,-0.06312344428290312,0
eicu,435,4,617,222,1139,28,1.8460291734197731,93,2.3214285714285716,0.5135135135135135,129.90198408621825,0.9736802233796664,0.13060803514216618,1
eicu,435,4,617,222,1139,28,1.8460291734197731,93,2.3214285714285716,0.5135135135135135,97.74992118427828,0.9626723580100642,-0.09806626872954893,0
eicu,435,4,617,329,4161,28,6.743922204213939,93,2.3214285714285716,0.5,139.46666701119716,0.9746786302914519,0.1307472660998173,1
eicu,435,4,617,329,4161,28,6.743922204213939,93,2.3214285714285716,0.5,129.92333622397308,0.9777822754527876,0.04677025641755611,1
eicu,435,3,617,212,983,28,1.593192868719611,93,2.3214285714285716,0.5789473684210527,54.803227631994986,0.961826348511787,0.027438186600420855,1
eicu,435,3,617,212,983,28,1.593192868719611,93,2.3214285714285716,0.6111111111111112,36.09374914686852,0.9318671335257612,-0.1212494669216046,0
eicu,435,2,617,387,1272,28,2.0615883306320906,93,2.3214285714285716,0.5,66.17789302517926,0.9814712375296439,-0.025226128746497267,0
eicu,435,2,617,387,1272,28,2.0615883306320906,93,2.3214285714285716,0.5,51.47985994481165,0.977403706391601,-0.0922406591582699,0
eicu,435,1,617,221,221,28,0.3581847649918963,93,2.3214285714285716,0.5294117647058824,20.903907201028296,0.9520493693267739,0.06131186100470093,1
eicu,435,1,617,221,221,28,0.3581847649918963,93,2.3214285714285716,0.5294117647058824,13.879033338898523,0.9244094146876105,-0.11337515528263759,0
eicu,435,3,617,295,2460,28,3.987034035656402,93,2.3214285714285716,0.5641025641025641,185.82222327083315,0.986919831999524,0.04956969846570125,1
eicu,435,3,617,295,2460,28,3.987034035656402,93,2.3214285714285716,0.5238095238095238,167.5566334860224,0.9827832263837186,-0.03555234911042798,0
eicu,435,1,617,617,1561,28,2.5299837925445705,93,2.3214285714285716,0.6842105263157895,40.43305432647891,0.9746696293881127,0.06952280488325802,1
eicu,435,1,617,617,1561,28,2.5299837925445705,93,2.3214285714285716,0.6756756756756757,15.925274170794436,0.9372067325638944,0.021400620853190666,1
eicu,435,1,617,310,310,28,0.5024311183144247,93,2.3214285714285716,0.6111111111111112,6.146271064186047,0.8371308552514247,0.06463178472645337,1
eicu,435,1,617,310,310,28,0.5024311183144247,93,2.3214285714285716,0.5833333333333334,24.77590188514371,0.9596381998671206,-0.06461267307233026,0
eicu,440,4,534,247,1358,25,2.5430711610486894,71,2.0,0.5641025641025641,74.06380108507548,0.962527066487141,0.04924415153020764,1
eicu,440,4,534,247,1358,26,2.5430711610486894,71,1.9230769230769231,0.5789473684210527,80.97118983589155,0.9562701584976101,-0.026127366368074667,0
eicu,440,1,534,357,357,25,0.6685393258426966,71,2.0,0.8571428571428571,26.603977174140848,0.962369059005632,0.045377185503672895,1
eicu,440,1,534,357,357,26,0.6685393258426966,71,1.9230769230769231,0.8275862068965517,7.339614376910859,0.861639963128576,-0.01625955906954879,0
eicu,440,4,534,295,1783,25,3.338951310861423,71,2.0,0.5757575757575758,128.7209474768814,0.9746623946322255,0.08460715799823235,1
eicu,440,4,534,295,1783,26,3.338951310861423,71,1.9230769230769231,0.5757575757575758,120.02060496189284,0.9764995027061061,0.019103407371198894,1
eicu,440,2,534,534,1267,25,2.3726591760299627,71,2.0,0.6153846153846154,46.52970753529294,0.9631005604991096,0.11552206426089737,1
eicu,440,2,534,534,1267,26,2.3726591760299627,71,1.9230769230769231,0.6,51.0537225995069,0.9705611201359076,-0.03578032231060091,0
eicu,440,2,534,212,1263,25,2.365168539325843,71,2.0,0.6551724137931034,28.663691040539337,0.9261482538120951,0.16016068185553398,1
eicu,440,2,534,212,1263,26,2.365168539325843,71,1.9230769230769231,0.6333333333333333,49.543113155389854,0.9596311197940451,0.07345356718664986,1
eicu,440,3,534,222,1762,25,3.299625468164794,71,2.0,0.59375,82.48253033030636,0.9630381236937995,0.07913162751676181,1
eicu,440,3,534,222,1762,26,3.299625468164794,71,1.9230769230769231,0.59375,65.3697166672458,0.9540832278697109,-0.020199343187536245,0
eicu,440,4,534,423,3141,25,5.882022471910112,71,2.0,0.475,47.15320216670071,0.9538774248904038,0.08894925667653253,1
eicu,440,4,534,423,3141,26,5.882022471910112,71,1.9230769230769231,0.4634146341463415,126.97601433495379,0.9835555817314829,-0.06679869810657858,0
eicu,440,4,534,233,2231,25,4.177902621722846,71,2.0,0.48717948717948717,102.64315858245425,0.9660583650746128,0.16127474186535654,1
eicu,440,4,534,233,2231,26,4.177902621722846,71,1.9230769230769231,0.4523809523809524,143.86593772371012,0.9757960964544685,0.01719721129613544,1
eicu,440,2,534,214,601,25,1.1254681647940075,71,2.0,0.6486486486486487,89.00835339478374,0.9801170190496846,0.07763730759518914,1
eicu,440,2,534,214,601,26,1.1254681647940075,71,1.9230769230769231,0.6486486486486487,60.75621873689154,0.9596843249995619,0.004799527589775282,1
eicu,440,1,534,262,262,25,0.49063670411985016,71,2.0,0.7857142857142857,9.047278090536569,0.8874660571990989,0.14723366917998273,1
eicu,440,1,534,262,262,26,0.49063670411985016,71,1.9230769230769231,0.7586206896551724,1.47959911333832,0.32409341483753656,0.04495274345633524,1
eicu,440,2,534,224,589,25,1.1029962546816479,71,2.0,0.7741935483870968,34.95112995307403,0.9427772434629371,0.05448900431029116,1
eicu,440,2,534,224,589,26,1.1029962546816479,71,1.9230769230769231,0.75,59.20947087110937,0.9662216201128749,0.009118527479668431,1
eicu,440,2,534,367,1252,25,2.344569288389513,71,2.0,0.4864864864864865,65.85638441608477,0.9702869184335217,0.12107870791872202,1
eicu,440,2,534,367,1252,26,2.344569288389513,71,1.9230769230769231,0.4864864864864865,56.36195726186382,0.9809521025069474,0.06689460826751098,1
eicu,443,1,1761,357,357,24,0.20272572402044292,287,8.375,0.7586206896551724,31.44886675776469,0.968140659327745,0.0008824838316582873,1
eicu,443,1,1761,357,357,24,0.20272572402044292,287,8.375,0.7586206896551724,13.5047223319493,0.9163438699034171,-0.018599196586336575,0
eicu,443,4,1761,367,4669,24,2.651334469051675,287,8.375,0.475,137.07076574728723,0.9707519713884938,0.07534862634920025,1
eicu,443,4,1761,367,4669,24,2.651334469051675,287,8.375,0.4634146341463415,135.16340346496494,0.9704061905999813,0.06381375549702656,1
eicu,443,4,1761,247,2808,24,1.594548551959114,287,8.375,0.4594594594594595,148.93005716847446,0.982613854061518,0.05103657614091661,1
eicu,443,4,1761,247,2808,24,1.594548551959114,287,8.375,0.4473684210526316,262.5523936255924,0.9873696623858624,0.023388143621979773,1
eicu,443,2,1761,297,664,24,0.37705848949460535,287,8.375,0.55,51.36157567899657,0.9609745204574991,0.04164899905337366,1
eicu,443,2,1761,297,664,24,0.37705848949460535,287,8.375,0.5789473684210527,55.79664568884856,0.9641157459983429,0.03945108552355964,1
eicu,443,3,1761,261,2877,24,1.6337308347529813,287,8.375,0.5277777777777778,104.32284528242451,0.976184838176539,0.050473047753824773,1
eicu,443,3,1761,261,2877,24,1.6337308347529813,287,8.375,0.5277777777777778,241.3991142042713,0.987572448184456,0.05212599998849854,1
eicu,443,4,1761,291,2715,24,1.5417376490630323,287,8.375,0.5757575757575758,97.650043493895,0.9662256909378444,0.03116888286774766,1
eicu,443,4,1761,291,2715,24,1.5417376490630323,287,8.375,0.6060606060606061,115.94655020362514,0.9655013452925059,0.015674966305627258,1
eicu,443,1,1761,1365,1365,24,0.7751277683134583,287,8.375,0.6388888888888888,246.9285784910051,0.9959502459937564,0.011402748374087945,1
eicu,443,1,1761,1365,1365,24,0.7751277683134583,287,8.375,0.6388888888888888,66.23951869803281,0.9849032719492012,-0.0012217725730842566,0
eicu,443,3,1761,674,2874,24,1.6320272572402044,287,8.375,0.475,170.98016243587335,0.9888642554339346,0.020121974260941866,1
eicu,443,3,1761,674,2874,24,1.6320272572402044,287,8.375,0.475,153.1377893493625,0.9854015865816432,0.0067148571551897684,1
eicu,443,3,1761,280,1481,24,0.8409994321408291,287,8.375,0.7777777777777778,139.7426593395043,0.9841321618491901,0.05995170189328036,1
eicu,443,3,1761,280,1481,24,0.8409994321408291,287,8.375,0.7777777777777778,142.37386975651765,0.9789287177125234,-0.010371031632728872,0
eicu,443,1,1761,262,262,24,0.14877910278250994,287,8.375,0.53125,9.152871761413078,0.8907446727030716,0.03237310669252541,1
eicu,443,1,1761,262,262,24,0.14877910278250994,287,8.375,0.53125,16.175444822476308,0.9381778979821026,0.012467930096533353,1
eicu,443,1,1761,293,293,24,0.16638273708120385,287,8.375,0.6666666666666666,17.050896530706787,0.9401078625986372,0.04837201235093197,1
eicu,443,1,1761,293,293,24,0.16638273708120385,287,8.375,0.75,6.512815690293122,0.8463770295402819,0.002335443352243005,1
eicu,443,2,1761,423,910,24,0.5167518455423055,287,8.375,0.6551724137931034,121.79464614473949,0.9835789169449762,-0.007501158054350199,0
eicu,443,2,1761,423,910,24,0.5167518455423055,287,8.375,0.6551724137931034,63.853084509739844,0.9725707040511444,-0.025897843521415137,0
eicu,444,4,569,569,4892,23,8.597539543057996,58,1.7826086956521738,0.4878048780487805,193.04768193048506,0.9826389660432545,-0.020084365878971056,0
eicu,444,4,569,569,4892,22,8.597539543057996,58,1.8636363636363635,0.4878048780487805,220.36451410690916,0.9837174646081939,0.09376665238232862,1
eicu,444,3,569,569,2883,23,5.066783831282953,58,1.7826086956521738,0.5675675675675675,106.14846374300257,0.9717376974266595,-0.010228016354302982,0
eicu,444,3,569,569,2883,22,5.066783831282953,58,1.8636363636363635,0.6,114.43810853516756,0.9778473235055902,0.09161074860978508,1
eicu,444,2,569,310,1675,23,2.9437609841827768,58,1.7826086956521738,0.55,31.555441532094548,0.948407645496792,-0.10878991360306056,0
eicu,444,2,569,310,1675,22,2.9437609841827768,58,1.8636363636363635,0.5,24.04932816238949,0.9160894710302259,-0.025746085159692067,0
eicu,444,4,569,329,1477,23,2.5957820738137083,58,1.7826086956521738,0.5,93.52962735569542,0.9561445250252707,-0.006281863064902415,0
eicu,444,4,569,329,1477,22,2.5957820738137083,58,1.8636363636363635,0.5,48.61878639288493,0.9514237828689225,0.039896316976855806,1
eicu,444,3,569,485,1934,23,3.398945518453427,58,1.7826086956521738,0.5121951219512195,89.04887615033988,0.974410017914518,-0.06576513897854658,0
eicu,444,3,569,485,1934,22,3.398945518453427,58,1.8636363636363635,0.5121951219512195,136.65991472714333,0.9815129259482736,0.1407335223718748,1
eicu,444,1,569,569,870,23,1.5289982425307558,58,1.7826086956521738,0.9166666666666666,13.953134330916724,0.922764422731347,-0.059410163445863196,0
eicu,444,1,569,569,870,22,1.5289982425307558,58,1.8636363636363635,0.9565217391304348,14.263839005160971,0.9298907565284327,0.054291903709678846,1
eicu,444,4,569,221,2407,23,4.230228471001757,58,1.7826086956521738,0.4166666666666667,63.026775358928376,0.9509754807551543,0.03211106485228099,1
eicu,444,4,569,221,2407,22,4.230228471001757,58,1.8636363636363635,0.4166666666666667,112.98526403253526,0.9674212805714372,0.06087723646974891,1
eicu,444,4,569,221,1805,23,3.172231985940246,58,1.7826086956521738,0.5483870967741935,127.41371269160886,0.9653363010244362,-0.01609156056061367,0
eicu,444,4,569,221,1805,22,3.172231985940246,58,1.8636363636363635,0.5666666666666667,50.293028680700274,0.9250395971354257,0.012630684717506058,1
eicu,444,4,569,224,2167,23,3.8084358523725834,58,1.7826086956521738,0.6129032258064516,94.71254763038905,0.9676893311886742,0.003527914696031642,1
eicu,444,4,569,224,2167,22,3.8084358523725834,58,1.8636363636363635,0.6129032258064516,151.33339615531733,0.973568292910742,0.10008914018104209,1
eicu,444,1,569,569,1226,23,2.154657293497364,58,1.7826086956521738,0.6785714285714286,30.453797516385087,0.9671633726643789,-0.041254680410422184,0
eicu,444,1,569,569,1226,22,2.154657293497364,58,1.8636363636363635,0.7407407407407407,8.271230486607546,0.8788372290825337,0.03361400178902607,1
eicu,444,1,569,291,291,23,0.5114235500878734,58,1.7826086956521738,0.9583333333333334,13.41777934830607,0.9254720193229109,-0.044766969490174724,0
eicu,444,1,569,291,291,22,0.5114235500878734,58,1.8636363636363635,0.9565217391304348,10.60906633483906,0.9056881246602362,0.08021521749972527,1
eicu,444,1,569,367,367,23,0.6449912126537786,58,1.7826086956521738,0.5675675675675675,11.007401742916194,0.9091520393862658,-0.032753202665466385,0
eicu,444,1,569,367,367,22,0.6449912126537786,58,1.8636363636363635,0.5833333333333334,28.46794429387759,0.9648727709427525,0.005465264801969072,1
eicu,449,4,1083,284,2931,33,2.706371191135734,159,3.3636363636363638,0.5135135135135135,100.2524265620118,0.9669989472309207,0.005519627719929088,1
eicu,449,4,1083,284,2931,33,2.706371191135734,159,3.3636363636363638,0.5135135135135135,102.56466020055075,0.9610002120401065,0.02246117608374426,1
eicu,449,2,1083,446,1302,33,1.2022160664819945,159,3.3636363636363638,0.48717948717948717,57.3026873900895,0.9650976229721139,0.009432695204772912,1
eicu,449,2,1083,446,1302,33,1.2022160664819945,159,3.3636363636363638,0.48717948717948717,44.373261542304164,0.954791921894332,0.0655266829279591,1
eicu,449,3,1083,262,1210,33,1.1172668513388735,159,3.3636363636363638,0.375,129.837629176387,0.9775713960341554,-0.02830987118318684,0
eicu,449,3,1083,262,1210,33,1.1172668513388735,159,3.3636363636363638,0.375,74.58432395944186,0.9719569653649511,0.0020781017636774535,1
eicu,449,4,1083,261,1996,33,1.843028624192059,159,3.3636363636363638,0.42105263157894735,179.24949351266955,0.9839427352039781,0.017959198460338555,1
eicu,449,4,1083,261,1996,33,1.843028624192059,159,3.3636363636363638,0.42105263157894735,159.09320004630172,0.982289302045605,0.05429937248952171,1
eicu,449,1,1083,261,261,33,0.2409972299168975,159,3.3636363636363638,0.4857142857142857,6.2336807126886224,0.8395811325458961,0.0006702627722775523,1
eicu,449,1,1083,261,261,33,0.2409972299168975,159,3.3636363636363638,0.4857142857142857,4.436258050045211,0.7745847990087482,0.014602998984597493,1
eicu,449,4,1083,284,4173,33,3.853185595567867,159,3.3636363636363638,0.5,95.0802100656444,0.9668366588975278,0.04558176981160755,1
eicu,449,4,1083,284,4173,33,3.853185595567867,159,3.3636363636363638,0.5,61.264726914007966,0.951032181956661,0.03887864979877592,1
eicu,449,2,1083,555,2142,33,1.9778393351800554,159,3.3636363636363638,0.5142857142857142,284.18534296082464,0.9933554924513919,0.008731031891981378,1
eicu,449,2,1083,555,2142,33,1.9778393351800554,159,3.3636363636363638,0.5142857142857142,180.57296150398707,0.9914400886921144,0.07261113282123388,1
eicu,449,2,1083,674,1509,33,1.3933518005540166,159,3.3636363636363638,0.47368421052631576,104.95540792552104,0.9824848973374567,0.025096059045515262,1
eicu,449,2,1083,674,1509,33,1.3933518005540166,159,3.3636363636363638,0.47368421052631576,32.57578714713642,0.9571191430212471,0.04027195414187201,1
eicu,449,1,1083,335,335,33,0.30932594644506,159,3.3636363636363638,0.6944444444444444,15.858597687299106,0.9369427221928402,-0.022806667108245054,0
eicu,449,1,1083,335,335,33,0.30932594644506,159,3.3636363636363638,0.6944444444444444,6.94712478278116,0.8560555580520799,-0.02497706759643986,0
eicu,449,1,1083,291,291,33,0.26869806094182824,159,3.3636363636363638,0.5833333333333334,24.63490231454405,0.9594071863069814,0.0003139234896333276,1
eicu,449,1,1083,291,291,33,0.26869806094182824,159,3.3636363636363638,0.5555555555555556,15.795140190715255,0.9275307763405038,0.015953134977553463,1
eicu,449,1,1083,1083,1761,33,1.626038781163435,159,3.3636363636363638,0.6285714285714286,67.76323527108796,0.9839695450506449,0.009521026594286108,1
eicu,449,1,1083,1083,1761,33,1.626038781163435,159,3.3636363636363638,0.6285714285714286,66.72675928643841,0.9847438641865202,0.0072236435280029765,1
eicu,449,1,1083,1083,1766,33,1.6306555863342567,159,3.3636363636363638,0.6,60.124779581317775,0.9833679223946673,0.012628357055569972,1
eicu,449,1,1083,1083,1766,33,1.6306555863342567,159,3.3636363636363638,0.6,72.06737922480858,0.9861240964947459,0.001805753421934897,1
eicu,452,4,367,214,1425,35,3.88283378746594,87,1.7428571428571429,0.475,73.47620989481928,0.9727803053142917,-0.041208287712819036,0
eicu,452,4,367,214,1425,35,3.88283378746594,87,1.7428571428571429,0.475,162.95064675754801,0.9785767012914489,0.054073039271096135,1
eicu,452,3,367,284,1299,35,3.5395095367847413,87,1.7428571428571429,0.5,83.95977639504093,0.9692578490534233,-0.04759966801736948,0
eicu,452,3,367,284,1299,35,3.5395095367847413,87,1.7428571428571429,0.5128205128205128,101.30236099149874,0.9720398241997454,0.03934849347241148,1
eicu,452,3,367,317,1587,35,4.32425068119891,87,1.7428571428571429,0.525,53.22873387398998,0.9436394634690731,-0.04677167584089437,0
eicu,452,3,367,317,1587,35,4.32425068119891,87,1.7428571428571429,0.5,43.71687721754746,0.9507356636154941,-0.031644906911922066,0
eicu,452,1,367,367,501,35,1.3651226158038148,87,1.7428571428571429,0.7,66.98858071862946,0.9849322177700748,-0.00863193223329961,0
eicu,452,1,367,367,501,35,1.3651226158038148,87,1.7428571428571429,0.7073170731707317,41.31351415987311,0.9757948453348644,0.043342111534172834,1
eicu,452,3,367,367,2586,35,7.046321525885559,87,1.7428571428571429,0.4878048780487805,144.96696448724737,0.9873871587993066,-0.11036874437223171,0
eicu,452,3,367,367,2586,35,7.046321525885559,87,1.7428571428571429,0.4878048780487805,133.33758950854747,0.9871045549986018,0.015940636117638796,1
eicu,452,1,367,367,578,35,1.5749318801089918,87,1.7428571428571429,0.7027027027027027,48.21412426579235,0.9789235211541811,-0.03250529715156791,0
eicu,452,1,367,367,578,35,1.5749318801089918,87,1.7428571428571429,0.65,48.27331827122382,0.9791353688186422,0.03760891463059146,1
eicu,452,3,367,291,1704,35,4.643051771117166,87,1.7428571428571429,0.5135135135135135,203.57916309113017,0.9874642112405729,-0.06069051534705683,0
eicu,452,3,367,291,1704,35,4.643051771117166,87,1.7428571428571429,0.475,165.11403299457857,0.9869061778981367,0.007633379775049798,1
eicu,452,3,367,367,3160,35,8.610354223433243,87,1.7428571428571429,0.45,159.8706272731824,0.9812348268648894,-0.07291893155837897,0
eicu,452,3,367,367,3160,35,8.610354223433243,87,1.7428571428571429,0.45,74.6166491220047,0.985003094675075,0.06139954224501326,1
eicu,452,4,367,214,2416,35,6.583106267029973,87,1.7428571428571429,0.525,68.69953160060383,0.9626601875812612,-0.013669150691064447,0
eicu,452,4,367,214,2416,35,6.583106267029973,87,1.7428571428571429,0.5121951219512195,80.80259679969147,0.9566975812603893,0.017249611371039142,1
eicu,452,1,367,367,487,35,1.326975476839237,87,1.7428571428571429,0.6,95.42173958397225,0.9895202078230823,-0.03379021997641973,0
eicu,452,1,367,367,487,35,1.326975476839237,87,1.7428571428571429,0.6,62.42743277563728,0.9839814011959458,0.07899668970895551,1
eicu,452,1,367,367,605,35,1.6485013623978202,87,1.7428571428571429,0.7894736842105263,25.56392004881789,0.9552143187220782,-0.045194378128551316,0
eicu,452,1,367,367,605,35,1.6485013623978202,87,1.7428571428571429,0.7894736842105263,25.544724521701863,0.9599033117038944,-0.02053053877306754,0
eicu,452,1,367,317,317,35,0.8637602179836512,87,1.7428571428571429,0.6410256410256411,6.0475507021170705,0.8346438005637672,-0.02798579172909288,0
eicu,452,1,367,317,317,35,0.8637602179836512,87,1.7428571428571429,0.6410256410256411,16.572731018456086,0.9396599148995807,-0.0383937231413613,0
eicu,458,4,1766,409,4779,23,2.706115515288788,289,8.782608695652174,0.5135135135135135,221.65024732554454,0.9858550598622883,0.033907323907777176,1
eicu,458,4,1766,409,4779,23,2.706115515288788,289,8.782608695652174,0.5135135135135135,200.02412104342187,0.9799369436313381,0.02060169233672171,1
eicu,458,4,1766,284,1907,23,1.079841449603624,289,8.782608695652174,0.5588235294117647,103.56383484617483,0.971032358888062,-0.009184262381918828,0
eicu,458,4,1766,284,1907,23,1.079841449603624,289,8.782608695652174,0.59375,104.51192613074191,0.9636259297827153,0.017071004793965616,1
eicu,458,2,1766,312,679,23,0.384484711211778,289,8.782608695652174,0.5526315789473685,113.55097479711247,0.9822638427013917,0.04269991825024594,1
eicu,458,2,1766,312,679,23,0.384484711211778,289,8.782608695652174,0.5526315789473685,91.22254937463453,0.9757519491682641,0.014938553217798023,1
eicu,458,3,1766,284,2300,23,1.3023782559456398,289,8.782608695652174,0.45454545454545453,56.58240670982234,0.9469799859276891,0.04541887833194008,1
eicu,458,3,1766,284,2300,23,1.3023782559456398,289,8.782608695652174,0.45454545454545453,29.762104924953125,0.9333722698539024,0.024971057733267965,1
eicu,458,3,1766,295,2376,23,1.345413363533409,289,8.782608695652174,0.5483870967741935,159.2011151797278,0.9846670479363411,0.03254195182291897,1
eicu,458,3,1766,295,2376,23,1.345413363533409,289,8.782608695652174,0.5483870967741935,113.28171495904084,0.9750539162930353,0.06494359028627944,1
eicu,458,4,1766,331,1585,23,0.8975084937712344,289,8.782608695652174,0.5625,244.09206666648237,0.985739515831733,-0.014281674864125404,0
eicu,458,4,1766,331,1585,23,0.8975084937712344,289,8.782608695652174,0.5806451612903226,73.76812495122391,0.9662808728858618,0.017399057453127698,1
eicu,458,2,1766,293,603,23,0.34144960362400906,289,8.782608695652174,0.5806451612903226,34.82457615707781,0.9654682043137262,0.0054922347928815785,1
eicu,458,2,1766,293,603,23,0.34144960362400906,289,8.782608695652174,0.5806451612903226,36.59566722325374,0.9453487215358338,-0.005260907826188543,0
eicu,458,2,1766,329,898,23,0.5084937712344281,289,8.782608695652174,0.6774193548387096,93.49330716465583,0.9811086376085492,0.04816958784369302,1
eicu,458,2,1766,329,898,23,0.5084937712344281,289,8.782608695652174,0.6774193548387096,24.871340578883427,0.9206286439438155,0.009627528175393751,1
eicu,458,2,1766,724,2311,23,1.3086070215175538,289,8.782608695652174,0.8461538461538461,146.68582139543693,0.9863654170459435,0.0366032405611324,1
eicu,458,2,1766,724,2311,23,1.3086070215175538,289,8.782608695652174,0.8461538461538461,139.27955435022014,0.9892580933486687,0.01758282840671682,1
eicu,458,3,1766,214,2756,23,1.5605889014722536,289,8.782608695652174,0.6363636363636364,83.99026027648401,0.9637969848788245,0.0374693452307539,1
eicu,458,3,1766,214,2756,23,1.5605889014722536,289,8.782608695652174,0.6363636363636364,46.878245052072046,0.9479769170872309,0.04865563718379495,1
eicu,458,2,1766,291,749,23,0.42412231030577574,289,8.782608695652174,0.7333333333333333,44.20682335243728,0.9553060426839776,0.0036257950991156473,1
eicu,458,2,1766,291,749,23,0.42412231030577574,289,8.782608695652174,0.7333333333333333,60.83242250117799,0.9683854974782046,-0.002815935323439822,0
eicu,458,1,1766,485,485,23,0.2746319365798415,289,8.782608695652174,0.7857142857142857,83.06818231566201,0.9879293420021117,-0.002688653348952408,0
eicu,458,1,1766,485,485,23,0.2746319365798415,289,8.782608695652174,0.6666666666666666,118.13768631149314,0.9895173884113506,-0.006423689939078658,0
eicu,459,3,233,233,5474,23,23.493562231759658,32,0.9565217391304348,0.625,53.96088394300037,0.9558490310917087,0.12718812627345955,1
eicu,459,3,233,233,5474,23,23.493562231759658,32,0.9565217391304348,0.625,106.07706697943398,0.9785775274889685,0.0690781108064406,1
eicu,459,1,233,233,443,23,1.9012875536480687,32,0.9565217391304348,0.7666666666666667,15.362119303225422,0.9349048148721224,0.1935732437232931,1
eicu,459,1,233,233,443,23,1.9012875536480687,32,0.9565217391304348,0.7666666666666667,34.86629822080062,0.9713190085833827,-0.007778124513748652,0
eicu,459,1,233,233,694,23,2.9785407725321886,32,0.9565217391304348,0.8214285714285714,17.049821633231947,0.9413483600291225,0.0645471783824555,1
eicu,459,1,233,233,694,23,2.9785407725321886,32,0.9565217391304348,0.8214285714285714,18.696047981845066,0.9465127602918512,0.09847126835703551,1
eicu,459,2,233,233,1351,23,5.798283261802575,32,0.9565217391304348,0.6875,35.05679681312212,0.9619865627273807,0.10778839765320364,1
eicu,459,2,233,233,1351,23,5.798283261802575,32,0.9565217391304348,0.6875,43.40362518645827,0.9539208996619943,0.0974280474706542,1
eicu,459,1,233,233,811,23,3.48068669527897,32,0.9565217391304348,0.71875,23.428100701955348,0.957316215568574,0.01847420864814331,1
eicu,459,1,233,233,811,23,3.48068669527897,32,0.9565217391304348,0.71875,5.08624940510907,0.8033914736867773,0.0077137562733730625,1
eicu,459,1,233,221,221,23,0.9484978540772532,32,0.9565217391304348,0.5666666666666667,32.73175125313964,0.969448625212069,0.2895689667272536,1
eicu,459,1,233,221,221,23,0.9484978540772532,32,0.9565217391304348,0.5666666666666667,4.2312152464159425,0.7636612789086891,-0.00282161788957791,0
eicu,459,2,233,233,1104,23,4.738197424892704,32,0.9565217391304348,0.8,37.01983088323715,0.9459444725829055,0.16659332182314374,1
eicu,459,2,233,233,1104,23,4.738197424892704,32,0.9565217391304348,0.8,71.33865904206232,0.9773263638266583,0.09429588070876888,1
eicu,459,2,233,233,3855,23,16.545064377682404,32,0.9565217391304348,0.5806451612903226,70.88723859602119,0.9756328646501314,0.15267170930353263,1
eicu,459,2,233,233,3855,23,16.545064377682404,32,0.9565217391304348,0.6129032258064516,55.19203413082837,0.9707184700050759,0.10891286214512402,1
eicu,459,1,233,233,408,23,1.7510729613733906,32,0.9565217391304348,0.7096774193548387,22.209004965343354,0.9549359567806021,-0.10200774786728775,0
eicu,459,1,233,233,408,23,1.7510729613733906,32,0.9565217391304348,0.7096774193548387,9.156996056004816,0.8906980987606848,0.07497493196579547,1
eicu,459,3,233,233,1355,23,5.815450643776824,32,0.9565217391304348,0.6129032258064516,68.13435843215879,0.963547602412828,0.054356512269130686,1
eicu,459,3,233,233,1355,23,5.815450643776824,32,0.9565217391304348,0.6129032258064516,57.476615909322675,0.9676583996080463,0.046471735385973545,1
eicu,459,1,233,233,423,23,1.815450643776824,32,0.9565217391304348,0.7857142857142857,6.372223568515318,0.8400024270900097,-0.06322653110783455,0
eicu,459,1,233,233,423,23,1.815450643776824,32,0.9565217391304348,0.7857142857142857,14.48183199347259,0.9305069968465015,0.11825856720683431,1
eicu,459,1,233,233,284,23,1.2188841201716738,32,0.9565217391304348,0.9166666666666666,12.087595960682533,0.9142229213664188,0.08500793793403422,1
eicu,459,1,233,233,284,23,1.2188841201716738,32,0.9565217391304348,0.9166666666666666,18.63790734959305,0.9449116993170492,0.12278680801004094,1
