dataset,target,n_partners,n_target,n_min,n_partner_total,d_target,ratio_partner_to_target,events_target,epv_target,schema_jaccard,q_median,i2_median,benefit,helped,loc_AUPRC,loc_Brier,loc_AUROC,loc_cal_slope,loc_cal_intercept,mrg_AUPRC,mrg_Brier,mrg_AUROC,mrg_cal_slope,mrg_cal_intercept
eicu_floor540,63,3,392,392,4448,27,11.346938775510203,43,1.1111111111111112,0.5609756097560976,67.16859664345034,0.9553023169998375,-0.028960085646329015,0,0.23455004046646802,0.07116328013462873,0.6764267990074442,0.48667754740903607,-0.09547156711415476,0.205589954820139,0.08942645081070864,0.6456575682382134,0.3227559147818561,-0.6632222848913838
eicu_floor540,63,3,392,392,4448,27,11.346938775510203,43,1.1111111111111112,0.5609756097560976,76.05891899422048,0.9660275355683248,0.2022214421092947,1,0.0899217552469494,0.08704920292995089,0.4838709677419355,0.010472665826123962,0.11754379780202144,0.2921431973562441,0.08021460044377651,0.741439205955335,0.5011337730502008,-0.7199926701456952
eicu_floor540,63,3,392,392,4448,27,11.346938775510203,43,1.1111111111111112,0.5609756097560976,87.44511774536534,0.9719430943791992,0.08212535119600528,1,0.2028521946022439,0.0717956104309995,0.6957816377171216,0.5255645787881379,-0.04465730744263942,0.2849775457982492,0.07995585326471027,0.6957816377171216,0.49949526953713036,-0.7615435521144118
eicu_floor540,63,4,392,392,2611,27,6.660714285714286,43,1.1111111111111112,0.5384615384615384,73.07733062253567,0.9622676933830145,0.009393145573297762,1,0.23455004046646802,0.07116328013462873,0.6764267990074442,0.48667754740903607,-0.09547156711415476,0.24394318603976578,0.09050331765948222,0.6937965260545906,0.57463836443515,-1.15902564078524
eicu_floor540,63,4,392,392,2611,27,6.660714285714286,43,1.1111111111111112,0.5121951219512195,99.8191244162243,0.9598462693206782,0.09521856535734158,1,0.0899217552469494,0.08704920292995089,0.4838709677419355,0.010472665826123962,0.11754379780202144,0.18514032060429098,0.08547391653383286,0.7116625310173698,0.49580154389338504,-0.8719455706977233
eicu_floor540,63,4,392,392,2611,27,6.660714285714286,43,1.1111111111111112,0.5121951219512195,122.76495264017043,0.9798394634652328,0.09152657231127742,1,0.2028521946022439,0.0717956104309995,0.6957816377171216,0.5255645787881379,-0.04465730744263942,0.29437876691352133,0.10036687266515966,0.7200992555831266,0.5516620027451311,-1.391927822756455
eicu_floor540,63,1,392,392,443,27,1.1301020408163265,43,1.1111111111111112,0.6285714285714286,16.23518804441125,0.9383767136908628,-0.0016723775044709122,0,0.23455004046646802,0.07116328013462873,0.6764267990074442,0.48667754740903607,-0.09547156711415476,0.2328776629619971,0.07759928185855765,0.6158808933002482,0.34800564104593285,-0.4813850289750886
eicu_floor540,63,1,392,392,443,27,1.1301020408163265,43,1.1111111111111112,0.6285714285714286,35.02245897359015,0.9707241344354032,0.037483374760988675,1,0.0899217552469494,0.08704920292995089,0.4838709677419355,0.010472665826123962,0.11754379780202144,0.12740513000793807,0.08166864437066376,0.656575682382134,0.2781091547295314,-0.09760809178736632
eicu_floor540,63,1,392,392,443,27,1.1301020408163265,43,1.1111111111111112,0.6285714285714286,44.022425667409465,0.9734052923493783,0.02671464923316738,1,0.2028521946022439,0.0717956104309995,0.6957816377171216,0.5255645787881379,-0.04465730744263942,0.2295668438354113,0.07335209668684259,0.6803970223325062,0.39658200964762436,-0.19168128424375008
eicu_floor540,63,3,392,392,2090,27,5.331632653061225,43,1.1111111111111112,0.78125,158.51036721315893,0.9810737931357782,-0.02419737845192696,0,0.23455004046646802,0.07116328013462873,0.6764267990074442,0.48667754740903607,-0.09547156711415476,0.21035266201454106,0.07933957464103027,0.5707196029776676,0.2916700312559986,-0.2714287164736838
eicu_floor540,63,3,392,392,2090,27,5.331632653061225,43,1.1111111111111112,0.78125,130.4083887479548,0.9846608125324066,0.09201779261146487,1,0.0899217552469494,0.08704920292995089,0.4838709677419355,0.010472665826123962,0.11754379780202144,0.18193954785841426,0.08118388323551243,0.5672456575682383,0.2613410416645615,-0.1461435881259301
eicu_floor540,63,3,392,392,2090,27,5.331632653061225,43,1.1111111111111112,0.78125,114.41425474667443,0.973779490967779,-0.0052580094776536745,0,0.2028521946022439,0.0717956104309995,0.6957816377171216,0.5255645787881379,-0.04465730744263942,0.19759418512459023,0.08117400465704697,0.620347394540943,0.3136659039246206,-0.22219368138364134
eicu_floor540,63,4,392,392,2571,27,6.558673469387755,43,1.1111111111111112,0.625,283.76012869305754,0.9859680115035004,-0.05327775412055771,0,0.23455004046646802,0.07116328013462873,0.6764267990074442,0.48667754740903607,-0.09547156711415476,0.1812722863459103,0.07928434590468061,0.605955334987593,0.33761176364111545,-0.274201863903894
eicu_floor540,63,4,392,392,2571,27,6.558673469387755,43,1.1111111111111112,0.625,192.66511186182595,0.9829685061768121,0.10443512337785554,1,0.0899217552469494,0.08704920292995089,0.4838709677419355,0.010472665826123962,0.11754379780202144,0.19435687862480494,0.08199317493923283,0.640198511166253,0.26881872645345384,-0.046399726317135875
eicu_floor540,63,4,392,392,2571,27,6.558673469387755,43,1.1111111111111112,0.625,159.81776809051803,0.9749714937970196,-0.011873579565893577,0,0.2028521946022439,0.0717956104309995,0.6957816377171216,0.5255645787881379,-0.04465730744263942,0.19097861503635033,0.08233234745825585,0.6421836228287842,0.3369431939753736,-0.352429040617803
eicu_floor540,63,1,392,392,588,27,1.5,43,1.1111111111111112,0.5365853658536586,16.150221819925793,0.9371693720040659,-0.14609781017753637,0,0.23455004046646802,0.07116328013462873,0.6764267990074442,0.48667754740903607,-0.09547156711415476,0.0970957989379042,0.08403043082018816,0.4287841191066998,-0.06780265345560253,0.7838726336989801
eicu_floor540,63,1,392,392,588,27,1.5,43,1.1111111111111112,0.5789473684210527,13.187487328815443,0.9241693640313728,-0.03675610722848779,0,0.0899217552469494,0.08704920292995089,0.4838709677419355,0.010472665826123962,0.11754379780202144,0.06110076949811647,0.08424224002880884,0.21910669975186106,-0.2789937778782218,1.102938830382643
eicu_floor540,63,1,392,392,588,27,1.5,43,1.1111111111111112,0.5641025641025641,16.446891276969993,0.93904989799568,-0.03668818282864958,0,0.2028521946022439,0.0717956104309995,0.6957816377171216,0.5255645787881379,-0.04465730744263942,0.10205421521597992,0.44603034072958797,0.5925558312655087,0.04149527231137966,-15.373404873488473
eicu_floor540,63,2,392,392,2334,27,5.954081632653061,43,1.1111111111111112,0.6428571428571429,35.45760507365425,0.950822689435852,-0.04866521901678786,0,0.23455004046646802,0.07116328013462873,0.6764267990074442,0.48667754740903607,-0.09547156711415476,0.18588482144968016,0.10245072477448922,0.6258064516129032,0.30449812553612543,-1.114192521971788
eicu_floor540,63,2,392,392,2334,27,5.954081632653061,43,1.1111111111111112,0.5806451612903226,37.75419840798244,0.947025759138429,0.047316449487428025,1,0.0899217552469494,0.08704920292995089,0.4838709677419355,0.010472665826123962,0.11754379780202144,0.13723820473437742,0.10113487379464073,0.6188585607940447,0.24207299538638422,-0.9680676805018819
eicu_floor540,63,2,392,392,2334,27,5.954081632653061,43,1.1111111111111112,0.6,17.86069912697441,0.8925213684471044,-0.06516831697303588,0,0.2028521946022439,0.0717956104309995,0.6957816377171216,0.5255645787881379,-0.04465730744263942,0.13768387762920803,0.10072673576517996,0.6024813895781638,0.2607710078400726,-1.0437419049448875
eicu_floor540,63,3,392,392,2174,27,5.545918367346939,43,1.1111111111111112,0.6129032258064516,53.94201066918537,0.9712386978942716,-0.027893686211671348,0,0.23455004046646802,0.07116328013462873,0.6764267990074442,0.48667754740903607,-0.09547156711415476,0.20665635425479667,0.07355541883165562,0.6223325062034739,0.4091290907947902,-0.15945064748375584
eicu_floor540,63,3,392,392,2174,27,5.545918367346939,43,1.1111111111111112,0.6129032258064516,27.868711537285016,0.9222451672971674,0.07578761679325666,1,0.0899217552469494,0.08704920292995089,0.4838709677419355,0.010472665826123962,0.11754379780202144,0.16570937204020605,0.07579815950706462,0.5533498759305211,0.22167571640605252,0.1790806157655726
eicu_floor540,63,3,392,392,2174,27,5.545918367346939,43,1.1111111111111112,0.6129032258064516,109.64091812041717,0.9726379525871433,-0.053862880800610746,0,0.2028521946022439,0.0717956104309995,0.6957816377171216,0.5255645787881379,-0.04465730744263942,0.14898931380163316,0.07906125000819285,0.5985111662531017,0.2733498051019512,-0.1984788160179789
eicu_floor540,63,3,392,392,1747,27,4.456632653061225,43,1.1111111111111112,0.7096774193548387,50.3061284122319,0.9498609590381529,-0.06556305885762034,0,0.23455004046646802,0.07116328013462873,0.6764267990074442,0.48667754740903607,-0.09547156711415476,0.16898698160884768,0.07923685169009571,0.5746898263027296,0.2786336971125613,-0.22802378916501334
eicu_floor540,63,3,392,392,1747,27,4.456632653061225,43,1.1111111111111112,0.6875,61.779874908287134,0.9564070557921268,0.08938132403555452,1,0.0899217552469494,0.08704920292995089,0.4838709677419355,0.010472665826123962,0.11754379780202144,0.1793030792825039,0.07745826097724837,0.6258064516129033,0.3471588575617613,0.08584326891346153
eicu_floor540,63,3,392,392,1747,27,4.456632653061225,43,1.1111111111111112,0.7096774193548387,51.04188879560363,0.9626497382203909,0.012151885448610206,1,0.2028521946022439,0.0717956104309995,0.6957816377171216,0.5255645787881379,-0.04465730744263942,0.2150040800508541,0.07339834524842231,0.678908188585608,0.49774319527063837,0.020276898561715134
eicu_floor540,63,1,392,392,1587,27,4.048469387755102,43,1.1111111111111112,0.75,11.652265472808317,0.9141797788306835,-0.1038389240307237,0,0.23455004046646802,0.07116328013462873,0.6764267990074442,0.48667754740903607,-0.09547156711415476,0.13071111643574432,0.0807316638580979,0.5409429280397022,0.1281034979226867,-0.097726073238626
eicu_floor540,63,1,392,392,1587,27,4.048469387755102,43,1.1111111111111112,0.75,30.29777087820807,0.9669942714921229,0.057526088329072855,1,0.0899217552469494,0.08704920292995089,0.4838709677419355,0.010472665826123962,0.11754379780202144,0.14744784357602225,0.07613329609465938,0.5885856079404467,0.27779811876877575,0.14742312570917365
eicu_floor540,63,1,392,392,1587,27,4.048469387755102,43,1.1111111111111112,0.75,7.893459395134435,0.8733128340893975,-0.016320266487080293,0,0.2028521946022439,0.0717956104309995,0.6957816377171216,0.5255645787881379,-0.04465730744263942,0.18653192811516361,0.07420253192800523,0.6327543424317618,0.40319473893847524,-0.24401193907351018
eicu_floor540,63,2,392,392,1839,27,4.691326530612245,43,1.1111111111111112,0.6756756756756757,165.71222385915019,0.9895545883602569,0.03135516057318746,1,0.23455004046646802,0.07116328013462873,0.6764267990074442,0.48667754740903607,-0.09547156711415476,0.2659052010396555,0.07505461814252325,0.6540942928039702,0.5759031357940873,-0.6931278111475484
eicu_floor540,63,2,392,392,1839,27,4.691326530612245,43,1.1111111111111112,0.6756756756756757,56.83341356490851,0.9662258335714218,0.16286395169347345,1,0.0899217552469494,0.08704920292995089,0.4838709677419355,0.010472665826123962,0.11754379780202144,0.25278570694042285,0.0692291008800298,0.757816377171216,0.8291102711113466,-0.26388472940267754
eicu_floor540,63,2,392,392,1839,27,4.691326530612245,43,1.1111111111111112,0.6756756756756757,76.31811067452816,0.9748977495012359,0.15160074454509576,1,0.2028521946022439,0.0717956104309995,0.6957816377171216,0.5255645787881379,-0.04465730744263942,0.35445293914733966,0.07308083731588753,0.739454094292804,0.6201679394445817,-0.8864604177316386
eicu_floor540,63,1,392,392,485,27,1.2372448979591837,43,1.1111111111111112,1.0,17.251747068843223,0.9420348561795224,0.0319811099266166,1,0.23455004046646802,0.07116328013462873,0.6764267990074442,0.48667754740903607,-0.09547156711415476,0.2665311503930846,0.07460942309676266,0.5965260545905707,0.41825365507318923,-0.5350360531431275
eicu_floor540,63,1,392,392,485,27,1.2372448979591837,43,1.1111111111111112,0.84375,19.57696836523426,0.9489195680687798,0.0352545842956114,1,0.0899217552469494,0.08704920292995089,0.4838709677419355,0.010472665826123962,0.11754379780202144,0.1251763395425608,0.08334406302945298,0.47394540942928043,0.010867509560982527,-0.2779570746316953
eicu_floor540,63,1,392,392,485,27,1.2372448979591837,43,1.1111111111111112,1.0,19.61696698461846,0.9490237200896503,0.08611032849865863,1,0.2028521946022439,0.0717956104309995,0.6957816377171216,0.5255645787881379,-0.04465730744263942,0.28896252310090254,0.06693813352006092,0.7081885856079404,0.8094237445549312,-0.34082782499965214
eicu_floor540,73,4,3039,691,4627,26,1.5225403093122738,293,7.884615384615385,0.6428571428571429,269.1794718616592,0.9893295272966378,0.04256880763397447,1,0.2517828151563735,0.05727962861972463,0.7655162738496073,0.9520414185920925,0.041769549451123905,0.294351622790348,0.057207187783807886,0.7988028432472878,0.852112498190357,-0.31347836528164086
eicu_floor540,73,4,3039,691,4627,26,1.5225403093122738,293,7.884615384615385,0.5625,154.27018388096846,0.9820201238403348,0.036743755834200975,1,0.3060086126302539,0.05501404359425176,0.8001496445940891,1.207910494252889,0.007819501139713641,0.3427523684644549,0.056869919242406156,0.8121118593340815,0.8930428357910565,-0.5594688132201249
eicu_floor540,73,4,3039,691,4627,26,1.5225403093122738,293,7.884615384615385,0.6206896551724138,108.05765019513623,0.9715794027672858,0.04126872719898805,1,0.2611283052138709,0.056727492340968334,0.7656098017209128,1.0812845493219472,0.05124270156263252,0.302397032412859,0.05686479215800057,0.7787130564908343,0.8884313735741726,-0.40106438463780547
eicu_floor540,73,3,3039,708,3028,26,0.9963803882856203,293,7.884615384615385,0.48717948717948717,83.596263531604,0.9773651452981417,0.04014894907085442,1,0.2517828151563735,0.05727962861972463,0.7655162738496073,0.9520414185920925,0.041769549451123905,0.29193176422722794,0.06011036677130211,0.7863729891507669,0.7597670679710536,-0.5401662661507846
eicu_floor540,73,3,3039,708,3028,26,0.9963803882856203,293,7.884615384615385,0.5277777777777778,155.31741307655508,0.982779304222104,0.03034300298398257,1,0.3060086126302539,0.05501404359425176,0.8001496445940891,1.207910494252889,0.007819501139713641,0.3363516156142365,0.05732146327715979,0.809072203516648,0.8726371332431845,-0.6320498498746046
eicu_floor540,73,3,3039,708,3028,26,0.9963803882856203,293,7.884615384615385,0.5135135135135135,81.30176873066836,0.98137386167679,0.05016454905889095,1,0.2611283052138709,0.056727492340968334,0.7656098017209128,1.0812845493219472,0.05124270156263252,0.3112928542727619,0.05985801081641967,0.7820239431350542,0.7597292138937901,-0.7162704265017573
eicu_floor540,73,3,3039,435,1964,26,0.646265218821981,293,7.884615384615385,0.48717948717948717,117.12437452250977,0.9797452594617565,0.050017401745726886,1,0.2517828151563735,0.05727962861972463,0.7655162738496073,0.9520414185920925,0.041769549451123905,0.3018002169021004,0.05972494058909395,0.7910306771417883,0.7314828522353829,-0.5377967013714869
eicu_floor540,73,3,3039,435,1964,26,0.646265218821981,293,7.884615384615385,0.48717948717948717,91.2866647498255,0.9791125291523286,0.09853987887188892,1,0.3060086126302539,0.05501404359425176,0.8001496445940891,1.207910494252889,0.007819501139713641,0.40454849150214284,0.05267995570872773,0.8219977553310887,1.0950760222127358,-0.5306756031081694
eicu_floor540,73,3,3039,435,1964,26,0.646265218821981,293,7.884615384615385,0.48717948717948717,63.00304328694216,0.9626317125439539,0.0690408710608651,1,0.2611283052138709,0.056727492340968334,0.7656098017209128,1.0812845493219472,0.05124270156263252,0.330169176274736,0.05720951216676976,0.8027310138421251,0.8356603148994718,-0.6580468365100257
eicu_floor540,73,2,3039,437,1347,26,0.4432379072063179,293,7.884615384615385,0.625,50.271620089010206,0.9801080610048092,0.0022848000895729914,1,0.2517828151563735,0.05727962861972463,0.7655162738496073,0.9520414185920925,0.041769549451123905,0.2540676152459465,0.060924410961387704,0.769668911335578,0.5240715357750676,-0.4344914532665962
eicu_floor540,73,2,3039,437,1347,26,0.4432379072063179,293,7.884615384615385,0.625,108.61033441385135,0.9815855460643446,-0.021529236629114157,0,0.3060086126302539,0.05501404359425176,0.8001496445940891,1.207910494252889,0.007819501139713641,0.28447937600113976,0.06061823169685315,0.7608024691358025,0.6132239578602361,-0.4861745352648201
eicu_floor540,73,2,3039,437,1347,26,0.4432379072063179,293,7.884615384615385,0.625,35.45212433898531,0.9571453035056486,-0.00787782131044601,0,0.2611283052138709,0.056727492340968334,0.7656098017209128,1.0812845493219472,0.05124270156263252,0.2532504839034249,0.05865843162881346,0.7407594463150018,0.6233846310035324,-0.27719597650015115
eicu_floor540,73,4,3039,408,4546,26,1.4958868048700231,293,7.884615384615385,0.45454545454545453,165.48980755902244,0.9840504854234198,0.002765191088595964,1,0.2517828151563735,0.05727962861972463,0.7655162738496073,0.9520414185920925,0.041769549451123905,0.2545480062449695,0.06022224068180959,0.7683782267115602,0.6076361792284579,-0.2821763869404753
eicu_floor540,73,4,3039,408,4546,26,1.4958868048700231,293,7.884615384615385,0.45454545454545453,114.45629431626526,0.9793535641862022,0.02000962506188586,1,0.3060086126302539,0.05501404359425176,0.8001496445940891,1.207910494252889,0.007819501139713641,0.3260182376921398,0.05653876644617933,0.7707257762813317,0.7019750079388611,-0.3362316522660782
eicu_floor540,73,4,3039,408,4546,26,1.4958868048700231,293,7.884615384615385,0.45454545454545453,88.85832488437207,0.9726224593592379,0.00205049697569043,1,0.2611283052138709,0.056727492340968334,0.7656098017209128,1.0812845493219472,0.05124270156263252,0.26317880218956136,0.05794933574271916,0.7196127946127946,0.6659496527911621,-0.16227587196369103
eicu_floor540,73,2,3039,458,1328,26,0.4369858506087529,293,7.884615384615385,0.7,78.22318213266578,0.9744321319400172,0.036162815337385024,1,0.2517828151563735,0.05727962861972463,0.7655162738496073,0.9520414185920925,0.041769549451123905,0.28794563049375854,0.056277574189818956,0.7766647961092406,0.8807120097626683,-0.025385543555715706
eicu_floor540,73,2,3039,458,1328,26,0.4369858506087529,293,7.884615384615385,0.7,37.44967355857947,0.946594995097312,-0.01396878386101652,0,0.3060086126302539,0.05501404359425176,0.8001496445940891,1.207910494252889,0.007819501139713641,0.2920398287692374,0.05683937170240425,0.7619248035914703,0.794719602763492,-0.13253572419345036
eicu_floor540,73,2,3039,458,1328,26,0.4369858506087529,293,7.884615384615385,0.7,94.0800567677376,0.9787415094259823,-0.006578355863809449,0,0.2611283052138709,0.056727492340968334,0.7656098017209128,1.0812845493219472,0.05124270156263252,0.2545499493500615,0.05749760906984493,0.747268986157875,0.8287216115415457,-0.00894463123227952
eicu_floor540,73,3,3039,383,1178,26,0.38762750904902926,293,7.884615384615385,0.6578947368421053,134.20449980045714,0.9776460550543344,-0.015270944577004564,0,0.2517828151563735,0.05727962861972463,0.7655162738496073,0.9520414185920925,0.041769549451123905,0.23651187057936895,0.060194934807297644,0.7079592218481108,0.4735905564890724,0.13639307945126053
eicu_floor540,73,3,3039,383,1178,26,0.38762750904902926,293,7.884615384615385,0.6578947368421053,103.21724079367937,0.9709350881991053,-0.004937245399126766,0,0.3060086126302539,0.05501404359425176,0.8001496445940891,1.207910494252889,0.007819501139713641,0.30107136723112715,0.056603394042063056,0.7136083052749719,0.5788717655806502,0.17152191601485253
eicu_floor540,73,3,3039,383,1178,26,0.38762750904902926,293,7.884615384615385,0.6578947368421053,47.04146492159556,0.936226475833605,-0.005957316301598903,0,0.2611283052138709,0.056727492340968334,0.7656098017209128,1.0812845493219472,0.05124270156263252,0.255170988912272,0.05755235074806492,0.6910867938645715,0.6528830698966857,0.29706914897366143
eicu_floor540,73,3,3039,383,1257,26,0.4136229022704837,293,7.884615384615385,0.5428571428571428,128.49620950332016,0.9766530078078102,0.020085818209037376,1,0.2517828151563735,0.05727962861972463,0.7655162738496073,0.9520414185920925,0.041769549451123905,0.2718686333654109,0.05847224124025703,0.7427890011223345,0.698888413804349,-0.13211313576354802
eicu_floor540,73,3,3039,383,1257,26,0.4136229022704837,293,7.884615384615385,0.5428571428571428,149.40686472850837,0.9799206013361476,0.007467281143295257,1,0.3060086126302539,0.05501404359425176,0.8001496445940891,1.207910494252889,0.007819501139713641,0.3134758937735492,0.055632958603237345,0.783342686120464,0.8376575802832602,-0.14887027222306054
eicu_floor540,73,3,3039,383,1257,26,0.4136229022704837,293,7.884615384615385,0.5428571428571428,48.13664526962921,0.9385640504812383,0.03954041737064129,1,0.2611283052138709,0.056727492340968334,0.7656098017209128,1.0812845493219472,0.05124270156263252,0.3006687225845122,0.055707511265786824,0.7490086045641601,0.847944932033051,-0.09615860980168298
eicu_floor540,73,4,3039,435,3419,26,1.1250411319512998,293,7.884615384615385,0.6451612903225806,234.34244848480975,0.9829309626750815,0.006384567613904046,1,0.2517828151563735,0.05727962861972463,0.7655162738496073,0.9520414185920925,0.041769549451123905,0.25816738277027756,0.058193295737883365,0.7611298166853723,0.6528931448210245,-0.2610542106078698
eicu_floor540,73,4,3039,435,3419,26,1.1250411319512998,293,7.884615384615385,0.6451612903225806,127.97064129500743,0.9842711096266307,0.02472585221911744,1,0.3060086126302539,0.05501404359425176,0.8001496445940891,1.207910494252889,0.007819501139713641,0.33073446484937136,0.05469043848615049,0.775579872802095,0.9898209114498897,-0.29479650335062774
eicu_floor540,73,4,3039,435,3419,26,1.1250411319512998,293,7.884615384615385,0.6451612903225806,145.3576625905535,0.972481670875052,0.016554569109481998,1,0.2611283052138709,0.056727492340968334,0.7656098017209128,1.0812845493219472,0.05124270156263252,0.2776828743233529,0.056442961505379835,0.7599139543583988,0.9520420263784792,-0.301558227919004
eicu_floor540,73,4,3039,555,3051,26,1.003948667324778,293,7.884615384615385,0.43902439024390244,106.58234386330241,0.9730807491577257,0.04251403453134944,1,0.2517828151563735,0.05727962861972463,0.7655162738496073,0.9520414185920925,0.041769549451123905,0.29429684968772296,0.05755308506667476,0.7998035914702583,0.7437073179768634,-0.12115397593028798
eicu_floor540,73,4,3039,555,3051,26,1.003948667324778,293,7.884615384615385,0.43902439024390244,104.31637876806946,0.9747357305988216,0.03464459241094858,1,0.3060086126302539,0.05501404359425176,0.8001496445940891,1.207910494252889,0.007819501139713641,0.3406532050412025,0.057739950993740304,0.7937616909839132,0.708229760978047,-0.4209417790833634
eicu_floor540,73,4,3039,555,3051,26,1.003948667324778,293,7.884615384615385,0.43902439024390244,105.25358764100598,0.9785854313192837,0.05605101221802017,1,0.2611283052138709,0.056727492340968334,0.7656098017209128,1.0812845493219472,0.05124270156263252,0.3171793174318911,0.055455429812178866,0.7732042648709315,0.7525334329474509,-0.14454129397770477
eicu_floor540,73,2,3039,1587,3348,26,1.1016781836130305,293,7.884615384615385,0.7241379310344828,206.50235002906481,0.9893996154235551,0.010883768594601662,1,0.2517828151563735,0.05727962861972463,0.7655162738496073,0.9520414185920925,0.041769549451123905,0.2626665837509752,0.056715155734490985,0.7535072951739619,1.021288605053855,-0.058536846470108095
eicu_floor540,73,2,3039,1587,3348,26,1.1016781836130305,293,7.884615384615385,0.7241379310344828,159.55624930526554,0.9895013415313159,0.008459849212350767,1,0.3060086126302539,0.05501404359425176,0.8001496445940891,1.207910494252889,0.007819501139713641,0.3144684618426047,0.054669188626896535,0.7993733632622522,1.212763362260528,-0.20172851940139286
eicu_floor540,73,2,3039,1587,3348,26,1.1016781836130305,293,7.884615384615385,0.7241379310344828,158.02943076235718,0.9901017580530186,0.012962982111125898,1,0.2611283052138709,0.056727492340968334,0.7656098017209128,1.0812845493219472,0.05124270156263252,0.2740912873249968,0.056201359188767196,0.7575196408529741,1.104619661033442,-0.1638853907274166
eicu_floor540,73,1,3039,534,534,26,0.175715695952616,293,7.884615384615385,0.8888888888888888,11.086919656998809,0.9095908146611216,0.02999017964009476,1,0.2517828151563735,0.05727962861972463,0.7655162738496073,0.9520414185920925,0.041769549451123905,0.2817729947964683,0.056595875055892475,0.79172278338945,0.9526068561612173,-0.21943033797879682
eicu_floor540,73,1,3039,534,534,26,0.175715695952616,293,7.884615384615385,0.8571428571428571,9.516543942110358,0.8886883531669826,-0.025427144039855465,0,0.3060086126302539,0.05501404359425176,0.8001496445940891,1.207910494252889,0.007819501139713641,0.28058146859039845,0.06765874357541689,0.7745978301533857,0.6510720108351198,-0.8444548605829932
eicu_floor540,73,1,3039,534,534,26,0.175715695952616,293,7.884615384615385,0.8888888888888888,15.825866717417792,0.9367792571612584,-0.0012386471995153303,0,0.2611283052138709,0.056727492340968334,0.7656098017209128,1.0812845493219472,0.05124270156263252,0.2598896580143556,0.06282070853615683,0.7663860830527497,0.7229735363825608,-0.6309740915128944
eicu_floor540,79,3,576,392,3127,38,5.428819444444445,84,1.5526315789473684,0.5121951219512195,57.330929290069264,0.9578861720262004,0.02876544151882937,1,0.17197836047997656,0.09573388676705788,0.6518918918918919,0.24173480969508143,-0.07089043897362135,0.20074380199880593,0.10675744362546966,0.6409009009009009,0.19433435652137732,-0.34367584519220795
eicu_floor540,79,3,576,392,3127,38,5.428819444444445,84,1.5526315789473684,0.5121951219512195,66.3162623883579,0.9641979518877702,0.08911602723172682,1,0.19793293284401484,0.09180071241985573,0.6223423423423424,0.36304686605242664,0.0749819158448738,0.28704896007574165,0.09336911188688196,0.7376576576576576,0.5362011593925803,-0.21463804611116177
eicu_floor540,79,3,576,392,3127,36,5.428819444444445,84,1.6388888888888888,0.5121951219512195,68.86955849255155,0.9552790184400388,0.0012144316808097855,1,0.1550006564865194,0.09645519540154912,0.6142342342342342,0.28720931818547585,0.04248605371127132,0.15621508816732918,0.11842924942342613,0.64,0.1406390410585711,-0.5040056031960324
eicu_floor540,79,4,576,504,3867,38,6.713541666666667,84,1.5526315789473684,0.475,86.22360291208149,0.9748704145172955,0.00011085396160853689,1,0.17197836047997656,0.09573388676705788,0.6518918918918919,0.24173480969508143,-0.07089043897362135,0.1720892144415851,0.11239609408338257,0.6572972972972972,0.30548434472501407,-0.524317448816053
eicu_floor540,79,4,576,504,3867,38,6.713541666666667,84,1.5526315789473684,0.4634146341463415,122.37973165188959,0.9857571170629431,0.06539746658728832,1,0.19793293284401484,0.09180071241985573,0.6223423423423424,0.36304686605242664,0.0749819158448738,0.26333039943130315,0.09169166428084062,0.7163963963963964,0.6158508664898316,-0.42917607017932863
eicu_floor540,79,4,576,504,3867,36,6.713541666666667,84,1.6388888888888888,0.475,74.0322724156672,0.9686816686633739,0.020763231189187686,1,0.1550006564865194,0.09645519540154912,0.6142342342342342,0.28720931818547585,0.04248605371127132,0.17576388767570708,0.10900345822136859,0.6836036036036037,0.38154109734238095,-0.5236501363576483
eicu_floor540,79,4,576,409,3127,38,5.428819444444445,84,1.5526315789473684,0.5,219.47332582023327,0.9860271806643092,-0.013485771698922844,0,0.17197836047997656,0.09573388676705788,0.6518918918918919,0.24173480969508143,-0.07089043897362135,0.1584925887810537,0.10722138095579847,0.6171171171171171,0.18933086055364018,-0.29123206799752865
eicu_floor540,79,4,576,409,3127,38,5.428819444444445,84,1.5526315789473684,0.5,223.10270241915532,0.9876403206575558,0.07463307833221819,1,0.19793293284401484,0.09180071241985573,0.6223423423423424,0.36304686605242664,0.0749819158448738,0.272566011176233,0.08851162480948345,0.665945945945946,0.5437865646093905,-0.08702883473935381
eicu_floor540,79,4,576,409,3127,36,5.428819444444445,84,1.6388888888888888,0.5,294.6817536920149,0.9864260343577954,0.02203355452815739,1,0.1550006564865194,0.09645519540154912,0.6142342342342342,0.28720931818547585,0.04248605371127132,0.17703421101467678,0.10235277580074909,0.6488288288288289,0.32670503489107716,-0.19275373917561758
eicu_floor540,79,2,576,446,2207,38,3.8315972222222223,84,1.5526315789473684,0.5121951219512195,99.6878102883717,0.9807685078884694,-0.002247855063371773,0,0.17197836047997656,0.09573388676705788,0.6518918918918919,0.24173480969508143,-0.07089043897362135,0.16973050541660478,0.10357297026329162,0.639099099099099,0.21966723584656778,-0.37416796043528994
eicu_floor540,79,2,576,446,2207,38,3.8315972222222223,84,1.5526315789473684,0.5121951219512195,38.40889085016411,0.9520382379519226,0.08543385272594903,1,0.19793293284401484,0.09180071241985573,0.6223423423423424,0.36304686605242664,0.0749819158448738,0.28336678556996386,0.08825058548810356,0.6542342342342342,0.5119662352182887,-0.037352965740892745
eicu_floor540,79,2,576,446,2207,36,3.8315972222222223,84,1.6388888888888888,0.5384615384615384,113.92544564747655,0.9823391939324895,0.05396221861129183,1,0.1550006564865194,0.09645519540154912,0.6142342342342342,0.28720931818547585,0.04248605371127132,0.20896287509781122,0.09714892266126532,0.6452252252252252,0.42687625678156144,-0.20773089177521672
eicu_floor540,79,3,576,576,2724,38,4.729166666666667,84,1.5526315789473684,0.4523809523809524,40.205981829376285,0.9506213594131856,-0.011393168727704184,0,0.17197836047997656,0.09573388676705788,0.6518918918918919,0.24173480969508143,-0.07089043897362135,0.16058519175227237,0.11769397139775781,0.6254054054054055,0.21596609153228727,-0.5876834623086797
eicu_floor540,79,3,576,576,2724,38,4.729166666666667,84,1.5526315789473684,0.4523809523809524,50.377156257544456,0.9496510394965341,0.06017411141152465,1,0.19793293284401484,0.09180071241985573,0.6223423423423424,0.36304686605242664,0.0749819158448738,0.2581070442555395,0.10495262160660908,0.6884684684684685,0.48724997318808794,-0.7534548348906889
eicu_floor540,79,3,576,576,2724,36,4.729166666666667,84,1.6388888888888888,0.4523809523809524,53.063066496286886,0.9721125651738431,0.008989357510045703,1,0.1550006564865194,0.09645519540154912,0.6142342342342342,0.28720931818547585,0.04248605371127132,0.1639900139965651,0.1391699311965372,0.6522522522522523,0.270436374564316,-1.1905982696841686
eicu_floor540,79,4,576,387,3260,38,5.659722222222222,84,1.5526315789473684,0.5365853658536586,127.63811129503122,0.9848855658207918,-0.0105152389570069,0,0.17197836047997656,0.09573388676705788,0.6518918918918919,0.24173480969508143,-0.07089043897362135,0.16146312152296965,0.10834176498984475,0.6389189189189188,0.255512415620798,-0.1558033450492429
eicu_floor540,79,4,576,387,3260,38,5.659722222222222,84,1.5526315789473684,0.5365853658536586,164.2374150893006,0.9820109279853948,0.12933403442185518,1,0.19793293284401484,0.09180071241985573,0.6223423423423424,0.36304686605242664,0.0749819158448738,0.32726696726587,0.09096867698562454,0.7315315315315316,0.5456336383773221,-0.30017506916198283
eicu_floor540,79,4,576,387,3260,36,5.659722222222222,84,1.6388888888888888,0.5365853658536586,176.6139077808403,0.9773517269944358,0.039491134661782,1,0.1550006564865194,0.09645519540154912,0.6142342342342342,0.28720931818547585,0.04248605371127132,0.1944917911483014,0.10843925202076253,0.6605405405405406,0.31547109519554695,-0.3627229895683136
eicu_floor540,79,4,576,423,5243,38,9.102430555555555,84,1.5526315789473684,0.4146341463414634,72.56730226260208,0.9791378063495031,-0.00437580926809597,0,0.17197836047997656,0.09573388676705788,0.6518918918918919,0.24173480969508143,-0.07089043897362135,0.16760255121188058,0.0988234313233581,0.6652252252252252,0.3613660029656698,0.10101224702798937
eicu_floor540,79,4,576,423,5243,38,9.102430555555555,84,1.5526315789473684,0.4146341463414634,122.95194284489723,0.9871471157612796,0.008574168449300368,1,0.19793293284401484,0.09180071241985573,0.6223423423423424,0.36304686605242664,0.0749819158448738,0.2065071012933152,0.09277278877598255,0.6830630630630631,0.4651157341391841,0.09953380166796744
eicu_floor540,79,4,576,423,5243,36,9.102430555555555,84,1.6388888888888888,0.4146341463414634,98.91979315485558,0.9713027778616836,0.052608856400721105,1,0.1550006564865194,0.09645519540154912,0.6142342342342342,0.28720931818547585,0.04248605371127132,0.2076095128872405,0.100121185169598,0.6457657657657658,0.36709591911983475,-0.059558848002902245
eicu_floor540,79,1,576,576,1756,38,3.048611111111111,84,1.5526315789473684,0.47368421052631576,85.21292416110374,0.9878506170528332,-0.019575630221498413,0,0.17197836047997656,0.09573388676705788,0.6518918918918919,0.24173480969508143,-0.07089043897362135,0.15240273025847814,0.1172082195292007,0.6291891891891892,0.19781001203690687,-0.5639036143169724
eicu_floor540,79,1,576,576,1756,38,3.048611111111111,84,1.5526315789473684,0.47368421052631576,93.03824635001804,0.9865115662107188,0.0013844952457320037,1,0.19793293284401484,0.09180071241985573,0.6223423423423424,0.36304686605242664,0.0749819158448738,0.19931742808974684,0.10470057926846353,0.6736936936936937,0.3556308575238061,-0.32711077533830374
eicu_floor540,79,1,576,576,1756,36,3.048611111111111,84,1.6388888888888888,0.5,48.18275512810757,0.9791967786953009,0.022808256131578553,1,0.1550006564865194,0.09645519540154912,0.6142342342342342,0.28720931818547585,0.04248605371127132,0.17780891261809795,0.12150310065303678,0.6288288288288288,0.23673053000270805,-0.5685629095154294
eicu_floor540,79,3,576,534,1980,38,3.4375,84,1.5526315789473684,0.6097560975609756,50.32186532613969,0.942865505069622,-0.029538848203410573,0,0.17197836047997656,0.09573388676705788,0.6518918918918919,0.24173480969508143,-0.07089043897362135,0.14243951227656598,0.106662227409827,0.614954954954955,0.19320498878351763,0.2158530272266753
eicu_floor540,79,3,576,534,1980,38,3.4375,84,1.5526315789473684,0.5853658536585366,73.50905262445706,0.9714855881208486,0.11578388676560944,1,0.19793293284401484,0.09180071241985573,0.6223423423423424,0.36304686605242664,0.0749819158448738,0.3137168196096243,0.08916653983370759,0.7518918918918919,0.5113173152085202,0.016838960741963994
eicu_floor540,79,3,576,534,1980,36,3.4375,84,1.6388888888888888,0.625,70.31623040529244,0.9668542508558695,0.06767704671563429,1,0.1550006564865194,0.09645519540154912,0.6142342342342342,0.28720931818547585,0.04248605371127132,0.2226777032021537,0.10741249680798683,0.6657657657657658,0.32703912295163573,-0.21228999420848102
eicu_floor540,79,2,576,423,1013,38,1.7586805555555556,84,1.5526315789473684,0.625,33.66298706668016,0.9440316438868783,-0.010309707480434083,0,0.17197836047997656,0.09573388676705788,0.6518918918918919,0.24173480969508143,-0.07089043897362135,0.16166865299954247,0.10051721620035996,0.6317117117117117,0.25942777552443186,0.18651062853005013
eicu_floor540,79,2,576,423,1013,38,1.7586805555555556,84,1.5526315789473684,0.6410256410256411,32.26874881450583,0.9380113620193786,0.1269367116321721,1,0.19793293284401484,0.09180071241985573,0.6223423423423424,0.36304686605242664,0.0749819158448738,0.32486964447618694,0.08515221791123763,0.7554954954954956,0.6651115401468741,0.08673359637877996
eicu_floor540,79,2,576,423,1013,36,1.7586805555555556,84,1.6388888888888888,0.6410256410256411,70.20747441579543,0.9708911174746179,0.020421383941232468,1,0.1550006564865194,0.09645519540154912,0.6142342342342342,0.28720931818547585,0.04248605371127132,0.17542204042775186,0.1000099327085275,0.6504504504504505,0.34820268687871964,-0.01778428118665942
eicu_floor540,79,1,576,576,1083,38,1.8802083333333333,84,1.5526315789473684,0.775,22.43258690251559,0.9554219937118416,0.013858191268846048,1,0.17197836047997656,0.09573388676705788,0.6518918918918919,0.24173480969508143,-0.07089043897362135,0.1858365517488226,0.10817279964091074,0.695855855855856,0.40527370512445676,-0.587524678391267
eicu_floor540,79,1,576,576,1083,38,1.8802083333333333,84,1.5526315789473684,0.775,15.364307800374984,0.9349140870520966,0.09124887080650321,1,0.19793293284401484,0.09180071241985573,0.6223423423423424,0.36304686605242664,0.0749819158448738,0.28918180365051804,0.08976017015998448,0.7025225225225226,0.6179546696886152,-0.3405177336410795
eicu_floor540,79,1,576,576,1083,36,1.8802083333333333,84,1.6388888888888888,0.7692307692307693,21.597647361746795,0.9536730892154331,0.021006197773908386,1,0.1550006564865194,0.09645519540154912,0.6142342342342342,0.28720931818547585,0.04248605371127132,0.17600685426042778,0.10687479446294232,0.6702702702702703,0.4112310086235644,-0.5132706154436966
eicu_floor540,110,3,865,423,4079,13,4.715606936416185,96,5.153846153846154,0.36363636363636365,49.20071500960752,0.9549282690330317,0.022492796148804978,1,0.1822885949843396,0.07150479818933587,0.7136825173419121,0.6080456766254073,0.20270589012015894,0.20478139113314459,0.0724088890450042,0.7534432492208706,0.628444290318244,0.023720142949712652
eicu_floor540,110,3,865,423,4079,13,4.715606936416185,96,5.153846153846154,0.36363636363636365,24.69186576171214,0.9279732109124812,0.044805467890032424,1,0.34925065581820025,0.06155126100255479,0.7944103749874334,1.1193223392719658,0.09041381958229706,0.3940561237082327,0.05913555501243519,0.8579471197345934,1.310331370455438,0.11092066002725257
eicu_floor540,110,3,865,423,4079,13,4.715606936416185,96,5.153846153846154,0.36363636363636365,36.32133914649083,0.9418783482481291,0.1351476061487915,1,0.19615500164690586,0.07264689262637146,0.6997587212224792,0.5385399016809214,0.1340023801730242,0.33130260779569737,0.06364295293165498,0.7689253041117925,0.9033761001562767,0.11782806192417881
eicu_floor540,110,3,865,504,1836,13,2.122543352601156,96,5.153846153846154,0.3,145.1931210508132,0.9852146836540348,0.061852398837095535,1,0.1822885949843396,0.07150479818933587,0.7136825173419121,0.6080456766254073,0.20270589012015894,0.24414099382143514,0.06766618203841532,0.7575148285915351,0.8427438074904883,-0.17617677737993867
eicu_floor540,110,3,865,504,1836,13,2.122543352601156,96,5.153846153846154,0.3,91.97448385247444,0.9781175032823604,0.01347792751889565,1,0.34925065581820025,0.06155126100255479,0.7944103749874334,1.1193223392719658,0.09041381958229706,0.3627285833370959,0.06250137455331303,0.8199457122750579,1.6629025237919588,0.0028106545876314362
eicu_floor540,110,3,865,504,1836,13,2.122543352601156,96,5.153846153846154,0.3157894736842105,68.53050574854502,0.9812502237930967,0.06830136060304914,1,0.19615500164690586,0.07264689262637146,0.6997587212224792,0.5385399016809214,0.1340023801730242,0.264456362249955,0.06826576051392434,0.7399215843973057,0.7716013951360249,-0.27619516216978357
eicu_floor540,110,4,865,408,2446,13,2.827745664739884,96,5.153846153846154,0.36363636363636365,202.83462253099813,0.9828127674588245,0.05256470065652635,1,0.1822885949843396,0.07150479818933587,0.7136825173419121,0.6080456766254073,0.20270589012015894,0.23485329564086596,0.06889327545294698,0.7379611943299487,0.6607242635028175,0.16168894058398334
eicu_floor540,110,4,865,408,2446,13,2.827745664739884,96,5.153846153846154,0.36363636363636365,228.6002571773716,0.9841096726513128,0.10814768153576121,1,0.34925065581820025,0.06155126100255479,0.7944103749874334,1.1193223392719658,0.09041381958229706,0.45739833735396146,0.056837063088619307,0.8415602694279684,1.3408812367597744,0.16645282449374818
eicu_floor540,110,4,865,408,2446,13,2.827745664739884,96,5.153846153846154,0.36363636363636365,232.46336197294698,0.9880345925723696,0.10822318874776032,1,0.19615500164690586,0.07264689262637146,0.6997587212224792,0.5385399016809214,0.1340023801730242,0.3043781903946662,0.06481613648664386,0.7758620689655171,0.7974133523316647,0.0839441932759794
eicu_floor540,110,4,865,387,2060,13,2.3815028901734103,96,5.153846153846154,0.2857142857142857,175.88409246355178,0.9800269591263475,0.08444140849376339,1,0.1822885949843396,0.07150479818933587,0.7136825173419121,0.6080456766254073,0.20270589012015894,0.266730003478103,0.06704718119817822,0.7818437719915552,0.7819543906995291,0.3950627907742958
eicu_floor540,110,4,865,387,2060,13,2.3815028901734103,96,5.153846153846154,0.2857142857142857,60.70991401470998,0.9726162779346994,0.04632964014515373,1,0.34925065581820025,0.06155126100255479,0.7944103749874334,1.1193223392719658,0.09041381958229706,0.395580295963354,0.05934246670246602,0.8581481853825275,1.2540035022140947,0.07809778010502073
eicu_floor540,110,4,865,387,2060,13,2.3815028901734103,96,5.153846153846154,0.2857142857142857,125.75448510806876,0.9798859019402288,0.09209493353950737,1,0.19615500164690586,0.07264689262637146,0.6997587212224792,0.5385399016809214,0.1340023801730242,0.28824993518641323,0.06706506554092226,0.7768171307932039,0.8051375211966367,0.11574942321099681
eicu_floor540,110,3,865,387,1359,13,1.5710982658959538,96,5.153846153846154,0.3076923076923077,106.9214652400173,0.9806420032401855,0.03135571242412527,1,0.1822885949843396,0.07150479818933587,0.7136825173419121,0.6080456766254073,0.20270589012015894,0.21364430740846488,0.07015092392630609,0.7161455715291043,0.5955148775981791,0.20495066359030878
eicu_floor540,110,3,865,387,1359,13,1.5710982658959538,96,5.153846153846154,0.3076923076923077,57.601191836720645,0.9655566804120697,-0.01266146047297173,0,0.34925065581820025,0.06155126100255479,0.7944103749874334,1.1193223392719658,0.09041381958229706,0.3365891953452285,0.06419103928794746,0.8240675580577058,0.8763580660248627,-0.04163211670620646
eicu_floor540,110,3,865,387,1359,13,1.5710982658959538,96,5.153846153846154,0.3076923076923077,61.80381782899089,0.9678180502356939,0.10300754228767922,1,0.19615500164690586,0.07264689262637146,0.6997587212224792,0.5385399016809214,0.1340023801730242,0.2991625439345851,0.06556246142689473,0.7879260078415603,0.7910630433056335,0.02425678938303999
eicu_floor540,110,2,865,417,1173,13,1.3560693641618498,96,5.153846153846154,0.3076923076923077,40.170590127685614,0.9709704055310914,0.04121833594184429,1,0.1822885949843396,0.07150479818933587,0.7136825173419121,0.6080456766254073,0.20270589012015894,0.2235069309261839,0.06879569670615843,0.7776213933849402,0.7702076848291526,-0.013647623173756037
eicu_floor540,110,2,865,417,1173,13,1.3560693641618498,96,5.153846153846154,0.3076923076923077,22.8737387416788,0.9522684419500888,0.06848706388170617,1,0.34925065581820025,0.06155126100255479,0.7944103749874334,1.1193223392719658,0.09041381958229706,0.4177377196999064,0.06097971168155734,0.824369156529607,1.5489772924178613,0.15162059820932544
eicu_floor540,110,2,865,417,1173,13,1.3560693641618498,96,5.153846153846154,0.3076923076923077,52.15085881700243,0.9782105818091815,0.12025227559661061,1,0.19615500164690586,0.07264689262637146,0.6997587212224792,0.5385399016809214,0.1340023801730242,0.31640727724351647,0.06547835495302913,0.7778224590328743,0.7960636989833441,-0.20682883282559603
eicu_floor540,110,2,865,417,2624,13,3.0335260115606935,96,5.153846153846154,0.3333333333333333,80.96831271803259,0.985589335756956,0.11278279241114561,1,0.1822885949843396,0.07150479818933587,0.7136825173419121,0.6080456766254073,0.20270589012015894,0.2950713873954852,0.06484917326800159,0.7830501658791594,0.9152012815546371,-0.3329503766390722
eicu_floor540,110,2,865,417,2624,13,3.0335260115606935,96,5.153846153846154,0.3333333333333333,52.556347459779026,0.9809728025570024,0.06827248128636487,1,0.34925065581820025,0.06155126100255479,0.7944103749874334,1.1193223392719658,0.09041381958229706,0.4175231371045651,0.059757396993682044,0.852920478536242,1.1104905950881563,-0.4435735556536849
eicu_floor540,110,2,865,417,2624,13,3.0335260115606935,96,5.153846153846154,0.34285714285714286,64.578656363019,0.9845150076462004,0.15477358857569673,1,0.19615500164690586,0.07264689262637146,0.6997587212224792,0.5385399016809214,0.1340023801730242,0.3509285902226026,0.06337816349492646,0.8057705840957073,0.8998139619259721,-0.42722015240166533
eicu_floor540,110,4,865,487,3728,13,4.309826589595375,96,5.153846153846154,0.3333333333333333,140.18540096912193,0.9816227737663628,0.10076757489658236,1,0.1822885949843396,0.07150479818933587,0.7136825173419121,0.6080456766254073,0.20270589012015894,0.28305616988092197,0.06600274396172506,0.7843068261787473,0.8454054293274644,-0.024166920977483488
eicu_floor540,110,4,865,487,3728,13,4.309826589595375,96,5.153846153846154,0.3333333333333333,144.37197096560354,0.9780825490407896,0.08367174049169745,1,0.34925065581820025,0.06155126100255479,0.7944103749874334,1.1193223392719658,0.09041381958229706,0.4329223963098977,0.057229364637411545,0.8599577762139339,1.1890167813207029,-0.13534836447170337
eicu_floor540,110,4,865,487,3728,13,4.309826589595375,96,5.153846153846154,0.3333333333333333,120.71697402942803,0.9839235426908584,0.10274437858596447,1,0.19615500164690586,0.07264689262637146,0.6997587212224792,0.5385399016809214,0.1340023801730242,0.2988993802328703,0.06681434334870172,0.7424851714084648,0.6290363412538481,-0.18125332096717758
eicu_floor540,110,1,865,555,555,13,0.6416184971098265,96,5.153846153846154,0.4444444444444444,12.38648365981653,0.9188657218572176,-0.01834656301855081,0,0.1822885949843396,0.07150479818933587,0.7136825173419121,0.6080456766254073,0.20270589012015894,0.1639420319657888,0.07661182699351886,0.6901578365336282,0.3099362219298626,0.581327422855907
eicu_floor540,110,1,865,555,555,13,0.6416184971098265,96,5.153846153846154,0.4444444444444444,8.52026324886129,0.8742653823808235,0.06060871514887989,1,0.34925065581820025,0.06155126100255479,0.7944103749874334,1.1193223392719658,0.09041381958229706,0.40985937096708014,0.05918962071282093,0.7960189001709057,0.909811072168993,0.3505959021886137
eicu_floor540,110,1,865,555,555,13,0.6416184971098265,96,5.153846153846154,0.4444444444444444,16.18763515948661,0.9334897185070572,0.05019031848141786,1,0.19615500164690586,0.07264689262637146,0.6997587212224792,0.5385399016809214,0.1340023801730242,0.24634532012832372,0.06971712444245169,0.7271539157534934,0.5270624049023108,0.28232813906529075
eicu_floor540,110,1,865,865,1226,13,1.4173410404624278,96,5.153846153846154,0.48,194.03259384089074,0.9924167547685273,0.00022127584568334968,1,0.1822885949843396,0.07150479818933587,0.7136825173419121,0.6080456766254073,0.20270589012015894,0.18250987083002296,0.07206017077322727,0.7047350960088469,0.586970476018,0.2448147878783926
eicu_floor540,110,1,865,865,1226,13,1.4173410404624278,96,5.153846153846154,0.46153846153846156,14.20599800016841,0.901246443801286,0.07352562206633223,1,0.34925065581820025,0.06155126100255479,0.7944103749874334,1.1193223392719658,0.09041381958229706,0.4227762778845325,0.05927827418045009,0.8428671961395396,1.3629989435920824,0.1657076516899186
eicu_floor540,110,1,865,865,1226,13,1.4173410404624278,96,5.153846153846154,0.48,16.679844373392097,0.9373424330930944,0.07823193689701224,1,0.19615500164690586,0.07264689262637146,0.6997587212224792,0.5385399016809214,0.1340023801730242,0.2743869385439181,0.0682711307502422,0.7405247813411079,0.6928732134794049,0.16842981849395106
eicu_floor540,110,1,865,590,590,13,0.6820809248554913,96,5.153846153846154,0.35135135135135137,47.440128604897474,0.9789207991333994,0.04227014672093804,1,0.1822885949843396,0.07150479818933587,0.7136825173419121,0.6080456766254073,0.20270589012015894,0.22455874170527765,0.07058455672607117,0.7583693575952549,0.663390978142539,0.03269861087110047
eicu_floor540,110,1,865,590,590,13,0.6820809248554913,96,5.153846153846154,0.3611111111111111,27.129055762875943,0.9631391520316596,-0.07393600318572874,0,0.34925065581820025,0.06155126100255479,0.7944103749874334,1.1193223392719658,0.09041381958229706,0.2753146526324715,0.06646724454695827,0.8023524680808284,0.8035693381634258,0.030513464140593572
eicu_floor540,110,1,865,590,590,13,0.6820809248554913,96,5.153846153846154,0.3611111111111111,20.593620886775945,0.9514412737081053,-0.03790275038588958,0,0.19615500164690586,0.07264689262637146,0.6997587212224792,0.5385399016809214,0.1340023801730242,0.15825225126101627,0.07369229306431901,0.6967427365034684,0.49694474798099897,0.12152173423696708
eicu_floor540,110,1,865,534,534,13,0.6173410404624278,96,5.153846153846154,0.46153846153846156,15.707125443670066,0.9289391534017744,0.017551631214495433,1,0.1822885949843396,0.07150479818933587,0.7136825173419121,0.6080456766254073,0.20270589012015894,0.19984022619883504,0.07383495724228309,0.7436412988840857,0.621109717154365,-0.23901253086221735
eicu_floor540,110,1,865,534,534,13,0.6173410404624278,96,5.153846153846154,0.4444444444444444,32.30566783437225,0.9484438620139599,-0.02381867725547321,0,0.34925065581820025,0.06155126100255479,0.7944103749874334,1.1193223392719658,0.09041381958229706,0.32543197856272704,0.06490533023692611,0.788881069669247,0.8004939222396721,-0.2304968220577778
eicu_floor540,110,1,865,534,534,13,0.6173410404624278,96,5.153846153846154,0.46153846153846156,9.846144816479518,0.8984201086172477,0.04775267251005694,1,0.19615500164690586,0.07264689262637146,0.6997587212224792,0.5385399016809214,0.1340023801730242,0.2439076741569628,0.07170202760084342,0.6802050869608927,0.496159069055818,-0.194970791863844
eicu_floor540,122,1,1464,392,392,21,0.2677595628415301,208,6.9523809523809526,0.7142857142857143,39.97626096722567,0.9747046825075585,-0.03529872605760198,0,0.4501690738743763,0.06941449424155928,0.8226376382081387,1.0183578448615813,0.05794981623914133,0.41487034781677434,0.07252022003416887,0.824119457426194,0.8967527152358322,-0.023680067240031574
eicu_floor540,122,1,1464,392,392,25,0.2677595628415301,208,5.84,0.625,45.78638835319583,0.9711281757933107,-0.057426286087522316,0,0.4700178038609918,0.06877123743829476,0.8173372848512482,0.9770373715232069,-0.037141314278500946,0.4125915177734695,0.07349603742681995,0.8051977658725635,0.8578767577692145,0.1066421610767186
eicu_floor540,122,1,1464,392,392,21,0.2677595628415301,208,6.9523809523809526,0.7142857142857143,24.383818070654108,0.9588566142078162,-0.012148231848833901,0,0.3946020487563559,0.07380704330633538,0.7990995098597972,0.8573898033566089,-0.10193047327597247,0.382453816907522,0.07671529126087773,0.7900946084577681,0.7756606359451966,-0.23034695406986544
eicu_floor540,122,4,1464,409,2480,21,1.6939890710382515,208,6.9523809523809526,0.475,102.38028916006293,0.9664382933472695,0.005467991406757355,1,0.4501690738743763,0.06941449424155928,0.8226376382081387,1.0183578448615813,0.05794981623914133,0.4556370652811337,0.07098807094174693,0.8082183973555226,1.2274710017062758,0.161640006651609
eicu_floor540,122,4,1464,409,2480,25,1.6939890710382515,208,5.84,0.475,166.77503141055098,0.9832263512884923,-0.016119408574808314,0,0.4700178038609918,0.06877123743829476,0.8173372848512482,0.9770373715232069,-0.037141314278500946,0.4538983952861835,0.07186487780925503,0.8094152513393367,1.2123776476722514,0.25155543421070603
eicu_floor540,122,4,1464,409,2480,21,1.6939890710382515,208,6.9523809523809526,0.475,98.50509342131718,0.9694831746795802,-0.03441538729643712,0,0.3946020487563559,0.07380704330633538,0.7990995098597972,0.8573898033566089,-0.10193047327597247,0.3601866614599188,0.07753835314878926,0.7745355066681866,0.7841998998074708,0.0032628160423823736
eicu_floor540,122,1,1464,443,443,21,0.3025956284153005,208,6.9523809523809526,0.7,42.014612400851455,0.976198756983422,-0.09354261302278738,0,0.4501690738743763,0.06941449424155928,0.8226376382081387,1.0183578448615813,0.05794981623914133,0.35662646085158894,0.07734262898322941,0.7389148523880087,0.8355578107869207,0.39974031498329554
eicu_floor540,122,1,1464,443,443,25,0.3025956284153005,208,5.84,0.8333333333333334,102.12693083515079,0.9902082634636875,-0.006494343478452069,0,0.4700178038609918,0.06877123743829476,0.8173372848512482,0.9770373715232069,-0.037141314278500946,0.4635234603825397,0.06929552476277658,0.8153425282115582,1.0089425845096485,0.12188545553932456
eicu_floor540,122,1,1464,443,443,21,0.3025956284153005,208,6.9523809523809526,0.7,29.048546771315664,0.9655748699626013,-0.0823794900246087,0,0.3946020487563559,0.07380704330633538,0.7990995098597972,0.8573898033566089,-0.10193047327597247,0.3122225587317472,0.08539757514900455,0.7303089023139177,0.5097742217803264,-0.3429507637094169
eicu_floor540,122,4,1464,417,2736,21,1.8688524590163935,208,6.9523809523809526,0.6060606060606061,168.1237249218271,0.9821559984981602,-0.032677991227202274,0,0.4501690738743763,0.06941449424155928,0.8226376382081387,1.0183578448615813,0.05794981623914133,0.41749108264717405,0.07410301127384165,0.8034594779436908,1.009184351108131,0.4628844830021578
eicu_floor540,122,4,1464,417,2736,25,1.8688524590163935,208,5.84,0.5405405405405406,154.98077023615704,0.9845940999513286,-0.04139106581812896,0,0.4700178038609918,0.06877123743829476,0.8173372848512482,0.9770373715232069,-0.037141314278500946,0.42862673804286283,0.07256297738244116,0.8135757437592613,1.0231704399867463,0.3346465690092579
eicu_floor540,122,4,1464,417,2736,21,1.8688524590163935,208,6.9523809523809526,0.6060606060606061,143.2593366247245,0.9751791108369442,-0.04350593587597895,0,0.3946020487563559,0.07380704330633538,0.7990995098597972,0.8573898033566089,-0.10193047327597247,0.35109611288037695,0.07764091596538647,0.7886127892397127,0.8121681682566723,0.36230099399025883
eicu_floor540,122,2,1464,861,1912,21,1.3060109289617485,208,6.9523809523809526,0.625,170.83409667861318,0.9882783236288365,-0.060263056831195705,0,0.4501690738743763,0.06941449424155928,0.8226376382081387,1.0183578448615813,0.05794981623914133,0.3899060170431806,0.0747122906009665,0.7630799042516813,0.7393514735857395,0.22035688872311912
eicu_floor540,122,2,1464,861,1912,25,1.3060109289617485,208,5.84,0.5555555555555556,113.4471244705351,0.9849204362553187,-0.052503726824450536,0,0.4700178038609918,0.06877123743829476,0.8173372848512482,0.9770373715232069,-0.037141314278500946,0.41751407703654125,0.0736516900849111,0.7698620768266271,0.766247253536347,0.10211629148135279
eicu_floor540,122,2,1464,861,1912,21,1.3060109289617485,208,6.9523809523809526,0.625,160.48650662749807,0.9854712483519739,-0.037324084812416725,0,0.3946020487563559,0.07380704330633538,0.7990995098597972,0.8573898033566089,-0.10193047327597247,0.3572779639439392,0.07670017665637856,0.7847087655306053,0.7947891461235336,0.06308769220604629
eicu_floor540,122,4,1464,383,2866,21,1.9576502732240437,208,6.9523809523809526,0.5128205128205128,111.01066542233102,0.9748551153348342,0.009135335405647371,1,0.4501690738743763,0.06941449424155928,0.8226376382081387,1.0183578448615813,0.05794981623914133,0.4593044092800237,0.0694593999990088,0.7837968767810327,0.833159509554363,0.13761292400983924
eicu_floor540,122,4,1464,383,2866,25,1.9576502732240437,208,5.84,0.5128205128205128,88.65170594090313,0.9637952586856464,-0.04856602224337814,0,0.4700178038609918,0.06877123743829476,0.8173372848512482,0.9770373715232069,-0.037141314278500946,0.42145178161761365,0.07276034552446398,0.7852217029522398,0.7724467996954931,0.2731723335496641
eicu_floor540,122,4,1464,383,2866,21,1.9576502732240437,208,6.9523809523809526,0.5128205128205128,156.90358417681858,0.9843773184256763,-0.021928447024650854,0,0.3946020487563559,0.07380704330633538,0.7990995098597972,0.8573898033566089,-0.10193047327597247,0.37267360173170505,0.07553023997385891,0.7437592613701128,0.6551841977439379,0.30289466194528736
eicu_floor540,122,3,1464,423,1574,21,1.075136612021858,208,6.9523809523809526,0.5806451612903226,102.22125979291076,0.9779081882014828,-0.0027932039350760385,0,0.4501690738743763,0.06941449424155928,0.8226376382081387,1.0183578448615813,0.05794981623914133,0.4473758699393003,0.07065826545797582,0.824489912230708,1.0361622785039004,0.18640130833951546
eicu_floor540,122,3,1464,423,1574,25,1.075136612021858,208,5.84,0.5142857142857142,95.00727271290009,0.9693437333762626,-0.015161159766998278,0,0.4700178038609918,0.06877123743829476,0.8173372848512482,0.9770373715232069,-0.037141314278500946,0.4548566440939935,0.07198987396372943,0.8019776587256354,0.8486191462053683,-0.3295962700593433
eicu_floor540,122,3,1464,423,1574,21,1.075136612021858,208,6.9523809523809526,0.5806451612903226,94.22337307682827,0.9733063984650867,-0.05323007356529219,0,0.3946020487563559,0.07380704330633538,0.7990995098597972,0.8573898033566089,-0.10193047327597247,0.3413719751910637,0.07799372009648164,0.7835974011170637,0.6699305187338003,-0.18017013819488426
eicu_floor540,122,3,1464,458,2970,21,2.028688524590164,208,6.9523809523809526,0.5,105.5357197498088,0.9721119087327029,-0.023179640488137032,0,0.4501690738743763,0.06941449424155928,0.8226376382081387,1.0183578448615813,0.05794981623914133,0.4269894333862393,0.07264510017908099,0.796905277556138,0.8521082811620301,-0.056848850757087434
eicu_floor540,122,3,1464,458,2970,25,2.028688524590164,208,5.84,0.5,56.6858174221938,0.9646374694975569,-0.029926237676267176,0,0.4700178038609918,0.06877123743829476,0.8173372848512482,0.9770373715232069,-0.037141314278500946,0.4400915661847246,0.07197520123385952,0.7946255556822067,0.9009696306281181,0.08064241199487308
eicu_floor540,122,3,1464,458,2970,21,2.028688524590164,208,6.9523809523809526,0.5,131.0340988519991,0.9849547845979985,0.023907720797670284,1,0.3946020487563559,0.07380704330633538,0.7990995098597972,0.8573898033566089,-0.10193047327597247,0.4185097695540262,0.07448557451880529,0.8007238116949732,0.7903832912483488,-0.25853194832431403
eicu_floor540,122,1,1464,1226,1226,21,0.837431693989071,208,6.9523809523809526,0.7307692307692307,91.8913780254901,0.9891175862035434,0.015349255292125719,1,0.4501690738743763,0.06941449424155928,0.8226376382081387,1.0183578448615813,0.05794981623914133,0.46551832916650204,0.06943820369112924,0.830730650860595,1.075334121439705,0.17885825341106593
eicu_floor540,122,1,1464,1226,1226,25,0.837431693989071,208,5.84,0.6666666666666666,28.89778600949678,0.9443990443149477,0.003750769515084851,1,0.4700178038609918,0.06877123743829476,0.8173372848512482,0.9770373715232069,-0.037141314278500946,0.47376857337607664,0.06846212131421588,0.8154280177818306,1.0142879045470323,0.1326716108087746
eicu_floor540,122,1,1464,1226,1226,21,0.837431693989071,208,6.9523809523809526,0.7307692307692307,11.870472469839946,0.9157573548533335,-0.03677773630964237,0,0.3946020487563559,0.07380704330633538,0.7990995098597972,0.8573898033566089,-0.10193047327597247,0.35782431244671353,0.07559484862999233,0.7978741593525589,0.845080938108819,0.024788645627151273
eicu_floor540,122,1,1464,934,934,21,0.6379781420765027,208,6.9523809523809526,0.6333333333333333,13.510133781360224,0.9259814879568633,0.01891642493755713,1,0.4501690738743763,0.06941449424155928,0.8226376382081387,1.0183578448615813,0.05794981623914133,0.46908549881193345,0.06874421606927343,0.8229795964892282,0.9924226628574907,0.22112381115730945
eicu_floor540,122,1,1464,934,934,25,0.6379781420765027,208,5.84,0.5588235294117647,29.920188937113064,0.9665777511598665,-0.025487826714575168,0,0.4700178038609918,0.06877123743829476,0.8173372848512482,0.9770373715232069,-0.037141314278500946,0.4445299771464166,0.07159874216260836,0.7977601732588624,0.8738411574734221,0.14247758696664248
eicu_floor540,122,1,1464,934,934,21,0.6379781420765027,208,6.9523809523809526,0.6333333333333333,42.30259839616232,0.9763607901662438,-0.01895067456529609,0,0.3946020487563559,0.07380704330633538,0.7990995098597972,0.8573898033566089,-0.10193047327597247,0.3756513741910598,0.07439358577334661,0.7839678559215776,0.8222804268266866,0.016898191309044245
eicu_floor540,122,2,1464,756,1641,21,1.1209016393442623,208,6.9523809523809526,0.5294117647058824,176.75384080517622,0.9886848286244344,-0.018001003032941554,0,0.4501690738743763,0.06941449424155928,0.8226376382081387,1.0183578448615813,0.05794981623914133,0.43216807084143477,0.07243092762192871,0.8032315057562978,0.9209698022583898,-0.11185178317659888
eicu_floor540,122,2,1464,756,1641,25,1.1209016393442623,208,5.84,0.5294117647058824,68.55938405721601,0.9564588334194751,0.020141916923220204,1,0.4700178038609918,0.06877123743829476,0.8173372848512482,0.9770373715232069,-0.037141314278500946,0.490159720784212,0.06865518433402674,0.8157984725863444,1.2064800116471495,0.12578263104868795
eicu_floor540,122,2,1464,756,1641,21,1.1209016393442623,208,6.9523809523809526,0.5294117647058824,113.13944843025666,0.9834529458961072,0.04134293359359498,1,0.3946020487563559,0.07380704330633538,0.7990995098597972,0.8573898033566089,-0.10193047327597247,0.4359449823499509,0.07359321472582292,0.8028895474752079,0.8738003225786456,-0.3507330051370453
eicu_floor540,122,1,1464,835,835,21,0.5703551912568307,208,6.9523809523809526,0.8181818181818182,32.512482493545065,0.9692070754844281,0.026021760175666986,1,0.4501690738743763,0.06941449424155928,0.8226376382081387,1.0183578448615813,0.05794981623914133,0.4761908340500433,0.06880512258495718,0.8225806451612904,1.043322505421175,0.229407272632261
eicu_floor540,122,1,1464,835,835,25,0.5703551912568307,208,5.84,0.6923076923076923,49.59445821732467,0.9798328486374739,-0.0017232607184486937,0,0.4700178038609918,0.06877123743829476,0.8173372848512482,0.9770373715232069,-0.037141314278500946,0.4682945431425431,0.06920741475304823,0.818334663171093,0.9240889063511298,0.11211426948382161
eicu_floor540,122,1,1464,835,835,21,0.5703551912568307,208,6.9523809523809526,0.8181818181818182,111.324317627836,0.9909051202527193,0.019053701855233585,1,0.3946020487563559,0.07380704330633538,0.7990995098597972,0.8573898033566089,-0.10193047327597247,0.4136557506115895,0.07287702014848765,0.7965633192750485,0.8402554920792397,-0.05400974880712962
eicu_floor540,141,2,691,691,3494,26,5.05643994211288,78,2.1153846153846154,0.34375,41.42501396223948,0.9715388343642282,0.09422870798219157,1,0.177690992033872,0.07527605199611413,0.6859727070771183,0.46461172486587904,-0.05224247701804048,0.2719197000160636,0.06778796925003819,0.745318946366233,0.6164385660815219,0.5930656966087314
eicu_floor540,141,2,691,691,3494,26,5.05643994211288,78,2.1153846153846154,0.34375,166.23208682315854,0.9926235705368366,0.14778904361815162,1,0.1268974259172209,0.07526664245913607,0.6321802602348461,0.36257369056720945,0.1204622256117988,0.2746864695353725,0.0654283082874614,0.7423040304665186,0.7864171273681205,0.3746275331925454
eicu_floor540,141,2,691,691,3494,26,5.05643994211288,78,2.1153846153846154,0.34375,34.18083958247173,0.9603130407999113,0.11898311576336157,1,0.19652138169133898,0.07491074730779732,0.7185814027292923,0.5616044441452717,-0.1673330920939934,0.31550449745470055,0.06441135147167193,0.7567438908283084,0.7711343752513732,0.11169672144563365
eicu_floor540,141,1,691,691,1464,26,2.1186685962373373,78,2.1153846153846154,0.6785714285714286,17.30134561165586,0.9422010274549799,0.10077976299136376,1,0.177690992033872,0.07527605199611413,0.6859727070771183,0.46461172486587904,-0.05224247701804048,0.27847075502523577,0.0762914271114791,0.7331006029831799,0.48845946412579117,-0.5224833612594548
eicu_floor540,141,1,691,691,1464,26,2.1186685962373373,78,2.1153846153846154,0.59375,32.825810518187524,0.9695361672959777,0.19906500456786533,1,0.1268974259172209,0.07526664245913607,0.6321802602348461,0.36257369056720945,0.1204622256117988,0.3259624304850862,0.0677121614637563,0.694541415423675,0.5816537860685965,-0.3962807988186278
eicu_floor540,141,1,691,691,1464,26,2.1186685962373373,78,2.1153846153846154,0.6785714285714286,59.31729107573159,0.9831415092991472,0.112397571031982,1,0.19652138169133898,0.07491074730779732,0.7185814027292923,0.5616044441452717,-0.1673330920939934,0.308918952723321,0.07191071153685512,0.7780069819105047,0.6443419370294813,-0.5200447285890785
eicu_floor540,141,1,691,691,1365,26,1.9753979739507959,78,2.1153846153846154,0.525,60.41758672481183,0.9834485279169661,0.0848886828692813,1,0.177690992033872,0.07527605199611413,0.6859727070771183,0.46461172486587904,-0.05224247701804048,0.2625796749031533,0.07438377095851505,0.754681053633767,0.5742858913780252,-0.4351910153487371
eicu_floor540,141,1,691,691,1365,26,1.9753979739507959,78,2.1153846153846154,0.525,79.42052177633119,0.9874087958926251,0.20656411218394563,1,0.1268974259172209,0.07526664245913607,0.6321802602348461,0.36257369056720945,0.1204622256117988,0.3334615381011665,0.06219831210470378,0.7405585528403681,0.8782385587656438,-0.1921877344508448
eicu_floor540,141,1,691,691,1365,26,1.9753979739507959,78,2.1153846153846154,0.525,57.03616384535833,0.982467264055288,0.09691217938755647,1,0.19652138169133898,0.07491074730779732,0.7185814027292923,0.5616044441452717,-0.1673330920939934,0.29343356107889546,0.06615639279653719,0.7634084417645192,0.7914927104303897,-0.25371118302901263
eicu_floor540,141,4,691,408,2185,26,3.162083936324168,78,2.1153846153846154,0.59375,225.60155586194662,0.9822682569991279,0.0252403592725281,1,0.177690992033872,0.07527605199611413,0.6859727070771183,0.46461172486587904,-0.05224247701804048,0.2029313513064001,0.07025329637842707,0.6743890828308474,0.5639011055347739,0.41528647667691393
eicu_floor540,141,4,691,408,2185,26,3.162083936324168,78,2.1153846153846154,0.59375,165.43509555126326,0.979031306881577,0.10043809799435155,1,0.1268974259172209,0.07526664245913607,0.6321802602348461,0.36257369056720945,0.1204622256117988,0.22733552391157244,0.06848433385581863,0.6483655982227863,0.47389866576099693,0.3368873574833673
eicu_floor540,141,4,691,408,2185,26,3.162083936324168,78,2.1153846153846154,0.59375,268.4261934915074,0.9893487257970774,0.025838556225899617,1,0.19652138169133898,0.07491074730779732,0.7185814027292923,0.5616044441452717,-0.1673330920939934,0.2223599379172386,0.06884582139931625,0.7518248175182481,0.6979331029055996,0.2699513116496198
eicu_floor540,141,2,691,691,2025,26,2.930535455861071,78,2.1153846153846154,0.5526315789473685,81.39448118700612,0.9799959524680967,0.09091901230213939,1,0.177690992033872,0.07527605199611413,0.6859727070771183,0.46461172486587904,-0.05224247701804048,0.2686100043360114,0.06831772760703714,0.7505553792446842,0.624888323319468,0.12064122136102982
eicu_floor540,141,2,691,691,2025,26,2.930535455861071,78,2.1153846153846154,0.5526315789473685,117.43163758057543,0.9836729492361644,0.23238522552850735,1,0.1268974259172209,0.07526664245913607,0.6321802602348461,0.36257369056720945,0.1204622256117988,0.35928265144572824,0.06265681889995318,0.7638844811171057,0.6740042433066836,-0.007922570893760625
eicu_floor540,141,2,691,691,2025,26,2.930535455861071,78,2.1153846153846154,0.5526315789473685,80.28513911609511,0.9750887895067613,0.1230486122463671,1,0.19652138169133898,0.07491074730779732,0.7185814027292923,0.5616044441452717,-0.1673330920939934,0.3195699939377061,0.06388516523730259,0.7629324024119327,0.7380828071094065,0.03748323408640998
eicu_floor540,141,1,691,691,870,26,1.2590448625180897,78,2.1153846153846154,0.75,41.93531509326651,0.9761537501798676,0.02031686238147329,1,0.177690992033872,0.07527605199611413,0.6859727070771183,0.46461172486587904,-0.05224247701804048,0.1980078544153453,0.07175549291177538,0.6877181847032687,0.5127254120250024,0.6001593584522497
eicu_floor540,141,1,691,691,870,26,1.2590448625180897,78,2.1153846153846154,0.75,41.10453517663423,0.9756717842519614,0.05566267986395643,1,0.1268974259172209,0.07526664245913607,0.6321802602348461,0.36257369056720945,0.1204622256117988,0.18256010578117732,0.07134507734725033,0.6423357664233577,0.5108114648162333,0.695570866277495
eicu_floor540,141,1,691,691,870,26,1.2590448625180897,78,2.1153846153846154,0.75,23.335771724378024,0.9571473353523022,-0.03515007628555514,0,0.19652138169133898,0.07491074730779732,0.7185814027292923,0.5616044441452717,-0.1673330920939934,0.16137130540578384,0.07756800294114097,0.7040622024754046,0.4340230241209577,0.38300888493476754
eicu_floor540,141,2,691,691,2626,26,3.800289435600579,78,2.1153846153846154,0.6428571428571429,149.98498322371924,0.9896605977304926,0.035170467137834255,1,0.177690992033872,0.07527605199611413,0.6859727070771183,0.46461172486587904,-0.05224247701804048,0.21286145917170626,0.07170915795800958,0.6740717232624565,0.4603315368942153,0.38847887579890905
eicu_floor540,141,2,691,691,2626,26,3.800289435600579,78,2.1153846153846154,0.6428571428571429,121.2834620927257,0.9869971212755971,0.05239748013773046,1,0.1268974259172209,0.07526664245913607,0.6321802602348461,0.36257369056720945,0.1204622256117988,0.17929490605495135,0.07015498177399103,0.6637575372897492,0.549497941811413,0.5594279169680285
eicu_floor540,141,2,691,691,2626,26,3.800289435600579,78,2.1153846153846154,0.6428571428571429,130.74144551039268,0.9847026320369004,0.03091354557936557,1,0.19652138169133898,0.07491074730779732,0.7185814027292923,0.5616044441452717,-0.1673330920939934,0.22743492727070455,0.07321062002879133,0.7375436369406537,0.5491812365267869,0.2823170611949722
eicu_floor540,141,3,691,387,3379,26,4.890014471780029,78,2.1153846153846154,0.5428571428571428,145.35459389589215,0.9810731807450326,0.02402615395094379,1,0.177690992033872,0.07527605199611413,0.6859727070771183,0.46461172486587904,-0.05224247701804048,0.2017171459848158,0.07090226136469424,0.6885115836242464,0.5880008145329633,0.17968989601803942
eicu_floor540,141,3,691,387,3379,26,4.890014471780029,78,2.1153846153846154,0.5428571428571428,74.31070440492358,0.9780848277631586,0.10600373184129033,1,0.1268974259172209,0.07526664245913607,0.6321802602348461,0.36257369056720945,0.1204622256117988,0.23290115775851122,0.06805886393469711,0.6978736908917804,0.7020707594588322,0.0015017881483551734
eicu_floor540,141,3,691,387,3379,26,4.890014471780029,78,2.1153846153846154,0.5428571428571428,89.63654863838033,0.9873926349349305,-0.019347339155505322,0,0.19652138169133898,0.07491074730779732,0.7185814027292923,0.5616044441452717,-0.1673330920939934,0.17717404253583366,0.07621207282130697,0.6916851793081562,0.4858390797153025,-0.07526861741859157
eicu_floor540,141,1,691,691,1512,26,2.1881331403762663,78,2.1153846153846154,0.5517241379310345,66.52798759702208,0.9820788950091283,0.08357429716924208,1,0.177690992033872,0.07527605199611413,0.6859727070771183,0.46461172486587904,-0.05224247701804048,0.2612652892031141,0.07752794502196676,0.7545223738495715,0.5241199453502672,-0.6156704972103348
eicu_floor540,141,1,691,691,1512,26,2.1881331403762663,78,2.1153846153846154,0.5517241379310345,38.3653355275952,0.9228595024127966,0.19168348090942663,1,0.1268974259172209,0.07526664245913607,0.6321802602348461,0.36257369056720945,0.1204622256117988,0.3185809068266475,0.06580502754145924,0.7480165026975564,0.7495450916728159,-0.3881347930264461
eicu_floor540,141,1,691,691,1512,26,2.1881331403762663,78,2.1153846153846154,0.5517241379310345,42.89514666144338,0.9668231496530146,0.08277133143265508,1,0.19652138169133898,0.07491074730779732,0.7185814027292923,0.5616044441452717,-0.1673330920939934,0.27929271312399406,0.07269409709786191,0.7457949857188193,0.6400125457007698,-0.5594126778345309
eicu_floor540,141,2,691,505,1179,26,1.7062228654124458,78,2.1153846153846154,0.7741935483870968,49.627765201772476,0.959699978593262,0.007134447712410563,1,0.177690992033872,0.07527605199611413,0.6859727070771183,0.46461172486587904,-0.05224247701804048,0.18482543974628257,0.07688493006925447,0.694224055855284,0.33405763307820474,0.26773743342440304
eicu_floor540,141,2,691,505,1179,26,1.7062228654124458,78,2.1153846153846154,0.7741935483870968,60.27738562690547,0.9778255739554369,0.0642953944914881,1,0.1268974259172209,0.07526664245913607,0.6321802602348461,0.36257369056720945,0.1204622256117988,0.191192820408709,0.07136847291809974,0.6875595049190732,0.5013941816067681,0.3767433774025953
eicu_floor540,141,2,691,505,1179,26,1.7062228654124458,78,2.1153846153846154,0.7741935483870968,74.25173023255036,0.9762753708717423,0.04465265259624032,1,0.19652138169133898,0.07491074730779732,0.7185814027292923,0.5616044441452717,-0.1673330920939934,0.2411740342875793,0.07008612169960998,0.7459536655030149,0.5938859323434444,0.38114018252608406
eicu_floor540,141,4,691,534,3894,26,5.635311143270623,78,2.1153846153846154,0.5757575757575758,96.6735938604151,0.9728377198944952,-0.004000345862262833,0,0.177690992033872,0.07527605199611413,0.6859727070771183,0.46461172486587904,-0.05224247701804048,0.17369064617160918,0.07272508430262285,0.680418914630276,0.5075342860868239,0.8013105584694837
eicu_floor540,141,4,691,534,3894,26,5.635311143270623,78,2.1153846153846154,0.5588235294117647,89.20773694866014,0.9778339513218368,0.1503311345885376,1,0.1268974259172209,0.07526664245913607,0.6321802602348461,0.36257369056720945,0.1204622256117988,0.2772285605057585,0.06616923456601718,0.7235798159314504,0.7402326433063691,0.5658170780863586
eicu_floor540,141,4,691,534,3894,26,5.635311143270623,78,2.1153846153846154,0.5757575757575758,51.6856228995313,0.9497528045046333,0.04499325304628932,1,0.19652138169133898,0.07491074730779732,0.7185814027292923,0.5616044441452717,-0.1673330920939934,0.2415146347376283,0.06905794863544842,0.7402411932719772,0.628203511291813,0.4072131960649685
eicu_floor540,141,2,691,569,1293,26,1.8712011577424024,78,2.1153846153846154,0.6774193548387096,71.0022838000547,0.9718318919764316,-0.020883506717965405,0,0.177690992033872,0.07527605199611413,0.6859727070771183,0.46461172486587904,-0.05224247701804048,0.1568074853159066,0.07532497155761957,0.6666137734052682,0.410693411327106,0.41375805089681766
eicu_floor540,141,2,691,569,1293,26,1.8712011577424024,78,2.1153846153846154,0.6774193548387096,53.78814246905989,0.9621396989412188,0.013817457482960621,1,0.1268974259172209,0.07526664245913607,0.6321802602348461,0.36257369056720945,0.1204622256117988,0.1407148834001815,0.07842570173434459,0.6475721993018089,0.3617417168002874,-0.09318980173946415
eicu_floor540,141,2,691,569,1293,26,1.8712011577424024,78,2.1153846153846154,0.6774193548387096,44.740405504820274,0.9596185874667181,0.02624543434600035,1,0.19652138169133898,0.07491074730779732,0.7185814027292923,0.5616044441452717,-0.1673330920939934,0.22276681603733933,0.07620173114456615,0.6643922564265313,0.40673730500274985,-0.10542126648897952
eicu_floor540,142,2,708,392,931,30,1.3149717514124293,159,3.7,0.48717948717948717,50.08995569481611,0.9485102391732027,-0.07292137277803323,0,0.39323103490954636,0.12050750274278241,0.7065429687499999,0.6928205428911689,0.1941421305424183,0.32030966213151313,0.13195284383920064,0.6761881510416667,0.4976017083892607,0.8684689658931927
eicu_floor540,142,2,708,392,931,30,1.3149717514124293,159,3.7,0.48717948717948717,30.107569695979116,0.9610537549514504,-0.009728749215750454,0,0.4234398620286764,0.11486854572808052,0.7430013020833333,0.7448738019058302,0.008521982729523973,0.41371111281292594,0.11950816456147603,0.7139485677083334,0.7287715547651685,0.7188403345542181
eicu_floor540,142,2,708,392,931,30,1.3149717514124293,159,3.7,0.48717948717948717,49.63917587469879,0.9605347946266946,-0.0758319298443309,0,0.4226651470196816,0.11665682657499915,0.740234375,0.6739942528359575,0.07896752453894608,0.3468332171753507,0.1311180953543561,0.676513671875,0.5522490391125482,1.0125202176139374
eicu_floor540,142,4,708,423,3063,30,4.326271186440678,159,3.7,0.3076923076923077,214.37910342932653,0.9815063539436895,-0.06768098664330013,0,0.39323103490954636,0.12050750274278241,0.7065429687499999,0.6928205428911689,0.1941421305424183,0.32555004826624623,0.1286094799492499,0.7067057291666666,0.501701686297915,0.3408027051753886
eicu_floor540,142,4,708,423,3063,30,4.326271186440678,159,3.7,0.3076923076923077,283.7277626022886,0.9875657264189313,-0.058512832601876175,0,0.4234398620286764,0.11486854572808052,0.7430013020833333,0.7448738019058302,0.008521982729523973,0.3649270294268002,0.1262118545602246,0.7184244791666666,0.5117896554104819,0.29738729512859935
eicu_floor540,142,4,708,423,3063,30,4.326271186440678,159,3.7,0.3076923076923077,183.85711904943912,0.980425375222207,-0.07632760924445181,0,0.4226651470196816,0.11665682657499915,0.740234375,0.6739942528359575,0.07896752453894608,0.3463375377752298,0.12660495679673398,0.7356770833333334,0.4882867186460076,0.30529926612595853
eicu_floor540,142,4,708,408,2361,30,3.3347457627118646,159,3.7,0.4523809523809524,124.21367346218054,0.9750552608767586,-0.0627595465915598,0,0.39323103490954636,0.12050750274278241,0.7065429687499999,0.6928205428911689,0.1941421305424183,0.33047148831798656,0.1316959940316962,0.6690266927083334,0.43752192379198074,0.929605128747697
eicu_floor540,142,4,708,408,2361,30,3.3347457627118646,159,3.7,0.4523809523809524,202.27438332594625,0.9831264856141233,0.06760872004543816,1,0.4234398620286764,0.11486854572808052,0.7430013020833333,0.7448738019058302,0.008521982729523973,0.49104858207411456,0.11112308119697512,0.7963053385416666,0.8108863989944909,0.5572429835062842
eicu_floor540,142,4,708,408,2361,30,3.3347457627118646,159,3.7,0.4523809523809524,70.06295431884546,0.9592907322321323,-0.03879520464760278,0,0.4226651470196816,0.11665682657499915,0.740234375,0.6739942528359575,0.07896752453894608,0.38386994237207883,0.12339743348235774,0.7159830729166667,0.47642668222889545,0.3624377697171983
eicu_floor540,142,4,708,383,3670,30,5.18361581920904,159,3.7,0.4722222222222222,117.89548340790574,0.9699448764175702,-0.04736522370782026,0,0.39323103490954636,0.12050750274278241,0.7065429687499999,0.6928205428911689,0.1941421305424183,0.3458658112017261,0.12748421594529016,0.6705729166666666,0.5980568043243346,0.8452342976843861
eicu_floor540,142,4,708,383,3670,30,5.18361581920904,159,3.7,0.4722222222222222,121.1046973888278,0.9773944389646481,0.04923309815718807,1,0.4234398620286764,0.11486854572808052,0.7430013020833333,0.7448738019058302,0.008521982729523973,0.47267296018586447,0.11588528422352377,0.7657877604166667,0.944972088098506,0.7529372666722205
eicu_floor540,142,4,708,383,3670,30,5.18361581920904,159,3.7,0.4722222222222222,109.42058431865696,0.9725828552398941,-0.012511728421431001,0,0.4226651470196816,0.11665682657499915,0.740234375,0.6739942528359575,0.07896752453894608,0.4101534185982506,0.1212384787337351,0.708984375,0.6075684193338473,0.6682538278028285
eicu_floor540,142,4,708,409,2153,30,3.040960451977401,159,3.7,0.5128205128205128,124.12396133249891,0.9742525320604034,-0.05331768092249356,0,0.39323103490954636,0.12050750274278241,0.7065429687499999,0.6928205428911689,0.1941421305424183,0.3399133539870528,0.127438395367964,0.6848958333333333,0.6272724314107251,0.737177006887893
eicu_floor540,142,4,708,409,2153,30,3.040960451977401,159,3.7,0.5128205128205128,157.77142894085782,0.9768270461526554,0.04394393477637454,1,0.4234398620286764,0.11486854572808052,0.7430013020833333,0.7448738019058302,0.008521982729523973,0.46738379680505093,0.1151556054275142,0.7609049479166666,0.9007485824179501,0.6874995339203536
eicu_floor540,142,4,708,409,2153,30,3.040960451977401,159,3.7,0.5128205128205128,122.11402311204051,0.9735620158462545,-0.06637420947665751,0,0.4226651470196816,0.11665682657499915,0.740234375,0.6739942528359575,0.07896752453894608,0.3562909375430241,0.12810851106385868,0.7089029947916667,0.6331419364953801,0.8643039309252347
eicu_floor540,142,4,708,435,3823,30,5.399717514124294,159,3.7,0.47619047619047616,109.01570981226301,0.977028009623812,-0.05402977904337575,0,0.39323103490954636,0.12050750274278241,0.7065429687499999,0.6928205428911689,0.1941421305424183,0.3392012558661706,0.1256154866573962,0.7117513020833334,0.5225403808215633,0.06803472615129119
eicu_floor540,142,4,708,435,3823,30,5.399717514124294,159,3.7,0.47619047619047616,243.33365756338137,0.9832009071961088,-0.015608569021136609,0,0.4234398620286764,0.11486854572808052,0.7430013020833333,0.7448738019058302,0.008521982729523973,0.4078312930075398,0.11696379584758791,0.7310384114583333,0.7463699762978087,0.18912755252229033
eicu_floor540,142,4,708,435,3823,30,5.399717514124294,159,3.7,0.47619047619047616,166.33700665839132,0.9818053138680498,-0.008037094813304835,0,0.4226651470196816,0.11665682657499915,0.740234375,0.6739942528359575,0.07896752453894608,0.4146280522063768,0.11803049441882243,0.7495930989583335,0.7223821084074905,0.05011373843333575
eicu_floor540,142,3,708,423,2658,30,3.7542372881355934,159,3.7,0.4878048780487805,170.52219209799597,0.9878372401704727,-0.028099134035267315,0,0.39323103490954636,0.12050750274278241,0.7065429687499999,0.6928205428911689,0.1941421305424183,0.36513190087427905,0.12807610535680544,0.7188313802083334,0.6194167020540097,0.9049909103570999
eicu_floor540,142,3,708,423,2658,30,3.7542372881355934,159,3.7,0.4878048780487805,222.34255257652887,0.9874681173228081,-0.006813712200529343,0,0.4234398620286764,0.11486854572808052,0.7430013020833333,0.7448738019058302,0.008521982729523973,0.41662614982814705,0.12133075174771331,0.7473958333333334,0.8292051605463783,0.8260522299984568
eicu_floor540,142,3,708,423,2658,30,3.7542372881355934,159,3.7,0.4878048780487805,161.65539065386378,0.9862062334445663,-0.005429790101132259,0,0.4226651470196816,0.11665682657499915,0.740234375,0.6739942528359575,0.07896752453894608,0.41723535691854935,0.12222652282838457,0.7369791666666667,0.6762924282895115,0.810743175957643
eicu_floor540,142,4,708,383,3747,30,5.2923728813559325,159,3.7,0.3902439024390244,208.6382809579333,0.9878541127364057,-0.06421507844977586,0,0.39323103490954636,0.12050750274278241,0.7065429687499999,0.6928205428911689,0.1941421305424183,0.3290159564597705,0.12794879894076133,0.7046712239583334,0.47967887392562913,0.35682032790629187
eicu_floor540,142,4,708,383,3747,30,5.2923728813559325,159,3.7,0.3902439024390244,216.8891892996217,0.9920825737900381,0.006996113390540459,1,0.4234398620286764,0.11486854572808052,0.7430013020833333,0.7448738019058302,0.008521982729523973,0.43043597541921685,0.11549960074091441,0.7744954427083334,0.8910501382928769,0.5137173206720923
eicu_floor540,142,4,708,383,3747,30,5.2923728813559325,159,3.7,0.3902439024390244,105.52139292669054,0.9860660184827781,0.020534022151179165,1,0.4226651470196816,0.11665682657499915,0.740234375,0.6739942528359575,0.07896752453894608,0.4431991691708608,0.11701701691364742,0.734375,0.6233538426381006,0.31738081331404905
eicu_floor540,142,3,708,446,2176,30,3.073446327683616,159,3.7,0.46153846153846156,95.41957557824198,0.9826068862880777,-0.04373384672662628,0,0.39323103490954636,0.12050750274278241,0.7065429687499999,0.6928205428911689,0.1941421305424183,0.3494971881829201,0.12761937770202333,0.7067871093749999,0.5585687738032165,0.7999237591962312
eicu_floor540,142,3,708,446,2176,30,3.073446327683616,159,3.7,0.48717948717948717,41.41715444661483,0.9582049376278939,0.033243853369602394,1,0.4234398620286764,0.11486854572808052,0.7430013020833333,0.7448738019058302,0.008521982729523973,0.4566837153982788,0.11606975749210054,0.7696940104166667,0.8414683175382925,0.7103692381960588
eicu_floor540,142,3,708,446,2176,30,3.073446327683616,159,3.7,0.46153846153846156,43.67174979810855,0.960163675387188,0.0016670980776548605,1,0.4226651470196816,0.11665682657499915,0.740234375,0.6739942528359575,0.07896752453894608,0.42433224509733647,0.11926882821430149,0.7185872395833334,0.6489062091525285,0.7135190709561322
eicu_floor540,142,3,708,555,3250,30,4.590395480225989,159,3.7,0.4864864864864865,69.75585598787532,0.9569928580545058,-0.06416071507651999,0,0.39323103490954636,0.12050750274278241,0.7065429687499999,0.6928205428911689,0.1941421305424183,0.32907031983302637,0.1308912440638308,0.71484375,0.490470453780536,0.7566092486694701
eicu_floor540,142,3,708,555,3250,30,4.590395480225989,159,3.7,0.4864864864864865,108.36321289693308,0.981543552036407,0.0007425127396326059,1,0.4234398620286764,0.11486854572808052,0.7430013020833333,0.7448738019058302,0.008521982729523973,0.424182374768309,0.11795212913806336,0.7498372395833334,0.7112545522294501,0.6130470840771826
eicu_floor540,142,3,708,555,3250,30,4.590395480225989,159,3.7,0.4864864864864865,95.95074504653425,0.9687339582559253,-0.095309174105903,0,0.4226651470196816,0.11665682657499915,0.740234375,0.6739942528359575,0.07896752453894608,0.3273559729137786,0.1293490987364985,0.689453125,0.4770329628758668,0.5112508970115478
eicu_floor540,142,2,708,487,1161,30,1.6398305084745763,159,3.7,0.5,47.78186906455384,0.9581431191547158,-0.033330060217842516,0,0.39323103490954636,0.12050750274278241,0.7065429687499999,0.6928205428911689,0.1941421305424183,0.35990097469170385,0.12452844994347362,0.6993815104166666,0.5057606358859112,0.48683951443395984
eicu_floor540,142,2,708,487,1161,30,1.6398305084745763,159,3.7,0.5,76.39558708531493,0.9809654965011366,0.024908875843590084,1,0.4234398620286764,0.11486854572808052,0.7430013020833333,0.7448738019058302,0.008521982729523973,0.4483487378722665,0.11577331986936368,0.78662109375,0.7603772263317113,0.5465578060714408
eicu_floor540,142,2,708,487,1161,30,1.6398305084745763,159,3.7,0.5,124.45245656145062,0.9839296060900777,-0.046156712049739146,0,0.4226651470196816,0.11665682657499915,0.740234375,0.6739942528359575,0.07896752453894608,0.37650843496994246,0.12467628219470284,0.7189941406250001,0.489219494243507,0.5247032748669812
eicu_floor540,142,3,708,590,4558,30,6.437853107344632,159,3.7,0.5238095238095238,90.66714445384048,0.978374986927369,-0.05634673082730257,0,0.39323103490954636,0.12050750274278241,0.7065429687499999,0.6928205428911689,0.1941421305424183,0.3368843040822438,0.12852701264284863,0.6984049479166667,0.4480676716305624,0.346155025927935
eicu_floor540,142,3,708,590,4558,30,6.437853107344632,159,3.7,0.5,276.0025988932638,0.9909380490115529,0.03684172930454138,1,0.4234398620286764,0.11486854572808052,0.7430013020833333,0.7448738019058302,0.008521982729523973,0.4602815913332178,0.11304031412227528,0.7655436197916666,0.8724178217025133,0.33880824493165324
eicu_floor540,142,3,708,590,4558,30,6.437853107344632,159,3.7,0.5,186.98745753565834,0.9879645616628089,0.023757817433307904,1,0.4226651470196816,0.11665682657499915,0.740234375,0.6739942528359575,0.07896752453894608,0.4464229644529895,0.11479425575731579,0.7578125,0.7195270469083765,0.27529617159711556
eicu_floor540,148,4,788,437,2788,33,3.5380710659898478,90,1.9090909090909092,0.5365853658536586,148.50136386304334,0.978055456404809,0.026172300472874555,1,0.4631084811180319,0.057249825931803215,0.8343455996189115,1.180870555229566,0.010060262654275993,0.48928078159090643,0.054920134869645344,0.8582827200190545,1.0431751256006394,-0.27282136620389674
eicu_floor540,148,4,788,437,2788,33,3.5380710659898478,90,1.9090909090909092,0.5365853658536586,284.33361129758623,0.9859606125782355,0.1113668492986501,1,0.27070007274606445,0.0693821650580719,0.7719423603667976,0.7278827929416711,-0.028788649575762618,0.38206692204471454,0.06811566107449414,0.8056448731689889,0.6746576151530598,-0.32324950006337383
eicu_floor540,148,4,788,437,2788,33,3.5380710659898478,90,1.9090909090909092,0.5365853658536586,277.098559414531,0.9859081519918949,0.04860956866905633,1,0.23953769832804725,0.0736519613923116,0.780278670953912,0.5910716052974553,-0.1187170564078494,0.2881472669971036,0.07024056324991569,0.7934976777420507,0.6546887515636233,-0.18000945992201595
eicu_floor540,148,2,788,446,950,33,1.2055837563451777,90,1.9090909090909092,0.5526315789473685,67.85678236726966,0.9755454434634712,0.024170664150820975,1,0.4631084811180319,0.057249825931803215,0.8343455996189115,1.180870555229566,0.010060262654275993,0.48727914526885285,0.05611750459205057,0.8013576277241872,0.974171736149653,-0.21205920873477652
eicu_floor540,148,2,788,446,950,33,1.2055837563451777,90,1.9090909090909092,0.5526315789473685,33.5130174754631,0.9407414327537036,0.012524216084014828,1,0.27070007274606445,0.0693821650580719,0.7719423603667976,0.7278827929416711,-0.028788649575762618,0.2832242888300793,0.07018862593018771,0.727759914255091,0.6301177442280927,-0.30596884888478254
eicu_floor540,148,2,788,446,950,33,1.2055837563451777,90,1.9090909090909092,0.5526315789473685,136.5751484554408,0.9870560828449371,0.05355728324420808,1,0.23953769832804725,0.0736519613923116,0.780278670953912,0.5910716052974553,-0.1187170564078494,0.29309498157225533,0.06862296798642217,0.7677742050732403,0.6692893795601198,-0.2666968728087535
eicu_floor540,148,4,788,417,3797,33,4.818527918781726,90,1.9090909090909092,0.48717948717948717,66.33438976088168,0.9743732057893877,0.06492423182193424,1,0.4631084811180319,0.057249825931803215,0.8343455996189115,1.180870555229566,0.010060262654275993,0.5280327129399661,0.05511686093393522,0.7995712754555198,0.8691955058954011,-0.5153208512729475
eicu_floor540,148,4,788,417,3797,33,4.818527918781726,90,1.9090909090909092,0.48717948717948717,86.1037829375236,0.9742752159761334,0.03394978596973497,1,0.27070007274606445,0.0693821650580719,0.7719423603667976,0.7278827929416711,-0.028788649575762618,0.3046498587157994,0.07227246800088197,0.7419316422531856,0.5654475370110272,-0.48411151177810846
eicu_floor540,148,4,788,417,3797,33,4.818527918781726,90,1.9090909090909092,0.48717948717948717,103.85189428550294,0.9760007169523844,0.0825587099211619,1,0.23953769832804725,0.0736519613923116,0.780278670953912,0.5910716052974553,-0.1187170564078494,0.32209640824920915,0.06770662830207073,0.8031439799928546,0.7982450163669388,-0.42907009767890364
eicu_floor540,148,2,788,487,1999,33,2.536802030456853,90,1.9090909090909092,0.48484848484848486,72.53551445412273,0.9798924178017554,0.05626611767772055,1,0.4631084811180319,0.057249825931803215,0.8343455996189115,1.180870555229566,0.010060262654275993,0.5193745987957524,0.06455241552889032,0.8341074193164225,0.879636042572577,-1.0180103717882532
eicu_floor540,148,2,788,487,1999,33,2.536802030456853,90,1.9090909090909092,0.48484848484848486,44.04580132482707,0.9615246097445178,-0.01987181088119555,0,0.27070007274606445,0.0693821650580719,0.7719423603667976,0.7278827929416711,-0.028788649575762618,0.2508282618648689,0.0900621455747153,0.7263308324401572,0.4623055040698457,-1.0740121131736657
eicu_floor540,148,2,788,487,1999,33,2.536802030456853,90,1.9090909090909092,0.48484848484848486,87.53389583709888,0.9850536627904319,0.057859189230204194,1,0.23953769832804725,0.0736519613923116,0.780278670953912,0.5910716052974553,-0.1187170564078494,0.29739688755825144,0.07842326990403073,0.766226033107062,0.5972254875828623,-0.9450358550233544
eicu_floor540,148,1,788,788,1561,33,1.9809644670050761,90,1.9090909090909092,0.8157894736842105,34.91710040924167,0.9713607376248422,0.057527565303989,1,0.4631084811180319,0.057249825931803215,0.8343455996189115,1.180870555229566,0.010060262654275993,0.5206360464220209,0.058403305172842396,0.7807550315588901,0.8558150443602983,-0.7246567172553335
eicu_floor540,148,1,788,788,1561,33,1.9809644670050761,90,1.9090909090909092,0.7631578947368421,26.230413639145624,0.9618763160292819,0.01929279989852456,1,0.27070007274606445,0.0693821650580719,0.7719423603667976,0.7278827929416711,-0.028788649575762618,0.289992872644589,0.07656656496618001,0.7225199476003334,0.5331579517563926,-0.728389114054819
eicu_floor540,148,1,788,788,1561,33,1.9809644670050761,90,1.9090909090909092,0.7368421052631579,32.708363994162546,0.9629542886476976,0.0627798810615394,1,0.23953769832804725,0.0736519613923116,0.780278670953912,0.5910716052974553,-0.1187170564078494,0.30231757938958664,0.0721715752881621,0.7831368345837799,0.6679877466381696,-0.6927507852218217
eicu_floor540,148,4,788,408,4818,33,6.114213197969543,90,1.9090909090909092,0.5,234.74726888668886,0.9829361911118426,0.052932971895323255,1,0.4631084811180319,0.057249825931803215,0.8343455996189115,1.180870555229566,0.010060262654275993,0.5160414530133551,0.055375513181585075,0.8575681791115876,1.1423014393032762,-0.5819141550959168
eicu_floor540,148,4,788,408,4818,33,6.114213197969543,90,1.9090909090909092,0.5,210.99391351423787,0.9865053663443157,0.0353942714043336,1,0.27070007274606445,0.0693821650580719,0.7719423603667976,0.7278827929416711,-0.028788649575762618,0.30609434415039805,0.0754450917565756,0.7495534119328332,0.609841904487726,-0.7239222485343922
eicu_floor540,148,4,788,408,4818,33,6.114213197969543,90,1.9090909090909092,0.5,168.42852107181577,0.9801047485094572,0.06043722876152527,1,0.23953769832804725,0.0736519613923116,0.780278670953912,0.5910716052974553,-0.1187170564078494,0.2999749270895725,0.0723383454668613,0.8079075860426344,0.7481492682896719,-0.6327920277526273
eicu_floor540,148,3,788,788,5133,33,6.5139593908629445,90,1.9090909090909092,0.4634146341463415,161.7578593493247,0.9864530631764361,-0.023202353237927853,0,0.4631084811180319,0.057249825931803215,0.8343455996189115,1.180870555229566,0.010060262654275993,0.439906127880104,0.057272886509171825,0.7877813504823151,0.9302431527499125,0.3888655204903474
eicu_floor540,148,3,788,788,5133,33,6.5139593908629445,90,1.9090909090909092,0.4634146341463415,77.55866274103349,0.983800308806065,-0.02440514965457921,0,0.27070007274606445,0.0693821650580719,0.7719423603667976,0.7278827929416711,-0.028788649575762618,0.24629492309148523,0.07289152102945969,0.7324044301536263,0.509749528053897,0.046380401560855516
eicu_floor540,148,3,788,788,5133,33,6.5139593908629445,90,1.9090909090909092,0.4634146341463415,127.99744312126802,0.9812326440617315,0.05840738540653226,1,0.23953769832804725,0.0736519613923116,0.780278670953912,0.5910716052974553,-0.1187170564078494,0.2979450837345795,0.066420856786584,0.7657496725020841,0.7057774564132324,0.03338737601080744
eicu_floor540,148,3,788,408,2347,33,2.978426395939086,90,1.9090909090909092,0.475,124.49244904625189,0.9823894350871348,0.05759212036239564,1,0.4631084811180319,0.057249825931803215,0.8343455996189115,1.180870555229566,0.010060262654275993,0.5207006014804275,0.05353070849872806,0.8673335715136358,1.2985739431295826,0.10072087571034774
eicu_floor540,148,3,788,408,2347,33,2.978426395939086,90,1.9090909090909092,0.475,74.24771952160329,0.9713301102976655,0.045980383600553176,1,0.27070007274606445,0.0693821650580719,0.7719423603667976,0.7278827929416711,-0.028788649575762618,0.3166804563466176,0.0666277748235875,0.7686078361319518,0.689793663657727,0.07808835100826579
eicu_floor540,148,3,788,408,2347,33,2.978426395939086,90,1.9090909090909092,0.475,25.745544082574117,0.9240933210649306,0.058137979265299816,1,0.23953769832804725,0.0736519613923116,0.780278670953912,0.5910716052974553,-0.1187170564078494,0.29767567759334707,0.06832580313182245,0.7743241633916875,0.6664348545853772,-0.09894882756872282
eicu_floor540,148,1,788,383,383,33,0.4860406091370558,90,1.9090909090909092,0.5526315789473685,7.29517021152682,0.8629230064543335,0.0018831410297061035,1,0.4631084811180319,0.057249825931803215,0.8343455996189115,1.180870555229566,0.010060262654275993,0.464991622147738,0.055750236468439324,0.8218411337382399,1.0257873228982173,-0.1163519278673483
eicu_floor540,148,1,788,383,383,33,0.4860406091370558,90,1.9090909090909092,0.5526315789473685,27.853798995138746,0.9640982545980702,0.03866956578776193,1,0.27070007274606445,0.0693821650580719,0.7719423603667976,0.7278827929416711,-0.028788649575762618,0.3093696385338264,0.06587605082117039,0.7720614505180421,0.7552172631428972,-0.05346099895202365
eicu_floor540,148,1,788,383,383,33,0.4860406091370558,90,1.9090909090909092,0.5526315789473685,7.325766141743621,0.8634955060465542,0.015710811503932415,1,0.23953769832804725,0.0736519613923116,0.780278670953912,0.5910716052974553,-0.1187170564078494,0.25524850983197966,0.07310987077529309,0.7927831368345837,0.5620058707539851,-0.16519697001387657
eicu_floor540,148,1,788,605,605,33,0.7677664974619289,90,1.9090909090909092,0.7368421052631579,31.465625627212663,0.968000382894748,0.022224981859802928,1,0.4631084811180319,0.057249825931803215,0.8343455996189115,1.180870555229566,0.010060262654275993,0.4853334629778348,0.0580492512186354,0.8338692390139335,1.063325369614092,0.8597081684048741
eicu_floor540,148,1,788,605,605,33,0.7677664974619289,90,1.9090909090909092,0.7368421052631579,37.48204030334216,0.9732619306065549,-0.02088126147883465,0,0.27070007274606445,0.0693821650580719,0.7719423603667976,0.7278827929416711,-0.028788649575762618,0.2498188112672298,0.0705522102504198,0.7243062998690009,0.5071818173648982,0.6812172588232724
eicu_floor540,148,1,788,605,605,33,0.7677664974619289,90,1.9090909090909092,0.7368421052631579,50.16107080835526,0.9799919639320227,0.03953532574631993,1,0.23953769832804725,0.0736519613923116,0.780278670953912,0.5910716052974553,-0.1187170564078494,0.2790730240743672,0.06971761254264083,0.7463379778492318,0.5259431653971818,0.6489538998042209
eicu_floor540,148,1,788,756,756,33,0.9593908629441624,90,1.9090909090909092,0.6923076923076923,30.161266195315136,0.966844893263953,0.02675175739104685,1,0.4631084811180319,0.057249825931803215,0.8343455996189115,1.180870555229566,0.010060262654275993,0.4898602385090787,0.05561407822776669,0.8472073359533167,0.9692347890277033,-0.027052921939424195
eicu_floor540,148,1,788,756,756,33,0.9593908629441624,90,1.9090909090909092,0.717948717948718,31.684806215711262,0.9666909890850803,0.10189203934809038,1,0.27070007274606445,0.0693821650580719,0.7719423603667976,0.7278827929416711,-0.028788649575762618,0.3725921120941548,0.06298158513669512,0.80302488984161,0.8900304735161809,0.11470970065539576
eicu_floor540,148,1,788,756,756,33,0.9593908629441624,90,1.9090909090909092,0.6923076923076923,121.19215226832478,0.9917486406398167,0.08856880537076264,1,0.23953769832804725,0.0736519613923116,0.780278670953912,0.5910716052974553,-0.1187170564078494,0.3281065036988099,0.06856987629488198,0.7844468262474693,0.6897623612265592,-0.20006889677300296
eicu_floor540,148,1,788,788,974,33,1.236040609137056,90,1.9090909090909092,0.7692307692307693,34.66315622511247,0.970824862546382,0.07109458312960265,1,0.4631084811180319,0.057249825931803215,0.8343455996189115,1.180870555229566,0.010060262654275993,0.5342030642476345,0.05203225719668528,0.8553054662379421,1.1353459374062935,-0.17681680536568958
eicu_floor540,148,1,788,788,974,33,1.236040609137056,90,1.9090909090909092,0.7692307692307693,39.128183863691156,0.9734161696274775,0.011194243465694198,1,0.27070007274606445,0.0693821650580719,0.7719423603667976,0.7278827929416711,-0.028788649575762618,0.28189431621175864,0.07179165222553241,0.7768250565678219,0.62068217811586,-0.27694321369374614
eicu_floor540,148,1,788,788,974,33,1.236040609137056,90,1.9090909090909092,0.7692307692307693,93.89103881576422,0.9893270527265055,0.06516802200817698,1,0.23953769832804725,0.0736519613923116,0.780278670953912,0.5910716052974553,-0.1187170564078494,0.30470572033622423,0.0731705101962737,0.7938549481957842,0.6071419227882535,-0.2914768400787515
eicu_floor540,152,4,443,392,2076,30,4.686230248306997,58,1.3666666666666667,0.46153846153846156,113.31629311133658,0.9780671056991019,0.10825016871621107,1,0.39738730405038314,0.0695742852594414,0.8654496281271129,0.6800224187421062,-0.4349811372888128,0.5056374727665942,0.060610436925820445,0.8644354293441515,0.9258406289214417,-0.267357660619033
eicu_floor540,152,4,443,392,2076,30,4.686230248306997,58,1.3666666666666667,0.46153846153846156,82.38064297800726,0.9670052663820217,0.01311223614903878,1,0.501497112211762,0.05806087809117692,0.8664638269100744,0.6665514425213122,-0.05035537665780664,0.5146093483608007,0.05596138102167466,0.8732251521298174,0.9613016881647528,0.020497698191733357
eicu_floor540,152,4,443,392,2076,30,4.686230248306997,58,1.3666666666666667,0.46153846153846156,100.81861238716384,0.9762011799777974,0.012133129232450413,1,0.42472831369593367,0.06778087139262194,0.7454361054766734,0.5067935943928317,0.4550410209343834,0.4368614429283841,0.06644432449716273,0.7691007437457742,0.7738468782920654,0.13192443531887876
eicu_floor540,152,4,443,443,2920,30,6.591422121896162,58,1.3666666666666667,0.47619047619047616,50.35497048396207,0.960098399798106,0.08381954690735538,1,0.39738730405038314,0.0695742852594414,0.8654496281271129,0.6800224187421062,-0.4349811372888128,0.4812068509577385,0.06296213127237735,0.8586883029073697,1.0623525161811442,-0.15455366877876278
eicu_floor540,152,4,443,443,2920,30,6.591422121896162,58,1.3666666666666667,0.47619047619047616,105.28739429282625,0.9669479146394959,0.03344692298704688,1,0.501497112211762,0.05806087809117692,0.8664638269100744,0.6665514425213122,-0.05035537665780664,0.5349440351988088,0.057123108089208494,0.8688302907369844,1.1003035919397135,-0.10657981315545532
eicu_floor540,152,4,443,443,2920,30,6.591422121896162,58,1.3666666666666667,0.47619047619047616,112.2613722435766,0.9645775645676433,-0.01944149349672397,0,0.42472831369593367,0.06778087139262194,0.7454361054766734,0.5067935943928317,0.4550410209343834,0.4052868201992097,0.07461766283131856,0.7674104124408384,0.7153398175714111,-0.5942340197674588
eicu_floor540,152,3,443,443,2560,30,5.778781038374718,58,1.3666666666666667,0.5526315789473685,155.04304118313053,0.9872402193934041,0.1247160618441212,1,0.39738730405038314,0.0695742852594414,0.8654496281271129,0.6800224187421062,-0.4349811372888128,0.5221033658945043,0.058058373792886954,0.7660581473968897,0.6813917241387378,0.08516985403030214
eicu_floor540,152,3,443,443,2560,30,5.778781038374718,58,1.3666666666666667,0.5526315789473685,140.44749894153725,0.9786397050669533,0.08255215493122903,1,0.501497112211762,0.05806087809117692,0.8664638269100744,0.6665514425213122,-0.05035537665780664,0.584049267142991,0.056077289749585674,0.889790398918188,0.9394083931406516,0.4848718079872802
eicu_floor540,152,3,443,443,2560,30,5.778781038374718,58,1.3666666666666667,0.5526315789473685,219.3295716382685,0.9904175668272341,0.17246459922918633,1,0.42472831369593367,0.06778087139262194,0.7454361054766734,0.5067935943928317,0.4550410209343834,0.59719291292512,0.05102602684122556,0.8120351588911426,0.9094399577283859,0.2872824107029468
eicu_floor540,152,3,443,443,3360,30,7.584650112866817,58,1.3666666666666667,0.696969696969697,270.3279410639473,0.9889023680342006,0.1719778628750982,1,0.39738730405038314,0.0695742852594414,0.8654496281271129,0.6800224187421062,-0.4349811372888128,0.5693651669254813,0.0572578650646973,0.8509127789046653,0.9077908990287357,-0.3012329427534235
eicu_floor540,152,3,443,443,3360,30,7.584650112866817,58,1.3666666666666667,0.696969696969697,134.9522806122221,0.9777699199569636,-0.015410141869796612,0,0.501497112211762,0.05806087809117692,0.8664638269100744,0.6665514425213122,-0.05035537665780664,0.48608697034196535,0.05861853219148043,0.8286004056795132,0.9890711629939609,-0.1293014678583006
eicu_floor540,152,3,443,443,3360,30,7.584650112866817,58,1.3666666666666667,0.696969696969697,299.36834023730137,0.989978900248363,-0.1135681277374071,0,0.42472831369593367,0.06778087139262194,0.7454361054766734,0.5067935943928317,0.4550410209343834,0.31116018595852657,0.07262221931674688,0.72920892494929,0.5933885547362157,0.1058725119373615
eicu_floor540,152,2,443,443,2236,30,5.047404063205418,58,1.3666666666666667,0.5151515151515151,122.48897839304695,0.9862510584272964,0.10617294528679844,1,0.39738730405038314,0.0695742852594414,0.8654496281271129,0.6800224187421062,-0.4349811372888128,0.5035602493371816,0.06377869644281323,0.8194726166328601,0.7866112421361832,-0.5549050541123383
eicu_floor540,152,2,443,443,2236,30,5.047404063205418,58,1.3666666666666667,0.5151515151515151,90.2452394333253,0.9889190830864955,-0.01487264237782282,0,0.501497112211762,0.05806087809117692,0.8664638269100744,0.6665514425213122,-0.05035537665780664,0.48662446983393914,0.06276212109200816,0.8360378634212305,0.9031053004697309,-0.3850266984647889
eicu_floor540,152,2,443,443,2236,30,5.047404063205418,58,1.3666666666666667,0.5151515151515151,95.08017752803305,0.9789651213113235,-0.04897544479377519,0,0.42472831369593367,0.06778087139262194,0.7454361054766734,0.5067935943928317,0.4550410209343834,0.3757528689021585,0.07305587324853487,0.7427315753887761,0.6309190234132624,-0.3486760470903184
eicu_floor540,152,1,443,435,435,30,0.981941309255079,58,1.3666666666666667,0.5789473684210527,18.11876557883,0.9446874611437651,0.010243384426580793,1,0.39738730405038314,0.0695742852594414,0.8654496281271129,0.6800224187421062,-0.4349811372888128,0.40763068847696393,0.06789222694772806,0.8566599053414469,0.5832972291126945,-0.5395940019603301
eicu_floor540,152,1,443,435,435,30,0.981941309255079,58,1.3666666666666667,0.5789473684210527,18.029993804592046,0.9444670922787184,0.02249166165673666,1,0.501497112211762,0.05806087809117692,0.8664638269100744,0.6665514425213122,-0.05035537665780664,0.5239887738684986,0.05413998884546992,0.8853955375253549,0.8766205428254291,-0.29216755222111057
eicu_floor540,152,1,443,435,435,30,0.981941309255079,58,1.3666666666666667,0.5789473684210527,19.316926386256995,0.9477460140950691,0.10474044687664008,1,0.42472831369593367,0.06778087139262194,0.7454361054766734,0.5067935943928317,0.4550410209343834,0.5294687605725737,0.05904489300558279,0.8005409060175794,0.7312169810534027,0.20921696640901855
eicu_floor540,152,1,443,443,1756,30,3.963882618510158,58,1.3666666666666667,0.6,139.94893712858766,0.9920155022885695,0.010271490148363538,1,0.39738730405038314,0.0695742852594414,0.8654496281271129,0.6800224187421062,-0.4349811372888128,0.4076587941987467,0.075557468945862,0.8265720081135902,0.6152463722203639,-0.7194843706980494
eicu_floor540,152,1,443,443,1756,30,3.963882618510158,58,1.3666666666666667,0.6,43.65540241614089,0.9769535711262728,0.024859794161505633,1,0.501497112211762,0.05806087809117692,0.8664638269100744,0.6665514425213122,-0.05035537665780664,0.5263569063732676,0.05714957182371788,0.8397565922920892,0.7452175471510808,-0.49659281251821374
eicu_floor540,152,1,443,443,1756,30,3.963882618510158,58,1.3666666666666667,0.6,60.51611682471107,0.9774472100401301,0.08226781915458081,1,0.42472831369593367,0.06778087139262194,0.7454361054766734,0.5067935943928317,0.4550410209343834,0.5069961328505145,0.061234629664915975,0.7606490872210954,0.6588103030171651,-0.22588030114463253
eicu_floor540,152,4,443,423,5101,30,11.514672686230249,58,1.3666666666666667,0.5,77.74313076556768,0.9689972972541668,0.04974255177653575,1,0.39738730405038314,0.0695742852594414,0.8654496281271129,0.6800224187421062,-0.4349811372888128,0.4471298558269189,0.06862421643844871,0.8248816768086544,0.8018450624579642,-0.5926939123704048
eicu_floor540,152,4,443,423,5101,30,11.514672686230249,58,1.3666666666666667,0.5,157.32960644065992,0.9872016726700257,0.15441630330837852,1,0.501497112211762,0.05806087809117692,0.8664638269100744,0.6665514425213122,-0.05035537665780664,0.6559134155201405,0.04798648200726954,0.8820148749154834,1.0399484718889986,-0.6536926834820554
eicu_floor540,152,4,443,423,5101,30,11.514672686230249,58,1.3666666666666667,0.5,222.7384231261102,0.9855168372595362,0.17003094482784342,1,0.42472831369593367,0.06778087139262194,0.7454361054766734,0.5067935943928317,0.4550410209343834,0.5947592585237771,0.055557975944056995,0.8424611223799864,0.9404227429700842,-0.46041868394468716
eicu_floor540,152,3,443,443,3812,30,8.604966139954854,58,1.3666666666666667,0.5526315789473685,116.2595984955588,0.9756394624449392,0.010311413731167285,1,0.39738730405038314,0.0695742852594414,0.8654496281271129,0.6800224187421062,-0.4349811372888128,0.4076987177815504,0.06652128129532539,0.8194726166328601,0.945712314402346,-0.521486650136788
eicu_floor540,152,3,443,443,3812,30,8.604966139954854,58,1.3666666666666667,0.5526315789473685,96.05783329224366,0.9834713743950765,0.03623384751511627,1,0.501497112211762,0.05806087809117692,0.8664638269100744,0.6665514425213122,-0.05035537665780664,0.5377309597268782,0.056724625848726895,0.8559837728194727,1.22583292311418,-0.5843746695398965
eicu_floor540,152,3,443,443,3812,30,8.604966139954854,58,1.3666666666666667,0.5526315789473685,104.23712118374372,0.9804091352885356,-0.0009775471812007996,0,0.42472831369593367,0.06778087139262194,0.7454361054766734,0.5067935943928317,0.4550410209343834,0.42375076651473287,0.06623359690483938,0.8154158215010142,0.8803089977493854,-0.3431526075389274
eicu_floor540,152,1,443,443,2629,30,5.934537246049661,58,1.3666666666666667,0.6666666666666666,33.25732501625958,0.9659499261885407,-0.007543962313305785,0,0.39738730405038314,0.0695742852594414,0.8654496281271129,0.6800224187421062,-0.4349811372888128,0.38984334173707735,0.06904218021375319,0.8299526707234618,0.8433628130124957,0.5284871422718666
eicu_floor540,152,1,443,443,2629,30,5.934537246049661,58,1.3666666666666667,0.6666666666666666,44.34647082466334,0.9771533351062427,-0.00955000712717674,0,0.501497112211762,0.05806087809117692,0.8664638269100744,0.6665514425213122,-0.05035537665780664,0.4919471050845852,0.06427493601291615,0.7978363759296822,0.9769340979117374,0.49001158675212086
eicu_floor540,152,1,443,443,2629,30,5.934537246049661,58,1.3666666666666667,0.6666666666666666,40.47073360042401,0.9752293398407268,0.009932709928280048,1,0.42472831369593367,0.06778087139262194,0.7454361054766734,0.5067935943928317,0.4550410209343834,0.4346610236242137,0.06664456858774268,0.7569303583502366,0.6806115411719429,0.3608317507532602
eicu_floor540,152,2,443,383,1057,30,2.386004514672686,58,1.3666666666666667,0.5263157894736842,50.69554145485038,0.9670587658446601,0.06442484553563649,1,0.39738730405038314,0.0695742852594414,0.8654496281271129,0.6800224187421062,-0.4349811372888128,0.4618121495860196,0.0632050254042796,0.810344827586207,0.6360920357807398,0.006086662857864388
eicu_floor540,152,2,443,383,1057,30,2.386004514672686,58,1.3666666666666667,0.5263157894736842,67.1966153580422,0.9702365961537878,0.008202624906846312,1,0.501497112211762,0.05806087809117692,0.8664638269100744,0.6665514425213122,-0.05035537665780664,0.5096997371186083,0.059880193282494214,0.883029073698445,0.8773417000691867,0.3797640297739537
eicu_floor540,152,2,443,383,1057,30,2.386004514672686,58,1.3666666666666667,0.5263157894736842,26.947208771779177,0.9479352118485594,0.04343368045093049,1,0.42472831369593367,0.06778087139262194,0.7454361054766734,0.5067935943928317,0.4550410209343834,0.46816199414686416,0.0629195971630274,0.7927653820148749,0.6912881723682065,0.9022756985338053
eicu_floor540,152,1,443,443,910,30,2.054176072234763,58,1.3666666666666667,0.7,26.904206532602192,0.9628310911608483,0.029626670840609548,1,0.39738730405038314,0.0695742852594414,0.8654496281271129,0.6800224187421062,-0.4349811372888128,0.4270139748909927,0.06415200585773738,0.8576741041244084,0.9037402485588141,-0.137927392722235
eicu_floor540,152,1,443,443,910,30,2.054176072234763,58,1.3666666666666667,0.7,37.4193068036108,0.9732758277632363,0.05610810970278024,1,0.501497112211762,0.05806087809117692,0.8664638269100744,0.6665514425213122,-0.05035537665780664,0.5576052219145422,0.05705961113504603,0.8316430020283975,1.119593898058642,0.06597219829193282
eicu_floor540,152,1,443,443,910,30,2.054176072234763,58,1.3666666666666667,0.7,27.632949252610718,0.9638113184785905,-0.010927382576954803,0,0.42472831369593367,0.06778087139262194,0.7454361054766734,0.5067935943928317,0.4550410209343834,0.41380093111897887,0.06831068562205092,0.7116294793779582,0.5922726218733254,0.3318676474804783
eicu_floor540,154,2,409,392,1953,32,4.775061124694377,66,1.4375,0.5526315789473685,44.52098271109344,0.9658206753022206,0.0546577714345336,1,0.1931196259391292,0.10728041250626932,0.6278846153846154,0.39473602868878843,-0.038497306322965025,0.2477773973736628,0.10279095425227434,0.735576923076923,0.6139293401679576,-0.27070215541663156
eicu_floor540,154,2,409,392,1953,31,4.775061124694377,66,1.4838709677419355,0.5526315789473685,33.01940759985131,0.9541007517327468,0.10750381298044487,1,0.2188334159237164,0.11213918430492362,0.5750000000000001,0.1964861327302993,-0.1257658886316404,0.3263372289041613,0.09417172309130782,0.6496794871794872,0.5491839058062071,-0.10176355805596113
eicu_floor540,154,2,409,392,1953,31,4.775061124694377,66,1.4838709677419355,0.5675675675675675,47.96521148863614,0.971562029040773,0.05270898128888735,1,0.2784032929626006,0.09422172226372698,0.6900641025641024,0.6081998250545095,-0.057272644590479156,0.3311122742514879,0.08990332518824751,0.7724358974358974,0.9178231213735506,-0.2455367780567942
eicu_floor540,154,1,409,409,443,32,1.0831295843520783,66,1.4375,0.8787878787878788,11.853975362911687,0.9156401148657044,0.05695524091176615,1,0.1931196259391292,0.10728041250626932,0.6278846153846154,0.39473602868878843,-0.038497306322965025,0.25007486685089536,0.1037283629986162,0.7849358974358974,0.5936509700801396,0.02551939619976605
eicu_floor540,154,1,409,409,443,31,1.0831295843520783,66,1.4838709677419355,0.8484848484848485,107.3311311041978,0.9906589997529007,0.06516879716621221,1,0.2188334159237164,0.11213918430492362,0.5750000000000001,0.1964861327302993,-0.1257658886316404,0.2840022130899286,0.11206442148754939,0.6336538461538461,0.25750888016167517,-0.08751758405337377
eicu_floor540,154,1,409,409,443,31,1.0831295843520783,66,1.4838709677419355,0.8484848484848485,22.05082595235989,0.9546470964893119,0.04253293973462813,1,0.2784032929626006,0.09422172226372698,0.6900641025641024,0.6081998250545095,-0.057272644590479156,0.3209362326972287,0.09331986225992144,0.746474358974359,0.5162988842261227,0.017184204835753267
eicu_floor540,154,3,409,409,3836,32,9.378973105134474,66,1.4375,0.525,112.77853492199797,0.9733991933653429,0.057190354940017646,1,0.1931196259391292,0.10728041250626932,0.6278846153846154,0.39473602868878843,-0.038497306322965025,0.25030998087914685,0.10650150340495913,0.7192307692307692,0.5318521262548921,-0.47600570276696524
eicu_floor540,154,3,409,409,3836,31,9.378973105134474,66,1.4838709677419355,0.525,197.21129283045457,0.9846191304642972,0.13047549214105425,1,0.2188334159237164,0.11213918430492362,0.5750000000000001,0.1964861327302993,-0.1257658886316404,0.34930890806477066,0.10059124536634738,0.6173076923076923,0.4351158490861967,-0.3782512181307944
eicu_floor540,154,3,409,409,3836,31,9.378973105134474,66,1.4838709677419355,0.525,160.59615039413563,0.9813196020412857,0.0481460591026574,1,0.2784032929626006,0.09422172226372698,0.6900641025641024,0.6081998250545095,-0.057272644590479156,0.326549352065258,0.09601980668469624,0.8048076923076924,0.768828214279019,-0.6495042958695789
eicu_floor540,154,4,409,409,3144,32,7.687041564792176,66,1.4375,0.5,68.14771597147698,0.9638766894026835,0.07660566483498113,1,0.1931196259391292,0.10728041250626932,0.6278846153846154,0.39473602868878843,-0.038497306322965025,0.26972529077411034,0.11077611731174754,0.7564102564102565,0.42979275824588337,-0.22177836136701806
eicu_floor540,154,4,409,409,3144,31,7.687041564792176,66,1.4838709677419355,0.5,90.3762053731553,0.9654375518026088,0.1595837006893645,1,0.2188334159237164,0.11213918430492362,0.5750000000000001,0.1964861327302993,-0.1257658886316404,0.3784171166130809,0.10862676941490394,0.6266025641025641,0.32546397644760033,-0.4603537240987027
eicu_floor540,154,4,409,409,3144,31,7.687041564792176,66,1.4838709677419355,0.5,83.91797973638838,0.9785527903585292,0.058276828379235035,1,0.2784032929626006,0.09422172226372698,0.6900641025641024,0.6081998250545095,-0.057272644590479156,0.3366801213418356,0.09403528594773435,0.7243589743589745,0.6150940010309128,-0.14937841749032776
eicu_floor540,154,2,409,409,1312,32,3.2078239608801957,66,1.4375,0.7222222222222222,51.567126622925656,0.9680296397940367,0.08276559455518426,1,0.1931196259391292,0.10728041250626932,0.6278846153846154,0.39473602868878843,-0.038497306322965025,0.27588522049431347,0.10189337323354267,0.7416666666666667,0.5638814741935366,0.1709679333508931
eicu_floor540,154,2,409,409,1312,31,3.2078239608801957,66,1.4838709677419355,0.6388888888888888,70.33216084149988,0.9756712469258649,0.11419322617541472,1,0.2188334159237164,0.11213918430492362,0.5750000000000001,0.1964861327302993,-0.1257658886316404,0.33302664209913113,0.09341552095951476,0.7112179487179487,0.588009039512312,0.17416083311461886
eicu_floor540,154,2,409,409,1312,31,3.2078239608801957,66,1.4838709677419355,0.6388888888888888,56.10426908793539,0.9688122092740372,0.10750612548286487,1,0.2784032929626006,0.09422172226372698,0.6900641025641024,0.6081998250545095,-0.057272644590479156,0.38590941844546545,0.0856241783111358,0.780128205128205,0.818801337824352,-0.2442563849141658
eicu_floor540,154,2,409,409,1052,32,2.5721271393643033,66,1.4375,0.5945945945945946,40.51137209437881,0.9634131448893865,0.12512618762536085,1,0.1931196259391292,0.10728041250626932,0.6278846153846154,0.39473602868878843,-0.038497306322965025,0.31824581356449005,0.09109849190824856,0.8112179487179487,0.9412880984493978,-0.2756877837397321
eicu_floor540,154,2,409,409,1052,31,2.5721271393643033,66,1.4838709677419355,0.5675675675675675,25.06724337309351,0.956183079112891,0.1337186277673364,1,0.2188334159237164,0.11213918430492362,0.5750000000000001,0.1964861327302993,-0.1257658886316404,0.3525520436910528,0.09791636575654378,0.7189102564102564,0.5124413000257576,-0.3028931765210011
eicu_floor540,154,2,409,409,1052,31,2.5721271393643033,66,1.4838709677419355,0.5675675675675675,31.878544749097607,0.9514354870291656,0.02935494839624464,1,0.2784032929626006,0.09422172226372698,0.6900641025641024,0.6081998250545095,-0.057272644590479156,0.3077582413588452,0.09497165922209322,0.721474358974359,0.5883603240827963,-0.23217748116684275
eicu_floor540,154,1,409,409,1756,32,4.293398533007335,66,1.4375,0.5625,93.14090761291307,0.9891506525341714,0.04531759175082786,1,0.1931196259391292,0.10728041250626932,0.6278846153846154,0.39473602868878843,-0.038497306322965025,0.23843721768995707,0.10412099364374396,0.7403846153846154,0.5645300530074472,-0.21772568851056934
eicu_floor540,154,1,409,409,1756,31,4.293398533007335,66,1.4838709677419355,0.5806451612903226,20.13838915948019,0.942448846173219,0.05605442989395648,1,0.2188334159237164,0.11213918430492362,0.5750000000000001,0.1964861327302993,-0.1257658886316404,0.2748878458176729,0.10867873201142521,0.6516025641025641,0.31490904588243324,-0.260975561609048
eicu_floor540,154,1,409,409,1756,31,4.293398533007335,66,1.4838709677419355,0.5806451612903226,51.98905483307058,0.9807509120765134,0.07637556549538083,1,0.2784032929626006,0.09422172226372698,0.6900641025641024,0.6081998250545095,-0.057272644590479156,0.3547788584579814,0.08842466954699972,0.7676282051282051,0.6891954849559901,-0.2046106820701532
eicu_floor540,154,2,409,408,2174,32,5.315403422982885,66,1.4375,0.5945945945945946,184.09675617161477,0.9903970687590168,0.021116471019972577,1,0.1931196259391292,0.10728041250626932,0.6278846153846154,0.39473602868878843,-0.038497306322965025,0.21423609695910178,0.11875186639957726,0.742948717948718,0.44463574813336765,-0.594579950230826
eicu_floor540,154,2,409,408,2174,31,5.315403422982885,66,1.4838709677419355,0.5945945945945946,300.4212069600283,0.993342680364552,0.03708732518610797,1,0.2188334159237164,0.11213918430492362,0.5750000000000001,0.1964861327302993,-0.1257658886316404,0.2559207411098244,0.11874549408560098,0.6192307692307693,0.2433876958522512,-0.6103427751406111
eicu_floor540,154,2,409,408,2174,31,5.315403422982885,66,1.4838709677419355,0.5945945945945946,93.77899387958307,0.9786732623452102,0.04747623392990635,1,0.2784032929626006,0.09422172226372698,0.6900641025641024,0.6081998250545095,-0.057272644590479156,0.32587952689250693,0.09803561262298098,0.716025641025641,0.6034836483394271,-0.42890423749742035
eicu_floor540,154,2,409,409,1056,32,2.5819070904645476,66,1.4375,0.65625,73.49876503933069,0.9817465612722915,0.04774253261525438,1,0.1931196259391292,0.10728041250626932,0.6278846153846154,0.39473602868878843,-0.038497306322965025,0.2408621585543836,0.1080829659662077,0.7423076923076923,0.5325527325551409,-0.24914643026476907
eicu_floor540,154,2,409,409,1056,31,2.5819070904645476,66,1.4838709677419355,0.6774193548387096,90.29022349511658,0.9775323703098757,0.0373018674872172,1,0.2188334159237164,0.11213918430492362,0.5750000000000001,0.1964861327302993,-0.1257658886316404,0.2561352834109336,0.10766000323170921,0.6237179487179487,0.2801740136008483,-0.13497915294795707
eicu_floor540,154,2,409,409,1056,31,2.5819070904645476,66,1.4838709677419355,0.6774193548387096,77.2694592556668,0.9722495920985079,0.06468822156696902,1,0.2784032929626006,0.09422172226372698,0.6900641025641024,0.6081998250545095,-0.057272644590479156,0.3430915145295696,0.09009890309136918,0.7432692307692308,0.702013570827696,-0.03468794662634405
eicu_floor540,154,1,409,409,605,32,1.4792176039119804,66,1.4375,0.7105263157894737,18.778614647512256,0.9467479354163926,0.01725366541492973,1,0.1931196259391292,0.10728041250626932,0.6278846153846154,0.39473602868878843,-0.038497306322965025,0.21037329135405894,0.10380643961699705,0.6826923076923076,0.4440922607803817,1.0473495230909662
eicu_floor540,154,1,409,409,605,31,1.4792176039119804,66,1.4838709677419355,0.6842105263157895,15.78405496732491,0.9356573244687587,-0.00959988994865929,0,0.2188334159237164,0.11213918430492362,0.5750000000000001,0.1964861327302993,-0.1257658886316404,0.20923352597505712,0.11512708981016508,0.6198717948717949,0.17312080700001636,0.7226627515962879
eicu_floor540,154,1,409,409,605,31,1.4792176039119804,66,1.4838709677419355,0.6842105263157895,62.27854073210061,0.983942213443069,-0.04085731314254898,0,0.2784032929626006,0.09422172226372698,0.6900641025641024,0.6081998250545095,-0.057272644590479156,0.2375459798200516,0.10671802113398328,0.7038461538461539,0.3375441969825119,1.1488034524255228
eicu_floor540,154,1,409,409,835,32,2.041564792176039,66,1.4375,0.59375,32.48339479069739,0.9692150402861717,0.02480583123330668,1,0.1931196259391292,0.10728041250626932,0.6278846153846154,0.39473602868878843,-0.038497306322965025,0.2179254571724359,0.10440255894193819,0.6987179487179488,0.47951561393308734,0.13630695241507435
eicu_floor540,154,1,409,409,835,31,2.041564792176039,66,1.4838709677419355,0.6129032258064516,51.83062046357691,0.9807063857029701,0.025385404183523808,1,0.2188334159237164,0.11213918430492362,0.5750000000000001,0.1964861327302993,-0.1257658886316404,0.24421882010724022,0.11325548830183864,0.6099358974358974,0.26114040971244745,-0.2605668941974891
eicu_floor540,154,1,409,409,835,31,2.041564792176039,66,1.4838709677419355,0.6129032258064516,70.35662599210866,0.9857866976152017,0.12072507449614611,1,0.2784032929626006,0.09422172226372698,0.6900641025641024,0.6081998250545095,-0.057272644590479156,0.3991283674587467,0.08514025118157725,0.7650641025641025,0.7270682997761704,-0.15387666322783614
eicu_floor540,154,1,409,409,1083,32,2.647921760391198,66,1.4375,0.7105263157894737,34.08575863011134,0.9706622343116459,0.041725249682182886,1,0.1931196259391292,0.10728041250626932,0.6278846153846154,0.39473602868878843,-0.038497306322965025,0.2348448756213121,0.10413309773919534,0.7243589743589743,0.5989607243270314,-0.397326039201503
eicu_floor540,154,1,409,409,1083,31,2.647921760391198,66,1.4838709677419355,0.6842105263157895,60.05617292745347,0.9831235633894815,0.14599280341087817,1,0.2188334159237164,0.11213918430492362,0.5750000000000001,0.1964861327302993,-0.1257658886316404,0.3648262193345946,0.09520421779976705,0.6717948717948719,0.4943741104948963,-0.29790723255118623
eicu_floor540,154,1,409,409,1083,31,2.647921760391198,66,1.4838709677419355,0.6842105263157895,47.57106492102933,0.9778129727866677,0.07792952483547838,1,0.2784032929626006,0.09422172226372698,0.6900641025641024,0.6081998250545095,-0.057272644590479156,0.35633281779807896,0.09251524707818191,0.7378205128205129,0.7351114168190676,-0.4530179292563664
eicu_floor540,157,3,501,501,4431,33,8.844311377245509,94,2.0,0.42857142857142855,113.75618274271388,0.9855655653563755,-0.0007916592767139297,0,0.42359969312185636,0.09634608088901235,0.7635599694423224,0.7980525641251028,0.08392621588829674,0.42280803384514243,0.10162297907017198,0.7897249809014515,0.8064696047331832,0.9131029469545072
eicu_floor540,157,3,501,501,4431,35,8.844311377245509,94,1.8857142857142857,0.4523809523809524,134.98310745147796,0.986588116161937,0.11373032562158436,1,0.37041328641779414,0.1035746686260369,0.779029793735676,0.7186551011838808,-0.131793885230726,0.4841436120393785,0.09215560998702388,0.8114973262032086,0.9691809674364158,0.5636185998502278
eicu_floor540,157,3,501,501,4431,33,8.844311377245509,94,2.0,0.42857142857142855,81.25297715326172,0.9853263192488312,0.07502745950250123,1,0.45842103368708154,0.09497623795354013,0.7566844919786097,0.8037620977481746,-0.04434800730074407,0.5334484931895828,0.0882086967723055,0.7721543162719633,0.8200501636335761,0.47686353794089165
eicu_floor540,157,3,501,501,2282,33,4.554890219560878,94,2.0,0.5,155.5691482158079,0.985361738110472,0.0097956214577129,1,0.42359969312185636,0.09634608088901235,0.7635599694423224,0.7980525641251028,0.08392621588829674,0.43339531457956926,0.10082678695567387,0.7815126050420168,0.5835937747495665,-0.044085120671157996
eicu_floor540,157,3,501,501,2282,35,4.554890219560878,94,1.8857142857142857,0.5,94.63250066835211,0.9757960520508145,0.08218775964469038,1,0.37041328641779414,0.1035746686260369,0.779029793735676,0.7186551011838808,-0.131793885230726,0.4526010460624845,0.10052724875835414,0.8158899923605806,0.6057439995032361,-0.09543904442432587
eicu_floor540,157,3,501,501,2282,33,4.554890219560878,94,2.0,0.5,93.62475190009647,0.9679571914572207,0.04970468626390334,1,0.45842103368708154,0.09497623795354013,0.7566844919786097,0.8037620977481746,-0.04434800730074407,0.5081257199509849,0.08906243118136618,0.8275401069518716,0.8169985797502936,0.11031051208336824
eicu_floor540,157,3,501,501,2212,33,4.415169660678643,94,2.0,0.48717948717948717,204.79420097030484,0.9854610499928723,-0.049506694384542305,0,0.42359969312185636,0.09634608088901235,0.7635599694423224,0.7980525641251028,0.08392621588829674,0.37409299873731405,0.10557275371990217,0.7343391902215431,0.5651465223386262,0.33820927685754987
eicu_floor540,157,3,501,501,2212,35,4.415169660678643,94,1.8857142857142857,0.4634146341463415,175.6485843648776,0.9844023736591969,0.12740033159866354,1,0.37041328641779414,0.1035746686260369,0.779029793735676,0.7186551011838808,-0.131793885230726,0.4978136180164577,0.08925445598444476,0.7950725744843392,0.952802693375735,0.3453813174731889
eicu_floor540,157,3,501,501,2212,33,4.415169660678643,94,2.0,0.48717948717948717,122.8338074328206,0.9839077328561877,0.08251625905062576,1,0.45842103368708154,0.09497623795354013,0.7566844919786097,0.8037620977481746,-0.04434800730074407,0.5409372927377073,0.08519299543071134,0.813598166539343,0.9425101920282677,0.36722524729924116
eicu_floor540,157,4,501,409,3178,33,6.343313373253493,94,2.0,0.5277777777777778,101.3793649760887,0.9636677907991221,0.045778459002596916,1,0.42359969312185636,0.09634608088901235,0.7635599694423224,0.7980525641251028,0.08392621588829674,0.4693781521244533,0.09316565499431737,0.822192513368984,0.8226772642721705,0.12178749259189314
eicu_floor540,157,4,501,409,3178,35,6.343313373253493,94,1.8857142857142857,0.5277777777777778,120.44122452359605,0.9822571121372268,0.1297294162572713,1,0.37041328641779414,0.1035746686260369,0.779029793735676,0.7186551011838808,-0.131793885230726,0.5001427026750654,0.0887461482558006,0.8210466004583652,1.0187959318160524,0.0918844914916587
eicu_floor540,157,4,501,409,3178,33,6.343313373253493,94,2.0,0.5277777777777778,163.92419759617712,0.9792095409775722,0.06298843013902766,1,0.45842103368708154,0.09497623795354013,0.7566844919786097,0.8037620977481746,-0.04434800730074407,0.5214094638261092,0.0857780206462067,0.8262032085561498,0.8711225981568775,0.015050862084458818
eicu_floor540,157,1,501,501,1051,33,2.097804391217565,94,2.0,0.6666666666666666,28.46042885315589,0.9648000881609883,-0.020215139417533945,0,0.42359969312185636,0.09634608088901235,0.7635599694423224,0.7980525641251028,0.08392621588829674,0.4033845537043224,0.099238055317831,0.7794117647058824,0.7345684557391927,0.12014549631814672
eicu_floor540,157,1,501,501,1051,35,2.097804391217565,94,1.8857142857142857,0.6285714285714286,15.116633015646663,0.9338156777497406,0.04183800841450602,1,0.37041328641779414,0.1035746686260369,0.779029793735676,0.7186551011838808,-0.131793885230726,0.41225129483230016,0.10117814375448943,0.7459893048128342,0.6637867360721603,-0.15310256070217781
eicu_floor540,157,1,501,501,1051,33,2.097804391217565,94,2.0,0.6666666666666666,43.09176559208202,0.9763519261802582,0.010463145066272328,1,0.45842103368708154,0.09497623795354013,0.7566844919786097,0.8037620977481746,-0.04434800730074407,0.46888417875335386,0.09150060922180388,0.8097784568372803,0.9628594298104893,0.19669658483102365
eicu_floor540,157,3,501,383,1549,33,3.0918163672654693,94,2.0,0.5,68.42871457136755,0.9633983416464547,-0.015353841548131242,0,0.42359969312185636,0.09634608088901235,0.7635599694423224,0.7980525641251028,0.08392621588829674,0.4082458515737251,0.10046328321165078,0.8132161955691368,0.6552784972334894,-0.3802654224429107
eicu_floor540,157,3,501,383,1549,35,3.0918163672654693,94,1.8857142857142857,0.5,37.40953868622877,0.9613995460741697,0.018640586967107187,1,0.37041328641779414,0.1035746686260369,0.779029793735676,0.7186551011838808,-0.131793885230726,0.3890538733849013,0.1096425232300711,0.7797937356760887,0.6500807979818723,-0.5411124940358564
eicu_floor540,157,3,501,383,1549,33,3.0918163672654693,94,2.0,0.5,29.60194294242639,0.9505937874128567,0.0007325412362145789,1,0.45842103368708154,0.09497623795354013,0.7566844919786097,0.8037620977481746,-0.04434800730074407,0.4591535749232961,0.09790629145363125,0.8153170359052713,0.8670277592508299,-0.6270874861569488
eicu_floor540,157,2,501,501,1205,33,2.405189620758483,94,2.0,0.7297297297297297,63.46148075072745,0.968484819825496,-0.010530503783674094,0,0.42359969312185636,0.09634608088901235,0.7635599694423224,0.7980525641251028,0.08392621588829674,0.41306918933818226,0.09961648566476031,0.7992742551566081,0.6776000813889242,-0.3782402054370939
eicu_floor540,157,2,501,501,1205,35,2.405189620758483,94,1.8857142857142857,0.7027027027027027,39.54454440654729,0.9519207058268062,0.03939631613213429,1,0.37041328641779414,0.1035746686260369,0.779029793735676,0.7186551011838808,-0.131793885230726,0.40980960254992843,0.1071471085761903,0.7736822001527884,0.7474109146900868,-0.6465019343017837
eicu_floor540,157,2,501,501,1205,33,2.405189620758483,94,2.0,0.7297297297297297,36.3616045441828,0.9475471432075165,0.01956917400657654,1,0.45842103368708154,0.09497623795354013,0.7566844919786097,0.8037620977481746,-0.04434800730074407,0.4779902076936581,0.09651544363567578,0.7952635599694423,0.8349437432509733,-0.515628382451605
eicu_floor540,157,2,501,387,1143,33,2.281437125748503,94,2.0,0.5714285714285714,59.271206580475976,0.97186322504262,0.06543418473325024,1,0.42359969312185636,0.09634608088901235,0.7635599694423224,0.7980525641251028,0.08392621588829674,0.4890338778551066,0.0916758063367972,0.8246753246753247,0.8857751930399013,-0.10852531010142412
eicu_floor540,157,2,501,387,1143,35,2.281437125748503,94,1.8857142857142857,0.5714285714285714,45.90229512313923,0.9564291939077398,0.05172920742712084,1,0.37041328641779414,0.1035746686260369,0.779029793735676,0.7186551011838808,-0.131793885230726,0.422142493844915,0.09690662572915486,0.7922077922077922,0.8020165051591976,-0.11256364385566434
eicu_floor540,157,2,501,387,1143,33,2.281437125748503,94,2.0,0.5714285714285714,47.746483822982846,0.9710250435567697,0.05124826832762441,1,0.45842103368708154,0.09497623795354013,0.7566844919786097,0.8037620977481746,-0.04434800730074407,0.509669302014706,0.09096381492299596,0.8050038197097021,0.8854968091614553,-0.3906569209261436
eicu_floor540,157,2,501,423,858,33,1.7125748502994012,94,2.0,0.48717948717948717,16.965537408394063,0.9100798057467187,-0.027881578313082134,0,0.42359969312185636,0.09634608088901235,0.7635599694423224,0.7980525641251028,0.08392621588829674,0.3957181148087742,0.1009785062665602,0.7696715049656226,0.7745605221921764,-0.191241266016653
eicu_floor540,157,2,501,423,858,35,1.7125748502994012,94,1.8857142857142857,0.4634146341463415,21.00366278729274,0.9263710695449038,0.005464017605823102,1,0.37041328641779414,0.1035746686260369,0.779029793735676,0.7186551011838808,-0.131793885230726,0.37587730402361724,0.10765946673115295,0.7966004583651642,0.675692779377189,-0.30445366633901294
eicu_floor540,157,2,501,423,858,33,1.7125748502994012,94,2.0,0.48717948717948717,24.821207611663404,0.9430597990670397,0.09116792766606463,1,0.45842103368708154,0.09497623795354013,0.7566844919786097,0.8037620977481746,-0.04434800730074407,0.5495889613531462,0.0846074482955554,0.8118792971734148,0.9866915034614899,-0.1188290126547681
eicu_floor540,157,4,501,383,3531,33,7.047904191616767,94,2.0,0.425,93.45161402775702,0.9658112837371546,0.06124078657014692,1,0.42359969312185636,0.09634608088901235,0.7635599694423224,0.7980525641251028,0.08392621588829674,0.4848404796920033,0.09146244343515668,0.8218105423987777,0.8368125995502499,0.1008400796719041
eicu_floor540,157,4,501,383,3531,35,7.047904191616767,94,1.8857142857142857,0.40476190476190477,99.6476863750246,0.9664855359133745,0.08117601361366439,1,0.37041328641779414,0.1035746686260369,0.779029793735676,0.7186551011838808,-0.131793885230726,0.45158930003145853,0.09878150838151602,0.8220015278838808,0.682150192133936,-0.2017944481941405
eicu_floor540,157,4,501,383,3531,33,7.047904191616767,94,2.0,0.425,108.25948879308726,0.975083596130843,0.06894374912635304,1,0.45842103368708154,0.09497623795354013,0.7566844919786097,0.8037620977481746,-0.04434800730074407,0.5273647828134346,0.08654094241635575,0.8214285714285714,0.9688919756871527,0.03244879093370117
eicu_floor540,157,2,501,501,1311,33,2.6167664670658684,94,2.0,0.48717948717948717,62.81576916146015,0.9694433256420875,-0.019250190904055275,0,0.42359969312185636,0.09634608088901235,0.7635599694423224,0.7980525641251028,0.08392621588829674,0.4043495022178011,0.09815689621230698,0.8168449197860963,0.7578385438147015,0.3182105623091103
eicu_floor540,157,2,501,501,1311,35,2.6167664670658684,94,1.8857142857142857,0.4634146341463415,75.69382853034705,0.9843550189418816,0.047735913600390534,1,0.37041328641779414,0.1035746686260369,0.779029793735676,0.7186551011838808,-0.131793885230726,0.4181492000181847,0.10198364657501884,0.8086325439266615,0.7235570985492217,0.30062921451302893
eicu_floor540,157,2,501,501,1311,33,2.6167664670658684,94,2.0,0.48717948717948717,55.223794054641026,0.9635206452059755,0.06716949185023868,1,0.45842103368708154,0.09497623795354013,0.7566844919786097,0.8037620977481746,-0.04434800730074407,0.5255905255373202,0.08777315224156763,0.8032849503437738,0.8897942971826037,0.0341377246179845
eicu_floor540,157,2,501,383,868,33,1.7325349301397206,94,2.0,0.5128205128205128,50.13998075149708,0.9630012403112149,0.002065995370368612,1,0.42359969312185636,0.09634608088901235,0.7635599694423224,0.7980525641251028,0.08392621588829674,0.42566568849222497,0.09542963965728975,0.8074866310160428,0.7732270037180039,0.09699384375528687
eicu_floor540,157,2,501,383,868,35,1.7325349301397206,94,1.8857142857142857,0.4878048780487805,72.2933546035265,0.9779678014342228,0.03979034442792717,1,0.37041328641779414,0.1035746686260369,0.779029793735676,0.7186551011838808,-0.131793885230726,0.4102036308457213,0.09977554004637267,0.7870511841100076,0.7130286318066068,-0.016065071507934996
eicu_floor540,157,2,501,383,868,33,1.7325349301397206,94,2.0,0.5128205128205128,43.351348748790265,0.9745695989167251,0.03644862641254393,1,0.45842103368708154,0.09497623795354013,0.7566844919786097,0.8037620977481746,-0.04434800730074407,0.49486966009962546,0.09022090736541641,0.8071046600458366,1.002185903880899,0.43695234440735936
eicu_floor540,165,3,694,588,2986,28,4.302593659942363,95,2.357142857142857,0.475,84.21091709849502,0.9595871144468628,-0.015070367856773015,0,0.342417611274845,0.07719810915938545,0.7449044994231508,0.781992279477698,0.12431503352072816,0.327347243418072,0.07818299009423207,0.7645173695680041,0.8008418086716295,0.3510473103006774
eicu_floor540,165,3,694,588,2986,28,4.302593659942363,95,2.357142857142857,0.475,175.45184499557402,0.9849083075611463,0.036701944507939704,1,0.23584901107168163,0.0871423629092867,0.7360594795539033,0.5468865961730586,0.18084694643115398,0.27255095557962133,0.08368055066071364,0.7374695551852326,0.6131012990116717,0.09433768641078823
eicu_floor540,165,3,694,588,2986,28,4.302593659942363,95,2.357142857142857,0.475,106.05010363956063,0.973501733384509,0.02062460103048508,1,0.30127012628170363,0.08148750297991696,0.813100884501987,0.6047847051354566,-0.05383089358584083,0.3218947273121887,0.07841258963460215,0.7911806178695039,0.7487045618788946,-0.02098994239108597
eicu_floor540,165,3,694,409,1742,28,2.510086455331412,95,2.357142857142857,0.5526315789473685,123.55027242333804,0.9758107804736241,-0.12504323221619848,0,0.342417611274845,0.07719810915938545,0.7449044994231508,0.781992279477698,0.12431503352072816,0.2173743790586465,0.2211428934073882,0.7174721189591078,0.16424626137577594,-3.9911239956142106
eicu_floor540,165,3,694,409,1742,28,2.510086455331412,95,2.357142857142857,0.5526315789473685,102.66671919738864,0.9786603294188891,-0.07972826298863073,0,0.23584901107168163,0.0871423629092867,0.7360594795539033,0.5468865961730586,0.18084694643115398,0.1561207480830509,0.3079380111713237,0.5806947827201641,0.021869565902684254,-10.246973650747044
eicu_floor540,165,3,694,409,1742,28,2.510086455331412,95,2.357142857142857,0.5526315789473685,152.4719598506259,0.9816513834484817,-0.12719092571094032,0,0.30127012628170363,0.08148750297991696,0.813100884501987,0.6047847051354566,-0.05383089358584083,0.17407920057076331,0.2760544778378279,0.6373541853608512,0.01831648457463615,-7.010185136979826
eicu_floor540,165,3,694,501,3171,28,4.569164265129683,95,2.357142857142857,0.5,254.54660351029594,0.9916166321705221,0.10140287384451718,1,0.342417611274845,0.07719810915938545,0.7449044994231508,0.781992279477698,0.12431503352072816,0.4438204851193622,0.07134217282093708,0.8051531854890399,1.0152795860773618,0.40249137735519797
eicu_floor540,165,3,694,501,3171,28,4.569164265129683,95,2.357142857142857,0.4878048780487805,187.96258951978075,0.9902452728300855,0.00036403956220298905,1,0.23584901107168163,0.0871423629092867,0.7360594795539033,0.5468865961730586,0.18084694643115398,0.23621305063388462,0.08614764879008366,0.7078579669273171,0.5632998599685698,0.6677415659679231
eicu_floor540,165,3,694,501,3171,28,4.569164265129683,95,2.357142857142857,0.5,95.51613640793315,0.9809954707086705,0.07999506775309173,1,0.30127012628170363,0.08148750297991696,0.813100884501987,0.6047847051354566,-0.05383089358584083,0.38126519403479536,0.07487048522076123,0.823484168696321,0.9835479418937384,0.3425308752782749
eicu_floor540,165,3,694,458,2755,28,3.9697406340057637,95,2.357142857142857,0.5757575757575758,90.11832297194267,0.972259065937895,-0.012022991988018483,0,0.342417611274845,0.07719810915938545,0.7449044994231508,0.781992279477698,0.12431503352072816,0.3303946192868265,0.07936718236602948,0.7447763107293937,0.6671313702637048,0.6329936150236536
eicu_floor540,165,3,694,458,2755,28,3.9697406340057637,95,2.357142857142857,0.6060606060606061,60.482307141347604,0.9509826173045164,0.05052847858597739,1,0.23584901107168163,0.0871423629092867,0.7360594795539033,0.5468865961730586,0.18084694643115398,0.286377489657659,0.08117509482823108,0.7696449173182925,0.7074983191495586,0.6184603318826609
eicu_floor540,165,3,694,458,2755,28,3.9697406340057637,95,2.357142857142857,0.5757575757575758,70.45955915018342,0.9688532531271571,0.1089019041037459,1,0.30127012628170363,0.08148750297991696,0.813100884501987,0.6047847051354566,-0.05383089358584083,0.4101720303854495,0.07423953080595437,0.799769260351237,0.80289832148203,0.5198945975171859
eicu_floor540,165,1,694,694,1316,28,1.8962536023054755,95,2.357142857142857,0.6571428571428571,27.417538127474,0.9635269951900627,0.012184225959134154,1,0.342417611274845,0.07719810915938545,0.7449044994231508,0.781992279477698,0.12431503352072816,0.35460183723397914,0.0786672607233514,0.8131008845019869,0.7183312480617973,-0.5779482536223634
eicu_floor540,165,1,694,694,1316,28,1.8962536023054755,95,2.357142857142857,0.6571428571428571,17.11574401920583,0.9415742605826609,0.04850744233345275,1,0.23584901107168163,0.0871423629092867,0.7360594795539033,0.5468865961730586,0.18084694643115398,0.2843564534051344,0.08610965699819863,0.7468273298295092,0.5069304603366858,-0.14156726340654557
eicu_floor540,165,1,694,694,1316,28,1.8962536023054755,95,2.357142857142857,0.6571428571428571,34.69523022664441,0.9711775943417131,0.11448410852055718,1,0.30127012628170363,0.08148750297991696,0.813100884501987,0.6047847051354566,-0.05383089358584083,0.4157542348022608,0.07598952429285087,0.8251506217151647,0.8391716313071919,-0.3175116736840551
eicu_floor540,165,3,694,694,3933,28,5.6671469740634,95,2.357142857142857,0.6285714285714286,59.538884735541906,0.9689838197832501,0.046398086841923425,1,0.342417611274845,0.07719810915938545,0.7449044994231508,0.781992279477698,0.12431503352072816,0.3888156981167684,0.0757398914948111,0.8165619792334315,1.109818394256115,0.47800736097406465
eicu_floor540,165,3,694,694,3933,28,5.6671469740634,95,2.357142857142857,0.6285714285714286,46.24727390138413,0.9544123034932877,0.051419849461522255,1,0.23584901107168163,0.0871423629092867,0.7360594795539033,0.5468865961730586,0.18084694643115398,0.2872688605332039,0.0818791814411814,0.7599025765927445,0.724372076475238,0.6369405095742636
eicu_floor540,165,3,694,694,3933,28,5.6671469740634,95,2.357142857142857,0.6285714285714286,87.71988849933365,0.9817852714453569,0.043266005409370145,1,0.30127012628170363,0.08148750297991696,0.813100884501987,0.6047847051354566,-0.05383089358584083,0.3445361316910738,0.0787410472308134,0.8195103191898474,0.961766822316652,0.5151744423979698
eicu_floor540,165,3,694,423,2624,28,3.7809798270893373,95,2.357142857142857,0.6363636363636364,70.56872321825686,0.9614664052759871,-0.05409551007687813,0,0.342417611274845,0.07719810915938545,0.7449044994231508,0.781992279477698,0.12431503352072816,0.28832210119796686,0.08256750351268922,0.7473400846045379,0.7227071744708108,-0.1688647817170995
eicu_floor540,165,3,694,423,2624,28,3.7809798270893373,95,2.357142857142857,0.6363636363636364,74.62644703659939,0.9638704130906914,-0.06563031028474162,0,0.23584901107168163,0.0871423629092867,0.7360594795539033,0.5468865961730586,0.18084694643115398,0.17021870078694,0.10417627495245187,0.7100371747211895,0.4419802541610956,-0.5445077600545533
eicu_floor540,165,3,694,423,2624,28,3.7809798270893373,95,2.357142857142857,0.6363636363636364,104.59835131546956,0.9837369316725532,-0.06901279984310071,0,0.30127012628170363,0.08148750297991696,0.813100884501987,0.6047847051354566,-0.05383089358584083,0.23225732643860292,0.09435282722418559,0.6947827201640816,0.3146752520980024,-0.47230432455155225
eicu_floor540,165,2,694,408,1634,28,2.354466858789625,95,2.357142857142857,0.5757575757575758,86.38180999946162,0.978561382921785,-0.04038712055687005,0,0.342417611274845,0.07719810915938545,0.7449044994231508,0.781992279477698,0.12431503352072816,0.30203049071797494,0.08255092511588707,0.7176003076528651,0.6658289906591538,0.8935160035294162
eicu_floor540,165,2,694,408,1634,28,2.354466858789625,95,2.357142857142857,0.6060606060606061,77.68777348864359,0.9754054075129766,0.014789610071032105,1,0.23584901107168163,0.0871423629092867,0.7360594795539033,0.5468865961730586,0.18084694643115398,0.25063862114271374,0.0854648497263083,0.7405460838354058,0.6820018810212319,1.0528133114050682
eicu_floor540,165,2,694,408,1634,28,2.354466858789625,95,2.357142857142857,0.5757575757575758,41.29916592024428,0.9589856164445911,0.01629208362446627,1,0.30127012628170363,0.08148750297991696,0.813100884501987,0.6047847051354566,-0.05383089358584083,0.3175622099061699,0.08263893311663591,0.7619535956928599,0.5594285122574849,0.7208588671706929
eicu_floor540,165,1,694,694,1226,28,1.7665706051873198,95,2.357142857142857,0.5757575757575758,39.68201111205542,0.9747996643321286,-0.06315324244010107,0,0.342417611274845,0.07719810915938545,0.7449044994231508,0.781992279477698,0.12431503352072816,0.2792643688347439,0.08226653244482988,0.7386232534290476,0.5817578297860166,0.2570254636802943
eicu_floor540,165,1,694,694,1226,28,1.7665706051873198,95,2.357142857142857,0.6060606060606061,10.063626974287711,0.9006171573468713,0.038440712262825444,1,0.23584901107168163,0.0871423629092867,0.7360594795539033,0.5468865961730586,0.18084694643115398,0.2742897233345071,0.08481241016235838,0.7427252916292784,0.5635901039204173,0.4020497845647819
eicu_floor540,165,1,694,694,1226,28,1.7665706051873198,95,2.357142857142857,0.5757575757575758,17.498321446778498,0.9428516613412595,0.05469149475916635,1,0.30127012628170363,0.08148750297991696,0.813100884501987,0.6047847051354566,-0.05383089358584083,0.35596162104087,0.0765009609622601,0.7765671067811819,0.6221835618497767,0.18973165504190795
eicu_floor540,165,1,694,383,383,28,0.5518731988472623,95,2.357142857142857,0.6363636363636364,16.37881792394719,0.9389455329045501,0.032270600996401055,1,0.342417611274845,0.07719810915938545,0.7449044994231508,0.781992279477698,0.12431503352072816,0.37468821227124605,0.07642091937639224,0.7591334444302013,0.6908793296026468,0.1570165265996593
eicu_floor540,165,1,694,383,383,28,0.5518731988472623,95,2.357142857142857,0.6363636363636364,34.02678880964878,0.9706113907605517,0.0397871275501431,1,0.23584901107168163,0.0871423629092867,0.7360594795539033,0.5468865961730586,0.18084694643115398,0.27563613862182473,0.08290646240633757,0.7440071785668504,0.5957401873008119,0.5479885590321147
eicu_floor540,165,1,694,383,383,28,0.5518731988472623,95,2.357142857142857,0.6363636363636364,56.976634642969394,0.9824489458483067,-0.04603739532075346,0,0.30127012628170363,0.08148750297991696,0.813100884501987,0.6047847051354566,-0.05383089358584083,0.25523273096095017,0.08734118721144107,0.7501602358671966,0.353758192184999,0.2230481890394908
eicu_floor540,165,1,694,605,605,28,0.8717579250720461,95,2.357142857142857,0.6052631578947368,15.621475538466704,0.935985560548517,-0.05065420794730097,0,0.342417611274845,0.07719810915938545,0.7449044994231508,0.781992279477698,0.12431503352072816,0.291763403327544,0.08506642928508716,0.7411870273041918,0.5936424243334003,1.2182326366186695
eicu_floor540,165,1,694,605,605,28,0.8717579250720461,95,2.357142857142857,0.6052631578947368,25.131978506459376,0.9602100566915979,0.038920095094465784,1,0.23584901107168163,0.0871423629092867,0.7360594795539033,0.5468865961730586,0.18084694643115398,0.2747691061661474,0.08567697828838604,0.707217023458531,0.3925119969099455,1.163349580956413
eicu_floor540,165,1,694,605,605,28,0.8717579250720461,95,2.357142857142857,0.6052631578947368,29.28841692383656,0.9658568094478966,-0.035252129688652545,0,0.30127012628170363,0.08148750297991696,0.813100884501987,0.6047847051354566,-0.05383089358584083,0.2660179965930511,0.086423022844723,0.6613254710934496,0.2869943260140147,0.9796504800828623
eicu_floor540,165,2,694,569,1174,28,1.69164265129683,95,2.357142857142857,0.5526315789473685,61.202054420804664,0.9722629211081469,-0.003396741311067597,0,0.342417611274845,0.07719810915938545,0.7449044994231508,0.781992279477698,0.12431503352072816,0.3390208699637774,0.08270309915982214,0.77297782335598,0.7187260457763373,1.2078932184283966
eicu_floor540,165,2,694,569,1174,28,1.69164265129683,95,2.357142857142857,0.5526315789473685,81.44739302475602,0.9807485099699147,0.04383289854748554,1,0.23584901107168163,0.0871423629092867,0.7360594795539033,0.5468865961730586,0.18084694643115398,0.27968190961916717,0.08618926650381672,0.7179848737341368,0.41151291221940667,1.2243240666536055
eicu_floor540,165,2,694,569,1174,28,1.69164265129683,95,2.357142857142857,0.5526315789473685,81.48593749114136,0.9754029448308301,-0.046219924886761576,0,0.30127012628170363,0.08148750297991696,0.813100884501987,0.6047847051354566,-0.05383089358584083,0.25505020139494206,0.08803557618836343,0.656069734649404,0.26868041602366366,0.8905046643212292
eicu_floor540,167,3,1365,383,4116,35,3.0153846153846153,198,3.9714285714285715,0.4878048780487805,90.28358536171632,0.966377885725143,-0.009648385057500486,0,0.35625770588954203,0.07893491957453695,0.7978323095230437,0.7307039167018946,0.0002298058944290897,0.34660932083204155,0.07969533261981508,0.7727462772971408,0.6498066799491281,0.3861259795258366
eicu_floor540,167,3,1365,383,4116,35,3.0153846153846153,198,3.9714285714285715,0.4878048780487805,116.41137584096106,0.9761272612632166,0.05580536154819449,1,0.3286745133438409,0.08021704525841032,0.7985720258579102,0.8839091408485612,0.0016198029192991377,0.3844798748920354,0.0790579392581383,0.8144920078474255,1.0831471149877328,0.6783757165721884
eicu_floor540,167,3,1365,383,4116,35,3.0153846153846153,198,3.9714285714285715,0.4878048780487805,69.3177793761625,0.9647166988581339,-0.0020441946153115786,0,0.3405325972755226,0.07919590124001001,0.7914643167272377,0.7639187716155162,-0.1484364241772639,0.338488402660211,0.08026401832650233,0.789341652461969,0.792909596542126,0.35803233485306907
eicu_floor540,167,1,1365,1365,1464,35,1.0725274725274725,198,3.9714285714285715,0.6,100.42208880793196,0.9900420314706597,-0.012422898679468497,0,0.35625770588954203,0.07893491957453695,0.7978323095230437,0.7307039167018946,0.0002298058944290897,0.34383480721007353,0.08031072613246663,0.7882803203293346,0.5454538830153818,-0.023068476420008067
eicu_floor540,167,1,1365,1365,1464,35,1.0725274725274725,198,3.9714285714285715,0.7142857142857143,61.7059867018382,0.9837941170144159,0.02167658454411847,1,0.3286745133438409,0.08021704525841032,0.7985720258579102,0.8839091408485612,0.0016198029192991377,0.3503510978879594,0.07912816908589484,0.8149101083845238,0.8670367287579785,0.023392037899904235
eicu_floor540,167,1,1365,1365,1464,35,1.0725274725274725,198,3.9714285714285715,0.6,94.69646021232026,0.9894399431852269,-0.00426681891708558,0,0.3405325972755226,0.07919590124001001,0.7914643167272377,0.7639187716155162,-0.1484364241772639,0.336265778358437,0.07992265635479422,0.7906602772328177,0.7231924055042682,-0.12993331607381448
eicu_floor540,167,2,1365,588,1279,35,0.936996336996337,198,3.9714285714285715,0.5,90.3855384229022,0.9855580491897711,-0.03770164712457752,0,0.35625770588954203,0.07893491957453695,0.7978323095230437,0.7307039167018946,0.0002298058944290897,0.3185560587649645,0.08452862309854581,0.7713311677869616,0.5668832731614191,-0.20641389642558777
eicu_floor540,167,2,1365,588,1279,35,0.936996336996337,198,3.9714285714285715,0.5,85.14793311832202,0.9843495740761184,0.03536438154282345,1,0.3286745133438409,0.08021704525841032,0.7985720258579102,0.8839091408485612,0.0016198029192991377,0.36403889488666435,0.07735940793731087,0.8115653040877369,0.9778049878611722,-0.09096000277570838
eicu_floor540,167,2,1365,588,1279,35,0.936996336996337,198,3.9714285714285715,0.5,49.21604599936892,0.9636021396544756,-0.016192274086815173,0,0.3405325972755226,0.07919590124001001,0.7914643167272377,0.7639187716155162,-0.1484364241772639,0.3243403231887074,0.08515459281106923,0.7758981121152672,0.662915678973616,-0.41329527023016593
eicu_floor540,167,3,1365,569,3038,35,2.2256410256410257,198,3.9714285714285715,0.5833333333333334,242.18526926961766,0.9894665567330505,-0.022547655426699176,0,0.35625770588954203,0.07893491957453695,0.7978323095230437,0.7307039167018946,0.0002298058944290897,0.33371005046284286,0.08033735044390593,0.7867044029202714,0.6902671376251869,0.04858960143582982
eicu_floor540,167,3,1365,569,3038,35,2.2256410256410257,198,3.9714285714285715,0.5833333333333334,201.3387506993252,0.9898379713604055,0.03452642954938512,1,0.3286745133438409,0.08021704525841032,0.7985720258579102,0.8839091408485612,0.0016198029192991377,0.363200942893226,0.07772511765815307,0.807384298716753,1.0191476330854614,0.048547446480067404
eicu_floor540,167,3,1365,569,3038,35,2.2256410256410257,198,3.9714285714285715,0.5833333333333334,246.03390467462606,0.9884887751948572,-0.040781834008809525,0,0.3405325972755226,0.07919590124001001,0.7914643167272377,0.7639187716155162,-0.1484364241772639,0.29975076326671307,0.08238385680322158,0.7734859936320072,0.7456901739492809,-0.16824190491220395
eicu_floor540,167,4,1365,443,3580,35,2.6227106227106227,198,3.9714285714285715,0.6111111111111112,137.01258969357986,0.980374001902621,0.0034128459775332742,1,0.35625770588954203,0.07893491957453695,0.7978323095230437,0.7307039167018946,0.0002298058944290897,0.3596705518670753,0.07800064594898591,0.7745794873444184,0.5669618663486945,0.13577493507149252
eicu_floor540,167,4,1365,443,3580,35,2.6227106227106227,198,3.9714285714285715,0.6111111111111112,128.01034994247084,0.9742555476991754,0.04438324453327641,1,0.3286745133438409,0.08021704525841032,0.7985720258579102,0.8839091408485612,0.0016198029192991377,0.3730577578771173,0.07795376124987198,0.7923326793812112,0.9173226427482091,0.2506248760569079
eicu_floor540,167,4,1365,443,3580,35,2.6227106227106227,198,3.9714285714285715,0.6111111111111112,589.3768569020143,0.9932131709055807,0.03858570451769766,1,0.3405325972755226,0.07919590124001001,0.7914643167272377,0.7639187716155162,-0.1484364241772639,0.37911830179322026,0.07964340586705367,0.7718135914836137,0.68329414264672,-0.028992074699732546
eicu_floor540,167,1,1365,409,409,35,0.2996336996336996,198,3.9714285714285715,0.9142857142857143,23.687447950400212,0.9532206451089752,-0.01691334897746677,0,0.35625770588954203,0.07893491957453695,0.7978323095230437,0.7307039167018946,0.0002298058944290897,0.33934435691207526,0.08049955018863932,0.7916572862058985,0.6799294578776794,0.03306309374241155
eicu_floor540,167,1,1365,409,409,35,0.2996336996336996,198,3.9714285714285715,0.8857142857142857,60.78582103740864,0.98354879504902,-0.007006755883354199,0,0.3286745133438409,0.08021704525841032,0.7985720258579102,0.8839091408485612,0.0016198029192991377,0.3216677574604867,0.08043074570721546,0.8125301514810408,0.9661397708270106,0.09374263169943114
eicu_floor540,167,1,1365,409,409,35,0.2996336996336996,198,3.9714285714285715,0.8857142857142857,54.860448271546645,0.9817719316646807,0.005187721119905009,1,0.3405325972755226,0.07919590124001001,0.7914643167272377,0.7639187716155162,-0.1484364241772639,0.3457203183954276,0.07888481947569043,0.788215997169781,0.8130924349236022,-0.04622191846874137
eicu_floor540,167,2,1365,387,975,35,0.7142857142857143,198,3.9714285714285715,0.6666666666666666,71.82009634901672,0.9777656342508045,-0.033412553078865204,0,0.35625770588954203,0.07893491957453695,0.7978323095230437,0.7307039167018946,0.0002298058944290897,0.3228451528106768,0.08214496746724877,0.7833274370437077,0.6520503914707169,-0.2169193642557086
eicu_floor540,167,2,1365,387,975,35,0.7142857142857143,198,3.9714285714285715,0.6428571428571429,78.94786688544396,0.9746668266173414,0.0006328736341680297,1,0.3286745133438409,0.08021704525841032,0.7985720258579102,0.8839091408485612,0.0016198029192991377,0.32930738697800893,0.08020326337786601,0.8107612645933169,0.8172067437432662,-0.20665595238598272
eicu_floor540,167,2,1365,387,975,35,0.7142857142857143,198,3.9714285714285715,0.6666666666666666,30.90836115088014,0.9352925899164651,0.007514319684404525,1,0.3405325972755226,0.07919590124001001,0.7914643167272377,0.7639187716155162,-0.1484364241772639,0.3480469169599271,0.08253262874941408,0.7836490528414756,0.7267239217319829,-0.45127568743151325
eicu_floor540,167,4,1365,383,2798,35,2.0498168498168496,198,3.9714285714285715,0.4523809523809524,94.35110913839081,0.983754277695193,-0.06029720916248982,0,0.35625770588954203,0.07893491957453695,0.7978323095230437,0.7307039167018946,0.0002298058944290897,0.2959604967270522,0.08567370073267475,0.7601067764448589,0.5443867170940501,0.001199828398682728
eicu_floor540,167,4,1365,383,2798,35,2.0498168498168496,198,3.9714285714285715,0.4523809523809524,94.59459189238439,0.9677143589714681,0.048724100909214474,1,0.3286745133438409,0.08021704525841032,0.7985720258579102,0.8839091408485612,0.0016198029192991377,0.3773986142530554,0.07639245458226379,0.8181905895217574,1.0673548237680164,0.049053722630467075
eicu_floor540,167,4,1365,383,2798,35,2.0498168498168496,198,3.9714285714285715,0.4523809523809524,85.88814624498221,0.9712538664464777,-0.04043145588216707,0,0.3405325972755226,0.07919590124001001,0.7914643167272377,0.7639187716155162,-0.1484364241772639,0.30010114139335553,0.08516244461069536,0.7758337889557135,0.682376090291739,-0.27113086498365896
eicu_floor540,167,2,1365,435,1320,35,0.967032967032967,198,3.9714285714285715,0.475,32.18882276687336,0.967913994419511,-0.009921090000544808,0,0.35625770588954203,0.07893491957453695,0.7978323095230437,0.7307039167018946,0.0002298058944290897,0.3463366158889972,0.0792932441065793,0.7879908661113434,0.7386465151670806,0.19813300222995858
eicu_floor540,167,2,1365,435,1320,35,0.967032967032967,198,3.9714285714285715,0.475,56.13423620582638,0.9742951111646345,0.02527985588102427,1,0.3286745133438409,0.08021704525841032,0.7985720258579102,0.8839091408485612,0.0016198029192991377,0.3539543692248652,0.07932608388973857,0.803557070723314,0.89425016749834,0.3498523462832653
eicu_floor540,167,2,1365,435,1320,35,0.967032967032967,198,3.9714285714285715,0.5,38.32600983390461,0.9478161173399604,-0.009570421766111947,0,0.3405325972755226,0.07919590124001001,0.7914643167272377,0.7639187716155162,-0.1484364241772639,0.33096217550941065,0.07998353761636103,0.794423182066703,0.7895084815719668,0.024806205571539338
eicu_floor540,167,3,1365,423,1506,35,1.1032967032967034,198,3.9714285714285715,0.5,78.10394843264895,0.9719530001296266,-0.0011231709554287428,0,0.35625770588954203,0.07893491957453695,0.7978323095230437,0.7307039167018946,0.0002298058944290897,0.3551345349341133,0.07813370160590999,0.7855787476280833,0.7203262950209948,0.09868812314908529
eicu_floor540,167,3,1365,423,1506,35,1.1032967032967034,198,3.9714285714285715,0.5,115.55902619430204,0.9791561409637162,0.019382454862456377,1,0.3286745133438409,0.08021704525841032,0.7985720258579102,0.8839091408485612,0.0016198029192991377,0.3480569682062973,0.07770198144201904,0.8206670311645707,0.955951737444688,0.1729496478517417
eicu_floor540,167,3,1365,423,1506,35,1.1032967032967034,198,3.9714285714285715,0.5,89.9270381896302,0.9652378366687198,-0.012691277927041278,0,0.3405325972755226,0.07919590124001001,0.7914643167272377,0.7639187716155162,-0.1484364241772639,0.3278413193484813,0.08016534657169434,0.7876370887337986,0.7452225527578886,-0.07970602029707163
eicu_floor540,167,3,1365,408,2649,35,1.9406593406593406,198,3.9714285714285715,0.45,140.8043103040543,0.9852235335761794,-0.015268940767228067,0,0.35625770588954203,0.07893491957453695,0.7978323095230437,0.7307039167018946,0.0002298058944290897,0.34098876512231396,0.07940278168206308,0.7543176920850352,0.5797121811499216,0.10699680364781808
eicu_floor540,167,3,1365,408,2649,35,1.9406593406593406,198,3.9714285714285715,0.45,141.6453431961525,0.9860423480829139,0.032503785820531095,1,0.3286745133438409,0.08021704525841032,0.7985720258579102,0.8839091408485612,0.0016198029192991377,0.361178299164372,0.0775443900004848,0.7803042485446886,0.8633210222076081,0.22260488670890174
eicu_floor540,167,3,1365,408,2649,35,1.9406593406593406,198,3.9714285714285715,0.45,83.25427760841674,0.9736063630308486,0.014987320035251328,1,0.3405325972755226,0.07919590124001001,0.7914643167272377,0.7639187716155162,-0.1484364241772639,0.3555199173107739,0.07992633085657595,0.7852892934100923,0.7525564688964747,-0.07317204203102051
eicu_floor540,167,2,1365,383,1107,35,0.810989010989011,198,3.9714285714285715,0.525,61.11749826364732,0.9771656266381662,-0.07063156632654738,0,0.35625770588954203,0.07893491957453695,0.7978323095230437,0.7307039167018946,0.0002298058944290897,0.28562613956299465,0.08506891430175807,0.7426752002058341,0.4846199542190712,0.29089000236549706
eicu_floor540,167,2,1365,383,1107,35,0.810989010989011,198,3.9714285714285715,0.525,44.72658923428396,0.9574836648913807,-0.014228883586017538,0,0.3286745133438409,0.08021704525841032,0.7985720258579102,0.8839091408485612,0.0016198029192991377,0.31444562975782336,0.08170027499798702,0.7913356704081306,0.9340212718794607,0.4691646933232165
eicu_floor540,167,2,1365,383,1107,35,0.810989010989011,198,3.9714285714285715,0.525,44.171181652129704,0.9539163212131689,-0.07325676102277473,0,0.3405325972755226,0.07919590124001001,0.7914643167272377,0.7639187716155162,-0.1484364241772639,0.26727583625274787,0.08446929201413637,0.7623580870292348,0.7028369781343832,0.3956231148135498
eicu_floor540,171,1,446,392,392,26,0.8789237668161435,43,1.1538461538461537,0.65625,40.204640354677124,0.9751272492135683,-0.027898242206985335,0,0.16483839744519158,0.08019163133201446,0.6712505371723249,0.18478227473589467,-0.6606826963139665,0.13694015523820624,0.07743392388557009,0.6643747314138375,0.15578097150372475,-0.1528859348440611
eicu_floor540,171,1,446,392,392,26,0.8789237668161435,43,1.1538461538461537,0.65625,25.237743528672937,0.9603768063153552,-0.12203653113483359,0,0.3096994432809208,0.056094060806360736,0.770949720670391,0.7990091654771776,0.013252237231343566,0.1876629121460872,0.06339334039032134,0.6931671680275032,0.47937277371042686,0.528342597121975
eicu_floor540,171,1,446,392,392,26,0.8789237668161435,43,1.1538461538461537,0.65625,51.90390173473786,0.9807336256701733,0.04583184432451526,1,0.19059051294504833,0.06990519457619346,0.6987537602062742,0.40591280281765274,-0.1380703194920486,0.2364223572695636,0.06217288297251348,0.7412978083369144,0.5532346237207587,0.35846658505732726
eicu_floor540,171,2,446,392,1277,26,2.8632286995515694,43,1.1538461538461537,0.59375,55.008731716882544,0.963642135755946,-0.031437096194801284,0,0.16483839744519158,0.08019163133201446,0.6712505371723249,0.18478227473589467,-0.6606826963139665,0.1334013012503903,0.07784860718173066,0.6338633433605501,0.16447672682002779,-0.1399400809211202
eicu_floor540,171,2,446,392,1277,26,2.8632286995515694,43,1.1538461538461537,0.59375,54.252614540918685,0.9660952327025156,-0.13151663929253782,0,0.3096994432809208,0.056094060806360736,0.770949720670391,0.7990091654771776,0.013252237231343566,0.178182803988383,0.06316553866962608,0.6592178770949721,0.41602619243742917,0.4807044864641097
eicu_floor540,171,2,446,392,1277,26,2.8632286995515694,43,1.1538461538461537,0.59375,52.62690529703349,0.9681530185009859,0.07042692369664963,1,0.19059051294504833,0.06990519457619346,0.6987537602062742,0.40591280281765274,-0.1380703194920486,0.26101743664169796,0.059836394361021526,0.715513536742587,0.5884647661314174,0.09482470321626539
eicu_floor540,171,4,446,446,2659,26,5.961883408071749,43,1.1538461538461537,0.4634146341463415,178.92161830474106,0.9799571661407048,0.06626813463888684,1,0.16483839744519158,0.08019163133201446,0.6712505371723249,0.18478227473589467,-0.6606826963139665,0.23110653208407841,0.061213033603551174,0.7627847013321873,0.5491263277143797,0.4017432577710929
eicu_floor540,171,4,446,446,2659,26,5.961883408071749,43,1.1538461538461537,0.4634146341463415,123.53263877452895,0.982227492903735,-0.018997685445434342,0,0.3096994432809208,0.056094060806360736,0.770949720670391,0.7990091654771776,0.013252237231343566,0.29070175783548646,0.0557876336134493,0.7146540610227761,0.5355141797791749,0.6067139086033706
eicu_floor540,171,4,446,446,2659,26,5.961883408071749,43,1.1538461538461537,0.48717948717948717,176.03023400584095,0.9848120302640462,0.0734944049153465,1,0.19059051294504833,0.06990519457619346,0.6987537602062742,0.40591280281765274,-0.1380703194920486,0.26408491786039484,0.059635074268187066,0.7378599054576709,0.536304615503092,0.44317787679514825
eicu_floor540,171,3,446,423,1648,26,3.695067264573991,43,1.1538461538461537,0.59375,69.69637702709747,0.9600759834542588,-0.0249382134232726,0,0.16483839744519158,0.08019163133201446,0.6712505371723249,0.18478227473589467,-0.6606826963139665,0.13990018402191898,0.08744595125813463,0.6682423721529867,0.2928896581298821,-0.9112692211844248
eicu_floor540,171,3,446,423,1648,26,3.695067264573991,43,1.1538461538461537,0.5757575757575758,21.868360538383584,0.8985952950646803,-0.030910626183428103,0,0.3096994432809208,0.056094060806360736,0.770949720670391,0.7990091654771776,0.013252237231343566,0.2787888170974927,0.06535421691415146,0.7550494198538891,0.6532642431369212,-0.5739351433571295
eicu_floor540,171,3,446,423,1648,26,3.695067264573991,43,1.1538461538461537,0.59375,91.42244176276384,0.9843774278795735,0.12396808448564225,1,0.19059051294504833,0.06990519457619346,0.6987537602062742,0.40591280281765274,-0.1380703194920486,0.3145585974306906,0.05914815222699676,0.7219596046411689,0.6647664697257641,-0.5031568336178882
eicu_floor540,171,1,446,446,501,26,1.1233183856502242,43,1.1538461538461537,0.7878787878787878,16.677214478055596,0.9394275758880787,-0.003462277718291662,0,0.16483839744519158,0.08019163133201446,0.6712505371723249,0.18478227473589467,-0.6606826963139665,0.1613761197268999,0.08095767736430227,0.7090674688440051,0.18756051367441817,-0.4580059960104379
eicu_floor540,171,1,446,446,501,26,1.1233183856502242,43,1.1538461538461537,0.7428571428571429,28.837129904327355,0.9624433814981609,-0.015208512000793262,0,0.3096994432809208,0.056094060806360736,0.770949720670391,0.7990091654771776,0.013252237231343566,0.29449093128012754,0.05796720538883734,0.7614954877524711,0.6892834108234068,-0.059598188561463004
eicu_floor540,171,1,446,446,501,26,1.1233183856502242,43,1.1538461538461537,0.7878787878787878,21.456537737588434,0.9528595077796476,0.07977045011074549,1,0.19059051294504833,0.06990519457619346,0.6987537602062742,0.40591280281765274,-0.1380703194920486,0.2703609630557938,0.059226095693260976,0.7597765363128491,0.6759492869178312,0.06566756884823179
eicu_floor540,171,2,446,446,2262,26,5.071748878923767,43,1.1538461538461537,0.6285714285714286,151.5364573705427,0.9860538811853097,-0.0018691090622141027,0,0.16483839744519158,0.08019163133201446,0.6712505371723249,0.18478227473589467,-0.6606826963139665,0.16296928838297747,0.07394282273794194,0.7094972067039106,0.1981172655234391,-0.4068241874023111
eicu_floor540,171,2,446,446,2262,26,5.071748878923767,43,1.1538461538461537,0.5945945945945946,80.89174689929189,0.9797819618169967,-0.04891582357784119,0,0.3096994432809208,0.056094060806360736,0.770949720670391,0.7990091654771776,0.013252237231343566,0.2607836197030796,0.06015931298441407,0.6755479157713794,0.5940217596118312,-0.2587827464653319
eicu_floor540,171,2,446,446,2262,26,5.071748878923767,43,1.1538461538461537,0.6285714285714286,59.4977497586982,0.9661904595778397,0.19839885034387553,1,0.19059051294504833,0.06990519457619346,0.6987537602062742,0.40591280281765274,-0.1380703194920486,0.38898936328892386,0.05284323866619985,0.7632144391920929,0.9255279175529497,-0.17253528431846885
eicu_floor540,171,1,446,446,694,26,1.5560538116591929,43,1.1538461538461537,0.9285714285714286,32.45325292876858,0.9691861274227902,0.027059984355674138,1,0.16483839744519158,0.08019163133201446,0.6712505371723249,0.18478227473589467,-0.6606826963139665,0.1918983818008657,0.07155184155046065,0.7339922647185217,0.20005100786754937,-0.44749488612531024
eicu_floor540,171,1,446,446,694,26,1.5560538116591929,43,1.1538461538461537,0.9285714285714286,19.461795656268844,0.9468770516185758,-0.02565621172012761,0,0.3096994432809208,0.056094060806360736,0.770949720670391,0.7990091654771776,0.013252237231343566,0.2840432315607932,0.057463951499171766,0.7550494198538891,0.8063108772752681,-0.08808970472799339
eicu_floor540,171,1,446,446,694,26,1.5560538116591929,43,1.1538461538461537,0.9285714285714286,53.371205749901904,0.9801459645278032,0.1528467785285039,1,0.19059051294504833,0.06990519457619346,0.6987537602062742,0.40591280281765274,-0.1380703194920486,0.34343729147355223,0.05624925805549567,0.8070477009024495,0.9205594925364364,-0.15421143194916484
eicu_floor540,171,4,446,387,4576,26,10.260089686098654,43,1.1538461538461537,0.4523809523809524,207.64954444147014,0.9886342597272232,0.009491411757130142,1,0.16483839744519158,0.08019163133201446,0.6712505371723249,0.18478227473589467,-0.6606826963139665,0.17432980920232172,0.10067112374839647,0.7301246239793726,0.27946795716130834,-1.4648903840036114
eicu_floor540,171,4,446,387,4576,26,10.260089686098654,43,1.1538461538461537,0.4523809523809524,225.88608646347006,0.9863014298733406,-0.008360263333015039,0,0.3096994432809208,0.056094060806360736,0.770949720670391,0.7990091654771776,0.013252237231343566,0.30133917994790577,0.06920947253379216,0.7288354103996562,0.5461861625461912,-0.8946245703098715
eicu_floor540,171,4,446,387,4576,26,10.260089686098654,43,1.1538461538461537,0.4523809523809524,260.8554750812583,0.986530752115997,0.11385530213362657,1,0.19059051294504833,0.06990519457619346,0.6987537602062742,0.40591280281765274,-0.1380703194920486,0.3044458150786749,0.06933152471583559,0.7163730124623979,0.5574787356476189,-0.9258838030838865
eicu_floor540,171,2,446,435,1800,26,4.0358744394618835,43,1.1538461538461537,0.6,55.78935799224237,0.9641508690550247,0.012954459227115384,1,0.16483839744519158,0.08019163133201446,0.6712505371723249,0.18478227473589467,-0.6606826963139665,0.17779285667230696,0.07400205411270311,0.7163730124623979,0.3545456384999889,-0.5290999744323093
eicu_floor540,171,2,446,435,1800,26,4.0358744394618835,43,1.1538461538461537,0.6,47.79063080594915,0.9581507930263387,0.018596623741242546,1,0.3096994432809208,0.056094060806360736,0.770949720670391,0.7990091654771776,0.013252237231343566,0.32829606702216335,0.05633513190551497,0.7735281478298238,0.8345617198160632,-0.1837079002103676
eicu_floor540,171,2,446,435,1800,26,4.0358744394618835,43,1.1538461538461537,0.6,66.13820791010012,0.9697602934340382,0.06271226638301894,1,0.19059051294504833,0.06990519457619346,0.6987537602062742,0.40591280281765274,-0.1380703194920486,0.2533027793280673,0.06217670327575029,0.7094972067039107,0.6155748755213094,-0.33260973167532365
eicu_floor540,171,4,446,446,3393,26,7.6076233183856505,43,1.1538461538461537,0.4358974358974359,134.24940901734624,0.970755677310076,-0.0075038762533411185,0,0.16483839744519158,0.08019163133201446,0.6712505371723249,0.18478227473589467,-0.6606826963139665,0.15733452119185046,0.0864201522494375,0.7034808766652342,0.18541532968079427,-0.7326547451125364
eicu_floor540,171,4,446,446,3393,26,7.6076233183856505,43,1.1538461538461537,0.4358974358974359,74.53956339687014,0.9675950131491916,-0.040010113068258746,0,0.3096994432809208,0.056094060806360736,0.770949720670391,0.7990091654771776,0.013252237231343566,0.26968933021266206,0.06109373948343364,0.7142243231628707,0.5424155387927226,-0.1401004037560624
eicu_floor540,171,4,446,446,3393,26,7.6076233183856505,43,1.1538461538461537,0.4358974358974359,133.5484922224897,0.9787907837481531,0.15055472154508628,1,0.19059051294504833,0.06990519457619346,0.6987537602062742,0.40591280281765274,-0.1380703194920486,0.3411452344901346,0.05759999756337127,0.7378599054576708,0.6834281794941058,-0.339731423163531
eicu_floor540,171,2,446,446,3433,26,7.697309417040358,43,1.1538461538461537,0.5277777777777778,187.35373642302622,0.9913913368436952,5.6518330540711315e-05,1,0.16483839744519158,0.08019163133201446,0.6712505371723249,0.18478227473589467,-0.6606826963139665,0.1648949157757323,0.101365384258525,0.6626557799742158,0.17885614125459925,-1.5396343039582252
eicu_floor540,171,2,446,446,3433,26,7.697309417040358,43,1.1538461538461537,0.5555555555555556,59.57854869186944,0.9670731680197501,-0.031000436561625766,0,0.3096994432809208,0.056094060806360736,0.770949720670391,0.7990091654771776,0.013252237231343566,0.27869900671929504,0.07189627871106462,0.7155135367425871,0.47580694614158525,-0.8101928626691965
eicu_floor540,171,2,446,446,3433,26,7.697309417040358,43,1.1538461538461537,0.5277777777777778,75.51255722239038,0.9749790101475756,0.07828621982804859,1,0.19059051294504833,0.06990519457619346,0.6987537602062742,0.40591280281765274,-0.1380703194920486,0.2688767327730969,0.06754495768751932,0.7288354103996562,0.5655747499642524,-0.784103623229192
eicu_floor540,171,3,446,446,1680,26,3.766816143497758,43,1.1538461538461537,0.525,112.68705239072476,0.9733313393106917,0.05999427562310264,1,0.16483839744519158,0.08019163133201446,0.6712505371723249,0.18478227473589467,-0.6606826963139665,0.22483267306829421,0.06752594608439748,0.7619252256123764,0.4046412275585278,0.2210683802491894
eicu_floor540,171,3,446,446,1680,26,3.766816143497758,43,1.1538461538461537,0.525,100.07688648132472,0.9732798450201341,-0.027857876985913244,0,0.3096994432809208,0.056094060806360736,0.770949720670391,0.7990091654771776,0.013252237231343566,0.28184156629500756,0.06484722620921256,0.7473141383755909,0.42730996559935286,0.34052138554863265
eicu_floor540,171,3,446,446,1680,26,3.766816143497758,43,1.1538461538461537,0.5384615384615384,107.27966223796449,0.9743321760075587,0.09490482313554441,1,0.19059051294504833,0.06990519457619346,0.6987537602062742,0.40591280281765274,-0.1380703194920486,0.28549533608059274,0.06217537167261435,0.6948861194671251,0.4135520603847379,0.3694578153556647
eicu_floor540,176,3,1071,555,5181,27,4.837535014005602,100,2.5925925925925926,0.59375,170.95445926318268,0.9850448373693137,-0.00903765193051459,0,0.21973555277760048,0.06003516266738796,0.7998445998445998,0.6115124625452194,0.12071253456290922,0.2106979008470859,0.061353953160827625,0.8000777000777001,0.6021692574123917,-0.07792252069639483
eicu_floor540,176,3,1071,555,5181,27,4.837535014005602,100,2.5925925925925926,0.59375,72.46077604516731,0.9794624668487657,0.0028393213226889924,1,0.39941973639851364,0.04983561772355329,0.8602175602175601,0.9024973594158602,0.0657768505106344,0.40225905772120263,0.04922408262903717,0.8773115773115773,0.9917034809487669,0.1782979075536304
eicu_floor540,176,3,1071,555,5181,27,4.837535014005602,100,2.5925925925925926,0.59375,116.54533942324525,0.9770991230210814,-0.011580247708486563,0,0.25185519806892553,0.061586862527035546,0.7756021756021756,0.5480633016824099,-0.08871318716333298,0.24027495036043897,0.06096949152320087,0.8101010101010101,0.6376542099940972,-0.17343892532079996
eicu_floor540,176,2,1071,569,3608,27,3.368814192343604,100,2.5925925925925926,0.65625,110.1665456378945,0.9818456684066887,-0.006691460936727678,0,0.21973555277760048,0.06003516266738796,0.7998445998445998,0.6115124625452194,0.12071253456290922,0.2130440918408728,0.06055047653309049,0.7853923853923853,0.628477964617645,-0.14016611202930174
eicu_floor540,176,2,1071,569,3608,27,3.368814192343604,100,2.5925925925925926,0.65625,45.16724551818151,0.9634228626425756,-0.006344338696828489,0,0.39941973639851364,0.04983561772355329,0.8602175602175601,0.9024973594158602,0.0657768505106344,0.39307539770168515,0.04910570065909525,0.8562548562548562,0.9955631031022789,0.09358990961785525
eicu_floor540,176,2,1071,569,3608,27,3.368814192343604,100,2.5925925925925926,0.65625,147.33356770889364,0.9861698010893776,-0.01750860116365871,0,0.25185519806892553,0.061586862527035546,0.7756021756021756,0.5480633016824099,-0.08871318716333298,0.23434659690526682,0.06098494115112438,0.7960372960372961,0.6338650101220521,-0.11868243137082356
eicu_floor540,176,4,1071,694,3309,27,3.089635854341737,100,2.5925925925925926,0.5128205128205128,214.15630292047695,0.981685514928573,0.07520074823019657,1,0.21973555277760048,0.06003516266738796,0.7998445998445998,0.6115124625452194,0.12071253456290922,0.29493630100779705,0.058749072446611206,0.782983682983683,0.6619356038175862,-0.35977580249363056
eicu_floor540,176,4,1071,694,3309,27,3.089635854341737,100,2.5925925925925926,0.5128205128205128,248.49592451433415,0.9871854348963682,0.04546050213128372,1,0.39941973639851364,0.04983561772355329,0.8602175602175601,0.9024973594158602,0.0657768505106344,0.44488023852979736,0.049196493936021025,0.8496503496503497,0.847516100700994,-0.3730499656014826
eicu_floor540,176,4,1071,694,3309,27,3.089635854341737,100,2.5925925925925926,0.5128205128205128,242.1162346681706,0.9836463442707992,-0.013584980156172988,0,0.25185519806892553,0.061586862527035546,0.7756021756021756,0.5480633016824099,-0.08871318716333298,0.23827021791275255,0.06291022367138827,0.8000777000777,0.6252981310887102,-0.5153932103722831
eicu_floor540,176,2,1071,423,866,27,0.8085901027077498,100,2.5925925925925926,0.5789473684210527,66.78560364280816,0.9689651569688111,-0.1039997513026427,0,0.21973555277760048,0.06003516266738796,0.7998445998445998,0.6115124625452194,0.12071253456290922,0.11573580147495778,0.21949137976341415,0.6926184926184926,0.1268579154230974,-4.317046332997034
eicu_floor540,176,2,1071,423,866,27,0.8085901027077498,100,2.5925925925925926,0.5789473684210527,73.61468150902833,0.9721817405364412,-0.2882435616919089,0,0.39941973639851364,0.04983561772355329,0.8602175602175601,0.9024973594158602,0.0657768505106344,0.11117617470660471,0.3219503076481239,0.6794094794094794,0.05168736625989527,-10.654606100120963
eicu_floor540,176,2,1071,423,866,27,0.8085901027077498,100,2.5925925925925926,0.5789473684210527,119.14852787695474,0.9832134031146574,-0.13582535633565962,0,0.25185519806892553,0.061586862527035546,0.7756021756021756,0.5480633016824099,-0.08871318716333298,0.11602984173326591,0.25209460233483666,0.6827505827505828,0.08064884577211133,-7.200686448759283
eicu_floor540,176,4,1071,437,2035,27,1.9000933706816059,100,2.5925925925925926,0.6666666666666666,138.34972355853702,0.9755024138371376,0.09197309369950268,1,0.21973555277760048,0.06003516266738796,0.7998445998445998,0.6115124625452194,0.12071253456290922,0.31170864647710317,0.05389919953808658,0.8222222222222222,0.8697322544477813,-0.0729469221731347
eicu_floor540,176,4,1071,437,2035,27,1.9000933706816059,100,2.5925925925925926,0.6666666666666666,111.07075330340093,0.9649510952763337,0.04822485875160587,1,0.39941973639851364,0.04983561772355329,0.8602175602175601,0.9024973594158602,0.0657768505106344,0.4476445951501195,0.046762575212728225,0.8407925407925408,0.9235534069916479,-0.058865017271537236
eicu_floor540,176,4,1071,437,2035,27,1.9000933706816059,100,2.5925925925925926,0.6666666666666666,156.6453143136778,0.9758310887015255,0.018989159940938416,1,0.25185519806892553,0.061586862527035546,0.7756021756021756,0.5480633016824099,-0.08871318716333298,0.27084435800986395,0.05693567407918688,0.7843822843822844,0.7194564187998216,-0.07781224724962349
eicu_floor540,176,3,1071,383,2840,27,2.6517273576097105,100,2.5925925925925926,0.65625,207.85184506455255,0.98556664243674,0.017453331913649756,1,0.21973555277760048,0.06003516266738796,0.7998445998445998,0.6115124625452194,0.12071253456290922,0.23718888469125024,0.060142029002378056,0.7680652680652681,0.5448621680524772,0.14491589349697942
eicu_floor540,176,3,1071,383,2840,27,2.6517273576097105,100,2.5925925925925926,0.65625,216.13518431028123,0.9861197980811248,-0.004123896043386033,0,0.39941973639851364,0.04983561772355329,0.8602175602175601,0.9024973594158602,0.0657768505106344,0.3952958403551276,0.049647714046420585,0.8622377622377623,0.9122840005148605,0.217385478514942
eicu_floor540,176,3,1071,383,2840,27,2.6517273576097105,100,2.5925925925925926,0.65625,177.03957578832865,0.9830546363058006,-0.02078307354283787,0,0.25185519806892553,0.061586862527035546,0.7756021756021756,0.5480633016824099,-0.08871318716333298,0.23107212452608766,0.05932745958408102,0.7871794871794873,0.5953531432623475,0.11722123798719668
eicu_floor540,176,3,1071,555,3201,27,2.988795518207283,100,2.5925925925925926,0.6071428571428571,178.87737941400704,0.9872734967255279,-0.0017368028400470414,0,0.21973555277760048,0.06003516266738796,0.7998445998445998,0.6115124625452194,0.12071253456290922,0.21799874993755344,0.06107910370356896,0.7876456876456877,0.631296272607852,-0.2424136651693091
eicu_floor540,176,3,1071,555,3201,27,2.988795518207283,100,2.5925925925925926,0.6071428571428571,137.5940747827221,0.978196735544482,0.001286193179785844,1,0.39941973639851364,0.04983561772355329,0.8602175602175601,0.9024973594158602,0.0657768505106344,0.4007059295782995,0.049064194931651636,0.8492618492618493,1.0020592481632717,-0.08053942024237137
eicu_floor540,176,3,1071,555,3201,27,2.988795518207283,100,2.5925925925925926,0.6071428571428571,176.38571883318562,0.9892704432838609,-0.00837795026855459,0,0.25185519806892553,0.061586862527035546,0.7756021756021756,0.5480633016824099,-0.08871318716333298,0.24347724780037094,0.06286904322709493,0.7991452991452991,0.6480493371717523,-0.41467267959215065
eicu_floor540,176,4,1071,408,3351,27,3.1288515406162465,100,2.5925925925925926,0.59375,381.0801604534496,0.9909506052055864,0.03505677669611662,1,0.21973555277760048,0.06003516266738796,0.7998445998445998,0.6115124625452194,0.12071253456290922,0.2547923294737171,0.057582100529423454,0.8188034188034188,0.6814583026262487,-0.06200388400805084
eicu_floor540,176,4,1071,408,3351,27,3.1288515406162465,100,2.5925925925925926,0.625,152.16841724602884,0.9737133363651097,0.007313427481896062,1,0.39941973639851364,0.04983561772355329,0.8602175602175601,0.9024973594158602,0.0657768505106344,0.4067331638804097,0.04854762073427657,0.8725718725718726,0.9345231544535949,0.0746356999434051
eicu_floor540,176,4,1071,408,3351,27,3.1288515406162465,100,2.5925925925925926,0.59375,154.49284988201384,0.9861789580264512,-0.005779202237094216,0,0.25185519806892553,0.061586862527035546,0.7756021756021756,0.5480633016824099,-0.08871318716333298,0.24607599583183132,0.0618892500024825,0.7914529914529914,0.5861050055488469,-0.25970663276268546
eicu_floor540,176,1,1071,674,674,27,0.6293183940242764,100,2.5925925925925926,0.8064516129032258,12.481000190087535,0.9198782161068947,0.0034298719626053853,1,0.21973555277760048,0.06003516266738796,0.7998445998445998,0.6115124625452194,0.12071253456290922,0.22316542474020587,0.05840511483374915,0.8038073038073038,0.6527463258771701,0.11560352159641987
eicu_floor540,176,1,1071,674,674,27,0.6293183940242764,100,2.5925925925925926,0.8064516129032258,34.18345162412009,0.9707460788045642,-0.012387791668803383,0,0.39941973639851364,0.04983561772355329,0.8602175602175601,0.9024973594158602,0.0657768505106344,0.38703194472971025,0.05079400927865839,0.8541569541569541,0.8801502040516708,0.23626704265072965
eicu_floor540,176,1,1071,674,674,27,0.6293183940242764,100,2.5925925925925926,0.8064516129032258,25.1759640583736,0.9602795746895183,-0.00863965590798571,0,0.25185519806892553,0.061586862527035546,0.7756021756021756,0.5480633016824099,-0.08871318716333298,0.24321554216093982,0.06374013173781452,0.7977466977466977,0.5564837395903998,-0.13778725336046824
eicu_floor540,176,4,1071,605,3130,27,2.92250233426704,100,2.5925925925925926,0.5121951219512195,107.97821565367815,0.9770652017076322,0.09270615284879713,1,0.21973555277760048,0.06003516266738796,0.7998445998445998,0.6115124625452194,0.12071253456290922,0.3124417056263976,0.05468452099450118,0.8397047397047397,0.7578472203705892,0.038543344639940906
eicu_floor540,176,4,1071,605,3130,27,2.92250233426704,100,2.5925925925925926,0.5121951219512195,126.9052916839592,0.9766469650985337,0.06255068596552771,1,0.39941973639851364,0.04983561772355329,0.8602175602175601,0.9024973594158602,0.0657768505106344,0.46197042236404134,0.04765617915425276,0.8525252525252526,0.7739454910359697,-0.22222478920871777
eicu_floor540,176,4,1071,605,3130,27,2.92250233426704,100,2.5925925925925926,0.5121951219512195,147.45545911287033,0.9758579450624538,-0.018743910424278115,0,0.25185519806892553,0.061586862527035546,0.7756021756021756,0.5480633016824099,-0.08871318716333298,0.23311128764464742,0.06387116211419326,0.7707070707070707,0.49239403313487645,-0.22672805281185132
eicu_floor540,176,3,1071,458,2769,27,2.585434173669468,100,2.5925925925925926,0.6363636363636364,185.50836232067604,0.9870224365647575,0.0011798428181485632,1,0.21973555277760048,0.06003516266738796,0.7998445998445998,0.6115124625452194,0.12071253456290922,0.22091539559574905,0.06020768437683636,0.8010878010878011,0.6348843162573132,-0.0019650732126427622
eicu_floor540,176,3,1071,458,2769,27,2.585434173669468,100,2.5925925925925926,0.6,143.8949547231867,0.9790981037202171,0.03028353467723449,1,0.39941973639851364,0.04983561772355329,0.8602175602175601,0.9024973594158602,0.0657768505106344,0.4297032710757481,0.048034539903076316,0.8444444444444444,0.8997163360909655,0.002109234557809102
eicu_floor540,176,3,1071,458,2769,27,2.585434173669468,100,2.5925925925925926,0.6,122.58353606521737,0.9769570624225357,-0.04568216598939248,0,0.25185519806892553,0.061586862527035546,0.7756021756021756,0.5480633016824099,-0.08871318716333298,0.20617303207953305,0.0626875936188305,0.7775446775446776,0.5547575939971349,-0.13047456903275859
eicu_floor540,176,1,1071,910,910,27,0.8496732026143791,100,2.5925925925925926,0.7777777777777778,65.63343594381567,0.9847638633324631,-0.015572982673495245,0,0.21973555277760048,0.06003516266738796,0.7998445998445998,0.6115124625452194,0.12071253456290922,0.20416257010410524,0.06451909404520292,0.785936285936286,0.5680379576439746,-0.37708714990314823
eicu_floor540,176,1,1071,910,910,27,0.8496732026143791,100,2.5925925925925926,0.7777777777777778,25.405189269586444,0.9606379630008449,-0.02329999575553382,0,0.39941973639851364,0.04983561772355329,0.8602175602175601,0.9024973594158602,0.0657768505106344,0.3761197406429798,0.05067288955760534,0.8644910644910645,0.9321687692339772,-0.22440159398225354
eicu_floor540,176,1,1071,910,910,27,0.8496732026143791,100,2.5925925925925926,0.7777777777777778,92.94926419027018,0.9892414425362963,-0.033697367666977535,0,0.25185519806892553,0.061586862527035546,0.7756021756021756,0.5480633016824099,-0.08871318716333298,0.218157830401948,0.06630077044489603,0.7926961926961927,0.5715645321722214,-0.4151218253000189
eicu_floor540,181,1,417,417,865,32,2.0743405275779376,69,1.5,0.36363636363636365,18.16526146754863,0.9449337226561765,0.14547790548081113,1,0.3344359318781979,0.10035464926434,0.749849306811332,0.5289856058619948,-0.007922991106297886,0.47991383735900905,0.09099643542782412,0.8022905364677516,0.641903018828736,-0.4632349648495215
eicu_floor540,181,1,417,417,865,32,2.0743405275779376,69,1.5,0.36363636363636365,66.10947348548416,0.9848499264570397,0.08135825258658202,1,0.4543409991904065,0.08542646163829265,0.8188667872212176,0.9439179707131435,0.3160802350062025,0.5356992517769885,0.07936418893408037,0.836045810729355,0.7962824823277871,-0.27276750587602816
eicu_floor540,181,1,417,417,865,31,2.0743405275779376,69,1.5483870967741935,0.375,120.43090069616157,0.9874898372572724,0.13064377207707684,1,0.40530439251197253,0.09016203322006314,0.8068113321277879,0.6660339557996551,-0.06523654772637771,0.5359481645890494,0.07573490372042216,0.8990355635925256,0.5496168429576092,-0.6716346156439179
eicu_floor540,181,3,417,417,3764,32,9.026378896882495,69,1.5,0.5757575757575758,54.0915583294499,0.9676976563084142,0.20995228472284583,1,0.3344359318781979,0.10035464926434,0.749849306811332,0.5289856058619948,-0.007922991106297886,0.5443882166010438,0.08024892044754886,0.8098251959011453,0.7911497370262297,-0.3010113421159277
eicu_floor540,181,3,417,417,3764,32,9.026378896882495,69,1.5,0.5135135135135135,40.12710813287037,0.9432972862277316,-0.022307941092226113,0,0.4543409991904065,0.08542646163829265,0.8188667872212176,0.9439179707131435,0.3160802350062025,0.4320330580981804,0.08363101999133075,0.8044002411091019,0.7066818810279186,0.03935838151007399
eicu_floor540,181,3,417,417,3764,31,9.026378896882495,69,1.5483870967741935,0.5757575757575758,46.28368777048627,0.9617752608197244,0.08381964627586869,1,0.40530439251197253,0.09016203322006314,0.8068113321277879,0.6660339557996551,-0.06523654772637771,0.4891240387878412,0.07785574131178313,0.8869801084990958,0.5756999983631381,-0.28277794408344986
eicu_floor540,181,2,417,417,1246,32,2.988009592326139,69,1.5,0.78125,55.92621440290972,0.9642385950604241,0.03894966434654079,1,0.3344359318781979,0.10035464926434,0.749849306811332,0.5289856058619948,-0.007922991106297886,0.3733855962247387,0.09805379032187542,0.7649186256781193,0.5510399645301293,-0.06128366255019655
eicu_floor540,181,2,417,417,1246,32,2.988009592326139,69,1.5,0.78125,27.537174118387654,0.9273709062737661,0.08653189627422142,1,0.4543409991904065,0.08542646163829265,0.8188667872212176,0.9439179707131435,0.3160802350062025,0.5408728954646279,0.07709258288708307,0.8366485834840265,0.9255516338363784,-0.032502862897812526
eicu_floor540,181,2,417,417,1246,31,2.988009592326139,69,1.5483870967741935,0.75,100.89454074983766,0.9801773219330183,0.18819779732849834,1,0.40530439251197253,0.09016203322006314,0.8068113321277879,0.6660339557996551,-0.06523654772637771,0.5935021898404709,0.07209727092535977,0.8812537673297167,1.0856097739101576,-0.31373263912432375
eicu_floor540,181,3,417,417,1917,32,4.597122302158273,69,1.5,0.6410256410256411,73.1577603652331,0.9746940931774514,0.09138314533840974,1,0.3344359318781979,0.10035464926434,0.749849306811332,0.5289856058619948,-0.007922991106297886,0.42581907721660767,0.08606466430702762,0.7631103074141049,0.6640047632076097,-0.1854533647183134
eicu_floor540,181,3,417,417,1917,32,4.597122302158273,69,1.5,0.6410256410256411,46.92064331363186,0.9535906786304695,0.0035567401719575065,1,0.4543409991904065,0.08542646163829265,0.8188667872212176,0.9439179707131435,0.3160802350062025,0.457897739362364,0.08887862249099221,0.8131404460518384,0.678423072906095,-0.453009966440503
eicu_floor540,181,3,417,417,1917,31,4.597122302158273,69,1.5483870967741935,0.6410256410256411,124.46114353607095,0.9780252554905786,0.043519089548005596,1,0.40530439251197253,0.09016203322006314,0.8068113321277879,0.6660339557996551,-0.06523654772637771,0.44882348205997813,0.09150185433118074,0.838456901748041,0.6587663617226643,-0.6197122593566705
eicu_floor540,181,3,417,417,1834,32,4.398081534772182,69,1.5,0.525,69.94983606643021,0.9649173574822327,0.11277262609918076,1,0.3344359318781979,0.10035464926434,0.749849306811332,0.5289856058619948,-0.007922991106297886,0.4472085579773787,0.08203160243202506,0.823086196503918,0.9125559894792475,-0.012331863554029092
eicu_floor540,181,3,417,417,1834,32,4.398081534772182,69,1.5,0.5,58.46941321629371,0.9486899740202799,-0.08974600498099283,0,0.4543409991904065,0.08542646163829265,0.8188667872212176,0.9439179707131435,0.3160802350062025,0.36459499420941366,0.09287503092305431,0.7920433996383363,0.7297841302406219,0.1909645465625378
eicu_floor540,181,3,417,417,1834,31,4.398081534772182,69,1.5483870967741935,0.525,70.70030834683304,0.9760323670305657,0.044922234997905264,1,0.40530439251197253,0.09016203322006314,0.8068113321277879,0.6660339557996551,-0.06523654772637771,0.4502266275098778,0.08354292338327733,0.8676913803496082,0.5853210998891831,0.14142559011444383
eicu_floor540,181,3,417,417,2564,32,6.148681055155875,69,1.5,0.5365853658536586,109.2274707282843,0.9851065729316343,0.31610808265098084,1,0.3344359318781979,0.10035464926434,0.749849306811332,0.5289856058619948,-0.007922991106297886,0.6505440145291788,0.06759387388014282,0.8245931283905967,1.1457157273004719,0.14029892774371017
eicu_floor540,181,3,417,417,2564,32,6.148681055155875,69,1.5,0.5365853658536586,106.69221328315896,0.971881734311406,-0.04644134813416484,0,0.4543409991904065,0.08542646163829265,0.8188667872212176,0.9439179707131435,0.3160802350062025,0.40789965105624165,0.08883510288888903,0.8197709463532248,0.7567462302971576,-0.04580957192102755
eicu_floor540,181,3,417,417,2564,31,6.148681055155875,69,1.5483870967741935,0.5365853658536586,112.12227352064943,0.9734110661373148,0.07825584760892162,1,0.40530439251197253,0.09016203322006314,0.8068113321277879,0.6660339557996551,-0.06523654772637771,0.48356024012089416,0.07945546273239926,0.8939119951778179,0.8740136302779898,-0.1287440882855035
eicu_floor540,181,2,417,417,2129,32,5.105515587529976,69,1.5,0.47058823529411764,101.59603395309841,0.990153000581014,0.13049030719361782,1,0.3344359318781979,0.10035464926434,0.749849306811332,0.5289856058619948,-0.007922991106297886,0.46492623907181574,0.09257156685192622,0.7790837854128994,0.6080944421472696,-0.49028460512703553
eicu_floor540,181,2,417,417,2129,32,5.105515587529976,69,1.5,0.47058823529411764,59.51448104999025,0.9751662185764192,0.08866243838833987,1,0.4543409991904065,0.08542646163829265,0.8188667872212176,0.9439179707131435,0.3160802350062025,0.5430034375787464,0.07839338256484299,0.82790837854129,0.759729071911626,-0.31782456193580255
eicu_floor540,181,2,417,417,2129,31,5.105515587529976,69,1.5483870967741935,0.48484848484848486,63.603874346792054,0.9790229733792948,0.14061066044141274,1,0.40530439251197253,0.09016203322006314,0.8068113321277879,0.6660339557996551,-0.06523654772637771,0.5459150529533853,0.07867396059793966,0.8966244725738396,0.6469944455308378,-0.7125657869696458
eicu_floor540,181,4,417,417,3657,32,8.76978417266187,69,1.5,0.5609756097560976,128.33219086852728,0.97984534770077,0.24185017195953823,1,0.3344359318781979,0.10035464926434,0.749849306811332,0.5289856058619948,-0.007922991106297886,0.5762861038377362,0.07439004841409057,0.795961422543701,1.0313791803803432,-0.17587290764767524
eicu_floor540,181,4,417,417,3657,32,8.76978417266187,69,1.5,0.5609756097560976,85.56135924447995,0.9649020357693047,0.031424621676977404,1,0.4543409991904065,0.08542646163829265,0.8188667872212176,0.9439179707131435,0.3160802350062025,0.4857656208673839,0.07896835625434089,0.8363471971066908,0.855184439035959,-0.317994365456168
eicu_floor540,181,4,417,417,3657,31,8.76978417266187,69,1.5483870967741935,0.55,136.7453205887674,0.9789569464762289,0.08454284504801263,1,0.40530439251197253,0.09016203322006314,0.8068113321277879,0.6660339557996551,-0.06523654772637771,0.48984723755998516,0.08108696612185347,0.891500904159132,0.939296915314734,-0.5964923514144402
eicu_floor540,181,1,417,417,856,32,2.052757793764988,69,1.5,0.9375,25.209442095547647,0.9593175870760495,0.08596336552171885,1,0.3344359318781979,0.10035464926434,0.749849306811332,0.5289856058619948,-0.007922991106297886,0.42039929739991677,0.08619342161014243,0.8209764918625677,0.8783350675148991,0.3259618099345269
eicu_floor540,181,1,417,417,856,32,2.052757793764988,69,1.5,0.84375,6.064798173354379,0.8351140513803924,0.02091012934035713,1,0.4543409991904065,0.08542646163829265,0.8188667872212176,0.9439179707131435,0.3160802350062025,0.4752511285307636,0.08543407002637393,0.7911392405063291,0.8136914514246484,0.7316427387083578
eicu_floor540,181,1,417,417,856,31,2.052757793764988,69,1.5483870967741935,0.84375,28.742861553285607,0.9652087528534301,0.07349241481879609,1,0.40530439251197253,0.09016203322006314,0.8068113321277879,0.6660339557996551,-0.06523654772637771,0.4787968073307686,0.08199756371919413,0.8592525617842073,0.8363993656347564,0.005446742390982218
eicu_floor540,181,1,417,417,1587,32,3.805755395683453,69,1.5,0.6875,26.53352941294441,0.962311256154909,0.06327340611374654,1,0.3344359318781979,0.10035464926434,0.749849306811332,0.5289856058619948,-0.007922991106297886,0.39770933799194447,0.09246344551032985,0.7194092827004219,0.5698379217435299,0.8063233331731966
eicu_floor540,181,1,417,417,1587,32,3.805755395683453,69,1.5,0.6875,45.74039592196635,0.9767775741756501,-0.015163619657027394,0,0.4543409991904065,0.08542646163829265,0.8188667872212176,0.9439179707131435,0.3160802350062025,0.4391773795333791,0.09124943833268324,0.7944544906570222,0.9768731059354039,0.9652835753191475
eicu_floor540,181,1,417,417,1587,31,3.805755395683453,69,1.5483870967741935,0.7096774193548387,42.61166808030005,0.9759738597314436,0.107515979617473,1,0.40530439251197253,0.09016203322006314,0.8068113321277879,0.6660339557996551,-0.06523654772637771,0.5128203721294455,0.08161803148288092,0.8393610608800481,0.9652222424008962,0.6076558014030088
eicu_floor540,181,2,417,417,1522,32,3.6498800959232613,69,1.5,0.65,47.09671542021146,0.9666633977417324,0.16045585795154893,1,0.3344359318781979,0.10035464926434,0.749849306811332,0.5289856058619948,-0.007922991106297886,0.49489178982974685,0.08403453209799841,0.7522603978300181,0.6694640228896164,0.8605865734168936
eicu_floor540,181,2,417,417,1522,32,3.6498800959232613,69,1.5,0.65,30.93196676408477,0.9320000360836334,-0.08289656717223015,0,0.4543409991904065,0.08542646163829265,0.8188667872212176,0.9439179707131435,0.3160802350062025,0.37144443201817634,0.09556477179292867,0.7579867389993972,0.47422418448750436,0.8969881860223224
eicu_floor540,181,2,417,417,1522,31,3.6498800959232613,69,1.5483870967741935,0.625,35.84085641554806,0.9438270098674937,0.16915112695673457,1,0.40530439251197253,0.09016203322006314,0.8068113321277879,0.6660339557996551,-0.06523654772637771,0.5744555194687071,0.07836318854425597,0.8713080168776371,0.7461271968605245,0.5775876491040567
eicu_floor540,181,1,417,417,485,32,1.1630695443645085,69,1.5,0.84375,8.328482199568795,0.8799301029842178,0.05246221298501946,1,0.3344359318781979,0.10035464926434,0.749849306811332,0.5289856058619948,-0.007922991106297886,0.3868981448632174,0.09097457096902861,0.8065099457504521,0.7354987346184942,-0.1296243727386287
eicu_floor540,181,1,417,417,485,32,1.1630695443645085,69,1.5,0.7297297297297297,7.417415807941021,0.8651821569812214,-0.019873522087137496,0,0.4543409991904065,0.08542646163829265,0.8188667872212176,0.9439179707131435,0.3160802350062025,0.434467477103269,0.08507895327861895,0.8104279686558168,0.888709519861642,0.08687988025651787
eicu_floor540,181,1,417,417,485,31,1.1630695443645085,69,1.5483870967741935,0.8125,12.459740147925451,0.9197347062900461,0.08934130193916451,1,0.40530439251197253,0.09016203322006314,0.8068113321277879,0.6660339557996551,-0.06523654772637771,0.49464569445113704,0.0826231450423848,0.8526220614828209,0.9459028669438093,-0.06856225342986166
eicu_floor540,183,3,811,387,2297,32,2.8323057953144266,121,2.65625,0.5128205128205128,115.74658150283676,0.9868161769680489,0.0035201003597584157,1,0.2827496068260828,0.0883387454666213,0.729255698005698,0.5527891946808792,0.09641040555400776,0.2862697071858412,0.09340440406499358,0.7177706552706552,0.4278771311947742,-0.08150814436936446
eicu_floor540,183,3,811,387,2297,32,2.8323057953144266,121,2.65625,0.5128205128205128,105.89527780089462,0.9877418009965195,0.09400554477983836,1,0.35910928138240894,0.0856246518822096,0.7662927350427351,0.6302062879514803,-0.22490930878269058,0.4531148261622473,0.07562621262075149,0.8016381766381766,0.754919599313603,-0.01714588000807811
eicu_floor540,183,3,811,387,2297,32,2.8323057953144266,121,2.65625,0.5128205128205128,42.45477118633353,0.9725036906844877,0.12908884819408872,1,0.2974682287628055,0.08962466651436081,0.7637998575498575,0.5550854927460863,-0.12966174191799967,0.4265570769568942,0.07736822289381415,0.8450854700854701,0.7032685234814836,-0.12187540933559654
eicu_floor540,183,2,811,504,1968,32,2.4266337854500617,121,2.65625,0.6060606060606061,14.446735507856616,0.875988112608585,0.014671017152006971,1,0.2827496068260828,0.0883387454666213,0.729255698005698,0.5527891946808792,0.09641040555400776,0.29742062397808977,0.08964440673889096,0.749198717948718,0.5935349000222321,-0.16494625221462947
eicu_floor540,183,2,811,504,1968,32,2.4266337854500617,121,2.65625,0.5405405405405406,21.228016820604378,0.9047979302352862,0.034878756083078444,1,0.35910928138240894,0.0856246518822096,0.7662927350427351,0.6302062879514803,-0.22490930878269058,0.3939880374654874,0.08262772782507216,0.7873931623931624,0.6898821931234426,-0.25791889254541417
eicu_floor540,183,2,811,504,1968,32,2.4266337854500617,121,2.65625,0.6060606060606061,30.344826760136314,0.9340046769584984,0.06272448994362229,1,0.2974682287628055,0.08962466651436081,0.7637998575498575,0.5550854927460863,-0.12966174191799967,0.3601927187064278,0.08509344451961946,0.8271901709401709,0.6060730870670779,-0.2953939695019214
eicu_floor540,183,1,811,811,1365,32,1.6831072749691738,121,2.65625,0.6341463414634146,39.68633173807426,0.9616505769520127,0.05655627008926134,1,0.2827496068260828,0.0883387454666213,0.729255698005698,0.5527891946808792,0.09641040555400776,0.33930587691534414,0.08497666072439163,0.7412749287749287,0.5752989429096431,0.1328739094241037
eicu_floor540,183,1,811,811,1365,32,1.6831072749691738,121,2.65625,0.6341463414634146,242.94572316515857,0.9958438720998798,0.06466513976151989,1,0.35910928138240894,0.0856246518822096,0.7662927350427351,0.6302062879514803,-0.22490930878269058,0.4237744211439288,0.07550594914935861,0.8237179487179487,1.0738592653163914,0.11801996374295214
eicu_floor540,183,1,811,811,1365,32,1.6831072749691738,121,2.65625,0.6341463414634146,23.55252575675524,0.9575113621372546,0.16371640712839053,1,0.2974682287628055,0.08962466651436081,0.7637998575498575,0.5550854927460863,-0.12966174191799967,0.461184635891196,0.07423068062327311,0.8139245014245015,0.8726016891444716,-0.05200219323846332
eicu_floor540,183,1,811,811,1051,32,1.2959309494451294,121,2.65625,0.6875,37.59284493912567,0.9731912886097022,-0.006493238736076046,0,0.2827496068260828,0.0883387454666213,0.729255698005698,0.5527891946808792,0.09641040555400776,0.27625636809000675,0.08852764523319213,0.7218660968660968,0.5402891657430857,0.07045918803897487
eicu_floor540,183,1,811,811,1051,32,1.2959309494451294,121,2.65625,0.6875,91.6146148508098,0.9890715544131637,0.042682875248066965,1,0.35910928138240894,0.0856246518822096,0.7662927350427351,0.6302062879514803,-0.22490930878269058,0.4017921566304759,0.07837227047648668,0.7869480056980056,0.8323166906646473,0.10142097312276574
eicu_floor540,183,1,811,811,1051,32,1.2959309494451294,121,2.65625,0.6875,30.354184024102736,0.9670553895261758,0.027945613802632774,1,0.2974682287628055,0.08962466651436081,0.7637998575498575,0.5550854927460863,-0.12966174191799967,0.32541384256543826,0.0843010334663632,0.7620192307692308,0.6479929016714296,-0.04119459722952712
eicu_floor540,183,2,811,811,1726,32,2.128236744759556,121,2.65625,0.6875,153.56305791255676,0.9869760342937501,-0.06933635044982256,0,0.2827496068260828,0.0883387454666213,0.729255698005698,0.5527891946808792,0.09641040555400776,0.21341325637626024,0.09471262458241299,0.703258547008547,0.49093215947353097,0.467019567851175
eicu_floor540,183,2,811,811,1726,32,2.128236744759556,121,2.65625,0.6875,204.8365764297135,0.9916454687046373,0.019894822554813896,1,0.35910928138240894,0.0856246518822096,0.7662927350427351,0.6302062879514803,-0.22490930878269058,0.37900410393722284,0.08064145490761607,0.7685185185185185,0.6865723538046572,0.5905180030141046
eicu_floor540,183,2,811,811,1726,32,2.128236744759556,121,2.65625,0.6875,137.4967224746729,0.9876064713063484,0.002996415288471166,1,0.2974682287628055,0.08962466651436081,0.7637998575498575,0.5550854927460863,-0.12966174191799967,0.30046464405127665,0.08917964295030008,0.7845441595441596,0.57403259794118,0.42213547159834086
eicu_floor540,183,2,811,387,795,32,0.9802712700369913,121,2.65625,0.6842105263157895,95.76665248190616,0.9784885699416769,-0.009401377795907606,0,0.2827496068260828,0.0883387454666213,0.729255698005698,0.5527891946808792,0.09641040555400776,0.2733482290301752,0.09038225068568753,0.7150106837606838,0.5142460542733268,0.3088705654495631
eicu_floor540,183,2,811,387,795,32,0.9802712700369913,121,2.65625,0.6842105263157895,79.94969899659822,0.978278597308413,0.13822813559986014,1,0.35910928138240894,0.0856246518822096,0.7662927350427351,0.6302062879514803,-0.22490930878269058,0.4973374169822691,0.07048385610787646,0.7694978632478633,0.8020858084238387,0.21882052055311552
eicu_floor540,183,2,811,387,795,32,0.9802712700369913,121,2.65625,0.6842105263157895,31.776609361291925,0.940123489457531,0.11719457926232801,1,0.2974682287628055,0.08962466651436081,0.7637998575498575,0.5550854927460863,-0.12966174191799967,0.4146628080251335,0.07725766703770517,0.8153490028490029,0.7968724666543958,0.06899692802055064
eicu_floor540,183,4,811,387,2718,32,3.351418002466091,121,2.65625,0.5365853658536586,84.57349412939799,0.9672237958478478,0.04207634106652253,1,0.2827496068260828,0.0883387454666213,0.729255698005698,0.5527891946808792,0.09641040555400776,0.3248259478926053,0.08758478486888187,0.7254273504273504,0.5285918336418569,0.1663141610871893
eicu_floor540,183,4,811,387,2718,32,3.351418002466091,121,2.65625,0.5365853658536586,183.69162546728586,0.982753625897002,0.09569352821569366,1,0.35910928138240894,0.0856246518822096,0.7662927350427351,0.6302062879514803,-0.22490930878269058,0.4548028095981026,0.07460239041728797,0.7662037037037037,0.6586270798352899,0.058637447252557345
eicu_floor540,183,4,811,387,2718,32,3.351418002466091,121,2.65625,0.5365853658536586,128.19961207640839,0.9676780056748113,0.07190553091064938,1,0.2974682287628055,0.08962466651436081,0.7637998575498575,0.5550854927460863,-0.12966174191799967,0.36937375967345487,0.08260118386993388,0.8165954415954416,0.5934493548625659,-0.10976742348430389
eicu_floor540,183,3,811,383,2978,32,3.6720098643649814,121,2.65625,0.4,48.588920917329716,0.9705794321782508,0.044618542380210846,1,0.2827496068260828,0.0883387454666213,0.729255698005698,0.5527891946808792,0.09641040555400776,0.32736814920629365,0.08510621663235624,0.7711894586894587,0.6526015691587127,0.011677172891763536
eicu_floor540,183,3,811,383,2978,32,3.6720098643649814,121,2.65625,0.4,133.84183801883484,0.9814301463936476,0.10921135867991305,1,0.35910928138240894,0.0856246518822096,0.7662927350427351,0.6302062879514803,-0.22490930878269058,0.468320640062322,0.07296659809958624,0.7855235042735043,0.825042471912967,-0.12552887461516313
eicu_floor540,183,3,811,383,2978,32,3.6720098643649814,121,2.65625,0.4,33.453508400791534,0.9462420040407211,0.10848169066291996,1,0.2974682287628055,0.08962466651436081,0.7637998575498575,0.5550854927460863,-0.12966174191799967,0.40594991942572545,0.07960474302278646,0.8303952991452991,0.6826330043886037,-0.3058002359109976
eicu_floor540,183,1,811,435,435,32,0.5363748458692972,121,2.65625,0.9375,17.830267081200393,0.9418832064478356,0.015316075922663153,1,0.2827496068260828,0.0883387454666213,0.729255698005698,0.5527891946808792,0.09641040555400776,0.29806568274874595,0.0859525567152998,0.7348646723646723,0.7088704680773967,-0.010017897919136017
eicu_floor540,183,1,811,435,435,32,0.5363748458692972,121,2.65625,0.9375,34.564019019907136,0.9705715889937827,0.018425583069775542,1,0.35910928138240894,0.0856246518822096,0.7662927350427351,0.6302062879514803,-0.22490930878269058,0.3775348644521845,0.08091273763745498,0.7905092592592593,0.7961652313603933,-0.15325628494486934
eicu_floor540,183,1,811,435,435,32,0.5363748458692972,121,2.65625,0.9375,11.752161809628499,0.9124449236953933,-0.020779094219853744,0,0.2974682287628055,0.08962466651436081,0.7637998575498575,0.5550854927460863,-0.12966174191799967,0.27668913454295174,0.09096415756946154,0.7658475783475783,0.6149122462964821,-0.14822707855872946
eicu_floor540,183,3,811,578,2251,32,2.775585696670777,121,2.65625,0.65,147.74163906014962,0.9796942824034962,0.03140436723384388,1,0.2827496068260828,0.0883387454666213,0.729255698005698,0.5527891946808792,0.09641040555400776,0.3141539740599267,0.08451698417767957,0.7735933048433048,0.7617501973024191,0.348747407136824
eicu_floor540,183,3,811,578,2251,32,2.775585696670777,121,2.65625,0.6341463414634146,130.04056271304185,0.9794210939420763,0.14625585566653898,1,0.35910928138240894,0.0856246518822096,0.7662927350427351,0.6302062879514803,-0.22490930878269058,0.5053651370489479,0.07016139979912384,0.8123219373219374,0.9893483548689399,0.20914389018118715
eicu_floor540,183,3,811,578,2251,32,2.775585696670777,121,2.65625,0.65,72.43388729846458,0.969225675517953,0.15921092755880978,1,0.2974682287628055,0.08962466651436081,0.7637998575498575,0.5550854927460863,-0.12966174191799967,0.45667915632161526,0.07491643605355705,0.8367165242165242,0.8365849248207228,-0.07674100341108306
eicu_floor540,183,1,811,539,539,32,0.6646115906288532,121,2.65625,0.90625,45.60717576344066,0.9780736258437294,0.02134168073030973,1,0.2827496068260828,0.0883387454666213,0.729255698005698,0.5527891946808792,0.09641040555400776,0.30409128755639253,0.08510711473423899,0.7501780626780626,0.8263706347392951,0.4657912432685904
eicu_floor540,183,1,811,539,539,32,0.6646115906288532,121,2.65625,0.90625,26.00761101491113,0.9615497171413913,-0.03402189989764409,0,0.35910928138240894,0.0856246518822096,0.7662927350427351,0.6302062879514803,-0.22490930878269058,0.32508738148476485,0.08448484233484627,0.7216880341880342,0.6509251627225351,0.247319037341174
eicu_floor540,183,1,811,539,539,32,0.6646115906288532,121,2.65625,0.90625,8.848203751989594,0.8869827110643624,0.004379888387247954,1,0.2974682287628055,0.08962466651436081,0.7637998575498575,0.5550854927460863,-0.12966174191799967,0.30184811715005344,0.08612067000940045,0.7410968660968661,0.6538350530286559,0.26270046556558196
eicu_floor540,183,4,811,383,3310,32,4.0813810110974105,121,2.65625,0.4358974358974359,112.81167635024087,0.9726534165510266,-0.012436955401925742,0,0.2827496068260828,0.0883387454666213,0.729255698005698,0.5527891946808792,0.09641040555400776,0.27031265142415706,0.08962379835051591,0.7509793447293448,0.6029210531167056,-0.003956659581316808
eicu_floor540,183,4,811,383,3310,32,4.0813810110974105,121,2.65625,0.4358974358974359,156.22822449705274,0.9791386165545817,0.08241511356722186,1,0.35910928138240894,0.0856246518822096,0.7662927350427351,0.6302062879514803,-0.22490930878269058,0.4415243949496308,0.07532742605431435,0.770744301994302,0.8147514346582627,-0.06947227290392495
eicu_floor540,183,4,811,383,3310,32,4.0813810110974105,121,2.65625,0.4358974358974359,112.70945700280029,0.9727868255990546,0.08756154088942475,1,0.2974682287628055,0.08962466651436081,0.7637998575498575,0.5550854927460863,-0.12966174191799967,0.38502976965223024,0.08128312495998927,0.8250534188034188,0.7189450167616035,-0.08841321205463488
eicu_floor540,184,3,437,392,3456,32,7.908466819221968,74,1.625,0.5882352941176471,90.31290237462173,0.9685731927607404,-0.04927512515399596,0,0.48489281388123256,0.08348208960671161,0.8181818181818182,0.8140426294576947,-0.03810373728664913,0.4356176887272366,0.09214708128984736,0.8518619934282585,1.1432066408473263,0.9873425162980587
eicu_floor540,184,3,437,392,3456,32,7.908466819221968,74,1.625,0.5882352941176471,61.57092096961546,0.9525650353120565,-0.06382937598917487,0,0.27027410352038916,0.10439775075051314,0.6892113910186198,0.399990775271682,0.17840764455893068,0.2064447275312143,0.10614780914012034,0.6823658269441402,0.4419405412070411,0.8925597583963553
eicu_floor540,184,3,437,392,3456,32,7.908466819221968,74,1.625,0.5882352941176471,71.15357104459643,0.9557617316333704,-0.04174559940810768,0,0.30663019659269786,0.10342169172266831,0.7735487404162102,0.32913074638641876,-0.2754057326283361,0.2648845971845902,0.10864843249014566,0.7683461117196057,0.5147952638980908,0.6171459628027536
eicu_floor540,184,2,437,392,1248,32,2.8558352402745997,74,1.625,0.8125,104.97888633130663,0.9839855733568003,0.04192768076468739,1,0.48489281388123256,0.08348208960671161,0.8181818181818182,0.8140426294576947,-0.03810373728664913,0.52682049464592,0.0823593409294188,0.8428258488499453,1.0872646870403322,0.7883997826741755
eicu_floor540,184,2,437,392,1248,32,2.8558352402745997,74,1.625,0.8125,32.698595628415546,0.9388349683991404,0.04057373339330006,1,0.27027410352038916,0.10439775075051314,0.6892113910186198,0.399990775271682,0.17840764455893068,0.3108478369136892,0.10117125911700235,0.6667579408543265,0.3703474691620558,1.0832029475256784
eicu_floor540,184,2,437,392,1248,32,2.8558352402745997,74,1.625,0.8125,59.12086517727079,0.9674504335156822,0.11228889037315248,1,0.30663019659269786,0.10342169172266831,0.7735487404162102,0.32913074638641876,-0.2754057326283361,0.41891908696585034,0.09483518318909613,0.8332420591456736,0.9270160418545617,0.8304465117942396
eicu_floor540,184,3,437,437,3068,32,7.020594965675057,74,1.625,0.5757575757575758,109.29101884678172,0.9770555018190237,-0.0509658129189029,0,0.48489281388123256,0.08348208960671161,0.8181818181818182,0.8140426294576947,-0.03810373728664913,0.43392700096232967,0.08526611434033078,0.8357064622124862,0.7592712031301369,-0.23567328438238294
eicu_floor540,184,3,437,437,3068,32,7.020594965675057,74,1.625,0.5135135135135135,145.016475805453,0.9857659135187464,0.011892584129800876,1,0.27027410352038916,0.10439775075051314,0.6892113910186198,0.399990775271682,0.17840764455893068,0.28216668765019004,0.10626784956756284,0.6760679079956188,0.3870497402894129,-0.1685833777741754
eicu_floor540,184,3,437,437,3068,32,7.020594965675057,74,1.625,0.5757575757575758,105.91769255766883,0.9817181407087026,0.0060427122882592554,1,0.30663019659269786,0.10342169172266831,0.7735487404162102,0.32913074638641876,-0.2754057326283361,0.3126729088809571,0.10301242524156586,0.8088718510405257,0.2260560604773985,-0.2886162435997507
eicu_floor540,184,1,437,409,409,32,0.9359267734553776,74,1.625,0.6842105263157895,17.70282714099132,0.9434047918012062,-0.11699463041663716,0,0.48489281388123256,0.08348208960671161,0.8181818181818182,0.8140426294576947,-0.03810373728664913,0.3678981834645954,0.09189214603876575,0.7872398685651697,0.6646997843682588,0.03776485145099313
eicu_floor540,184,1,437,409,409,32,0.9359267734553776,74,1.625,0.6578947368421053,21.1773595958103,0.9527797601265722,0.0811354913812698,1,0.27027410352038916,0.10439775075051314,0.6892113910186198,0.399990775271682,0.17840764455893068,0.35140959490165896,0.09472145530103322,0.7116648411829136,0.5417959157278389,0.2280465298966932
eicu_floor540,184,1,437,409,409,32,0.9359267734553776,74,1.625,0.6578947368421053,11.90406896666287,0.915995110344162,0.00010197677390888504,1,0.30663019659269786,0.10342169172266831,0.7735487404162102,0.32913074638641876,-0.2754057326283361,0.30673217336660674,0.1031519024400492,0.738499452354874,0.30652417071288907,-0.10245510288640981
eicu_floor540,184,4,437,437,2369,32,5.421052631578948,74,1.625,0.47619047619047616,195.09477928112324,0.9798077070715276,0.04441020067216689,1,0.48489281388123256,0.08348208960671161,0.8181818181818182,0.8140426294576947,-0.03810373728664913,0.5293030145533995,0.08183966808981821,0.8633625410733844,1.0156507416041327,0.4997022096552327
eicu_floor540,184,4,437,437,2369,32,5.421052631578948,74,1.625,0.47619047619047616,123.3022159415384,0.9742894454254872,0.09568538010530747,1,0.27027410352038916,0.10439775075051314,0.6892113910186198,0.399990775271682,0.17840764455893068,0.36595948362569664,0.09439753929108766,0.732749178532311,0.6747414878697667,0.6159300406782459
eicu_floor540,184,4,437,437,2369,32,5.421052631578948,74,1.625,0.47619047619047616,99.3270845522322,0.96181001298534,0.08330569500513829,1,0.30663019659269786,0.10342169172266831,0.7735487404162102,0.32913074638641876,-0.2754057326283361,0.38993589159783615,0.09371005096604705,0.8362541073384447,0.6440410053938044,0.17186306314368274
eicu_floor540,184,3,437,437,3489,32,7.983981693363845,74,1.625,0.6097560975609756,73.42038680741511,0.9727461505519621,0.015174248660203615,1,0.48489281388123256,0.08348208960671161,0.8181818181818182,0.8140426294576947,-0.03810373728664913,0.5000670625414362,0.08932189249677797,0.8455640744797371,0.9466204390006011,-0.8932692509514223
eicu_floor540,184,3,437,437,3489,32,7.983981693363845,74,1.625,0.625,114.87534611275613,0.9738847359201396,-0.0022418443261434384,0,0.27027410352038916,0.10439775075051314,0.6892113910186198,0.399990775271682,0.17840764455893068,0.2680322591942457,0.13148912493794618,0.6933187294633077,0.462056485963218,-1.0630234145192674
eicu_floor540,184,3,437,437,3489,32,7.983981693363845,74,1.625,0.6097560975609756,101.02221901804577,0.9734763769309959,0.026488368234118154,1,0.30663019659269786,0.10342169172266831,0.7735487404162102,0.32913074638641876,-0.2754057326283361,0.333118564826816,0.11061533212745149,0.8370755750273823,0.46707011458947245,-1.155200313293279
eicu_floor540,184,3,437,437,3019,32,6.908466819221968,74,1.625,0.5454545454545454,107.56818041049979,0.9830441417296026,-0.036896451633347704,0,0.48489281388123256,0.08348208960671161,0.8181818181818182,0.8140426294576947,-0.03810373728664913,0.44799636224788486,0.08763536930319188,0.8370755750273823,0.775682030800417,-0.36293963932439505
eicu_floor540,184,3,437,437,3019,32,6.908466819221968,74,1.625,0.5454545454545454,129.74592473300834,0.9792160503130333,-0.03322410103452009,0,0.27027410352038916,0.10439775075051314,0.6892113910186198,0.399990775271682,0.17840764455893068,0.23705000248586908,0.1185209935387827,0.6536144578313253,0.32396249468544597,-0.22167384248718067
eicu_floor540,184,3,437,437,3019,32,6.908466819221968,74,1.625,0.5454545454545454,107.09462152081542,0.9765244569588747,0.055327307386350055,1,0.30663019659269786,0.10342169172266831,0.7735487404162102,0.32913074638641876,-0.2754057326283361,0.3619575039790479,0.09552522064487996,0.8335158817086528,0.33883337267225994,-0.3930216431906604
eicu_floor540,184,3,437,437,3579,32,8.189931350114417,74,1.625,0.43902439024390244,57.950101458473526,0.9809140140347097,-0.06230563550735835,0,0.48489281388123256,0.08348208960671161,0.8181818181818182,0.8140426294576947,-0.03810373728664913,0.4225871783738742,0.0885919106603816,0.8247535596933188,0.7118248887851224,0.07461496669941856
eicu_floor540,184,3,437,437,3579,32,8.189931350114417,74,1.625,0.43902439024390244,76.8377121379508,0.9805373060588864,-0.020546361078209396,0,0.27027410352038916,0.10439775075051314,0.6892113910186198,0.399990775271682,0.17840764455893068,0.24972774244217977,0.10381517499803695,0.6741511500547646,0.3565654845077995,0.1774169848727533
eicu_floor540,184,3,437,437,3579,32,8.189931350114417,74,1.625,0.43902439024390244,103.15437890255114,0.9806112868437229,0.010458920040643527,1,0.30663019659269786,0.10342169172266831,0.7735487404162102,0.32913074638641876,-0.2754057326283361,0.3170891166333414,0.10514038268056038,0.7990142387732749,0.45856868042379006,-0.06866653078791508
eicu_floor540,184,1,437,437,811,32,1.8558352402745995,74,1.625,1.0,12.203281693165216,0.917976330923175,0.043761986488808524,1,0.48489281388123256,0.08348208960671161,0.8181818181818182,0.8140426294576947,-0.03810373728664913,0.5286548003700411,0.07807905109574066,0.8159912376779846,0.9043145571272145,-0.10034512506724276
eicu_floor540,184,1,437,437,811,32,1.8558352402745995,74,1.625,1.0,35.87006035080475,0.9720191361996025,0.002151987659868515,1,0.27027410352038916,0.10439775075051314,0.6892113910186198,0.399990775271682,0.17840764455893068,0.2724260911802577,0.10541045982593727,0.6900328587075575,0.4499912016765819,-0.1226404141147855
eicu_floor540,184,1,437,437,811,32,1.8558352402745995,74,1.625,1.0,25.594132673907293,0.9601820551460579,0.011732256664905072,1,0.30663019659269786,0.10342169172266831,0.7735487404162102,0.32913074638641876,-0.2754057326283361,0.31836245325760293,0.10114502498560117,0.7894304490690033,0.4119840004301356,-0.4798383569737061
eicu_floor540,184,4,437,437,5839,32,13.361556064073227,74,1.625,0.5294117647058824,165.19475185127658,0.9859791304450074,-0.09454191317666993,0,0.48489281388123256,0.08348208960671161,0.8181818181818182,0.8140426294576947,-0.03810373728664913,0.39035090070456263,0.09171024346003807,0.8444687842278203,0.7901974651952148,-0.2133055991483505
eicu_floor540,184,4,437,437,5839,32,13.361556064073227,74,1.625,0.5294117647058824,215.87013562517706,0.9862155652786176,-0.061008078586832326,0,0.27027410352038916,0.10439775075051314,0.6892113910186198,0.399990775271682,0.17840764455893068,0.20926602493355684,0.11928395942072394,0.6722343921139102,0.3786304852797043,-0.40130730003851506
eicu_floor540,184,4,437,437,5839,32,13.361556064073227,74,1.625,0.5294117647058824,146.65018459701508,0.9825751473672921,-0.025201501560335626,0,0.30663019659269786,0.10342169172266831,0.7735487404162102,0.32913074638641876,-0.2754057326283361,0.28142869503236223,0.11131324065359173,0.800383351588171,0.37083423009920574,-0.5135738153864527
eicu_floor540,184,1,437,437,555,32,1.2700228832951945,74,1.625,0.8125,12.963537635349939,0.9225013270561367,0.022700776288729074,1,0.48489281388123256,0.08348208960671161,0.8181818181818182,0.8140426294576947,-0.03810373728664913,0.5075935901699616,0.08121424077705085,0.803669222343921,0.6386147788100344,0.624913781693547
eicu_floor540,184,1,437,437,555,32,1.2700228832951945,74,1.625,0.8125,21.404229157237893,0.9528548068754339,-0.04469527104807136,0,0.27027410352038916,0.10439775075051314,0.6892113910186198,0.399990775271682,0.17840764455893068,0.2255788324723178,0.11482834840675783,0.6522453450164293,0.23070475751794667,0.27603480636675254
eicu_floor540,184,1,437,437,555,32,1.2700228832951945,74,1.625,0.8125,9.662589806454523,0.8858499921385341,0.09894051311612251,1,0.30663019659269786,0.10342169172266831,0.7735487404162102,0.32913074638641876,-0.2754057326283361,0.40557070970882036,0.09030016510686846,0.8411829134720701,0.5357386405643491,-0.11438371427527057
eicu_floor540,184,1,437,437,458,32,1.0480549199084668,74,1.625,0.90625,22.84151840540595,0.9562200733659051,-0.05033273502190161,0,0.48489281388123256,0.08348208960671161,0.8181818181818182,0.8140426294576947,-0.03810373728664913,0.43456007885933096,0.08733602114247323,0.8228368017524643,1.0030516553305378,0.49460676442949836
eicu_floor540,184,1,437,437,458,32,1.0480549199084668,74,1.625,0.90625,12.841900108767163,0.922129903555526,0.05657156198272084,1,0.27027410352038916,0.10439775075051314,0.6892113910186198,0.399990775271682,0.17840764455893068,0.32684566550311,0.09473811168700466,0.7092004381161008,0.5908689179936115,0.68415130321775
eicu_floor540,184,1,437,437,458,32,1.0480549199084668,74,1.625,0.90625,19.552408821626038,0.9488554065576849,0.1237411467532184,1,0.30663019659269786,0.10342169172266831,0.7735487404162102,0.32913074638641876,-0.2754057326283361,0.43037134334591626,0.08881000007405683,0.7431544359255202,0.8599489375319782,0.5287495701648556
eicu_floor540,188,3,1051,555,3384,22,3.219790675547098,120,3.8181818181818183,0.5142857142857142,202.319907452366,0.9872283568322553,0.08919275131191362,1,0.17051600971442094,0.07604783856799459,0.6643239625167336,0.4631321874223657,-0.05521328057898072,0.25970876102633456,0.07516928669062134,0.7305220883534136,0.49330706467147883,-0.4721245662944407
eicu_floor540,188,3,1051,555,3384,22,3.219790675547098,120,3.8181818181818183,0.5142857142857142,215.42239307299243,0.9872550179146046,0.003546315132815836,1,0.2516562313143824,0.0677858210839246,0.7404953145917001,0.9043157551182108,-0.0120353160570658,0.25520254644719825,0.07236981654517582,0.7904953145917002,0.7401145919648671,-0.3434781263266376
eicu_floor540,188,3,1051,555,3384,22,3.219790675547098,120,3.8181818181818183,0.5142857142857142,191.5014235922248,0.9925862075874143,0.027809413080561174,1,0.22793226231842661,0.0718796237334402,0.7319277108433735,0.6616688520943531,-0.01824900973839063,0.2557416753989878,0.07383653735308843,0.7349397590361446,0.5721256203251369,-0.3574701272181385
eicu_floor540,188,1,1051,1051,1365,22,1.2987630827783063,120,3.8181818181818183,0.6285714285714286,56.50871022523338,0.9792128252976198,0.08666088639364994,1,0.17051600971442094,0.07604783856799459,0.6643239625167336,0.4631321874223657,-0.05521328057898072,0.2571768961080709,0.0736958832912166,0.7408299866131192,0.5229912506915593,-0.3744334712666598
eicu_floor540,188,1,1051,1051,1365,22,1.2987630827783063,120,3.8181818181818183,0.6285714285714286,132.61816869060002,0.9922814853295687,0.013988371190461701,1,0.2516562313143824,0.0677858210839246,0.7404953145917001,0.9043157551182108,-0.0120353160570658,0.2656446025048441,0.06916644368475494,0.8186746987951807,0.8810762695310083,-0.2502785722572824
eicu_floor540,188,1,1051,1051,1365,22,1.2987630827783063,120,3.8181818181818183,0.6285714285714286,33.637220080552154,0.9654524153578535,0.01287414780933005,1,0.22793226231842661,0.0718796237334402,0.7319277108433735,0.6616688520943531,-0.01824900973839063,0.24080641012775666,0.07269756600894793,0.7626506024096386,0.6143222155358788,-0.30520291685656187
eicu_floor540,188,2,1051,446,1302,22,1.2388201712654614,120,3.8181818181818183,0.65625,92.21185504921186,0.9783108148194977,0.044062512394430764,1,0.17051600971442094,0.07604783856799459,0.6643239625167336,0.4631321874223657,-0.05521328057898072,0.2145785221088517,0.07653451477498312,0.6674029451137885,0.43599838662833695,-0.0691372165796292
eicu_floor540,188,2,1051,446,1302,22,1.2388201712654614,120,3.8181818181818183,0.65625,95.13411774255746,0.9785061780195343,0.019773854555762804,1,0.2516562313143824,0.0677858210839246,0.7404953145917001,0.9043157551182108,-0.0120353160570658,0.2714300858701452,0.06694299421923616,0.7931726907630522,0.851712035232033,-0.03692794275130698
eicu_floor540,188,2,1051,446,1302,22,1.2388201712654614,120,3.8181818181818183,0.65625,54.79589860956538,0.9720605522781688,0.02196570691541405,1,0.22793226231842661,0.0718796237334402,0.7319277108433735,0.6616688520943531,-0.01824900973839063,0.24989796923384067,0.07020710275593121,0.746921017402945,0.6416821689342237,0.039774881238936674
eicu_floor540,188,1,1051,437,437,22,0.41579448144624165,120,3.8181818181818183,0.6875,65.28694018403624,0.9846825184950859,0.06480399079192029,1,0.17051600971442094,0.07604783856799459,0.6643239625167336,0.4631321874223657,-0.05521328057898072,0.23532000050634122,0.07489388424824142,0.6656626506024096,0.4367033079299179,-0.21090159183961324
eicu_floor540,188,1,1051,437,437,22,0.41579448144624165,120,3.8181818181818183,0.6875,39.656224244379274,0.9740814243884333,-0.02825165753642278,0,0.2516562313143824,0.0677858210839246,0.7404953145917001,0.9043157551182108,-0.0120353160570658,0.22340457377795964,0.07652719708265081,0.7637215528781793,0.31188947453843613,-0.34018845636058037
eicu_floor540,188,1,1051,437,437,22,0.41579448144624165,120,3.8181818181818183,0.6875,135.29404638626391,0.9920612689053413,0.0029683015794101097,1,0.22793226231842661,0.0718796237334402,0.7319277108433735,0.6616688520943531,-0.01824900973839063,0.23090056389783672,0.07331495378791932,0.7232931726907631,0.5011708095987178,-0.09628919274968131
eicu_floor540,188,4,1051,383,1809,22,1.7212178877259752,120,3.8181818181818183,0.625,132.38907428293646,0.9789090001450435,0.05417026592573165,1,0.17051600971442094,0.07604783856799459,0.6643239625167336,0.4631321874223657,-0.05521328057898072,0.2246862756401526,0.07328615266796602,0.669210174029451,0.5161946889080261,-0.1281893049196582
eicu_floor540,188,4,1051,383,1809,22,1.7212178877259752,120,3.8181818181818183,0.5405405405405406,202.50253536806127,0.9875798407606016,-0.050798641991960325,0,0.2516562313143824,0.0677858210839246,0.7404953145917001,0.9043157551182108,-0.0120353160570658,0.2008575893224221,0.07599159292894714,0.7428380187416331,0.28888275830080823,-0.19101388126373564
eicu_floor540,188,4,1051,383,1809,22,1.7212178877259752,120,3.8181818181818183,0.625,203.82196005884447,0.979927985888141,-0.012542374488931168,0,0.22793226231842661,0.0718796237334402,0.7319277108433735,0.6616688520943531,-0.01824900973839063,0.21538988782949545,0.07220735624424703,0.7222222222222223,0.526425802569358,-0.029592299887281882
eicu_floor540,188,1,1051,870,870,22,0.8277830637488106,120,3.8181818181818183,0.9565217391304348,41.013757342209686,0.9749392875020955,0.04672971306858084,1,0.17051600971442094,0.07604783856799459,0.6643239625167336,0.4631321874223657,-0.05521328057898072,0.21724572278300178,0.07066067056922505,0.6782463186077644,0.6640737216032145,0.4422625701042518
eicu_floor540,188,1,1051,870,870,22,0.8277830637488106,120,3.8181818181818183,0.9565217391304348,70.37065578012314,0.9826295883164375,0.07079000705113464,1,0.2516562313143824,0.0677858210839246,0.7404953145917001,0.9043157551182108,-0.0120353160570658,0.32244623836551706,0.06609448486219224,0.7748995983935744,1.16734069316988,0.343348458454648
eicu_floor540,188,1,1051,870,870,22,0.8277830637488106,120,3.8181818181818183,0.9565217391304348,34.38982812463203,0.9709198395557636,0.023009906402390035,1,0.22793226231842661,0.0718796237334402,0.7319277108433735,0.6616688520943531,-0.01824900973839063,0.25094216872081665,0.06871463952505581,0.7120481927710844,0.7705210106986408,0.4329813776787807
eicu_floor540,188,2,1051,408,1025,22,0.9752616555661275,120,3.8181818181818183,0.625,102.67697504423842,0.9818378235016374,0.06118120692173096,1,0.17051600971442094,0.07604783856799459,0.6643239625167336,0.4631321874223657,-0.05521328057898072,0.2316972166361519,0.07995931417798245,0.6502677376171352,0.357286596352425,-0.2272341187654691
eicu_floor540,188,2,1051,408,1025,22,0.9752616555661275,120,3.8181818181818183,0.625,212.2651194661288,0.9915304765465051,-0.03617700720883868,0,0.2516562313143824,0.0677858210839246,0.7404953145917001,0.9043157551182108,-0.0120353160570658,0.21547922410554374,0.08900427826856089,0.763520749665328,0.2557594470162239,-0.7609777262736651
eicu_floor540,188,2,1051,408,1025,22,0.9752616555661275,120,3.8181818181818183,0.625,113.55500039577487,0.982387389432175,0.058877801569610255,1,0.22793226231842661,0.0718796237334402,0.7319277108433735,0.6616688520943531,-0.01824900973839063,0.28681006388803687,0.07307141296009909,0.747322623828648,0.553121623318873,-0.078878989417402
eicu_floor540,188,3,1051,423,3776,22,3.5927687916270217,120,3.8181818181818183,0.6176470588235294,145.7219081172682,0.9794128416326681,0.10097643638788567,1,0.17051600971442094,0.07604783856799459,0.6643239625167336,0.4631321874223657,-0.05521328057898072,0.2714924461023066,0.3123208922684533,0.7504685408299866,0.23744746924305787,-5.378289645440998
eicu_floor540,188,3,1051,423,3776,22,3.5927687916270217,120,3.8181818181818183,0.65625,161.70611194258936,0.9850591044115506,-0.02569995955034804,0,0.2516562313143824,0.0677858210839246,0.7404953145917001,0.9043157551182108,-0.0120353160570658,0.21206738287514548,0.4088838115238564,0.7025100401606426,0.09994526037645125,-11.866630786937735
eicu_floor540,188,3,1051,423,3776,22,3.5927687916270217,120,3.8181818181818183,0.65625,146.99866228573694,0.9804179028714538,-0.044581377051711835,0,0.22793226231842661,0.0718796237334402,0.7319277108433735,0.6616688520943531,-0.01824900973839063,0.18335088526671478,0.341768878846957,0.7255020080321285,0.13999642325731346,-8.286766660526698
eicu_floor540,188,2,1051,605,2371,22,2.2559467174119887,120,3.8181818181818183,0.6176470588235294,251.59000397670593,0.9920505585739202,0.05639949007549974,1,0.17051600971442094,0.07604783856799459,0.6643239625167336,0.4631321874223657,-0.05521328057898072,0.22691549978992068,0.07540321993960523,0.6801204819277108,0.46470330994329717,-0.3714862747087583
eicu_floor540,188,2,1051,605,2371,22,2.2559467174119887,120,3.8181818181818183,0.6176470588235294,169.92511608626862,0.9904742733406285,-0.019314566028944546,0,0.2516562313143824,0.0677858210839246,0.7404953145917001,0.9043157551182108,-0.0120353160570658,0.23234166528543787,0.0782149583319478,0.6917670682730924,0.43021283728389376,-0.524392491570028
eicu_floor540,188,2,1051,605,2371,22,2.2559467174119887,120,3.8181818181818183,0.6176470588235294,156.19598347426668,0.9871955734359232,0.036147073657258166,1,0.22793226231842661,0.0718796237334402,0.7319277108433735,0.6616688520943531,-0.01824900973839063,0.2640793359756848,0.07866931330819986,0.7014056224899597,0.4454575283124785,-0.485057487140467
eicu_floor540,188,1,1051,504,504,22,0.47954329210275926,120,3.8181818181818183,0.7777777777777778,32.242437919285074,0.9689849755622272,0.0038166214557672773,1,0.17051600971442094,0.07604783856799459,0.6643239625167336,0.4631321874223657,-0.05521328057898072,0.1743326311701882,0.0738572735172248,0.6626506024096386,0.5135567749575072,0.005456237701562734
eicu_floor540,188,1,1051,504,504,22,0.47954329210275926,120,3.8181818181818183,0.7777777777777778,33.88692524522676,0.9704900933689504,-0.02085063900309775,0,0.2516562313143824,0.0677858210839246,0.7404953145917001,0.9043157551182108,-0.0120353160570658,0.23080559231128467,0.0685275203953163,0.7170682730923695,0.8756196765643507,0.0357505474469671
eicu_floor540,188,1,1051,504,504,22,0.47954329210275926,120,3.8181818181818183,0.7777777777777778,19.881804726441835,0.9497027551694013,0.0007593628902854421,1,0.22793226231842661,0.0718796237334402,0.7319277108433735,0.6616688520943531,-0.01824900973839063,0.22869162520871206,0.0691720326775645,0.714524765729585,0.7414742041135429,-0.0028045856640455127
eicu_floor540,188,1,1051,917,917,22,0.8725023786869648,120,3.8181818181818183,0.6060606060606061,37.825258478852604,0.9731583957736197,0.09012107603451824,1,0.17051600971442094,0.07604783856799459,0.6643239625167336,0.4631321874223657,-0.05521328057898072,0.2606370857489392,0.0690670564808868,0.6904953145917001,0.6120250962440912,0.21395988550282477
eicu_floor540,188,1,1051,917,917,22,0.8725023786869648,120,3.8181818181818183,0.6060606060606061,95.33291233139599,0.9894824019084787,0.050121149685069644,1,0.2516562313143824,0.0677858210839246,0.7404953145917001,0.9043157551182108,-0.0120353160570658,0.30177738099945206,0.06553491910060591,0.8033467202141901,0.9309697733332738,0.019637506506932793
eicu_floor540,188,1,1051,917,917,22,0.8725023786869648,120,3.8181818181818183,0.6060606060606061,18.903006744060242,0.9426169400849365,0.01339920853395346,1,0.22793226231842661,0.0718796237334402,0.7319277108433735,0.6616688520943531,-0.01824900973839063,0.24133147085238008,0.070710123939592,0.7622489959839358,0.667468096589018,0.12078848342397462
eicu_floor540,188,1,1051,974,974,22,0.9267364414843007,120,3.8181818181818183,0.6111111111111112,42.01755037152334,0.9753116256584676,0.09900278619196301,1,0.17051600971442094,0.07604783856799459,0.6643239625167336,0.4631321874223657,-0.05521328057898072,0.26951879590638395,0.07580180758596879,0.7324631860776439,0.49954887470499715,-0.3735378518605909
eicu_floor540,188,1,1051,974,974,22,0.9267364414843007,120,3.8181818181818183,0.6111111111111112,47.44651581633233,0.9789235107986956,-0.03923818504840382,0,0.2516562313143824,0.0677858210839246,0.7404953145917001,0.9043157551182108,-0.0120353160570658,0.2124180462659786,0.08530645879092792,0.730722891566265,0.4449588570520113,-0.7659181823520956
eicu_floor540,188,1,1051,974,974,22,0.9267364414843007,120,3.8181818181818183,0.6111111111111112,54.09068413718095,0.9813572971615335,0.00086953744729798,1,0.22793226231842661,0.0718796237334402,0.7319277108433735,0.6616688520943531,-0.01824900973839063,0.2288017997657246,0.07984656490085214,0.7495314591700134,0.5040720300423482,-0.5356215964880604
eicu_floor540,195,1,588,588,3039,36,5.168367346938775,43,0.8333333333333334,0.5121951219512195,29.383291782826063,0.9659670534060285,-0.027642812966814784,0,0.2605545035006911,0.04524760043618715,0.6272932088831671,0.5080997374538443,-0.02730298397074414,0.2329116905338763,0.046400279943616105,0.6462825877051819,0.5420733769364079,0.007640923387762383
eicu_floor540,195,1,588,588,3039,33,5.168367346938775,43,0.9090909090909091,0.5526315789473685,19.649459571913496,0.9491080150911948,-0.09853334580792186,0,0.3079839538855575,0.04175868671806317,0.7621499839073061,0.9566328326476984,-0.021647013639728697,0.20945060807763563,0.04672851068695428,0.7161248793047956,0.7350708962516092,0.2230064159676818
eicu_floor540,195,1,588,588,3039,34,5.168367346938775,43,0.8823529411764706,0.5384615384615384,14.805058463290711,0.9324555183297986,0.08491124392790114,1,0.11240918719156556,0.05370314675657907,0.6626971355004828,0.41271524831702056,-0.1595238360945323,0.1973204311194667,0.04773530039745033,0.6964917927261024,0.6800478953617165,0.25152545768103135
eicu_floor540,195,4,588,588,4923,36,8.372448979591837,43,0.8333333333333334,0.5135135135135135,105.29988842684861,0.9799876189094298,-0.06964099118890674,0,0.2605545035006911,0.04524760043618715,0.6272932088831671,0.5080997374538443,-0.02730298397074414,0.19091351231178436,0.04656585458676528,0.6794335371741229,0.7031372329908521,0.2916020202659212
eicu_floor540,195,4,588,588,4923,33,8.372448979591837,43,0.9090909090909091,0.5135135135135135,111.26448851218127,0.9808201825285525,0.06835959713088569,1,0.3079839538855575,0.04175868671806317,0.7621499839073061,0.9566328326476984,-0.021647013639728697,0.3763435510164432,0.04040921849495405,0.7946572256195688,1.2652619901750124,0.23756737851055595
eicu_floor540,195,4,588,588,4923,34,8.372448979591837,43,0.8823529411764706,0.5135135135135135,142.06182517341034,0.9865111007141502,-0.02428139011074984,0,0.11240918719156556,0.05370314675657907,0.6626971355004828,0.41271524831702056,-0.1595238360945323,0.08812779708081572,0.04978145347835668,0.6083038300611523,0.3425631984415756,0.3345248261159167
eicu_floor540,195,3,588,501,2065,36,3.511904761904762,43,0.8333333333333334,0.5952380952380952,71.53597068329347,0.9601925142632484,0.002642043956953999,1,0.2605545035006911,0.04524760043618715,0.6272932088831671,0.5080997374538443,-0.02730298397074414,0.2631965474576451,0.044509019750276706,0.7232056646282587,0.6992487357038923,0.7657178673024283
eicu_floor540,195,3,588,501,2065,33,3.511904761904762,43,0.9090909090909091,0.6190476190476191,86.3415773187916,0.9654670637873387,0.047306644336388204,1,0.3079839538855575,0.04175868671806317,0.7621499839073061,0.9566328326476984,-0.021647013639728697,0.3552905982219457,0.04113790157670708,0.7402639201802382,0.7858994034963407,0.8852790535754962
eicu_floor540,195,3,588,501,2065,34,3.511904761904762,43,0.8823529411764706,0.5952380952380952,68.01983441756525,0.95994170808852,0.022222251656817016,1,0.11240918719156556,0.05370314675657907,0.6626971355004828,0.41271524831702056,-0.1595238360945323,0.13463143884838258,0.04906457835868099,0.6192468619246861,0.33050161652867427,0.8930823403088447
eicu_floor540,195,1,588,446,446,36,0.7585034013605442,43,0.8333333333333334,0.7222222222222222,34.497332678832684,0.9706073052012246,-0.10027369747770579,0,0.2605545035006911,0.04524760043618715,0.6272932088831671,0.5080997374538443,-0.02730298397074414,0.1602808060229853,0.04739189033717557,0.634052140328291,0.483954314413102,0.3169976986856305
eicu_floor540,195,1,588,446,446,33,0.7585034013605442,43,0.9090909090909091,0.6857142857142857,17.498097950402837,0.9421390802116156,-0.08054847714902483,0,0.3079839538855575,0.04175868671806317,0.7621499839073061,0.9566328326476984,-0.021647013639728697,0.22743547673653267,0.044752060441416205,0.7392983585452204,0.8497044160040893,0.30148130016541375
eicu_floor540,195,1,588,446,446,34,0.7585034013605442,43,0.8823529411764706,0.6666666666666666,27.145916933747372,0.9631323187850598,-0.021474979991881207,0,0.11240918719156556,0.05370314675657907,0.6626971355004828,0.41271524831702056,-0.1595238360945323,0.09093420719968436,0.05320646305980229,0.6285806243965241,0.2879931713385733,0.4619549178214087
eicu_floor540,195,3,588,588,2836,36,4.8231292517006805,43,0.8333333333333334,0.5238095238095238,73.01987037722162,0.9688980135757528,0.03907191077096278,1,0.2605545035006911,0.04524760043618715,0.6272932088831671,0.5080997374538443,-0.02730298397074414,0.2996264142716539,0.044100767965797476,0.7489539748953975,0.8428598352120253,0.718223862618658
eicu_floor540,195,3,588,588,2836,33,4.8231292517006805,43,0.9090909090909091,0.5238095238095238,83.18370134905129,0.9709343983769994,-0.004620708123848016,0,0.3079839538855575,0.04175868671806317,0.7621499839073061,0.9566328326476984,-0.021647013639728697,0.3033632457617095,0.042598164878993434,0.7631155455423237,0.7455826096706147,0.5216383545445986
eicu_floor540,195,3,588,588,2836,34,4.8231292517006805,43,0.8823529411764706,0.5238095238095238,62.80973725545443,0.9732636847381142,-0.0001495703228204942,0,0.11240918719156556,0.05370314675657907,0.6626971355004828,0.41271524831702056,-0.1595238360945323,0.11225961686874507,0.05009403391571335,0.6607660122304474,0.3691026206435888,0.6844419702269238
eicu_floor540,195,3,588,435,1742,36,2.9625850340136055,43,0.8333333333333334,0.5365853658536586,105.15208098199977,0.9781325176032141,0.08452852978952763,1,0.2605545035006911,0.04524760043618715,0.6272932088831671,0.5080997374538443,-0.02730298397074414,0.3450830332902187,0.041027280346937256,0.7740585774058577,0.9119800251185011,0.13422134441178546
eicu_floor540,195,3,588,435,1742,33,2.9625850340136055,43,0.9090909090909091,0.55,100.87136213949097,0.9801276335319022,-0.0656373345874409,0,0.3079839538855575,0.04175868671806317,0.7621499839073061,0.9566328326476984,-0.021647013639728697,0.2423466192981166,0.046810726690149004,0.7624718377856453,0.6736974698241879,-0.05904762587421874
eicu_floor540,195,3,588,435,1742,34,2.9625850340136055,43,0.8823529411764706,0.5365853658536586,50.53095388345897,0.9511174933641476,0.06114019842485263,1,0.11240918719156556,0.05370314675657907,0.6626971355004828,0.41271524831702056,-0.1595238360945323,0.1735493856164182,0.049985671087117885,0.6572256195687158,0.4597244507118362,0.02901334592073066
eicu_floor540,195,2,588,588,3268,36,5.557823129251701,43,0.8333333333333334,0.40540540540540543,22.23005215516562,0.9100317000590006,-0.08157695358859571,0,0.2605545035006911,0.04524760043618715,0.6272932088831671,0.5080997374538443,-0.02730298397074414,0.17897754991209538,0.04753285848937063,0.7067911168329579,0.6287545705795894,-0.024153126233658614
eicu_floor540,195,2,588,588,3268,33,5.557823129251701,43,0.9090909090909091,0.4411764705882353,16.616488860178443,0.8796376288138094,-0.0744493035577466,0,0.3079839538855575,0.04175868671806317,0.7621499839073061,0.9566328326476984,-0.021647013639728697,0.2335346503278109,0.04502308352651585,0.7261023495333119,0.8784004746082517,-0.000782605985845448
eicu_floor540,195,2,588,588,3268,34,5.557823129251701,43,0.8823529411764706,0.42857142857142855,23.384197603994274,0.9287930881032307,0.008065445044816696,1,0.11240918719156556,0.05370314675657907,0.6626971355004828,0.41271524831702056,-0.1595238360945323,0.12047463223638226,0.05000422103033765,0.6723527518506598,0.5196293135394452,0.0265950528156622
eicu_floor540,195,2,588,588,1478,36,2.5136054421768708,43,0.8333333333333334,0.5365853658536586,95.09255609143972,0.9825621005553222,0.09009538636134495,1,0.2605545035006911,0.04524760043618715,0.6272932088831671,0.5080997374538443,-0.02730298397074414,0.35064988986203605,0.0411662021023237,0.7170904409398134,0.7450311209836983,0.2160967937689748
eicu_floor540,195,2,588,588,1478,33,2.5136054421768708,43,0.9090909090909091,0.55,137.93656271772167,0.9855574706752023,-0.1620121049711871,0,0.3079839538855575,0.04175868671806317,0.7621499839073061,0.9566328326476984,-0.021647013639728697,0.1459718489143704,0.0494461663219711,0.7273897650466689,0.5931549865886686,-0.010117418952735966
eicu_floor540,195,2,588,588,1478,34,2.5136054421768708,43,0.8823529411764706,0.5365853658536586,86.83842962263786,0.9786681634112508,0.07243442050429183,1,0.11240918719156556,0.05370314675657907,0.6626971355004828,0.41271524831702056,-0.1595238360945323,0.1848436076958574,0.04833587907916125,0.7006758931445123,0.5777979692004623,0.11357424468092198
eicu_floor540,195,3,588,539,3829,36,6.511904761904762,43,0.8333333333333334,0.4634146341463415,67.41813960741484,0.9731522025870126,0.07830410516017855,1,0.2605545035006911,0.04524760043618715,0.6272932088831671,0.5080997374538443,-0.02730298397074414,0.33885860866086964,0.04169249255423892,0.7138719021564209,0.8682394290640397,-0.013473819851988252
eicu_floor540,195,3,588,539,3829,33,6.511904761904762,43,0.9090909090909091,0.4634146341463415,55.45607366892632,0.9766373294746059,-0.054142535783317125,0,0.3079839538855575,0.04175868671806317,0.7621499839073061,0.9566328326476984,-0.021647013639728697,0.25384141810224037,0.044123563281464745,0.7566784679755392,0.8565955245979788,0.16381030768144153
eicu_floor540,195,3,588,539,3829,34,6.511904761904762,43,0.8823529411764706,0.4634146341463415,46.88837242361458,0.9511635957673865,0.0006924291687204626,1,0.11240918719156556,0.05370314675657907,0.6626971355004828,0.41271524831702056,-0.1595238360945323,0.11310161636028603,0.05009011699555466,0.6144190537495977,0.39274751166536953,-0.019390473092401193
eicu_floor540,195,3,588,487,3479,36,5.916666666666667,43,0.8333333333333334,0.4634146341463415,130.0509001987477,0.9769321089249262,0.05641081890469812,1,0.2605545035006911,0.04524760043618715,0.6272932088831671,0.5080997374538443,-0.02730298397074414,0.3169653224053892,0.044419801264765295,0.7241712262632765,0.804450536457597,-0.313581182354434
eicu_floor540,195,3,588,487,3479,33,5.916666666666667,43,0.9090909090909091,0.5,85.63446697832856,0.9766449179802084,-0.041488559145624826,0,0.3079839538855575,0.04175868671806317,0.7621499839073061,0.9566328326476984,-0.021647013639728697,0.26649539473993267,0.04765074565121021,0.8030254264563887,0.8498236849457138,-0.5463397058293095
eicu_floor540,195,3,588,487,3479,34,5.916666666666667,43,0.8823529411764706,0.48717948717948717,139.64297707693683,0.9785166424921811,0.08324739917057847,1,0.11240918719156556,0.05370314675657907,0.6626971355004828,0.41271524831702056,-0.1595238360945323,0.19565658636214403,0.04990889676092146,0.6694560669456067,0.6140971881917545,-0.33915374415308913
eicu_floor540,195,1,588,505,505,36,0.858843537414966,43,0.8333333333333334,0.5365853658536586,15.304226944251539,0.9345630323123271,-0.008329098505280574,0,0.2605545035006911,0.04524760043618715,0.6272932088831671,0.5080997374538443,-0.02730298397074414,0.2522254049954105,0.046422426091527344,0.6137753459929192,0.5003306926626976,-0.09096546093562431
eicu_floor540,195,1,588,505,505,33,0.858843537414966,43,0.9090909090909091,0.5789473684210527,15.156991583525636,0.9339846745329767,-0.004807070993311124,0,0.3079839538855575,0.04175868671806317,0.7621499839073061,0.9566328326476984,-0.021647013639728697,0.30317688289224637,0.04363294148942247,0.7177341486964919,0.7457745263705118,-0.17215265005396327
eicu_floor540,195,1,588,505,505,34,0.858843537414966,43,0.8823529411764706,0.5641025641025641,9.061032072507135,0.8893125921943577,0.058934525609739496,1,0.11240918719156556,0.05370314675657907,0.6626971355004828,0.41271524831702056,-0.1595238360945323,0.17134371280130506,0.0522942938366602,0.658834888960412,0.4410483735297668,-0.02435910225474688
eicu_floor540,195,1,588,588,756,36,1.2857142857142858,43,0.8333333333333334,0.6428571428571429,43.25453572036619,0.9768810372520274,0.07328304576232808,1,0.2605545035006911,0.04524760043618715,0.6272932088831671,0.5080997374538443,-0.02730298397074414,0.3338375492630192,0.04322967814182608,0.698744769874477,0.7135642345548843,-0.21651608525490162
eicu_floor540,195,1,588,588,756,33,1.2857142857142858,43,0.9090909090909091,0.675,29.443222687483384,0.9660363265728683,-0.06235286635922899,0,0.3079839538855575,0.04175868671806317,0.7621499839073061,0.9566328326476984,-0.021647013639728697,0.2456310875263285,0.044914070234673927,0.7421950434502735,0.8434334188414537,0.018216893531545802
eicu_floor540,195,1,588,588,756,34,1.2857142857142858,43,0.8823529411764706,0.675,17.63364341209663,0.9432902221832385,0.047013659213522935,1,0.11240918719156556,0.05370314675657907,0.6626971355004828,0.41271524831702056,-0.1595238360945323,0.1594228464050885,0.05391838546372964,0.6456388799485034,0.3933388397915674,-0.2007798937802757
eicu_floor540,197,4,870,392,2281,23,2.62183908045977,93,2.8260869565217392,0.5945945945945946,204.3088860670172,0.9804218011413957,-0.08317992781275318,0,0.2663323894476203,0.06541163642028495,0.7138728323699423,0.5550473455878231,-0.13065234410195548,0.1831524616348671,0.07895534560544412,0.6810487200660611,0.4763195741049997,-0.7147867320077422
eicu_floor540,197,4,870,392,2281,23,2.62183908045977,93,2.8260869565217392,0.5945945945945946,153.07080102127375,0.9773630513553011,0.021167743850315,1,0.2177775567902268,0.0672276568219827,0.714956647398844,0.6913186381802793,0.003530471190296951,0.2389453006405418,0.06841936190721551,0.6605594549958712,0.6105935185538687,-0.31818049838569273
eicu_floor540,197,4,870,392,2281,23,2.62183908045977,93,2.8260869565217392,0.5945945945945946,168.8732445325051,0.9808144281524294,-0.044084397732702965,0,0.16520817081217531,0.07278592182690977,0.6786230388109,0.44792404267939784,0.03923974263131214,0.12112377307947235,0.07898485013645169,0.5459847233691165,0.17632793806427527,-0.4492355718222085
eicu_floor540,197,3,870,392,2059,23,2.3666666666666667,93,2.8260869565217392,0.65625,204.09341185572396,0.9866817242886277,-0.041260947397090963,0,0.2663323894476203,0.06541163642028495,0.7138728323699423,0.5550473455878231,-0.13065234410195548,0.2250714420505293,0.06849513628012174,0.685074318744839,0.5620157679069039,-0.19220299575944827
eicu_floor540,197,3,870,392,2059,23,2.3666666666666667,93,2.8260869565217392,0.65625,284.9159542190034,0.9894562761142316,-0.0588286450405662,0,0.2177775567902268,0.0672276568219827,0.714956647398844,0.6913186381802793,0.003530471190296951,0.1589489117496606,0.06973879748889152,0.6994735755573905,0.6180580757851153,0.16720123983782084
eicu_floor540,197,3,870,392,2059,23,2.3666666666666667,93,2.8260869565217392,0.65625,171.97524213128972,0.985447636647981,-0.03557234751323432,0,0.16520817081217531,0.07278592182690977,0.6786230388109,0.44792404267939784,0.03923974263131214,0.129635823298941,0.0795694549257502,0.6213356729975227,0.14784798951423836,-0.05746315097010023
eicu_floor540,197,4,870,504,4612,23,5.301149425287356,93,2.8260869565217392,0.4634146341463415,134.2473059021851,0.9767405230439423,-0.021577363781073,0,0.2663323894476203,0.06541163642028495,0.7138728323699423,0.5550473455878231,-0.13065234410195548,0.24475502566654728,0.07040624494964492,0.726672171758877,0.5704779799572525,-0.5151590093945531
eicu_floor540,197,4,870,504,4612,23,5.301149425287356,93,2.8260869565217392,0.4634146341463415,103.45368112241806,0.9660832387110969,0.02170587088013029,1,0.2177775567902268,0.0672276568219827,0.714956647398844,0.6913186381802793,0.003530471190296951,0.2394834276703571,0.07461722218435743,0.7330202312138729,0.5165749771142665,-0.6230674993785384
eicu_floor540,197,4,870,504,4612,23,5.301149425287356,93,2.8260869565217392,0.4634146341463415,110.16747770978535,0.9664361401173477,0.018949516332214866,1,0.16520817081217531,0.07278592182690977,0.6786230388109,0.44792404267939784,0.03923974263131214,0.18415768714439018,0.07783874866823326,0.7495355078447563,0.44062110727908965,-0.4222618708649787
eicu_floor540,197,4,870,423,2503,23,2.8770114942528737,93,2.8260869565217392,0.65625,225.99575467090088,0.984756686732482,-0.07019673389884035,0,0.2663323894476203,0.06541163642028495,0.7138728323699423,0.5550473455878231,-0.13065234410195548,0.19613565554877993,0.0699237600149397,0.6581337737407102,0.5460345123326233,-0.37671857512479634
eicu_floor540,197,4,870,423,2503,23,2.8770114942528737,93,2.8260869565217392,0.65625,214.58066433933678,0.9852574445073274,-0.023866696583108193,0,0.2177775567902268,0.0672276568219827,0.714956647398844,0.6913186381802793,0.003530471190296951,0.19391086020711862,0.06773380319913617,0.7113439306358381,0.7504681819262047,-0.24714775466967062
eicu_floor540,197,4,870,423,2503,23,2.8770114942528737,93,2.8260869565217392,0.65625,205.1964630041499,0.9835013834882891,-0.05051777190803504,0,0.16520817081217531,0.07278592182690977,0.6786230388109,0.44792404267939784,0.03923974263131214,0.11469039890414028,0.08185707535289032,0.6021366639141206,0.12280852975927346,-0.29036783791353765
eicu_floor540,197,4,870,383,3496,23,4.0183908045977015,93,2.8260869565217392,0.47368421052631576,151.53879552528275,0.9803221690813151,-0.006929147800967317,0,0.2663323894476203,0.06541163642028495,0.7138728323699423,0.5550473455878231,-0.13065234410195548,0.25940324164665296,0.08028702417398313,0.7162469033856318,0.5133412702448967,-1.0263793731706945
eicu_floor540,197,4,870,383,3496,23,4.0183908045977015,93,2.8260869565217392,0.47368421052631576,193.91199131967497,0.9814895015868914,0.024267930340011623,1,0.2177775567902268,0.0672276568219827,0.714956647398844,0.6913186381802793,0.003530471190296951,0.24204548713023843,0.08406650139864011,0.7031895127993395,0.4477668207011157,-1.0106868356535132
eicu_floor540,197,4,870,383,3496,23,4.0183908045977015,93,2.8260869565217392,0.47368421052631576,174.624856344427,0.9770937535254977,0.042520688495199604,1,0.16520817081217531,0.07278592182690977,0.6786230388109,0.44792404267939784,0.03923974263131214,0.20772885930737492,0.08245804497795244,0.7578963666391412,0.4467918976505799,-0.9851235390289576
eicu_floor540,197,4,870,788,3493,23,4.014942528735633,93,2.8260869565217392,0.5128205128205128,196.59205496194062,0.981919432256075,0.0035202516394942096,1,0.2663323894476203,0.06541163642028495,0.7138728323699423,0.5550473455878231,-0.13065234410195548,0.2698526410871145,0.0679851526860441,0.7261560693641618,0.6098311286893857,-0.43680453606629405
eicu_floor540,197,4,870,788,3493,23,4.014942528735633,93,2.8260869565217392,0.5128205128205128,193.8170765512716,0.983774944342709,0.0004733410515620484,1,0.2177775567902268,0.0672276568219827,0.714956647398844,0.6913186381802793,0.003530471190296951,0.21825089784178886,0.0784740127401949,0.664378612716763,0.436936797201821,-0.567894786025565
eicu_floor540,197,4,870,788,3493,23,4.014942528735633,93,2.8260869565217392,0.5128205128205128,209.89700500393974,0.9834054818922098,0.004850273355263168,1,0.16520817081217531,0.07278592182690977,0.6786230388109,0.44792404267939784,0.03923974263131214,0.17005844416743848,0.08002479260148858,0.7116535920726672,0.3992014651923322,-0.3319098298685474
eicu_floor540,197,4,870,423,2799,23,3.217241379310345,93,2.8260869565217392,0.475,210.37040730132256,0.9850545183367655,-0.00270861128319011,0,0.2663323894476203,0.06541163642028495,0.7138728323699423,0.5550473455878231,-0.13065234410195548,0.26362377816443017,0.06623607566662486,0.7373038810900082,0.7576291352861801,-0.5081619269126463
eicu_floor540,197,4,870,423,2799,23,3.217241379310345,93,2.8260869565217392,0.475,100.59020930265484,0.9774540647036993,0.09123839863324967,1,0.2177775567902268,0.0672276568219827,0.714956647398844,0.6913186381802793,0.003530471190296951,0.3090159554234765,0.067775651704449,0.728994632535095,0.7310995864644679,-0.6337786199505603
eicu_floor540,197,4,870,423,2799,23,3.217241379310345,93,2.8260869565217392,0.475,92.92867022127302,0.9662354715526176,-0.0028049304120513763,0,0.16520817081217531,0.07278592182690977,0.6786230388109,0.44792404267939784,0.03923974263131214,0.16240324040012394,0.07898001230935174,0.72507225433526,0.5031441663887806,-0.5733138177074184
eicu_floor540,197,2,870,788,1871,23,2.150574712643678,93,2.8260869565217392,0.5384615384615384,98.16113980855218,0.9865780142462666,-0.013749713453951928,0,0.2663323894476203,0.06541163642028495,0.7138728323699423,0.5550473455878231,-0.13065234410195548,0.25258267599366835,0.06753864407963875,0.7062345169281585,0.7110402697524489,-0.5153594241980499
eicu_floor540,197,2,870,788,1871,23,2.150574712643678,93,2.8260869565217392,0.5384615384615384,74.24771952160329,0.9797697640347406,0.06008713153405848,1,0.2177775567902268,0.0672276568219827,0.714956647398844,0.6913186381802793,0.003530471190296951,0.2778646883242853,0.06934764835348654,0.7258980181668043,0.7088101383508544,-0.5978824669202802
eicu_floor540,197,2,870,788,1871,23,2.150574712643678,93,2.8260869565217392,0.5384615384615384,89.38928471775563,0.9821968648565003,-0.012673752954593831,0,0.16520817081217531,0.07278592182690977,0.6786230388109,0.44792404267939784,0.03923974263131214,0.15253441785758148,0.08023561248215455,0.7101052848885219,0.48281249333631765,-0.6064521543282249
eicu_floor540,197,4,870,617,4950,23,5.689655172413793,93,2.8260869565217392,0.4864864864864865,457.73612461988006,0.9918507949007898,-0.06127305841194697,0,0.2663323894476203,0.06541163642028495,0.7138728323699423,0.5550473455878231,-0.13065234410195548,0.2050593310356733,0.08314439664472695,0.6308835672997524,0.4202468435162271,-0.8629381982216529
eicu_floor540,197,4,870,617,4950,23,5.689655172413793,93,2.8260869565217392,0.4864864864864865,434.3582746730569,0.9907910123203919,-0.010936138684732255,0,0.2177775567902268,0.0672276568219827,0.714956647398844,0.6913186381802793,0.003530471190296951,0.20684141810549456,0.08177629762698078,0.6591143682906688,0.5398724653430522,-0.9476895483543066
eicu_floor540,197,4,870,617,4950,23,5.689655172413793,93,2.8260869565217392,0.4864864864864865,416.6727922732998,0.990400141131902,-0.08067940617381968,0,0.16520817081217531,0.07278592182690977,0.6786230388109,0.44792404267939784,0.03923974263131214,0.08452876463835564,0.09832609210030059,0.4873554913294798,-0.019138111436664308,-0.774695553676549
eicu_floor540,197,4,870,555,3651,23,4.196551724137931,93,2.8260869565217392,0.47368421052631576,155.39829407194483,0.9742596916916725,-0.0165975948150337,0,0.2663323894476203,0.06541163642028495,0.7138728323699423,0.5550473455878231,-0.13065234410195548,0.24973479463258658,0.06610003779080253,0.6497729149463253,0.6529402331160225,-0.40145608939925936
eicu_floor540,197,4,870,555,3651,23,4.196551724137931,93,2.8260869565217392,0.47368421052631576,261.5235201600891,0.9847050085684399,0.004597445177858733,1,0.2177775567902268,0.0672276568219827,0.714956647398844,0.6913186381802793,0.003530471190296951,0.22237500196808554,0.06682531277356221,0.6147295623451693,0.6777558727802606,-0.31754319377387824
eicu_floor540,197,4,870,555,3651,23,4.196551724137931,93,2.8260869565217392,0.4864864864864865,283.7677297353721,0.9889176992838258,-0.04121243793192439,0,0.16520817081217531,0.07278592182690977,0.6786230388109,0.44792404267939784,0.03923974263131214,0.12399573288025093,0.07879999073417623,0.5426816680429397,0.18573670258700142,-0.46834237508506954
eicu_floor540,197,2,870,505,1439,23,1.6540229885057471,93,2.8260869565217392,0.7,79.60791295760798,0.974876869324975,-0.017384877407948807,0,0.2663323894476203,0.06541163642028495,0.7138728323699423,0.5550473455878231,-0.13065234410195548,0.24894751203967147,0.06480299526839332,0.7706440957886045,0.8188430780314168,0.01652028656368512
eicu_floor540,197,2,870,505,1439,23,1.6540229885057471,93,2.8260869565217392,0.7,36.60130713182931,0.9646744729141671,0.08125071451449922,1,0.2177775567902268,0.0672276568219827,0.714956647398844,0.6913186381802793,0.003530471190296951,0.29902827130472603,0.06244604020899937,0.7007122213047069,0.8227516090895087,-0.0006214341738439505
eicu_floor540,197,2,870,505,1439,23,1.6540229885057471,93,2.8260869565217392,0.7,66.4163621804325,0.9744819857534107,-0.018357762662220778,0,0.16520817081217531,0.07278592182690977,0.6786230388109,0.44792404267939784,0.03923974263131214,0.14685040814995454,0.07427770635792184,0.6581853839801817,0.4378192552343471,0.02000022231157554
eicu_floor540,197,2,870,487,1404,23,1.6137931034482758,93,2.8260869565217392,0.6060606060606061,96.6374144260819,0.9831220478722689,-0.03465203768546715,0,0.2663323894476203,0.06541163642028495,0.7138728323699423,0.5550473455878231,-0.13065234410195548,0.23168035176215312,0.06899579490898528,0.7495871180842278,0.6510574773972623,-0.35656220049556
eicu_floor540,197,2,870,487,1404,23,1.6137931034482758,93,2.8260869565217392,0.6060606060606061,69.96886823706836,0.9709077493521812,0.044532691108686684,1,0.2177775567902268,0.0672276568219827,0.714956647398844,0.6913186381802793,0.003530471190296951,0.2623102478989135,0.06585016948271678,0.7283753096614369,0.7795850964590656,-0.20933836761115396
eicu_floor540,197,2,870,487,1404,23,1.6137931034482758,93,2.8260869565217392,0.6060606060606061,78.78089313857069,0.9808091174310734,-0.03911429664702423,0,0.16520817081217531,0.07278592182690977,0.6786230388109,0.44792404267939784,0.03923974263131214,0.12609387416515108,0.07589217371317364,0.640844343517754,0.39505213002466544,-0.17276478268213696
eicu_floor540,199,4,1316,423,2233,30,1.696808510638298,203,4.733333333333333,0.6097560975609756,128.26984734106125,0.9708557760333116,-0.01499903757923704,0,0.345742908147874,0.08537823021743014,0.7338754359091353,0.7369854330558407,-0.03699605378946048,0.33074387056863697,0.08660429004253953,0.7239350780562527,0.7443268108572694,-0.02274102645149149
eicu_floor540,199,4,1316,423,2233,30,1.696808510638298,203,4.733333333333333,0.6097560975609756,185.0789853280941,0.9864073957940201,0.09089286222292009,1,0.20182366610880587,0.10050339578400358,0.6655802887592478,0.3902781632224195,-0.07094212366264728,0.29271652833172596,0.0917891204017673,0.6502623602646417,0.5208689023931575,-0.01410144439939076
eicu_floor540,199,4,1316,423,2233,30,1.696808510638298,203,4.733333333333333,0.6097560975609756,135.8730771768445,0.9782476134907006,-0.015368827971941168,0,0.34400852855560615,0.08595762846311603,0.741566991493661,0.8475824738910376,0.07902635031235697,0.328639700583665,0.08729660730860514,0.7267705243946159,0.689849848218128,-0.011060353307414854
eicu_floor540,199,3,1316,443,3060,30,2.325227963525836,203,4.733333333333333,0.43902439024390244,102.47435498897939,0.976874810023282,-0.07938923768975126,0,0.345742908147874,0.08537823021743014,0.7338754359091353,0.7369854330558407,-0.03699605378946048,0.26635367045812275,0.09506079033742913,0.6811100609458006,0.4584476627115853,0.06489218068610345
eicu_floor540,199,3,1316,443,3060,30,2.325227963525836,203,4.733333333333333,0.43902439024390244,129.39857188625342,0.9884440598497546,0.031965855802040144,1,0.20182366610880587,0.10050339578400358,0.6655802887592478,0.3902781632224195,-0.07094212366264728,0.233789521910846,0.10843542639749276,0.6471661832284978,0.31638327806487787,-0.16444470227821573
eicu_floor540,199,3,1316,443,3060,30,2.325227963525836,203,4.733333333333333,0.43902439024390244,111.32262709884563,0.9772660107252175,-0.10563798143113359,0,0.34400852855560615,0.08595762846311603,0.741566991493661,0.8475824738910376,0.07902635031235697,0.23837054712447256,0.09763903152120097,0.6283772773196885,0.34337349508967113,0.15645340373881553
eicu_floor540,199,3,1316,417,2085,30,1.5843465045592706,203,4.733333333333333,0.5609756097560976,89.93285851787437,0.9745657591783083,0.04280869215478905,1,0.345742908147874,0.08537823021743014,0.7338754359091353,0.7369854330558407,-0.03699605378946048,0.38855160030266306,0.0826770177141395,0.7339406185835805,0.782145536524131,0.08924063500742058
eicu_floor540,199,3,1316,417,2085,30,1.5843465045592706,203,4.733333333333333,0.5609756097560976,76.2981451746046,0.9679581756095283,0.06431315240713142,1,0.20182366610880587,0.10050339578400358,0.6655802887592478,0.3902781632224195,-0.07094212366264728,0.2661368185159373,0.09514233091420088,0.6495453508457452,0.4555914837146615,0.1397833443895782
eicu_floor540,199,3,1316,417,2085,30,1.5843465045592706,203,4.733333333333333,0.5609756097560976,87.55277374986295,0.9739676271370488,-0.07479830378593227,0,0.34400852855560615,0.08595762846311603,0.741566991493661,0.8475824738910376,0.07902635031235697,0.2692102247696739,0.09060131636542836,0.6823811230974807,0.6254946126424031,0.24801960591373073
eicu_floor540,199,4,1316,408,2460,30,1.8693009118541033,203,4.733333333333333,0.5142857142857142,188.8181493441456,0.983191015692868,0.030602369061025647,1,0.345742908147874,0.08537823021743014,0.7338754359091353,0.7369854330558407,-0.03699605378946048,0.37634527720889965,0.08311181057312887,0.7727894925528794,0.8006590766038244,0.20139417959917272
eicu_floor540,199,4,1316,408,2460,30,1.8693009118541033,203,4.733333333333333,0.5142857142857142,139.52083754059342,0.9803353766168168,0.05668067432595214,1,0.20182366610880587,0.10050339578400358,0.6655802887592478,0.3902781632224195,-0.07094212366264728,0.258504340434758,0.09678221507405159,0.6352703451422612,0.3952960763440543,-0.005712457836502077
eicu_floor540,199,4,1316,408,2460,30,1.8693009118541033,203,4.733333333333333,0.5142857142857142,154.67721566366595,0.9776381537549612,-0.0044385547938465275,0,0.34400852855560615,0.08595762846311603,0.741566991493661,0.8475824738910376,0.07902635031235697,0.3395699737617596,0.0860334616184156,0.7655216243522471,0.8466502358165248,0.3457286784902521
eicu_floor540,199,4,1316,504,3701,30,2.8123100303951367,203,4.733333333333333,0.5428571428571428,120.6750203045865,0.9829950291326451,0.0076852444921179375,1,0.345742908147874,0.08537823021743014,0.7338754359091353,0.7369854330558407,-0.03699605378946048,0.35342815263999194,0.08565308969153831,0.7394485545741942,0.7611735262673455,0.19639310259019777
eicu_floor540,199,4,1316,504,3701,30,2.8123100303951367,203,4.733333333333333,0.5428571428571428,126.51277536862672,0.9712608191058393,0.08467756960100964,1,0.20182366610880587,0.10050339578400358,0.6655802887592478,0.3902781632224195,-0.07094212366264728,0.2865012357098155,0.09090280942660715,0.6594857086986279,0.5508681664621389,0.16116921854813746
eicu_floor540,199,4,1316,504,3701,30,2.8123100303951367,203,4.733333333333333,0.5428571428571428,118.77244208820144,0.9747416155864491,-0.04017622584969216,0,0.34400852855560615,0.08595762846311603,0.741566991493661,0.8475824738910376,0.07902635031235697,0.303832302705914,0.08920596185498414,0.7242935827657009,0.6912457684664126,0.2595801052702456
eicu_floor540,199,3,1316,417,2685,30,2.040273556231003,203,4.733333333333333,0.3902439024390244,141.85699977103536,0.985897107660414,0.024974326580313566,1,0.345742908147874,0.08537823021743014,0.7338754359091353,0.7369854330558407,-0.03699605378946048,0.3707172347281876,0.08887242640846876,0.7498777824854153,0.6413774903419964,-0.25994860562226374
eicu_floor540,199,3,1316,417,2685,30,2.040273556231003,203,4.733333333333333,0.3902439024390244,69.43953651580334,0.9745193176140333,0.07383323433046118,1,0.20182366610880587,0.10050339578400358,0.6655802887592478,0.3902781632224195,-0.07094212366264728,0.27565690043926705,0.09786114712308742,0.6617019196297624,0.44008747676979926,-0.11220300887009636
eicu_floor540,199,3,1316,417,2685,30,2.040273556231003,203,4.733333333333333,0.3902439024390244,183.68316454959876,0.9891114053679135,0.018681961180260054,1,0.34400852855560615,0.08595762846311603,0.741566991493661,0.8475824738910376,0.07902635031235697,0.3626904897358662,0.08516832448213119,0.7092689763060979,0.6603409302160115,-0.00323489255503179
eicu_floor540,199,2,1316,617,2129,30,1.6177811550151975,203,4.733333333333333,0.4594594594594595,146.83286466481417,0.9863790711666252,-0.03476717966267601,0,0.345742908147874,0.08537823021743014,0.7338754359091353,0.7369854330558407,-0.03699605378946048,0.310975728485198,0.09442535164915403,0.7405240687025388,0.5357681931410929,-0.3454771152586616
eicu_floor540,199,2,1316,617,2129,30,1.6177811550151975,203,4.733333333333333,0.4594594594594595,98.3603522917453,0.9896311906917443,0.032988198859465356,1,0.20182366610880587,0.10050339578400358,0.6655802887592478,0.3902781632224195,-0.07094212366264728,0.23481186496827122,0.10252977235471039,0.677508718182707,0.4055146231177947,-0.37379245158095964
eicu_floor540,199,2,1316,617,2129,30,1.6177811550151975,203,4.733333333333333,0.4594594594594595,102.0726241270665,0.9804061077384444,-0.040861074115142726,0,0.34400852855560615,0.08595762846311603,0.741566991493661,0.8475824738910376,0.07902635031235697,0.3031474544404634,0.09069883723496833,0.7190137861356451,0.5950145252810676,-0.17479897024205318
eicu_floor540,199,1,1316,674,674,30,0.5121580547112462,203,4.733333333333333,0.7352941176470589,15.453466945502802,0.9352896017750233,0.05585640000849951,1,0.345742908147874,0.08537823021743014,0.7338754359091353,0.7369854330558407,-0.03699605378946048,0.4015993081563735,0.08304252641455412,0.7456083173092591,0.6366516326385226,0.16510001806678426
eicu_floor540,199,1,1316,674,674,30,0.5121580547112462,203,4.733333333333333,0.7352941176470589,10.47537201713421,0.904537996515605,0.051001155400348996,1,0.20182366610880587,0.10050339578400358,0.6655802887592478,0.3902781632224195,-0.07094212366264728,0.25282482150915486,0.100436257400985,0.6530978066030049,0.36223889709708657,0.1502701716102357
eicu_floor540,199,1,1316,674,674,30,0.5121580547112462,203,4.733333333333333,0.7352941176470589,21.694972547041495,0.9539063717259062,-0.028242905971395726,0,0.34400852855560615,0.08595762846311603,0.741566991493661,0.8475824738910376,0.07902635031235697,0.3157656225842104,0.08789217949519812,0.7230877032884659,0.6541004409456592,0.3516555233149979
eicu_floor540,199,1,1316,1316,1587,30,1.2059270516717324,203,4.733333333333333,0.6774193548387096,73.42763606905774,0.9863811494753895,-0.07827234370180225,0,0.345742908147874,0.08537823021743014,0.7338754359091353,0.7369854330558407,-0.03699605378946048,0.26747056444607176,0.0901762424434747,0.7145487729361536,0.6384556658669399,0.2196180906450327
eicu_floor540,199,1,1316,1316,1587,30,1.2059270516717324,203,4.733333333333333,0.6774193548387096,39.54667013816314,0.9747134209654991,0.00639821581294181,1,0.20182366610880587,0.10050339578400358,0.6655802887592478,0.3902781632224195,-0.07094212366264728,0.20822188192174768,0.09646015761444031,0.6670143075970407,0.4428326899488283,0.1677707766765705
eicu_floor540,199,1,1316,1316,1587,30,1.2059270516717324,203,4.733333333333333,0.6774193548387096,12.727379264292658,0.9214292291260971,-0.027002820918010373,0,0.34400852855560615,0.08595762846311603,0.741566991493661,0.8475824738910376,0.07902635031235697,0.3170057076375958,0.08765437388081312,0.725857966952384,0.8022084546610083,0.33779449857658395
eicu_floor540,199,1,1316,724,724,30,0.5501519756838906,203,4.733333333333333,0.6470588235294118,45.90333623590261,0.9780657333413667,-0.08586102699177467,0,0.345742908147874,0.08537823021743014,0.7338754359091353,0.7369854330558407,-0.03699605378946048,0.25988188115609934,0.0918882934870575,0.7069549913632956,0.5601973487730021,0.1563622420373868
eicu_floor540,199,1,1316,724,724,30,0.5501519756838906,203,4.733333333333333,0.75,29.353217197469526,0.9653652086695228,-0.0071030866080613875,0,0.20182366610880587,0.10050339578400358,0.6655802887592478,0.3902781632224195,-0.07094212366264728,0.19472057950074448,0.1043582435741731,0.6180621190887463,0.29185524380533395,0.1770875105873949
eicu_floor540,199,1,1316,724,724,30,0.5501519756838906,203,4.733333333333333,0.75,44.684450687303666,0.9773882557949085,-0.06038719448497398,0,0.34400852855560615,0.08595762846311603,0.741566991493661,0.8475824738910376,0.07902635031235697,0.28362133407063217,0.0904166362343446,0.6630870514617214,0.5494045355714916,0.41943385675250894
eicu_floor540,199,2,1316,504,2265,30,1.7211246200607904,203,4.733333333333333,0.6451612903225806,57.02054471401598,0.9757540803136889,-0.033393659622872496,0,0.345742908147874,0.08537823021743014,0.7338754359091353,0.7369854330558407,-0.03699605378946048,0.3123492485250015,0.08683712943261962,0.7427402796336734,0.981137065321261,-0.016981909876233436
eicu_floor540,199,2,1316,504,2265,30,1.7211246200607904,203,4.733333333333333,0.6451612903225806,48.590589710931255,0.9588397668787694,0.012628541252876213,1,0.20182366610880587,0.10050339578400358,0.6655802887592478,0.3902781632224195,-0.07094212366264728,0.21445220736168208,0.09395126090106193,0.6546295994524656,0.5925923037603447,-0.02282978009251753
eicu_floor540,199,2,1316,504,2265,30,1.7211246200607904,203,4.733333333333333,0.6451612903225806,48.22071405181884,0.9585240484441859,-0.03927658061165723,0,0.34400852855560615,0.08595762846311603,0.741566991493661,0.8475824738910376,0.07902635031235697,0.3047319479439489,0.08850241457129557,0.7247824528240394,1.0625520946405531,0.07663018218263398
eicu_floor540,199,1,1316,910,910,30,0.6914893617021277,203,4.733333333333333,0.6451612903225806,11.762177459036266,0.9129275440845258,-0.028823877391744746,0,0.345742908147874,0.08537823021743014,0.7338754359091353,0.7369854330558407,-0.03699605378946048,0.31691903075612926,0.08894294329979431,0.7301274321285401,0.6904270869156668,-0.198551309738723
eicu_floor540,199,1,1316,910,910,30,0.6914893617021277,203,4.733333333333333,0.6451612903225806,106.37789306891639,0.9902575467642374,-0.0046285054976086815,0,0.20182366610880587,0.10050339578400358,0.6655802887592478,0.3902781632224195,-0.07094212366264728,0.19719516061119718,0.1024160360431892,0.6587686992797315,0.3903121266467444,-0.19488545488858294
eicu_floor540,199,1,1316,910,910,30,0.6914893617021277,203,4.733333333333333,0.6451612903225806,31.141276028306134,0.9677049046725559,-0.009064938328313177,0,0.34400852855560615,0.08595762846311603,0.741566991493661,0.8475824738910376,0.07902635031235697,0.334943590227293,0.08673308048982202,0.7220773718345663,0.7786078713289059,-0.07749675109081616
eicu_floor540,206,4,387,387,4200,34,10.852713178294573,92,1.8823529411764706,0.5555555555555556,170.9892827916616,0.9816235150486201,-0.007605212006222939,0,0.3227604095002021,0.14333718368879228,0.7088509316770186,0.4147206226399669,0.07654219177538768,0.31515519749397913,0.14973143899407027,0.6516563146997929,0.3189299967662426,0.18052303484880236
eicu_floor540,206,4,387,387,4200,34,10.852713178294573,92,1.8823529411764706,0.5128205128205128,168.2969453298888,0.9857927158237744,0.022044432083476617,1,0.4109500142203165,0.1311256003416019,0.6902173913043478,0.46351621577894436,-0.08690140974317274,0.43299444630379313,0.1280090339695602,0.7639751552795032,0.5680079623516433,0.27280398901567
eicu_floor540,206,4,387,387,4200,34,10.852713178294573,92,1.8823529411764706,0.5263157894736842,144.51303280246643,0.9768783377207909,-0.06515547660249355,0,0.46406361001666696,0.119914904729854,0.7435300207039337,0.9034385721060041,0.2339274077152875,0.3989081334141734,0.1302992049275832,0.8110766045548654,0.6369851079795833,0.237857007245134
eicu_floor540,206,4,387,387,6271,34,16.204134366925064,92,1.8823529411764706,0.5,102.18133700897312,0.9808893357158855,0.031814920512954314,1,0.3227604095002021,0.14333718368879228,0.7088509316770186,0.4147206226399669,0.07654219177538768,0.3545753300131564,0.14228716642201955,0.6865942028985508,0.3310715882814653,0.2654185487994915
eicu_floor540,206,4,387,387,6271,34,16.204134366925064,92,1.8823529411764706,0.5,128.5524904378958,0.977546959001796,0.03913492054488432,1,0.4109500142203165,0.1311256003416019,0.6902173913043478,0.46351621577894436,-0.08690140974317274,0.45008493476520084,0.13367600161553075,0.7637163561076605,0.444145269345236,-0.019332009170765507
eicu_floor540,206,4,387,387,6271,34,16.204134366925064,92,1.8823529411764706,0.5,144.18726183651216,0.9720374481517453,-0.05168304162891407,0,0.46406361001666696,0.119914904729854,0.7435300207039337,0.9034385721060041,0.2339274077152875,0.4123805683877529,0.13028197266577493,0.7978778467908904,0.589245733870325,0.2525592421018336
eicu_floor540,206,3,387,387,1960,34,5.064599483204135,92,1.8823529411764706,0.4146341463414634,276.0095470935306,0.9914027213186944,-0.012911308290218804,0,0.3227604095002021,0.14333718368879228,0.7088509316770186,0.4147206226399669,0.07654219177538768,0.30984910120998327,0.1472720734327302,0.6863354037267081,0.3611048731660748,0.7957868547707944
eicu_floor540,206,3,387,387,1960,34,5.064599483204135,92,1.8823529411764706,0.4146341463414634,171.54106776220016,0.9867607396302801,-0.09426525235633565,0,0.4109500142203165,0.1311256003416019,0.6902173913043478,0.46351621577894436,-0.08690140974317274,0.31668476186398087,0.14418152755305508,0.7150621118012422,0.4471199582595297,0.7139670199704785
eicu_floor540,206,3,387,387,1960,34,5.064599483204135,92,1.8823529411764706,0.4146341463414634,236.0118127026493,0.9872887718388075,-0.16012048515683508,0,0.46406361001666696,0.119914904729854,0.7435300207039337,0.9034385721060041,0.2339274077152875,0.3039431248598319,0.15395580029978095,0.7355072463768116,0.4039238235396317,0.4569183117971781
eicu_floor540,206,4,387,387,3289,34,8.498708010335918,92,1.8823529411764706,0.4523809523809524,78.81736627269143,0.9598490508657537,-0.006278720256868209,0,0.3227604095002021,0.14333718368879228,0.7088509316770186,0.4147206226399669,0.07654219177538768,0.31648168924333386,0.14540124912155333,0.6798654244306419,0.3851913399084608,0.8476059658473488
eicu_floor540,206,4,387,387,3289,34,8.498708010335918,92,1.8823529411764706,0.4523809523809524,80.19546294061408,0.9625899961535589,0.03403501467838321,1,0.4109500142203165,0.1311256003416019,0.6902173913043478,0.46351621577894436,-0.08690140974317274,0.44498502889869973,0.12685601382228864,0.772256728778468,0.6970112406828523,0.6422484260021052
eicu_floor540,206,4,387,387,3289,34,8.498708010335918,92,1.8823529411764706,0.4523809523809524,90.90314004590029,0.9773388817790036,-0.06499513938419338,0,0.46406361001666696,0.119914904729854,0.7435300207039337,0.9034385721060041,0.2339274077152875,0.3990684706324736,0.13206898263868955,0.7968426501035197,0.7269211757013901,0.644714575775455
eicu_floor540,206,1,387,387,417,34,1.0775193798449612,92,1.8823529411764706,0.7368421052631579,39.79044201825047,0.9746656707829955,0.04837144852584857,1,0.3227604095002021,0.14333718368879228,0.7088509316770186,0.4147206226399669,0.07654219177538768,0.37113185802605064,0.1333393114281626,0.7158385093167702,0.4867212330378214,0.528342832482904
eicu_floor540,206,1,387,387,417,34,1.0775193798449612,92,1.8823529411764706,0.7368421052631579,15.439395438934703,0.9226194090161126,-0.08834585280840951,0,0.4109500142203165,0.1311256003416019,0.6902173913043478,0.46351621577894436,-0.08690140974317274,0.322604161411907,0.1376168663910889,0.6992753623188406,0.47885622964366464,0.6344391037986902
eicu_floor540,206,1,387,387,417,34,1.0775193798449612,92,1.8823529411764706,0.7105263157894737,20.910669659591736,0.9521775239014739,-0.11905064471728988,0,0.46406361001666696,0.119914904729854,0.7435300207039337,0.9034385721060041,0.2339274077152875,0.3450129652993771,0.13789361735761657,0.7368012422360248,0.6033946948334258,0.7222021310265119
eicu_floor540,206,3,387,387,3276,34,8.465116279069768,92,1.8823529411764706,0.45,83.1465953644997,0.9746400987820862,0.03268407225332637,1,0.3227604095002021,0.14333718368879228,0.7088509316770186,0.4147206226399669,0.07654219177538768,0.35544448175352844,0.13726001631027662,0.7184265010351967,0.4672119653955856,0.16781475652136746
eicu_floor540,206,3,387,387,3276,34,8.465116279069768,92,1.8823529411764706,0.45,134.49914590025696,0.9850491815444145,0.048000698870294845,1,0.4109500142203165,0.1311256003416019,0.6902173913043478,0.46351621577894436,-0.08690140974317274,0.45895071309061136,0.12471936112866762,0.764751552795031,0.5522107933874939,0.13297155544259132
eicu_floor540,206,3,387,387,3276,34,8.465116279069768,92,1.8823529411764706,0.45,162.17704265173984,0.9903033185309094,-0.10398279887271977,0,0.46406361001666696,0.119914904729854,0.7435300207039337,0.9034385721060041,0.2339274077152875,0.3600808111439472,0.13765073356447918,0.80175983436853,0.5516033032392762,-0.1142708075089251
eicu_floor540,206,3,387,387,2489,34,6.431524547803617,92,1.8823529411764706,0.425,110.81239461359262,0.9811954543607789,0.03549482830710948,1,0.3227604095002021,0.14333718368879228,0.7088509316770186,0.4147206226399669,0.07654219177538768,0.35825523780731156,0.14152225071997984,0.6656314699792961,0.3377422938007762,-0.13969330928878404
eicu_floor540,206,3,387,387,2489,34,6.431524547803617,92,1.8823529411764706,0.425,112.41152906271844,0.9733123459398352,0.07389523067252768,1,0.4109500142203165,0.1311256003416019,0.6902173913043478,0.46351621577894436,-0.08690140974317274,0.4848452448928442,0.12082130623343604,0.7784679089026916,0.5078953671917262,-0.2589363171850201
eicu_floor540,206,3,387,387,2489,34,6.431524547803617,92,1.8823529411764706,0.425,55.55235268227372,0.9494037792774002,-0.02702460899396253,0,0.46406361001666696,0.119914904729854,0.7435300207039337,0.9034385721060041,0.2339274077152875,0.43703900102270443,0.11980939057053333,0.8103002070393375,0.7427709084474976,0.30254349460698354
eicu_floor540,206,2,387,387,1970,34,5.090439276485788,92,1.8823529411764706,0.42105263157894735,25.220869028256857,0.919011397119863,0.020753941113442587,1,0.3227604095002021,0.14333718368879228,0.7088509316770186,0.4147206226399669,0.07654219177538768,0.34351435061364466,0.1397919852226644,0.7044513457556937,0.40676461633783084,0.4356058758764812
eicu_floor540,206,2,387,387,1970,34,5.090439276485788,92,1.8823529411764706,0.42105263157894735,24.54145611395704,0.9521777491604603,-0.02572455850504962,0,0.4109500142203165,0.1311256003416019,0.6902173913043478,0.46351621577894436,-0.08690140974317274,0.3852254557152669,0.12825779401107543,0.7453416149068323,0.5389292489676133,0.5723714521298998
eicu_floor540,206,2,387,387,1970,34,5.090439276485788,92,1.8823529411764706,0.42105263157894735,40.2923483227936,0.9547029982459831,-0.14914233381714498,0,0.46406361001666696,0.119914904729854,0.7435300207039337,0.9034385721060041,0.2339274077152875,0.314921276199522,0.14037462100817352,0.7518115942028986,0.5546879898437145,0.5133900736756424
eicu_floor540,206,4,387,383,1854,34,4.790697674418604,92,1.8823529411764706,0.631578947368421,120.75973964988977,0.9700977036598293,0.03462661510865578,1,0.3227604095002021,0.14333718368879228,0.7088509316770186,0.4147206226399669,0.07654219177538768,0.35738702460885785,0.13526605184761803,0.7044513457556936,0.5580461795075282,0.7511753560016213
eicu_floor540,206,4,387,383,1854,34,4.790697674418604,92,1.8823529411764706,0.631578947368421,79.65811625065976,0.9654548559321819,-0.004903798854921371,0,0.4109500142203165,0.1311256003416019,0.6902173913043478,0.46351621577894436,-0.08690140974317274,0.40604621536539515,0.1315828919999342,0.744824016563147,0.6634565193009708,0.9695005100408851
eicu_floor540,206,4,387,383,1854,34,4.790697674418604,92,1.8823529411764706,0.631578947368421,147.42157446238312,0.9732635966300722,-0.0688167322455629,0,0.46406361001666696,0.119914904729854,0.7435300207039337,0.9034385721060041,0.2339274077152875,0.39524687777110407,0.13180349942411917,0.7582815734989649,0.789333897245658,0.8267726482504854
eicu_floor540,206,1,387,387,861,34,2.2248062015503876,92,1.8823529411764706,0.7105263157894737,33.15166354192901,0.9698356011988588,0.0156992181713535,1,0.3227604095002021,0.14333718368879228,0.7088509316770186,0.4147206226399669,0.07654219177538768,0.3384596276715556,0.14084117788383757,0.6679606625258799,0.33432209394150236,0.8606134041356892
eicu_floor540,206,1,387,387,861,34,2.2248062015503876,92,1.8823529411764706,0.7105263157894737,34.03452796939564,0.9706180734782273,-0.025920217372693122,0,0.4109500142203165,0.1311256003416019,0.6902173913043478,0.46351621577894436,-0.08690140974317274,0.3850297968476234,0.1293744067780985,0.7228260869565217,0.6055040138733709,0.7086096453199002
eicu_floor540,206,1,387,387,861,34,2.2248062015503876,92,1.8823529411764706,0.7105263157894737,12.693862061998331,0.9212217688268645,-0.12060639099758119,0,0.46406361001666696,0.119914904729854,0.7435300207039337,0.9034385721060041,0.2339274077152875,0.34345721901908577,0.1323842985811196,0.7564699792960663,0.6316453564952199,0.5835798688627325
eicu_floor540,206,2,387,387,1322,34,3.4160206718346253,92,1.8823529411764706,0.5142857142857142,123.10102341860642,0.9911134097440344,-0.030237069607812916,0,0.3227604095002021,0.14333718368879228,0.7088509316770186,0.4147206226399669,0.07654219177538768,0.29252333989238916,0.1446958243561811,0.6710662525879917,0.3868188739189518,0.5283391629784192
eicu_floor540,206,2,387,387,1322,34,3.4160206718346253,92,1.8823529411764706,0.5142857142857142,178.31835891029206,0.990170557180317,0.04175379760745218,1,0.4109500142203165,0.1311256003416019,0.6902173913043478,0.46351621577894436,-0.08690140974317274,0.4527038118277687,0.11755181015285474,0.7675983436853003,0.7698425474092412,0.4582108072954547
eicu_floor540,206,2,387,387,1322,34,3.4160206718346253,92,1.8823529411764706,0.5142857142857142,132.29868805651182,0.9848826921159967,-0.08702547449804116,0,0.46406361001666696,0.119914904729854,0.7435300207039337,0.9034385721060041,0.2339274077152875,0.3770381355186258,0.1307346774722425,0.7393892339544513,0.6388700813337072,0.45763066859998847
eicu_floor540,206,2,387,387,2335,34,6.03359173126615,92,1.8823529411764706,0.5833333333333334,93.4032952817161,0.9785874792322075,0.009527380786825412,1,0.3227604095002021,0.14333718368879228,0.7088509316770186,0.4147206226399669,0.07654219177538768,0.3322877902870275,0.1437624837746185,0.6953933747412008,0.40693777442413775,0.16365465863784864
eicu_floor540,206,2,387,387,2335,34,6.03359173126615,92,1.8823529411764706,0.6,44.077524261680914,0.9678736854884962,0.05652631138029551,1,0.4109500142203165,0.1311256003416019,0.6902173913043478,0.46351621577894436,-0.08690140974317274,0.46747632560061203,0.12046837125561877,0.781055900621118,0.8000487257937408,0.43581368056655023
eicu_floor540,206,2,387,387,2335,34,6.03359173126615,92,1.8823529411764706,0.6,48.48575377899974,0.9793753850964544,-0.03601958855424253,0,0.46406361001666696,0.119914904729854,0.7435300207039337,0.9034385721060041,0.2339274077152875,0.42804402146242443,0.12822273445450572,0.734472049689441,0.5362872586770921,0.38241929977449163
eicu_floor540,208,4,1512,392,2910,19,1.9246031746031746,243,8.947368421052632,0.38095238095238093,193.09469144571918,0.9844635811707785,0.07098124485403551,1,0.2407637276828432,0.098054936080321,0.7353738584474886,0.6298707702302592,-0.0006966437177741594,0.3117449725368787,0.09319493747545975,0.7551845509893454,0.6277686188903175,0.07395670253796828
eicu_floor540,208,4,1512,392,2910,19,1.9246031746031746,243,8.947368421052632,0.38095238095238093,136.71362755925958,0.9838229727175298,0.05522714068384055,1,0.3033421754198892,0.09208913763922631,0.7086187214611872,0.7311577056152251,-0.005941772879749275,0.3585693161037298,0.08722554982743698,0.7407486681887365,0.7579521258451156,0.2926780356188271
eicu_floor540,208,4,1512,392,2910,19,1.9246031746031746,243,8.947368421052632,0.38095238095238093,179.87350787145436,0.9868653876069907,0.12759104601645255,1,0.2578806341627366,0.09498573244573341,0.7355165525114155,0.7101025598347492,-0.06590651388181389,0.38547168017918915,0.08587779643816175,0.7913812785388128,0.6961760757020147,0.04391605446325989
eicu_floor540,208,4,1512,392,2071,19,1.3697089947089947,243,8.947368421052632,0.35714285714285715,106.0772396159394,0.9790736423423224,0.007439386804081821,1,0.2407637276828432,0.098054936080321,0.7353738584474886,0.6298707702302592,-0.0006966437177741594,0.24820311448692503,0.10131823712428577,0.7234113394216134,0.48356551377301804,-0.12163856938377333
eicu_floor540,208,4,1512,392,2071,19,1.3697089947089947,243,8.947368421052632,0.36585365853658536,48.533551964874974,0.9522080866153392,0.008491627794022016,1,0.3033421754198892,0.09208913763922631,0.7086187214611872,0.7311577056152251,-0.005941772879749275,0.31183380321391124,0.09528715588323222,0.7329718417047183,0.597900645702151,-0.2944860935609896
eicu_floor540,208,4,1512,392,2071,19,1.3697089947089947,243,8.947368421052632,0.35714285714285715,79.58946547420145,0.9745355599510787,0.0801452717268738,1,0.2578806341627366,0.09498573244573341,0.7355165525114155,0.7101025598347492,-0.06590651388181389,0.3380259058896104,0.0933656005355867,0.7654585235920852,0.6443210453409595,-0.4042446545008723
eicu_floor540,208,3,1512,409,1523,19,1.0072751322751323,243,8.947368421052632,0.39473684210526316,59.90947985066121,0.9751440194337153,-0.025662473913487804,0,0.2407637276828432,0.098054936080321,0.7353738584474886,0.6298707702302592,-0.0006966437177741594,0.2151012537693554,0.1022993549657798,0.7027682648401826,0.5307167855825928,-0.04366677444096601
eicu_floor540,208,3,1512,409,1523,19,1.0072751322751323,243,8.947368421052632,0.39473684210526316,85.2756927326384,0.9627081198036327,-0.07762038727420856,0,0.3033421754198892,0.09208913763922631,0.7086187214611872,0.7311577056152251,-0.005941772879749275,0.22572178814568067,0.10453070097276457,0.6483542617960426,0.41836605763312323,-0.1401437417805307
eicu_floor540,208,3,1512,409,1523,19,1.0072751322751323,243,8.947368421052632,0.39473684210526316,22.41617839205082,0.9122773325031768,0.06676663206498407,1,0.2578806341627366,0.09498573244573341,0.7355165525114155,0.7101025598347492,-0.06590651388181389,0.32464726622772067,0.08969557674155378,0.7544710806697107,0.7620110957480443,-0.09763024801003173
eicu_floor540,208,4,1512,409,2662,19,1.7605820105820107,243,8.947368421052632,0.41025641025641024,190.41934588866533,0.9901440749570869,0.03132423609900775,1,0.2407637276828432,0.098054936080321,0.7353738584474886,0.6298707702302592,-0.0006966437177741594,0.27208796378185096,0.09434349639617844,0.7212471461187214,0.6535297675793414,0.15628633990536805
eicu_floor540,208,4,1512,409,2662,19,1.7605820105820107,243,8.947368421052632,0.41025641025641024,264.01358375340686,0.9901235714007791,0.02067003574585108,1,0.3033421754198892,0.09208913763922631,0.7086187214611872,0.7311577056152251,-0.005941772879749275,0.3240122111657403,0.08893564496146456,0.7179414003044141,0.8236194168979881,0.20537636584976773
eicu_floor540,208,4,1512,409,2662,19,1.7605820105820107,243,8.947368421052632,0.41025641025641024,163.55307675953011,0.9873737709026447,0.1398008092407158,1,0.2578806341627366,0.09498573244573341,0.7355165525114155,0.7101025598347492,-0.06590651388181389,0.3976814434034524,0.08418839845258694,0.7883609208523593,0.8814688848419132,0.0014506472998284806
eicu_floor540,208,1,1512,1365,1365,19,0.9027777777777778,243,8.947368421052632,0.5428571428571428,11.389731423974819,0.9122016171606075,-0.00471529543801652,0,0.2407637276828432,0.098054936080321,0.7353738584474886,0.6298707702302592,-0.0006966437177741594,0.2360484322448267,0.09870068752205885,0.7180127473363775,0.5757616952969387,-0.003423474490263287
eicu_floor540,208,1,1512,1365,1365,19,0.9027777777777778,243,8.947368421052632,0.5428571428571428,31.575023081765075,0.9683293976567982,0.03835219565602366,1,0.3033421754198892,0.09208913763922631,0.7086187214611872,0.7311577056152251,-0.005941772879749275,0.3416943710759129,0.0886623233662438,0.7189402587519026,0.7285543034494644,0.08284383280000783
eicu_floor540,208,1,1512,1365,1365,19,0.9027777777777778,243,8.947368421052632,0.5428571428571428,11.827863919771225,0.9154538801948491,0.043598249996091853,1,0.2578806341627366,0.09498573244573341,0.7355165525114155,0.7101025598347492,-0.06590651388181389,0.30147888415882845,0.09401129548789412,0.7439117199391172,0.6302262941882678,-0.1319118879123273
eicu_floor540,208,3,1512,437,4009,19,2.6514550264550265,243,8.947368421052632,0.40476190476190477,337.71621054724665,0.9939207461038374,0.036094337622939454,1,0.2407637276828432,0.098054936080321,0.7353738584474886,0.6298707702302592,-0.0006966437177741594,0.27685806530578266,0.110841953508978,0.7377283105022832,0.5252905157983067,-0.7882749519071964
eicu_floor540,208,3,1512,437,4009,19,2.6514550264550265,243,8.947368421052632,0.40476190476190477,233.52989456387766,0.9918456302905814,0.04579064905157937,1,0.3033421754198892,0.09208913763922631,0.7086187214611872,0.7311577056152251,-0.005941772879749275,0.3491328244714686,0.10193735712178838,0.746099695585997,0.6207972090507902,-0.8084824477843034
eicu_floor540,208,3,1512,437,4009,19,2.6514550264550265,243,8.947368421052632,0.40476190476190477,228.78249156407526,0.9868871084518293,0.12127747538855538,1,0.2578806341627366,0.09498573244573341,0.7355165525114155,0.7101025598347492,-0.06590651388181389,0.379158109551292,0.10265433519881631,0.7655536529680365,0.5530205803571615,-0.9611862717302474
eicu_floor540,208,4,1512,423,3181,19,2.1038359788359786,243,8.947368421052632,0.4411764705882353,170.99205711379673,0.9782319739456178,0.02099665240750148,1,0.2407637276828432,0.098054936080321,0.7353738584474886,0.6298707702302592,-0.0006966437177741594,0.2617603800903447,0.10696793999277235,0.7272640791476408,0.4687145536090309,-0.48842948623442806
eicu_floor540,208,4,1512,423,3181,19,2.1038359788359786,243,8.947368421052632,0.4411764705882353,109.18279926383374,0.97431051351042,-0.034680025947486925,0,0.3033421754198892,0.09208913763922631,0.7086187214611872,0.7311577056152251,-0.005941772879749275,0.2686621494724023,0.11182275226809293,0.7203434170471841,0.4483323671440998,-0.7260913953270137
eicu_floor540,208,4,1512,423,3181,19,2.1038359788359786,243,8.947368421052632,0.4411764705882353,172.1653035224997,0.9851591429105917,0.10283782189463692,1,0.2578806341627366,0.09498573244573341,0.7355165525114155,0.7101025598347492,-0.06590651388181389,0.3607184560573735,0.09283069844130842,0.7450532724505327,0.57277636237857,-0.39603032846611763
eicu_floor540,208,2,1512,569,1147,19,0.7585978835978836,243,8.947368421052632,0.5483870967741935,94.79176414727345,0.98388819393207,0.005861149843687741,1,0.2407637276828432,0.098054936080321,0.7353738584474886,0.6298707702302592,-0.0006966437177741594,0.24662487752653095,0.09628579132026689,0.7202720700152206,0.607921722254538,0.12590115736477928
eicu_floor540,208,2,1512,569,1147,19,0.7585978835978836,243,8.947368421052632,0.5151515151515151,86.2033448446333,0.9785334531006703,-0.008249653671327573,0,0.3033421754198892,0.09208913763922631,0.7086187214611872,0.7311577056152251,-0.005941772879749275,0.29509252174856165,0.09681370591151572,0.7125665905631657,0.5820022015220894,-0.14495962791312964
eicu_floor540,208,2,1512,569,1147,19,0.7585978835978836,243,8.947368421052632,0.53125,33.71038842446173,0.940589167017849,0.05547692525170783,1,0.2578806341627366,0.09498573244573341,0.7355165525114155,0.7101025598347492,-0.06590651388181389,0.31335755941444443,0.09172149094149616,0.7426512557077625,0.7047771410457471,-0.13137093785468942
eicu_floor540,208,1,1512,408,408,19,0.2698412698412698,243,8.947368421052632,0.53125,29.23255612570542,0.9657915648669307,0.014133183411093653,1,0.2407637276828432,0.098054936080321,0.7353738584474886,0.6298707702302592,-0.0006966437177741594,0.25489691109393686,0.11384140665580329,0.7218654870624049,0.3383336866625173,-0.4446228014866998
eicu_floor540,208,1,1512,408,408,19,0.2698412698412698,243,8.947368421052632,0.53125,24.657084466119226,0.9594437046531564,-0.015349776396771875,0,0.3033421754198892,0.09208913763922631,0.7086187214611872,0.7311577056152251,-0.005941772879749275,0.28799239902311735,0.11084662098678764,0.6894025875190258,0.36147258262200754,-0.5845589869685229
eicu_floor540,208,1,1512,408,408,19,0.2698412698412698,243,8.947368421052632,0.53125,37.32380057601944,0.9732074444572373,0.07141402294460103,1,0.2578806341627366,0.09498573244573341,0.7355165525114155,0.7101025598347492,-0.06590651388181389,0.32929465710733763,0.09281168437252488,0.7493816590563165,0.5540508001900812,-0.24116021063335868
eicu_floor540,208,1,1512,555,555,19,0.36706349206349204,243,8.947368421052632,0.5517241379310345,26.94997232534045,0.9627650215628156,-0.014640209464173631,0,0.2407637276828432,0.098054936080321,0.7353738584474886,0.6298707702302592,-0.0006966437177741594,0.22612351821866958,0.11484569137285192,0.7108304794520548,0.37325283821645244,-0.4861353500806232
eicu_floor540,208,1,1512,555,555,19,0.36706349206349204,243,8.947368421052632,0.5517241379310345,14.969065629064731,0.9331899714720524,0.00010578933368066146,1,0.3033421754198892,0.09208913763922631,0.7086187214611872,0.7311577056152251,-0.005941772879749275,0.3034479647535699,0.10526522413609132,0.7091657153729071,0.5079124445655454,-0.4182219244508803
eicu_floor540,208,1,1512,555,555,19,0.36706349206349204,243,8.947368421052632,0.5517241379310345,18.258165626416066,0.9452193327871797,0.044970525538613415,1,0.2578806341627366,0.09498573244573341,0.7355165525114155,0.7101025598347492,-0.06590651388181389,0.30285115970135,0.10707509732431082,0.7391076864535767,0.5469864152785308,-0.6512989038500385
eicu_floor540,208,2,1512,458,1684,19,1.1137566137566137,243,8.947368421052632,0.46875,23.499195075383586,0.9290396149636425,-0.010040548121136361,0,0.2407637276828432,0.098054936080321,0.7353738584474886,0.6298707702302592,-0.0006966437177741594,0.23072317956170685,0.10089139504712868,0.7191542998477929,0.5364150900010658,0.049729108460687836
eicu_floor540,208,2,1512,458,1684,19,1.1137566137566137,243,8.947368421052632,0.5,32.20419048410586,0.9378962808896847,-0.02280897584226016,0,0.3033421754198892,0.09208913763922631,0.7086187214611872,0.7311577056152251,-0.005941772879749275,0.28053319957762907,0.09469657021746324,0.7158009893455098,0.6102238612162818,-0.043871265135308604
eicu_floor540,208,2,1512,458,1684,19,1.1137566137566137,243,8.947368421052632,0.46875,68.31716801805194,0.9776816152931558,0.04212755710970295,1,0.2578806341627366,0.09498573244573341,0.7355165525114155,0.7101025598347492,-0.06590651388181389,0.30000819127243955,0.09143934714891766,0.75,0.7020711559942749,0.013627127159934424
eicu_floor540,208,2,1512,835,1720,19,1.1375661375661377,243,8.947368421052632,0.5833333333333334,214.230589585286,0.9915418037739269,0.010046496200587507,1,0.2407637276828432,0.098054936080321,0.7353738584474886,0.6298707702302592,-0.0006966437177741594,0.2508102238834307,0.0965871831273798,0.732210806697108,0.6517779937584612,0.0566213636917088
eicu_floor540,208,2,1512,835,1720,19,1.1375661375661377,243,8.947368421052632,0.5833333333333334,136.0629709748107,0.9880790541962127,-0.004453496850689187,0,0.3033421754198892,0.09208913763922631,0.7086187214611872,0.7311577056152251,-0.005941772879749275,0.29888867856920004,0.0936434638998104,0.698939307458143,0.6440052234502576,0.07119326044800195
eicu_floor540,208,2,1512,835,1720,19,1.1375661375661377,243,8.947368421052632,0.56,80.78665320599427,0.9798985695045512,0.022057963892762156,1,0.2578806341627366,0.09498573244573341,0.7355165525114155,0.7101025598347492,-0.06590651388181389,0.27993859805549876,0.0937872983027858,0.7430555555555556,0.6901127203216594,-0.07214545247875587
eicu_floor540,217,4,617,409,3843,23,6.228525121555916,104,3.1739130434782608,0.38461538461538464,160.37111472314538,0.9792930212845388,-0.08232450133569996,0,0.5330455620318068,0.07835457044287678,0.8323683484973808,0.9800462922005971,0.09873729496791861,0.4507210606961068,0.084838495854212,0.8348497380755445,0.8772556639995703,-0.1687014643723766
eicu_floor540,217,4,617,409,3843,23,6.228525121555916,104,3.1739130434782608,0.38461538461538464,243.28288496601982,0.9871965980601931,0.053270950765754665,1,0.2584422581459195,0.10466882789471943,0.7277364212848084,0.46131140946274335,0.05706879790608476,0.31171320891167414,0.10491075141344665,0.771298593879239,0.5294625013780901,-0.4080873828521333
eicu_floor540,217,4,617,409,3843,23,6.228525121555916,104,3.1739130434782608,0.38461538461538464,210.9034781285349,0.9876756702547524,-0.011828631747364482,0,0.3671858078890263,0.08970773943352602,0.7853598014888337,0.749781253107861,0.1450905112678318,0.35535717614166185,0.09556016218561181,0.7557209815274331,0.5377165293007153,-0.22723385381104824
eicu_floor540,217,3,617,458,1851,23,3.0,104,3.1739130434782608,0.5128205128205128,122.77285602137417,0.9755409242870515,-0.050535258644530456,0,0.5330455620318068,0.07835457044287678,0.8323683484973808,0.9800462922005971,0.09873729496791861,0.4825103033872763,0.08236405006402105,0.8428453267162945,0.8781767150496746,0.4648110843948039
eicu_floor540,217,3,617,458,1851,23,3.0,104,3.1739130434782608,0.5128205128205128,81.59102683949146,0.9782700431973099,0.027036125727536497,1,0.2584422581459195,0.10466882789471943,0.7277364212848084,0.46131140946274335,0.05706879790608476,0.285478383873456,0.10350828358219138,0.7488282326992004,0.466683783476197,0.5943866231975983
eicu_floor540,217,3,617,458,1851,23,3.0,104,3.1739130434782608,0.5128205128205128,84.93750999066887,0.9748671213796936,-0.057298332246395245,0,0.3671858078890263,0.08970773943352602,0.7853598014888337,0.749781253107861,0.1450905112678318,0.3098874756426311,0.10051073113137916,0.7941825199889716,0.5024824688265015,0.4617412169124683
eicu_floor540,217,3,617,435,2046,23,3.3160453808752024,104,3.1739130434782608,0.6,59.90277098303497,0.9702018260259565,-0.020192069305998928,0,0.5330455620318068,0.07835457044287678,0.8323683484973808,0.9800462922005971,0.09873729496791861,0.5128534927258078,0.07889739652831737,0.8887510339123242,1.3494035784877674,0.31104942236901983
eicu_floor540,217,3,617,435,2046,23,3.3160453808752024,104,3.1739130434782608,0.6,59.49537595633499,0.949575913223882,0.07758829079502905,1,0.2584422581459195,0.10466882789471943,0.7277364212848084,0.46131140946274335,0.05706879790608476,0.3360305489409485,0.09370462035120593,0.7932175351530191,0.8184522443037535,0.34319364609928116
eicu_floor540,217,3,617,435,2046,23,3.3160453808752024,104,3.1739130434782608,0.6,38.73342789737647,0.9470526792354691,-0.02032866096605146,0,0.3671858078890263,0.08970773943352602,0.7853598014888337,0.749781253107861,0.1450905112678318,0.34685714692297487,0.09395401896790198,0.7926661152467603,0.7398043603109256,0.5119046801977113
eicu_floor540,217,4,617,417,2374,23,3.847649918962723,104,3.1739130434782608,0.5294117647058824,113.92314606322711,0.9780630025827626,-0.007039448282121663,0,0.5330455620318068,0.07835457044287678,0.8323683484973808,0.9800462922005971,0.09873729496791861,0.5260061137496851,0.07895192613543597,0.8400882271850013,0.9313994646185756,0.5103936910343089
eicu_floor540,217,4,617,417,2374,23,3.847649918962723,104,3.1739130434782608,0.46153846153846156,123.13197698481828,0.9755584624711549,0.025408540572394056,1,0.2584422581459195,0.10466882789471943,0.7277364212848084,0.46131140946274335,0.05706879790608476,0.28385079871831354,0.09698060097749747,0.7622001654259719,0.723848509732021,0.47909186846146384
eicu_floor540,217,4,617,417,2374,23,3.847649918962723,104,3.1739130434782608,0.5294117647058824,95.35929641473133,0.9717898449059144,0.060088418665596444,1,0.3671858078890263,0.08970773943352602,0.7853598014888337,0.749781253107861,0.1450905112678318,0.42727422655462277,0.08702770833038273,0.8269920044113593,0.9385337914796357,0.567296553455265
eicu_floor540,217,4,617,383,4075,23,6.604538087520259,104,3.1739130434782608,0.5142857142857142,62.095415346509554,0.9669894401474384,-0.06762786440085472,0,0.5330455620318068,0.07835457044287678,0.8323683484973808,0.9800462922005971,0.09873729496791861,0.46541769763095203,0.08328597696334267,0.8320926385442515,0.7661847527032783,-0.20979334431206376
eicu_floor540,217,4,617,383,4075,23,6.604538087520259,104,3.1739130434782608,0.5142857142857142,198.37274422859062,0.9853279999265958,0.02973687554608556,1,0.2584422581459195,0.10466882789471943,0.7277364212848084,0.46131140946274335,0.05706879790608476,0.28817913369200504,0.10311420150621574,0.7826027019575407,0.6353253317275901,-0.24910096328113807
eicu_floor540,217,4,617,383,4075,23,6.604538087520259,104,3.1739130434782608,0.5142857142857142,200.1538059026373,0.9824920827489289,-0.025083924041572725,0,0.3671858078890263,0.08970773943352602,0.7853598014888337,0.749781253107861,0.1450905112678318,0.3421018838474536,0.09470463287042678,0.8340226082161566,0.6343375668926213,-0.29440408121508727
eicu_floor540,217,2,617,588,2795,23,4.52998379254457,104,3.1739130434782608,0.6388888888888888,55.62324362246318,0.9762287595648571,-0.32051776867508586,0,0.5330455620318068,0.07835457044287678,0.8323683484973808,0.9800462922005971,0.09873729496791861,0.22873113015326824,0.10700897921617267,0.40488006617038874,-0.12688849813375597,0.8070194721368236
eicu_floor540,217,2,617,588,2795,23,4.52998379254457,104,3.1739130434782608,0.696969696969697,58.50995473801548,0.9698770451318888,-0.1432706277025748,0,0.2584422581459195,0.10466882789471943,0.7277364212848084,0.46131140946274335,0.05706879790608476,0.11672577727236033,0.12310107378382124,0.3325062034739454,-0.16015084572621782,0.5693915590908543
eicu_floor540,217,2,617,588,2795,23,4.52998379254457,104,3.1739130434782608,0.6764705882352942,77.6011812858757,0.9741574720130708,-0.1276175238793941,0,0.3671858078890263,0.08970773943352602,0.7853598014888337,0.749781253107861,0.1450905112678318,0.20086458499487334,0.2979527579409324,0.7378687620623104,0.07183425214639208,-14.306815071697342
eicu_floor540,217,3,617,435,2779,23,4.5040518638573745,104,3.1739130434782608,0.65625,84.28474502045616,0.9770815334367192,-0.07514868326483676,0,0.5330455620318068,0.07835457044287678,0.8323683484973808,0.9800462922005971,0.09873729496791861,0.45789687876697,0.08000575762710717,0.8456024262475876,0.8908457148957631,-0.20750075696271642
eicu_floor540,217,3,617,435,2779,23,4.5040518638573745,104,3.1739130434782608,0.65625,52.80494073399159,0.9587096877408711,0.05248186072653099,1,0.2584422581459195,0.10466882789471943,0.7277364212848084,0.46131140946274335,0.05706879790608476,0.3109241188724505,0.09885876081714524,0.7710228839261097,0.6624634652854415,-0.26512458125285804
eicu_floor540,217,3,617,435,2779,23,4.5040518638573745,104,3.1739130434782608,0.65625,95.58116312384786,0.9793542494622534,0.02561755631502549,1,0.3671858078890263,0.08970773943352602,0.7853598014888337,0.749781253107861,0.1450905112678318,0.3928033642040518,0.08813565112633887,0.8093465674110836,0.6940414310655212,-0.19727626024190642
eicu_floor540,217,1,617,617,1226,23,1.987034035656402,104,3.1739130434782608,0.6206896551724138,39.057506307979516,0.9701823514021064,-0.02847531503136136,0,0.5330455620318068,0.07835457044287678,0.8323683484973808,0.9800462922005971,0.09873729496791861,0.5045702470004454,0.0788155768481333,0.8531844499586435,0.9010150049532936,0.14975299638513037
eicu_floor540,217,1,617,617,1226,23,1.987034035656402,104,3.1739130434782608,0.6,66.87122684351047,0.9839116146729586,0.023147024461695143,1,0.2584422581459195,0.10466882789471943,0.7277364212848084,0.46131140946274335,0.05706879790608476,0.2815892826076146,0.10124364955854824,0.7652329749103943,0.5387208280029935,0.07327815106502378
eicu_floor540,217,1,617,617,1226,23,1.987034035656402,104,3.1739130434782608,0.6206896551724138,28.869608080739383,0.9653464313320708,-0.018946101192014897,0,0.3671858078890263,0.08970773943352602,0.7853598014888337,0.749781253107861,0.1450905112678318,0.34823970669701143,0.09265449603819628,0.7639922801213124,0.5508577731836737,0.2523386543985075
eicu_floor540,217,2,617,617,2061,23,3.340356564019449,104,3.1739130434782608,0.5862068965517241,118.03818175287326,0.9876195181635758,-0.019819776216247975,0,0.5330455620318068,0.07835457044287678,0.8323683484973808,0.9800462922005971,0.09873729496791861,0.5132257858155588,0.07812442478416409,0.8501516404742211,0.9791428900923037,0.2608371267037396
eicu_floor540,217,2,617,617,2061,23,3.340356564019449,104,3.1739130434782608,0.5666666666666667,145.63888774619062,0.9904258838656361,0.04699185088527941,1,0.2584422581459195,0.10466882789471943,0.7277364212848084,0.46131140946274335,0.05706879790608476,0.3054341090311989,0.10015436520879659,0.7562724014336918,0.5909479872287495,0.134279314355959
eicu_floor540,217,2,617,617,2061,23,3.340356564019449,104,3.1739130434782608,0.5862068965517241,172.40338951252835,0.9897037074812196,0.014876041444667698,1,0.3671858078890263,0.08970773943352602,0.7853598014888337,0.749781253107861,0.1450905112678318,0.382061849333694,0.09010626091540823,0.7769506479183899,0.6542119429028752,0.36930288797468885
eicu_floor540,217,3,617,383,1962,23,3.179902755267423,104,3.1739130434782608,0.46153846153846156,101.75742665173496,0.9803454149165446,-0.057208315890307726,0,0.5330455620318068,0.07835457044287678,0.8323683484973808,0.9800462922005971,0.09873729496791861,0.475837246141499,0.08131412808146238,0.8464295561069755,0.7299389913955675,0.26159362604121666
eicu_floor540,217,3,617,383,1962,23,3.179902755267423,104,3.1739130434782608,0.46153846153846156,92.55180755481129,0.9734516465087724,0.0672014057055218,1,0.2584422581459195,0.10466882789471943,0.7277364212848084,0.46131140946274335,0.05706879790608476,0.3256436638514413,0.09705905647040795,0.7719878687620623,0.4941401419234208,0.33269839602884255
eicu_floor540,217,3,617,383,1962,23,3.179902755267423,104,3.1739130434782608,0.46153846153846156,99.1963453671502,0.9826757695467505,-0.020512500175088044,0,0.3671858078890263,0.08970773943352602,0.7853598014888337,0.749781253107861,0.1450905112678318,0.3466733077139383,0.09815194461213164,0.8092087124345189,0.5034367728506355,0.15949284565850938
eicu_floor540,217,4,617,423,3579,23,5.80064829821718,104,3.1739130434782608,0.5666666666666667,92.44644320463081,0.9619476193625498,-0.036037303682169175,0,0.5330455620318068,0.07835457044287678,0.8323683484973808,0.9800462922005971,0.09873729496791861,0.4970082583496376,0.07889444600895304,0.851392335263303,1.00065962683282,-0.0991184688678836
eicu_floor540,217,4,617,423,3579,23,5.80064829821718,104,3.1739130434782608,0.5666666666666667,133.85232978316202,0.9738419009393404,0.029827353462790585,1,0.2584422581459195,0.10466882789471943,0.7277364212848084,0.46131140946274335,0.05706879790608476,0.28826961160871006,0.09743924142324654,0.7917011304108078,0.7216865874641271,0.04553356185040778
eicu_floor540,217,4,617,423,3579,23,5.80064829821718,104,3.1739130434782608,0.5666666666666667,111.64406199711567,0.9707589975677723,0.010455617433496212,1,0.3671858078890263,0.08970773943352602,0.7853598014888337,0.749781253107861,0.1450905112678318,0.37764142532252254,0.0889795054047307,0.8385718224427903,0.835327227634771,0.04175530593653191
eicu_floor540,217,1,617,617,1083,23,1.7552674230145866,104,3.1739130434782608,0.5555555555555556,90.86148742615543,0.988864313974112,-0.06332716788212939,0,0.5330455620318068,0.07835457044287678,0.8323683484973808,0.9800462922005971,0.09873729496791861,0.46971839414967737,0.08265005743920431,0.8210642404190791,0.951103656562085,-0.43692518939284747
eicu_floor540,217,1,617,617,1083,23,1.7552674230145866,104,3.1739130434782608,0.5555555555555556,62.8379576287944,0.9840826013692112,0.06869629390408677,1,0.2584422581459195,0.10466882789471943,0.7277364212848084,0.46131140946274335,0.05706879790608476,0.32713855205000625,0.09361759692760875,0.7724014336917563,0.7442974192842517,-0.2860755531792246
eicu_floor540,217,1,617,617,1083,23,1.7552674230145866,104,3.1739130434782608,0.5555555555555556,75.61750861735698,0.9867314693485545,-0.05301993445276065,0,0.3671858078890263,0.08970773943352602,0.7853598014888337,0.749781253107861,0.1450905112678318,0.3141658734362657,0.09622735978369595,0.7799834574028122,0.6987442581263982,-0.27819331630991756
eicu_floor540,226,3,435,435,4570,30,10.505747126436782,77,1.8,0.4634146341463415,102.55275727057449,0.9805239803315989,-0.12167824084656836,0,0.4993522054022544,0.0841667173978663,0.820254506892895,1.0306687601072906,-0.10590466056078958,0.377673964555686,0.10328712720201264,0.7661717921527041,0.9937521798451705,1.2161281176200198
eicu_floor540,226,3,435,435,4570,30,10.505747126436782,77,1.8,0.4634146341463415,122.2002135470126,0.9836273643220301,0.01819650432990677,1,0.2884697172997427,0.10543571795694301,0.6678154825026511,0.47867362482098175,0.26464361060057207,0.30666622162964946,0.10605976540410095,0.7128844114528101,0.8199436700036095,1.0872901438310216
eicu_floor540,226,3,435,435,4570,30,10.505747126436782,77,1.8,0.4634146341463415,57.06281533084764,0.9670597999340602,0.11729231064325041,1,0.2501646453428429,0.10886369340413893,0.7158006362672322,0.5013295296810045,-0.0359117640416687,0.3674569559860933,0.10303546268426512,0.7393955461293743,0.8079312591268026,1.0004265655736175
eicu_floor540,226,1,435,435,691,30,1.5885057471264368,77,1.8,0.8666666666666667,5.129380572918713,0.7986177140349516,-0.006921034739373555,0,0.4993522054022544,0.0841667173978663,0.820254506892895,1.0306687601072906,-0.10590466056078958,0.49243117066288083,0.08720411764949541,0.8422587486744433,1.0323531143607034,0.2013260771390239
eicu_floor540,226,1,435,435,691,30,1.5885057471264368,77,1.8,0.8666666666666667,6.313625024072398,0.8415777372976969,0.028019107857501335,1,0.2884697172997427,0.10543571795694301,0.6678154825026511,0.47867362482098175,0.26464361060057207,0.316488825157244,0.09976133075411901,0.738865323435843,0.7275862186467462,0.3667177336326841
eicu_floor540,226,1,435,435,691,30,1.5885057471264368,77,1.8,0.8666666666666667,4.535568619000182,0.7788661140860771,0.03548842682523767,1,0.2501646453428429,0.10886369340413893,0.7158006362672322,0.5013295296810045,-0.0359117640416687,0.28565307216808056,0.10361870625395568,0.7420466595970308,0.6320543268037503,0.06252486820945262
eicu_floor540,226,3,435,435,2322,30,5.337931034482758,77,1.8,0.5121951219512195,67.4906664417428,0.9683120027205903,-0.020694492362920702,0,0.4993522054022544,0.0841667173978663,0.820254506892895,1.0306687601072906,-0.10590466056078958,0.4786577130393337,0.08598443189195301,0.7558324496288441,0.7498689128795664,0.4592850471243682
eicu_floor540,226,3,435,435,2322,30,5.337931034482758,77,1.8,0.5121951219512195,83.92915352344684,0.9674263084002193,0.10592292270917092,1,0.2884697172997427,0.10543571795694301,0.6678154825026511,0.47867362482098175,0.26464361060057207,0.3943926400089136,0.09703113049847802,0.7142099681866384,0.5261494802945137,0.6642123717846835
eicu_floor540,226,3,435,435,2322,30,5.337931034482758,77,1.8,0.5121951219512195,92.27439358463329,0.9742673937327124,0.15589167446692476,1,0.2501646453428429,0.10886369340413893,0.7158006362672322,0.5013295296810045,-0.0359117640416687,0.40605631980976764,0.09220708267438028,0.7812831389183458,0.6254861666973252,0.3877455854464923
eicu_floor540,226,4,435,435,2412,30,5.544827586206897,77,1.8,0.5,129.16030734987615,0.9787990171817716,-0.010852719436926062,0,0.4993522054022544,0.0841667173978663,0.820254506892895,1.0306687601072906,-0.10590466056078958,0.48849948596532833,0.08373012481836149,0.8043478260869565,0.705431244048117,0.21445440902670856
eicu_floor540,226,4,435,435,2412,30,5.544827586206897,77,1.8,0.5,131.09338741101482,0.9771155505304463,0.01523081759532624,1,0.2884697172997427,0.10543571795694301,0.6678154825026511,0.47867362482098175,0.26464361060057207,0.30370053489506893,0.10258731155107756,0.6975079533404029,0.5405283112985427,0.7559502310787081
eicu_floor540,226,4,435,435,2412,30,5.544827586206897,77,1.8,0.5,173.48085745759403,0.9791257039768115,0.04698117075799879,1,0.2501646453428429,0.10886369340413893,0.7158006362672322,0.5013295296810045,-0.0359117640416687,0.2971458161008417,0.11137484850023903,0.7600742311770944,0.46998216845494045,0.3848063369321641
eicu_floor540,226,4,435,409,2665,30,6.126436781609195,77,1.8,0.5238095238095238,84.08100295426648,0.9708512978551309,0.025557899767172876,1,0.4993522054022544,0.0841667173978663,0.820254506892895,1.0306687601072906,-0.10590466056078958,0.5249101051694273,0.0839217423935334,0.8356309650053022,1.2482925248355778,0.5302061014451166
eicu_floor540,226,4,435,409,2665,30,6.126436781609195,77,1.8,0.5,101.26914079869857,0.961912535367146,0.08754814199991834,1,0.2884697172997427,0.10543571795694301,0.6678154825026511,0.47867362482098175,0.26464361060057207,0.37601785929966103,0.09554891536343202,0.7142099681866383,0.6354917479087394,0.7251109974113827
eicu_floor540,226,4,435,409,2665,30,6.126436781609195,77,1.8,0.5,82.19541759976829,0.963499661607897,0.12096555396915148,1,0.2501646453428429,0.10886369340413893,0.7158006362672322,0.5013295296810045,-0.0359117640416687,0.37113019931199437,0.09766723532733089,0.7712089077412513,0.6330432742399655,0.3531335833801057
eicu_floor540,226,2,435,409,832,30,1.9126436781609195,77,1.8,0.5405405405405406,20.902468271594802,0.91454461424095,-0.009080081684225805,0,0.4993522054022544,0.0841667173978663,0.820254506892895,1.0306687601072906,-0.10590466056078958,0.4902721237180286,0.08682636845779061,0.7807529162248145,1.040568063720476,0.22607712444546035
eicu_floor540,226,2,435,409,832,30,1.9126436781609195,77,1.8,0.5135135135135135,24.46178812128278,0.9591199140863313,0.03340965686133801,1,0.2884697172997427,0.10543571795694301,0.6678154825026511,0.47867362482098175,0.26464361060057207,0.3218793741610807,0.1006102743964447,0.675238600212089,0.5309090340164915,0.4520659201921155
eicu_floor540,226,2,435,409,832,30,1.9126436781609195,77,1.8,0.5135135135135135,24.821207611663404,0.9396582030651729,0.024616519562298877,1,0.2501646453428429,0.10886369340413893,0.7158006362672322,0.5013295296810045,-0.0359117640416687,0.27478116490514176,0.1048857027630076,0.7128844114528102,0.5730012853804949,0.11367764738688058
eicu_floor540,226,3,435,435,2904,30,6.675862068965517,77,1.8,0.4878048780487805,36.186301229128944,0.9447333674491032,-0.1487301235271425,0,0.4993522054022544,0.0841667173978663,0.820254506892895,1.0306687601072906,-0.10590466056078958,0.3506220818751119,0.1049136641041523,0.764846235418876,0.7827890215332685,1.2489655105722988
eicu_floor540,226,3,435,435,2904,30,6.675862068965517,77,1.8,0.4878048780487805,57.94118503290739,0.9536804060019927,0.059514926127315904,1,0.2884697172997427,0.10543571795694301,0.6678154825026511,0.47867362482098175,0.26464361060057207,0.3479846434270586,0.10292405667089366,0.6948568398727465,0.5844110645841764,1.1698299705381998
eicu_floor540,226,3,435,435,2904,30,6.675862068965517,77,1.8,0.4878048780487805,106.50444989326132,0.9718321628532273,0.06110407849822508,1,0.2501646453428429,0.10886369340413893,0.7158006362672322,0.5013295296810045,-0.0359117640416687,0.31126872384106796,0.10486053894131964,0.746288441145281,0.568317921290435,0.9615500608287602
eicu_floor540,226,3,435,435,2439,30,5.606896551724138,77,1.8,0.6060606060606061,97.95200011428511,0.9737685630741117,-0.10498178962278881,0,0.4993522054022544,0.0841667173978663,0.820254506892895,1.0306687601072906,-0.10590466056078958,0.3943704157794656,0.0959986204146569,0.7820784729586426,0.8001763907386187,0.6331414737095789
eicu_floor540,226,3,435,435,2439,30,5.606896551724138,77,1.8,0.6060606060606061,40.563845266853754,0.9490288467601283,0.08109919651675918,1,0.2884697172997427,0.10543571795694301,0.6678154825026511,0.47867362482098175,0.26464361060057207,0.36956891381650187,0.097629961180762,0.693796394485684,0.6066569133462709,0.686892075166283
eicu_floor540,226,3,435,435,2439,30,5.606896551724138,77,1.8,0.6060606060606061,95.58527713640915,0.9769517607203245,0.053765187196712694,1,0.2501646453428429,0.10886369340413893,0.7158006362672322,0.5013295296810045,-0.0359117640416687,0.3039298325395556,0.10513526779067742,0.7266702014846236,0.4804911368868865,0.6202864650017509
eicu_floor540,226,2,435,417,854,30,1.9632183908045977,77,1.8,0.9375,52.21912151573993,0.9715067161107078,0.04173931429116012,1,0.4993522054022544,0.0841667173978663,0.820254506892895,1.0306687601072906,-0.10590466056078958,0.5410915196934145,0.08434957125547374,0.8377518557794275,0.9425651390169991,0.47843717501497784
eicu_floor540,226,2,435,417,854,30,1.9632183908045977,77,1.8,0.9375,30.725026715518226,0.9421778481785017,0.02343484509064686,1,0.2884697172997427,0.10543571795694301,0.6678154825026511,0.47867362482098175,0.26464361060057207,0.31190456239038955,0.1033759717662443,0.7142099681866384,0.5673025258072202,0.9582914132618746
eicu_floor540,226,2,435,417,854,30,1.9632183908045977,77,1.8,0.90625,73.45439014378537,0.9727719335078865,0.06520034368733346,1,0.2501646453428429,0.10886369340413893,0.7158006362672322,0.5013295296810045,-0.0359117640416687,0.31536498903017635,0.1017695207676006,0.7208377518557794,0.589525758457701,0.5566106316855726
eicu_floor540,226,3,435,417,2773,30,6.374712643678161,77,1.8,0.5526315789473685,115.02322467165214,0.9797138845630411,0.02541623695181877,1,0.4993522054022544,0.0841667173978663,0.820254506892895,1.0306687601072906,-0.10590466056078958,0.5247684423540732,0.08161472632352997,0.820254506892895,0.7967268958716938,-0.1671377579503815
eicu_floor540,226,3,435,417,2773,30,6.374712643678161,77,1.8,0.5526315789473685,74.9208272935997,0.9599577299347803,0.041029699337371495,1,0.2884697172997427,0.10543571795694301,0.6678154825026511,0.47867362482098175,0.26464361060057207,0.3294994166371142,0.10224150384645138,0.7009544008483563,0.49544763604159936,0.2272788285220629
eicu_floor540,226,3,435,417,2773,30,6.374712643678161,77,1.8,0.5526315789473685,117.24907145717572,0.9790268273565392,0.13200040254242845,1,0.2501646453428429,0.10886369340413893,0.7158006362672322,0.5013295296810045,-0.0359117640416687,0.38216504788527134,0.09477501928435578,0.7645811240721102,0.6773246883157984,-0.01970847667524134
eicu_floor540,226,3,435,408,2393,30,5.501149425287356,77,1.8,0.625,98.88965089510397,0.9721241433594805,0.05641650800761283,1,0.4993522054022544,0.0841667173978663,0.820254506892895,1.0306687601072906,-0.10590466056078958,0.5557687134098672,0.09006325385358355,0.8321845174973488,1.0741897545402557,1.0041277860939313
eicu_floor540,226,3,435,408,2393,30,5.501149425287356,77,1.8,0.625,70.44983782484543,0.9574165094963214,0.03671406491694906,1,0.2884697172997427,0.10543571795694301,0.6678154825026511,0.47867362482098175,0.26464361060057207,0.32518378221669175,0.10105817362515143,0.6381230116648993,0.5117660839044175,0.9139282100751939
eicu_floor540,226,3,435,408,2393,30,5.501149425287356,77,1.8,0.625,90.103436795975,0.9667049326121375,0.07552663695238077,1,0.2501646453428429,0.10886369340413893,0.7158006362672322,0.5013295296810045,-0.0359117640416687,0.32569128229522365,0.10386341411045018,0.7423117709437963,0.818802693073711,1.011307163772813
eicu_floor540,226,2,435,435,2270,30,5.218390804597701,77,1.8,0.6451612903225806,48.49006501708999,0.9654240994120031,0.06976668745650544,1,0.4993522054022544,0.0841667173978663,0.820254506892895,1.0306687601072906,-0.10590466056078958,0.5691188928587598,0.07632154403376855,0.8457051961823966,1.023409796782601,-0.32621498599668186
eicu_floor540,226,2,435,435,2270,30,5.218390804597701,77,1.8,0.6451612903225806,20.8441478801477,0.9343532173932338,0.035123085055825065,1,0.2884697172997427,0.10543571795694301,0.6678154825026511,0.47867362482098175,0.26464361060057207,0.32359280235556775,0.10193811012531334,0.7367444326617179,0.6837065673809125,-0.030965979194804635
eicu_floor540,226,2,435,435,2270,30,5.218390804597701,77,1.8,0.6451612903225806,37.075185558249494,0.9483349731502193,0.042660980048494945,1,0.2501646453428429,0.10886369340413893,0.7158006362672322,0.5013295296810045,-0.0359117640416687,0.29282562539133783,0.1018503024599987,0.7791622481442206,0.7516681493630561,-0.18738942107592377
eicu_floor540,227,4,578,383,3770,28,6.522491349480969,78,1.9642857142857142,0.47619047619047616,132.43897168512564,0.9697974097117726,0.008153612163570079,1,0.19930378463367276,0.08839548281995939,0.7041169680646402,0.46095145550505046,-0.020480541633437346,0.20745739679724284,0.09925138834010758,0.7043093497499038,0.2846792618832542,-0.496865484012695
eicu_floor540,227,4,578,383,3770,31,6.522491349480969,78,1.7741935483870968,0.47619047619047616,81.72556884692398,0.9578733271542441,0.08467337847117551,1,0.1645731439942067,0.09135515444780655,0.6889188149288188,0.3799429854984943,0.03664103663969686,0.2492465224653822,0.0865558981200669,0.7610619469026549,0.4660219285893849,-0.30905043742607147
eicu_floor540,227,4,578,383,3770,30,6.522491349480969,78,1.8333333333333333,0.47619047619047616,131.87997927415955,0.9713834808961929,0.027010145118085194,1,0.34306092191162624,0.07354929652756113,0.7951135051943055,1.0341987164431694,-0.07725962551273728,0.37007106702971143,0.07360327057328364,0.7876106194690266,0.7548372296270293,-0.20325985233885627
eicu_floor540,227,1,578,578,691,28,1.1955017301038062,78,1.9642857142857142,0.9285714285714286,6.1051511908497105,0.8088482269298796,0.01812257511622048,1,0.19930378463367276,0.08839548281995939,0.7041169680646402,0.46095145550505046,-0.020480541633437346,0.21742635974989324,0.08492481271733746,0.6979607541362062,0.5340577353178083,0.07346680711816085
eicu_floor540,227,1,578,578,691,31,1.1955017301038062,78,1.7741935483870968,0.8387096774193549,9.466830279821469,0.879478820744938,0.012313810730268271,1,0.1645731439942067,0.09135515444780655,0.6889188149288188,0.3799429854984943,0.03664103663969686,0.17688695472447497,0.09145798837179085,0.6985378991919969,0.4006601224342507,-0.10891215160596551
eicu_floor540,227,1,578,578,691,30,1.1955017301038062,78,1.8333333333333333,0.8666666666666667,6.6395302843117046,0.7804871764740311,0.04205931701054261,1,0.34306092191162624,0.07354929652756113,0.7951135051943055,1.0341987164431694,-0.07725962551273728,0.38512023892216884,0.07178025978852669,0.8041554444016931,1.0948593439114604,-0.04367501517276761
eicu_floor540,227,4,578,387,2281,28,3.9463667820069204,78,1.9642857142857142,0.4634146341463415,101.74963158372722,0.979628591010379,0.03991022559581947,1,0.19930378463367276,0.08839548281995939,0.7041169680646402,0.46095145550505046,-0.020480541633437346,0.23921401022949224,0.086887614925395,0.7025779145825317,0.4528174733522983,0.02193385053863496
eicu_floor540,227,4,578,387,2281,31,3.9463667820069204,78,1.7741935483870968,0.4634146341463415,71.00962010429471,0.9780450537503969,0.10914208645306783,1,0.1645731439942067,0.09135515444780655,0.6889188149288188,0.3799429854984943,0.03664103663969686,0.2737152304472745,0.08462319066827613,0.7976144671027319,0.48605110758070413,-0.020002831525663956
eicu_floor540,227,4,578,387,2281,30,3.9463667820069204,78,1.8333333333333333,0.4634146341463415,84.6527603496395,0.9700970755853207,0.011242844996268764,1,0.34306092191162624,0.07354929652756113,0.7951135051943055,1.0341987164431694,-0.07725962551273728,0.354303766907895,0.0731777281932531,0.7724124663332051,0.7059971094468415,0.11155181068750168
eicu_floor540,227,3,578,435,2287,28,3.9567474048442905,78,1.9642857142857142,0.525,57.710134236729914,0.9676942233274072,0.05695216799267794,1,0.19930378463367276,0.08839548281995939,0.7041169680646402,0.46095145550505046,-0.020480541633437346,0.2562559526263507,0.08060225390952303,0.7441323585994614,0.6833213146368358,0.17022802743913928
eicu_floor540,227,3,578,435,2287,31,3.9567474048442905,78,1.7741935483870968,0.525,90.0339034623086,0.9712406355651872,0.08992567277287034,1,0.1645731439942067,0.09135515444780655,0.6889188149288188,0.3799429854984943,0.03664103663969686,0.25449881676707703,0.08042461518040958,0.7726048480184686,0.7399901311708743,0.003556389212628818
eicu_floor540,227,3,578,435,2287,30,3.9567474048442905,78,1.8333333333333333,0.525,61.18108579909362,0.9574197080208288,0.0681078182620255,1,0.34306092191162624,0.07354929652756113,0.7951135051943055,1.0341987164431694,-0.07725962551273728,0.41116874017365174,0.06903251865583492,0.8112735667564448,1.1502217889475461,0.004755847497335166
eicu_floor540,227,3,578,578,4065,28,7.032871972318339,78,1.9642857142857142,0.5365853658536586,212.06349322425112,0.9857394139909249,0.07582420624150887,1,0.19930378463367276,0.08839548281995939,0.7041169680646402,0.46095145550505046,-0.020480541633437346,0.27512799087518164,0.08035734042773261,0.7391304347826086,0.663890151187091,0.09581917839348618
eicu_floor540,227,3,578,578,4065,31,7.032871972318339,78,1.7741935483870968,0.5365853658536586,99.35415131165188,0.980793269964696,0.05895369920807628,1,0.1645731439942067,0.09135515444780655,0.6889188149288188,0.3799429854984943,0.03664103663969686,0.22352684320228297,0.08404503872293523,0.7702962677953058,0.6404828961062552,-0.0009319419479182061
eicu_floor540,227,3,578,578,4065,30,7.032871972318339,78,1.8333333333333333,0.5365853658536586,162.4838482413668,0.9815366263633567,0.07701696919713819,1,0.34306092191162624,0.07354929652756113,0.7951135051943055,1.0341987164431694,-0.07725962551273728,0.4200778911087644,0.06842503627954169,0.8328203155059638,1.0956129243936583,-0.10946898738677775
eicu_floor540,227,1,578,437,437,28,0.7560553633217993,78,1.9642857142857142,0.875,32.407434635698735,0.9690350538675984,0.09483435226094128,1,0.19930378463367276,0.08839548281995939,0.7041169680646402,0.46095145550505046,-0.020480541633437346,0.29413813689461404,0.08042553867777785,0.7743362831858408,0.39823547071027,0.1895084192568536
eicu_floor540,227,1,578,437,437,31,0.7560553633217993,78,1.7741935483870968,0.96875,25.265754797196713,0.9604207351798193,0.001183921509775726,1,0.1645731439942067,0.09135515444780655,0.6889188149288188,0.3799429854984943,0.03664103663969686,0.16575706550398242,0.08956027405617119,0.6954597922277799,0.39601193971542437,0.4050413674779059
eicu_floor540,227,1,578,437,437,30,0.7560553633217993,78,1.8333333333333333,0.9375,16.414743615757807,0.9390758812409176,0.0030760521256937845,1,0.34306092191162624,0.07354929652756113,0.7951135051943055,1.0341987164431694,-0.07725962551273728,0.34613697403732,0.07320881970692955,0.7933820700269334,1.0608058641263887,0.23537994591650488
eicu_floor540,227,1,578,578,1051,28,1.8183391003460208,78,1.9642857142857142,0.7857142857142857,30.491583603610575,0.9672021804960276,-0.00216971461409321,0,0.19930378463367276,0.08839548281995939,0.7041169680646402,0.46095145550505046,-0.020480541633437346,0.19713407001957955,0.08342714474247086,0.6750673335898423,0.542314464425174,0.1796011640998895
eicu_floor540,227,1,578,578,1051,31,1.8183391003460208,78,1.7741935483870968,0.7096774193548387,77.82831831121737,0.9869578486437807,0.033504314164971405,1,0.1645731439942067,0.09135515444780655,0.6889188149288188,0.3799429854984943,0.03664103663969686,0.1980774581591781,0.08679597373039456,0.7081569834551751,0.4944891231791215,0.05000226083147924
eicu_floor540,227,1,578,578,1051,30,1.8183391003460208,78,1.8333333333333333,0.7333333333333333,19.92957676212294,0.9484282656666323,-0.029817614885353505,0,0.34306092191162624,0.07354929652756113,0.7951135051943055,1.0341987164431694,-0.07725962551273728,0.31324330702627273,0.07412339171118051,0.7599076567910735,0.9018837395302008,0.07380656889800134
eicu_floor540,227,2,578,578,2903,28,5.022491349480969,78,1.9642857142857142,0.6774193548387096,141.90003047185863,0.9843847134968313,0.004625247241678343,1,0.19930378463367276,0.08839548281995939,0.7041169680646402,0.46095145550505046,-0.020480541633437346,0.2039290318753511,0.0838755095672699,0.6621777606771836,0.4968289579283412,0.8313558337917963
eicu_floor540,227,2,578,578,2903,31,5.022491349480969,78,1.7741935483870968,0.6176470588235294,46.82660239342777,0.95703175601988,0.06157973972623898,1,0.1645731439942067,0.09135515444780655,0.6889188149288188,0.3799429854984943,0.03664103663969686,0.22615288372044567,0.08679924902688974,0.7543285879184302,0.5035978034174496,0.6036359335651358
eicu_floor540,227,2,578,578,2903,30,5.022491349480969,78,1.8333333333333333,0.6363636363636364,26.739703622508976,0.9303912632399056,0.0008678311309530673,1,0.34306092191162624,0.07354929652756113,0.7951135051943055,1.0341987164431694,-0.07725962551273728,0.3439287530425793,0.07705853328690641,0.7999230473258946,1.064001269096202,0.6707626189917054
eicu_floor540,227,2,578,555,1124,28,1.944636678200692,78,1.9642857142857142,0.6896551724137931,78.04986634778332,0.9751292629126984,0.027310798170281092,1,0.19930378463367276,0.08839548281995939,0.7041169680646402,0.46095145550505046,-0.020480541633437346,0.22661458280395386,0.08224649954918234,0.7183532127741439,0.532850152421389,0.643078919573061
eicu_floor540,227,2,578,555,1124,31,1.944636678200692,78,1.7741935483870968,0.6451612903225806,42.47397263320357,0.9671952284056187,-0.005875663820865573,0,0.1645731439942067,0.09135515444780655,0.6889188149288188,0.3799429854984943,0.03664103663969686,0.15869748017334112,0.08941395447042738,0.6983455175067333,0.4329050593975935,0.5016283971797243
eicu_floor540,227,2,578,555,1124,30,1.944636678200692,78,1.8333333333333333,0.6666666666666666,21.687544602088433,0.9162687212756417,-0.03595289439259064,0,0.34306092191162624,0.07354929652756113,0.7951135051943055,1.0341987164431694,-0.07725962551273728,0.3071080275190356,0.07728963825603341,0.7783762985763756,0.8493187077929509,0.5388912199100087
eicu_floor540,227,3,578,423,1784,28,3.086505190311419,78,1.9642857142857142,0.8064516129032258,62.302489062523456,0.9605908536818324,0.011488389182029268,1,0.19930378463367276,0.08839548281995939,0.7041169680646402,0.46095145550505046,-0.020480541633437346,0.21079217381570203,0.08215740542117252,0.7031550596383225,0.5702266953426441,0.5729598986509944
eicu_floor540,227,3,578,423,1784,31,3.086505190311419,78,1.7741935483870968,0.8064516129032258,88.96761197507186,0.9715747184161214,0.02250726066048092,1,0.1645731439942067,0.09135515444780655,0.6889188149288188,0.3799429854984943,0.03664103663969686,0.18708040465468762,0.08737485701384587,0.7196998845709888,0.4710849546491305,0.6374014137764146
eicu_floor540,227,3,578,423,1784,30,3.086505190311419,78,1.8333333333333333,0.8333333333333334,42.18013100498456,0.9538691111478229,-0.0069853547329788435,0,0.34306092191162624,0.07354929652756113,0.7951135051943055,1.0341987164431694,-0.07725962551273728,0.3360755671786474,0.0762619576062421,0.791843016544825,0.9722843769231598,0.5651550276934677
eicu_floor540,227,2,578,578,1452,28,2.5121107266435985,78,1.9642857142857142,0.5757575757575758,128.43736177339184,0.9844282070856555,0.06972365602891051,1,0.19930378463367276,0.08839548281995939,0.7041169680646402,0.46095145550505046,-0.020480541633437346,0.2690274406625833,0.07910693795467184,0.7360523278183917,0.7950755201057044,0.2926980339981862
eicu_floor540,227,2,578,578,1452,31,2.5121107266435985,78,1.7741935483870968,0.5277777777777778,152.32134612267913,0.9868698639362785,0.02507985917752953,1,0.1645731439942067,0.09135515444780655,0.6889188149288188,0.3799429854984943,0.03664103663969686,0.18965300317173622,0.0856151237896353,0.6952674105425163,0.4867006677429149,-0.01101265375510542
eicu_floor540,227,2,578,578,1452,30,2.5121107266435985,78,1.8333333333333333,0.5428571428571428,120.76638117122982,0.9867455121443534,0.08338821511558392,1,0.34306092191162624,0.07354929652756113,0.7951135051943055,1.0341987164431694,-0.07725962551273728,0.42644913702721016,0.06890038162615214,0.7841477491342824,1.0200223701584625,0.08921851685796582
eicu_floor540,227,2,578,578,2849,28,4.929065743944637,78,1.9642857142857142,0.5833333333333334,156.88377209600876,0.9872517088716094,0.023377669704698706,1,0.19930378463367276,0.08839548281995939,0.7041169680646402,0.46095145550505046,-0.020480541633437346,0.22268145433837147,0.08572848822839906,0.6868026163909196,0.5774311104969253,-0.24703541134615614
eicu_floor540,227,2,578,578,2849,31,4.929065743944637,78,1.7741935483870968,0.5384615384615384,92.14416412036687,0.9782948815142821,0.09557944005151342,1,0.1645731439942067,0.09135515444780655,0.6889188149288188,0.3799429854984943,0.03664103663969686,0.2601525840457201,0.08860883746000899,0.7449018853405156,0.591330739999556,-0.5879822161622416
eicu_floor540,227,2,578,578,2849,30,4.929065743944637,78,1.8333333333333333,0.5526315789473685,92.67467012739051,0.9784191300896912,0.07244514041528693,1,0.34306092191162624,0.07354929652756113,0.7951135051943055,1.0341987164431694,-0.07725962551273728,0.4155060623269132,0.07420173463432701,0.8112735667564448,0.9797019191642182,-0.5904580148863429
eicu_floor540,243,1,1756,392,392,18,0.22323462414578588,219,8.5,0.6666666666666666,6.611677159273979,0.8366378707994631,0.010093849419794243,1,0.26102169759127525,0.07345478257226981,0.758314586917207,1.0070891291760982,-0.02061819180715385,0.2711155470110695,0.07296557060298119,0.7767301839354241,1.0431766901254804,-0.002088116170542644
eicu_floor540,243,1,1756,392,392,18,0.22323462414578588,219,8.5,0.6666666666666666,32.446393614314935,0.9669822512290455,-0.010288656007560348,0,0.21639290843206788,0.07675697605312293,0.7412884301530589,0.7577914179379182,-0.07130796203436862,0.20610425242450753,0.07813794374359952,0.7148559834149355,0.6726371082179982,0.04258896214581724
eicu_floor540,243,1,1756,392,392,18,0.22323462414578588,219,8.5,0.6666666666666666,13.008435320224862,0.922980349654032,-0.023594297872007647,0,0.23775517269197444,0.07477557025671674,0.7692867540029112,0.9994258636742406,-0.03824044683776551,0.2141608748199668,0.07723864779387608,0.7426999250143356,0.7409055148666639,-0.04131291110054649
eicu_floor540,243,2,1756,505,3544,18,2.0182232346241458,219,8.5,0.6666666666666666,70.93529594651304,0.9734725657830736,-0.03626219661848032,0,0.26102169759127525,0.07345478257226981,0.758314586917207,1.0070891291760982,-0.02061819180715385,0.22475950097279493,0.07581137160396087,0.7485443959243085,0.9275638777593802,0.13890230149435617
eicu_floor540,243,2,1756,505,3544,18,2.0182232346241458,219,8.5,0.6666666666666666,103.5797622788852,0.9859163061148668,-0.00451771455343114,0,0.21639290843206788,0.07675697605312293,0.7412884301530589,0.7577914179379182,-0.07130796203436862,0.21187519387863674,0.07621180710797319,0.714315645538353,1.0083862615444263,0.26447082553179063
eicu_floor540,243,2,1756,505,3544,18,2.0182232346241458,219,8.5,0.6666666666666666,62.64339497003874,0.9664736354206771,-0.03338095533201679,0,0.23775517269197444,0.07477557025671674,0.7692867540029112,0.9994258636742406,-0.03824044683776551,0.20437421735995764,0.07633880607539048,0.7319924132151205,1.0133493307898407,0.15856169228583897
eicu_floor540,243,2,1756,576,1802,18,1.0261958997722096,219,8.5,0.47368421052631576,100.57623213066671,0.9792820198739771,-0.003739436259739881,0,0.26102169759127525,0.07345478257226981,0.758314586917207,1.0070891291760982,-0.02061819180715385,0.25728226133153537,0.07371023307614356,0.7229500242600679,0.7121379978786384,0.28771859481949835
eicu_floor540,243,2,1756,576,1802,18,1.0261958997722096,219,8.5,0.47368421052631576,109.51329666588607,0.9817373774610968,0.020171242075551543,1,0.21639290843206788,0.07675697605312293,0.7412884301530589,0.7577914179379182,-0.07130796203436862,0.23656415050761942,0.07592408664051377,0.650699131048476,0.5060623188454204,0.33544765869243537
eicu_floor540,243,2,1756,576,1802,18,1.0261958997722096,219,8.5,0.5,63.30197294482221,0.9797395577707473,-0.07422815543880168,0,0.23775517269197444,0.07477557025671674,0.7692867540029112,0.9994258636742406,-0.03824044683776551,0.16352701725317276,0.08089619443569603,0.6233183362004322,0.2006230444019671,0.4176893349761888
eicu_floor540,243,2,1756,590,1284,18,0.7312072892938497,219,8.5,0.47368421052631576,74.30417830230876,0.9767361712317819,0.03677718573437777,1,0.26102169759127525,0.07345478257226981,0.758314586917207,1.0070891291760982,-0.02061819180715385,0.297798883325653,0.07299564391366374,0.7512901945216356,0.707439595554219,-0.08478817708532128
eicu_floor540,243,2,1756,590,1284,18,0.7312072892938497,219,8.5,0.47368421052631576,43.16134516005423,0.9529257410281777,-0.01965432335758699,0,0.21639290843206788,0.07675697605312293,0.7412884301530589,0.7577914179379182,-0.07130796203436862,0.1967385850744809,0.08066487157313991,0.6611530148648053,0.4575287225202559,-0.052287282377268644
eicu_floor540,243,2,1756,590,1284,18,0.7312072892938497,219,8.5,0.47368421052631576,125.68829222348566,0.9856777869306497,0.0024758476259774953,1,0.23775517269197444,0.07477557025671674,0.7692867540029112,0.9994258636742406,-0.03824044683776551,0.24023102031795193,0.07636630505948026,0.7589982797406377,0.8095380891555912,-0.09661361780780085
eicu_floor540,243,4,1756,446,5157,18,2.9367881548974943,219,8.5,0.4857142857142857,120.90934378950337,0.9861310984944979,0.014924924749131985,1,0.26102169759127525,0.07345478257226981,0.758314586917207,1.0070891291760982,-0.02061819180715385,0.27594662234040723,0.07380673665861696,0.7417184949936041,1.037948766010512,0.4121174930596267
eicu_floor540,243,4,1756,446,5157,18,2.9367881548974943,219,8.5,0.4857142857142857,73.3013825186056,0.9730251140295552,0.028060068285121115,1,0.21639290843206788,0.07675697605312293,0.7412884301530589,0.7577914179379182,-0.07130796203436862,0.244452976717189,0.07464831758466639,0.7339332186493759,0.9351151555396219,0.32754024719241537
eicu_floor540,243,4,1756,446,5157,18,2.9367881548974943,219,8.5,0.4857142857142857,126.69872244037781,0.9833784427595763,0.00022982034669374873,1,0.23775517269197444,0.07477557025671674,0.7692867540029112,0.9994258636742406,-0.03824044683776551,0.23798499303866819,0.0754165052458625,0.7657690441533236,0.9608277266445434,0.2800612682563184
eicu_floor540,243,3,1756,870,3453,18,1.966400911161731,219,8.5,0.5357142857142857,105.77563280265616,0.9793366973743727,-0.044501880658746135,0,0.26102169759127525,0.07345478257226981,0.758314586917207,1.0070891291760982,-0.02061819180715385,0.2165198169325291,0.07831612683316269,0.6832627585902693,0.5277621067517255,0.14691371872624948
eicu_floor540,243,3,1756,870,3453,18,1.966400911161731,219,8.5,0.5357142857142857,182.5972653378218,0.9885384915734552,-0.022173833238969765,0,0.21639290843206788,0.07675697605312293,0.7412884301530589,0.7577914179379182,-0.07130796203436862,0.1942190751930981,0.08062728332965376,0.6849278814344316,0.5340560270064216,-0.005945352297701727
eicu_floor540,243,3,1756,870,3453,18,1.966400911161731,219,8.5,0.5357142857142857,120.03270606746467,0.9860363262310079,-0.004241580905471831,0,0.23775517269197444,0.07477557025671674,0.7692867540029112,0.9994258636742406,-0.03824044683776551,0.2335135917865026,0.07733919714064581,0.7362379251025539,0.647682705515587,-0.025700734751491497
eicu_floor540,243,1,1756,417,417,18,0.23747152619589978,219,8.5,0.5625,125.12908578922557,0.9908813234233129,-0.0008792653626180091,0,0.26102169759127525,0.07345478257226981,0.758314586917207,1.0070891291760982,-0.02061819180715385,0.26014243222865724,0.07453466024395297,0.7507057474306383,0.812506744748664,0.08362967092487528
eicu_floor540,243,1,1756,417,417,18,0.23747152619589978,219,8.5,0.5625,12.893288181789796,0.919541943178231,0.04221042858508567,1,0.21639290843206788,0.07675697605312293,0.7412884301530589,0.7577914179379182,-0.07130796203436862,0.25860333701715355,0.0744789499635392,0.7570464470027789,0.8382759318343642,0.025263937257713153
eicu_floor540,243,1,1756,417,417,18,0.23747152619589978,219,8.5,0.5806451612903226,34.969109030104455,0.9670967041618429,-0.01492993333188658,0,0.23775517269197444,0.07477557025671674,0.7692867540029112,0.9994258636742406,-0.03824044683776551,0.22282523936008786,0.07729640213331782,0.7675995765515417,0.8140717357122396,0.08484270081524525
eicu_floor540,243,4,1756,387,2652,18,1.510250569476082,219,8.5,0.5142857142857142,172.02160892720877,0.9872742109775656,0.03529116938158444,1,0.26102169759127525,0.07345478257226981,0.758314586917207,1.0070891291760982,-0.02061819180715385,0.2963128669728597,0.07226198511757911,0.7229279696528604,0.8173034435484977,0.06339917200686716
eicu_floor540,243,4,1756,387,2652,18,1.510250569476082,219,8.5,0.5,177.639522999909,0.9853801680845593,-0.007754204231406853,0,0.21639290843206788,0.07675697605312293,0.7412884301530589,0.7577914179379182,-0.07130796203436862,0.20863870420066102,0.07758469352090322,0.7244938467645892,0.7210356423401698,0.06086211252567878
eicu_floor540,243,4,1756,387,2652,18,1.510250569476082,219,8.5,0.5142857142857142,216.58791599503803,0.9874222186913085,0.02145907981702111,1,0.23775517269197444,0.07477557025671674,0.7692867540029112,0.9994258636742406,-0.03824044683776551,0.25921425250899555,0.07636142039318683,0.7689228529839883,0.8148307403839037,-0.05228041913435573
eicu_floor540,243,1,1756,555,555,18,0.31605922551252846,219,8.5,1.0,37.30358602570226,0.968234488531613,0.026293553222904997,1,0.26102169759127525,0.07345478257226981,0.758314586917207,1.0070891291760982,-0.02061819180715385,0.28731525081418025,0.07215110766164286,0.7494486348198138,1.003427054534142,0.2083408666134961
eicu_floor540,243,1,1756,555,555,18,0.31605922551252846,219,8.5,1.0,51.04744348877114,0.9801594063114567,0.00039677972017712615,1,0.21639290843206788,0.07675697605312293,0.7412884301530589,0.7577914179379182,-0.07130796203436862,0.216789688152245,0.0763545178502728,0.7439790922323674,0.8173885111276771,0.1475224646456651
eicu_floor540,243,1,1756,555,555,18,0.31605922551252846,219,8.5,1.0,57.82683144000117,0.981412183918406,0.02382943671013915,1,0.23775517269197444,0.07477557025671674,0.7692867540029112,0.9994258636742406,-0.03824044683776551,0.2615846094021136,0.07355517816632295,0.7590534162586564,1.012194627266416,0.16782560855571985
eicu_floor540,243,2,1756,485,2046,18,1.1651480637813212,219,8.5,0.4864864864864865,28.686139403190737,0.9490632884753498,0.010152778398883788,1,0.26102169759127525,0.07345478257226981,0.758314586917207,1.0070891291760982,-0.02061819180715385,0.27117447599015904,0.07358122792178169,0.709463631952715,0.750881896810201,-0.002353519366236501
eicu_floor540,243,2,1756,485,2046,18,1.1651480637813212,219,8.5,0.4864864864864865,37.00569426449331,0.9459542635329238,2.264258800982466e-05,1,0.21639290843206788,0.07675697605312293,0.7412884301530589,0.7577914179379182,-0.07130796203436862,0.2164155510200777,0.07639460911396306,0.7416743857791893,0.8538805582524389,-0.2162293016641627
eicu_floor540,243,2,1756,485,2046,18,1.1651480637813212,219,8.5,0.5294117647058824,73.17386600275525,0.9782417386770061,-0.0026985669437560034,0,0.23775517269197444,0.07477557025671674,0.7692867540029112,0.9994258636742406,-0.03824044683776551,0.23505660574821843,0.07586400215480824,0.7579617132018878,0.9028076990367707,-0.23281904997181674
eicu_floor540,243,1,1756,485,485,18,0.27619589977220954,219,8.5,0.6666666666666666,52.184330645513185,0.9777839884387096,0.009330566637595294,1,0.26102169759127525,0.07345478257226981,0.758314586917207,1.0070891291760982,-0.02061819180715385,0.27035226422887054,0.07300834975320311,0.7655043888668343,1.0541153745755154,0.01488010528856707
eicu_floor540,243,1,1756,485,485,18,0.27619589977220954,219,8.5,0.5625,97.82792023218425,0.9835834688087002,0.006746222793098611,1,0.21639290843206788,0.07675697605312293,0.7412884301530589,0.7577914179379182,-0.07130796203436862,0.2231391312251665,0.07664040236044274,0.7468351638657316,0.6840828919885431,-0.04656845903696164
eicu_floor540,243,1,1756,485,485,18,0.27619589977220954,219,8.5,0.6666666666666666,85.79897920929858,0.9882656078826675,0.012444693521727057,1,0.23775517269197444,0.07477557025671674,0.7692867540029112,0.9994258636742406,-0.03824044683776551,0.2501998662137015,0.07381077072988977,0.7700035287371532,1.1330843710136793,0.027566866218863638
eicu_floor540,243,1,1756,910,910,18,0.5182232346241458,219,8.5,0.8571428571428571,15.1875497086082,0.9325526406770701,0.00844114566154014,1,0.26102169759127525,0.07345478257226981,0.758314586917207,1.0070891291760982,-0.02061819180715385,0.2694628432528154,0.07310954396546457,0.7735984297119667,1.046548819816959,-0.09675192295772529
eicu_floor540,243,1,1756,910,910,18,0.5182232346241458,219,8.5,0.8571428571428571,74.54353216133839,0.9858643154451385,0.002208634710963331,1,0.21639290843206788,0.07675697605312293,0.7412884301530589,0.7577914179379182,-0.07130796203436862,0.2186015431430312,0.07598358562046975,0.7390388602178996,0.8683540042678473,-0.09656997860517752
eicu_floor540,243,1,1756,910,910,18,0.5182232346241458,219,8.5,0.8571428571428571,101.85050966081769,0.9873645564318071,0.014880003720095736,1,0.23775517269197444,0.07477557025671674,0.7692867540029112,0.9994258636742406,-0.03824044683776551,0.2526351764120702,0.07408646792788426,0.7806889859291606,1.0245193751999764,-0.12986794537725968
eicu_floor540,244,3,555,392,1553,18,2.798198198198198,49,1.8888888888888888,0.5483870967741935,89.0331342270207,0.9673697849349323,-0.12983248527590704,0,0.20351938879380355,0.05928506212544439,0.6191330343796712,0.3910083947381704,0.005681872727955163,0.0736869035178965,0.07416152295448399,0.5073243647234679,0.03309107172803752,-0.2030133159524166
eicu_floor540,244,3,555,392,1553,18,2.798198198198198,49,1.8888888888888888,0.5483870967741935,55.57494021978269,0.962181126296248,-0.18785400356132506,0,0.36984781006043105,0.05038096914740618,0.7730941704035874,1.061258513880124,-0.029369475535647924,0.181993806499106,0.058719431954516545,0.7097159940209268,0.6113679779663139,0.021651428133928972
eicu_floor540,244,3,555,392,1553,18,2.798198198198198,49,1.8888888888888888,0.5483870967741935,78.40211623655105,0.9768793391104399,-0.06892634085139715,0,0.2755348547000291,0.053149300779905824,0.6828101644245141,0.7145533830721958,0.11164132142405715,0.20660851384863194,0.05650067554079595,0.6236173393124066,0.534840797363743,0.06319851443178465
eicu_floor540,244,2,555,392,931,18,1.6774774774774774,49,1.8888888888888888,0.5483870967741935,12.718938445534643,0.8999063775717978,-0.10689334093359092,0,0.20351938879380355,0.05928506212544439,0.6191330343796712,0.3910083947381704,0.005681872727955163,0.09662604786021263,0.06370898213801156,0.5838565022421525,0.2780987088275201,0.13952316124696743
eicu_floor540,244,2,555,392,931,18,1.6774774774774774,49,1.8888888888888888,0.5483870967741935,23.080479648675052,0.9123967152707388,-0.06365411832460599,0,0.36984781006043105,0.05038096914740618,0.7730941704035874,1.061258513880124,-0.029369475535647924,0.30619369173582506,0.05135892873216989,0.7787742899850523,1.1523872219845195,0.315198947228128
eicu_floor540,244,2,555,392,931,18,1.6774774774774774,49,1.8888888888888888,0.5483870967741935,25.909435275184713,0.9428737617880353,-0.09053278447588564,0,0.2755348547000291,0.053149300779905824,0.6828101644245141,0.7145533830721958,0.11164132142405715,0.18500207022414344,0.05791841147540666,0.736322869955157,0.8560624477635157,0.49378781456915133
eicu_floor540,244,1,555,555,576,18,1.037837837837838,49,1.8888888888888888,0.47368421052631576,23.458257173041495,0.9570347903541301,-0.08366164167067174,0,0.20351938879380355,0.05928506212544439,0.6191330343796712,0.3910083947381704,0.005681872727955163,0.11985774712313181,0.06017901144014331,0.537219730941704,0.16732384256741553,0.11999653288350337
eicu_floor540,244,1,555,555,576,18,1.037837837837838,49,1.8888888888888888,0.47368421052631576,26.84520310794266,0.9471517595146165,-0.1394861643230699,0,0.36984781006043105,0.05038096914740618,0.7730941704035874,1.061258513880124,-0.029369475535647924,0.23036164573736115,0.05628059464767679,0.6415545590433483,0.2183112971726309,0.2011938362863438
eicu_floor540,244,1,555,555,576,18,1.037837837837838,49,1.8888888888888888,0.5,55.6693293082028,0.9819540847249062,-0.11534450035022195,0,0.2755348547000291,0.053149300779905824,0.6828101644245141,0.7145533830721958,0.11164132142405715,0.16019035434980713,0.05859247471327103,0.5575485799701047,0.26691447967959664,0.23806756497271442
eicu_floor540,244,3,555,555,2399,18,4.322522522522522,49,1.8888888888888888,0.3157894736842105,138.27297106552484,0.9808125296293344,-0.1065911751516444,0,0.20351938879380355,0.05928506212544439,0.6191330343796712,0.3910083947381704,0.005681872727955163,0.09692821364215914,0.06441361783399199,0.43258594917787746,-0.17933209534231787,-0.17094640066858321
eicu_floor540,244,3,555,555,2399,18,4.322522522522522,49,1.8888888888888888,0.3157894736842105,73.63455716296136,0.9588005896097065,-0.2401234866564253,0,0.36984781006043105,0.05038096914740618,0.7730941704035874,1.061258513880124,-0.029369475535647924,0.12972432340400575,0.0606723220415923,0.6621823617339313,0.4873512014577388,-0.22708943104052978
eicu_floor540,244,3,555,555,2399,18,4.322522522522522,49,1.8888888888888888,0.3157894736842105,99.06211844018387,0.9741549328481706,-0.12866420787713834,0,0.2755348547000291,0.053149300779905824,0.6828101644245141,0.7145533830721958,0.11164132142405715,0.14687064682289075,0.06019131337414294,0.5342301943198804,0.1681202353853984,0.11362958373263475
eicu_floor540,244,1,555,555,694,18,1.2504504504504506,49,1.8888888888888888,0.6428571428571429,71.44888931559632,0.9854278812999577,-0.1215700342589307,0,0.20351938879380355,0.05928506212544439,0.6191330343796712,0.3910083947381704,0.005681872727955163,0.08194935453487284,0.06452794393058922,0.5028400597907325,0.018301357206613623,-0.07106224115934234
eicu_floor540,244,1,555,555,694,18,1.2504504504504506,49,1.8888888888888888,0.6428571428571429,32.380627052424586,0.9689211316917603,-0.20456695941246156,0,0.36984781006043105,0.05038096914740618,0.7730941704035874,1.061258513880124,-0.029369475535647924,0.1652808506479695,0.05704100055162787,0.6950672645739909,0.7587564792679241,0.02429302337893852
eicu_floor540,244,1,555,555,694,18,1.2504504504504506,49,1.8888888888888888,0.6428571428571429,51.10789476534483,0.9800861230545941,-0.07089920368878344,0,0.2755348547000291,0.053149300779905824,0.6828101644245141,0.7145533830721958,0.11164132142405715,0.20463565101124565,0.05574016639027507,0.565321375186846,0.4430580436459449,0.10812089498790618
eicu_floor540,244,4,555,423,3560,18,6.414414414414415,49,1.8888888888888888,0.4864864864864865,113.85638185489492,0.9765579093616756,-0.11425085649671687,0,0.20351938879380355,0.05928506212544439,0.6191330343796712,0.3910083947381704,0.005681872727955163,0.08926853229708667,0.06344979864902275,0.4146487294469357,-0.22032108929239672,-0.00571223580420738
eicu_floor540,244,4,555,423,3560,18,6.414414414414415,49,1.8888888888888888,0.5,122.40687530401948,0.9717857219626775,-0.19949729155904256,0,0.36984781006043105,0.05038096914740618,0.7730941704035874,1.061258513880124,-0.029369475535647924,0.1703505185013885,0.057797183563935026,0.6370702541106128,0.5292492967061146,-0.021126273586689868
eicu_floor540,244,4,555,423,3560,18,6.414414414414415,49,1.8888888888888888,0.5142857142857142,112.04841850185267,0.983830267303565,-0.12889407343870213,0,0.2755348547000291,0.053149300779905824,0.6828101644245141,0.7145533830721958,0.11164132142405715,0.14664078126132696,0.06105370581242321,0.48251121076233183,0.012146783406984394,0.05532569425296095
eicu_floor540,244,2,555,437,1347,18,2.427027027027027,49,1.8888888888888888,0.5625,125.80142632533946,0.9841019290605837,-0.11023794377602145,0,0.20351938879380355,0.05928506212544439,0.6191330343796712,0.3910083947381704,0.005681872727955163,0.0932814450177821,0.07903667246875515,0.6209267563527653,0.2593963626698203,-0.8045158827693414
eicu_floor540,244,2,555,437,1347,18,2.427027027027027,49,1.8888888888888888,0.5625,74.99304244386627,0.9733308593060878,-0.19549869080595061,0,0.36984781006043105,0.05038096914740618,0.7730941704035874,1.061258513880124,-0.029369475535647924,0.17434911925448043,0.06551693613740048,0.7757847533632287,0.7626211403652366,-0.8003314679620728
eicu_floor540,244,2,555,437,1347,18,2.427027027027027,49,1.8888888888888888,0.5625,113.2607801542012,0.9823416367318232,-0.10923302009390251,0,0.2755348547000291,0.053149300779905824,0.6828101644245141,0.7145533830721958,0.11164132142405715,0.16630183460612658,0.0652598230215372,0.6388639760837069,0.4141529704485599,-0.6424526095662695
eicu_floor540,244,2,555,555,2102,18,3.7873873873873873,49,1.8888888888888888,0.38461538461538464,164.9238374091559,0.9885715440504158,-0.11607762685383302,0,0.20351938879380355,0.05928506212544439,0.6191330343796712,0.3910083947381704,0.005681872727955163,0.08744176193997052,0.08030576014389451,0.533034379671151,0.07967184329290335,-0.6802823734467224
eicu_floor540,244,2,555,555,2102,18,3.7873873873873873,49,1.8888888888888888,0.39473684210526316,60.37695819051873,0.9749583916658451,-0.22612117220956252,0,0.36984781006043105,0.05038096914740618,0.7730941704035874,1.061258513880124,-0.029369475535647924,0.14372663785086853,0.06759260953853331,0.6935724962630792,0.5019449335974018,-0.6079888889336196
eicu_floor540,244,2,555,555,2102,18,3.7873873873873873,49,1.8888888888888888,0.39473684210526316,74.67050686257042,0.9776868839510091,-0.07021549862110732,0,0.2755348547000291,0.053149300779905824,0.6828101644245141,0.7145533830721958,0.11164132142405715,0.20531935607892177,0.06303941923212766,0.6576980568011959,0.4208177687129337,-0.42559388424880923
eicu_floor540,244,2,555,435,2191,18,3.947747747747748,49,1.8888888888888888,0.6,151.62977233046672,0.9860108802433286,-0.0971644479327314,0,0.20351938879380355,0.05928506212544439,0.6191330343796712,0.3910083947381704,0.005681872727955163,0.10635494086107215,0.0646425598370072,0.5713004484304933,0.32918551111563804,-0.4689622739175576
eicu_floor540,244,2,555,435,2191,18,3.947747747747748,49,1.8888888888888888,0.6,92.52680301161487,0.9781951714502264,-0.1898833700306484,0,0.36984781006043105,0.05038096914740618,0.7730941704035874,1.061258513880124,-0.029369475535647924,0.17996444002978265,0.05769335391243306,0.750373692077728,0.9345125128099194,-0.42526967641264674
eicu_floor540,244,2,555,435,2191,18,3.947747747747748,49,1.8888888888888888,0.6,163.90252484764505,0.9877651024743737,-0.006661537229606607,0,0.2755348547000291,0.053149300779905824,0.6828101644245141,0.7145533830721958,0.11164132142405715,0.2688733174704225,0.054388593509637005,0.7285500747384156,0.9913483895084025,-0.3954301198320179
eicu_floor540,244,2,555,555,2448,18,4.410810810810811,49,1.8888888888888888,0.5806451612903226,200.63628080536319,0.9909982217917095,-0.13168237327587023,0,0.20351938879380355,0.05928506212544439,0.6191330343796712,0.3910083947381704,0.005681872727955163,0.0718370155179333,0.08065249621327836,0.5345291479820629,0.057738005383636465,-0.6452831449260138
eicu_floor540,244,2,555,555,2448,18,4.410810810810811,49,1.8888888888888888,0.5806451612903226,64.93632827639729,0.9671417968071179,-0.27395938761086946,0,0.36984781006043105,0.05038096914740618,0.7730941704035874,1.061258513880124,-0.029369475535647924,0.09588842244956156,0.07168073655189909,0.6385650224215247,0.32271495086252183,-0.6191519096771121
eicu_floor540,244,2,555,555,2448,18,4.410810810810811,49,1.8888888888888888,0.5806451612903226,130.52958714985837,0.9842688106289208,-0.11237600855498317,0,0.2755348547000291,0.053149300779905824,0.6828101644245141,0.7145533830721958,0.11164132142405715,0.16315884614504592,0.06549649961452425,0.6439461883408071,0.46104226131994075,-0.5264194849250607
eicu_floor540,244,2,555,504,3133,18,5.645045045045045,49,1.8888888888888888,0.5483870967741935,144.93235526593156,0.9911767518827095,-0.1128681033484734,0,0.20351938879380355,0.05928506212544439,0.6191330343796712,0.3910083947381704,0.005681872727955163,0.09065128544533015,0.060942981154317656,0.5348281016442451,0.27582661241568707,-0.23869212990910957
eicu_floor540,244,2,555,504,3133,18,5.645045045045045,49,1.8888888888888888,0.5483870967741935,149.47602525941113,0.9872177014242491,-0.17788198595003518,0,0.36984781006043105,0.05038096914740618,0.7730941704035874,1.061258513880124,-0.029369475535647924,0.19196582411039587,0.057070705466112065,0.758744394618834,1.3291037723670036,-0.2996395167637086
eicu_floor540,244,2,555,504,3133,18,5.645045045045045,49,1.8888888888888888,0.5483870967741935,124.45681372733901,0.9845401532261125,-0.05301162922981237,0,0.2755348547000291,0.053149300779905824,0.6828101644245141,0.7145533830721958,0.11164132142405715,0.22252322547021672,0.055543821881205116,0.7088191330343797,1.0528500142720252,-0.1847183950552306
eicu_floor540,244,1,555,555,617,18,1.1117117117117117,49,1.8888888888888888,0.6428571428571429,42.77998680356856,0.9765919556691794,-0.06597292826920878,0,0.20351938879380355,0.05928506212544439,0.6191330343796712,0.3910083947381704,0.005681872727955163,0.13754646052459477,0.06144110146740676,0.4424514200298954,-0.22058379520413787,0.022323122545596596
eicu_floor540,244,1,555,555,617,18,1.1117117117117117,49,1.8888888888888888,0.6428571428571429,21.60000597327535,0.9482204561266661,-0.16255093085420796,0,0.36984781006043105,0.05038096914740618,0.7730941704035874,1.061258513880124,-0.029369475535647924,0.20729687920622308,0.05676143067700628,0.627204783258595,0.4796623081302975,-0.006408075542732984
eicu_floor540,244,1,555,555,617,18,1.1117117117117117,49,1.8888888888888888,0.6428571428571429,61.90627202415865,0.9837802757411018,-0.09725175587165369,0,0.2755348547000291,0.053149300779905824,0.6828101644245141,0.7145533830721958,0.11164132142405715,0.1782830988283754,0.05812872431539713,0.5440956651718983,0.1887584779854811,0.08537768617199792
eicu_floor540,248,3,861,392,1638,31,1.9024390243902438,87,1.967741935483871,0.5806451612903226,103.89295026245708,0.9747276626653322,0.05485066144425832,1,0.2629846049889506,0.06220307737824703,0.7394342576028623,0.5723123847161523,-0.05205877445696431,0.3178352664332089,0.05941152179228717,0.7680567978533094,0.647071365097489,-0.06991181482090335
eicu_floor540,248,3,861,392,1638,31,1.9024390243902438,87,1.967741935483871,0.5806451612903226,85.37893941098193,0.96775001809817,0.08448132942653608,1,0.29990951621718354,0.058509111055736265,0.747093023255814,0.7469633844775037,0.1575616397695659,0.3843908456437196,0.05488426151743775,0.7979651162790699,0.8147481950683373,0.090200910672722
eicu_floor540,248,3,861,392,1638,31,1.9024390243902438,87,1.967741935483871,0.5806451612903226,138.34651535840987,0.976027153756506,-0.10997095769732099,0,0.3542166732828097,0.05558665231959977,0.8393336314847943,1.154006165407517,0.1032905184643595,0.24424571558548872,0.05963964874909405,0.8268112701252236,0.9733515798359306,0.10535412869232595
eicu_floor540,248,4,861,487,5187,31,6.024390243902439,87,1.967741935483871,0.5263157894736842,162.52534367288666,0.9837906493563793,0.05849585491587167,1,0.2629846049889506,0.06220307737824703,0.7394342576028623,0.5723123847161523,-0.05205877445696431,0.32148045990482227,0.05943042900179551,0.7530187835420394,0.6228614487695159,-0.020107921166022686
eicu_floor540,248,4,861,487,5187,31,6.024390243902439,87,1.967741935483871,0.5405405405405406,89.50929544183403,0.9693514544256185,0.13194111364270544,1,0.29990951621718354,0.058509111055736265,0.747093023255814,0.7469633844775037,0.1575616397695659,0.431850629859889,0.051416426319714485,0.7804114490161002,0.7568609113162803,0.04641252443627176
eicu_floor540,248,4,861,487,5187,31,6.024390243902439,87,1.967741935483871,0.5405405405405406,145.42362945635153,0.9809564217925044,-0.06437212876775361,0,0.3542166732828097,0.05558665231959977,0.8393336314847943,1.154006165407517,0.1032905184643595,0.2898445445150561,0.0604006073600215,0.8216681574239714,0.8134155329952013,0.20947265587872257
eicu_floor540,248,3,861,605,1987,31,2.307781649245064,87,1.967741935483871,0.5128205128205128,65.69538911046608,0.9611334373407776,0.10430865115729726,1,0.2629846049889506,0.06220307737824703,0.7394342576028623,0.5723123847161523,-0.05205877445696431,0.36729325614624786,0.057476829238560304,0.7477638640429338,0.5957255534529404,-0.06320155310213005
eicu_floor540,248,3,861,605,1987,31,2.307781649245064,87,1.967741935483871,0.5128205128205128,81.84542457551639,0.9681474970842714,0.13593643331107425,1,0.29990951621718354,0.058509111055736265,0.747093023255814,0.7469633844775037,0.1575616397695659,0.4358459495282578,0.052601063816914234,0.8131708407871199,0.7310621067794993,0.06834791607745447
eicu_floor540,248,3,861,605,1987,31,2.307781649245064,87,1.967741935483871,0.5128205128205128,123.70752444579217,0.9825468318324909,-0.04689490064954982,0,0.3542166732828097,0.05558665231959977,0.8393336314847943,1.154006165407517,0.1032905184643595,0.3073217726332599,0.059475726794420786,0.8299418604651163,0.7832786139848458,0.0801157911286008
eicu_floor540,248,4,861,555,3365,31,3.908246225319396,87,1.967741935483871,0.47368421052631576,146.7703420805684,0.981421930901084,0.05269396617376765,1,0.2629846049889506,0.06220307737824703,0.7394342576028623,0.5723123847161523,-0.05205877445696431,0.31567857116271825,0.059176553890281564,0.7336762075134168,0.6310662833601554,-0.1117976320398832
eicu_floor540,248,4,861,555,3365,31,3.908246225319396,87,1.967741935483871,0.4864864864864865,147.00935043218948,0.979593134782377,0.11889920907894114,1,0.29990951621718354,0.058509111055736265,0.747093023255814,0.7469633844775037,0.1575616397695659,0.4188087252961247,0.053925204974496675,0.830948121645796,0.8533186575333809,-0.2916201806852824
eicu_floor540,248,4,861,555,3365,31,3.908246225319396,87,1.967741935483871,0.5,124.37111033118134,0.9824683983281359,-0.07672759133146445,0,0.3542166732828097,0.05558665231959977,0.8393336314847943,1.154006165407517,0.1032905184643595,0.27748908195134525,0.059325033810170326,0.8195438282647586,0.9853573899914676,-0.16973426526109017
eicu_floor540,248,2,861,446,1958,31,2.2740998838559814,87,1.967741935483871,0.5151515151515151,117.70041672120715,0.9839972839192342,0.07891201347000121,1,0.2629846049889506,0.06220307737824703,0.7394342576028623,0.5723123847161523,-0.05205877445696431,0.3418966184589518,0.06982145171753112,0.7625223613595707,0.5400937263054564,-0.8594841252445121
eicu_floor540,248,2,861,446,1958,31,2.2740998838559814,87,1.967741935483871,0.5151515151515151,37.62195815654894,0.9682452392593297,0.1218033739161235,1,0.29990951621718354,0.058509111055736265,0.747093023255814,0.7469633844775037,0.1575616397695659,0.42171289013330704,0.05992622784373445,0.8056797853309481,0.7489843657155346,-0.6823409132824049
eicu_floor540,248,2,861,446,1958,31,2.2740998838559814,87,1.967741935483871,0.5151515151515151,75.60152968687481,0.9824649078413203,-0.06441111514579534,0,0.3542166732828097,0.05558665231959977,0.8393336314847943,1.154006165407517,0.1032905184643595,0.28980555813701436,0.06356780826343007,0.8130590339892665,0.7679848523206418,-0.49197943702265995
eicu_floor540,248,4,861,569,3622,31,4.206736353077816,87,1.967741935483871,0.5,240.38869637130466,0.9897020170037966,0.12789713610586623,1,0.2629846049889506,0.06220307737824703,0.7394342576028623,0.5723123847161523,-0.05205877445696431,0.3908817410948168,0.057819723718620326,0.7694543828264758,0.6056492636652242,-0.2468859059825679
eicu_floor540,248,4,861,569,3622,31,4.206736353077816,87,1.967741935483871,0.5263157894736842,106.36421235231461,0.9825396129190509,0.1019277215813873,1,0.29990951621718354,0.058509111055736265,0.747093023255814,0.7469633844775037,0.1575616397695659,0.40183723779857083,0.05432113413851667,0.7849955277280859,0.7743278517649588,-0.03127974236263646
eicu_floor540,248,4,861,569,3622,31,4.206736353077816,87,1.967741935483871,0.5,136.12144134742755,0.9831037615017554,-0.0890953999141505,0,0.3542166732828097,0.05558665231959977,0.8393336314847943,1.154006165407517,0.1032905184643595,0.2651212733686592,0.06107972028539061,0.8256932021466905,0.7936954049848214,0.07273149071787692
eicu_floor540,248,4,861,437,2584,31,3.0011614401858306,87,1.967741935483871,0.4634146341463415,146.9512147863269,0.9762911412989776,-0.2033152313412463,0,0.2629846049889506,0.06220307737824703,0.7394342576028623,0.5723123847161523,-0.05205877445696431,0.07478631101021993,0.07031336600455336,0.3567754919499106,-0.14781125590625713,1.4870528569327452
eicu_floor540,248,4,861,437,2584,31,3.0011614401858306,87,1.967741935483871,0.475,90.35622683455959,0.9708619694404783,-0.24553382108314087,0,0.29990951621718354,0.058509111055736265,0.747093023255814,0.7469633844775037,0.1575616397695659,0.055463788828579025,0.07171837218915426,0.33184257602862255,-0.16857865377000744,1.212906297285302
eicu_floor540,248,4,861,437,2584,31,3.0011614401858306,87,1.967741935483871,0.4634146341463415,121.5726394149067,0.9735947616473655,-0.2550542527469085,0,0.3542166732828097,0.05558665231959977,0.8393336314847943,1.154006165407517,0.1032905184643595,0.08643438036761861,0.4764929428926294,0.6025268336314848,0.02036442973204756,-15.523358424770553
eicu_floor540,248,3,861,423,2384,31,2.7688734030197444,87,1.967741935483871,0.6774193548387096,151.5404653194929,0.9802033074553711,0.022354825472029327,1,0.2629846049889506,0.06220307737824703,0.7394342576028623,0.5723123847161523,-0.05205877445696431,0.2853394304609799,0.07803470661946768,0.7625782647584973,0.5841935782621157,-1.0797219688924269
eicu_floor540,248,3,861,423,2384,31,2.7688734030197444,87,1.967741935483871,0.6774193548387096,124.78961089918545,0.9772244705511658,0.010341614706396829,1,0.29990951621718354,0.058509111055736265,0.747093023255814,0.7469633844775037,0.1575616397695659,0.31025113092358036,0.08510835508763329,0.7597271914132379,0.7280643941552224,-1.3887055748437414
eicu_floor540,248,3,861,423,2384,31,2.7688734030197444,87,1.967741935483871,0.6774193548387096,95.81923610631235,0.9699777477531334,-0.0450832671478667,0,0.3542166732828097,0.05558665231959977,0.8393336314847943,1.154006165407517,0.1032905184643595,0.309133406134943,0.0711155488520572,0.7761627906976745,0.7696895130965311,-0.9172020143638204
eicu_floor540,248,3,861,458,2659,31,3.088269454123113,87,1.967741935483871,0.5294117647058824,62.13021341349578,0.9630695196146803,0.035645050663804856,1,0.2629846049889506,0.06220307737824703,0.7394342576028623,0.5723123847161523,-0.05205877445696431,0.29862965565275545,0.059181386381051686,0.7648144007155634,0.6927924682715261,0.0028106396252176795
eicu_floor540,248,3,861,458,2659,31,3.088269454123113,87,1.967741935483871,0.5294117647058824,48.84429403554723,0.9506903775733122,0.10783782832843786,1,0.29990951621718354,0.058509111055736265,0.747093023255814,0.7469633844775037,0.1575616397695659,0.4077473445456214,0.05382962526633518,0.8035554561717353,0.7621786304027794,0.046408484052072506
eicu_floor540,248,3,861,458,2659,31,3.088269454123113,87,1.967741935483871,0.5588235294117647,48.05963121510747,0.9595625761967717,-0.0379704503327597,0,0.3542166732828097,0.05558665231959977,0.8393336314847943,1.154006165407517,0.1032905184643595,0.31624622295005,0.05775967768039874,0.8325134168157424,0.994909907795699,0.06532841317216183
eicu_floor540,248,4,861,835,4144,31,4.813008130081301,87,1.967741935483871,0.425,157.09330550921857,0.9791354007091246,0.058297231885094,1,0.2629846049889506,0.06220307737824703,0.7394342576028623,0.5723123847161523,-0.05205877445696431,0.3212818368740446,0.0707975691804056,0.7610688729874777,0.5906919887536666,-0.7912512911721995
eicu_floor540,248,4,861,835,4144,31,4.813008130081301,87,1.967741935483871,0.425,96.08168376991681,0.9805216075975363,0.15192972169138796,1,0.29990951621718354,0.058509111055736265,0.747093023255814,0.7469633844775037,0.1575616397695659,0.4518392379085715,0.05391946217101962,0.8192084078711986,0.8368945049671787,-0.5687050578145495
eicu_floor540,248,4,861,835,4144,31,4.813008130081301,87,1.967741935483871,0.425,87.2714700974627,0.9677524927080072,-0.050506349677574724,0,0.3542166732828097,0.05558665231959977,0.8393336314847943,1.154006165407517,0.1032905184643595,0.303710323605235,0.06491579051028964,0.8185375670840787,0.8144501724985295,-0.6267436279969115
eicu_floor540,248,4,861,387,2681,31,3.113821138211382,87,1.967741935483871,0.43902439024390244,172.74444030008786,0.9790538321709928,0.07512829022337753,1,0.2629846049889506,0.06220307737824703,0.7394342576028623,0.5723123847161523,-0.05205877445696431,0.3381128952123281,0.06821140445806786,0.7934928443649374,0.5600612525946573,-0.5131524365782806
eicu_floor540,248,4,861,387,2681,31,3.113821138211382,87,1.967741935483871,0.43902439024390244,177.08272069976152,0.9816780963656626,0.13679238827456647,1,0.29990951621718354,0.058509111055736265,0.747093023255814,0.7469633844775037,0.1575616397695659,0.43670190449175,0.056977492020666175,0.8057915921288014,0.692232265688931,-0.44629380744097696
eicu_floor540,248,4,861,387,2681,31,3.113821138211382,87,1.967741935483871,0.43902439024390244,119.48860201310194,0.9666691654329952,-0.15898324427851837,0,0.3542166732828097,0.05558665231959977,0.8393336314847943,1.154006165407517,0.1032905184643595,0.19523342900429133,0.07245932506297723,0.8005366726296959,0.5628644387159222,-0.37754052325847565
eicu_floor540,248,3,861,605,2412,31,2.8013937282229966,87,1.967741935483871,0.525,102.72324648531333,0.974066364972096,0.02558485927749149,1,0.2629846049889506,0.06220307737824703,0.7394342576028623,0.5723123847161523,-0.05205877445696431,0.2885694642664421,0.06150316486347387,0.729762969588551,0.5874120828956209,-0.21040845010166645
eicu_floor540,248,3,861,605,2412,31,2.8013937282229966,87,1.967741935483871,0.5121951219512195,120.27462191587941,0.9833093133504257,0.14411455331321305,1,0.29990951621718354,0.058509111055736265,0.747093023255814,0.7469633844775037,0.1575616397695659,0.4440240695303966,0.051059990848712954,0.787902504472272,0.7933274686335624,-0.012831139116849284
eicu_floor540,248,3,861,605,2412,31,2.8013937282229966,87,1.967741935483871,0.5121951219512195,142.97743166233255,0.9792186392025276,-0.12447717264458452,0,0.3542166732828097,0.05558665231959977,0.8393336314847943,1.154006165407517,0.1032905184643595,0.22973950063822518,0.06175277085152456,0.7328935599284436,0.6575320940630791,0.06322203913126669
eicu_floor540,252,4,1561,392,5455,36,3.4945547725816786,282,5.472222222222222,0.4634146341463415,129.3404846581203,0.9807708662606506,0.029275972936161687,1,0.36621217773547693,0.09747846422932435,0.73772159548751,0.6951438549135373,0.027806648300924976,0.3954881506716386,0.0971015638315695,0.7607272360999194,0.7871919116675234,0.5329771379973359
eicu_floor540,252,4,1561,392,5455,34,3.4945547725816786,282,5.794117647058823,0.4634146341463415,119.35763123782617,0.9735840520839473,0.0034346048793774675,1,0.3764895049849705,0.09721213248027717,0.7336422240128928,0.8767259355508097,0.004868861830262082,0.379924109864348,0.09729138826289603,0.7448630136986301,0.7395355527459414,0.45441404327639273
eicu_floor540,252,4,1561,392,5455,33,3.4945547725816786,282,5.96969696969697,0.4634146341463415,103.1903707431741,0.9744070759889072,0.0355367505766957,1,0.33888570120920225,0.0995362355012806,0.7223408541498791,0.6455237536444611,0.0016787187379895302,0.37442245178589795,0.09853717582674687,0.7441780821917808,0.624297008520897,0.3299668963891669
eicu_floor540,252,4,1561,408,6098,36,3.906470211402947,282,5.472222222222222,0.5135135135135135,163.9464636271706,0.979785330953447,-0.0034078827377235776,0,0.36621217773547693,0.09747846422932435,0.73772159548751,0.6951438549135373,0.027806648300924976,0.36280429499775335,0.0998606284665004,0.7394742143432714,0.7310075820098982,0.5567804135621505
eicu_floor540,252,4,1561,408,6098,34,3.906470211402947,282,5.794117647058823,0.5428571428571428,109.05822528808554,0.9635108087247799,-0.02722374470871286,0,0.3764895049849705,0.09721213248027717,0.7336422240128928,0.8767259355508097,0.004868861830262082,0.34926576027625766,0.10173869663216113,0.7160556003223206,0.7755690506084293,0.6752489161085955
eicu_floor540,252,4,1561,408,6098,33,3.906470211402947,282,5.96969696969697,0.5588235294117647,102.9339958794668,0.9802305832840988,-0.021252254792227032,0,0.33888570120920225,0.0995362355012806,0.7223408541498791,0.6455237536444611,0.0016787187379895302,0.3176334464169752,0.10369845907185486,0.7192586623690572,0.6611333764175346,0.6791567254228844
eicu_floor540,252,4,1561,409,1789,36,1.1460602178090968,282,5.472222222222222,0.5,79.47859957349485,0.9617289076015858,0.020355834797104122,1,0.36621217773547693,0.09747846422932435,0.73772159548751,0.6951438549135373,0.027806648300924976,0.38656801253258105,0.09719863178964477,0.7419117647058824,0.8044343696488935,0.40781271713493367
eicu_floor540,252,4,1561,409,1789,34,1.1460602178090968,282,5.794117647058823,0.48717948717948717,76.23039478832884,0.9740321532607116,0.032798257244842643,1,0.3764895049849705,0.09721213248027717,0.7336422240128928,0.8767259355508097,0.004868861830262082,0.40928776222981317,0.09458760197290139,0.7437953263497179,0.7783045056444681,0.1555121793873738
eicu_floor540,252,4,1561,409,1789,33,1.1460602178090968,282,5.96969696969697,0.5135135135135135,80.78784254807833,0.9787843068187457,0.059593067496187146,1,0.33888570120920225,0.0995362355012806,0.7223408541498791,0.6455237536444611,0.0016787187379895302,0.3984787687053894,0.09486613119281871,0.7574133763094278,0.7441082574140694,0.293735335045134
eicu_floor540,252,3,1561,504,3336,36,2.137091607943626,282,5.472222222222222,0.5526315789473685,91.9116943758522,0.9710283468773075,0.015615029531035107,1,0.36621217773547693,0.09747846422932435,0.73772159548751,0.6951438549135373,0.027806648300924976,0.38182720726651204,0.09622829069306597,0.7376007252215955,0.6495762308159919,0.2503216850825291
eicu_floor540,252,3,1561,504,3336,34,2.137091607943626,282,5.794117647058823,0.5675675675675675,64.89896486937334,0.9686672126881261,0.051377679998786174,1,0.3764895049849705,0.09721213248027717,0.7336422240128928,0.8767259355508097,0.004868861830262082,0.4278671849837567,0.09364566252478618,0.7641619661563255,0.7773784281636171,-0.08112025435415114
eicu_floor540,252,3,1561,504,3336,33,2.137091607943626,282,5.96969696969697,0.5833333333333334,102.84692170756368,0.9794829242196044,0.04410372483482794,1,0.33888570120920225,0.0995362355012806,0.7223408541498791,0.6455237536444611,0.0016787187379895302,0.3829894260440302,0.09887907264489909,0.7525987107171637,0.5827357258543019,-0.06467685695124609
eicu_floor540,252,2,1561,539,1855,36,1.188340807174888,282,5.472222222222222,0.625,31.42586267568445,0.9432624237578474,-0.008600198911607904,0,0.36621217773547693,0.09747846422932435,0.73772159548751,0.6951438549135373,0.027806648300924976,0.357611978823869,0.09950106797371788,0.7342767929089443,0.6511609388246311,0.2913420556402327
eicu_floor540,252,2,1561,539,1855,34,1.188340807174888,282,5.794117647058823,0.6578947368421053,67.38750911875546,0.9817465071309799,0.004079307191898307,1,0.3764895049849705,0.09721213248027717,0.7336422240128928,0.8767259355508097,0.004868861830262082,0.38056881217686883,0.09716398402236327,0.7134770346494763,0.7125399329942207,0.25713948920214613
eicu_floor540,252,2,1561,539,1855,33,1.188340807174888,282,5.96969696969697,0.6756756756756757,87.48919463625774,0.9781892753902204,0.03737225670477229,1,0.33888570120920225,0.0995362355012806,0.7223408541498791,0.6455237536444611,0.0016787187379895302,0.37625795791397454,0.09669633495044348,0.7205278001611604,0.7124097560521208,0.3180119621515594
eicu_floor540,252,2,1561,910,2422,36,1.5515695067264574,282,5.472222222222222,0.4444444444444444,201.19299987397585,0.9920159130301611,0.016260918511879607,1,0.36621217773547693,0.09747846422932435,0.73772159548751,0.6951438549135373,0.027806648300924976,0.38247309624735654,0.09656399880585488,0.7552074939564868,0.6262642005035337,0.055864044993514245
eicu_floor540,252,2,1561,910,2422,34,1.5515695067264574,282,5.794117647058823,0.45714285714285713,188.2961527296818,0.9933487576566673,0.05339117779736119,1,0.3764895049849705,0.09721213248027717,0.7336422240128928,0.8767259355508097,0.004868861830262082,0.4298806827823317,0.09299008141283989,0.7716962127316681,0.8047487317994996,-0.16112648747952657
eicu_floor540,252,2,1561,910,2422,33,1.5515695067264574,282,5.96969696969697,0.45714285714285713,147.2915161831649,0.9923353751277899,0.03780500093790251,1,0.33888570120920225,0.0995362355012806,0.7223408541498791,0.6455237536444611,0.0016787187379895302,0.37669070214710476,0.1002958278270747,0.7520346494762289,0.6003403924757279,-0.1670746448718045
eicu_floor540,252,3,1561,555,2359,36,1.5112107623318385,282,5.472222222222222,0.6486486486486487,101.59947301516021,0.9848744614540454,-0.008452386337297113,0,0.36621217773547693,0.09747846422932435,0.73772159548751,0.6951438549135373,0.027806648300924976,0.3577597913981798,0.09927051606276367,0.7365128928283642,0.5200189085181018,0.40743290903319895
eicu_floor540,252,3,1561,555,2359,34,1.5112107623318385,282,5.794117647058823,0.6857142857142857,94.12754508616581,0.976296736021844,0.006755435253341102,1,0.3764895049849705,0.09721213248027717,0.7336422240128928,0.8767259355508097,0.004868861830262082,0.3832449402383116,0.09722260093780027,0.7379734085414987,0.7356428463047762,0.3964072074407142
eicu_floor540,252,3,1561,555,2359,33,1.5112107623318385,282,5.96969696969697,0.7058823529411765,89.37785712599714,0.9755934867691453,-0.02365240798212559,0,0.33888570120920225,0.0995362355012806,0.7223408541498791,0.6455237536444611,0.0016787187379895302,0.31523329322707666,0.10317742604407791,0.7232675261885577,0.5374007515015299,0.3869502049661652
eicu_floor540,252,2,1561,555,1172,36,0.7508007687379885,282,5.472222222222222,0.47368421052631576,91.14301955877423,0.9856231619398537,0.01675781866061249,1,0.36621217773547693,0.09747846422932435,0.73772159548751,0.6951438549135373,0.027806648300924976,0.3829699963960894,0.09647231938585885,0.7407634971796939,0.6707838576129818,0.23458455202097034
eicu_floor540,252,2,1561,555,1172,34,0.7508007687379885,282,5.794117647058823,0.4864864864864865,50.328880145096775,0.9701915979880144,0.051937525758755265,1,0.3764895049849705,0.09721213248027717,0.7336422240128928,0.8767259355508097,0.004868861830262082,0.4284270307437258,0.09471651839929898,0.7620265914585012,0.7921875953833227,-0.25145935221808907
eicu_floor540,252,2,1561,555,1172,33,0.7508007687379885,282,5.96969696969697,0.5,246.43664010002905,0.9931649363433718,0.07381742709373335,1,0.33888570120920225,0.0995362355012806,0.7223408541498791,0.6455237536444611,0.0016787187379895302,0.4127031283029356,0.09544214830171557,0.7648670427074941,0.644654491412146,-0.13349799938065585
eicu_floor540,252,2,1561,555,2316,36,1.4836643177450353,282,5.472222222222222,0.47368421052631576,244.5726471630377,0.9917942348739761,-0.004164755531130715,0,0.36621217773547693,0.09747846422932435,0.73772159548751,0.6951438549135373,0.027806648300924976,0.3620474222043462,0.09830866284475134,0.7407030620467364,0.6458732251904866,0.3191103069550437
eicu_floor540,252,2,1561,555,2316,34,1.4836643177450353,282,5.794117647058823,0.5,92.44468494719322,0.977382203345141,0.01135467843551835,1,0.3764895049849705,0.09721213248027717,0.7336422240128928,0.8767259355508097,0.004868861830262082,0.3878441834204889,0.09610524031622764,0.734709911361805,0.9076651728893762,0.23676066142241733
eicu_floor540,252,2,1561,555,2316,33,1.4836643177450353,282,5.96969696969697,0.5142857142857142,84.08160732141297,0.9754700473841986,-0.005756347858486832,0,0.33888570120920225,0.0995362355012806,0.7223408541498791,0.6455237536444611,0.0016787187379895302,0.3331293533507154,0.10048427966165427,0.7320709105560033,0.6648074111248298,0.32881622273583233
eicu_floor540,252,1,1561,383,383,36,0.2453555413196669,282,5.472222222222222,0.7222222222222222,17.316868009457508,0.9420073263339751,0.014579351598373924,1,0.36621217773547693,0.09747846422932435,0.73772159548751,0.6951438549135373,0.027806648300924976,0.38079152933385085,0.09640783013340672,0.7493049959709911,0.675599166175601,0.26365840365624355
eicu_floor540,252,1,1561,383,383,34,0.2453555413196669,282,5.794117647058823,0.7647058823529411,33.67965919897611,0.9696801803468429,0.0174903129738318,1,0.3764895049849705,0.09721213248027717,0.7336422240128928,0.8767259355508097,0.004868861830262082,0.3939798179588023,0.09580220441838028,0.7420628525382755,0.8994459168723492,0.2732711527963259
eicu_floor540,252,1,1561,383,383,33,0.2453555413196669,282,5.96969696969697,0.7878787878787878,22.640991080592975,0.9555007708430023,0.010294234126887236,1,0.33888570120920225,0.0995362355012806,0.7223408541498791,0.6455237536444611,0.0016787187379895302,0.3491799353360895,0.0992940092528078,0.7325745366639808,0.6494375881992978,0.2948070440873419
eicu_floor540,252,2,1561,590,1524,36,0.9762972453555413,282,5.472222222222222,0.6097560975609756,23.678245505529723,0.9155342823211742,0.007849136803532164,1,0.36621217773547693,0.09747846422932435,0.73772159548751,0.6951438549135373,0.027806648300924976,0.3740613145390091,0.10035918913125662,0.7564161966156326,0.7501342087720131,0.5472183559944793
eicu_floor540,252,2,1561,590,1524,34,0.9762972453555413,282,5.794117647058823,0.625,40.514336745256166,0.9562594996026229,0.03604894695133898,1,0.3764895049849705,0.09721213248027717,0.7336422240128928,0.8767259355508097,0.004868861830262082,0.4125384519363095,0.09635170946816733,0.7582191780821917,0.7296827043360836,0.38196676110591277
eicu_floor540,252,2,1561,590,1524,33,0.9762972453555413,282,5.96969696969697,0.6410256410256411,58.138541334809204,0.9734208936936081,0.01884594718796523,1,0.33888570120920225,0.0995362355012806,0.7223408541498791,0.6455237536444611,0.0016787187379895302,0.3577316483971675,0.09904699158966984,0.7430298146655923,0.7585514300707409,0.4643406061801154
eicu_floor540,252,2,1561,485,1419,36,0.9090326713645099,282,5.472222222222222,0.631578947368421,42.84635527777657,0.9559904759895236,0.013055159604292044,1,0.36621217773547693,0.09747846422932435,0.73772159548751,0.6951438549135373,0.027806648300924976,0.379267337339769,0.09842253791244013,0.7525483481063658,0.8492521483284426,0.4949249906537466
eicu_floor540,252,2,1561,485,1419,34,0.9090326713645099,282,5.794117647058823,0.631578947368421,59.14480571376444,0.9727437325127701,-0.015584766543471129,0,0.3764895049849705,0.09721213248027717,0.7336422240128928,0.8767259355508097,0.004868861830262082,0.3609047384414994,0.09988179103868929,0.7344681708299758,0.908140678568814,0.5057380477548441
eicu_floor540,252,2,1561,485,1419,33,0.9090326713645099,282,5.96969696969697,0.6857142857142857,60.06244905701121,0.9763303827372616,-0.015919058371383688,0,0.33888570120920225,0.0995362355012806,0.7223408541498791,0.6455237536444611,0.0016787187379895302,0.32296664283781856,0.10229864493883313,0.7245366639806607,0.7761339928780508,0.4913593793509057
eicu_floor540,264,4,2629,392,2309,25,0.8782807151007987,319,8.92,0.5588235294117647,213.69727286657394,0.9812819323974364,-0.01822192190381286,0,0.22784162194204494,0.07305644273150513,0.7045179263565892,0.8784012588512135,0.028742475077218145,0.20961970003823208,0.08001845472725759,0.7136728843669251,0.5653808744881055,-0.4429542051445314
eicu_floor540,264,4,2629,392,2309,25,0.8782807151007987,319,8.92,0.5588235294117647,79.4457112682988,0.9660672154799945,0.006615819655627825,1,0.21802537619958215,0.07295103036824843,0.7529978197674418,1.038246162014583,-0.02516544196967172,0.22464119585520997,0.08151779043388369,0.7537851259689924,0.5533490050058498,-0.5165591033287555
eicu_floor540,264,4,2629,392,2309,25,0.8782807151007987,319,8.92,0.5588235294117647,98.74189352785787,0.9593130430164855,0.009375966056006713,1,0.2269578567175724,0.0736789607512646,0.7487786660206719,0.9059096779628097,0.02168743814602744,0.23633382277357912,0.07775254230820472,0.765392845607235,0.6380355448123998,-0.4500826788644793
eicu_floor540,264,2,2629,1464,4503,25,1.712818562190947,319,8.92,0.59375,141.3297831221743,0.9858487011313739,0.01042543249082764,1,0.22784162194204494,0.07305644273150513,0.7045179263565892,0.8784012588512135,0.028742475077218145,0.23826705443287258,0.07814504249737424,0.7049620478036176,0.6305754427213838,-0.39069170067532893
eicu_floor540,264,2,2629,1464,4503,25,1.712818562190947,319,8.92,0.5277777777777778,141.80643235299078,0.9858962674202146,0.10080511813363704,1,0.21802537619958215,0.07295103036824843,0.7529978197674418,1.038246162014583,-0.02516544196967172,0.3188304943332192,0.06941271852640926,0.7723171027131783,0.9262160844554742,-0.39189535439953355
eicu_floor540,264,2,2629,1464,4503,25,1.712818562190947,319,8.92,0.59375,114.19133756779206,0.9832331392161416,0.012061721356106947,1,0.2269578567175724,0.0736789607512646,0.7487786660206719,0.9059096779628097,0.02168743814602744,0.23901957807367935,0.07558224434979639,0.7219698804909562,0.6527306630745157,-0.3583183763992059
eicu_floor540,264,4,2629,423,3129,25,1.1901863826550019,319,8.92,0.4358974358974359,133.62310889821717,0.9790325070169058,0.004183663636409984,1,0.22784162194204494,0.07305644273150513,0.7045179263565892,0.8784012588512135,0.028742475077218145,0.23202528557845492,0.08071816494934896,0.702751534237726,0.5731539154119311,-0.49762574626002676
eicu_floor540,264,4,2629,423,3129,25,1.1901863826550019,319,8.92,0.4358974358974359,156.16894990633511,0.9868961579244504,0.025633894486794984,1,0.21802537619958215,0.07295103036824843,0.7529978197674418,1.038246162014583,-0.02516544196967172,0.24365927068637713,0.0986603052043909,0.7425407784237725,0.5610771341406111,-1.2704849847334956
eicu_floor540,264,4,2629,423,3129,25,1.1901863826550019,319,8.92,0.4358974358974359,151.8352711505649,0.9835949103843079,0.03190953664872964,1,0.2269578567175724,0.0736789607512646,0.7487786660206719,0.9059096779628097,0.02168743814602744,0.25886739336630205,0.08854332101869423,0.7337290051679586,0.5209246788640004,-0.9477746723684108
eicu_floor540,264,3,2629,408,2411,25,0.9170787371624192,319,8.92,0.5142857142857142,118.59506686770646,0.9811159618296043,-0.03146153075187505,0,0.22784162194204494,0.07305644273150513,0.7045179263565892,0.8784012588512135,0.028742475077218145,0.1963800911901699,0.080124825462476,0.694424257105943,0.44544701703455936,-0.22074150479498533
eicu_floor540,264,3,2629,408,2411,25,0.9170787371624192,319,8.92,0.46153846153846156,118.814140786591,0.9818139942636444,0.022913945537855307,1,0.21802537619958215,0.07295103036824843,0.7529978197674418,1.038246162014583,-0.02516544196967172,0.24093932173743746,0.07593774663947601,0.7525032299741603,0.5897369335808403,-0.2290617573155066
eicu_floor540,264,3,2629,408,2411,25,0.9170787371624192,319,8.92,0.5142857142857142,75.84141437295074,0.9735803984868843,0.006633965346684978,1,0.2269578567175724,0.0736789607512646,0.7487786660206719,0.9059096779628097,0.02168743814602744,0.23359182206425738,0.07530068558805138,0.7083535206718348,0.5383423587053654,-0.13562716325748875
eicu_floor540,264,3,2629,788,4582,25,1.7428680106504375,319,8.92,0.5675675675675675,191.1171669015034,0.9843028229821651,0.027825245448245883,1,0.22784162194204494,0.07305644273150513,0.7045179263565892,0.8784012588512135,0.028742475077218145,0.2556668673902908,0.08569841289043935,0.6885295542635659,0.531397803230479,-0.8448937977130659
eicu_floor540,264,3,2629,788,4582,25,1.7428680106504375,319,8.92,0.5675675675675675,329.92699116433516,0.9909070792013324,0.13933406872345064,1,0.21802537619958215,0.07295103036824843,0.7529978197674418,1.038246162014583,-0.02516544196967172,0.3573594449230328,0.07996573745278597,0.7883054748062015,0.6368089472160747,-1.0231400592779347
eicu_floor540,264,3,2629,788,4582,25,1.7428680106504375,319,8.92,0.5675675675675675,181.79032867448726,0.9834974719399304,0.06735966002097687,1,0.2269578567175724,0.0736789607512646,0.7487786660206719,0.9059096779628097,0.02168743814602744,0.2943175167385493,0.08118357331742278,0.7430656492248062,0.5768090254600801,-0.8279757225043467
eicu_floor540,264,2,2629,694,1450,25,0.5515405096995055,319,8.92,0.5121951219512195,98.07532856942505,0.9814898992228889,0.014151083237165685,1,0.22784162194204494,0.07305644273150513,0.7045179263565892,0.8784012588512135,0.028742475077218145,0.24199270517921062,0.07665405166707748,0.7179828811369509,0.6892361238600433,-0.37738004228639577
eicu_floor540,264,2,2629,694,1450,25,0.5515405096995055,319,8.92,0.5121951219512195,101.19766739040355,0.980236698615944,0.10622560406507478,1,0.21802537619958215,0.07295103036824843,0.7529978197674418,1.038246162014583,-0.02516544196967172,0.32425098026465693,0.06915003284022403,0.7702680878552972,0.9515960039808696,-0.3041073024278139
eicu_floor540,264,2,2629,694,1450,25,0.5515405096995055,319,8.92,0.5121951219512195,216.13084021883373,0.9908474153508712,0.03947537570607457,1,0.2269578567175724,0.0736789607512646,0.7487786660206719,0.9059096779628097,0.02168743814602744,0.26643323242364697,0.07290926320159967,0.7597000161498708,0.763063854945429,-0.3653537064058844
eicu_floor540,264,4,2629,917,5341,25,2.0315709395207304,319,8.92,0.5428571428571428,248.47167456053856,0.9877640561946117,-0.0017266400972106855,0,0.22784162194204494,0.07305644273150513,0.7045179263565892,0.8784012588512135,0.028742475077218145,0.22611498184483425,0.0831617377297417,0.7050831718346253,0.5602385404183261,-0.6804637672882552
eicu_floor540,264,4,2629,917,5341,25,2.0315709395207304,319,8.92,0.5428571428571428,158.01415993705768,0.9885226545085737,0.08091876148053792,1,0.21802537619958215,0.07295103036824843,0.7529978197674418,1.038246162014583,-0.02516544196967172,0.29894413768012007,0.07396625419686041,0.7752947351421189,0.8519801170201162,-0.624009211848948
eicu_floor540,264,4,2629,917,5341,25,2.0315709395207304,319,8.92,0.5428571428571428,240.59610065243405,0.9884241375799844,0.016152978511771998,1,0.2269578567175724,0.0736789607512646,0.7487786660206719,0.9059096779628097,0.02168743814602744,0.2431108352293444,0.08243457861472321,0.7475169573643412,0.6055360700597219,-0.72632006825896
eicu_floor540,264,2,2629,885,1936,25,0.7364016736401674,319,8.92,0.6923076923076923,43.31293523613988,0.964308082068065,0.008676185986204066,1,0.22784162194204494,0.07305644273150513,0.7045179263565892,0.8784012588512135,0.028742475077218145,0.236517807928249,0.07434355659913537,0.7211724806201549,0.8351279886620337,-0.288899802184112
eicu_floor540,264,2,2629,885,1936,25,0.7364016736401674,319,8.92,0.6923076923076923,133.29177593458675,0.9902323802050293,0.03774093190940206,1,0.21802537619958215,0.07295103036824843,0.7529978197674418,1.038246162014583,-0.02516544196967172,0.2557663081089842,0.07109857212061728,0.7621224967700259,1.0710709037210198,-0.1925516444253079
eicu_floor540,264,2,2629,885,1936,25,0.7364016736401674,319,8.92,0.6923076923076923,48.9290584563681,0.9620163263205257,0.013844283990791684,1,0.2269578567175724,0.0736789607512646,0.7487786660206719,0.9059096779628097,0.02168743814602744,0.2408021407083641,0.0725894957250114,0.767704295865633,0.9468787625895739,-0.15034697791628648
eicu_floor540,264,4,2629,505,2674,25,1.0171167744389502,319,8.92,0.4864864864864865,129.19703610725784,0.9835894982676442,0.033642338844000086,1,0.22784162194204494,0.07305644273150513,0.7045179263565892,0.8784012588512135,0.028742475077218145,0.261483960786045,0.07468507672412698,0.7474967700258397,0.7784500140554148,-0.3630205115548877
eicu_floor540,264,4,2629,505,2674,25,1.0171167744389502,319,8.92,0.43902439024390244,150.2424554294073,0.9765207095339828,0.08104059074880085,1,0.21802537619958215,0.07295103036824843,0.7529978197674418,1.038246162014583,-0.02516544196967172,0.299065966948383,0.07189986318689723,0.7583272771317829,0.7322489874895747,-0.3309681840828834
eicu_floor540,264,4,2629,505,2674,25,1.0171167744389502,319,8.92,0.46153846153846156,159.58926164796293,0.9812899493865676,0.06984869504721691,1,0.2269578567175724,0.0736789607512646,0.7487786660206719,0.9059096779628097,0.02168743814602744,0.2968065517647893,0.07114702424871364,0.7814720607235143,0.8145693063036994,-0.29170622984543887
eicu_floor540,264,2,2629,539,2126,25,0.8086724990490681,319,8.92,0.5882352941176471,112.62197649098286,0.9820541157922963,-0.028383154432749913,0,0.22784162194204494,0.07305644273150513,0.7045179263565892,0.8784012588512135,0.028742475077218145,0.19945846750929502,0.07633559138510321,0.7079497739018088,0.6167336760580392,-0.0728129268273076
eicu_floor540,264,2,2629,539,2126,25,0.8086724990490681,319,8.92,0.5882352941176471,103.98328314284468,0.9825514062725059,-0.008462352156371783,0,0.21802537619958215,0.07295103036824843,0.7529978197674418,1.038246162014583,-0.02516544196967172,0.20956302404321037,0.07662314450916433,0.7269965277777779,0.5760231491785741,-0.11884478177237799
eicu_floor540,264,2,2629,539,2126,25,0.8086724990490681,319,8.92,0.5882352941176471,51.2558861011901,0.9682814708655467,0.008752015770011778,1,0.2269578567175724,0.0736789607512646,0.7487786660206719,0.9059096779628097,0.02168743814602744,0.23570987248758418,0.07313617729670263,0.7493136304909561,0.8731535929973099,0.025801900462965516
eicu_floor540,264,2,2629,724,2490,25,0.9471281856219095,319,8.92,0.7586206896551724,118.07048197006279,0.9830609652249315,-0.011981579185074143,0,0.22784162194204494,0.07305644273150513,0.7045179263565892,0.8784012588512135,0.028742475077218145,0.2158600427569708,0.07760659749527808,0.7020046027131783,0.663503525241739,-0.41961237705117344
eicu_floor540,264,2,2629,724,2490,25,0.9471281856219095,319,8.92,0.8148148148148148,111.66198178884952,0.9820888007900311,-0.0009709858879660693,0,0.21802537619958215,0.07295103036824843,0.7529978197674418,1.038246162014583,-0.02516544196967172,0.21705439031161608,0.07971328617490438,0.7419856266149871,0.692356707357389,-0.5303851257419266
eicu_floor540,264,2,2629,724,2490,25,0.9471281856219095,319,8.92,0.8148148148148148,128.58215782327372,0.9905152260869294,0.021351124019257206,1,0.2269578567175724,0.0736789607512646,0.7487786660206719,0.9059096779628097,0.02168743814602744,0.2483089807368296,0.07459772141100598,0.7826328326873385,0.7235874558426167,-0.39888104551049786
eicu_floor540,264,1,2629,605,605,25,0.2301255230125523,319,8.92,0.5675675675675675,19.687015360657814,0.9492050988085079,0.004922578831878438,1,0.22784162194204494,0.07305644273150513,0.7045179263565892,0.8784012588512135,0.028742475077218145,0.23276420077392337,0.07508260039573879,0.6729953972868217,0.5220713407944082,0.041318930563081266
eicu_floor540,264,1,2629,605,605,25,0.2301255230125523,319,8.92,0.5675675675675675,15.631701178398782,0.936027436259984,0.08365558189084779,1,0.21802537619958215,0.07295103036824843,0.7529978197674418,1.038246162014583,-0.02516544196967172,0.30168095809042994,0.07129943509712482,0.7352127745478036,0.4844884373407247,-0.19136711208549922
eicu_floor540,264,1,2629,605,605,25,0.2301255230125523,319,8.92,0.5675675675675675,18.045655899624602,0.9445850012012695,0.015885338779518476,1,0.2269578567175724,0.0736789607512646,0.7487786660206719,0.9059096779628097,0.02168743814602744,0.24284319549709088,0.07966645471109712,0.6858244509043928,0.4270679432154768,-0.25447101046924714
eicu_floor540,271,4,408,408,4938,30,12.102941176470589,34,0.8,0.5128205128205128,296.67551779739546,0.9894400846103867,0.24156351360381723,1,0.09691672731509028,0.0642583330032371,0.5987878787878788,0.09192022049200888,0.36877809797840067,0.3384802409189075,0.04837559373602161,0.8369696969696969,0.6909392880147542,-0.2237455276720672
eicu_floor540,271,4,408,408,4938,30,12.102941176470589,34,0.8,0.5128205128205128,168.83246006220367,0.9775288891796048,0.14763521426686313,1,0.19952220106097726,0.06896665766546425,0.7181818181818181,0.3445066383174295,-0.5135890584159015,0.3471574153278404,0.06004464650956889,0.8042424242424243,0.6498821695190363,-1.111443529310571
eicu_floor540,271,4,408,408,4938,30,12.102941176470589,34,0.8,0.5128205128205128,259.1058136155667,0.9859974870545203,-0.00026722637678397443,0,0.18059813606032096,0.058613031926842876,0.793939393939394,0.18467573823384875,0.0775169377323863,0.180330909683537,0.06503302924167377,0.7460606060606061,0.3029229928004451,-0.750351530161227
eicu_floor540,271,4,408,408,5201,30,12.747549019607844,34,0.8,0.5714285714285714,176.8161851852827,0.9773726395539784,0.11129820838767644,1,0.09691672731509028,0.0642583330032371,0.5987878787878788,0.09192022049200888,0.36877809797840067,0.20821493570276672,0.05560244603571036,0.846060606060606,0.3676498988345804,0.20746531235623497
eicu_floor540,271,4,408,408,5201,30,12.747549019607844,34,0.8,0.5714285714285714,130.0624017771981,0.9773454585541725,0.02048204253043806,1,0.19952220106097726,0.06896665766546425,0.7181818181818181,0.3445066383174295,-0.5135890584159015,0.22000424359141532,0.05309615099216168,0.7781818181818182,0.7311668481343524,-0.3067666634024349
eicu_floor540,271,4,408,408,5201,30,12.747549019607844,34,0.8,0.5714285714285714,146.30300689348843,0.9729219304528776,-0.004671871868274863,0,0.18059813606032096,0.058613031926842876,0.793939393939394,0.18467573823384875,0.0775169377323863,0.1759262641920461,0.056659181339361826,0.7721212121212121,0.3490330653904569,-0.047614221785524234
eicu_floor540,271,4,408,408,2863,30,7.017156862745098,34,0.8,0.6666666666666666,163.48087110952508,0.9755323055666851,0.1378933435487273,1,0.09691672731509028,0.0642583330032371,0.5987878787878788,0.09192022049200888,0.36877809797840067,0.23481007086381755,0.056091700166761356,0.86,0.32088408344657404,-0.3789859934879432
eicu_floor540,271,4,408,408,2863,30,7.017156862745098,34,0.8,0.6666666666666666,159.06264808846112,0.9748526756716923,0.06657179256880139,1,0.19952220106097726,0.06896665766546425,0.7181818181818181,0.3445066383174295,-0.5135890584159015,0.26609399362977865,0.061400310032335544,0.8109090909090909,0.7327068887453206,-0.9710683837289544
eicu_floor540,271,4,408,408,2863,30,7.017156862745098,34,0.8,0.6666666666666666,179.49167766011914,0.982211636815905,0.07337248154847156,1,0.18059813606032096,0.058613031926842876,0.793939393939394,0.18467573823384875,0.0775169377323863,0.2539706176087925,0.06195050972773615,0.8296969696969697,0.4439515392167301,-0.9973821342030033
eicu_floor540,271,2,408,408,1366,30,3.3480392156862746,34,0.8,0.8125,72.42590945578209,0.9723849601724246,0.10657652426956833,1,0.09691672731509028,0.0642583330032371,0.5987878787878788,0.09192022049200888,0.36877809797840067,0.2034932515846586,0.05943924508029731,0.7933333333333333,0.19117794432198187,0.1848089312717497
eicu_floor540,271,2,408,408,1366,30,3.3480392156862746,34,0.8,0.8125,89.81095601896541,0.9828153007590275,0.050325490909416404,1,0.19952220106097726,0.06896665766546425,0.7181818181818181,0.3445066383174295,-0.5135890584159015,0.24984769197039366,0.06194511870502968,0.7903030303030303,0.5979719923624669,-0.7710787308567183
eicu_floor540,271,2,408,408,1366,30,3.3480392156862746,34,0.8,0.8125,34.787153716098025,0.9525167443594715,-0.008097264286688138,0,0.18059813606032096,0.058613031926842876,0.793939393939394,0.18467573823384875,0.0775169377323863,0.17250087177363282,0.05869783994221212,0.749090909090909,0.17673127745898756,-0.25965012837157814
eicu_floor540,271,1,408,408,1051,30,2.575980392156863,34,0.8,0.7333333333333333,28.74954243575985,0.9650929372439445,0.050308161043547114,1,0.09691672731509028,0.0642583330032371,0.5987878787878788,0.09192022049200888,0.36877809797840067,0.1472248883586374,0.061697624596234624,0.7836363636363636,0.4206414643494344,-0.5135168498486977
eicu_floor540,271,1,408,408,1051,30,2.575980392156863,34,0.8,0.7333333333333333,19.073073371963623,0.9475700415400485,-0.006572067461592501,0,0.19952220106097726,0.06896665766546425,0.7181818181818181,0.3445066383174295,-0.5135890584159015,0.19295013359938476,0.079030703934242,0.6836363636363636,0.35574198796392237,-1.1472777590626086
eicu_floor540,271,1,408,408,1051,30,2.575980392156863,34,0.8,0.7333333333333333,18.560503864390647,0.9456695412415377,0.010763522046200014,1,0.18059813606032096,0.058613031926842876,0.793939393939394,0.18467573823384875,0.0775169377323863,0.19136165810652098,0.05705775449514423,0.7418181818181818,0.5902555205209499,-0.5600634753726614
eicu_floor540,271,3,408,408,3118,30,7.642156862745098,34,0.8,0.65625,131.55086811960248,0.9826667021023513,0.08223723923806982,1,0.09691672731509028,0.0642583330032371,0.5987878787878788,0.09192022049200888,0.36877809797840067,0.1791539665531601,0.06754572168917365,0.8387878787878789,0.21981689280814096,-1.0535799383746276
eicu_floor540,271,3,408,408,3118,30,7.642156862745098,34,0.8,0.65625,248.3622497526969,0.9879208696048324,-0.012257846026794306,0,0.19952220106097726,0.06896665766546425,0.7181818181818181,0.3445066383174295,-0.5135890584159015,0.18726435503418296,0.10053224797691879,0.6721212121212121,0.3334078251893925,-1.8256921546100893
eicu_floor540,271,3,408,408,3118,30,7.642156862745098,34,0.8,0.65625,161.1256460391846,0.9815066837081573,0.005812353229091349,1,0.18059813606032096,0.058613031926842876,0.793939393939394,0.18467573823384875,0.0775169377323863,0.1864104892894123,0.06679496413158817,0.750909090909091,0.18656616162077183,-1.0879081077204313
eicu_floor540,271,2,408,387,1613,30,3.9534313725490198,34,0.8,0.631578947368421,183.70027962525546,0.9907075389294807,0.20321526643501037,1,0.09691672731509028,0.0642583330032371,0.5987878787878788,0.09192022049200888,0.36877809797840067,0.30013199375010063,0.05312359910606287,0.8739393939393939,0.22381185141035406,0.07133676653474236
eicu_floor540,271,2,408,387,1613,30,3.9534313725490198,34,0.8,0.6578947368421053,37.94832085385174,0.9477128693795919,0.0029250384139761776,1,0.19952220106097726,0.06896665766546425,0.7181818181818181,0.3445066383174295,-0.5135890584159015,0.20244723947495344,0.07051502253965984,0.6975757575757576,0.33493065741445277,-0.8390484328758497
eicu_floor540,271,2,408,387,1613,30,3.9534313725490198,34,0.8,0.631578947368421,46.67743542203233,0.9571485628603439,0.0021100698508819127,1,0.18059813606032096,0.058613031926842876,0.793939393939394,0.18467573823384875,0.0775169377323863,0.18270820591120288,0.0563056519016881,0.6418181818181818,0.16772118358088342,-0.29553379233147803
eicu_floor540,271,2,408,408,1089,30,2.6691176470588234,34,0.8,0.8333333333333334,69.4672287297334,0.9711592173039671,0.06546815078635397,1,0.09691672731509028,0.0642583330032371,0.5987878787878788,0.09192022049200888,0.36877809797840067,0.16238487810144425,0.06040520522969573,0.7133333333333334,0.15704814974855952,0.08493154956538215
eicu_floor540,271,2,408,408,1089,30,2.6691176470588234,34,0.8,0.8064516129032258,65.90120151487015,0.9696044824203515,0.044716207357086646,1,0.19952220106097726,0.06896665766546425,0.7181818181818181,0.3445066383174295,-0.5135890584159015,0.2442384084180639,0.07407428829192919,0.74,0.3786645527104322,-1.0420256247804465
eicu_floor540,271,2,408,408,1089,30,2.6691176470588234,34,0.8,0.8333333333333334,52.87032339473696,0.9527785700045126,0.0012690642468832225,1,0.18059813606032096,0.058613031926842876,0.793939393939394,0.18467573823384875,0.0775169377323863,0.18186720030720419,0.05855095376400719,0.76,0.17919397059680786,-0.08759121162215772
eicu_floor540,271,2,408,408,1425,30,3.4926470588235294,34,0.8,0.5,53.213278023318686,0.9708552160408424,0.04120546874442198,1,0.09691672731509028,0.0642583330032371,0.5987878787878788,0.09192022049200888,0.36877809797840067,0.13812219605951226,0.05679488419512204,0.7387878787878788,0.5264137571018535,0.12304874004519274
eicu_floor540,271,2,408,408,1425,30,3.4926470588235294,34,0.8,0.5135135135135135,51.15345246565994,0.9739605565745857,0.03912553196032559,1,0.19952220106097726,0.06896665766546425,0.7181818181818181,0.3445066383174295,-0.5135890584159015,0.23864773302130285,0.06995204437406458,0.7793939393939394,0.46708846692028444,-1.011962940284132
eicu_floor540,271,2,408,408,1425,30,3.4926470588235294,34,0.8,0.5135135135135135,53.885159539727226,0.9639280819432815,0.015924574867729774,1,0.18059813606032096,0.058613031926842876,0.793939393939394,0.18467573823384875,0.0775169377323863,0.19652271092805074,0.05987464598278874,0.7806060606060605,0.44402759466099206,-0.5620652342390691
eicu_floor540,271,1,408,408,485,30,1.1887254901960784,34,0.8,0.8387096774193549,16.209753298108023,0.9360770649466921,0.05197028977969893,1,0.09691672731509028,0.0642583330032371,0.5987878787878788,0.09192022049200888,0.36877809797840067,0.14888701709478921,0.06203875277430047,0.7193939393939394,0.14452884952141362,0.12503145935227322
eicu_floor540,271,1,408,408,485,30,1.1887254901960784,34,0.8,0.7222222222222222,10.18163521831062,0.9017836836081734,0.018647362415588453,1,0.19952220106097726,0.06896665766546425,0.7181818181818181,0.3445066383174295,-0.5135890584159015,0.21816956347656571,0.06973583839485265,0.7521212121212122,0.41859331053580473,-0.8696959379416943
eicu_floor540,271,1,408,408,485,30,1.1887254901960784,34,0.8,0.8387096774193549,9.010222202296672,0.887731204772138,0.00886181863936425,1,0.18059813606032096,0.058613031926842876,0.793939393939394,0.18467573823384875,0.0775169377323863,0.1894599546996852,0.058439492499539225,0.7945454545454546,0.1994357844910378,-0.30563180953877206
eicu_floor540,271,1,408,408,885,30,2.1691176470588234,34,0.8,0.6333333333333333,20.07760538085081,0.950193263537605,0.04873555339364967,1,0.09691672731509028,0.0642583330032371,0.5987878787878788,0.09192022049200888,0.36877809797840067,0.14565228070873995,0.060052329633940076,0.7357575757575757,0.28408045674207094,-0.20584327017685686
eicu_floor540,271,1,408,408,885,30,2.1691176470588234,34,0.8,0.6333333333333333,30.52023595332991,0.9672348535729163,0.006556293652476897,1,0.19952220106097726,0.06896665766546425,0.7181818181818181,0.3445066383174295,-0.5135890584159015,0.20607849471345416,0.07466615617148047,0.730909090909091,0.37664611142537635,-1.0463896326875086
eicu_floor540,271,1,408,408,885,30,2.1691176470588234,34,0.8,0.6129032258064516,8.162854579955077,0.8774938362303273,0.03234746360665561,1,0.18059813606032096,0.058613031926842876,0.793939393939394,0.18467573823384875,0.0775169377323863,0.21294559966697657,0.05766789503287547,0.8078787878787879,0.23932845637144626,-0.5945039082449242
eicu_floor540,271,1,408,408,569,30,1.3946078431372548,34,0.8,0.7666666666666667,28.093447642229737,0.9644045112321205,0.06840250639384109,1,0.09691672731509028,0.0642583330032371,0.5987878787878788,0.09192022049200888,0.36877809797840067,0.16531923370893137,0.060963171853089984,0.8206060606060606,0.21135874333528523,-0.23074604904167945
eicu_floor540,271,1,408,408,569,30,1.3946078431372548,34,0.8,0.7333333333333333,19.35703534228007,0.9483369339249432,-0.016298474643669653,0,0.19952220106097726,0.06896665766546425,0.7181818181818181,0.3445066383174295,-0.5135890584159015,0.1832237264173076,0.0798067837617225,0.6672727272727272,0.3203963587986006,-1.0670826532313982
eicu_floor540,271,1,408,408,569,30,1.3946078431372548,34,0.8,0.7333333333333333,28.526169406924648,0.963294812184259,-0.017625295430130722,0,0.18059813606032096,0.058613031926842876,0.793939393939394,0.18467573823384875,0.0775169377323863,0.16297284063019024,0.060540599385110964,0.7036363636363636,0.20538706763734252,-0.43941262830006844
eicu_floor540,272,3,555,501,4766,26,8.587387387387388,38,1.0384615384615385,0.5,123.18766939651618,0.9820851577463223,0.14067052377372996,1,0.09151209081702763,0.05843887180416367,0.6479775730877053,0.24132008354191747,-0.17457181624603174,0.2321826145907576,0.04062527506331231,0.7809371245494594,1.0455573059309837,-0.15079617688865327
eicu_floor540,272,3,555,501,4766,26,8.587387387387388,38,1.0384615384615385,0.475,66.08399672142978,0.9797457160282772,0.34226198155924636,1,0.13513956192025942,0.04892225667544387,0.7925510612735283,0.549111371223644,-0.24807062355250117,0.4774015434795058,0.033313394715058356,0.8874649579495395,1.5149322628522717,-0.43874802023404114
eicu_floor540,272,3,555,501,4766,26,8.587387387387388,38,1.0384615384615385,0.5,83.63298541221312,0.97137690843159,0.16031493372601052,1,0.14829164826186797,0.04761659624169146,0.7873448137765319,0.5554871711811331,-0.13905290487893096,0.3086065819878785,0.03888629043591087,0.7913496195434521,1.2815468250412596,-0.27357471438998116
eicu_floor540,272,3,555,437,2477,26,4.463063063063063,38,1.0384615384615385,0.4634146341463415,115.49837457554965,0.9740256084899477,0.04250617542693397,1,0.09151209081702763,0.05843887180416367,0.6479775730877053,0.24132008354191747,-0.17457181624603174,0.1340182662439616,0.04642610771739108,0.7589106928313977,0.6813405835196398,-0.3218473873569691
eicu_floor540,272,3,555,437,2477,26,4.463063063063063,38,1.0384615384615385,0.4634146341463415,54.9078489471186,0.9470338298803473,0.25600805595289167,1,0.13513956192025942,0.04892225667544387,0.7925510612735283,0.549111371223644,-0.24807062355250117,0.3911476178731511,0.03651774165626655,0.8730476571886263,1.246836572796892,-0.603386204107053
eicu_floor540,272,3,555,437,2477,26,4.463063063063063,38,1.0384615384615385,0.48717948717948717,78.97451103748165,0.97467537343725,0.034549717506644345,1,0.14829164826186797,0.04761659624169146,0.7873448137765319,0.5554871711811331,-0.13905290487893096,0.18284136576851232,0.0439186146408854,0.8261914297156588,0.8675764357053868,-0.3526516974139335
eicu_floor540,272,3,555,555,2231,26,4.01981981981982,38,1.0384615384615385,0.36363636363636365,49.72844420522376,0.9481432537760874,0.09755070344843828,1,0.09151209081702763,0.05843887180416367,0.6479775730877053,0.24132008354191747,-0.17457181624603174,0.1890627942654659,0.04662357279516891,0.7809371245494593,0.628277938719392,-0.5345191161548886
eicu_floor540,272,3,555,555,2231,26,4.01981981981982,38,1.0384615384615385,0.36363636363636365,102.29735942745039,0.9755356781548865,0.2758224539745957,1,0.13513956192025942,0.04892225667544387,0.7925510612735283,0.549111371223644,-0.24807062355250117,0.41096201589485515,0.03823911288789049,0.8974769723668402,1.2404220199950118,-0.853841045718706
eicu_floor540,272,3,555,555,2231,26,4.01981981981982,38,1.0384615384615385,0.36363636363636365,54.50681846611076,0.9635272148816576,0.18738476487484068,1,0.14829164826186797,0.04761659624169146,0.7873448137765319,0.5554871711811331,-0.13905290487893096,0.33567641313670865,0.03978146872576053,0.8626351621946335,1.0319735638717025,-0.5572325857342304
eicu_floor540,272,3,555,555,2772,26,4.994594594594594,38,1.0384615384615385,0.5806451612903226,117.88606381352525,0.9823994578959762,0.0356392582992007,1,0.09151209081702763,0.05843887180416367,0.6479775730877053,0.24132008354191747,-0.17457181624603174,0.12715134911622833,0.04781117201122568,0.7609130957148578,0.6660669598438769,-0.5033371840356077
eicu_floor540,272,3,555,555,2772,26,4.994594594594594,38,1.0384615384615385,0.5142857142857142,94.96044037190245,0.9844579842549893,0.23516694622980053,1,0.13513956192025942,0.04892225667544387,0.7925510612735283,0.549111371223644,-0.24807062355250117,0.37030650815005994,0.04112565049761845,0.9002803364036844,1.0949073866431205,-0.9882143789172512
eicu_floor540,272,3,555,555,2772,26,4.994594594594594,38,1.0384615384615385,0.5806451612903226,77.27293722640314,0.9633935424048203,0.11659458553583107,1,0.14829164826186797,0.04761659624169146,0.7873448137765319,0.5554871711811331,-0.13905290487893096,0.26488623379769904,0.04042478807382801,0.9110933119743693,1.2383604161474482,-0.520690881061541
eicu_floor540,272,3,555,504,2779,26,5.007207207207207,38,1.0384615384615385,0.5757575757575758,28.069683426606275,0.9113186698940068,0.08323352596122566,1,0.09151209081702763,0.05843887180416367,0.6479775730877053,0.24132008354191747,-0.17457181624603174,0.1747456167782533,0.04487693131988022,0.8065678814577493,0.8041699030121827,-0.49516369865055543
eicu_floor540,272,3,555,504,2779,26,5.007207207207207,38,1.0384615384615385,0.5135135135135135,34.83898245212623,0.9420912220031026,0.32742559259778803,1,0.13513956192025942,0.04892225667544387,0.7925510612735283,0.549111371223644,-0.24807062355250117,0.46256515451804747,0.037927972334110584,0.9118942731277533,1.2496053553614908,-1.0080946867437897
eicu_floor540,272,3,555,504,2779,26,5.007207207207207,38,1.0384615384615385,0.5757575757575758,54.31555692977412,0.9593575497721885,0.10712632457172427,1,0.14829164826186797,0.04761659624169146,0.7873448137765319,0.5554871711811331,-0.13905290487893096,0.25541797283359224,0.0403035949197741,0.8894673608329995,1.2783983386752271,-0.5858170614183127
eicu_floor540,272,4,555,423,2933,26,5.284684684684684,38,1.0384615384615385,0.5,80.04312521079328,0.9776102952845669,0.09490079354386285,1,0.09151209081702763,0.05843887180416367,0.6479775730877053,0.24132008354191747,-0.17457181624603174,0.18641288436089049,0.04844434434374124,0.7380857028434121,0.5553285114225922,-0.39439726951550796
eicu_floor540,272,4,555,423,2933,26,5.284684684684684,38,1.0384615384615385,0.5,103.93356138768027,0.9655312749160725,0.18804315373397454,1,0.13513956192025942,0.04892225667544387,0.7925510612735283,0.549111371223644,-0.24807062355250117,0.32318271565423395,0.039732187818833656,0.8870644773728474,0.9880415908397795,-0.6488925224028703
eicu_floor540,272,4,555,423,2933,26,5.284684684684684,38,1.0384615384615385,0.5,105.98969811555708,0.9729427609051386,0.1484694709489019,1,0.14829164826186797,0.04761659624169146,0.7873448137765319,0.5554871711811331,-0.13905290487893096,0.29676111921076986,0.04057075212910444,0.8758510212254706,1.1521315838026083,-0.31379412755547537
eicu_floor540,272,2,555,555,1284,26,2.3135135135135134,38,1.0384615384615385,0.5263157894736842,42.98518571311669,0.9662041936437138,0.09377311393818658,1,0.09151209081702763,0.05843887180416367,0.6479775730877053,0.24132008354191747,-0.17457181624603174,0.1852852047552142,0.04782766214330613,0.7673207849419303,0.5503331960671982,-0.14147012881680113
eicu_floor540,272,2,555,555,1284,26,2.3135135135135134,38,1.0384615384615385,0.5263157894736842,28.835658169578164,0.944383504141918,0.17544468892664303,1,0.13513956192025942,0.04892225667544387,0.7925510612735283,0.549111371223644,-0.24807062355250117,0.31058425084690244,0.039829790376686304,0.8942731277533039,1.0130186376723254,-0.4919873639748978
eicu_floor540,272,2,555,555,1284,26,2.3135135135135134,38,1.0384615384615385,0.5263157894736842,54.7777496355928,0.9689626017813473,0.16957586173983968,1,0.14829164826186797,0.04761659624169146,0.7873448137765319,0.5554871711811331,-0.13905290487893096,0.31786751000170765,0.03973036661506066,0.829395274329195,1.1326629375779882,-0.20596316150615457
eicu_floor540,272,2,555,504,2016,26,3.6324324324324326,38,1.0384615384615385,0.5,55.284684452612595,0.9699281009476053,0.020075038962915542,1,0.09151209081702763,0.05843887180416367,0.6479775730877053,0.24132008354191747,-0.17457181624603174,0.11158712977994317,0.050804216748896784,0.7476972366840208,0.5663970050556532,-0.5543975197473733
eicu_floor540,272,2,555,504,2016,26,3.6324324324324326,38,1.0384615384615385,0.5,21.305397271607283,0.9389821531187195,0.21659062099709261,1,0.13513956192025942,0.04892225667544387,0.7925510612735283,0.549111371223644,-0.24807062355250117,0.35173018291735203,0.04013011807296873,0.8886663996796156,1.1452533994978058,-0.8075548494424734
eicu_floor540,272,2,555,504,2016,26,3.6324324324324326,38,1.0384615384615385,0.5,30.989414344097938,0.9464213803266353,0.023192899946568063,1,0.14829164826186797,0.04761659624169146,0.7873448137765319,0.5554871711811331,-0.13905290487893096,0.17148454820843603,0.04462886409666866,0.8666399679615538,1.0374594603308174,-0.6578421142523814
eicu_floor540,272,3,555,458,3843,26,6.924324324324324,38,1.0384615384615385,0.47368421052631576,79.03543303376202,0.9584692635792599,0.06712919372446294,1,0.09151209081702763,0.05843887180416367,0.6479775730877053,0.24132008354191747,-0.17457181624603174,0.15864128454149057,0.044098649157394414,0.7052462955546656,0.7483997390240322,-0.36909347579961094
eicu_floor540,272,3,555,458,3843,26,6.924324324324324,38,1.0384615384615385,0.46153846153846156,83.008059294279,0.9784464780106976,0.07078097810222717,1,0.13513956192025942,0.04892225667544387,0.7925510612735283,0.549111371223644,-0.24807062355250117,0.20592054002248658,0.04282889170676045,0.8342010412494995,1.047137821620696,-0.5873790953695716
eicu_floor540,272,3,555,458,3843,26,6.924324324324324,38,1.0384615384615385,0.47368421052631576,86.70788214340945,0.9702197813266039,0.04012007162707354,1,0.14829164826186797,0.04761659624169146,0.7873448137765319,0.5554871711811331,-0.13905290487893096,0.1884117198889415,0.043512770353057145,0.7989587505006007,0.925325715897208,-0.4860935991527288
eicu_floor540,272,3,555,383,2979,26,5.367567567567567,38,1.0384615384615385,0.6,122.22610027349899,0.9836283626896779,0.0182109701792849,1,0.09151209081702763,0.05843887180416367,0.6479775730877053,0.24132008354191747,-0.17457181624603174,0.10972306099631253,0.05112154756164243,0.684020824989988,0.5405640908281206,-0.7944514233706939
eicu_floor540,272,3,555,383,2979,26,5.367567567567567,38,1.0384615384615385,0.6,60.05481737635875,0.9500456394497174,0.11014659243958927,1,0.13513956192025942,0.04892225667544387,0.7925510612735283,0.549111371223644,-0.24807062355250117,0.24528615435984868,0.050394146309753036,0.7729275130156187,0.7942642462746018,-0.9726829496064994
eicu_floor540,272,3,555,383,2979,26,5.367567567567567,38,1.0384615384615385,0.6,75.48402739664519,0.9761432904760826,0.15038008330112668,1,0.14829164826186797,0.04761659624169146,0.7873448137765319,0.5554871711811331,-0.13905290487893096,0.29867173156299465,0.04264676528081359,0.9010812975570685,1.4665166015771585,-0.8688382178685266
eicu_floor540,272,1,555,555,917,26,1.6522522522522523,38,1.0384615384615385,0.78125,34.3237555546263,0.9708656589629739,0.004430409741511057,1,0.09151209081702763,0.05843887180416367,0.6479775730877053,0.24132008354191747,-0.17457181624603174,0.09594250055853869,0.04633885836346746,0.6555867040448539,0.44310019809138795,-0.029162158349524316
eicu_floor540,272,1,555,555,917,26,1.6522522522522523,38,1.0384615384615385,0.78125,24.232458434050578,0.9587330355802928,0.105231980214358,1,0.13513956192025942,0.04892225667544387,0.7925510612735283,0.549111371223644,-0.24807062355250117,0.24037154213461742,0.04064003202677578,0.8658390068081698,1.1570839723257977,-0.07059108270116791
eicu_floor540,272,1,555,555,917,26,1.6522522522522523,38,1.0384615384615385,0.78125,17.579335545299333,0.9431150285843769,-0.0008029576196468269,0,0.14829164826186797,0.04761659624169146,0.7873448137765319,0.5554871711811331,-0.13905290487893096,0.14748869064222114,0.047383065031938267,0.7284741690028034,0.5615452558708025,-0.32716608642229233
eicu_floor540,272,1,555,555,617,26,1.1117117117117117,38,1.0384615384615385,0.5882352941176471,59.66122601650355,0.9832384859610623,0.01945731353925395,1,0.09151209081702763,0.05843887180416367,0.6479775730877053,0.24132008354191747,-0.17457181624603174,0.11096940435628158,0.05303017868059395,0.7204645574689628,0.4534945199372168,-0.6887126410138454
eicu_floor540,272,1,555,555,617,26,1.1117117117117117,38,1.0384615384615385,0.5882352941176471,27.196568073798773,0.9626261575711614,0.1315050189463047,1,0.13513956192025942,0.04892225667544387,0.7925510612735283,0.549111371223644,-0.24807062355250117,0.2666445808665641,0.0519566446407553,0.8554265118141771,0.7948494677509336,-1.1121821277928512
eicu_floor540,272,1,555,555,617,26,1.1117117117117117,38,1.0384615384615385,0.5882352941176471,45.019452256952384,0.9777600740362944,0.06706595262898177,1,0.14829164826186797,0.04761659624169146,0.7873448137765319,0.5554871711811331,-0.13905290487893096,0.21535760089084974,0.04670091192834642,0.801762114537445,0.7582579389002664,-0.6579341196752191
eicu_floor540,277,2,674,392,800,29,1.1869436201780414,59,1.4137931034482758,0.7741935483870968,34.85547458977625,0.9713101023076209,0.02765468169297558,1,0.3265682979735359,0.05081160706986296,0.7979983660130718,0.7578987460675125,0.1710317150302288,0.3542229796665115,0.04991762295670253,0.7694035947712419,0.6630835883206322,0.09506183533454786
eicu_floor540,277,2,674,392,800,29,1.1869436201780414,59,1.4137931034482758,0.7741935483870968,29.400218133057987,0.9319732938392327,0.055934737792620925,1,0.3217914901151634,0.05267789857046717,0.7743055555555556,0.573520910429951,0.025297573006851672,0.3777262279077843,0.050390942805041854,0.7694035947712419,0.5681291817813957,-0.13355102122918647
eicu_floor540,277,2,674,392,800,29,1.1869436201780414,59,1.4137931034482758,0.7741935483870968,42.08457440915769,0.9663887917092606,0.0364955614774255,1,0.32356867310351,0.05294425434523534,0.7945261437908496,0.63055349267112,-0.06552899315073266,0.3600642345809355,0.049824780092761464,0.7806372549019608,0.7231527854207024,0.14123776094776783
eicu_floor540,277,4,674,539,5090,29,7.551928783382789,59,1.4137931034482758,0.5263157894736842,108.66601024227256,0.9669921361255518,-0.043780816828411284,0,0.3265682979735359,0.05081160706986296,0.7979983660130718,0.7578987460675125,0.1710317150302288,0.28278748114512464,0.055699662312645414,0.8018790849673202,0.5353501854767908,-0.48748790466407044
eicu_floor540,277,4,674,539,5090,29,7.551928783382789,59,1.4137931034482758,0.5,130.08087712559254,0.9749109591858858,-0.013336503660480226,0,0.3217914901151634,0.05267789857046717,0.7743055555555556,0.573520910429951,0.025297573006851672,0.30845498645468317,0.06532816188467924,0.6842320261437909,0.4175613487566431,-1.2168580177097135
eicu_floor540,277,4,674,539,5090,29,7.551928783382789,59,1.4137931034482758,0.5,133.03692808489478,0.9840202959067049,0.12886545609394223,1,0.32356867310351,0.05294425434523534,0.7945261437908496,0.63055349267112,-0.06552899315073266,0.45243412919745224,0.05514867025876408,0.8088235294117647,0.7438085898921929,-0.9194041851024986
eicu_floor540,277,3,674,501,1771,29,2.6275964391691393,59,1.4137931034482758,0.5476190476190477,96.46969503989787,0.9792681007318118,-0.06984997017569416,0,0.3265682979735359,0.05081160706986296,0.7979983660130718,0.7578987460675125,0.1710317150302288,0.25671832779784176,0.06384712667018211,0.7792075163398693,0.6217089426925001,-0.7678829362087862
eicu_floor540,277,3,674,501,1771,29,2.6275964391691393,59,1.4137931034482758,0.5476190476190477,96.92681562994865,0.9755129580028572,0.06591811782275897,1,0.3217914901151634,0.05267789857046717,0.7743055555555556,0.573520910429951,0.025297573006851672,0.38770960793792236,0.04828474269054755,0.8118872549019607,0.8428790126028947,-0.6433889564548451
eicu_floor540,277,3,674,501,1771,29,2.6275964391691393,59,1.4137931034482758,0.575,149.08556207772364,0.9817194997798393,0.10237015390873849,1,0.32356867310351,0.05294425434523534,0.7945261437908496,0.63055349267112,-0.06552899315073266,0.4259388270122485,0.05033802550251626,0.7914624183006536,0.8492243131858334,-0.6502909259388795
eicu_floor540,277,4,674,443,2606,29,3.8664688427299705,59,1.4137931034482758,0.425,109.48198432524305,0.9757086961528538,-0.1501889870343014,0,0.3265682979735359,0.05081160706986296,0.7979983660130718,0.7578987460675125,0.1710317150302288,0.17637931093923453,0.06542225476519348,0.7571486928104576,0.5258772779816223,-0.5114904196984967
eicu_floor540,277,4,674,443,2606,29,3.8664688427299705,59,1.4137931034482758,0.425,79.89045790009952,0.9618139114422618,0.024951270423523908,1,0.3217914901151634,0.05267789857046717,0.7743055555555556,0.573520910429951,0.025297573006851672,0.3467427605386873,0.052937629017693916,0.8498774509803921,0.7357218557950848,-0.6957123856791544
eicu_floor540,277,4,674,443,2606,29,3.8664688427299705,59,1.4137931034482758,0.425,117.60441027783824,0.9754376430469288,-0.1002804868195252,0,0.32356867310351,0.05294425434523534,0.7945261437908496,0.63055349267112,-0.06552899315073266,0.2232881862839848,0.06476083315428864,0.8112745098039216,0.5246787443394848,-0.5650655272181065
eicu_floor540,277,2,674,443,1360,29,2.0178041543026706,59,1.4137931034482758,0.5,30.173773121396312,0.9423250858729522,-0.15390759368991028,0,0.3265682979735359,0.05081160706986296,0.7979983660130718,0.7578987460675125,0.1710317150302288,0.17266070428362565,0.06107802976592795,0.7655228758169935,0.5685439899238395,-0.2311088246641466
eicu_floor540,277,2,674,443,1360,29,2.0178041543026706,59,1.4137931034482758,0.5,36.0536885298164,0.9532728371271582,0.04647702371333945,1,0.3217914901151634,0.05267789857046717,0.7743055555555556,0.573520910429951,0.025297573006851672,0.36826851382850284,0.051179809932662156,0.8462009803921569,0.7117319523009802,-0.6411934220350443
eicu_floor540,277,2,674,443,1360,29,2.0178041543026706,59,1.4137931034482758,0.5,66.79396142287654,0.9699780179190713,-0.07959053004174488,0,0.32356867310351,0.05294425434523534,0.7945261437908496,0.63055349267112,-0.06552899315073266,0.24397814306176513,0.062152463141354364,0.8161764705882353,0.5410093054725567,-0.3566485726661171
eicu_floor540,277,3,674,446,1506,29,2.234421364985163,59,1.4137931034482758,0.53125,87.6014311584994,0.9753448474946302,0.03995865148975114,1,0.3265682979735359,0.05081160706986296,0.7979983660130718,0.7578987460675125,0.1710317150302288,0.36652694946328707,0.05105800507764256,0.7906454248366013,0.7220067579443044,-0.29640170250051145
eicu_floor540,277,3,674,446,1506,29,2.234421364985163,59,1.4137931034482758,0.53125,56.350076893390714,0.9593897307576064,0.03082359104164034,1,0.3217914901151634,0.05267789857046717,0.7743055555555556,0.573520910429951,0.025297573006851672,0.35261508115680373,0.049996775823227695,0.7916666666666667,0.792897482581833,-0.29538808531018645
eicu_floor540,277,3,674,446,1506,29,2.234421364985163,59,1.4137931034482758,0.53125,80.95914935622767,0.9629442746884639,0.08882364064909554,1,0.32356867310351,0.05294425434523534,0.7945261437908496,0.63055349267112,-0.06552899315073266,0.41239231375260554,0.047334670173134516,0.7837009803921569,0.8098646704339317,-0.12822061546323868
eicu_floor540,277,3,674,417,2076,29,3.080118694362018,59,1.4137931034482758,0.6097560975609756,92.2823222830011,0.9673820355972079,-0.11705045212750192,0,0.3265682979735359,0.05081160706986296,0.7979983660130718,0.7578987460675125,0.1710317150302288,0.209517845846034,0.07989250733730417,0.7855392156862745,0.5238567936315865,-1.2412123340651267
eicu_floor540,277,3,674,417,2076,29,3.080118694362018,59,1.4137931034482758,0.575,87.07193043038333,0.9715355182713616,0.1363846135682339,1,0.3217914901151634,0.05267789857046717,0.7743055555555556,0.573520910429951,0.025297573006851672,0.4581761036833973,0.06016203071232121,0.8404820261437909,0.6605199403096272,-1.2312096207931256
eicu_floor540,277,3,674,417,2076,29,3.080118694362018,59,1.4137931034482758,0.5609756097560976,100.15734968683093,0.9763976722508798,0.11410876888030086,1,0.32356867310351,0.05294425434523534,0.7945261437908496,0.63055349267112,-0.06552899315073266,0.43767744198381087,0.06809851597181878,0.8161764705882353,0.6281069711935526,-1.314358706636543
eicu_floor540,277,3,674,539,2133,29,3.164688427299703,59,1.4137931034482758,0.6774193548387096,53.50306883011317,0.9503480580675219,-0.027540488745660452,0,0.3265682979735359,0.05081160706986296,0.7979983660130718,0.7578987460675125,0.1710317150302288,0.2990278092278755,0.05100048690003246,0.7810457516339869,0.8870349431238772,-0.12208456834745232
eicu_floor540,277,3,674,539,2133,29,3.164688427299703,59,1.4137931034482758,0.6363636363636364,78.34854712613475,0.9685726303048499,-0.04220741572679587,0,0.3217914901151634,0.05267789857046717,0.7743055555555556,0.573520910429951,0.025297573006851672,0.2795840743883675,0.053152708022520194,0.7279411764705882,0.7130699826105863,0.005521455636936548
eicu_floor540,277,3,674,539,2133,29,3.164688427299703,59,1.4137931034482758,0.6363636363636364,91.441752082567,0.9753143749523171,-0.02101276168517552,0,0.32356867310351,0.05294425434523534,0.7945261437908496,0.63055349267112,-0.06552899315073266,0.3025559114183345,0.05364949705627627,0.7530637254901961,0.6593808951652048,-0.25126177004301864
eicu_floor540,277,4,674,435,2465,29,3.6572700296735907,59,1.4137931034482758,0.5625,101.95182161862955,0.9771556285186364,-0.05687996377564691,0,0.3265682979735359,0.05081160706986296,0.7979983660130718,0.7578987460675125,0.1710317150302288,0.269688334197889,0.053462508727973215,0.7957516339869282,0.8484545589545442,-0.24721995611012756
eicu_floor540,277,4,674,435,2465,29,3.6572700296735907,59,1.4137931034482758,0.5625,125.09233134222194,0.9682884976809784,-0.002291803548792215,0,0.3217914901151634,0.05267789857046717,0.7743055555555556,0.573520910429951,0.025297573006851672,0.3194996865663712,0.05513410449963697,0.7722630718954249,0.6602673745923092,-0.5137159224555101
eicu_floor540,277,4,674,435,2465,29,3.6572700296735907,59,1.4137931034482758,0.5625,150.04170018434075,0.9763659947820075,0.004076716251320667,1,0.32356867310351,0.05294425434523534,0.7945261437908496,0.63055349267112,-0.06552899315073266,0.3276453893548307,0.05358033645402724,0.8026960784313726,0.7917342416899541,-0.42699582820620235
eicu_floor540,277,3,674,408,3872,29,5.744807121661721,59,1.4137931034482758,0.5294117647058824,96.2987481065747,0.9760371216611265,-0.06460191469992194,0,0.3265682979735359,0.05081160706986296,0.7979983660130718,0.7578987460675125,0.1710317150302288,0.261966383273614,0.0573173084314752,0.786968954248366,0.627106725735381,-0.4403794555615706
eicu_floor540,277,3,674,408,3872,29,5.744807121661721,59,1.4137931034482758,0.5294117647058824,90.32716989270004,0.9774651089423589,0.10264737222720155,1,0.3217914901151634,0.05267789857046717,0.7743055555555556,0.573520910429951,0.025297573006851672,0.42443886234236494,0.053994932277361296,0.795751633986928,0.6801028364315419,-0.8315311996285194
eicu_floor540,277,3,674,408,3872,29,5.744807121661721,59,1.4137931034482758,0.5294117647058824,69.59959870959541,0.9687464418584724,0.07277687463747923,1,0.32356867310351,0.05294425434523534,0.7945261437908496,0.63055349267112,-0.06552899315073266,0.39634554774098923,0.05019788595133491,0.789828431372549,0.7654535629084424,-0.35750423253034813
eicu_floor540,277,1,674,408,408,29,0.6053412462908012,59,1.4137931034482758,0.9032258064516129,24.641749188027816,0.9593911146075946,0.036449136661609316,1,0.3265682979735359,0.05081160706986296,0.7979983660130718,0.7578987460675125,0.1710317150302288,0.36301743463514524,0.050515290530289234,0.7708333333333334,0.647513544752948,0.12646544046484307
eicu_floor540,277,1,674,408,408,29,0.6053412462908012,59,1.4137931034482758,0.9032258064516129,18.001451925599156,0.9444296257981017,0.05372506519542197,1,0.3217914901151634,0.05267789857046717,0.7743055555555556,0.573520910429951,0.025297573006851672,0.37551655531058536,0.050145738145780924,0.7749183006535948,0.5854052003747131,-0.15808189998330735
eicu_floor540,277,1,674,408,408,29,0.6053412462908012,59,1.4137931034482758,0.9032258064516129,10.186602318051392,0.901645771400704,0.050472308065446336,1,0.32356867310351,0.05294425434523534,0.7945261437908496,0.63055349267112,-0.06552899315073266,0.37404098116895634,0.04925805711257439,0.7896241830065359,0.7114678335361286,0.11413381016758528
eicu_floor540,277,1,674,674,856,29,1.2700296735905046,59,1.4137931034482758,0.9032258064516129,7.8095964030875695,0.8719204531254107,-0.035115397177096164,0,0.3265682979735359,0.05081160706986296,0.7979983660130718,0.7578987460675125,0.1710317150302288,0.29145290079643976,0.051913350238235415,0.7571486928104576,0.7800920773044117,0.18751308859921373
eicu_floor540,277,1,674,674,856,29,1.2700296735905046,59,1.4137931034482758,0.8064516129032258,21.68026296005379,0.9538750982014141,-0.021209084767778053,0,0.3217914901151634,0.05267789857046717,0.7743055555555556,0.573520910429951,0.025297573006851672,0.30058240534738534,0.05278480276155882,0.7567401960784315,0.6887879930557739,0.21624332122948048
eicu_floor540,277,1,674,674,856,29,1.2700296735905046,59,1.4137931034482758,0.8387096774193549,19.275220851036437,0.9478278076274304,-0.010939065058101216,0,0.32356867310351,0.05294425434523534,0.7945261437908496,0.63055349267112,-0.06552899315073266,0.3126296080454088,0.052017802259330524,0.7673611111111112,0.6768931480473426,-0.0044373815289919264
eicu_floor540,280,3,539,539,2488,29,4.61595547309833,38,0.9310344827586207,0.2894736842105263,189.58562800235939,0.98953648663261,-0.010692763892833357,0,0.07464556168786747,0.05622387190691914,0.6532291238173591,0.25040026238788987,-0.24400282359315223,0.06395279779503411,0.07928128832468477,0.5878239407651172,0.11767015699142366,-1.2218746544468875
eicu_floor540,280,3,539,539,2488,29,4.61595547309833,38,0.9310344827586207,0.2894736842105263,209.59044886180106,0.9871551786044597,0.15421303044233384,1,0.05796721674652425,0.057873705968014326,0.5771287535993418,0.11155764292401729,-0.29037934271136606,0.21218024718885808,0.06428819184221317,0.7671740024681202,0.3742792790613256,-1.5337348428284188
eicu_floor540,280,3,539,539,2488,29,4.61595547309833,38,0.9310344827586207,0.2894736842105263,93.02157967553725,0.9814751468197274,0.020287367616383917,1,0.0671719320549915,0.056933872093983,0.6104483751542575,0.16558114365160848,-0.1713048276807025,0.08745929967137542,0.08786203768021084,0.6836692719045661,0.23201952950153895,-1.804237165663895
eicu_floor540,280,1,539,443,443,29,0.8218923933209648,38,0.9310344827586207,0.5526315789473685,30.321842585417023,0.9670204738652347,-0.015403425640567042,0,0.07464556168786747,0.05622387190691914,0.6532291238173591,0.25040026238788987,-0.24400282359315223,0.05924213604730043,0.06960684322250096,0.5586178527354998,0.09042784689403965,-0.8518459520732377
eicu_floor540,280,1,539,443,443,29,0.8218923933209648,38,0.9310344827586207,0.5526315789473685,48.91137042622538,0.9795548562371947,0.0336574840036087,1,0.05796721674652425,0.057873705968014326,0.5771287535993418,0.11155764292401729,-0.29037934271136606,0.09162470075013295,0.07214891668871944,0.7190456602221308,0.2458451039928033,-0.9701291165780692
eicu_floor540,280,1,539,443,443,29,0.8218923933209648,38,0.9310344827586207,0.5526315789473685,38.75308677881367,0.974195603934531,-0.013682472346394185,0,0.0671719320549915,0.056933872093983,0.6104483751542575,0.16558114365160848,-0.1713048276807025,0.053489459708597316,0.07760671389808876,0.5483340189222542,0.013679236849964216,-0.9579590339358578
eicu_floor540,280,3,539,443,3015,29,5.5936920222634505,38,0.9310344827586207,0.5384615384615384,80.89258870693952,0.9807126001868146,0.01515954566073538,1,0.07464556168786747,0.05622387190691914,0.6532291238173591,0.25040026238788987,-0.24400282359315223,0.08980510734860285,0.0644286091903816,0.6519950637597696,0.3200669884037031,-1.0148399672212711
eicu_floor540,280,3,539,443,3015,29,5.5936920222634505,38,0.9310344827586207,0.5384615384615384,175.706635709693,0.9831059163878354,0.03774456216867607,1,0.05796721674652425,0.057873705968014326,0.5771287535993418,0.11155764292401729,-0.29037934271136606,0.09571177891520032,0.0731766619221214,0.7223364870423693,0.297316904541549,-1.2995576457102567
eicu_floor540,280,3,539,443,3015,29,5.5936920222634505,38,0.9310344827586207,0.5384615384615384,71.80696706008425,0.9579922981038245,0.0014779988454901444,1,0.0671719320549915,0.056933872093983,0.6104483751542575,0.16558114365160848,-0.1713048276807025,0.06864993090048165,0.08545064520777383,0.613739201974496,0.13185606410568793,-1.5177498558772722
eicu_floor540,280,2,539,539,1611,29,2.9888682745825603,38,0.9310344827586207,0.6285714285714286,17.991890287847827,0.9415055441383053,-0.0004333375823127733,0,0.07464556168786747,0.05622387190691914,0.6532291238173591,0.25040026238788987,-0.24400282359315223,0.0742122241055547,0.07207009873478018,0.6779103249691485,0.2487008907795924,-1.0452549531866524
eicu_floor540,280,2,539,539,1611,29,2.9888682745825603,38,0.9310344827586207,0.6285714285714286,50.63325976556192,0.9630950628363912,0.06955909348972178,1,0.05796721674652425,0.057873705968014326,0.5771287535993418,0.11155764292401729,-0.29037934271136606,0.12752631023624603,0.05560140847389858,0.6289592760180995,0.3568089875762497,-0.7095856454106759
eicu_floor540,280,2,539,539,1611,29,2.9888682745825603,38,0.9310344827586207,0.6285714285714286,41.62036001543596,0.9519465953860503,0.0029097682269312586,1,0.0671719320549915,0.056933872093983,0.6104483751542575,0.16558114365160848,-0.1713048276807025,0.07008170028192276,0.07732037987971142,0.6149732620320856,0.12674932668759892,-1.1187629080518868
eicu_floor540,280,2,539,539,2827,29,5.244897959183674,38,0.9310344827586207,0.53125,94.13064888958935,0.98194801481232,-0.0029457122147179687,0,0.07464556168786747,0.05622387190691914,0.6532291238173591,0.25040026238788987,-0.24400282359315223,0.0716998494731495,0.08407915804360958,0.65117235705471,0.1780333269238635,-1.4678781197115687
eicu_floor540,280,2,539,539,2827,29,5.244897959183674,38,0.9310344827586207,0.53125,85.1337851796419,0.9849615929257448,0.08901657571830551,1,0.05796721674652425,0.057873705968014326,0.5771287535993418,0.11155764292401729,-0.29037934271136606,0.14698379246482976,0.0641707264145584,0.7334430275606746,0.4690396050856193,-1.197782478964965
eicu_floor540,280,2,539,539,2827,29,5.244897959183674,38,0.9310344827586207,0.53125,131.43732833079332,0.9889348100471275,0.016711027595037897,1,0.0671719320549915,0.056933872093983,0.6104483751542575,0.16558114365160848,-0.1713048276807025,0.0838829596500294,0.0779171639165907,0.6770876182640888,0.20540800135800702,-1.3964384579115312
eicu_floor540,280,1,539,539,1051,29,1.9499072356215212,38,0.9310344827586207,0.7,13.029905532991094,0.9232534727540389,-0.006871348349151846,0,0.07464556168786747,0.05622387190691914,0.6532291238173591,0.25040026238788987,-0.24400282359315223,0.06777421333871562,0.07215053828839887,0.5709584533113945,0.12678550953335088,-1.1124837228795423
eicu_floor540,280,1,539,539,1051,29,1.9499072356215212,38,0.9310344827586207,0.7,26.385223948298588,0.9620999995315755,0.05719872218985744,1,0.05796721674652425,0.057873705968014326,0.5771287535993418,0.11155764292401729,-0.29037934271136606,0.11516593893638169,0.05154427258649662,0.699712052653229,0.49499213168813766,-0.5524340420434937
eicu_floor540,280,1,539,539,1051,29,1.9499072356215212,38,0.9310344827586207,0.7,16.35903996445122,0.9388717185010224,-0.0005175158022121956,0,0.0671719320549915,0.056933872093983,0.6104483751542575,0.16558114365160848,-0.1713048276807025,0.0666544162527793,0.0559608500706274,0.6153846153846154,0.23357502491331958,-0.5259785902735713
eicu_floor540,280,2,539,539,2226,29,4.12987012987013,38,0.9310344827586207,0.5588235294117647,26.196247036830687,0.961826593000362,0.009265443221428471,1,0.07464556168786747,0.05622387190691914,0.6532291238173591,0.25040026238788987,-0.24400282359315223,0.08391100490929594,0.06167130481693655,0.6565199506375977,0.24697944973898237,-0.9242115837489103
eicu_floor540,280,2,539,539,2226,29,4.12987012987013,38,0.9310344827586207,0.5588235294117647,39.944439961039386,0.9647279705013986,0.03333886436714251,1,0.05796721674652425,0.057873705968014326,0.5771287535993418,0.11155764292401729,-0.29037934271136606,0.09130608111366675,0.0667519707496773,0.7128753599341835,0.2907333738281802,-0.9415435610110879
eicu_floor540,280,2,539,539,2226,29,4.12987012987013,38,0.9310344827586207,0.5588235294117647,82.5380447799142,0.9757687499705989,0.02280394810464481,1,0.0671719320549915,0.056933872093983,0.6104483751542575,0.16558114365160848,-0.1713048276807025,0.08997588015963631,0.0549158605068851,0.6618675442204854,0.3709401439161355,-0.6155257661247936
eicu_floor540,280,3,539,539,3595,29,6.669758812615956,38,0.9310344827586207,0.4146341463414634,170.68495311811665,0.9902259493546703,0.009407149934660214,1,0.07464556168786747,0.05622387190691914,0.6532291238173591,0.25040026238788987,-0.24400282359315223,0.08405271162252768,0.07637141292446957,0.7030028794734676,0.2514021992506536,-1.371444618004579
eicu_floor540,280,3,539,539,3595,29,6.669758812615956,38,0.9310344827586207,0.4146341463414634,83.87455631893766,0.9794281415011603,0.08636051096236938,1,0.05796721674652425,0.057873705968014326,0.5771287535993418,0.11155764292401729,-0.29037934271136606,0.14432772770889363,0.0773251989089278,0.7737556561085973,0.36813675987311034,-1.8357512136748546
eicu_floor540,280,3,539,539,3595,29,6.669758812615956,38,0.9310344827586207,0.4146341463414634,100.67439667808503,0.9801339758072236,0.028009630185984374,1,0.0671719320549915,0.056933872093983,0.6104483751542575,0.16558114365160848,-0.1713048276807025,0.09518156224097588,0.06655316787721059,0.7272727272727273,0.3393536756538661,-1.1106722112766563
eicu_floor540,280,3,539,539,5119,29,9.49721706864564,38,0.9310344827586207,0.5882352941176471,150.83943424198634,0.9803094647387338,-0.0057637605834286315,0,0.07464556168786747,0.05622387190691914,0.6532291238173591,0.25040026238788987,-0.24400282359315223,0.06888180110443884,0.06893482825381028,0.578774167009461,0.11653717008293343,-0.9629737211771315
eicu_floor540,280,3,539,539,5119,29,9.49721706864564,38,0.9310344827586207,0.5882352941176471,162.88056747082368,0.9872025254000207,0.07313997826455584,1,0.05796721674652425,0.057873705968014326,0.5771287535993418,0.11155764292401729,-0.29037934271136606,0.1311071950110801,0.058939052592319144,0.7614150555327026,0.5195769138149023,-0.9786349147294684
eicu_floor540,280,3,539,539,5119,29,9.49721706864564,38,0.9310344827586207,0.5882352941176471,176.62145102264378,0.9894705492077449,0.03434021778514959,1,0.0671719320549915,0.056933872093983,0.6104483751542575,0.16558114365160848,-0.1713048276807025,0.10151214984014109,0.05745458265335266,0.639654463183875,0.36910531754046266,-0.7815952055570562
eicu_floor540,280,2,539,539,3219,29,5.9721706864564,38,0.9310344827586207,0.5,56.9232236600656,0.9713386203404557,0.0027584168484237753,1,0.07464556168786747,0.05622387190691914,0.6532291238173591,0.25040026238788987,-0.24400282359315223,0.07740397853629125,0.06361916536011307,0.5882352941176471,0.13216036793706062,-0.40887052478512204
eicu_floor540,280,2,539,539,3219,29,5.9721706864564,38,0.9310344827586207,0.5,70.19234655245629,0.9734893403030267,0.08056366279485475,1,0.05796721674652425,0.057873705968014326,0.5771287535993418,0.11155764292401729,-0.29037934271136606,0.138530879541379,0.05458301054929836,0.7071164129987659,0.41387409757410204,-0.4995183750441326
eicu_floor540,280,2,539,539,3219,29,5.9721706864564,38,0.9310344827586207,0.5,25.75253265916291,0.9514758764342482,0.05339124328570885,1,0.0671719320549915,0.056933872093983,0.6104483751542575,0.16558114365160848,-0.1713048276807025,0.12056317534070035,0.052457409854690364,0.6454134101192924,0.37187812759029387,-0.32806364348183564
eicu_floor540,280,2,539,539,1918,29,3.5584415584415585,38,0.9310344827586207,0.46153846153846156,111.81359930889622,0.9824916310066152,-0.005309316063963551,0,0.07464556168786747,0.05622387190691914,0.6532291238173591,0.25040026238788987,-0.24400282359315223,0.06933624562390392,0.07094163671762654,0.6055121349238997,0.1652772017108475,-1.1003038954167546
eicu_floor540,280,2,539,539,1918,29,3.5584415584415585,38,0.9310344827586207,0.46153846153846156,41.04893719450452,0.951277481658989,0.0629973726452138,1,0.05796721674652425,0.057873705968014326,0.5771287535993418,0.11155764292401729,-0.29037934271136606,0.12096458939173804,0.06208952745249398,0.716166186754422,0.40963587711992866,-0.9312271437728968
eicu_floor540,280,2,539,539,1918,29,3.5584415584415585,38,0.9310344827586207,0.46153846153846156,51.61324309344749,0.9577945620857697,0.03816981247614916,1,0.0671719320549915,0.056933872093983,0.6104483751542575,0.16558114365160848,-0.1713048276807025,0.10534174453114066,0.05992569233050743,0.6717400246812012,0.3598648134723071,-0.9545778094760242
eicu_floor540,280,1,539,534,534,29,0.9907235621521335,38,0.9310344827586207,0.8,15.853316136468193,0.9205067946715395,-0.011537917055433514,0,0.07464556168786747,0.05622387190691914,0.6532291238173591,0.25040026238788987,-0.24400282359315223,0.06310764463243396,0.06025158555099806,0.6170300287947346,0.18006447231965075,-0.5830102882042614
eicu_floor540,280,1,539,534,534,29,0.9907235621521335,38,0.9310344827586207,0.7741935483870968,8.586202526333832,0.8770571768346889,0.03362788578217539,1,0.05796721674652425,0.057873705968014326,0.5771287535993418,0.11155764292401729,-0.29037934271136606,0.09159510252869964,0.052899655478407186,0.6988893459481694,0.4341373725560042,-0.4125092227191576
eicu_floor540,280,1,539,534,534,29,0.9907235621521335,38,0.9310344827586207,0.8,11.495841326202612,0.912936147711746,0.036399039779382136,1,0.0671719320549915,0.056933872093983,0.6104483751542575,0.16558114365160848,-0.1713048276807025,0.10357097183437364,0.04962729472815125,0.6544631838749486,0.4368520251677293,-0.20181525644487386
eicu_floor540,281,4,1226,423,2168,24,1.768352365415987,97,2.8333333333333335,0.5625,132.51446111881648,0.9774403377828833,0.024453142073958795,1,0.08821080668460304,0.054684945184832114,0.6004648581142024,0.3389864216873906,0.00698026381807128,0.11266394875856184,0.051829261074391335,0.6458058697009644,0.49625000914300865,0.09797348233499406
eicu_floor540,281,4,1226,423,2168,25,1.768352365415987,97,2.72,0.5625,86.17276632722499,0.9484249029689567,-0.02726866286738261,0,0.13789832863708784,0.05241542866195083,0.6920488447928953,0.6321571892179798,-0.02512795706305522,0.11062966576970523,0.052203237757406595,0.6171858738638729,0.39676206597673186,0.06105391243975176
eicu_floor540,281,4,1226,423,2168,24,1.768352365415987,97,2.8333333333333335,0.5625,95.27189071910962,0.9805110835326024,0.015231512646076223,1,0.13250156678409497,0.05240107218133547,0.6826129188926664,0.6243246080962682,0.005799168159750801,0.1477330794301712,0.05188663820793299,0.6971484076875044,0.5521153730182937,0.01735170976820567
eicu_floor540,281,1,1226,443,443,24,0.36133768352365414,97,2.8333333333333335,0.5428571428571428,142.67353639734432,0.9929909917056026,0.0037636577501941465,1,0.08821080668460304,0.054684945184832114,0.6004648581142024,0.3389864216873906,0.00698026381807128,0.09197446443479719,0.05545256071902737,0.6075071116353292,0.2246296538651451,0.11180831077574839
eicu_floor540,281,1,1226,443,443,25,0.36133768352365414,97,2.72,0.5714285714285714,38.82267806384864,0.9740082168851533,-0.02885748805416989,0,0.13789832863708784,0.05241542866195083,0.6920488447928953,0.6321571892179798,-0.02512795706305522,0.10904084058291795,0.054710865997792416,0.6031013668216192,0.3304355552779743,-0.05533545144823565
eicu_floor540,281,1,1226,443,443,24,0.36133768352365414,97,2.8333333333333335,0.5428571428571428,38.528325456545105,0.9740450697467278,-0.016471802646342,0,0.13250156678409497,0.05240107218133547,0.6826129188926664,0.6243246080962682,0.005799168159750801,0.11602976413775297,0.05541017651658855,0.651217650731978,0.36741337701152,-0.12286799243750655
eicu_floor540,281,1,1226,409,409,24,0.333605220228385,97,2.8333333333333335,0.5135135135135135,30.617738685492757,0.9673391947631385,0.04568958285725916,1,0.08821080668460304,0.054684945184832114,0.6004648581142024,0.3389864216873906,0.00698026381807128,0.1339003895418622,0.05406333928766478,0.642683688336918,0.4203978681030152,0.02165465345814386
eicu_floor540,281,1,1226,409,409,25,0.333605220228385,97,2.72,0.5555555555555556,28.835351787719482,0.9652527994613795,0.08051046925700425,1,0.13789832863708784,0.05241542866195083,0.6920488447928953,0.6321571892179798,-0.02512795706305522,0.2184087978940921,0.04914273665662024,0.639388052452647,0.5623216741675258,-0.013242269518994241
eicu_floor540,281,1,1226,409,409,24,0.333605220228385,97,2.8333333333333335,0.5277777777777778,21.927307502764435,0.9543947655281467,0.07440222649986666,1,0.13250156678409497,0.05240107218133547,0.6826129188926664,0.6243246080962682,0.005799168159750801,0.20690379328396163,0.04906322553265534,0.7071393880524527,0.8747731910417804,0.06861622684697752
eicu_floor540,281,4,1226,446,2687,24,2.1916802610114194,97,2.8333333333333335,0.46153846153846156,300.23767366807596,0.987503207231008,0.03808293485788697,1,0.08821080668460304,0.054684945184832114,0.6004648581142024,0.3389864216873906,0.00698026381807128,0.12629374154249,0.05713075049727697,0.6773052105737875,0.42675490616038986,-0.21210543388630257
eicu_floor540,281,4,1226,446,2687,25,2.1916802610114194,97,2.72,0.48717948717948717,150.03713188019222,0.9791594719943983,0.0775976506367663,1,0.13789832863708784,0.05241542866195083,0.6920488447928953,0.6321571892179798,-0.02512795706305522,0.21549597927385414,0.048731076291017215,0.6763685561645736,0.72647649038617,-0.0850090613104057
eicu_floor540,281,4,1226,446,2687,24,2.1916802610114194,97,2.8333333333333335,0.46153846153846156,282.26200428062987,0.9881044338566533,0.08799853097068888,1,0.13250156678409497,0.05240107218133547,0.6826129188926664,0.6243246080962682,0.005799168159750801,0.22050009775478385,0.054662720539234516,0.7428710192187609,0.508219046550433,-0.3894482186011936
eicu_floor540,281,4,1226,383,2213,24,1.8050570962479608,97,2.8333333333333335,0.5625,201.2508056057942,0.9859275083850612,0.024971624315513752,1,0.08821080668460304,0.054684945184832114,0.6004648581142024,0.3389864216873906,0.00698026381807128,0.1131824310001168,0.05232750626997099,0.6363699438007354,0.4733058074059272,0.273766110662066
eicu_floor540,281,4,1226,383,2213,25,1.8050570962479608,97,2.72,0.5625,183.30330938562096,0.9781782444986573,-0.015865892155373346,0,0.13789832863708784,0.05241542866195083,0.6920488447928953,0.6321571892179798,-0.02512795706305522,0.1220324364817145,0.0521407056457521,0.6255810726427531,0.4447383599477246,0.09396883304082389
eicu_floor540,281,4,1226,383,2213,24,1.8050570962479608,97,2.8333333333333335,0.5625,132.49156593211532,0.97783244694541,-0.012502983766972703,0,0.13250156678409497,0.05240107218133547,0.6826129188926664,0.6243246080962682,0.005799168159750801,0.11999858301712227,0.05188203679527642,0.6919447720807604,0.6404016859087904,0.18576277551708104
eicu_floor540,281,1,1226,1226,1316,24,1.0734094616639478,97,2.8333333333333335,0.8,16.921800024072617,0.9406990848082879,0.0067229598214745695,1,0.08821080668460304,0.054684945184832114,0.6004648581142024,0.3389864216873906,0.00698026381807128,0.09493376650607761,0.055847565232343355,0.6370637618816346,0.37252038831548184,-0.21116679424114895
eicu_floor540,281,1,1226,1226,1316,25,1.0734094616639478,97,2.72,0.8333333333333334,10.86996909874142,0.9080034183247324,-0.027280756981772666,0,0.13789832863708784,0.05241542866195083,0.6920488447928953,0.6321571892179798,-0.02512795706305522,0.11061757165531517,0.0554069351516237,0.6694303753555818,0.48962977466792196,-0.22692962888229798
eicu_floor540,281,1,1226,1226,1316,24,1.0734094616639478,97,2.8333333333333335,0.8,22.929655026330977,0.9545214484281754,0.0027635150146042287,1,0.13250156678409497,0.05240107218133547,0.6826129188926664,0.6243246080962682,0.005799168159750801,0.1352650817986992,0.05276464711177468,0.7172691320335809,0.586382910723087,-0.2201434414077011
eicu_floor540,281,1,1226,1226,1512,24,1.233278955954323,97,2.8333333333333335,0.5357142857142857,26.007546348857865,0.9615496215372922,0.020777262607103456,1,0.08821080668460304,0.054684945184832114,0.6004648581142024,0.3389864216873906,0.00698026381807128,0.1089880692917065,0.05821651780941086,0.6416429612155693,0.2810341044890655,-0.4114649401441823
eicu_floor540,281,1,1226,1226,1512,25,1.233278955954323,97,2.72,0.5714285714285714,12.413126531596166,0.9109744128107886,0.05119912989054268,1,0.13789832863708784,0.05241542866195083,0.6920488447928953,0.6321571892179798,-0.02512795706305522,0.18909745852763052,0.05058740893660379,0.6920488447928953,0.7361839999239164,-0.31344723174088923
eicu_floor540,281,1,1226,1226,1512,24,1.233278955954323,97,2.8333333333333335,0.5357142857142857,20.77688804113868,0.951869596735566,0.04432396506822117,1,0.13250156678409497,0.05240107218133547,0.6826129188926664,0.6243246080962682,0.005799168159750801,0.17682553185231614,0.051978277382796076,0.7621591618677582,0.764461230091358,-0.4413337603602318
eicu_floor540,281,3,1226,408,3500,24,2.8548123980424145,97,2.8333333333333335,0.5142857142857142,116.08613442178819,0.9890938758431684,0.03677288625512018,1,0.08821080668460304,0.054684945184832114,0.6004648581142024,0.3389864216873906,0.00698026381807128,0.12498369293972322,0.056624699679304266,0.6566988135710817,0.41692701690944045,-0.4294128713976739
eicu_floor540,281,3,1226,408,3500,25,2.8548123980424145,97,2.72,0.5142857142857142,119.30833989555822,0.9792044109154762,0.030212024617512434,1,0.13789832863708784,0.05241542866195083,0.6920488447928953,0.6321571892179798,-0.02512795706305522,0.16811035325460028,0.06341003086843153,0.6029626032054396,0.36259503875648835,-0.8503058143430986
eicu_floor540,281,3,1226,408,3500,24,2.8548123980424145,97,2.8333333333333335,0.5142857142857142,35.54567196476321,0.9659915859595548,0.06284829286780635,1,0.13250156678409497,0.05240107218133547,0.6826129188926664,0.6243246080962682,0.005799168159750801,0.19534985965190133,0.05871972803404627,0.6804273919378339,0.45256959258907475,-0.747028901994191
eicu_floor540,281,2,1226,423,1258,24,1.0261011419249593,97,2.8333333333333335,0.6666666666666666,56.017156667422526,0.9712510592234367,-0.0037575465862035723,0,0.08821080668460304,0.054684945184832114,0.6004648581142024,0.3389864216873906,0.00698026381807128,0.08445326009839947,0.0537844679692469,0.6199958370915146,0.42445854318841614,-0.053054683961288575
eicu_floor540,281,2,1226,423,1258,25,1.0261011419249593,97,2.72,0.6666666666666666,24.615929053333616,0.9249360416635628,-0.031236917395497832,0,0.13789832863708784,0.05241542866195083,0.6920488447928953,0.6321571892179798,-0.02512795706305522,0.10666141124159001,0.05426509275194328,0.6495177964337752,0.4919941752463533,-0.21912809118840815
eicu_floor540,281,2,1226,423,1258,24,1.0261011419249593,97,2.8333333333333335,0.6666666666666666,50.37851181647038,0.9590276647747604,0.03562708274001769,1,0.13250156678409497,0.05240107218133547,0.6826129188926664,0.6243246080962682,0.005799168159750801,0.16812864952411266,0.050268804389302736,0.7311454936515647,0.9385501044288457,-0.0973310474982293
eicu_floor540,281,2,1226,485,1395,24,1.1378466557911908,97,2.8333333333333335,0.6785714285714286,48.885448436784614,0.9590880299975919,0.0005393468411467872,1,0.08821080668460304,0.054684945184832114,0.6004648581142024,0.3389864216873906,0.00698026381807128,0.08875015352574983,0.05622114373754231,0.6548255047526539,0.44415302896674297,-0.33344832564979504
eicu_floor540,281,2,1226,485,1395,25,1.1378466557911908,97,2.72,0.5757575757575758,37.61081019057065,0.9467396297806132,-0.05774161503499074,0,0.13789832863708784,0.05241542866195083,0.6920488447928953,0.6321571892179798,-0.02512795706305522,0.0801567136020971,0.05582522607493879,0.588808714355096,0.21548638107414894,-0.33409228369254557
eicu_floor540,281,2,1226,485,1395,24,1.1378466557911908,97,2.8333333333333335,0.6785714285714286,59.61942364405224,0.9760167664662512,0.0028422383931984985,1,0.13250156678409497,0.05240107218133547,0.6826129188926664,0.6243246080962682,0.005799168159750801,0.13534380517729347,0.05160096617411421,0.7146326233261638,0.8314809499184307,-0.1480626879361334
eicu_floor540,281,2,1226,534,2300,24,1.8760195758564437,97,2.8333333333333335,0.6551724137931034,152.10841259344434,0.980374817937198,0.011235330060371418,1,0.08821080668460304,0.054684945184832114,0.6004648581142024,0.3389864216873906,0.00698026381807128,0.09944613674497446,0.0582825190436071,0.704294733920766,0.5225352356803146,-0.5537308358428074
eicu_floor540,281,2,1226,534,2300,25,1.8760195758564437,97,2.72,0.6333333333333333,19.60461394575245,0.9222133611314624,-0.015855315709495582,0,0.13789832863708784,0.05241542866195083,0.6920488447928953,0.6321571892179798,-0.02512795706305522,0.12204301292759226,0.061165926363234695,0.6658919031429958,0.4871451769797874,-0.7922804796765134
eicu_floor540,281,2,1226,534,2300,24,1.8760195758564437,97,2.8333333333333335,0.6551724137931034,61.60764950760186,0.9750696974144664,0.07638228883801432,1,0.13250156678409497,0.05240107218133547,0.6826129188926664,0.6243246080962682,0.005799168159750801,0.2088838556221093,0.05568746752261569,0.7651425796156248,0.7023776409660782,-0.803109896554612
eicu_floor540,282,4,383,383,2776,26,7.248041775456919,26,0.6923076923076923,0.3333333333333333,118.96577126727156,0.9786642942323583,-0.06056435731874582,0,0.32813246536072627,0.04014603919441488,0.8527070063694268,0.8930153198509287,-0.3998988451480322,0.26756810804198045,0.04217832630791621,0.6950636942675159,0.8534627969604877,0.051237324575477715
eicu_floor540,282,4,383,383,2776,26,7.248041775456919,26,0.6923076923076923,0.3333333333333333,118.06113767644958,0.9740118289527069,0.14094826438977814,1,0.13037355726034972,0.04721608803280532,0.6847133757961783,0.4015400518883077,0.2188449016595761,0.27132182165012786,0.043185404022876225,0.7460191082802548,0.7670123710969872,-0.4545726923584276
eicu_floor540,282,4,383,383,2776,26,7.248041775456919,26,0.6923076923076923,0.3333333333333333,83.72621489213788,0.9537622760823264,0.003291151527338415,1,0.1551717493646844,0.046665053953437396,0.6799363057324841,0.5019529062012168,0.2716737756718326,0.1584629008920228,0.045994478141578574,0.6863057324840764,0.6354558442455333,-0.2547433268492117
eicu_floor540,282,4,383,383,3074,26,8.026109660574413,26,0.6923076923076923,0.4146341463414634,133.42396535187802,0.9775152837641414,0.13247691947183315,1,0.32813246536072627,0.04014603919441488,0.8527070063694268,0.8930153198509287,-0.3998988451480322,0.4606093848325594,0.03798490806693481,0.7667197452229298,1.349848025078078,-0.3829711039132043
eicu_floor540,282,4,383,383,3074,26,8.026109660574413,26,0.6923076923076923,0.4146341463414634,134.36542653353584,0.9799805764752774,0.4128981542582657,1,0.13037355726034972,0.04721608803280532,0.6847133757961783,0.4015400518883077,0.2188449016595761,0.5432717115186154,0.034771483910732814,0.9378980891719746,2.183346808774886,-0.3345690824423825
eicu_floor540,282,4,383,383,3074,26,8.026109660574413,26,0.6923076923076923,0.4146341463414634,139.64310758232895,0.9839553183515771,0.17770178427696018,1,0.1551717493646844,0.046665053953437396,0.6799363057324841,0.5019529062012168,0.2716737756718326,0.33287353364164457,0.04102445068752898,0.6568471337579618,0.8091181956830148,-0.2903452082878602
eicu_floor540,282,1,383,383,501,26,1.3080939947780679,26,0.6923076923076923,0.5526315789473685,20.446430901278923,0.9510917086298201,-0.09788144362034282,0,0.32813246536072627,0.04014603919441488,0.8527070063694268,0.8930153198509287,-0.3998988451480322,0.23025102174038345,0.04511801043948156,0.8009554140127388,0.8747781497353704,-0.3856375547378696
eicu_floor540,282,1,383,383,501,26,1.3080939947780679,26,0.6923076923076923,0.525,32.792842417816615,0.969505540652472,0.003133871947124972,1,0.13037355726034972,0.04721608803280532,0.6847133757961783,0.4015400518883077,0.2188449016595761,0.1335074292074747,0.04979515121683126,0.6839171974522293,0.506842281961356,-0.1436906354585915
eicu_floor540,282,1,383,383,501,26,1.3080939947780679,26,0.6923076923076923,0.5526315789473685,16.845150104947148,0.9406357323164299,-0.03292843847007061,0,0.1551717493646844,0.046665053953437396,0.6799363057324841,0.5019529062012168,0.2716737756718326,0.12224331089461378,0.04600178937315683,0.6544585987261147,0.6210181543653384,0.05070681866724247
eicu_floor540,282,2,383,383,1866,26,4.872062663185378,26,0.6923076923076923,0.5121951219512195,24.786080597347265,0.9583590318799114,-0.131639367133293,0,0.32813246536072627,0.04014603919441488,0.8527070063694268,0.8930153198509287,-0.3998988451480322,0.19649309822743327,0.05145360064001419,0.804140127388535,0.705391849425595,-0.7277405015459243
eicu_floor540,282,2,383,383,1866,26,4.872062663185378,26,0.6923076923076923,0.5121951219512195,41.0342527832624,0.9511175671281937,0.013624206304977987,1,0.13037355726034972,0.04721608803280532,0.6847133757961783,0.4015400518883077,0.2188449016595761,0.1439977635653277,0.04823817020757393,0.7587579617834395,0.7736278373987602,-0.5108611952951121
eicu_floor540,282,2,383,383,1866,26,4.872062663185378,26,0.6923076923076923,0.5121951219512195,27.987508920774758,0.9570507326853361,0.0034882950642584343,1,0.1551717493646844,0.046665053953437396,0.6799363057324841,0.5019529062012168,0.2716737756718326,0.15866004442894283,0.04976548439445262,0.696656050955414,0.4884641807549371,-0.26988632815404495
eicu_floor540,282,3,383,383,2662,26,6.950391644908616,26,0.6923076923076923,0.4634146341463415,97.95876411413947,0.9830302305965489,-0.1200313866951315,0,0.32813246536072627,0.04014603919441488,0.8527070063694268,0.8930153198509287,-0.3998988451480322,0.20810107866559477,0.04449991187020529,0.7261146496815287,0.7364241305491677,-0.46808341487269023
eicu_floor540,282,3,383,383,2662,26,6.950391644908616,26,0.6923076923076923,0.4634146341463415,113.20555509451891,0.9811145328744452,0.37850701109602514,1,0.13037355726034972,0.04721608803280532,0.6847133757961783,0.4015400518883077,0.2188449016595761,0.5088805683563749,0.034102761724668196,0.9363057324840764,1.3583280060727352,-0.2359146460690593
eicu_floor540,282,3,383,383,2662,26,6.950391644908616,26,0.6923076923076923,0.4634146341463415,131.01177265671092,0.9827251508127272,0.13275800198187512,1,0.1551717493646844,0.046665053953437396,0.6799363057324841,0.5019529062012168,0.2716737756718326,0.2879297513465595,0.04187624145150531,0.6313694267515924,0.5028400416140705,-0.2170895410447585
eicu_floor540,282,3,383,383,2714,26,7.0861618798955615,26,0.6923076923076923,0.5882352941176471,50.922116738765084,0.9615355226162691,-0.17830035794012325,0,0.32813246536072627,0.04014603919441488,0.8527070063694268,0.8930153198509287,-0.3998988451480322,0.14983210742060302,0.04970997119726212,0.695859872611465,0.5229901699683868,-0.2511701981893827
eicu_floor540,282,3,383,383,2714,26,7.0861618798955615,26,0.6923076923076923,0.5882352941176471,57.59068335133392,0.9609338347064812,0.10762931371937962,1,0.13037355726034972,0.04721608803280532,0.6847133757961783,0.4015400518883077,0.2188449016595761,0.23800287097972933,0.04332929836411198,0.7237261146496815,0.8096063633268196,-0.04155870332039428
eicu_floor540,282,3,383,383,2714,26,7.0861618798955615,26,0.6923076923076923,0.5882352941176471,115.34723513224489,0.978464335425673,0.061184070741135715,1,0.1551717493646844,0.046665053953437396,0.6799363057324841,0.5019529062012168,0.2716737756718326,0.2163558201058201,0.04428476439624885,0.589968152866242,0.5243648315308083,0.05416686622946495
eicu_floor540,282,3,383,383,2435,26,6.357702349869451,26,0.6923076923076923,0.4878048780487805,80.60508900534384,0.9730383376566498,-0.10432637602993444,0,0.32813246536072627,0.04014603919441488,0.8527070063694268,0.8930153198509287,-0.3998988451480322,0.22380608933079182,0.04438115806194398,0.7547770700636942,1.0869869399046632,-0.668321337146533
eicu_floor540,282,3,383,383,2435,26,6.357702349869451,26,0.6923076923076923,0.5128205128205128,176.28573723996107,0.9829465142452742,0.16143934866437876,1,0.13037355726034972,0.04721608803280532,0.6847133757961783,0.4015400518883077,0.2188449016595761,0.29181290592472847,0.042641546695034,0.7850318471337578,1.2685079137137425,-0.6749279784669769
eicu_floor540,282,3,383,383,2435,26,6.357702349869451,26,0.6923076923076923,0.5263157894736842,123.60754287281395,0.9716759697930936,-0.03725770678490223,0,0.1551717493646844,0.046665053953437396,0.6799363057324841,0.5019529062012168,0.2716737756718326,0.11791404257978216,0.05561434798926948,0.6066878980891719,0.41968682445828753,-0.8317077657852547
eicu_floor540,282,2,383,383,1974,26,5.154046997389034,26,0.6923076923076923,0.6,67.58180118973137,0.9701616893756089,-0.06261015263446612,0,0.32813246536072627,0.04014603919441488,0.8527070063694268,0.8930153198509287,-0.3998988451480322,0.26552231272626015,0.04157784346095059,0.8535031847133758,1.1817103786664946,-0.038712736619123125
eicu_floor540,282,2,383,383,1974,26,5.154046997389034,26,0.6923076923076923,0.6,32.115088708536895,0.9564128485628501,0.16343974467795225,1,0.13037355726034972,0.04721608803280532,0.6847133757961783,0.4015400518883077,0.2188449016595761,0.29381330193830196,0.04031564194939791,0.7444267515923567,1.074381469510115,-0.059663585480145866
eicu_floor540,282,2,383,383,1974,26,5.154046997389034,26,0.6923076923076923,0.6,44.348265434510196,0.9525654871636464,0.18236244586202813,1,0.1551717493646844,0.046665053953437396,0.6799363057324841,0.5019529062012168,0.2716737756718326,0.3375341952267125,0.04301042309913211,0.8320063694267517,0.9679567171761638,-0.03450615121502464
eicu_floor540,282,4,383,383,2551,26,6.660574412532637,26,0.6923076923076923,0.4473684210526316,201.30486109039143,0.9850972302221112,-0.0844639080240984,0,0.32813246536072627,0.04014603919441488,0.8527070063694268,0.8930153198509287,-0.3998988451480322,0.24366855733662787,0.04299375457773386,0.6735668789808917,0.8469818420430738,-0.1764232354478712
eicu_floor540,282,4,383,383,2551,26,6.660574412532637,26,0.6923076923076923,0.4358974358974359,142.8778559945946,0.9818211920772741,0.0501547865223044,1,0.13037355726034972,0.04721608803280532,0.6847133757961783,0.4015400518883077,0.2188449016595761,0.18052834378265412,0.04581694472347963,0.7985668789808917,0.8300268646856483,-0.28054082963911964
eicu_floor540,282,4,383,383,2551,26,6.660574412532637,26,0.6923076923076923,0.4473684210526316,159.4562371753935,0.9812687350617514,0.027401057820881702,1,0.1551717493646844,0.046665053953437396,0.6799363057324841,0.5019529062012168,0.2716737756718326,0.1825728071855661,0.044703088209186614,0.571656050955414,0.44456772512047793,-0.1610617619177149
eicu_floor540,282,4,383,383,2669,26,6.968668407310705,26,0.6923076923076923,0.4594594594594595,134.96423544309744,0.9791851034905878,-0.007197307328794034,0,0.32813246536072627,0.04014603919441488,0.8527070063694268,0.8930153198509287,-0.3998988451480322,0.32093515803193223,0.04058489097259086,0.7476114649681528,0.6988570381370071,-0.18167835586379136
eicu_floor540,282,4,383,383,2669,26,6.968668407310705,26,0.6923076923076923,0.4594594594594595,108.0455005662727,0.967628011749537,0.33399133642439693,1,0.13037355726034972,0.04721608803280532,0.6847133757961783,0.4015400518883077,0.2188449016595761,0.46436489368474665,0.035124092254012786,0.856687898089172,1.0416959740078475,-0.07780863866784833
eicu_floor540,282,4,383,383,2669,26,6.968668407310705,26,0.6923076923076923,0.4594594594594595,129.21560326023328,0.9799155971986107,0.2204269483187292,1,0.1551717493646844,0.046665053953437396,0.6799363057324841,0.5019529062012168,0.2716737756718326,0.3755986976834136,0.041443582821479315,0.6496815286624205,0.4267938446564275,0.23614940342980623
eicu_floor540,282,2,383,383,1456,26,3.8015665796344646,26,0.6923076923076923,0.696969696969697,37.27805932684599,0.9546757564677719,-0.11004322684313766,0,0.32813246536072627,0.04014603919441488,0.8527070063694268,0.8930153198509287,-0.3998988451480322,0.2180892385175886,0.04353257161198574,0.7906050955414012,1.4461426164791447,0.20711724149791583
eicu_floor540,282,2,383,383,1456,26,3.8015665796344646,26,0.6923076923076923,0.696969696969697,55.999730054400395,0.9694337816548799,0.031174963663171185,1,0.13037355726034972,0.04721608803280532,0.6847133757961783,0.4015400518883077,0.2188449016595761,0.1615485209235209,0.04460392093836751,0.8184713375796179,1.3617421846631061,0.24722397723665937
eicu_floor540,282,2,383,383,1456,26,3.8015665796344646,26,0.6923076923076923,0.696969696969697,57.58895756504377,0.9733023066931705,-0.06214554668929739,0,0.1551717493646844,0.046665053953437396,0.6799363057324841,0.5019529062012168,0.2716737756718326,0.093026202675387,0.047786125584793136,0.6385350318471338,0.50612259065094,0.3686952465342001
eicu_floor540,282,1,383,383,885,26,2.3107049608355092,26,0.6923076923076923,0.6666666666666666,28.360545129576984,0.9626297344688568,0.007159881181620309,1,0.32813246536072627,0.04014603919441488,0.8527070063694268,0.8930153198509287,-0.3998988451480322,0.3352923465423466,0.04129262962535321,0.8335987261146497,1.1371928317238804,-0.41658489891919603
eicu_floor540,282,1,383,383,885,26,2.3107049608355092,26,0.6923076923076923,0.6666666666666666,40.11800027316862,0.9750479502939549,0.12383905261690525,1,0.13037355726034972,0.04721608803280532,0.6847133757961783,0.4015400518883077,0.2188449016595761,0.25421260987725497,0.04307192469541701,0.6719745222929936,0.7155024949887959,-0.20632838654406546
eicu_floor540,282,1,383,383,885,26,2.3107049608355092,26,0.6923076923076923,0.6428571428571429,14.711751261764743,0.9162861345444298,0.10180755322877769,1,0.1551717493646844,0.046665053953437396,0.6799363057324841,0.5019529062012168,0.2716737756718326,0.2569793025934621,0.04876271848288628,0.6719745222929936,0.5457882914243468,-0.5763388979752809
eicu_floor540,283,3,934,392,1824,28,1.9528907922912206,93,2.3214285714285716,0.5609756097560976,67.18804024646369,0.9668282377811838,0.04297384506562782,1,0.15185080611180587,0.06716109826605018,0.6393144389122942,0.35722088833668575,0.05197425981759754,0.1948246511774337,0.06765634317401933,0.7013596323247797,0.4342122465808608,-0.2680307412617728
eicu_floor540,283,3,934,392,1824,28,1.9528907922912206,93,2.3214285714285716,0.5609756097560976,104.2788377650898,0.9712309797050276,0.05830591666644913,1,0.18385999994052196,0.06711098765963096,0.7301800076599004,0.550277039130222,-0.1559666815787454,0.2421659166069711,0.06270066694565232,0.7382229031022597,0.6029617090568206,-0.10666558469830344
eicu_floor540,283,3,934,392,1824,28,1.9528907922912206,93,2.3214285714285716,0.5897435897435898,109.0454757219333,0.9724885422330586,0.12703531931199613,1,0.168870907379628,0.06386492854991739,0.7528724626579855,0.7968392962310549,-0.10806945474109436,0.29590622669162414,0.05887010996991409,0.7815013404825737,0.7299736283811642,-0.1715216248122025
eicu_floor540,283,2,934,392,961,28,1.0289079229122056,93,2.3214285714285716,0.6666666666666666,22.588570987279347,0.9363794894427986,0.0005023292909908939,1,0.15185080611180587,0.06716109826605018,0.6393144389122942,0.35722088833668575,0.05197425981759754,0.15235313540279677,0.0725863582267365,0.6656453466104941,0.36247763688163737,-0.1810241392654671
eicu_floor540,283,2,934,392,961,28,1.0289079229122056,93,2.3214285714285716,0.6666666666666666,20.91451918537464,0.9065941794500255,0.018275243802825775,1,0.18385999994052196,0.06711098765963096,0.7301800076599004,0.550277039130222,-0.1559666815787454,0.20213524374334774,0.07388020204206606,0.7317119877441592,0.4635969183281765,-0.5742861691369808
eicu_floor540,283,2,934,392,961,28,1.0289079229122056,93,2.3214285714285716,0.6666666666666666,32.26601160447597,0.9409348012976274,0.12597397044505626,1,0.168870907379628,0.06386492854991739,0.7528724626579855,0.7968392962310549,-0.10806945474109436,0.29484487782468427,0.06022625677375917,0.7999808502489467,0.7976591477045596,-0.40116056815700735
eicu_floor540,283,4,934,409,2392,28,2.5610278372591004,93,2.3214285714285716,0.5,105.8749033096532,0.9692095117950232,0.028911486485310195,1,0.15185080611180587,0.06716109826605018,0.6393144389122942,0.35722088833668575,0.05197425981759754,0.18076229259711607,0.06995636056058148,0.655591727307545,0.36801516087693137,-0.3610519992889206
eicu_floor540,283,4,934,409,2392,28,2.5610278372591004,93,2.3214285714285716,0.5,112.15473647754759,0.972297093763728,0.05532121173991186,1,0.18385999994052196,0.06711098765963096,0.7301800076599004,0.550277039130222,-0.1559666815787454,0.23918121168043383,0.06710156631225375,0.6576024511681348,0.4175922136604907,-0.4021321570802174
eicu_floor540,283,4,934,409,2392,28,2.5610278372591004,93,2.3214285714285716,0.5,73.10609231243849,0.9601086225827993,0.056518026620542894,1,0.168870907379628,0.06386492854991739,0.7528724626579855,0.7968392962310549,-0.10806945474109436,0.2253889340001709,0.06520337033607354,0.7263500574492532,0.5413533208199707,-0.4968373885919222
eicu_floor540,283,3,934,446,2650,28,2.8372591006423984,93,2.3214285714285716,0.5833333333333334,152.22095577006104,0.9868278723478102,0.021666122058737886,1,0.15185080611180587,0.06716109826605018,0.6393144389122942,0.35722088833668575,0.05197425981759754,0.17351692817054376,0.07283695755537602,0.681922635005745,0.39949776354326444,-0.4081976930233478
eicu_floor540,283,3,934,446,2650,28,2.8372591006423984,93,2.3214285714285716,0.5833333333333334,112.45696120703752,0.9733231276410103,0.027713322657420575,1,0.18385999994052196,0.06711098765963096,0.7301800076599004,0.550277039130222,-0.1559666815787454,0.21157332259794254,0.06474943589135393,0.6976254308693988,0.5186187824205813,-0.24401771681689025
eicu_floor540,283,3,934,446,2650,28,2.8372591006423984,93,2.3214285714285716,0.5833333333333334,102.31023411550882,0.9714477736233216,0.0797110107847532,1,0.168870907379628,0.06386492854991739,0.7528724626579855,0.7968392962310549,-0.10806945474109436,0.24858191816438122,0.06299989700533083,0.7610111068556109,0.7112216283844859,-0.4178154283856337
eicu_floor540,283,3,934,590,2278,28,2.4389721627408996,93,2.3214285714285716,0.5263157894736842,93.79589368794933,0.9763565864528132,0.010867742548530762,1,0.15185080611180587,0.06716109826605018,0.6393144389122942,0.35722088833668575,0.05197425981759754,0.16271854866033664,0.08464727514428247,0.6556874760628113,0.2883835479628536,-0.6401799838208628
eicu_floor540,283,3,934,590,2278,28,2.4389721627408996,93,2.3214285714285716,0.5263157894736842,90.68600256999726,0.9709504577545838,0.06577704769223014,1,0.18385999994052196,0.06711098765963096,0.7301800076599004,0.550277039130222,-0.1559666815787454,0.2496370476327521,0.07965568832868374,0.7507659900421295,0.4142447922057832,-0.8167292913388927
eicu_floor540,283,3,934,590,2278,28,2.4389721627408996,93,2.3214285714285716,0.5263157894736842,113.0340434408863,0.9788435310655692,0.14606890083602186,1,0.168870907379628,0.06386492854991739,0.7528724626579855,0.7968392962310549,-0.10806945474109436,0.3149398082156499,0.060757628740719494,0.8105132133282268,0.7274654190631579,-0.4093482303795752
eicu_floor540,283,3,934,555,2592,28,2.7751605995717346,93,2.3214285714285716,0.6875,43.30503869729517,0.9312824226673938,0.04457991630748073,1,0.15185080611180587,0.06716109826605018,0.6393144389122942,0.35722088833668575,0.05197425981759754,0.1964307224192866,0.06621817521104427,0.6768479509766372,0.44294213711975194,-0.1734350260411694
eicu_floor540,283,3,934,555,2592,28,2.7751605995717346,93,2.3214285714285716,0.6875,99.91835074707208,0.9749938779024521,-0.000392213819862125,0,0.18385999994052196,0.06711098765963096,0.7301800076599004,0.550277039130222,-0.1559666815787454,0.18346778612065984,0.0660414314148609,0.7186901570279586,0.5355268313168732,-0.3223267052805187
eicu_floor540,283,3,934,555,2592,28,2.7751605995717346,93,2.3214285714285716,0.6875,45.2216334233503,0.9530962413411,0.030160724602513483,1,0.168870907379628,0.06386492854991739,0.7528724626579855,0.7968392962310549,-0.10806945474109436,0.1990316319821415,0.06525765221489133,0.7342972041363461,0.5215079845711358,-0.22721243253605494
eicu_floor540,283,4,934,539,3773,28,4.039614561027837,93,2.3214285714285716,0.4634146341463415,64.42735819778568,0.9397771997518248,-0.0579697339743078,0,0.15185080611180587,0.06716109826605018,0.6393144389122942,0.35722088833668575,0.05197425981759754,0.09538562162384093,0.08481324895316364,0.5495978552278821,-0.026488097828624463,-0.4314656888673392
eicu_floor540,283,4,934,539,3773,28,4.039614561027837,93,2.3214285714285716,0.475,85.10994149823308,0.9657864931749124,0.05983019863962799,1,0.18385999994052196,0.06711098765963096,0.7301800076599004,0.550277039130222,-0.1559666815787454,0.24369019858014995,0.06817788932615945,0.6597089237839908,0.1037163574640104,-0.49506526182663807
eicu_floor540,283,4,934,539,3773,28,4.039614561027837,93,2.3214285714285716,0.4634146341463415,114.16892820310818,0.9649641976765873,0.00817017482520871,1,0.168870907379628,0.06386492854991739,0.7528724626579855,0.7968392962310549,-0.10806945474109436,0.1443683440640853,0.21546300387400155,0.7517234775947912,0.08048406991343786,-14.351945012340536
eicu_floor540,283,4,934,617,3228,28,3.45610278372591,93,2.3214285714285716,0.4864864864864865,125.37232037432338,0.9733844040612076,0.027620492136199243,1,0.15185080611180587,0.06716109826605018,0.6393144389122942,0.35722088833668575,0.05197425981759754,0.17947129824800512,0.07368363468091546,0.6295480658751436,0.3213026489408225,-0.48432667528641327
eicu_floor540,283,4,934,617,3228,28,3.45610278372591,93,2.3214285714285716,0.5142857142857142,156.64564996890138,0.9808484946719198,0.019217275089289942,1,0.18385999994052196,0.06711098765963096,0.7301800076599004,0.550277039130222,-0.1559666815787454,0.2030772750298119,0.06949988629456691,0.6852738414400613,0.4265228778204937,-0.5488590341846187
eicu_floor540,283,4,934,617,3228,28,3.45610278372591,93,2.3214285714285716,0.5428571428571428,165.8700046541049,0.9788471558974463,0.08306218802923915,1,0.168870907379628,0.06386492854991739,0.7528724626579855,0.7968392962310549,-0.10806945474109436,0.25193309540886716,0.06838745274470849,0.7181156644963614,0.5666424618385841,-0.6166660694207596
eicu_floor540,283,4,934,387,4098,28,4.387580299785867,93,2.3214285714285716,0.5,122.87930959768403,0.9844494626722196,-0.020961608691842853,0,0.15185080611180587,0.06716109826605018,0.6393144389122942,0.35722088833668575,0.05197425981759754,0.13088919741996302,0.08354519578693095,0.6246648793565683,0.23849714556379298,-0.3554065396199234
eicu_floor540,283,4,934,387,4098,28,4.387580299785867,93,2.3214285714285716,0.5,131.49293490238068,0.9726507737450301,0.06975642328165696,1,0.18385999994052196,0.06711098765963096,0.7301800076599004,0.550277039130222,-0.1559666815787454,0.2536164232221789,0.07184300484297196,0.73094599770203,0.5089342427795487,-0.6107951910437691
eicu_floor540,283,4,934,387,4098,28,4.387580299785867,93,2.3214285714285716,0.5,86.2154945997176,0.9609781605565455,0.07813057704774734,1,0.168870907379628,0.06386492854991739,0.7528724626579855,0.7968392962310549,-0.10806945474109436,0.24700148442737535,0.06382583289122905,0.7886824971275374,0.7044192308387596,-0.4058177560191721
eicu_floor540,283,2,934,569,1293,28,1.3843683083511777,93,2.3214285714285716,0.7096774193548387,51.467605293015,0.9689785689756955,0.004361264351948363,1,0.15185080611180587,0.06716109826605018,0.6393144389122942,0.35722088833668575,0.05197425981759754,0.15621207046375424,0.06566676105434735,0.6514745308310992,0.41232562277522494,0.07387581134746012
eicu_floor540,283,2,934,569,1293,28,1.3843683083511777,93,2.3214285714285716,0.6774193548387096,28.64977389551262,0.9286050069270859,0.003591626599502379,1,0.18385999994052196,0.06711098765963096,0.7301800076599004,0.550277039130222,-0.1559666815787454,0.18745162654002434,0.06930670325560243,0.703083109919571,0.47654768817821214,-0.2494884691537545
eicu_floor540,283,2,934,569,1293,28,1.3843683083511777,93,2.3214285714285716,0.6774193548387096,49.250142076231036,0.9587616991175472,0.07620074980378824,1,0.168870907379628,0.06386492854991739,0.7528724626579855,0.7968392962310549,-0.10806945474109436,0.24507165718341625,0.0635892362983241,0.7285522788203753,0.5569626640605431,-0.28382339875475543
eicu_floor540,283,2,934,485,2251,28,2.410064239828694,93,2.3214285714285716,0.7,92.99790337662421,0.978494138820524,0.013782838559246752,1,0.15185080611180587,0.06716109826605018,0.6393144389122942,0.35722088833668575,0.05197425981759754,0.16563364467105263,0.0898857793595211,0.6716775181922635,0.40571052240631184,-1.1486665662859368
eicu_floor540,283,2,934,485,2251,28,2.410064239828694,93,2.3214285714285716,0.6,171.46112873079426,0.988335548617902,0.049998781167585854,1,0.18385999994052196,0.06711098765963096,0.7301800076599004,0.550277039130222,-0.1559666815787454,0.23385878110810782,0.10167685823179526,0.7437763309076982,0.4985347234599437,-1.6633412062665613
eicu_floor540,283,2,934,485,2251,28,2.410064239828694,93,2.3214285714285716,0.7,87.42714463892264,0.9771238096787894,0.13479427859973003,1,0.168870907379628,0.06386492854991739,0.7528724626579855,0.7968392962310549,-0.10806945474109436,0.30366518597935804,0.0787678900906344,0.8057257755649176,0.7652050227779055,-1.251865072108202
eicu_floor540,283,1,934,617,617,28,0.6605995717344754,93,2.3214285714285716,0.6470588235294118,12.346408759583428,0.9188708272834529,0.025798574415156594,1,0.15185080611180587,0.06716109826605018,0.6393144389122942,0.35722088833668575,0.05197425981759754,0.17764938052696247,0.07404366308446618,0.6342397548831865,0.34805989215013217,-0.5858894189403767
eicu_floor540,283,1,934,617,617,28,0.6605995717344754,93,2.3214285714285716,0.6470588235294118,20.47926509332247,0.9511656550534561,0.02598590201072587,1,0.18385999994052196,0.06711098765963096,0.7301800076599004,0.550277039130222,-0.1559666815787454,0.20984590195124783,0.07100969003552592,0.6896782841823056,0.48543376602644245,-0.5863182172729511
eicu_floor540,283,1,934,617,617,28,0.6605995717344754,93,2.3214285714285716,0.6470588235294118,26.13792808783512,0.9609521029064259,0.08016273567218507,1,0.168870907379628,0.06386492854991739,0.7528724626579855,0.7968392962310549,-0.10806945474109436,0.24903364305181308,0.06681621049253805,0.7366909230180007,0.6939004683436814,-0.6610293267224221
eicu_floor540,300,4,856,392,3034,30,3.544392523364486,67,1.5666666666666667,0.4864864864864865,140.525736761475,0.9720308996891868,0.08204677131986127,1,0.21488591209183333,0.04852087496940977,0.8201729106628242,1.0630622192646932,0.19832713157769896,0.2969326834116946,0.04559146114640149,0.8112391930835735,1.2156551571377057,-0.2571671525452686
eicu_floor540,300,4,856,392,3034,27,3.544392523364486,67,1.7407407407407407,0.5142857142857142,123.46547689250386,0.9822922717112921,0.034430951933253184,1,0.14196238922151994,0.05238391148030439,0.7226224783861671,0.5713653782648537,0.1442483549586466,0.17639334115477312,0.05096839099009652,0.7707492795389048,0.811799239786216,-0.33139788325123054
eicu_floor540,300,4,856,392,3034,28,3.544392523364486,67,1.6785714285714286,0.5142857142857142,151.9396543904844,0.984698672603792,0.09579071777484835,1,0.18769804799969284,0.05112326340375318,0.7268011527377523,0.5937645269031958,-0.1312031073642122,0.2834887657745412,0.048377724357574266,0.764985590778098,0.7754460060553875,-0.5436908947019888
eicu_floor540,300,4,856,485,5284,30,6.172897196261682,67,1.5666666666666667,0.7741935483870968,209.77985664029876,0.9843782465856045,0.03204764516418798,1,0.21488591209183333,0.04852087496940977,0.8201729106628242,1.0630622192646932,0.19832713157769896,0.2469335572560213,0.046326663052089954,0.8311239193083574,1.3884967044741225,-0.19987949700598098
eicu_floor540,300,4,856,485,5284,27,6.172897196261682,67,1.7407407407407407,0.6857142857142857,228.12357046606354,0.9824656435464872,0.027905746347757526,1,0.14196238922151994,0.05238391148030439,0.7226224783861671,0.5713653782648537,0.1442483549586466,0.16986813556927746,0.05633497241019601,0.735014409221902,0.5346238390183852,-0.589349479394197
eicu_floor540,300,4,856,485,5284,28,6.172897196261682,67,1.6785714285714286,0.8275862068965517,157.7563810306344,0.9746132204119984,-0.0007322997298416789,0,0.18769804799969284,0.05112326340375318,0.7268011527377523,0.5937645269031958,-0.1312031073642122,0.18696574826985116,0.04963252740114662,0.7468299711815561,0.8391240477793925,-0.36200402768641066
eicu_floor540,300,4,856,605,4465,30,5.216121495327103,67,1.5666666666666667,0.2857142857142857,132.97420276662044,0.9814245503090181,0.06094886730304322,1,0.21488591209183333,0.04852087496940977,0.8201729106628242,1.0630622192646932,0.19832713157769896,0.27583477939487655,0.05641136554030768,0.7913544668587896,0.6450075122554205,-0.9873376381800194
eicu_floor540,300,4,856,605,4465,27,5.216121495327103,67,1.7407407407407407,0.2857142857142857,132.7042583774528,0.9825918996642461,-0.0009291839303270377,0,0.14196238922151994,0.05238391148030439,0.7226224783861671,0.5713653782648537,0.1442483549586466,0.1410332052911929,0.0753178452268963,0.6913544668587897,0.36078440874963585,-1.3362077110126145
eicu_floor540,300,4,856,605,4465,28,5.216121495327103,67,1.6785714285714286,0.2857142857142857,114.9131827533325,0.9720834942554337,0.07625053751704183,1,0.18769804799969284,0.05112326340375318,0.7268011527377523,0.5937645269031958,-0.1312031073642122,0.26394858551673467,0.0738464676850007,0.7044668587896253,0.3866531069466238,-1.4626395621733723
eicu_floor540,300,4,856,446,2649,30,3.0946261682242993,67,1.5666666666666667,0.5263157894736842,183.4366352519691,0.9795079995378408,0.039852375764732884,1,0.21488591209183333,0.04852087496940977,0.8201729106628242,1.0630622192646932,0.19832713157769896,0.2547382878565662,0.051906011892827016,0.7995677233429395,0.7102054759711076,-0.6632303449894007
eicu_floor540,300,4,856,446,2649,27,3.0946261682242993,67,1.7407407407407407,0.5,80.52484312282388,0.9714490639894793,-0.0032211486491620644,0,0.14196238922151994,0.05238391148030439,0.7226224783861671,0.5713653782648537,0.1442483549586466,0.13874124057235787,0.060903314454635406,0.6706051873198847,0.36876470336054623,-0.6624177366298586
eicu_floor540,300,4,856,446,2649,28,3.0946261682242993,67,1.6785714285714286,0.5,198.52193712547339,0.9806356951669166,-0.017230449698774797,0,0.18769804799969284,0.05112326340375318,0.7268011527377523,0.5937645269031958,-0.1312031073642122,0.17046759830091804,0.06031143857854752,0.7652737752161384,0.4916017968046591,-0.7706068031596793
eicu_floor540,300,3,856,443,1892,30,2.210280373831776,67,1.5666666666666667,0.5238095238095238,80.49954899741093,0.9697063113020503,0.04398875344501907,1,0.21488591209183333,0.04852087496940977,0.8201729106628242,1.0630622192646932,0.19832713157769896,0.2588746655368524,0.052918705113629734,0.7917867435158501,0.5874181424389527,-0.5141081170995044
eicu_floor540,300,3,856,443,1892,27,2.210280373831776,67,1.7407407407407407,0.5238095238095238,137.7077032464466,0.985819492245316,0.005832700005306057,1,0.14196238922151994,0.05238391148030439,0.7226224783861671,0.5713653782648537,0.1442483549586466,0.147795089226826,0.06202886874578294,0.728386167146974,0.4234726196645209,-0.7032547069695462
eicu_floor540,300,3,856,443,1892,28,2.210280373831776,67,1.6785714285714286,0.5238095238095238,162.26761543397126,0.9815120226424925,-0.028945472854805393,0,0.18769804799969284,0.05112326340375318,0.7268011527377523,0.5937645269031958,-0.1312031073642122,0.15875257514488744,0.07102787876824704,0.693371757925072,0.3019447261562839,-1.0001103431393157
eicu_floor540,300,3,856,694,2496,30,2.9158878504672896,67,1.5666666666666667,0.5142857142857142,55.97112016340574,0.9513132889984869,0.03478912558974401,1,0.21488591209183333,0.04852087496940977,0.8201729106628242,1.0630622192646932,0.19832713157769896,0.24967503768157734,0.04808023249064206,0.7672910662824207,0.8722513081039386,-0.1791391434187637
eicu_floor540,300,3,856,694,2496,27,2.9158878504672896,67,1.7407407407407407,0.5142857142857142,57.84182252225896,0.9651052992147545,0.013790320154716929,1,0.14196238922151994,0.05238391148030439,0.7226224783861671,0.5713653782648537,0.1442483549586466,0.15575270937623686,0.052306133896851965,0.7399135446685878,0.6609601107788962,-0.21707389624448908
eicu_floor540,300,3,856,694,2496,28,2.9158878504672896,67,1.6785714285714286,0.5428571428571428,74.77833697853305,0.9598814292853126,0.006043813908126555,1,0.18769804799969284,0.05112326340375318,0.7268011527377523,0.5937645269031958,-0.1312031073642122,0.1937418619078194,0.051608388579158435,0.7239193083573486,0.6706236025537956,-0.38642419641441056
eicu_floor540,300,3,856,588,2276,30,2.6588785046728973,67,1.5666666666666667,0.5365853658536586,162.26823056159304,0.9833110998139937,-0.0319037930211101,0,0.21488591209183333,0.04852087496940977,0.8201729106628242,1.0630622192646932,0.19832713157769896,0.18298211907072323,0.05614254129056349,0.7443804034582132,0.5242995445145869,-0.564863923410432
eicu_floor540,300,3,856,588,2276,27,2.6588785046728973,67,1.7407407407407407,0.5365853658536586,84.66278945675205,0.9785498216574051,0.0009933748694471722,1,0.14196238922151994,0.05238391148030439,0.7226224783861671,0.5713653782648537,0.1442483549586466,0.1429557640909671,0.06874838206448192,0.7213256484149857,0.4450065053544792,-1.0405217523453485
eicu_floor540,300,3,856,588,2276,28,2.6588785046728973,67,1.6785714285714286,0.5365853658536586,134.54034226249033,0.9778237396570847,-0.011408020681866943,0,0.18769804799969284,0.05112326340375318,0.7268011527377523,0.5937645269031958,-0.1312031073642122,0.1762900273178259,0.06703532235555804,0.7159942363112393,0.4253628660652344,-1.0043111187268685
eicu_floor540,300,1,856,811,811,30,0.947429906542056,67,1.5666666666666667,0.9375,62.494460045363624,0.9818355480916097,0.022327692378680597,1,0.21488591209183333,0.04852087496940977,0.8201729106628242,1.0630622192646932,0.19832713157769896,0.23721360447051393,0.047828253574704445,0.8510086455331412,0.9665841539942034,-0.2386336421731471
eicu_floor540,300,1,856,811,811,27,0.947429906542056,67,1.7407407407407407,0.84375,64.78742289303756,0.9845649054192049,0.033325003725352825,1,0.14196238922151994,0.05238391148030439,0.7226224783861671,0.5713653782648537,0.1442483549586466,0.17528739294687276,0.05373207779809943,0.7569164265129683,0.6212450470913767,-0.44363916811040205
eicu_floor540,300,1,856,811,811,28,0.947429906542056,67,1.6785714285714286,0.875,27.015978067226747,0.9625191156121544,-0.00817582341206316,0,0.18769804799969284,0.05112326340375318,0.7268011527377523,0.5937645269031958,-0.1312031073642122,0.17952222458762968,0.05231955818797074,0.7697406340057638,0.6649210486767262,-0.38507282621685773
eicu_floor540,300,3,856,423,1778,30,2.0771028037383177,67,1.5666666666666667,0.6451612903225806,113.55106771548508,0.9777987355465463,0.0798565687294076,1,0.21488591209183333,0.04852087496940977,0.8201729106628242,1.0630622192646932,0.19832713157769896,0.29474248082124094,0.045185939810461144,0.8306916426512968,1.3030934466940673,-0.21067874083155574
eicu_floor540,300,3,856,423,1778,27,2.0771028037383177,67,1.7407407407407407,0.6060606060606061,227.43006746545018,0.98669423134246,0.026678650431718715,1,0.14196238922151994,0.05238391148030439,0.7226224783861671,0.5713653782648537,0.1442483549586466,0.16864103965323865,0.0494066747201515,0.7695965417867435,0.9987051126601723,-0.256904835836718
eicu_floor540,300,3,856,423,1778,28,2.0771028037383177,67,1.6785714285714286,0.6896551724137931,127.18392389761088,0.9773899913294446,-0.025039815523555192,0,0.18769804799969284,0.05112326340375318,0.7268011527377523,0.5937645269031958,-0.1312031073642122,0.16265823247613764,0.05142790340653668,0.7012968299711815,0.5542995201734473,-0.2865991379318093
eicu_floor540,300,3,856,856,5534,30,6.464953271028038,67,1.5666666666666667,0.5121951219512195,87.42639940369492,0.9736872856702317,0.02043702976526987,1,0.21488591209183333,0.04852087496940977,0.8201729106628242,1.0630622192646932,0.19832713157769896,0.2353229418571032,0.05314907587798557,0.8020172910662825,0.8516212734498453,-0.7586208492996233
eicu_floor540,300,3,856,856,5534,27,6.464953271028038,67,1.7407407407407407,0.5384615384615384,128.6529751666839,0.9766814564831231,0.13679546364917367,1,0.14196238922151994,0.05238391148030439,0.7226224783861671,0.5713653782648537,0.1442483549586466,0.2787578528706936,0.05507495165375836,0.7938040345821326,0.8363426289855589,-1.010489170094255
eicu_floor540,300,3,856,856,5534,28,6.464953271028038,67,1.6785714285714286,0.5526315789473685,146.38558657230826,0.9863374527039785,0.09582380684674754,1,0.18769804799969284,0.05112326340375318,0.7268011527377523,0.5937645269031958,-0.1312031073642122,0.2835218548464404,0.05553445233867757,0.7406340057636888,0.7236453896684353,-1.0483083533040993
eicu_floor540,300,1,856,505,505,30,0.5899532710280374,67,1.5666666666666667,0.8387096774193549,16.404662260306463,0.9389514249613513,-0.013668321708158793,0,0.21488591209183333,0.04852087496940977,0.8201729106628242,1.0630622192646932,0.19832713157769896,0.20121759038367454,0.04864260660031379,0.8038904899135447,0.941715372579128,0.015128066167576122
eicu_floor540,300,1,856,505,505,27,0.5899532710280374,67,1.7407407407407407,0.9285714285714286,13.749193380177765,0.9255522611843312,-0.02200361810206472,0,0.14196238922151994,0.05238391148030439,0.7226224783861671,0.5713653782648537,0.1442483549586466,0.11995877111945522,0.05310381261952381,0.7154178674351586,0.5687065162626952,0.03067056120747822
eicu_floor540,300,1,856,505,505,28,0.5899532710280374,67,1.6785714285714286,0.896551724137931,18.219824382927758,0.9451142466446301,0.02209894117507069,1,0.18769804799969284,0.05112326340375318,0.7268011527377523,0.5937645269031958,-0.1312031073642122,0.20979698917476353,0.04942478645351971,0.7423631123919308,0.6392431907695255,-0.17890881107613446
eicu_floor540,300,1,856,856,917,30,1.0712616822429906,67,1.5666666666666667,0.8484848484848485,7.480559450121501,0.8574248806744174,0.03150759418797411,1,0.21488591209183333,0.04852087496940977,0.8201729106628242,1.0630622192646932,0.19832713157769896,0.24639350627980744,0.04713590476702157,0.8380403458213257,1.1126553063961124,-0.031063284299392025
eicu_floor540,300,1,856,856,917,27,1.0712616822429906,67,1.7407407407407407,0.7575757575757576,8.33059841541576,0.8799606042526907,0.06189823927124738,1,0.14196238922151994,0.05238391148030439,0.7226224783861671,0.5713653782648537,0.1442483549586466,0.20386062849276732,0.04883046857834403,0.7609510086455331,0.8053485322559992,-0.032953881280193144
eicu_floor540,300,1,856,856,917,28,1.0712616822429906,67,1.6785714285714286,0.7878787878787878,14.75162703318557,0.9320869729865984,0.02726330895700091,1,0.18769804799969284,0.05112326340375318,0.7268011527377523,0.5937645269031958,-0.1312031073642122,0.21496135695669374,0.04981084961874169,0.7371757925072046,0.6723579523441733,-0.24673485854801652
eicu_floor540,301,3,423,408,2566,27,6.066193853427896,34,0.8888888888888888,0.6060606060606061,91.56816485337922,0.969288404952443,-0.034024110768929194,0,0.3407234823915417,0.04395917414366613,0.8755813953488372,0.8958161069781395,-0.10530318492221269,0.3066993716226125,0.11142138192365608,0.8337209302325582,0.9089930410753353,-2.2959188951084135
eicu_floor540,301,3,423,408,2566,27,6.066193853427896,34,0.8888888888888888,0.5405405405405406,100.10133887069325,0.9700303708836974,-0.03835875855406101,0,0.29202221887116603,0.04618991312635239,0.7994186046511629,0.5580012167675903,-0.2737155816220756,0.253663460317105,0.0729703067630499,0.8093023255813954,0.8004784042073306,-1.6119816383285634
eicu_floor540,301,3,423,408,2566,27,6.066193853427896,34,0.8888888888888888,0.6060606060606061,75.32292628546072,0.9623550636317783,0.22620995654998308,1,0.21593876103516566,0.05584510752145213,0.813953488372093,0.5212593703359889,0.0511639510172341,0.44214871758514873,0.05723226160276654,0.8848837209302325,1.074791643752214,-1.388444102005228
eicu_floor540,301,3,423,409,2154,27,5.092198581560283,34,0.8888888888888888,0.5675675675675675,54.265263533211844,0.957785873830938,0.16549134199975324,1,0.3407234823915417,0.04395917414366613,0.8755813953488372,0.8958161069781395,-0.10530318492221269,0.506214824391295,0.05009966779260095,0.888953488372093,1.0046505813432642,-1.1948405083693519
eicu_floor540,301,3,423,409,2154,27,5.092198581560283,34,0.8888888888888888,0.5675675675675675,99.9362853532586,0.9757055813638417,-0.024389353458676488,0,0.29202221887116603,0.04618991312635239,0.7994186046511629,0.5580012167675903,-0.2737155816220756,0.26763286541248954,0.08317034419088516,0.8511627906976744,0.5640424022238338,-1.7633132436702683
eicu_floor540,301,3,423,409,2154,27,5.092198581560283,34,0.8888888888888888,0.5675675675675675,100.30767507390759,0.9775431655595171,0.2440145941757483,1,0.21593876103516566,0.05584510752145213,0.813953488372093,0.5212593703359889,0.0511639510172341,0.45995335521091396,0.0577172679826802,0.9116279069767442,0.7845429749789369,-1.5785096421108986
eicu_floor540,301,3,423,423,1623,27,3.8368794326241136,34,0.8888888888888888,0.4523809523809524,18.590294618562297,0.9462084910154406,-0.024057460725520063,0,0.3407234823915417,0.04395917414366613,0.8755813953488372,0.8958161069781395,-0.10530318492221269,0.31666602166602165,0.05782041956607086,0.886046511627907,0.8135857279417178,-1.3274065486871731
eicu_floor540,301,3,423,423,1623,27,3.8368794326241136,34,0.8888888888888888,0.4523809523809524,60.33046011107653,0.9629620420863779,0.04637346718814883,1,0.29202221887116603,0.04618991312635239,0.7994186046511629,0.5580012167675903,-0.2737155816220756,0.33839568605931486,0.046608403725147955,0.8587209302325582,0.8478585398155852,-0.4748610775369997
eicu_floor540,301,3,423,423,1623,27,3.8368794326241136,34,0.8888888888888888,0.4523809523809524,23.80774641402227,0.9520384555070652,0.2077623856475778,1,0.21593876103516566,0.05584510752145213,0.813953488372093,0.5212593703359889,0.0511639510172341,0.42370114668274345,0.04909896152222267,0.8517441860465116,0.8980821487910322,-0.97932461070215
eicu_floor540,301,2,423,423,2127,27,5.028368794326241,34,0.8888888888888888,0.7647058823529411,78.94014106084614,0.974664347274748,0.04275633241970572,1,0.3407234823915417,0.04395917414366613,0.8755813953488372,0.8958161069781395,-0.10530318492221269,0.38347981481124743,0.04274040981166404,0.8523255813953489,0.41685331963475336,-0.6149436960624041
eicu_floor540,301,2,423,423,2127,27,5.028368794326241,34,0.8888888888888888,0.7647058823529411,67.60002548334576,0.9704142123364624,0.09031848136427101,1,0.29202221887116603,0.04618991312635239,0.7994186046511629,0.5580012167675903,-0.2737155816220756,0.38234070023543704,0.045445209590931394,0.866860465116279,0.376282339319923,-0.7546544466487329
eicu_floor540,301,2,423,423,2127,27,5.028368794326241,34,0.8888888888888888,0.7647058823529411,71.27801819163173,0.9719408584758491,0.2757115699173749,1,0.21593876103516566,0.05584510752145213,0.813953488372093,0.5212593703359889,0.0511639510172341,0.4916503309525405,0.04575945894404309,0.8936046511627906,0.8022016905609091,-0.902715345248565
eicu_floor540,301,2,423,423,1921,27,4.541371158392435,34,0.8888888888888888,0.7857142857142857,71.3873912278134,0.9719781111032655,0.09722709974051225,1,0.3407234823915417,0.04395917414366613,0.8755813953488372,0.8958161069781395,-0.10530318492221269,0.43795058213205396,0.046053939944568675,0.9203488372093024,1.2494302322787862,-0.8699810141486934
eicu_floor540,301,2,423,423,1921,27,4.541371158392435,34,0.8888888888888888,0.7857142857142857,192.45913165877715,0.9895042667450988,-0.023165017417894396,0,0.29202221887116603,0.04618991312635239,0.7994186046511629,0.5580012167675903,-0.2737155816220756,0.26885720145327163,0.05334997053753581,0.8569767441860465,0.8405136769870445,-0.8178136625947339
eicu_floor540,301,2,423,423,1921,27,4.541371158392435,34,0.8888888888888888,0.7857142857142857,155.41231277548263,0.986890432046639,0.0500693990561801,1,0.21593876103516566,0.05584510752145213,0.813953488372093,0.5212593703359889,0.0511639510172341,0.26600816009134576,0.05255052739927088,0.8691860465116279,0.8373655714486523,-0.701160045019567
eicu_floor540,301,3,423,383,2024,27,4.784869976359338,34,0.8888888888888888,0.5263157894736842,72.49557214279199,0.9719312516954637,0.004892771248637462,1,0.3407234823915417,0.04395917414366613,0.8755813953488372,0.8958161069781395,-0.10530318492221269,0.34561625364017917,0.051729128547651756,0.8552325581395349,0.5695336800490616,-1.0899954499234028
eicu_floor540,301,3,423,383,2024,27,4.784869976359338,34,0.8888888888888888,0.5405405405405406,148.02216459483952,0.9797953831818093,-0.02253110116087026,0,0.29202221887116603,0.04618991312635239,0.7994186046511629,0.5580012167675903,-0.2737155816220756,0.26949111771029577,0.04856717384045838,0.7244186046511628,0.5326832927357256,0.2939125455214787
eicu_floor540,301,3,423,383,2024,27,4.784869976359338,34,0.8888888888888888,0.5405405405405406,144.62893711600697,0.9792572630358632,0.25490073883514297,1,0.21593876103516566,0.05584510752145213,0.813953488372093,0.5212593703359889,0.0511639510172341,0.4708394998703086,0.04413272704240126,0.8482558139534884,0.7463903181529742,-0.6759162753960252
eicu_floor540,301,3,423,423,1630,27,3.8534278959810875,34,0.8888888888888888,0.4878048780487805,43.564065428297425,0.9311160217972483,-0.2448895233424401,0,0.3407234823915417,0.04395917414366613,0.8755813953488372,0.8958161069781395,-0.10530318492221269,0.10586080586080587,0.05415676312184385,0.3284883720930233,-0.17767523830715884,1.373803375189703
eicu_floor540,301,3,423,423,1630,27,3.8534278959810875,34,0.8888888888888888,0.5263157894736842,81.59673395630307,0.9669598767250492,-0.14498261147378294,0,0.29202221887116603,0.04618991312635239,0.7994186046511629,0.5580012167675903,-0.2737155816220756,0.1466048875782518,0.0525901842736019,0.3895348837209302,-0.10054960268954821,1.3086018989101802
eicu_floor540,301,3,423,423,1630,27,3.8534278959810875,34,0.8888888888888888,0.5128205128205128,47.33470911184635,0.9585704421051491,-0.08732228232281158,0,0.21593876103516566,0.05584510752145213,0.813953488372093,0.5212593703359889,0.0511639510172341,0.1189161220043573,0.29516107292837895,0.7590116279069767,0.10322677095777001,-15.342531357659293
eicu_floor540,301,3,423,423,3138,27,7.418439716312057,34,0.8888888888888888,0.45714285714285713,111.0288577517755,0.9816275833638053,0.09597374521587426,1,0.3407234823915417,0.04395917414366613,0.8755813953488372,0.8958161069781395,-0.10530318492221269,0.43669722760741597,0.04787255450294977,0.8296511627906977,0.8169211574000749,-0.8694402323543508
eicu_floor540,301,3,423,423,3138,27,7.418439716312057,34,0.8888888888888888,0.45714285714285713,91.44161874595376,0.9818877073071489,0.016956142214544,1,0.29202221887116603,0.04618991312635239,0.7994186046511629,0.5580012167675903,-0.2737155816220756,0.30897836108571003,0.047464287630811335,0.8366279069767442,0.8246156962260958,-0.44506907681292185
eicu_floor540,301,3,423,423,3138,27,7.418439716312057,34,0.8888888888888888,0.45714285714285713,105.40440366305792,0.9810254606971325,0.18460391761916026,1,0.21593876103516566,0.05584510752145213,0.813953488372093,0.5212593703359889,0.0511639510172341,0.4005426786543259,0.04664280625908956,0.7901162790697674,0.7250263685091124,-0.532490083868809
eicu_floor540,301,3,423,423,3266,27,7.721040189125295,34,0.8888888888888888,0.5135135135135135,96.14550843819487,0.9687972943434119,0.05886859220053281,1,0.3407234823915417,0.04395917414366613,0.8755813953488372,0.8958161069781395,-0.10530318492221269,0.3995920745920745,0.04634024316609958,0.8040697674418604,0.8662789392157502,-0.9131992865701825
eicu_floor540,301,3,423,423,3266,27,7.721040189125295,34,0.8888888888888888,0.5428571428571428,112.08288459572557,0.9782923934240267,0.06335550282234514,1,0.29202221887116603,0.04618991312635239,0.7994186046511629,0.5580012167675903,-0.2737155816220756,0.3553777216935112,0.04594144277881338,0.852906976744186,1.2232505440848136,-0.7014942201544175
eicu_floor540,301,3,423,423,3266,27,7.721040189125295,34,0.8888888888888888,0.5588235294117647,92.92202056152499,0.9772619446846471,0.1883161834128194,1,0.21593876103516566,0.05584510752145213,0.813953488372093,0.5212593703359889,0.0511639510172341,0.40425494444798504,0.0463248835834156,0.8593023255813954,1.0063490000058324,-0.7960152244047134
eicu_floor540,301,3,423,408,1847,27,4.366430260047282,34,0.8888888888888888,0.78125,91.71770973739311,0.9703357978153115,0.09550867357550286,1,0.3407234823915417,0.04395917414366613,0.8755813953488372,0.8958161069781395,-0.10530318492221269,0.43623215596704457,0.05217998137902273,0.877906976744186,0.5925637114481676,-1.5235535768472497
eicu_floor540,301,3,423,408,1847,27,4.366430260047282,34,0.8888888888888888,0.78125,92.55736354192985,0.9717961786428304,-0.035556664464648946,0,0.29202221887116603,0.04618991312635239,0.7994186046511629,0.5580012167675903,-0.2737155816220756,0.2564655544065171,0.05776309515316821,0.7284883720930233,0.23766959955901867,-0.8353442507430276
eicu_floor540,301,3,423,408,1847,27,4.366430260047282,34,0.8888888888888888,0.78125,106.25962190021822,0.9717147194426217,0.21609043290510896,1,0.21593876103516566,0.05584510752145213,0.813953488372093,0.5212593703359889,0.0511639510172341,0.4320291939402746,0.04624023055991262,0.8744186046511628,0.9521677936862729,-0.7829839477612075
eicu_floor540,301,1,423,423,724,27,1.7115839243498818,34,0.8888888888888888,0.7096774193548387,10.941936039448063,0.9073027346515125,0.05285312113122326,1,0.3407234823915417,0.04395917414366613,0.8755813953488372,0.8958161069781395,-0.10530318492221269,0.39357660352276497,0.043943623122458364,0.8953488372093023,1.050833681841823,-0.5015750053232643
eicu_floor540,301,1,423,423,724,27,1.7115839243498818,34,0.8888888888888888,0.7096774193548387,37.9303503874452,0.9735945481428843,-0.08399180749775734,0,0.29202221887116603,0.04618991312635239,0.7994186046511629,0.5580012167675903,-0.2737155816220756,0.2080304113734087,0.056667316025318396,0.7604651162790699,0.5716704651030641,-0.7048782700398213
eicu_floor540,301,1,423,423,724,27,1.7115839243498818,34,0.8888888888888888,0.7096774193548387,33.03453876970745,0.9672211750103583,-0.00025905513790860923,0,0.21593876103516566,0.05584510752145213,0.813953488372093,0.5212593703359889,0.0511639510172341,0.21567970589725705,0.06787760339565059,0.7883720930232558,0.4828009489763975,-1.0618937674867064
eicu_floor540,301,2,423,423,2490,27,5.886524822695035,34,0.8888888888888888,0.7096774193548387,72.22583574003116,0.9723090777765622,0.06369281086685685,1,0.3407234823915417,0.04395917414366613,0.8755813953488372,0.8958161069781395,-0.10530318492221269,0.40441629325839856,0.057453102862532184,0.9145348837209303,0.9890495759201637,-1.487331042668445
eicu_floor540,301,2,423,423,2490,27,5.886524822695035,34,0.8888888888888888,0.7096774193548387,75.01751687291403,0.9733395601005007,0.03208016081589049,1,0.29202221887116603,0.04618991312635239,0.7994186046511629,0.5580012167675903,-0.2737155816220756,0.3241023796870565,0.0983299848483137,0.8558139534883722,0.6487894657611354,-2.4097032835567527
eicu_floor540,301,2,423,423,2490,27,5.886524822695035,34,0.8888888888888888,0.7096774193548387,87.81332994209679,0.9772244145470992,0.017644552055322532,1,0.21593876103516566,0.05584510752145213,0.813953488372093,0.5212593703359889,0.0511639510172341,0.2335833130904882,0.07251352304509334,0.8098837209302325,0.5259235308031087,-1.5908665498893095
eicu_floor540,307,4,505,383,4542,27,8.994059405940595,70,1.8148148148148149,0.59375,126.41400480926708,0.9689040193581235,0.021696254522457825,1,0.2619880604305027,0.08447069194694537,0.69533527696793,0.568383022240015,0.03009964433617729,0.28368431495296054,0.08069296762636645,0.7429543245869776,0.7282639489808589,-0.09018023163918475
eicu_floor540,307,4,505,383,4542,27,8.994059405940595,70,1.8148148148148149,0.59375,132.69517356121952,0.9724170125114748,0.20377075572406217,1,0.18274594529828503,0.08929838218399162,0.6919339164237123,0.42177873806802363,0.23566658637412613,0.3865167010223472,0.07576499200273563,0.8277453838678328,0.8602728687444535,0.2706184346262669
eicu_floor540,307,4,505,383,4542,27,8.994059405940595,70,1.8148148148148149,0.59375,101.26415614942225,0.969094470493719,0.11113422467682676,1,0.31618409071288844,0.08340278692028683,0.6800291545189504,0.4666096948863529,-0.09973304736654579,0.4273183153897152,0.07000397898041806,0.7429543245869776,0.8747578908803906,-0.03422136265047006
eicu_floor540,307,4,505,505,3637,27,7.201980198019802,70,1.8148148148148149,0.4878048780487805,76.86839435607953,0.9609162059233789,0.08779291848293164,1,0.2619880604305027,0.08447069194694537,0.69533527696793,0.568383022240015,0.03009964433617729,0.34978097891343435,0.08192384045460516,0.7854713313896987,0.8797886064316565,-0.5742196185579577
eicu_floor540,307,4,505,505,3637,27,7.201980198019802,70,1.8148148148148149,0.4878048780487805,170.52501721493002,0.9873338095230443,0.24903047794569533,1,0.18274594529828503,0.08929838218399162,0.6919339164237123,0.42177873806802363,0.23566658637412613,0.43177642324398036,0.07102119799166315,0.8493683187560738,0.8830582423075629,-0.32270139429989636
eicu_floor540,307,4,505,505,3637,27,7.201980198019802,70,1.8148148148148149,0.4878048780487805,148.97578350506043,0.9731499985709816,0.0792597796566798,1,0.31618409071288844,0.08340278692028683,0.6800291545189504,0.4666096948863529,-0.09973304736654579,0.39544387036956824,0.07977984775347924,0.7468415937803694,0.7546566724033323,-0.6657837461894872
eicu_floor540,307,3,505,505,2885,27,5.712871287128713,70,1.8148148148148149,0.5365853658536586,213.19048673615998,0.9861294649234693,0.10942587212714588,1,0.2619880604305027,0.08447069194694537,0.69533527696793,0.568383022240015,0.03009964433617729,0.3714139325576486,0.07517627000754416,0.8032069970845481,1.12859826909401,-0.2220464952865203
eicu_floor540,307,3,505,505,2885,27,5.712871287128713,70,1.8148148148148149,0.5609756097560976,74.60137787257602,0.9620859792250974,0.2489062456568747,1,0.18274594529828503,0.08929838218399162,0.6919339164237123,0.42177873806802363,0.23566658637412613,0.4316521909551597,0.07042013021944074,0.8394071914480079,0.9990041151738732,-0.148777876752247
eicu_floor540,307,3,505,505,2885,27,5.712871287128713,70,1.8148148148148149,0.55,81.93966433760436,0.9755036348251563,0.09280559753498618,1,0.31618409071288844,0.08340278692028683,0.6800291545189504,0.4666096948863529,-0.09973304736654579,0.4089896882478746,0.07221065944053581,0.7558309037900874,0.9900407550329269,-0.3092212588634546
eicu_floor540,307,4,505,409,3500,27,6.930693069306931,70,1.8148148148148149,0.3,121.18366608737108,0.983496125636618,0.05962387175666223,1,0.2619880604305027,0.08447069194694537,0.69533527696793,0.568383022240015,0.03009964433617729,0.32161193218716494,0.08115007381148708,0.7201166180758017,0.6663061477397924,-0.14359333928069554
eicu_floor540,307,4,505,409,3500,27,6.930693069306931,70,1.8148148148148149,0.3,133.51236263065016,0.9819449114605199,0.24610581729999925,1,0.18274594529828503,0.08929838218399162,0.6919339164237123,0.42177873806802363,0.23566658637412613,0.4288517625982843,0.07108828183281916,0.8462099125364432,0.6902973257827181,-0.12152478224952815
eicu_floor540,307,4,505,409,3500,27,6.930693069306931,70,1.8148148148148149,0.3,149.05174426989544,0.9851018951221069,0.058558468822747456,1,0.31618409071288844,0.08340278692028683,0.6800291545189504,0.4666096948863529,-0.09973304736654579,0.3747425595356359,0.07526501766714305,0.7410106899902819,0.719379615773049,-0.20497513682786295
eicu_floor540,307,2,505,505,2052,27,4.063366336633663,70,1.8148148148148149,0.4878048780487805,73.06652626320391,0.9726276846281771,0.10062449907894011,1,0.2619880604305027,0.08447069194694537,0.69533527696793,0.568383022240015,0.03009964433617729,0.3626125595094428,0.08208502424373612,0.7803692905733721,0.7761655865613704,-0.6428312863347004
eicu_floor540,307,2,505,505,2052,27,4.063366336633663,70,1.8148148148148149,0.5128205128205128,62.95218493318933,0.9763284960258642,0.22613058583970186,1,0.18274594529828503,0.08929838218399162,0.6919339164237123,0.42177873806802363,0.23566658637412613,0.4088765311379869,0.07292906894453088,0.8226433430515062,0.619705156126469,-0.4915422071467705
eicu_floor540,307,2,505,505,2052,27,4.063366336633663,70,1.8148148148148149,0.5128205128205128,138.0098338811239,0.985508279056964,0.08176630766763865,1,0.31618409071288844,0.08340278692028683,0.6800291545189504,0.4666096948863529,-0.09973304736654579,0.3979503983805271,0.08621242035724119,0.7655490767735665,0.6237310722622419,-0.8427747034419033
eicu_floor540,307,3,505,417,3881,27,7.685148514851485,70,1.8148148148148149,0.5294117647058824,91.39467963576966,0.977417405958255,0.0732987961521182,1,0.2619880604305027,0.08447069194694537,0.69533527696793,0.568383022240015,0.03009964433617729,0.3352868565826209,0.07826552895924435,0.6992225461613215,0.6241252230633525,0.14467591354247555
eicu_floor540,307,3,505,417,3881,27,7.685148514851485,70,1.8148148148148149,0.5294117647058824,109.60183154028664,0.9787220185167443,0.17896083797195783,1,0.18274594529828503,0.08929838218399162,0.6919339164237123,0.42177873806802363,0.23566658637412613,0.36170678327024286,0.0741964982224591,0.7934888241010689,0.8879769096708878,0.24225280537084853
eicu_floor540,307,3,505,417,3881,27,7.685148514851485,70,1.8148148148148149,0.5294117647058824,84.59351627819234,0.969795361209387,0.017386271251516372,1,0.31618409071288844,0.08340278692028683,0.6800291545189504,0.4666096948863529,-0.09973304736654579,0.3335703619644048,0.0801928312671901,0.672983479105928,0.534806405190228,-0.0023184572083901588
eicu_floor540,307,4,505,505,3045,27,6.02970297029703,70,1.8148148148148149,0.5526315789473685,117.62403404330612,0.9659933445359704,0.0738741713199817,1,0.2619880604305027,0.08447069194694537,0.69533527696793,0.568383022240015,0.03009964433617729,0.3358622317504844,0.07993895134935287,0.7653061224489797,0.7824957725669891,0.5438628730330597
eicu_floor540,307,4,505,505,3045,27,6.02970297029703,70,1.8148148148148149,0.5675675675675675,104.86371525429078,0.9766657478112318,0.17453607788444514,1,0.18274594529828503,0.08929838218399162,0.6919339164237123,0.42177873806802363,0.23566658637412613,0.35728202318273017,0.08078112433677329,0.7942176870748299,0.6952445144382473,0.5343367998380547
eicu_floor540,307,4,505,505,3045,27,6.02970297029703,70,1.8148148148148149,0.5675675675675675,143.8275015198231,0.9800167527890875,0.0719965646332027,1,0.31618409071288844,0.08340278692028683,0.6800291545189504,0.4666096948863529,-0.09973304736654579,0.38818065534609114,0.0752765561960236,0.7332361516034985,0.8951000007848787,0.4832646661907589
eicu_floor540,307,3,505,423,1436,27,2.8435643564356434,70,1.8148148148148149,0.8,97.10670991541872,0.9716079771289792,-0.018944873960292485,0,0.2619880604305027,0.08447069194694537,0.69533527696793,0.568383022240015,0.03009964433617729,0.24304318647021023,0.08716546976661207,0.6598639455782312,0.38959614755767363,0.1928684265007196
eicu_floor540,307,3,505,423,1436,27,2.8435643564356434,70,1.8148148148148149,0.8,80.30464312210745,0.9736605471503442,0.09588809025541467,1,0.18274594529828503,0.08929838218399162,0.6919339164237123,0.42177873806802363,0.23566658637412613,0.2786340355536997,0.08666126961384199,0.7310495626822158,0.4247134484859677,-0.06363520707171982
eicu_floor540,307,3,505,423,1436,27,2.8435643564356434,70,1.8148148148148149,0.8,127.59120190713271,0.9765581786050486,0.0005054703805209559,1,0.31618409071288844,0.08340278692028683,0.6800291545189504,0.4666096948863529,-0.09973304736654579,0.3166895610934094,0.07915989414921124,0.7247327502429544,0.7432230246379118,0.2934303372035678
eicu_floor540,307,1,505,505,539,27,1.0673267326732674,70,1.8148148148148149,0.8666666666666667,7.772609978676205,0.8700917547730211,0.03913093914999621,1,0.2619880604305027,0.08447069194694537,0.69533527696793,0.568383022240015,0.03009964433617729,0.3011189995804989,0.08066779519764306,0.7339650145772594,0.7733764300759379,0.4744367571833916
eicu_floor540,307,1,505,505,539,27,1.0673267326732674,70,1.8148148148148149,0.8666666666666667,13.909858757216806,0.9265773052040283,0.14959548312039406,1,0.18274594529828503,0.08929838218399162,0.6919339164237123,0.42177873806802363,0.23566658637412613,0.3323414284186791,0.07831134544110911,0.6805150631681244,0.6535357390322755,0.7425082420299727
eicu_floor540,307,1,505,505,539,27,1.0673267326732674,70,1.8148148148148149,0.8666666666666667,11.620103203524693,0.9070333606767782,-0.02568006527200395,0,0.31618409071288844,0.08340278692028683,0.6800291545189504,0.4666096948863529,-0.09973304736654579,0.2905040254408845,0.08090809025250979,0.750242954324587,0.8174642619382334,0.5348714162109908
eicu_floor540,307,1,505,505,605,27,1.198019801980198,70,1.8148148148148149,0.7647058823529411,32.71518549267916,0.969178444698984,0.11521556346345896,1,0.2619880604305027,0.08447069194694537,0.69533527696793,0.568383022240015,0.03009964433617729,0.37720362389396167,0.0771595736447823,0.7896015549076772,0.8245819654145765,0.5953916204978582
eicu_floor540,307,1,505,505,605,27,1.198019801980198,70,1.8148148148148149,0.7647058823529411,18.015676683649982,0.9439132653315723,0.0505314976093128,1,0.18274594529828503,0.08929838218399162,0.6919339164237123,0.42177873806802363,0.23566658637412613,0.23327744290759783,0.09128078448658537,0.7541302235179785,0.48298465946556385,0.8392902750955957
eicu_floor540,307,1,505,505,605,27,1.198019801980198,70,1.8148148148148149,0.7647058823529411,22.06047932343886,0.9506908291317234,-0.05812378945128249,0,0.31618409071288844,0.08340278692028683,0.6800291545189504,0.4666096948863529,-0.09973304736654579,0.25806030126160595,0.0896675873963287,0.6496598639455782,0.34256477907126553,0.3284820632746462
eicu_floor540,307,2,505,485,2246,27,4.447524752475248,70,1.8148148148148149,0.7241379310344828,96.00482055145783,0.9779209686777846,0.03808675842863363,1,0.2619880604305027,0.08447069194694537,0.69533527696793,0.568383022240015,0.03009964433617729,0.30007481885913634,0.08071798788258741,0.7315354713313897,1.0233103607460294,-0.1496162993710903
eicu_floor540,307,2,505,485,2246,27,4.447524752475248,70,1.8148148148148149,0.6176470588235294,114.40525673487252,0.9852729569696831,0.126093062924096,1,0.18274594529828503,0.08929838218399162,0.6919339164237123,0.42177873806802363,0.23566658637412613,0.30883900822238103,0.07882480580509169,0.8141399416909622,1.167127383117151,-0.05588678394103907
eicu_floor540,307,2,505,485,2246,27,4.447524752475248,70,1.8148148148148149,0.7241379310344828,57.475522298300405,0.9736780965479133,0.049992938012826005,1,0.31618409071288844,0.08340278692028683,0.6800291545189504,0.4666096948863529,-0.09973304736654579,0.36617702872571445,0.07661206315027935,0.7266763848396501,0.8955912256925045,-0.2680540397146743
eicu_floor540,307,1,505,505,1083,27,2.1445544554455447,70,1.8148148148148149,0.6666666666666666,60.79995095977444,0.9832426320292569,0.09673278910513611,1,0.2619880604305027,0.08447069194694537,0.69533527696793,0.568383022240015,0.03009964433617729,0.3587208495356388,0.07765555980952006,0.771622934888241,1.0066120607089588,-0.4004377191405277
eicu_floor540,307,1,505,505,1083,27,2.1445544554455447,70,1.8148148148148149,0.6666666666666666,20.733646734005283,0.9515848558023945,0.1804094812617934,1,0.18274594529828503,0.08929838218399162,0.6919339164237123,0.42177873806802363,0.23566658637412613,0.36315542656007843,0.07840665168230097,0.8367346938775511,0.8349813134629347,-0.12498365542122794
eicu_floor540,307,1,505,505,1083,27,2.1445544554455447,70,1.8148148148148149,0.6666666666666666,36.402576054902845,0.9654244643542902,0.09266249667832421,1,0.31618409071288844,0.08340278692028683,0.6800291545189504,0.4666096948863529,-0.09973304736654579,0.40884658739121266,0.07328552529730302,0.7346938775510203,0.9439040098422485,-0.4072579297949279
eicu_floor540,318,1,487,392,392,21,0.8049281314168378,84,2.8095238095238093,0.7142857142857143,21.304944886427663,0.9428305547959761,0.04133216245350113,1,0.28848398267336683,0.10819299642228655,0.6447826086956522,0.4582197595282914,-0.16588766068018462,0.32981614512686797,0.09801469320557862,0.6243478260869565,0.3580840000796572,0.8898555352322026
eicu_floor540,318,1,487,392,392,21,0.8049281314168378,84,2.8095238095238093,0.7142857142857143,26.241486727181872,0.9617512466539974,0.05391338359636863,1,0.2432591123981461,0.10768004916049752,0.6434782608695652,0.43806886040276855,0.10304611345935334,0.29717249599451473,0.10493890208240815,0.6502173913043479,0.4402857026649935,1.5298336647194692
eicu_floor540,318,1,487,392,392,21,0.8049281314168378,84,2.8095238095238093,0.7142857142857143,20.389076776756568,0.9453625638695824,0.06043559013220845,1,0.28102495089488033,0.10242402257525096,0.6545652173913044,0.5148026881280338,0.0427150268882564,0.3414605410270888,0.09879869286541107,0.6756521739130434,0.30630564285558615,1.039561720486027
eicu_floor540,318,1,487,487,3039,21,6.240246406570842,84,2.8095238095238093,0.7407407407407407,38.49041338373309,0.9739752521143605,0.011162657848239,1,0.28848398267336683,0.10819299642228655,0.6447826086956522,0.4582197595282914,-0.16588766068018462,0.29964664052160583,0.09923717513185362,0.6908695652173913,0.6922531432477208,0.6102160856718162
eicu_floor540,318,1,487,487,3039,21,6.240246406570842,84,2.8095238095238093,0.7407407407407407,44.44837984620159,0.9730667120361758,0.062320657937531804,1,0.2432591123981461,0.10768004916049752,0.6434782608695652,0.43806886040276855,0.10304611345935334,0.3055797703356779,0.10507489593189448,0.6591304347826088,0.8366027088297522,1.1788814038697883
eicu_floor540,318,1,487,487,3039,21,6.240246406570842,84,2.8095238095238093,0.7407407407407407,33.086468727389146,0.968783085638848,0.002277241829832244,1,0.28102495089488033,0.10242402257525096,0.6545652173913044,0.5148026881280338,0.0427150268882564,0.2833021927247126,0.10310392962938907,0.7404347826086957,0.8425355850312315,0.9797845471978724
eicu_floor540,318,3,487,487,4853,21,9.965092402464066,84,2.8095238095238093,0.4634146341463415,106.07668235819676,0.9776009915176795,-0.11911361298947754,0,0.28848398267336683,0.10819299642228655,0.6447826086956522,0.4582197595282914,-0.16588766068018462,0.18176569895157657,0.11612361351149166,0.4205434782608695,-0.08129650666988344,1.5055248494730418
eicu_floor540,318,3,487,487,4853,21,9.965092402464066,84,2.8095238095238093,0.5,67.75561973685272,0.9748958100165654,-0.12889928347352944,0,0.2432591123981461,0.10768004916049752,0.6434782608695652,0.43806886040276855,0.10304611345935334,0.11602544449833785,0.1167772829119836,0.33413043478260873,-0.17318022572377545,1.762688766560952
eicu_floor540,318,3,487,487,4853,21,9.965092402464066,84,2.8095238095238093,0.48717948717948717,93.66079145783216,0.9719574784355351,0.05288176291661234,1,0.28102495089488033,0.10242402257525096,0.6545652173913044,0.5148026881280338,0.0427150268882564,0.2297759270831218,0.28471600173747097,0.7445652173913043,0.08701583889733835,-14.198592073097362
eicu_floor540,318,2,487,487,1195,21,2.453798767967146,84,2.8095238095238093,0.7407407407407407,55.39858630889062,0.9756350154885378,0.038993321878621146,1,0.28848398267336683,0.10819299642228655,0.6447826086956522,0.4582197595282914,-0.16588766068018462,0.327477304551988,0.09708415487709934,0.6869565217391305,0.6972019071212984,0.12547442487309893
eicu_floor540,318,2,487,487,1195,21,2.453798767967146,84,2.8095238095238093,0.7407407407407407,37.98375717783065,0.9472683532587283,0.012159902805045725,1,0.2432591123981461,0.10768004916049752,0.6434782608695652,0.43806886040276855,0.10304611345935334,0.2554190152031918,0.10234295101028616,0.645,0.6239704234960888,0.3971968561702022
eicu_floor540,318,2,487,487,1195,21,2.453798767967146,84,2.8095238095238093,0.7407407407407407,38.14691959603525,0.9590239138184145,0.025150698718580555,1,0.28102495089488033,0.10242402257525096,0.6545652173913044,0.5148026881280338,0.0427150268882564,0.3061756496134609,0.09922302913219959,0.7280434782608696,0.8373921936669397,0.4441497841400238
eicu_floor540,318,3,487,383,2001,21,4.108829568788501,84,2.8095238095238093,0.5277777777777778,233.99872907892626,0.9870509519747728,0.10972501370508964,1,0.28848398267336683,0.10819299642228655,0.6447826086956522,0.4582197595282914,-0.16588766068018462,0.39820899637845647,0.09226501556253268,0.7473913043478261,0.6808019948312515,0.1467276689910348
eicu_floor540,318,3,487,383,2001,21,4.108829568788501,84,2.8095238095238093,0.5277777777777778,314.5712650342189,0.9913402980799045,0.07148415279310674,1,0.2432591123981461,0.10768004916049752,0.6434782608695652,0.43806886040276855,0.10304611345935334,0.31474326519125284,0.10228881511833303,0.7034782608695652,0.5222400586369751,0.29276543593481485
eicu_floor540,318,3,487,383,2001,21,4.108829568788501,84,2.8095238095238093,0.5277777777777778,266.10210333982684,0.9906096627845535,0.11638649765594761,1,0.28102495089488033,0.10242402257525096,0.6545652173913044,0.5148026881280338,0.0427150268882564,0.39741144855082794,0.09238300036653528,0.7713043478260869,0.710862329956584,0.14744583742531162
eicu_floor540,318,4,487,408,3001,21,6.162217659137577,84,2.8095238095238093,0.5526315789473685,103.15371469246341,0.9800369548167597,0.06654092485568497,1,0.28848398267336683,0.10819299642228655,0.6447826086956522,0.4582197595282914,-0.16588766068018462,0.3550249075290518,0.099253216588536,0.6958695652173914,0.6503746829691187,0.9386185653426776
eicu_floor540,318,4,487,408,3001,21,6.162217659137577,84,2.8095238095238093,0.5526315789473685,177.32196157045908,0.981346966097508,0.1054837901735424,1,0.2432591123981461,0.10768004916049752,0.6434782608695652,0.43806886040276855,0.10304611345935334,0.3487429025716885,0.09703202072599611,0.6354347826086957,0.5058994426493693,0.9261937259661325
eicu_floor540,318,4,487,408,3001,21,6.162217659137577,84,2.8095238095238093,0.5526315789473685,126.33597156470175,0.9766318599396668,0.12425833652535306,1,0.28102495089488033,0.10242402257525096,0.6545652173913044,0.5148026881280338,0.0427150268882564,0.4052832874202334,0.09572231839647095,0.7365217391304348,0.9962224694797893,0.7823917348147761
eicu_floor540,318,4,487,409,2486,21,5.104722792607803,84,2.8095238095238093,0.475,72.38080088032055,0.9601592752317988,0.16789381688104643,1,0.28848398267336683,0.10819299642228655,0.6447826086956522,0.4582197595282914,-0.16588766068018462,0.45637779955441327,0.09535626748476186,0.7978260869565217,0.7243049087443373,1.164533696429506
eicu_floor540,318,4,487,409,2486,21,5.104722792607803,84,2.8095238095238093,0.475,62.56488859240626,0.9696442480796232,0.17526043263720595,1,0.2432591123981461,0.10768004916049752,0.6434782608695652,0.43806886040276855,0.10304611345935334,0.41851954503535205,0.09722297237848393,0.731521739130435,0.5148973828103643,1.250899694333836
eicu_floor540,318,4,487,409,2486,21,5.104722792607803,84,2.8095238095238093,0.475,83.31470695314727,0.9817161086334545,0.08615880667414866,1,0.28102495089488033,0.10242402257525096,0.6545652173913044,0.5148026881280338,0.0427150268882564,0.367183757569029,0.09584666645837518,0.7215217391304348,0.5916123365797437,1.1925209278981728
eicu_floor540,318,4,487,487,2491,21,5.114989733059549,84,2.8095238095238093,0.5454545454545454,112.93665387440834,0.9827583172563287,0.06929596871636484,1,0.28848398267336683,0.10819299642228655,0.6447826086956522,0.4582197595282914,-0.16588766068018462,0.3577799513897317,0.09301414659441365,0.7308695652173914,0.919949290671314,0.6231034750597864
eicu_floor540,318,4,487,487,2491,21,5.114989733059549,84,2.8095238095238093,0.5142857142857142,122.43560587888412,0.9774454013075213,0.12500490876167544,1,0.2432591123981461,0.10768004916049752,0.6434782608695652,0.43806886040276855,0.10304611345935334,0.36826402115982154,0.09527771299736008,0.645,0.8032870122902585,0.7293675047815582
eicu_floor540,318,4,487,487,2491,21,5.114989733059549,84,2.8095238095238093,0.5142857142857142,114.40650312310846,0.9825184762631205,0.18194001973722712,1,0.28102495089488033,0.10242402257525096,0.6545652173913044,0.5148026881280338,0.0427150268882564,0.46296497063210745,0.09160024065047198,0.7076086956521739,0.9731620216535899,0.8159258020979576
eicu_floor540,318,3,487,487,2679,21,5.501026694045175,84,2.8095238095238093,0.4878048780487805,149.9867634777239,0.9850960163609468,0.11320362232589931,1,0.28848398267336683,0.10819299642228655,0.6447826086956522,0.4582197595282914,-0.16588766068018462,0.40168760499926615,0.09391429035782281,0.6997826086956522,0.616404197620272,0.9584621390935109
eicu_floor540,318,3,487,487,2679,21,5.501026694045175,84,2.8095238095238093,0.5,114.39691260538532,0.977292641636608,0.10028477786871029,1,0.2432591123981461,0.10768004916049752,0.6434782608695652,0.43806886040276855,0.10304611345935334,0.3435438902668564,0.09561182123821037,0.6584782608695652,0.6454680683763787,0.4394371831186893
eicu_floor540,318,3,487,487,2679,21,5.501026694045175,84,2.8095238095238093,0.5,76.13467185942338,0.9657487795848497,0.1819621577494862,1,0.28102495089488033,0.10242402257525096,0.6545652173913044,0.5148026881280338,0.0427150268882564,0.46298710864436654,0.08622912131241713,0.8021739130434784,1.1475828898182348,0.46674696847219976
eicu_floor540,318,2,487,487,1827,21,3.751540041067762,84,2.8095238095238093,0.5263157894736842,109.81198827671855,0.9850151504698557,0.12448855518961599,1,0.28848398267336683,0.10819299642228655,0.6447826086956522,0.4582197595282914,-0.16588766068018462,0.4129725378629828,0.08946259361749738,0.731304347826087,0.6319513959147133,0.5865860071220852
eicu_floor540,318,2,487,487,1827,21,3.751540041067762,84,2.8095238095238093,0.5263157894736842,97.28524388186639,0.9876970709931335,0.12942234829273833,1,0.2432591123981461,0.10768004916049752,0.6434782608695652,0.43806886040276855,0.10304611345935334,0.3726814606908844,0.09458762173652556,0.6782608695652174,0.685623622682807,0.7688134442231231
eicu_floor540,318,2,487,487,1827,21,3.751540041067762,84,2.8095238095238093,0.5263157894736842,103.74505590040226,0.9807219728917005,0.24598155924373322,1,0.28102495089488033,0.10242402257525096,0.6545652173913044,0.5148026881280338,0.0427150268882564,0.5270065101386135,0.08287162722935049,0.8241304347826087,1.0318799879767306,0.7426106828890103
eicu_floor540,318,2,487,487,2250,21,4.620123203285421,84,2.8095238095238093,0.59375,31.97325832699007,0.9540455974530331,0.07366753978067386,1,0.28848398267336683,0.10819299642228655,0.6447826086956522,0.4582197595282914,-0.16588766068018462,0.3621515224540407,0.09372205858289827,0.7404347826086957,0.6714227560390206,0.2782594279328972
eicu_floor540,318,2,487,487,2250,21,4.620123203285421,84,2.8095238095238093,0.59375,21.942313484162113,0.9388675395115834,0.06107640043144033,1,0.2432591123981461,0.10768004916049752,0.6434782608695652,0.43806886040276855,0.10304611345935334,0.30433551282958643,0.10312844463870517,0.6752173913043479,0.44652680825173957,0.35031643096740384
eicu_floor540,318,2,487,487,2250,21,4.620123203285421,84,2.8095238095238093,0.59375,23.890743729404655,0.9331007011812725,0.05347743020379431,1,0.28102495089488033,0.10242402257525096,0.6545652173913044,0.5148026881280338,0.0427150268882564,0.33450238109867464,0.09964998343975022,0.6969565217391305,0.5570769608642776,0.2661084221789438
eicu_floor540,318,2,487,487,1089,21,2.2361396303901437,84,2.8095238095238093,0.7037037037037037,62.19487624529137,0.9687017820474717,0.0795922652112292,1,0.28848398267336683,0.10819299642228655,0.6447826086956522,0.4582197595282914,-0.16588766068018462,0.36807624788459603,0.09628956815607483,0.7665217391304349,0.5945617951723283,0.3943166624296093
eicu_floor540,318,2,487,487,1089,21,2.2361396303901437,84,2.8095238095238093,0.6785714285714286,38.24777978807981,0.9604544455109003,0.09742805069409863,1,0.2432591123981461,0.10768004916049752,0.6434782608695652,0.43806886040276855,0.10304611345935334,0.3406871630922447,0.09881585081667485,0.7052173913043478,0.4968792759774435,0.3229902863930757
eicu_floor540,318,2,487,487,1089,21,2.2361396303901437,84,2.8095238095238093,0.7037037037037037,38.12815847644337,0.949026344149701,0.05250513605183693,1,0.28102495089488033,0.10242402257525096,0.6545652173913044,0.5148026881280338,0.0427150268882564,0.33353008694671726,0.09805033503545728,0.7273913043478262,0.5509431807542408,0.2698393592190869
eicu_floor540,338,1,1587,576,576,22,0.3629489603024575,149,4.7272727272727275,0.5384615384615384,19.5914682261553,0.9489573732577651,0.06977317583585574,1,0.1838175749541855,0.06011518104008152,0.7137316561844864,0.6551150628386214,0.04050873810019076,0.25359075079004123,0.057496047505725026,0.7567085953878407,0.7910981660021775,-0.1284562807832438
eicu_floor540,338,1,1587,576,576,22,0.3629489603024575,149,4.7272727272727275,0.5384615384615384,48.92545810968649,0.9795607432482678,0.033489068718859316,1,0.18070366856320402,0.0605041205301966,0.7160377358490566,0.6995730954166361,-0.08600251996461417,0.21419273728206334,0.06003656681585471,0.7136967155835081,0.6667275810602532,-0.11187809023565509
eicu_floor540,338,1,1587,576,576,22,0.3629489603024575,149,4.7272727272727275,0.5675675675675675,25.92385563221794,0.9614254910925669,-0.0030104014697590054,0,0.2433449537955964,0.056342608657422355,0.7625786163522013,1.0986212584997932,-0.03462475360835719,0.2403345523258374,0.05710420943357542,0.7442348008385745,0.7433277127477184,-0.1666575091536586
eicu_floor540,338,4,1587,446,2611,22,1.6452425960932577,149,4.7272727272727275,0.3,285.4179601720541,0.9881938868131135,0.09016719798739026,1,0.1838175749541855,0.06011518104008152,0.7137316561844864,0.6551150628386214,0.04050873810019076,0.27398477294157575,0.05744682508808544,0.7633123689727463,0.763874026725154,-0.25692176960897956
eicu_floor540,338,4,1587,446,2611,22,1.6452425960932577,149,4.7272727272727275,0.3,192.14696369469692,0.9818606774061249,0.02645630483817163,1,0.18070366856320402,0.0605041205301966,0.7160377358490566,0.6995730954166361,-0.08600251996461417,0.20715997340137565,0.059468281462069596,0.7495108315863033,0.7646005251482078,-0.2646324988923303
eicu_floor540,338,4,1587,446,2611,22,1.6452425960932577,149,4.7272727272727275,0.3,172.45059969123395,0.9818330771978606,-0.05612652864309747,0,0.2433449537955964,0.056342608657422355,0.7625786163522013,1.0986212584997932,-0.03462475360835719,0.18721842515249892,0.06284325959418659,0.7263452131376659,0.6080209101497269,-0.3441615865266865
eicu_floor540,338,4,1587,590,3445,22,2.170762444864524,149,4.7272727272727275,0.2894736842105263,106.46113307196777,0.9745352267984239,0.10366357299212908,1,0.1838175749541855,0.06011518104008152,0.7137316561844864,0.6551150628386214,0.04050873810019076,0.2874811479463146,0.058030009021753405,0.8042627533193571,0.707655774380489,-0.3990309737264585
eicu_floor540,338,4,1587,590,3445,22,2.170762444864524,149,4.7272727272727275,0.2894736842105263,50.167534283860135,0.9624983328160546,0.03369638548048676,1,0.18070366856320402,0.0605041205301966,0.7160377358490566,0.6995730954166361,-0.08600251996461417,0.21440005404369078,0.0682558156399497,0.7429070580013977,0.5227470773040916,-0.6528084126489451
eicu_floor540,338,4,1587,590,3445,22,2.170762444864524,149,4.7272727272727275,0.2894736842105263,114.03833283164107,0.9805557763932313,0.0550831634687422,1,0.2433449537955964,0.056342608657422355,0.7625786163522013,1.0986212584997932,-0.03462475360835719,0.2984281172643386,0.058657816016129634,0.7851153039832286,0.6948496282050268,-0.48745663463593425
eicu_floor540,338,4,1587,788,4206,22,2.6502835538752363,149,4.7272727272727275,0.42424242424242425,206.44531030858366,0.9857069616198941,-0.014676357114343647,0,0.1838175749541855,0.06011518104008152,0.7137316561844864,0.6551150628386214,0.04050873810019076,0.16914121783984185,0.072474001382951,0.7019566736547868,0.40870318909308045,-0.6938459556371043
eicu_floor540,338,4,1587,788,4206,22,2.6502835538752363,149,4.7272727272727275,0.42424242424242425,178.71532694166723,0.9847454177941625,0.011999373508100986,1,0.18070366856320402,0.0605041205301966,0.7160377358490566,0.6995730954166361,-0.08600251996461417,0.192703042071305,0.06724604026279885,0.7293501048218028,0.5295782918011692,-0.6599346403936611
eicu_floor540,338,4,1587,788,4206,22,2.6502835538752363,149,4.7272727272727275,0.42424242424242425,270.2659068750007,0.9904063203808429,0.05021301858930932,1,0.2433449537955964,0.056342608657422355,0.7625786163522013,1.0986212584997932,-0.03462475360835719,0.2935579723849057,0.058351636812889726,0.8012928022361985,0.82998575925796,-0.6109514245117346
eicu_floor540,338,3,1587,387,2392,22,1.5072463768115942,149,4.7272727272727275,0.5128205128205128,158.77175970906225,0.9873933355942902,0.11241826295004131,1,0.1838175749541855,0.06011518104008152,0.7137316561844864,0.6551150628386214,0.04050873810019076,0.2962358379042268,0.05538233838198378,0.8207197763801537,0.8406452365096709,-0.29472612577510077
eicu_floor540,338,3,1587,387,2392,22,1.5072463768115942,149,4.7272727272727275,0.5128205128205128,113.84551595746478,0.9736485009991885,0.0392945906991701,1,0.18070366856320402,0.0605041205301966,0.7160377358490566,0.6995730954166361,-0.08600251996461417,0.21999825926237412,0.06313136688329068,0.7215583508036337,0.5858837825872835,-0.510234574365493
eicu_floor540,338,3,1587,387,2392,22,1.5072463768115942,149,4.7272727272727275,0.5128205128205128,107.46037659807561,0.9720827332364502,0.08998654940316425,1,0.2433449537955964,0.056342608657422355,0.7625786163522013,1.0986212584997932,-0.03462475360835719,0.33333150319876065,0.05859054268757844,0.7976240391334731,0.7413456571152129,-0.6551160502180818
eicu_floor540,338,2,1587,590,1661,22,1.0466288594833018,149,4.7272727272727275,0.5526315789473685,135.1039341757649,0.989724201544122,0.07491852795743881,1,0.1838175749541855,0.06011518104008152,0.7137316561844864,0.6551150628386214,0.04050873810019076,0.2587361029116243,0.06081372072021105,0.7717679944095038,0.6122179145775757,-0.3092502957124146
eicu_floor540,338,2,1587,590,1661,22,1.0466288594833018,149,4.7272727272727275,0.5675675675675675,45.0505929796999,0.9556054678147918,-0.0017507561970604435,0,0.18070366856320402,0.0605041205301966,0.7160377358490566,0.6995730954166361,-0.08600251996461417,0.17895291236614358,0.06790624123591009,0.7106568832983927,0.5084673269189515,-0.5424054557815892
eicu_floor540,338,2,1587,590,1661,22,1.0466288594833018,149,4.7272727272727275,0.5675675675675675,109.84401051843936,0.9833724248523715,0.028530126629443986,1,0.2433449537955964,0.056342608657422355,0.7625786163522013,1.0986212584997932,-0.03462475360835719,0.2718750804250404,0.058612456947715184,0.7585953878406708,0.6678766713997013,-0.3676557180705171
eicu_floor540,338,3,1587,417,2142,22,1.3497164461247637,149,4.7272727272727275,0.65625,146.7515525915358,0.979591672030679,0.05066401179730562,1,0.1838175749541855,0.06011518104008152,0.7137316561844864,0.6551150628386214,0.04050873810019076,0.2344815867514911,0.05830697189863463,0.7569881201956674,0.8184218533904116,-0.28224062982542303
eicu_floor540,338,3,1587,417,2142,22,1.3497164461247637,149,4.7272727272727275,0.65625,97.02808837945202,0.9747530439353163,0.02708337330294086,1,0.18070366856320402,0.0605041205301966,0.7160377358490566,0.6995730954166361,-0.08600251996461417,0.20778704186614488,0.060546693491761845,0.731236897274633,0.7366270002853061,-0.2959372791965194
eicu_floor540,338,3,1587,417,2142,22,1.3497164461247637,149,4.7272727272727275,0.65625,106.78340409137775,0.9768881860793391,-0.0007854608640955885,0,0.2433449537955964,0.056342608657422355,0.7625786163522013,1.0986212584997932,-0.03462475360835719,0.2425594929315008,0.05805444736369479,0.7688679245283019,0.8714486068425253,-0.2996384569290121
eicu_floor540,338,3,1587,588,3570,22,2.2495274102079397,149,4.7272727272727275,0.43902439024390244,181.5668636468232,0.9883583393568386,-0.1207504190750904,0,0.1838175749541855,0.06011518104008152,0.7137316561844864,0.6551150628386214,0.04050873810019076,0.07430590581838128,0.07008656230473581,0.3607791754018169,-0.12399985817317227,0.5820932687957038
eicu_floor540,338,3,1587,588,3570,22,2.2495274102079397,149,4.7272727272727275,0.47368421052631576,69.8921739087653,0.9678084495323666,-0.07703620076097507,0,0.18070366856320402,0.0605041205301966,0.7160377358490566,0.6995730954166361,-0.08600251996461417,0.10409696452414854,0.06641983902946565,0.3858665269042627,-0.13070159977592957,0.41378205246995686
eicu_floor540,338,3,1587,588,3570,22,2.2495274102079397,149,4.7272727272727275,0.46153846153846156,49.702408075121426,0.9779417319665253,-0.09312853704814825,0,0.2433449537955964,0.056342608657422355,0.7625786163522013,1.0986212584997932,-0.03462475360835719,0.12481469895828387,0.37850604566316776,0.7343815513626835,0.11005256552643224,-15.346587750872542
eicu_floor540,338,4,1587,588,3579,22,2.2551984877126654,149,4.7272727272727275,0.47619047619047616,99.68613265534411,0.9664853148541122,0.10403377049175822,1,0.1838175749541855,0.06011518104008152,0.7137316561844864,0.6551150628386214,0.04050873810019076,0.2878513454459437,0.0612498613718619,0.7645352900069882,0.6610315070943582,-0.6982804877819055
eicu_floor540,338,4,1587,588,3579,22,2.2551984877126654,149,4.7272727272727275,0.47619047619047616,84.67602670658621,0.9527049511479962,0.09658488843113239,1,0.18070366856320402,0.0605041205301966,0.7160377358490566,0.6995730954166361,-0.08600251996461417,0.2772885569943364,0.060799624867502636,0.7921383647798742,0.8282847855009235,-0.7596962552302055
eicu_floor540,338,4,1587,588,3579,22,2.2551984877126654,149,4.7272727272727275,0.47619047619047616,80.04254145429388,0.9606021787925316,-0.09401105745259591,0,0.2433449537955964,0.056342608657422355,0.7625786163522013,1.0986212584997932,-0.03462475360835719,0.12434209705518819,0.38221664176943093,0.7329489867225717,0.11256851127981828,-15.351130912456329
eicu_floor540,338,4,1587,617,5643,22,3.555765595463138,149,4.7272727272727275,0.40625,102.26105574117324,0.9670620113518469,0.10121428062976229,1,0.1838175749541855,0.06011518104008152,0.7137316561844864,0.6551150628386214,0.04050873810019076,0.2850318555839478,0.05615773151696119,0.793256464011181,0.80506530845414,-0.3784620285950001
eicu_floor540,338,4,1587,617,5643,22,3.555765595463138,149,4.7272727272727275,0.40625,320.6048404378695,0.9889599986305762,0.038284615038763736,1,0.18070366856320402,0.0605041205301966,0.7160377358490566,0.6995730954166361,-0.08600251996461417,0.21898828360196776,0.061105113549610714,0.7324947589098532,0.7125690846096443,-0.42798036307874304
eicu_floor540,338,4,1587,617,5643,22,3.555765595463138,149,4.7272727272727275,0.40625,118.55683714658474,0.9680780067081165,0.035502069281281634,1,0.2433449537955964,0.056342608657422355,0.7625786163522013,1.0986212584997932,-0.03462475360835719,0.27884702307687803,0.05711537390832327,0.7819706498951783,0.8251174723020253,-0.49217523715114747
eicu_floor540,338,1,1587,505,505,22,0.3182104599873976,149,4.7272727272727275,0.8148148148148148,32.36069340335744,0.9674609373700975,-0.0024393716697476975,0,0.1838175749541855,0.06011518104008152,0.7137316561844864,0.6551150628386214,0.04050873810019076,0.1813782032844378,0.0597807293866251,0.6917889587700908,0.668692513165194,0.06307480594156137
eicu_floor540,338,1,1587,505,505,22,0.3182104599873976,149,4.7272727272727275,0.8148148148148148,50.32844359104884,0.9800687396284782,0.023679570760632845,1,0.18070366856320402,0.0605041205301966,0.7160377358490566,0.6995730954166361,-0.08600251996461417,0.20438323932383687,0.05883834979782355,0.7100978336827393,0.7554687971873425,0.0280689014520872
eicu_floor540,338,1,1587,505,505,22,0.3182104599873976,149,4.7272727272727275,0.8148148148148148,54.05256500177272,0.9814836507345386,-0.011790505689710185,0,0.2433449537955964,0.056342608657422355,0.7625786163522013,1.0986212584997932,-0.03462475360835719,0.2315544481058862,0.05682142913582978,0.7499650593990216,1.066987348739086,0.030951953336844
eicu_floor540,338,1,1587,1587,1766,22,1.1127914303717705,149,4.7272727272727275,0.9565217391304348,132.98930421649834,0.9924706158551442,0.00522993016667736,1,0.1838175749541855,0.06011518104008152,0.7137316561844864,0.6551150628386214,0.04050873810019076,0.18904750512086285,0.062120048399400205,0.6891334730957372,0.7328548012417742,-0.5407033430158515
eicu_floor540,338,1,1587,1587,1766,22,1.1127914303717705,149,4.7272727272727275,0.9565217391304348,118.88884351534992,0.9886073671209907,0.010740735535908263,1,0.18070366856320402,0.0605041205301966,0.7160377358490566,0.6995730954166361,-0.08600251996461417,0.1914444040991123,0.06480145751378825,0.7704751921733053,0.8875372000774462,-0.8139523857025709
eicu_floor540,338,1,1587,1587,1766,22,1.1127914303717705,149,4.7272727272727275,0.9565217391304348,129.22060965323152,0.9922487325206809,-0.040350203488193265,0,0.2433449537955964,0.056342608657422355,0.7625786163522013,1.0986212584997932,-0.03462475360835719,0.20299475030740313,0.06213309779905183,0.7483577917540182,0.8510357440229813,-0.6408987424536209
eicu_floor540,365,3,724,392,1588,26,2.1933701657458564,34,0.9230769230769231,0.6451612903225806,76.52370274082568,0.964746761976573,0.011334696038159162,1,0.11138746204044711,0.03221063017532171,0.7617940199335549,0.6884339752651845,-0.1910571199882623,0.12272215807860627,0.03246570405996351,0.7950166112956811,0.8129174043079868,-0.47821168365393246
eicu_floor540,365,3,724,392,1588,26,2.1933701657458564,34,0.9230769230769231,0.6451612903225806,118.24699977820833,0.9754305182205042,0.0003663561566471102,1,0.08900181952731806,0.0316383240929038,0.7345514950166113,0.6111342485062683,0.11766573236144322,0.08936817568396517,0.03411032730162584,0.7511627906976744,0.5892341942985835,-0.3246622886604913
eicu_floor540,365,3,724,392,1588,26,2.1933701657458564,34,0.9230769230769231,0.6451612903225806,124.85969981384869,0.9776551272779368,-0.0002643520478644787,0,0.04840142757581301,0.04168091575067849,0.6275747508305648,0.13083440520405631,-0.3881530586483421,0.048137075527948534,0.042216750025715934,0.6009966777408637,0.14097476878534926,-0.6430200517644682
eicu_floor540,365,4,724,605,6325,26,8.736187845303867,34,0.9230769230769231,0.4878048780487805,77.93792364729669,0.9674715982209218,0.029874201077608853,1,0.11138746204044711,0.03221063017532171,0.7617940199335549,0.6884339752651845,-0.1910571199882623,0.14126166311805596,0.030494855913964752,0.6647840531561462,0.6041496933998329,-0.18269775069837332
eicu_floor540,365,4,724,605,6325,26,8.736187845303867,34,0.9230769230769231,0.4878048780487805,111.96517471535978,0.9880793327959685,-0.014552005489035222,0,0.08900181952731806,0.0316383240929038,0.7345514950166113,0.6111342485062683,0.11766573236144322,0.07444981403828284,0.034748027251241015,0.6146179401993356,0.34013812836573326,-0.26465464341205813
eicu_floor540,365,4,724,605,6325,26,8.736187845303867,34,0.9230769230769231,0.4878048780487805,113.87840281595987,0.9817517098681245,0.01954157079093865,1,0.04840142757581301,0.04168091575067849,0.6275747508305648,0.13083440520405631,-0.3881530586483421,0.06794299836675166,0.038226791624395,0.5335548172757475,0.17211159156634076,-0.4648338477130777
eicu_floor540,365,3,724,504,2151,26,2.9709944751381214,34,0.9230769230769231,0.525,80.5383268247452,0.9645427260717978,-0.06583960879836495,0,0.11138746204044711,0.03221063017532171,0.7617940199335549,0.6884339752651845,-0.1910571199882623,0.04554785324208216,0.03364487025063222,0.5903654485049834,0.23105188436860435,0.12057102408561238
eicu_floor540,365,3,724,504,2151,26,2.9709944751381214,34,0.9230769230769231,0.525,42.09088577141945,0.9283868303270372,-0.033817943801742176,0,0.08900181952731806,0.0316383240929038,0.7345514950166113,0.6111342485062683,0.11766573236144322,0.055183875725575884,0.0328142991128677,0.5066445182724253,0.05250735153572397,0.05441727977669884
eicu_floor540,365,3,724,504,2151,26,2.9709944751381214,34,0.9230769230769231,0.525,91.56440428342415,0.9778930690460454,-0.022570914984990358,0,0.04840142757581301,0.04168091575067849,0.6275747508305648,0.13083440520405631,-0.3881530586483421,0.025830512590822655,0.039214423655719324,0.3478405315614618,-0.3319300391805853,-0.15825182267179425
eicu_floor540,365,3,724,555,1748,26,2.414364640883978,34,0.9230769230769231,0.4634146341463415,95.31388473823657,0.976773222710064,-0.04953736652087891,0,0.11138746204044711,0.03221063017532171,0.7617940199335549,0.6884339752651845,-0.1910571199882623,0.0618500955195682,0.032102759704962375,0.6242524916943522,0.3404560126685856,0.3866292426648541
eicu_floor540,365,3,724,555,1748,26,2.414364640883978,34,0.9230769230769231,0.4634146341463415,108.52300602686286,0.9812512244244829,-0.035959114746406895,0,0.08900181952731806,0.0316383240929038,0.7345514950166113,0.6111342485062683,0.11766573236144322,0.053042704780911165,0.03377602454589918,0.554485049833887,0.16257762347439078,0.41015097832898184
eicu_floor540,365,3,724,555,1748,26,2.414364640883978,34,0.9230769230769231,0.4634146341463415,92.83970068622935,0.9763143131042094,-0.017426208461839687,0,0.04840142757581301,0.04168091575067849,0.6275747508305648,0.13083440520405631,-0.3881530586483421,0.030975219113973326,0.038108512268743566,0.44817275747508306,-0.09242760457043028,-0.02948072283417806
eicu_floor540,365,4,724,409,2460,26,3.3977900552486187,34,0.9230769230769231,0.5,228.10436476845024,0.9906048798396263,-0.03779573938280982,0,0.11138746204044711,0.03221063017532171,0.7617940199335549,0.6884339752651845,-0.1910571199882623,0.07359172265763729,0.03299999310419213,0.5764119601328904,0.32522871874849607,-0.3334758191371294
eicu_floor540,365,4,724,409,2460,26,3.3977900552486187,34,0.9230769230769231,0.4722222222222222,239.91936432996425,0.987448647032727,-0.03822896369085749,0,0.08900181952731806,0.0316383240929038,0.7345514950166113,0.6111342485062683,0.11766573236144322,0.05077285583646057,0.03277482595636624,0.5312292358803986,0.23224346434878315,-0.23647182228042848
eicu_floor540,365,4,724,409,2460,26,3.3977900552486187,34,0.9230769230769231,0.4722222222222222,373.3409745287934,0.9919968796250868,-0.017582250685633675,0,0.04840142757581301,0.04168091575067849,0.6275747508305648,0.13083440520405631,-0.3881530586483421,0.030819176890179337,0.03499093781552634,0.4478405315614618,-0.11190230923196165,-0.2566600729339156
eicu_floor540,365,4,724,458,2605,26,3.5980662983425415,34,0.9230769230769231,0.5128205128205128,122.23535823787694,0.9754571832303888,-0.031094689885185045,0,0.11138746204044711,0.03221063017532171,0.7617940199335549,0.6884339752651845,-0.1910571199882623,0.08029277215526207,0.031257107863775696,0.6411960132890365,0.4694366833718055,0.1377396279049781
eicu_floor540,365,4,724,458,2605,26,3.5980662983425415,34,0.9230769230769231,0.5128205128205128,137.8362182674185,0.9709800511775538,-0.04646230318571752,0,0.08900181952731806,0.0316383240929038,0.7345514950166113,0.6111342485062683,0.11766573236144322,0.04253951634160054,0.035238912416790474,0.5717607973421928,0.17384017131005067,-0.028399893599388812
eicu_floor540,365,4,724,458,2605,26,3.5980662983425415,34,0.9230769230769231,0.5128205128205128,206.26738180392078,0.9806076949005809,-0.015497145396994254,0,0.04840142757581301,0.04168091575067849,0.6275747508305648,0.13083440520405631,-0.3881530586483421,0.03290428217881876,0.037581738597181565,0.4611295681063123,-0.058438671735972315,-0.09901282703428668
eicu_floor540,365,2,724,501,1418,26,1.9585635359116023,34,0.9230769230769231,0.5609756097560976,58.70114588607173,0.973720708425095,0.012050976294610743,1,0.11138746204044711,0.03221063017532171,0.7617940199335549,0.6884339752651845,-0.1910571199882623,0.12343843833505785,0.03023180396673229,0.712624584717608,0.7733824499403291,0.034428678011104795
eicu_floor540,365,2,724,501,1418,26,1.9585635359116023,34,0.9230769230769231,0.5609756097560976,32.36664419924936,0.9427553816323773,-0.040012929526813956,0,0.08900181952731806,0.0316383240929038,0.7345514950166113,0.6111342485062683,0.11766573236144322,0.048988890000504104,0.033196560511362924,0.6096345514950167,0.311909279044128,0.026951367214929287
eicu_floor540,365,2,724,501,1418,26,1.9585635359116023,34,0.9230769230769231,0.5121951219512195,67.31375029248473,0.974398299590897,-0.009295254405546821,0,0.04840142757581301,0.04168091575067849,0.6275747508305648,0.13083440520405631,-0.3881530586483421,0.03910617317026619,0.03880795521761613,0.5491694352159469,0.09297497215848306,-0.07731159126588144
eicu_floor540,365,1,724,724,1071,26,1.479281767955801,34,0.9230769230769231,0.9629629629629629,59.65892591726383,0.9829879940452999,-0.07216254658398986,0,0.11138746204044711,0.03221063017532171,0.7617940199335549,0.6884339752651845,-0.1910571199882623,0.039224915456457246,0.03254831552261609,0.5428571428571429,0.07501663071499727,0.5774709925485838
eicu_floor540,365,1,724,724,1071,26,1.479281767955801,34,0.9230769230769231,0.8275862068965517,47.80418725634347,0.979068715986974,-0.03719200020159173,0,0.08900181952731806,0.0316383240929038,0.7345514950166113,0.6111342485062683,0.11766573236144322,0.05180981932572633,0.03205253328152621,0.5664451827242525,0.24797572950594104,0.4258217804205116
eicu_floor540,365,1,724,724,1071,26,1.479281767955801,34,0.9230769230769231,0.8275862068965517,41.0176508969528,0.9754467032626458,-0.018866300371719873,0,0.04840142757581301,0.04168091575067849,0.6275747508305648,0.13083440520405631,-0.3881530586483421,0.02953512720409314,0.03725549906370355,0.4192691029900332,-0.22151820480025763,0.2374541244943321
eicu_floor540,365,2,724,387,804,26,1.1104972375690607,34,0.9230769230769231,0.5789473684210527,75.74759563732846,0.9814084023298693,0.05614828354223625,1,0.11138746204044711,0.03221063017532171,0.7617940199335549,0.6884339752651845,-0.1910571199882623,0.16753574558268336,0.032896230614326956,0.7026578073089701,0.5171792583960805,-0.42067632413704026
eicu_floor540,365,2,724,387,804,26,1.1104972375690607,34,0.9230769230769231,0.5789473684210527,52.02863418491441,0.9729030091164728,0.04410404203496074,1,0.08900181952731806,0.0316383240929038,0.7345514950166113,0.6111342485062683,0.11766573236144322,0.1331058615622788,0.030836409036479398,0.6697674418604651,0.6028513784235195,-0.03586737374266362
eicu_floor540,365,2,724,387,804,26,1.1104972375690607,34,0.9230769230769231,0.5789473684210527,75.87081711059051,0.9736394034469832,0.0031648752438532476,1,0.04840142757581301,0.04168091575067849,0.6275747508305648,0.13083440520405631,-0.3881530586483421,0.05156630281966626,0.03738136005269815,0.6053156146179401,0.23883983424934904,-0.27279181047784706
eicu_floor540,365,3,724,534,2663,26,3.6781767955801103,34,0.9230769230769231,0.4411764705882353,212.18358876516334,0.9888773943138714,-0.050585373149367285,0,0.11138746204044711,0.03221063017532171,0.7617940199335549,0.6884339752651845,-0.1910571199882623,0.060802088891079825,0.03281895187927825,0.5963455149501661,0.3486123596856514,-0.31225741743140617
eicu_floor540,365,3,724,534,2663,26,3.6781767955801103,34,0.9230769230769231,0.4411764705882353,97.13680561627314,0.9850139664653047,-0.028081622646454286,0,0.08900181952731806,0.0316383240929038,0.7345514950166113,0.6111342485062683,0.11766573236144322,0.060920196880863774,0.03495174377567535,0.6435215946843854,0.3334010218051816,-0.22103519582114994
eicu_floor540,365,3,724,534,2663,26,3.6781767955801103,34,0.9230769230769231,0.4411764705882353,102.21108835896516,0.9812823201014469,-0.013921346212866774,0,0.04840142757581301,0.04168091575067849,0.6275747508305648,0.13083440520405631,-0.3881530586483421,0.03448008136294624,0.042724190380426706,0.47408637873754156,-0.07067749683610906,-0.596547650952062
eicu_floor540,365,1,724,674,674,26,0.930939226519337,34,0.9230769230769231,0.8333333333333334,27.168956076659853,0.9631932858524853,0.14263507406593348,1,0.11138746204044711,0.03221063017532171,0.7617940199335549,0.6884339752651845,-0.1910571199882623,0.2540225361063806,0.0312468983697177,0.872093023255814,0.7130456587402315,0.10431710403040113
eicu_floor540,365,1,724,674,674,26,0.930939226519337,34,0.9230769230769231,0.71875,18.220578113181894,0.9451169993735523,-0.006655827341830622,0,0.08900181952731806,0.0316383240929038,0.7345514950166113,0.6111342485062683,0.11766573236144322,0.08234599218548744,0.033562726878673836,0.7219269102990034,0.4862939385813459,0.34710764426277846
eicu_floor540,365,1,724,674,674,26,0.930939226519337,34,0.9230769230769231,0.71875,16.945667921257847,0.9409878675395539,0.003132915904279769,1,0.04840142757581301,0.04168091575067849,0.6275747508305648,0.13083440520405631,-0.3881530586483421,0.05153434348009278,0.0402167617167889,0.6196013289036545,0.15863988415922037,-0.1449923177831239
eicu_floor540,365,1,724,724,1761,26,2.43232044198895,34,0.9230769230769231,0.8518518518518519,45.435709142340684,0.9779908794453454,0.135226961159524,1,0.11138746204044711,0.03221063017532171,0.7617940199335549,0.6884339752651845,-0.1910571199882623,0.24661442319997112,0.029540733689440782,0.7561461794019934,1.1235388540059055,-0.7145014670020918
eicu_floor540,365,1,724,724,1761,26,2.43232044198895,34,0.9230769230769231,0.8518518518518519,32.60428208458166,0.9693291820563381,0.01383406402239308,1,0.08900181952731806,0.0316383240929038,0.7345514950166113,0.6111342485062683,0.11766573236144322,0.10283588354971114,0.03528851705297785,0.7016611295681063,0.5918555001418278,-0.7512170386520539
eicu_floor540,365,1,724,724,1761,26,2.43232044198895,34,0.9230769230769231,0.8518518518518519,53.04785144856264,0.981149095152899,0.001370681151227418,1,0.04840142757581301,0.04168091575067849,0.6275747508305648,0.13083440520405631,-0.3881530586483421,0.04977210872704043,0.03723150409966905,0.606312292358804,0.25374700450437226,-0.6838978245603277
eicu_floor540,382,3,605,417,5222,33,8.631404958677686,48,1.0303030303030303,0.5526315789473685,239.22950447502936,0.9902112171822801,0.011687408737477367,1,0.3654093778096872,0.04268673714038122,0.8516260162601627,0.7609656681821246,0.040686580569861575,0.37709678654716455,0.04326848285757694,0.889082462253194,1.1491715527078785,-0.5723881352546767
eicu_floor540,382,3,605,417,5222,33,8.631404958677686,48,1.0303030303030303,0.5526315789473685,113.17299997767148,0.9778609385515755,-0.062381261758008316,0,0.19794543605529513,0.052600525447916394,0.6968641114982578,0.39754959656874117,-0.19807873788110864,0.13556417429728682,0.06033752939903623,0.6129500580720093,0.3020453143621762,-0.8039727492744123
eicu_floor540,382,3,605,417,5222,33,8.631404958677686,48,1.0303030303030303,0.5526315789473685,100.98058028460818,0.9751739353878592,0.06683374196301883,1,0.20300726672653518,0.05994461205860069,0.733739837398374,0.34251000995507985,-0.461397703670186,0.269841008689554,0.05525249490541095,0.658246225319396,0.5004879340616554,-0.9563023694870164
eicu_floor540,382,3,605,576,2371,33,3.9190082644628097,48,1.0303030303030303,0.5853658536585366,82.67399686623946,0.970497193802366,0.06443785249892897,1,0.3654093778096872,0.04268673714038122,0.8516260162601627,0.7609656681821246,0.040686580569861575,0.42984723030861616,0.04432194758574935,0.8943089430894309,0.9401926770810017,-0.9128680013750399
eicu_floor540,382,3,605,576,2371,33,3.9190082644628097,48,1.0303030303030303,0.5853658536585366,76.09014474184036,0.973097974176125,-0.0497091566409715,0,0.19794543605529513,0.052600525447916394,0.6968641114982578,0.39754959656874117,-0.19807873788110864,0.14823627941432363,0.06023393811991111,0.7247386759581881,0.4645985455989024,-0.7514213505636682
eicu_floor540,382,3,605,576,2371,33,3.9190082644628097,48,1.0303030303030303,0.6153846153846154,113.43221707105035,0.9827737188093387,-0.005993639260755773,0,0.20300726672653518,0.05994461205860069,0.733739837398374,0.34251000995507985,-0.461397703670186,0.1970136274657794,0.058488725746586596,0.6684088269454123,0.3681435918722335,-0.9441603433292551
eicu_floor540,382,1,605,605,788,33,1.3024793388429752,48,1.0303030303030303,0.7368421052631579,31.465625627212663,0.968000382894748,0.008189443757409376,1,0.3654093778096872,0.04268673714038122,0.8516260162601627,0.7609656681821246,0.040686580569861575,0.37359882156709656,0.045757390801843774,0.9001161440185831,1.0640215274801148,-0.7379197460066973
eicu_floor540,382,1,605,605,788,33,1.3024793388429752,48,1.0303030303030303,0.7368421052631579,37.48204030334216,0.9732619306065549,-0.006612656916601595,0,0.19794543605529513,0.052600525447916394,0.6968641114982578,0.39754959656874117,-0.19807873788110864,0.19133277913869354,0.059107356612755936,0.7700348432055748,0.623102216913871,-0.9000409420882335
eicu_floor540,382,1,605,605,788,33,1.3024793388429752,48,1.0303030303030303,0.7368421052631579,50.16107080835526,0.9799919639320227,0.0201835182246225,1,0.20300726672653518,0.05994461205860069,0.733739837398374,0.34251000995507985,-0.461397703670186,0.22319078495115768,0.0696687197030669,0.8074912891986064,0.5086584917577361,-1.179843766394776
eicu_floor540,382,2,605,443,1012,33,1.6727272727272726,48,1.0303030303030303,0.5833333333333334,33.252765497739794,0.9462078463343515,0.05435065790054139,1,0.3654093778096872,0.04268673714038122,0.8516260162601627,0.7609656681821246,0.040686580569861575,0.4197600357102286,0.04129442847392182,0.879500580720093,1.0023168108307015,-0.5319340266041832
eicu_floor540,382,2,605,443,1012,33,1.6727272727272726,48,1.0303030303030303,0.6,65.41387187959646,0.9730017660727689,0.02950851413970193,1,0.19794543605529513,0.052600525447916394,0.6968641114982578,0.39754959656874117,-0.19807873788110864,0.22745395019499706,0.05337106698016423,0.6861207897793263,0.4694065141023635,-0.5945624890608633
eicu_floor540,382,2,605,443,1012,33,1.6727272727272726,48,1.0303030303030303,0.6,64.92068396894189,0.97503119404661,-0.00891697507616157,0,0.20300726672653518,0.05994461205860069,0.733739837398374,0.34251000995507985,-0.461397703670186,0.19409029165037361,0.0619782472170251,0.7282229965156795,0.4608089866510584,-0.8821850929489249
eicu_floor540,382,2,605,605,1418,33,2.343801652892562,48,1.0303030303030303,0.5789473684210527,97.06141792489663,0.9793944901820048,0.12268748030188159,1,0.3654093778096872,0.04268673714038122,0.8516260162601627,0.7609656681821246,0.040686580569861575,0.4880968581115688,0.03851169081784113,0.9195702671312427,1.4074924776167022,-0.7097011930728256
eicu_floor540,382,2,605,605,1418,33,2.343801652892562,48,1.0303030303030303,0.55,67.4650577250869,0.970355024253447,-0.06016952651649529,0,0.19794543605529513,0.052600525447916394,0.6968641114982578,0.39754959656874117,-0.19807873788110864,0.13777590953879984,0.06505104369722367,0.674506387921022,0.371491682982205,-0.9798808509874066
eicu_floor540,382,2,605,605,1418,33,2.343801652892562,48,1.0303030303030303,0.55,124.19620969595864,0.9838964489746012,0.08243790725356126,1,0.20300726672653518,0.05994461205860069,0.733739837398374,0.34251000995507985,-0.461397703670186,0.28544517398009644,0.07147677733184489,0.6904761904761905,0.4077828287531398,-1.4203524278072748
eicu_floor540,382,3,605,458,2104,33,3.477685950413223,48,1.0303030303030303,0.5,133.72646699459904,0.9775661462728903,0.01587360225452933,1,0.3654093778096872,0.04268673714038122,0.8516260162601627,0.7609656681821246,0.040686580569861575,0.3812829800642165,0.04884584034568713,0.9294425087108014,0.7212169262244901,-1.2621597358627963
eicu_floor540,382,3,605,458,2104,33,3.477685950413223,48,1.0303030303030303,0.5,111.08087940539298,0.981055961438557,-0.008765499388341147,0,0.19794543605529513,0.052600525447916394,0.6968641114982578,0.39754959656874117,-0.19807873788110864,0.18917993666695399,0.061071921159394804,0.732868757259001,0.3901380531013921,-1.01741317772527
eicu_floor540,382,3,605,458,2104,33,3.477685950413223,48,1.0303030303030303,0.5,84.47888169607609,0.9697851626800738,0.015184889810094582,1,0.20300726672653518,0.05994461205860069,0.733739837398374,0.34251000995507985,-0.461397703670186,0.21819215653662977,0.07185906334437517,0.7090592334494774,0.1932343468814558,-1.611870326946371
eicu_floor540,382,4,605,590,5158,33,8.525619834710744,48,1.0303030303030303,0.45,76.24885845339477,0.9679281870184103,0.0778370879456528,1,0.3654093778096872,0.04268673714038122,0.8516260162601627,0.7609656681821246,0.040686580569861575,0.44324646575534,0.043805676681464796,0.9451219512195123,1.0348521123418781,-1.2333835781308642
eicu_floor540,382,4,605,590,5158,33,8.525619834710744,48,1.0303030303030303,0.45,79.5343083179862,0.978521863265107,-0.008171500697001649,0,0.19794543605529513,0.052600525447916394,0.6968641114982578,0.39754959656874117,-0.19807873788110864,0.18977393535829348,0.0721193095324309,0.6806039488966318,0.4040466886375273,-1.3739366476309893
eicu_floor540,382,4,605,590,5158,33,8.525619834710744,48,1.0303030303030303,0.45,144.79938617847722,0.9766138444169649,0.025392619033592745,1,0.20300726672653518,0.05994461205860069,0.733739837398374,0.34251000995507985,-0.461397703670186,0.22839988576012793,0.07115415772566372,0.7032520325203252,0.22713569902436745,-1.6521534161678473
eicu_floor540,382,1,605,605,1316,33,2.175206611570248,48,1.0303030303030303,0.7027027027027027,7.144042378103018,0.8599823598985923,0.12463956979806284,1,0.3654093778096872,0.04268673714038122,0.8516260162601627,0.7609656681821246,0.040686580569861575,0.49004894760775003,0.04171723033286795,0.8606271777003485,0.8746205341536641,-0.7600740385372535
eicu_floor540,382,1,605,605,1316,33,2.175206611570248,48,1.0303030303030303,0.7027027027027027,25.028147655455225,0.9590437289575359,-0.06400892516451329,0,0.19794543605529513,0.052600525447916394,0.6968641114982578,0.39754959656874117,-0.19807873788110864,0.13393651089078185,0.06758568478130653,0.5987224157955865,0.18164142766709815,-0.8428715057122735
eicu_floor540,382,1,605,605,1316,33,2.175206611570248,48,1.0303030303030303,0.7027027027027027,23.434854429525245,0.9567252214420514,0.14125776996440487,1,0.20300726672653518,0.05994461205860069,0.733739837398374,0.34251000995507985,-0.461397703670186,0.34426503669094005,0.06589021036207705,0.64198606271777,0.37014234770750665,-1.3028311443883622
eicu_floor540,382,1,605,605,1561,33,2.580165289256198,48,1.0303030303030303,0.8157894736842105,14.847879941425594,0.9326503174901085,0.14377172377507041,1,0.3654093778096872,0.04268673714038122,0.8516260162601627,0.7609656681821246,0.040686580569861575,0.5091811015847576,0.040495059786343976,0.938734030197445,1.6752618931181726,-1.003558726956578
eicu_floor540,382,1,605,605,1561,33,2.580165289256198,48,1.0303030303030303,0.8108108108108109,30.14355422512638,0.9667798393075195,-0.005899903836410703,0,0.19794543605529513,0.052600525447916394,0.6968641114982578,0.39754959656874117,-0.19807873788110864,0.19204553221888443,0.06135627107397129,0.7195121951219513,0.6736866098220583,-1.095643952450995
eicu_floor540,382,1,605,605,1561,33,2.580165289256198,48,1.0303030303030303,0.7837837837837838,35.13390084820102,0.9715374616578847,0.057131746437497855,1,0.20300726672653518,0.05994461205860069,0.733739837398374,0.34251000995507985,-0.461397703670186,0.26013901316403304,0.0685974342204884,0.7534843205574913,0.5833391429717703,-1.6641695704105546
eicu_floor540,382,3,605,605,3961,33,6.547107438016529,48,1.0303030303030303,0.5,77.63667106720101,0.9614611884906593,0.14411029342125103,1,0.3654093778096872,0.04268673714038122,0.8516260162601627,0.7609656681821246,0.040686580569861575,0.5095196712309382,0.03939172438496892,0.9216027874564459,1.448746952073564,-0.8461429388408448
eicu_floor540,382,3,605,605,3961,33,6.547107438016529,48,1.0303030303030303,0.5263157894736842,82.92819054559328,0.9670815441455693,-0.06392174025006225,0,0.19794543605529513,0.052600525447916394,0.6968641114982578,0.39754959656874117,-0.19807873788110864,0.13402369580523288,0.058912801951231844,0.6803135888501742,0.5167870479039862,-0.7783181016312548
eicu_floor540,382,3,605,605,3961,33,6.547107438016529,48,1.0303030303030303,0.5,65.5975755312466,0.9745122484906172,0.11222846886634014,1,0.20300726672653518,0.05994461205860069,0.733739837398374,0.34251000995507985,-0.461397703670186,0.3152357355928753,0.05368484853672643,0.7224157955865272,0.7634477178067294,-0.959123994874532
eicu_floor540,382,2,605,423,928,33,1.5338842975206612,48,1.0303030303030303,0.7647058823529411,75.43458674153163,0.9755238373737688,0.0645293720735754,1,0.3654093778096872,0.04268673714038122,0.8516260162601627,0.7609656681821246,0.040686580569861575,0.4299387498832626,0.04058312780735409,0.8629500580720093,1.0896205918978301,-0.11072088881833804
eicu_floor540,382,2,605,423,928,33,1.5338842975206612,48,1.0303030303030303,0.7647058823529411,58.36471317805498,0.9657327194618683,0.0010395464199836613,1,0.19794543605529513,0.052600525447916394,0.6968641114982578,0.39754959656874117,-0.19807873788110864,0.1989849824752788,0.05840981053807468,0.6724738675958188,0.3637046962173611,-0.6629037490120242
eicu_floor540,382,2,605,423,928,33,1.5338842975206612,48,1.0303030303030303,0.7647058823529411,92.96950071861156,0.9784875686699303,0.07317192700937342,1,0.20300726672653518,0.05994461205860069,0.733739837398374,0.34251000995507985,-0.461397703670186,0.2761791937359086,0.058104212337215064,0.674506387921022,0.40208212078161265,-0.573026602480869
eicu_floor540,382,1,605,605,835,33,1.3801652892561984,48,1.0303030303030303,0.5757575757575758,35.54437470046834,0.9718661529868797,0.04435787275651765,1,0.3654093778096872,0.04268673714038122,0.8516260162601627,0.7609656681821246,0.040686580569861575,0.40976725056620483,0.04103343174126339,0.8696283391405343,0.9917068077156791,-0.3046018139139827
eicu_floor540,382,1,605,605,835,33,1.3801652892561984,48,1.0303030303030303,0.5757575757575758,32.58590844383857,0.9693118882438558,0.04438487783349085,1,0.19794543605529513,0.052600525447916394,0.6968641114982578,0.39754959656874117,-0.19807873788110864,0.24233031388878598,0.051661204320613115,0.7227061556329849,0.5290313221970153,-0.4943735340667373
eicu_floor540,382,1,605,605,835,33,1.3801652892561984,48,1.0303030303030303,0.5757575757575758,33.356611074695024,0.9700209353473974,0.08511317957216613,1,0.20300726672653518,0.05994461205860069,0.733739837398374,0.34251000995507985,-0.461397703670186,0.2881204462987013,0.06218249592581094,0.7441927990708479,0.463355370631239,-0.9062333431933757
eicu_floor540,384,3,423,383,4039,26,9.548463356973995,71,1.9230769230769231,0.6,67.9719235521384,0.9605570754588165,-0.05611023005035312,0,0.25627191298926627,0.10108960118289018,0.7234545992309968,0.6550070973221018,-0.12395518434047599,0.20016168293891315,0.10268672778437292,0.624371487725525,0.3893126490120687,0.3567909438102142
eicu_floor540,384,3,423,383,4039,26,9.548463356973995,71,1.9230769230769231,0.6,69.00223485431707,0.9651478867051517,0.052452417547704855,1,0.22887720218255048,0.10312430601724193,0.6128364389233953,0.07521434217358251,0.04857456373984433,0.28132961973025533,0.09703977575989073,0.5666962437148773,0.373692748332965,0.5111119133274282
eicu_floor540,384,3,423,383,4039,26,9.548463356973995,71,1.9230769230769231,0.6,85.18835336001106,0.964511307876758,0.058224642417673944,1,0.20191742423589104,0.1065049746082995,0.6545400769003253,0.4023273804745903,-0.01428534284260232,0.260142066653565,0.09928884440127325,0.6435965690624075,0.5882335492340183,0.5643064979643126
eicu_floor540,384,4,423,423,5220,26,12.340425531914894,71,1.9230769230769231,0.43902439024390244,76.40744298073095,0.9657901169264844,0.005834194716629992,1,0.25627191298926627,0.10108960118289018,0.7234545992309968,0.6550070973221018,-0.12395518434047599,0.26210610770589626,0.10004683737588786,0.6356107660455487,0.39158628462824596,0.37505868323257013
eicu_floor540,384,4,423,423,5220,26,12.340425531914894,71,1.9230769230769231,0.43902439024390244,92.62511901245166,0.9741097223143047,0.16466668117607908,1,0.22887720218255048,0.10312430601724193,0.6128364389233953,0.07521434217358251,0.04857456373984433,0.39354388335862955,0.08924594547202282,0.6731736172729961,0.6511216541471367,0.4721837598679737
eicu_floor540,384,4,423,423,5220,26,12.340425531914894,71,1.9230769230769231,0.43902439024390244,85.50361020514751,0.977675642595552,0.032210182916799446,1,0.20191742423589104,0.1065049746082995,0.6545400769003253,0.4023273804745903,-0.01428534284260232,0.2341276071526905,0.1037566790414492,0.6959479443951493,0.3121053252164589,0.33228088550663665
eicu_floor540,384,4,423,423,4081,26,9.64775413711584,71,1.9230769230769231,0.5,265.0828726247103,0.9903164339695167,-0.00019731783321397245,0,0.25627191298926627,0.10108960118289018,0.7234545992309968,0.6550070973221018,-0.12395518434047599,0.2560745951560523,0.10257043996433467,0.652469683525584,0.4790327787082659,-0.18268969202829843
eicu_floor540,384,4,423,423,4081,26,9.64775413711584,71,1.9230769230769231,0.5,219.96615535793808,0.984652177291049,0.03100597893049073,1,0.22887720218255048,0.10312430601724193,0.6128364389233953,0.07521434217358251,0.04857456373984433,0.2598831811130412,0.10343800272062288,0.6030760130139012,0.09620485202831477,-0.18400587825114784
eicu_floor540,384,4,423,423,4081,26,9.64775413711584,71,1.9230769230769231,0.5,314.2458036106422,0.9897960849273884,0.05531617556465229,1,0.20191742423589104,0.1065049746082995,0.6545400769003253,0.4023273804745903,-0.01428534284260232,0.25723359980054333,0.10064171822735254,0.6752440106477373,0.49446520380073067,-0.1146753289995249
eicu_floor540,384,3,423,383,1736,26,4.1040189125295505,71,1.9230769230769231,0.5428571428571428,89.6378196049956,0.9657810183872384,0.036581917667107666,1,0.25627191298926627,0.10108960118289018,0.7234545992309968,0.6550070973221018,-0.12395518434047599,0.29285383065637394,0.09578533034538224,0.6770186335403726,0.6471291934469555,0.25101323100462714
eicu_floor540,384,3,423,383,1736,26,4.1040189125295505,71,1.9230769230769231,0.5428571428571428,65.5748412649283,0.9637729737379002,-0.003982275864255175,0,0.22887720218255048,0.10312430601724193,0.6128364389233953,0.07521434217358251,0.04857456373984433,0.2248949263182953,0.10345554792456008,0.6329488317065957,0.19478851845732273,0.33947411098688113
eicu_floor540,384,3,423,383,1736,26,4.1040189125295505,71,1.9230769230769231,0.5428571428571428,77.20852550048045,0.9616934669632297,-0.022336644264310368,0,0.20191742423589104,0.1065049746082995,0.6545400769003253,0.4023273804745903,-0.01428534284260232,0.17958077997158067,0.10660534202589965,0.6095829636202307,0.2728659119710792,0.43702365389464826
eicu_floor540,384,3,423,409,1503,26,3.5531914893617023,71,1.9230769230769231,0.5,52.878575564352694,0.9752327550394808,0.04691873529471452,1,0.25627191298926627,0.10108960118289018,0.7234545992309968,0.6550070973221018,-0.12395518434047599,0.3031906482839808,0.09752532700394265,0.6518781425613723,0.5304737332642172,0.17685764193565276
eicu_floor540,384,3,423,409,1503,26,3.5531914893617023,71,1.9230769230769231,0.5128205128205128,66.65585591881108,0.964909778701385,0.16022981295584637,1,0.22887720218255048,0.10312430601724193,0.6128364389233953,0.07521434217358251,0.04857456373984433,0.38910701513839685,0.09003444554114816,0.658089322685596,0.5373028009985029,0.2716682352035707
eicu_floor540,384,3,423,409,1503,26,3.5531914893617023,71,1.9230769230769231,0.5128205128205128,63.62185031462731,0.9803434470310748,0.08724632420459588,1,0.20191742423589104,0.1065049746082995,0.6545400769003253,0.4023273804745903,-0.01428534284260232,0.2891637484404869,0.09770651476951449,0.6959479443951494,0.69846747611643,0.14728472432186948
eicu_floor540,384,1,423,423,811,26,1.91725768321513,71,1.9230769230769231,0.8125,40.37641819549884,0.9751347809337303,-0.003729066987668006,0,0.25627191298926627,0.10108960118289018,0.7234545992309968,0.6550070973221018,-0.12395518434047599,0.25254284600159826,0.10337102241347772,0.6231884057971013,0.33593773444173464,0.010072827943645928
eicu_floor540,384,1,423,423,811,26,1.91725768321513,71,1.9230769230769231,0.8125,37.077098742886285,0.972745287862616,0.0554451382672031,1,0.22887720218255048,0.10312430601724193,0.6128364389233953,0.07521434217358251,0.04857456373984433,0.2843223404497536,0.09838912292830666,0.5465838509316769,0.21746057651784895,0.2376017762291892
eicu_floor540,384,1,423,423,811,26,1.91725768321513,71,1.9230769230769231,0.8125,32.78694512039202,0.9694401904393932,0.008000488986158932,1,0.20191742423589104,0.1065049746082995,0.6545400769003253,0.4023273804745903,-0.01428534284260232,0.20991791322204997,0.11090902300398028,0.6480331262939958,0.15940780686693795,-0.042900988905852366
eicu_floor540,384,4,423,423,2222,26,5.252955082742317,71,1.9230769230769231,0.71875,135.05488017830336,0.9716129685528974,-0.02827902282026923,0,0.25627191298926627,0.10108960118289018,0.7234545992309968,0.6550070973221018,-0.12395518434047599,0.22799289016899704,0.1030615254293113,0.6092871931381247,0.3400819141916091,0.22449794523551625
eicu_floor540,384,4,423,423,2222,26,5.252955082742317,71,1.9230769230769231,0.71875,214.5460858656716,0.9846339223338945,0.06692449376412135,1,0.22887720218255048,0.10312430601724193,0.6128364389233953,0.07521434217358251,0.04857456373984433,0.2958016959466718,0.09585031408123769,0.5930198166223011,0.3731246297667261,0.42278075784033214
eicu_floor540,384,4,423,423,2222,26,5.252955082742317,71,1.9230769230769231,0.71875,133.05375699906816,0.9705473195434449,0.013119820010577321,1,0.20191742423589104,0.1065049746082995,0.6545400769003253,0.4023273804745903,-0.01428534284260232,0.21503724424646836,0.10896233586825016,0.637385388938184,0.25571639313315125,0.2749986015904655
eicu_floor540,384,1,423,423,2629,26,6.215130023640662,71,1.9230769230769231,0.6451612903225806,27.473663186614512,0.9608279033016329,-0.014022717363838977,0,0.25627191298926627,0.10108960118289018,0.7234545992309968,0.6550070973221018,-0.12395518434047599,0.2422491956254273,0.09679586847218861,0.6974267968056788,0.9980433762203677,0.0034706102152066536
eicu_floor540,384,1,423,423,2629,26,6.215130023640662,71,1.9230769230769231,0.6451612903225806,18.839794819358623,0.9468920751927817,0.010857543379000856,1,0.22887720218255048,0.10312430601724193,0.6128364389233953,0.07521434217358251,0.04857456373984433,0.23973474556155133,0.10187863113369096,0.6214137829044661,0.08191288515281502,0.045811906533638556
eicu_floor540,384,1,423,423,2629,26,6.215130023640662,71,1.9230769230769231,0.6451612903225806,19.50261657902164,0.946469642205616,0.05508413542085966,1,0.20191742423589104,0.1065049746082995,0.6545400769003253,0.4023273804745903,-0.01428534284260232,0.2570015596567507,0.09865085161362092,0.6918071576456669,0.6788767029854808,0.10975518200862867
eicu_floor540,384,2,423,408,893,26,2.111111111111111,71,1.9230769230769231,0.8064516129032258,52.48807466417481,0.9686659359663109,0.03574778060963496,1,0.25627191298926627,0.10108960118289018,0.7234545992309968,0.6550070973221018,-0.12395518434047599,0.29201969359890123,0.09757524245087666,0.6586808636498076,0.462040293554781,0.2954271556916535
eicu_floor540,384,2,423,408,893,26,2.111111111111111,71,1.9230769230769231,0.6944444444444444,79.30977010761131,0.9747824259572774,0.09635124756915686,1,0.22887720218255048,0.10312430601724193,0.6128364389233953,0.07521434217358251,0.04857456373984433,0.32522844975170734,0.09491777109991752,0.6524696835255842,0.4227887581991737,0.3443805519055674
eicu_floor540,384,2,423,408,893,26,2.111111111111111,71,1.9230769230769231,0.8064516129032258,33.2928058351602,0.9488653854539847,-0.015801287897536487,0,0.20191742423589104,0.1065049746082995,0.6545400769003253,0.4023273804745903,-0.01428534284260232,0.18611613633835455,0.10708819398251351,0.6276249630286896,0.3073686631043241,0.5938351695970813
eicu_floor540,384,1,423,423,505,26,1.1938534278959811,71,1.9230769230769231,0.8928571428571429,6.513226176176605,0.8464662560533066,0.05971688917996165,1,0.25627191298926627,0.10108960118289018,0.7234545992309968,0.6550070973221018,-0.12395518434047599,0.3159888021692279,0.09528829715219268,0.7663413191363502,0.922001172893649,0.2712966483022294
eicu_floor540,384,1,423,423,505,26,1.1938534278959811,71,1.9230769230769231,0.8928571428571429,8.282743341955232,0.8792670545597349,-0.04719529942891859,0,0.22887720218255048,0.10312430601724193,0.6128364389233953,0.07521434217358251,0.04857456373984433,0.18168190275363189,0.10460226335211152,0.632061520260278,0.08445944739922998,0.40122549528247736
eicu_floor540,384,1,423,423,505,26,1.1938534278959811,71,1.9230769230769231,0.8928571428571429,11.318220941995888,0.9116468917575612,-0.03859460549304175,0,0.20191742423589104,0.1065049746082995,0.6545400769003253,0.4023273804745903,-0.01428534284260232,0.1633228187428493,0.10825986953742259,0.6083998816918071,0.27771908995728956,0.2778959794143341
eicu_floor540,384,4,423,423,2435,26,5.756501182033097,71,1.9230769230769231,0.6551724137931034,90.55109983875968,0.9721329699239112,-0.0169599682119653,0,0.25627191298926627,0.10108960118289018,0.7234545992309968,0.6550070973221018,-0.12395518434047599,0.23931194477730097,0.10635376557899423,0.632061520260278,0.48075809501450856,-0.36899138541500165
eicu_floor540,384,4,423,423,2435,26,5.756501182033097,71,1.9230769230769231,0.6333333333333333,107.86124506762708,0.9629153177539155,0.08759839531188829,1,0.22887720218255048,0.10312430601724193,0.6128364389233953,0.07521434217358251,0.04857456373984433,0.31647559749443877,0.11703321000513092,0.6498077491866311,0.33591538134863447,-0.6796468332949248
eicu_floor540,384,4,423,423,2435,26,5.756501182033097,71,1.9230769230769231,0.6551724137931034,89.6644750391539,0.9770330205738181,0.06718412986275796,1,0.20191742423589104,0.1065049746082995,0.6545400769003253,0.4023273804745903,-0.01428534284260232,0.269101554098649,0.11353665459980303,0.6835255841467022,0.4760072068304926,-0.5566730350682338
eicu_floor540,384,1,423,423,1761,26,4.163120567375887,71,1.9230769230769231,0.7241379310344828,38.87796818039517,0.9742784912174431,-0.01075337090579126,0,0.25627191298926627,0.10108960118289018,0.7234545992309968,0.6550070973221018,-0.12395518434047599,0.245518542083475,0.10087793013259064,0.6648920437740313,0.8159162154890174,-0.36942185044037423
eicu_floor540,384,1,423,423,1761,26,4.163120567375887,71,1.9230769230769231,0.7241379310344828,36.656093151700716,0.972719405860807,0.042383008519398746,1,0.22887720218255048,0.10312430601724193,0.6128364389233953,0.07521434217358251,0.04857456373984433,0.2712602107019492,0.10466432804819605,0.5968648328896776,0.051038939840693,-0.40129865214476407
eicu_floor540,384,1,423,423,1761,26,4.163120567375887,71,1.9230769230769231,0.7241379310344828,29.29215591393144,0.9658611676471244,0.0018793879402742575,1,0.20191742423589104,0.1065049746082995,0.6545400769003253,0.4023273804745903,-0.01428534284260232,0.2037968121761653,0.1064836747046215,0.6202307009760425,0.2868739238274669,-0.3145769811925979
eicu_floor540,388,1,504,392,392,26,0.7777777777777778,82,2.1923076923076925,0.9629629629629629,13.162706424579401,0.917657676725973,0.04472253328443132,1,0.20544581239027676,0.10245397430637196,0.7066666666666667,0.6014780908187437,0.024432423897503473,0.2501683456747081,0.10139600558863275,0.7641666666666668,0.6640023387445942,0.44750374053499914
eicu_floor540,388,1,504,392,392,26,0.7777777777777778,82,2.1923076923076925,0.9629629629629629,16.115265354425034,0.934037578922089,0.01858706858525222,1,0.22475305213468894,0.102318533566511,0.7233333333333333,0.6328967811800422,-0.15112493502897312,0.24334012071994116,0.10111320483044914,0.7352083333333334,0.688133660798947,0.5488439618302982
eicu_floor540,388,1,504,392,392,26,0.7777777777777778,82,2.1923076923076925,0.9629629629629629,19.697878899977937,0.9489964870649863,-0.008920345583498301,0,0.2107391119313118,0.10089760916044306,0.6802083333333334,0.613388957871044,0.051804546864764156,0.2018187663478135,0.10124788959021354,0.7027083333333333,0.6793610535970007,0.48128864776580627
eicu_floor540,388,3,504,387,4150,26,8.234126984126984,82,2.1923076923076925,0.5263157894736842,100.47230274001117,0.9763796337943188,0.12369602661448831,1,0.20544581239027676,0.10245397430637196,0.7066666666666667,0.6014780908187437,0.024432423897503473,0.32914183900476507,0.09502352042208288,0.6918749999999999,0.5840874031209835,0.3456998148055856
eicu_floor540,388,3,504,387,4150,26,8.234126984126984,82,2.1923076923076925,0.5555555555555556,81.76002060206014,0.9677830161275587,-0.019948160390374614,0,0.22475305213468894,0.102318533566511,0.7233333333333333,0.6328967811800422,-0.15112493502897312,0.20480489174431432,0.1072834583646959,0.6983333333333334,0.4421497248980603,0.15979121489732745
eicu_floor540,388,3,504,387,4150,26,8.234126984126984,82,2.1923076923076925,0.5555555555555556,71.91092482104816,0.9671748364647461,-0.0413517017185043,0,0.2107391119313118,0.10089760916044306,0.6802083333333334,0.613388957871044,0.051804546864764156,0.1693874102128075,0.11165892809450961,0.6441666666666667,0.3127196602141039,0.4186677440014055
eicu_floor540,388,3,504,504,1775,26,3.5218253968253967,82,2.1923076923076925,0.5121951219512195,82.80708203993308,0.9750862404677912,0.1429294843871276,1,0.20544581239027676,0.10245397430637196,0.7066666666666667,0.6014780908187437,0.024432423897503473,0.34837529677740436,0.09639939952805793,0.8006249999999999,0.6652939070835692,-0.024542117614262338
eicu_floor540,388,3,504,504,1775,26,3.5218253968253967,82,2.1923076923076925,0.5121951219512195,96.24613688943647,0.9792199451880597,0.023008857167443275,1,0.22475305213468894,0.102318533566511,0.7233333333333333,0.6328967811800422,-0.15112493502897312,0.2477619093021322,0.10348964446393231,0.680625,0.45703126214040024,0.14722943018446247
eicu_floor540,388,3,504,504,1775,26,3.5218253968253967,82,2.1923076923076925,0.5384615384615384,176.89911663010494,0.9830411815663671,0.029408639621252397,1,0.2107391119313118,0.10089760916044306,0.6802083333333334,0.613388957871044,0.051804546864764156,0.2401477515525642,0.0995321280378057,0.6877083333333334,0.5982600432954172,0.32643609702598775
eicu_floor540,388,4,504,485,3011,26,5.974206349206349,82,2.1923076923076925,0.3157894736842105,193.43324044772356,0.9890316347755704,0.3028827593643813,1,0.20544581239027676,0.10245397430637196,0.7066666666666667,0.6014780908187437,0.024432423897503473,0.5083285717546581,0.07866549867242327,0.8385416666666666,0.8045524433051982,0.14097177895252028
eicu_floor540,388,4,504,485,3011,26,5.974206349206349,82,2.1923076923076925,0.3076923076923077,136.16063631238387,0.9825079703013666,0.03967673703877017,1,0.22475305213468894,0.102318533566511,0.7233333333333333,0.6328967811800422,-0.15112493502897312,0.2644297891734591,0.10368542327930805,0.67125,0.348216996382608,0.318399102124832
eicu_floor540,388,4,504,485,3011,26,5.974206349206349,82,2.1923076923076925,0.32432432432432434,134.3127449813308,0.9819498960885704,0.15894787358042226,1,0.2107391119313118,0.10089760916044306,0.6802083333333334,0.613388957871044,0.051804546864764156,0.36968698551173407,0.0901739161739915,0.7106250000000001,0.603501626126815,0.4632509461944295
eicu_floor540,388,4,504,409,2558,26,5.075396825396825,82,2.1923076923076925,0.4878048780487805,53.51398964281526,0.9626265951511145,0.12606823871210726,1,0.20544581239027676,0.10245397430637196,0.7066666666666667,0.6014780908187437,0.024432423897503473,0.331514051102384,0.09454028311770582,0.74375,0.5562085704652372,0.34862592085175165
eicu_floor540,388,4,504,409,2558,26,5.075396825396825,82,2.1923076923076925,0.4878048780487805,74.79746272978645,0.9660544126255102,-0.02068218672151992,0,0.22475305213468894,0.102318533566511,0.7233333333333333,0.6328967811800422,-0.15112493502897312,0.20407086541316902,0.11329235508639632,0.6835416666666667,0.3190610505867316,-0.03671935794291203
eicu_floor540,388,4,504,409,2558,26,5.075396825396825,82,2.1923076923076925,0.4878048780487805,56.603821133425654,0.9565929136820646,0.0465191914978281,1,0.2107391119313118,0.10089760916044306,0.6802083333333334,0.613388957871044,0.051804546864764156,0.2572583034291399,0.10295044845060305,0.7008333333333333,0.5167204585986597,0.11263211423069734
eicu_floor540,388,2,504,504,2995,26,5.942460317460317,82,2.1923076923076925,0.5,53.08939408598766,0.9664276728090315,0.1959778309783065,1,0.20544581239027676,0.10245397430637196,0.7066666666666667,0.6014780908187437,0.024432423897503473,0.40142364336858327,0.1208382606185986,0.7677083333333333,0.40125455789721964,-1.0503104448461313
eicu_floor540,388,2,504,504,2995,26,5.942460317460317,82,2.1923076923076925,0.5,71.66277322626911,0.9790337879676452,0.08069553815246361,1,0.22475305213468894,0.102318533566511,0.7233333333333333,0.6328967811800422,-0.15112493502897312,0.30544859028715254,0.1302899883185497,0.718125,0.3589893291875658,-1.0015394918867413
eicu_floor540,388,2,504,504,2995,26,5.942460317460317,82,2.1923076923076925,0.5,82.10074144634294,0.9822522071350407,0.1553347035279243,1,0.2107391119313118,0.10089760916044306,0.6802083333333334,0.613388957871044,0.051804546864764156,0.3660738154592361,0.10194205838235028,0.7279166666666668,0.4769313736432978,-0.47619663551227687
eicu_floor540,388,4,504,409,2464,26,4.888888888888889,82,2.1923076923076925,0.48717948717948717,189.86220341060826,0.9832795880511769,0.18121350098513095,1,0.20544581239027676,0.10245397430637196,0.7066666666666667,0.6014780908187437,0.024432423897503473,0.3866593133754077,0.08769399791826463,0.7735416666666667,0.8702097147396689,0.060075072037021976
eicu_floor540,388,4,504,409,2464,26,4.888888888888889,82,2.1923076923076925,0.48717948717948717,161.70197879600664,0.9811064087860693,0.020892655833604196,1,0.22475305213468894,0.102318533566511,0.7233333333333333,0.6328967811800422,-0.15112493502897312,0.24564570796829313,0.10673472191208733,0.6835416666666666,0.4373229231794353,-0.07420991236137388
eicu_floor540,388,4,504,409,2464,26,4.888888888888889,82,2.1923076923076925,0.48717948717948717,109.40223190849383,0.9815809478740043,0.10657932302659115,1,0.2107391119313118,0.10089760916044306,0.6802083333333334,0.613388957871044,0.051804546864764156,0.31731843495790296,0.09443209775791817,0.6862499999999999,0.6924625041375049,0.07717415613075758
eicu_floor540,388,1,504,504,1365,26,2.7083333333333335,82,2.1923076923076925,0.525,40.094577621589764,0.9750589715787022,0.18887128582352453,1,0.20544581239027676,0.10245397430637196,0.7066666666666667,0.6014780908187437,0.024432423897503473,0.3943170982138013,0.08796440630735256,0.758125,0.8054204864103829,0.23149431066713053
eicu_floor540,388,1,504,504,1365,26,2.7083333333333335,82,2.1923076923076925,0.525,15.617388643703912,0.9359688086904884,0.04134708526975578,1,0.22475305213468894,0.102318533566511,0.7233333333333333,0.6328967811800422,-0.15112493502897312,0.2661001374044447,0.10019970659735303,0.7016666666666667,0.5387869984683449,0.08172494901522818
eicu_floor540,388,1,504,504,1365,26,2.7083333333333335,82,2.1923076923076925,0.525,11.854164844740755,0.9156414633086816,0.13934071320507266,1,0.2107391119313118,0.10089760916044306,0.6802083333333334,0.613388957871044,0.051804546864764156,0.35007982513638447,0.09128877714902038,0.7160416666666667,0.639710128598595,0.1201937253232901
eicu_floor540,388,4,504,504,3886,26,7.7103174603174605,82,2.1923076923076925,0.47619047619047616,87.18951768066893,0.982320336616348,0.2180671306912173,1,0.20544581239027676,0.10245397430637196,0.7066666666666667,0.6014780908187437,0.024432423897503473,0.42351294308149406,0.08555398980695601,0.7647916666666666,0.8184644876559855,0.15098560030562339
eicu_floor540,388,4,504,504,3886,26,7.7103174603174605,82,2.1923076923076925,0.47619047619047616,75.39291565069033,0.9795140825987069,0.029534338375394764,1,0.22475305213468894,0.102318533566511,0.7233333333333333,0.6328967811800422,-0.15112493502897312,0.2542873905100837,0.10778622166232768,0.708125,0.46181451022132075,-0.08418222692224968
eicu_floor540,388,4,504,504,3886,26,7.7103174603174605,82,2.1923076923076925,0.47619047619047616,70.39663986950931,0.9656951213285883,0.11529395428124375,1,0.2107391119313118,0.10089760916044306,0.6802083333333334,0.613388957871044,0.051804546864764156,0.32603306621255557,0.09657578193412336,0.7197916666666666,0.5636318132547496,0.04562727720417813
eicu_floor540,388,3,504,387,2755,26,5.466269841269841,82,2.1923076923076925,0.4,143.00871952986748,0.9879254660730876,0.19919548213228316,1,0.20544581239027676,0.10245397430637196,0.7066666666666667,0.6014780908187437,0.024432423897503473,0.4046412945225599,0.08917169127852037,0.81125,0.7186704610751862,-0.18400242620153592
eicu_floor540,388,3,504,387,2755,26,5.466269841269841,82,2.1923076923076925,0.43243243243243246,117.72826573206403,0.9772727873650925,0.06451268256575404,1,0.22475305213468894,0.102318533566511,0.7233333333333333,0.6328967811800422,-0.15112493502897312,0.289265734700443,0.10186352396044733,0.7037500000000001,0.521117404692829,0.08700949058564543
eicu_floor540,388,3,504,387,2755,26,5.466269841269841,82,2.1923076923076925,0.42105263157894735,43.25257739990414,0.9754785711533495,0.06331888119074622,1,0.2107391119313118,0.10089760916044306,0.6802083333333334,0.613388957871044,0.051804546864764156,0.27405799312205803,0.10266664313230572,0.7104166666666667,0.5413756017068789,-0.08483816655730829
eicu_floor540,388,4,504,504,5585,26,11.081349206349206,82,2.1923076923076925,0.5625,117.55461168613108,0.9730469022297427,0.11190758705415993,1,0.20544581239027676,0.10245397430637196,0.7066666666666667,0.6014780908187437,0.024432423897503473,0.3173533994444367,0.09668057283298681,0.6627083333333333,0.47545098469221714,0.3628089791348495
eicu_floor540,388,4,504,504,5585,26,11.081349206349206,82,2.1923076923076925,0.5294117647058824,159.41661553710475,0.9765731704222662,0.06414911536204909,1,0.22475305213468894,0.102318533566511,0.7233333333333333,0.6328967811800422,-0.15112493502897312,0.288902167496738,0.09956606951638573,0.7002083333333333,0.5314993176017306,0.21774133279891594
eicu_floor540,388,4,504,504,5585,26,11.081349206349206,82,2.1923076923076925,0.5454545454545454,123.62677843718238,0.9743119659356445,0.0924270287890965,1,0.2107391119313118,0.10089760916044306,0.6802083333333334,0.613388957871044,0.051804546864764156,0.3031661407204083,0.09530249608741163,0.6964583333333333,0.6172375654206173,0.42536296412590685
eicu_floor540,388,4,504,485,2136,26,4.238095238095238,82,2.1923076923076925,0.7419354838709677,93.14791027556603,0.9652308123327532,0.11275788796816938,1,0.20544581239027676,0.10245397430637196,0.7066666666666667,0.6014780908187437,0.024432423897503473,0.31820370035844614,0.0926365261034412,0.7883333333333333,0.8642728380591943,0.0673253622034654
eicu_floor540,388,4,504,485,2136,26,4.238095238095238,82,2.1923076923076925,0.6216216216216216,130.96290454307382,0.9825403822771783,0.015687262913356592,1,0.22475305213468894,0.102318533566511,0.7233333333333333,0.6328967811800422,-0.15112493502897312,0.24044031504804553,0.10155607390541878,0.7252083333333333,0.6118208293787545,-0.1033861725753286
eicu_floor540,388,4,504,485,2136,26,4.238095238095238,82,2.1923076923076925,0.7419354838709677,91.69630653477778,0.9640747685345679,0.05512635919005768,1,0.2107391119313118,0.10089760916044306,0.6802083333333334,0.613388957871044,0.051804546864764156,0.2658654711213695,0.09691923626672089,0.7427083333333333,0.7649718003424237,0.26671577321060247
eicu_floor540,390,1,590,590,691,37,1.1711864406779662,110,2.081081081081081,0.6578947368421053,8.943100982356032,0.8881819626130898,0.05841453417480891,1,0.3773281592544657,0.10267188727461403,0.7502754820936639,0.48132821928426384,0.10873646824074422,0.43574269342927463,0.09689159907776215,0.7851239669421487,0.6794323287257016,-0.06017225800783252
eicu_floor540,390,1,590,590,691,36,1.1711864406779662,110,2.138888888888889,0.6756756756756757,16.236403895357896,0.9384100071392097,0.03512721505382155,1,0.3056879530264214,0.11248990774967638,0.705785123966942,0.4059444671701951,0.08272732133187768,0.3408151680802429,0.11943025259658517,0.722176308539945,0.4112108329090082,-0.4845953880590368
eicu_floor540,390,1,590,590,691,36,1.1711864406779662,110,2.138888888888889,0.6756756756756757,31.171508785139387,0.9679194226082268,0.02665102478587944,1,0.3605761558624142,0.10544444190442244,0.7869146005509642,0.52197308162597,-0.11526535254791598,0.38722718064829365,0.10687469069810857,0.8199724517906336,0.5083089936860077,-0.39134247567038444
eicu_floor540,390,3,590,534,2199,37,3.727118644067797,110,2.081081081081081,0.5365853658536586,85.36307966600467,0.9672519521613907,0.04098667970160791,1,0.3773281592544657,0.10267188727461403,0.7502754820936639,0.48132821928426384,0.10873646824074422,0.41831483895607363,0.09886647403315406,0.768732782369146,0.6383432436454424,-0.12648587340894635
eicu_floor540,390,3,590,534,2199,36,3.727118644067797,110,2.138888888888889,0.5365853658536586,43.696104065864,0.951070708636305,0.05469439938604265,1,0.3056879530264214,0.11248990774967638,0.705785123966942,0.4059444671701951,0.08272732133187768,0.360382352412464,0.12039213995714701,0.7015151515151516,0.39243023898390444,-0.6792817026737997
eicu_floor540,390,3,590,534,2199,36,3.727118644067797,110,2.138888888888889,0.5365853658536586,70.4795602507619,0.9810805236430541,0.041612425479629844,1,0.3605761558624142,0.10544444190442244,0.7869146005509642,0.52197308162597,-0.11526535254791598,0.40218858134204405,0.10784035931505973,0.7920110192837466,0.45754555228104843,-0.5771231210560614
eicu_floor540,390,3,590,387,2195,37,3.7203389830508473,110,2.081081081081081,0.5853658536585366,71.65528835124789,0.9727448970518668,0.11030654333483653,1,0.3773281592544657,0.10267188727461403,0.7502754820936639,0.48132821928426384,0.10873646824074422,0.48763470258930225,0.08889656335209326,0.7866391184573003,0.808230617468937,-0.09607391460246249
eicu_floor540,390,3,590,387,2195,36,3.7203389830508473,110,2.138888888888889,0.5853658536585366,64.23650147126986,0.9616384485448517,0.009290922800563373,1,0.3056879530264214,0.11248990774967638,0.705785123966942,0.4059444671701951,0.08272732133187768,0.31497887582698475,0.11292404593102837,0.7151515151515151,0.5168131414585958,-0.3440539068527916
eicu_floor540,390,3,590,387,2195,36,3.7203389830508473,110,2.138888888888889,0.5853658536585366,77.78021131350434,0.9677867498111297,0.10974431844102578,1,0.3605761558624142,0.10544444190442244,0.7869146005509642,0.52197308162597,-0.11526535254791598,0.47032047430344,0.09399439027878405,0.834297520661157,0.9047423108795198,-0.2862727432966144
eicu_floor540,390,1,590,501,501,37,0.8491525423728814,110,2.081081081081081,0.6666666666666666,5.111950802047121,0.8033911730508524,0.05675752193042549,1,0.3773281592544657,0.10267188727461403,0.7502754820936639,0.48132821928426384,0.10873646824074422,0.4340856811848912,0.09774759373511091,0.7665289256198348,0.5152493936191382,-0.038917170000982805
eicu_floor540,390,1,590,501,501,36,0.8491525423728814,110,2.138888888888889,0.7317073170731707,22.722503588006326,0.9559169918952017,0.028862379154476148,1,0.3056879530264214,0.11248990774967638,0.705785123966942,0.4059444671701951,0.08272732133187768,0.3345503321808975,0.11028586802452678,0.7369146005509642,0.4819324738594136,-0.05738124154117021
eicu_floor540,390,1,590,501,501,36,0.8491525423728814,110,2.138888888888889,0.6829268292682927,39.684056577450406,0.9747635862661133,0.10533435752466674,1,0.3605761558624142,0.10544444190442244,0.7869146005509642,0.52197308162597,-0.11526535254791598,0.46591051338708095,0.0952237887070127,0.8381542699724518,0.7709330357999695,-0.12591294251791263
eicu_floor540,390,4,590,435,4402,37,7.461016949152542,110,2.081081081081081,0.38461538461538464,67.46656664495119,0.9544935171607989,0.08343963508395519,1,0.3773281592544657,0.10267188727461403,0.7502754820936639,0.48132821928426384,0.10873646824074422,0.4607677943384209,0.09944693222684896,0.7599173553719009,0.6593772554344711,-0.693189734909849
eicu_floor540,390,4,590,435,4402,36,7.461016949152542,110,2.138888888888889,0.38461538461538464,94.40016300354839,0.957627191810573,0.027170783670802445,1,0.3056879530264214,0.11248990774967638,0.705785123966942,0.4059444671701951,0.08272732133187768,0.3328587366972238,0.12067255009035877,0.7019283746556473,0.45121842643405125,-0.7128065866244155
eicu_floor540,390,4,590,435,4402,36,7.461016949152542,110,2.138888888888889,0.38461538461538464,83.7302130995549,0.9754754039590484,0.10590108385925401,1,0.3605761558624142,0.10544444190442244,0.7869146005509642,0.52197308162597,-0.11526535254791598,0.4664772397216682,0.0942616182259114,0.8476584022038568,0.8193941385933395,-0.6372691154838046
eicu_floor540,390,3,590,578,2217,37,3.7576271186440677,110,2.081081081081081,0.5121951219512195,62.906958131264844,0.9632729762424734,0.006629161332562639,1,0.3773281592544657,0.10267188727461403,0.7502754820936639,0.48132821928426384,0.10873646824074422,0.38395732058702836,0.10351196628217137,0.7187327823691461,0.6267307661554885,-0.30870791970357325
eicu_floor540,390,3,590,578,2217,36,3.7576271186440677,110,2.138888888888889,0.5121951219512195,69.74416893672085,0.963555922059965,0.07985523880285539,1,0.3056879530264214,0.11248990774967638,0.705785123966942,0.4059444671701951,0.08272732133187768,0.38554319182927677,0.11428642856721748,0.7549586776859504,0.5023983841748357,-0.7529617609174375
eicu_floor540,390,3,590,578,2217,36,3.7576271186440677,110,2.138888888888889,0.5121951219512195,39.58800845327605,0.9470055483676516,0.07006997365024348,1,0.3605761558624142,0.10544444190442244,0.7869146005509642,0.52197308162597,-0.11526535254791598,0.4306461295126577,0.10928785513910184,0.8316804407713498,0.5161311681297408,-0.7783013781622942
eicu_floor540,390,3,590,435,1839,37,3.116949152542373,110,2.081081081081081,0.5263157894736842,35.26170979175306,0.9294411777365608,0.07888880842524515,1,0.3773281592544657,0.10267188727461403,0.7502754820936639,0.48132821928426384,0.10873646824074422,0.45621696767971087,0.09275617773952959,0.7820936639118458,0.913974470754384,0.06616502222143604
eicu_floor540,390,3,590,435,1839,36,3.116949152542373,110,2.138888888888889,0.5405405405405406,33.621007736536725,0.9193011729826894,-0.009106103244916008,0,0.3056879530264214,0.11248990774967638,0.705785123966942,0.4059444671701951,0.08272732133187768,0.29658184978150537,0.11466951714845046,0.7046831955922865,0.4481176584844072,-0.2660393795436485
eicu_floor540,390,3,590,435,1839,36,3.116949152542373,110,2.138888888888889,0.5405405405405406,111.8188323645866,0.973080703202518,0.1048985019306849,1,0.3605761558624142,0.10544444190442244,0.7869146005509642,0.52197308162597,-0.11526535254791598,0.4654746577930991,0.09115417238970983,0.8721763085399448,0.8823283944835361,-0.28740037547447217
eicu_floor540,390,2,590,590,1696,37,2.8745762711864407,110,2.081081081081081,0.5,34.75284819380862,0.9554223832738078,0.031143528308996027,1,0.3773281592544657,0.10267188727461403,0.7502754820936639,0.48132821928426384,0.10873646824074422,0.40847168756346175,0.09780315387439473,0.7944903581267218,0.6446307755020493,-0.05749890421786666
eicu_floor540,390,2,590,590,1696,36,2.8745762711864407,110,2.138888888888889,0.5135135135135135,60.89292485291136,0.9747705764987916,-0.009435677674702658,0,0.3056879530264214,0.11248990774967638,0.705785123966942,0.4059444671701951,0.08272732133187768,0.2962522753517187,0.11712276401323395,0.7400826446280993,0.4270230944044561,-0.38350089731439607
eicu_floor540,390,2,590,590,1696,36,2.8745762711864407,110,2.138888888888889,0.5135135135135135,23.3725976209652,0.9363428833497816,0.019591727303955586,1,0.3605761558624142,0.10544444190442244,0.7869146005509642,0.52197308162597,-0.11526535254791598,0.3801678831663698,0.10492256275007047,0.803443526170799,0.555315230041593,-0.3464591974172799
eicu_floor540,390,2,590,423,910,37,1.5423728813559323,110,2.081081081081081,0.5263157894736842,22.624590204622635,0.9116006088105251,0.000391136856419283,1,0.3773281592544657,0.10267188727461403,0.7502754820936639,0.48132821928426384,0.10873646824074422,0.377719296110885,0.09978514088750894,0.7739669421487603,0.6455287078616936,-0.013516275636595253
eicu_floor540,390,2,590,423,910,36,1.5423728813559323,110,2.138888888888889,0.5405405405405406,67.552977385424,0.9703936069525257,-0.034525094300770554,0,0.3056879530264214,0.11248990774967638,0.705785123966942,0.4059444671701951,0.08272732133187768,0.2711628587256508,0.1396112871527978,0.7005509641873278,0.344700227126924,-1.045565241604976
eicu_floor540,390,2,590,423,910,36,1.5423728813559323,110,2.138888888888889,0.5405405405405406,38.38126858849102,0.9548927995882027,0.0085132025317049,1,0.3605761558624142,0.10544444190442244,0.7869146005509642,0.52197308162597,-0.11526535254791598,0.3690893583941191,0.11346443548895867,0.818595041322314,0.5083390927752236,-0.8205497659498401
eicu_floor540,390,2,590,423,1340,37,2.2711864406779663,110,2.081081081081081,0.6578947368421053,17.409386229536135,0.9155119280404755,0.07116229391869794,1,0.3773281592544657,0.10267188727461403,0.7502754820936639,0.48132821928426384,0.10873646824074422,0.44849045317316366,0.09825537786993056,0.7556473829201102,0.896024234785772,0.7874093769672379
eicu_floor540,390,2,590,423,1340,36,2.2711864406779663,110,2.138888888888889,0.6756756756756757,40.212225017229684,0.9494225590472162,-0.006781597615502177,0,0.3056879530264214,0.11248990774967638,0.705785123966942,0.4059444671701951,0.08272732133187768,0.2989063554109192,0.11097187937042169,0.706611570247934,0.49323519660577364,0.5769038224070423
eicu_floor540,390,2,590,423,1340,36,2.2711864406779663,110,2.138888888888889,0.6756756756756757,77.31681864950902,0.9731994893491283,0.07333438631780947,1,0.3605761558624142,0.10544444190442244,0.7869146005509642,0.52197308162597,-0.11526535254791598,0.4339105421802237,0.09675234632430554,0.840771349862259,0.8318690735485221,0.4574778957167849
eicu_floor540,390,1,590,485,485,37,0.8220338983050848,110,2.081081081081081,0.7297297297297297,27.162428049459965,0.963184439985295,0.0219954582497765,1,0.3773281592544657,0.10267188727461403,0.7502754820936639,0.48132821928426384,0.10873646824074422,0.3993236175042422,0.09908228777716639,0.7491735537190082,0.6073400943056225,-0.08129383811951146
eicu_floor540,390,1,590,485,485,36,0.8220338983050848,110,2.138888888888889,0.7894736842105263,47.667087228708084,0.9789989140956157,0.014874974645770755,1,0.3056879530264214,0.11248990774967638,0.705785123966942,0.4059444671701951,0.08272732133187768,0.32056292767219213,0.11158189038144409,0.7348484848484849,0.5194025748224589,-0.21437837327276257
eicu_floor540,390,1,590,485,485,36,0.8220338983050848,110,2.138888888888889,0.75,12.664078554368553,0.9210364973885097,0.023152757924474632,1,0.3605761558624142,0.10544444190442244,0.7869146005509642,0.52197308162597,-0.11526535254791598,0.38372891378688884,0.10352657374650574,0.7870523415977961,0.5576705822677311,-0.3431170829584997
eicu_floor540,390,2,590,534,1617,37,2.740677966101695,110,2.081081081081081,0.5641025641025641,74.98599317575939,0.9854702178582111,0.09398914164959205,1,0.3773281592544657,0.10267188727461403,0.7502754820936639,0.48132821928426384,0.10873646824074422,0.47131730090405777,0.09465779578918833,0.7630853994490359,0.7957536608730876,-0.3700341651139074
eicu_floor540,390,2,590,534,1617,36,2.740677966101695,110,2.138888888888889,0.5641025641025641,27.172309718605348,0.9335646697529534,0.0263436503531288,1,0.3056879530264214,0.11248990774967638,0.705785123966942,0.4059444671701951,0.08272732133187768,0.3320316033795502,0.1216438402041251,0.6866391184573003,0.43298079673488155,-0.7384051197214188
eicu_floor540,390,2,590,534,1617,36,2.740677966101695,110,2.138888888888889,0.5641025641025641,59.518946898089126,0.9716663129972586,0.010992742227602548,1,0.3605761558624142,0.10544444190442244,0.7869146005509642,0.52197308162597,-0.11526535254791598,0.37156889809001675,0.1247694237272172,0.7838842975206611,0.4650402035405384,-1.0082420240757453
eicu_floor540,391,1,458,458,865,29,1.888646288209607,85,2.0344827586206895,0.4,137.4366592477436,0.9922871782636017,0.05052107553730678,1,0.40593782699857617,0.10105676109584955,0.752361673414305,0.7851110484591991,-0.12479173711213008,0.45645890253588295,0.10072922924417424,0.7840755735492577,0.6128563287069794,-0.14440905381724223
eicu_floor540,391,1,458,458,865,29,1.888646288209607,85,2.0344827586206895,0.4,62.04671929120574,0.982584802255057,0.04108596007583726,1,0.2968963121871466,0.11628802984344741,0.6871345029239766,0.4286829683012591,-0.02830169045412813,0.3379822722629839,0.11676371903425324,0.6727395411605938,0.3334978823936123,-0.1463571287019763
eicu_floor540,391,1,458,458,865,29,1.888646288209607,85,2.0344827586206895,0.4,78.1269620290866,0.9871607624207712,0.02960805302285968,1,0.2629673770845848,0.1184869664799642,0.6657669815564553,0.37661460812830355,0.12304196165521471,0.29257543010744447,0.11981092197165741,0.7094017094017094,0.38139562783324016,-0.052122704408449475
eicu_floor540,391,4,458,458,3337,29,7.286026200873362,85,2.0344827586206895,0.3076923076923077,165.41236719593894,0.9857526944264959,0.01141280357911012,1,0.40593782699857617,0.10105676109584955,0.752361673414305,0.7851110484591991,-0.12479173711213008,0.4173506305776863,0.11337499922803616,0.7730544309491678,0.5989212300819275,-0.7381776078336164
eicu_floor540,391,4,458,458,3337,29,7.286026200873362,85,2.0344827586206895,0.3076923076923077,164.63384406766073,0.9757317088957461,0.07994580764143783,1,0.2968963121871466,0.11628802984344741,0.6871345029239766,0.4286829683012591,-0.02830169045412813,0.37684211982858445,0.11201235816290782,0.710076473234368,0.520392026609785,-0.4191223377470025
eicu_floor540,391,4,458,458,3337,29,7.286026200873362,85,2.0344827586206895,0.3076923076923077,126.58498534623166,0.9803747087988193,0.04499027275648382,1,0.2629673770845848,0.1184869664799642,0.6657669815564553,0.37661460812830355,0.12304196165521471,0.3079576498410686,0.13120081657651997,0.7015294646873594,0.31170757548220945,-0.6417041332515081
eicu_floor540,391,2,458,387,1252,29,2.7336244541484715,85,2.0344827586206895,0.32432432432432434,13.579169394905897,0.8793781392187797,0.06681593394721563,1,0.40593782699857617,0.10105676109584955,0.752361673414305,0.7851110484591991,-0.12479173711213008,0.4727537609457918,0.10994601460753786,0.7676563202878993,0.500492047190753,-0.47520526607947533
eicu_floor540,391,2,458,387,1252,29,2.7336244541484715,85,2.0344827586206895,0.32432432432432434,22.547879301349603,0.9487055671959187,0.10175566374549788,1,0.2968963121871466,0.11628802984344741,0.6871345029239766,0.4286829683012591,-0.02830169045412813,0.3986519759326445,0.12042803869234521,0.6776878092667568,0.3392823371456735,-0.3691792766200258
eicu_floor540,391,2,458,387,1252,29,2.7336244541484715,85,2.0344827586206895,0.32432432432432434,43.60669696314608,0.9703527688433775,0.0913611079619836,1,0.2629673770845848,0.1184869664799642,0.6657669815564553,0.37661460812830355,0.12304196165521471,0.3543284850465684,0.12054650311406519,0.7006297795771481,0.36674404294131197,-0.27111486402516566
eicu_floor540,391,3,458,409,3221,29,7.032751091703057,85,2.0344827586206895,0.5526315789473685,130.58343625550285,0.977026182753147,0.07237883224289282,1,0.40593782699857617,0.10105676109584955,0.752361673414305,0.7851110484591991,-0.12479173711213008,0.478316659241469,0.09318151563135352,0.780476833108412,1.0396139529506054,-0.2077422766944496
eicu_floor540,391,3,458,409,3221,29,7.032751091703057,85,2.0344827586206895,0.5526315789473685,131.0010953383891,0.9800982584385509,0.10688750339120934,1,0.2968963121871466,0.11628802984344741,0.6871345029239766,0.4286829683012591,-0.02830169045412813,0.40378381557835596,0.10899120897627133,0.6729644624381467,0.4514444368370133,-0.3049146410382799
eicu_floor540,391,3,458,409,3221,29,7.032751091703057,85,2.0344827586206895,0.5526315789473685,139.74286454492827,0.9851893155056826,0.034069645012970606,1,0.2629673770845848,0.1184869664799642,0.6657669815564553,0.37661460812830355,0.12304196165521471,0.2970370220975554,0.11580029111558894,0.7089518668466037,0.5432537640990902,-0.31218690259586157
eicu_floor540,391,1,458,458,1365,29,2.980349344978166,85,2.0344827586206895,0.5609756097560976,10.159095046973347,0.9015660356187015,0.005366331388497014,1,0.40593782699857617,0.10105676109584955,0.752361673414305,0.7851110484591991,-0.12479173711213008,0.4113041583870732,0.10559516256275425,0.7341430499325237,0.6808489180123052,-0.19126986122267137
eicu_floor540,391,1,458,458,1365,29,2.980349344978166,85,2.0344827586206895,0.5609756097560976,43.21794497460503,0.9768614634363665,0.034576767597512104,1,0.2968963121871466,0.11628802984344741,0.6871345029239766,0.4286829683012591,-0.02830169045412813,0.33147307978465873,0.11848449138743566,0.6648672964462438,0.40984486907555606,-0.3176756856935454
eicu_floor540,391,1,458,458,1365,29,2.980349344978166,85,2.0344827586206895,0.5609756097560976,20.665477664342795,0.9516101192412577,0.04282219931400971,1,0.2629673770845848,0.1184869664799642,0.6657669815564553,0.37661460812830355,0.12304196165521471,0.3057895763985945,0.11366945134861726,0.7060278902384166,0.5226203676212158,-0.21165294290303271
eicu_floor540,391,4,458,383,3012,29,6.576419213973799,85,2.0344827586206895,0.4634146341463415,92.0770343622437,0.9691346058525008,0.021437652070294355,1,0.40593782699857617,0.10105676109584955,0.752361673414305,0.7851110484591991,-0.12479173711213008,0.4273754790688705,0.10045849295245304,0.7519118308591992,0.7439020931512476,0.1901305856963842
eicu_floor540,391,4,458,383,3012,29,6.576419213973799,85,2.0344827586206895,0.4634146341463415,87.97375890369861,0.966894921666762,0.073919365798019,1,0.2968963121871466,0.11628802984344741,0.6871345029239766,0.4286829683012591,-0.02830169045412813,0.3708156779851656,0.11025395938982847,0.6632928475033738,0.41066186520068954,0.10008200810638222
eicu_floor540,391,4,458,383,3012,29,6.576419213973799,85,2.0344827586206895,0.4634146341463415,110.88157463096866,0.9817158866355569,0.1236891009093588,1,0.2629673770845848,0.1184869664799642,0.6657669815564553,0.37661460812830355,0.12304196165521471,0.3866564779939436,0.10491470351803155,0.7262708052181738,0.5957145588558662,0.20888914389777696
eicu_floor540,391,1,458,458,1512,29,3.3013100436681224,85,2.0344827586206895,0.5,14.364068211272263,0.9106278299152786,0.06270442321359998,1,0.40593782699857617,0.10105676109584955,0.752361673414305,0.7851110484591991,-0.12479173711213008,0.46864225021217615,0.10131235454863494,0.7995951417004049,0.6676921863444153,-0.5072776341823009
eicu_floor540,391,1,458,458,1512,29,3.3013100436681224,85,2.0344827586206895,0.5,27.027189131868187,0.9610728218629985,0.09291219985500532,1,0.2968963121871466,0.11628802984344741,0.6871345029239766,0.4286829683012591,-0.02830169045412813,0.38980851204215194,0.11601520467735993,0.7008547008547009,0.3860427292151459,-0.45127448121804636
eicu_floor540,391,1,458,458,1512,29,3.3013100436681224,85,2.0344827586206895,0.5,26.259331390854257,0.9611866261629137,0.07506896565594229,1,0.2629673770845848,0.1184869664799642,0.6657669815564553,0.37661460812830355,0.12304196165521471,0.3380363427405271,0.11933204018206824,0.7255960413855151,0.42692986552665474,-0.38344798178825107
eicu_floor540,391,4,458,458,5344,29,11.668122270742359,85,2.0344827586206895,0.53125,114.5923494047861,0.9707718087655286,-0.06688389896938379,0,0.40593782699857617,0.10105676109584955,0.752361673414305,0.7851110484591991,-0.12479173711213008,0.3390539280291924,0.10772561117929737,0.6844354475933424,0.5387658416798814,0.5297094800002818
eicu_floor540,391,4,458,458,5344,29,11.668122270742359,85,2.0344827586206895,0.53125,79.07742866102035,0.974704842460528,0.024792794416540975,1,0.2968963121871466,0.11628802984344741,0.6871345029239766,0.4286829683012591,-0.02830169045412813,0.3216891066036876,0.10826300148811824,0.6479982006297796,0.4697608033800597,0.6462455927854686
eicu_floor540,391,4,458,458,5344,29,11.668122270742359,85,2.0344827586206895,0.53125,88.554440814915,0.9714235174045847,0.013522922164828144,1,0.2629673770845848,0.1184869664799642,0.6657669815564553,0.37661460812830355,0.12304196165521471,0.27649029924941293,0.11126398113886694,0.6594691857849753,0.4955283996446767,0.6237389899397277
eicu_floor540,391,4,458,383,2479,29,5.4126637554585155,85,2.0344827586206895,0.5128205128205128,115.54765931895719,0.9772037093594867,0.006986586364753022,1,0.40593782699857617,0.10105676109584955,0.752361673414305,0.7851110484591991,-0.12479173711213008,0.4129244133633292,0.09892910687424504,0.7663067926225822,0.6788339389752495,-0.13340896959647192
eicu_floor540,391,4,458,383,2479,29,5.4126637554585155,85,2.0344827586206895,0.5128205128205128,127.50632836944507,0.9720805296105439,0.10843438388103621,1,0.2968963121871466,0.11628802984344741,0.6871345029239766,0.4286829683012591,-0.02830169045412813,0.40533069606818284,0.10089691090780009,0.6783625730994152,0.46758868798442776,0.25582323629199016
eicu_floor540,391,4,458,383,2479,29,5.4126637554585155,85,2.0344827586206895,0.5128205128205128,168.26943914149663,0.9794313282627639,0.08384264930138469,1,0.2629673770845848,0.1184869664799642,0.6657669815564553,0.37661460812830355,0.12304196165521471,0.34681002638596947,0.10623280482843833,0.7253711201079623,0.5015564843480076,0.17751110949735702
eicu_floor540,391,2,458,383,952,29,2.078602620087336,85,2.0344827586206895,0.6666666666666666,38.396392991885065,0.9471629066947458,-0.05875518695339166,0,0.40593782699857617,0.10105676109584955,0.752361673414305,0.7851110484591991,-0.12479173711213008,0.3471826400451845,0.10538204948646844,0.7386414754835808,0.6860253534614474,0.263355755392952
eicu_floor540,391,2,458,383,952,29,2.078602620087336,85,2.0344827586206895,0.6666666666666666,54.5077420530728,0.9654219379473119,0.008242338733003507,1,0.2968963121871466,0.11628802984344741,0.6871345029239766,0.4286829683012591,-0.02830169045412813,0.30513865092015013,0.11198922716748236,0.655195681511471,0.4038313624400103,0.5550546856215156
eicu_floor540,391,2,458,383,952,29,2.078602620087336,85,2.0344827586206895,0.6666666666666666,47.96989606768949,0.9583071850483512,0.02070226075609477,1,0.2629673770845848,0.1184869664799642,0.6657669815564553,0.37661460812830355,0.12304196165521471,0.28366963784067956,0.11506494921951049,0.6851102114260009,0.4518155145375421,0.5809935705977852
eicu_floor540,391,2,458,423,1028,29,2.2445414847161573,85,2.0344827586206895,0.7222222222222222,44.45126615438485,0.9550069059213353,-0.007609700434197952,0,0.40593782699857617,0.10105676109584955,0.752361673414305,0.7851110484591991,-0.12479173711213008,0.3983281265643782,0.09901931511625128,0.7633828160143951,0.5690740528328359,0.3535714488179286
eicu_floor540,391,2,458,423,1028,29,2.2445414847161573,85,2.0344827586206895,0.7222222222222222,22.532599228754187,0.9112397118638772,0.01930416745510022,1,0.2968963121871466,0.11628802984344741,0.6871345029239766,0.4286829683012591,-0.02830169045412813,0.31620047964224685,0.12770204552612904,0.6270805218173638,0.24789765637047625,-0.2102720705768675
eicu_floor540,391,2,458,423,1028,29,2.2445414847161573,85,2.0344827586206895,0.7222222222222222,55.719651416786164,0.9641060209612604,-0.006281593129289387,0,0.2629673770845848,0.1184869664799642,0.6657669815564553,0.37661460812830355,0.12304196165521471,0.2566857839552954,0.13621152945832643,0.6695906432748538,0.24362100170620166,0.23482274303642442
eicu_floor540,391,1,458,458,2207,29,4.818777292576419,85,2.0344827586206895,0.7272727272727273,41.68319489939008,0.9597724656822499,0.019955440990913065,1,0.40593782699857617,0.10105676109584955,0.752361673414305,0.7851110484591991,-0.12479173711213008,0.42589326798948923,0.1026248671481928,0.7847503373819164,0.942043336968268,-0.5890685189729311
eicu_floor540,391,1,458,458,2207,29,4.818777292576419,85,2.0344827586206895,0.7272727272727273,100.44082628597204,0.9900226532519953,0.05372204236854383,1,0.2968963121871466,0.11628802984344741,0.6871345029239766,0.4286829683012591,-0.02830169045412813,0.35061835455569046,0.11902593398104044,0.6923076923076923,0.48796930421508045,-0.6885068655078304
eicu_floor540,391,1,458,458,2207,29,4.818777292576419,85,2.0344827586206895,0.7272727272727273,49.36412297341494,0.9713540807397725,0.01003600489190054,1,0.2629673770845848,0.1184869664799642,0.6657669815564553,0.37661460812830355,0.12304196165521471,0.2730033819764853,0.12928406056776306,0.6792622582096266,0.44036719705853017,-0.5790816180663296
eicu_floor540,394,3,917,392,3417,31,3.7262813522355507,92,2.064516129032258,0.48717948717948717,45.64738208579247,0.9688967486270543,0.12327962560356207,1,0.15762229014047538,0.06759514295639346,0.7275565964090553,0.5694303124549062,0.01785185601678182,0.28090191574403744,0.06436977317988421,0.7911787665886026,0.8079083095697299,-0.46161967587194114
eicu_floor540,394,3,917,392,3417,31,3.7262813522355507,92,2.064516129032258,0.48717948717948717,59.852823581850366,0.9522458882742084,0.09949601927634749,1,0.19900762657133503,0.06532705017949893,0.754976580796253,0.6818429410418206,-0.2164177957882427,0.2985036458476825,0.06557628803908842,0.7766393442622951,0.7857348488428434,-0.7150909117570603
eicu_floor540,394,3,917,392,3417,31,3.7262813522355507,92,2.064516129032258,0.5135135135135135,71.91678927808817,0.962438319991662,0.117241351968882,1,0.13295098096209093,0.06919603912327897,0.6948672911787666,0.47295342401764534,-0.0002244357912155634,0.2501923329309729,0.0673844483808271,0.7540983606557377,0.7008654674236738,-0.7207492284950943
eicu_floor540,394,4,917,392,4966,31,5.415485278080698,92,2.064516129032258,0.5428571428571428,139.27994196084612,0.9771842755527003,0.08614661766408446,1,0.15762229014047538,0.06759514295639346,0.7275565964090553,0.5694303124549062,0.01785185601678182,0.24376890780455984,0.06974835316185594,0.7920569867291178,0.7247854671896672,-0.8017789860105488
eicu_floor540,394,4,917,392,4966,31,5.415485278080698,92,2.064516129032258,0.5428571428571428,196.40148361321945,0.984480387169762,0.025557860241975067,1,0.19900762657133503,0.06532705017949893,0.754976580796253,0.6818429410418206,-0.2164177957882427,0.2245654868133101,0.0692446655320624,0.7714676034348166,0.6893763565920349,-0.733318701166856
eicu_floor540,394,4,917,392,4966,31,5.415485278080698,92,2.064516129032258,0.5428571428571428,189.33872773269317,0.9815941068141232,0.08795950544689488,1,0.13295098096209093,0.06919603912327897,0.6948672911787666,0.47295342401764534,-0.0002244357912155634,0.2209104864089858,0.07034761458223271,0.7540007806401249,0.570174462690455,-0.7582221358849319
eicu_floor540,394,1,917,409,409,31,0.44601962922573607,92,2.064516129032258,0.6153846153846154,12.699135129158513,0.92096840485824,0.02626661826647389,1,0.15762229014047538,0.06759514295639346,0.7275565964090553,0.5694303124549062,0.01785185601678182,0.18388890840694927,0.06502490113547235,0.73467993754879,0.6766517768430991,0.03340386639015797
eicu_floor540,394,1,917,409,409,31,0.44601962922573607,92,2.064516129032258,0.5897435897435898,75.4567951050857,0.9867473830738857,0.008584394443498067,1,0.19900762657133503,0.06532705017949893,0.754976580796253,0.6818429410418206,-0.2164177957882427,0.2075920210148331,0.06643035831134567,0.7499024199843872,0.6182250606973565,-0.27387772095755225
eicu_floor540,394,1,917,409,409,31,0.44601962922573607,92,2.064516129032258,0.5897435897435898,51.69934060567036,0.9806573935318177,0.029185047450174167,1,0.13295098096209093,0.06919603912327897,0.6948672911787666,0.47295342401764534,-0.0002244357912155634,0.1621360284122651,0.06835852774126717,0.745023419203747,0.6125774279655163,-0.2970979324178368
eicu_floor540,394,4,917,446,2531,31,2.7600872410032715,92,2.064516129032258,0.5588235294117647,138.10977726006598,0.9757251748077884,0.09439703946615616,1,0.15762229014047538,0.06759514295639346,0.7275565964090553,0.5694303124549062,0.01785185601678182,0.25201932960663154,0.06045103622493084,0.8006440281030446,0.9181417758965154,0.14487381070605893
eicu_floor540,394,4,917,446,2531,31,2.7600872410032715,92,2.064516129032258,0.5588235294117647,73.4197395025589,0.9595438905508249,0.06128073112473109,1,0.19900762657133503,0.06532705017949893,0.754976580796253,0.6818429410418206,-0.2164177957882427,0.2602883576960661,0.06028257558104128,0.7720530835284933,0.776878410997463,-0.058977312500358835
eicu_floor540,394,4,917,446,2531,31,2.7600872410032715,92,2.064516129032258,0.5588235294117647,122.41016995601728,0.9673229765023835,0.03481204757991732,1,0.13295098096209093,0.06919603912327897,0.6948672911787666,0.47295342401764534,-0.0002244357912155634,0.16776302854200825,0.06585736293010738,0.7689305230288837,0.7016347353919433,-0.004432317826593178
eicu_floor540,394,3,917,417,1490,31,1.6248636859323882,92,2.064516129032258,0.5121951219512195,93.49065327087644,0.968844804852367,-0.09982727740752836,0,0.15762229014047538,0.06759514295639346,0.7275565964090553,0.5694303124549062,0.01785185601678182,0.07065160528597872,0.07576258991253727,0.3363583138173302,-0.1794467070797841,0.4655071816249916
eicu_floor540,394,3,917,417,1490,31,1.6248636859323882,92,2.064516129032258,0.5121951219512195,39.44894375917061,0.9433030754347644,-0.13521352562635752,0,0.19900762657133503,0.06532705017949893,0.754976580796253,0.6818429410418206,-0.2164177957882427,0.06401081387273405,0.07909884455111717,0.2800546448087432,-0.2522690548589978,0.17603782223490613
eicu_floor540,394,3,917,417,1490,31,1.6248636859323882,92,2.064516129032258,0.5121951219512195,55.31231959717356,0.9581659966760969,0.05174306846012369,1,0.13295098096209093,0.06919603912327897,0.6948672911787666,0.47295342401764534,-0.0002244357912155634,0.1555326062390187,0.23216851326021282,0.764832162373146,0.09331016515868065,-14.626542582357624
eicu_floor540,394,3,917,437,1666,31,1.816793893129771,92,2.064516129032258,0.5882352941176471,132.55834201928664,0.9773684556226305,0.06640781527467923,1,0.15762229014047538,0.06759514295639346,0.7275565964090553,0.5694303124549062,0.01785185601678182,0.2240301054151546,0.061249384559771344,0.7683450429352069,0.8579775010407633,-0.03999203783512101
eicu_floor540,394,3,917,437,1666,31,1.816793893129771,92,2.064516129032258,0.5882352941176471,108.67323363862647,0.9723943063111937,-0.009569131442811851,0,0.19900762657133503,0.06532705017949893,0.754976580796253,0.6818429410418206,-0.2164177957882427,0.18943849512852318,0.06741260834411208,0.7137002341920375,0.573549104473317,-0.3421142521527875
eicu_floor540,394,3,917,437,1666,31,1.816793893129771,92,2.064516129032258,0.5882352941176471,71.04253363624015,0.9711233639004676,0.006858976734483685,1,0.13295098096209093,0.06919603912327897,0.6948672911787666,0.47295342401764534,-0.0002244357912155634,0.13980995769657462,0.06722250617985269,0.7225800156128025,0.6267147620587079,-0.05908352055629534
eicu_floor540,394,1,917,917,1051,31,1.1461286804798254,92,2.064516129032258,0.6060606060606061,37.825258478852604,0.9731583957736197,0.07188520306944168,1,0.15762229014047538,0.06759514295639346,0.7275565964090553,0.5694303124549062,0.01785185601678182,0.22950749320991706,0.0628651320335742,0.7486338797814207,0.7967483581418394,-0.22958676731066885
eicu_floor540,394,1,917,917,1051,31,1.1461286804798254,92,2.064516129032258,0.6060606060606061,95.33291233139599,0.9894824019084787,0.011627297431923866,1,0.19900762657133503,0.06532705017949893,0.754976580796253,0.6818429410418206,-0.2164177957882427,0.2106349240032589,0.0659371326498055,0.7579039812646371,0.6910470410270557,-0.2804191585558134
eicu_floor540,394,1,917,917,1051,31,1.1461286804798254,92,2.064516129032258,0.6060606060606061,18.903006744060242,0.9426169400849365,0.030043745583605536,1,0.13295098096209093,0.06919603912327897,0.6948672911787666,0.47295342401764534,-0.0002244357912155634,0.16299472654569647,0.06827765650954311,0.7168227946916471,0.5769952572005291,-0.33162522461771343
eicu_floor540,394,4,917,435,3310,31,3.6095965103598693,92,2.064516129032258,0.5294117647058824,56.425976782121204,0.9627695871513503,0.06702259832348847,1,0.15762229014047538,0.06759514295639346,0.7275565964090553,0.5694303124549062,0.01785185601678182,0.22464488846396385,0.06664124851105829,0.7902029664324746,0.6802540128882946,-0.3532925889752066
eicu_floor540,394,4,917,435,3310,31,3.6095965103598693,92,2.064516129032258,0.5294117647058824,99.75636431541238,0.9653837959954178,0.04532371590696699,1,0.19900762657133503,0.06532705017949893,0.754976580796253,0.6818429410418206,-0.2164177957882427,0.24433134247830202,0.06898063687652137,0.7666861826697893,0.6025744795356324,-0.6101373347516508
eicu_floor540,394,4,917,435,3310,31,3.6095965103598693,92,2.064516129032258,0.5588235294117647,122.04193836801272,0.9780528290107757,0.08257277171551733,1,0.13295098096209093,0.06919603912327897,0.6948672911787666,0.47295342401764534,-0.0002244357912155634,0.21552375267760826,0.06560501812810461,0.7787861046057767,0.6659233883599017,-0.2904464604580525
eicu_floor540,394,3,917,534,2712,31,2.9574700109051255,92,2.064516129032258,0.475,91.28272162709723,0.974085616881648,0.14351023808429872,1,0.15762229014047538,0.06759514295639346,0.7275565964090553,0.5694303124549062,0.01785185601678182,0.3011325282247741,0.06724901363857767,0.7942037470725996,0.8589878986406103,-0.7363773199788511
eicu_floor540,394,3,917,534,2712,31,2.9574700109051255,92,2.064516129032258,0.5,103.6123030771443,0.9768199786314004,0.07429880961580565,1,0.19900762657133503,0.06532705017949893,0.754976580796253,0.6818429410418206,-0.2164177957882427,0.2733064361871407,0.07348533795712672,0.7655152224824356,0.7277270688023312,-1.0078185840349265
eicu_floor540,394,3,917,534,2712,31,2.9574700109051255,92,2.064516129032258,0.5135135135135135,119.94235011097764,0.9809594899431909,0.08123120665390357,1,0.13295098096209093,0.06919603912327897,0.6948672911787666,0.47295342401764534,-0.0002244357912155634,0.2141821876159945,0.0716428340087643,0.7414129586260734,0.6951551212105056,-0.8095129798696952
eicu_floor540,394,2,917,383,938,31,1.0229007633587786,92,2.064516129032258,0.5454545454545454,29.895701221887876,0.9665183115246126,0.014688992677138746,1,0.15762229014047538,0.06759514295639346,0.7275565964090553,0.5694303124549062,0.01785185601678182,0.17231128281761413,0.06609701617012803,0.7250195160031226,0.55094701241646,0.4134177915692051
eicu_floor540,394,2,917,383,938,31,1.0229007633587786,92,2.064516129032258,0.5454545454545454,47.44632582423627,0.9627930377162923,0.015522416804808231,1,0.19900762657133503,0.06532705017949893,0.754976580796253,0.6818429410418206,-0.2164177957882427,0.21453004337614326,0.06357501952338951,0.7349726775956285,0.6421170093599864,0.1470660800234591
eicu_floor540,394,2,917,383,938,31,1.0229007633587786,92,2.064516129032258,0.5454545454545454,71.72542430671243,0.9720790270931199,0.059710197266941795,1,0.13295098096209093,0.06919603912327897,0.6948672911787666,0.47295342401764534,-0.0002244357912155634,0.19266117822903273,0.06524548101296346,0.7848360655737705,0.7034439742263747,0.2747733037736765
eicu_floor540,394,1,917,423,423,31,0.4612868047982552,92,2.064516129032258,0.7575757575757576,15.563445155771545,0.9357468741662793,0.011218990625584485,1,0.15762229014047538,0.06759514295639346,0.7275565964090553,0.5694303124549062,0.01785185601678182,0.16884128076605986,0.06408902659897718,0.7180913348946135,0.662848050237331,0.3886267915413844
eicu_floor540,394,1,917,423,423,31,0.4612868047982552,92,2.064516129032258,0.7575757575757576,15.822957013932355,0.9368006878158435,0.04414647565768093,1,0.19900762657133503,0.06532705017949893,0.754976580796253,0.6818429410418206,-0.2164177957882427,0.24315410222901596,0.0608606154988688,0.7533177205308352,0.8157954422333015,0.291495050629033
eicu_floor540,394,1,917,423,423,31,0.4612868047982552,92,2.064516129032258,0.7575757575757576,22.62910132777079,0.9558091156376244,0.013752990668987886,1,0.13295098096209093,0.06919603912327897,0.6948672911787666,0.47295342401764534,-0.0002244357912155634,0.14670397163107882,0.06781370416149594,0.7461943793911008,0.5604293687419173,0.44602550323735096
eicu_floor540,394,2,917,569,2335,31,2.5463467829880044,92,2.064516129032258,0.6060606060606061,26.76298038069787,0.9281303383091678,0.04038378379232871,1,0.15762229014047538,0.06759514295639346,0.7275565964090553,0.5694303124549062,0.01785185601678182,0.1980060739328041,0.06959212558073002,0.7535128805620608,0.70925395524637,-0.6463768034724477
eicu_floor540,394,2,917,569,2335,31,2.5463467829880044,92,2.064516129032258,0.6060606060606061,24.60247427400801,0.9189269387668092,0.017896005681874716,1,0.19900762657133503,0.06532705017949893,0.754976580796253,0.6818429410418206,-0.2164177957882427,0.21690363225320974,0.07793857992535422,0.7542935206869633,0.6221785097260567,-1.0492232647773974
eicu_floor540,394,2,917,569,2335,31,2.5463467829880044,92,2.064516129032258,0.6060606060606061,48.47800211461306,0.9652699609226773,0.02996260347023688,1,0.13295098096209093,0.06919603912327897,0.6948672911787666,0.47295342401764534,-0.0002244357912155634,0.1629135844323278,0.07698216549329026,0.7247267759562841,0.5246000152970824,-0.8544660297235972
eicu_floor540,400,3,756,392,4514,33,5.970899470899471,160,3.393939393939394,0.6486486486486487,165.71222385915019,0.9878749252452489,0.03498928007040236,1,0.31420735024560575,0.1215637643334123,0.6770833333333334,0.5547686765878899,0.16135681502039506,0.3491966303160081,0.12358593250865377,0.6727053140096619,0.474989726866774,0.11713325837916308
eicu_floor540,400,3,756,392,4514,34,5.970899470899471,160,3.2941176470588234,0.6486486486486487,121.62767697475581,0.9809999758446046,0.050909339721560865,1,0.31629145584950974,0.12065098821787056,0.675498188405797,0.5709981439638772,0.09836730282323948,0.3672007955710706,0.116990711839136,0.6724788647342996,0.5512955190247972,0.2604361775221424
eicu_floor540,400,3,756,392,4514,33,5.970899470899471,160,3.393939393939394,0.6486486486486487,135.2082928352121,0.9810341469026648,0.022397198550984154,1,0.3959133087239752,0.11628360151582733,0.6855374396135265,0.5803141566358749,-0.07886475066761128,0.41831050727495933,0.11449726092958946,0.7352807971014492,0.5347976226465119,-0.0901369152990616
eicu_floor540,400,3,756,756,5871,33,7.765873015873016,160,3.393939393939394,0.5384615384615384,238.5012991918044,0.9873295517311972,0.002208211825505124,1,0.31420735024560575,0.1215637643334123,0.6770833333333334,0.5547686765878899,0.16135681502039506,0.3164155620711109,0.13768848953584734,0.6333786231884058,0.348307681279384,-0.2449673860238771
eicu_floor540,400,3,756,756,5871,34,7.765873015873016,160,3.2941176470588234,0.5384615384615384,98.66150729512738,0.9797725217831924,0.03619601204876349,1,0.31629145584950974,0.12065098821787056,0.675498188405797,0.5709981439638772,0.09836730282323948,0.35248746789827323,0.12073095558358495,0.6670440821256038,0.49999113319758515,0.008244897714476665
eicu_floor540,400,3,756,756,5871,33,7.765873015873016,160,3.393939393939394,0.5384615384615384,147.84293322929832,0.9871433544102926,0.047906258470106544,1,0.3959133087239752,0.11628360151582733,0.6855374396135265,0.5803141566358749,-0.07886475066761128,0.4438195671940817,0.11847367785991483,0.7587560386473431,0.5328681662942258,-0.6359161017055837
eicu_floor540,400,2,756,576,2040,33,2.6984126984126986,160,3.393939393939394,0.5,73.87792370049698,0.9767387510794677,0.049306127475805706,1,0.31420735024560575,0.1215637643334123,0.6770833333333334,0.5547686765878899,0.16135681502039506,0.36351347772141146,0.12235168630810914,0.7001056763285025,0.482437628448495,0.08803503423664537
eicu_floor540,400,2,756,576,2040,34,2.6984126984126986,160,3.2941176470588234,0.625,38.813814788682414,0.9479408284964135,0.059281848468745235,1,0.31629145584950974,0.12065098821787056,0.675498188405797,0.5709981439638772,0.09836730282323948,0.375573304318255,0.11553756832882438,0.7008605072463768,0.5504457662852704,0.3829034624449308
eicu_floor540,400,2,756,576,2040,33,2.6984126984126986,160,3.393939393939394,0.5263157894736842,48.95105206381605,0.9728946930816452,0.08240752746977525,1,0.3959133087239752,0.11628360151582733,0.6855374396135265,0.5803141566358749,-0.07886475066761128,0.47832083619375043,0.1057079474544319,0.7761926328502415,0.6041959467096846,-0.14187550989463824
eicu_floor540,400,4,756,443,2409,33,3.1865079365079363,160,3.393939393939394,0.4146341463414634,104.74353778251925,0.9778246905809873,0.03942810782056727,1,0.31420735024560575,0.1215637643334123,0.6770833333333334,0.5547686765878899,0.16135681502039506,0.353635458066173,0.11993356024608041,0.6911231884057971,0.5020998422457517,0.265158090075919
eicu_floor540,400,4,756,443,2409,34,3.1865079365079363,160,3.2941176470588234,0.4146341463414634,137.7341822997227,0.9767953824261165,0.044533106472369466,1,0.31629145584950974,0.12065098821787056,0.675498188405797,0.5709981439638772,0.09836730282323948,0.3608245623218792,0.11703116792332716,0.7112016908212562,0.5851200708841487,0.35206490662488227
eicu_floor540,400,4,756,443,2409,33,3.1865079365079363,160,3.393939393939394,0.4358974358974359,91.82939384834668,0.9729365968019277,0.03239153121207683,1,0.3959133087239752,0.11628360151582733,0.6855374396135265,0.5803141566358749,-0.07886475066761128,0.428304839936052,0.111647704561557,0.7420742753623188,0.5582639570811715,0.14772998142608787
eicu_floor540,400,2,756,534,1322,33,1.7486772486772486,160,3.393939393939394,0.48717948717948717,38.153392897524384,0.9580648664473175,0.03866716522286645,1,0.31420735024560575,0.1215637643334123,0.6770833333333334,0.5547686765878899,0.16135681502039506,0.3528745154684722,0.12099800600274309,0.6836503623188406,0.5143286941287158,0.01618430732203795
eicu_floor540,400,2,756,534,1322,34,1.7486772486772486,160,3.2941176470588234,0.475,51.15440280667718,0.9789243121098878,0.07480252265719417,1,0.31629145584950974,0.12065098821787056,0.675498188405797,0.5709981439638772,0.09836730282323948,0.3910939785067039,0.11648543999566933,0.7158816425120773,0.5501786338765059,-0.0760575112193937
eicu_floor540,400,2,756,534,1322,33,1.7486772486772486,160,3.393939393939394,0.48717948717948717,164.53088996638263,0.9896911561435727,0.022384349844655926,1,0.3959133087239752,0.11628360151582733,0.6855374396135265,0.5803141566358749,-0.07886475066761128,0.4182976585686311,0.12117390635541612,0.7625301932367149,0.4908137560734263,-0.36603584593357474
eicu_floor540,400,3,756,408,2578,33,3.4100529100529102,160,3.393939393939394,0.525,107.57412770374168,0.9835808438285792,0.023221832954688104,1,0.31420735024560575,0.1215637643334123,0.6770833333333334,0.5547686765878899,0.16135681502039506,0.33742918320029386,0.12350886609119487,0.6297554347826086,0.468321358203432,-0.12007257510987027
eicu_floor540,400,3,756,408,2578,34,3.4100529100529102,160,3.2941176470588234,0.525,69.40979021121078,0.9711085931954175,0.029244455975066808,1,0.31629145584950974,0.12065098821787056,0.675498188405797,0.5709981439638772,0.09836730282323948,0.34553591182457655,0.12292098722629839,0.6736865942028984,0.50788925919347,-0.18227126152470413
eicu_floor540,400,3,756,408,2578,33,3.4100529100529102,160,3.393939393939394,0.525,87.28637853146593,0.9697373550471403,0.051380729927513136,1,0.3959133087239752,0.11628360151582733,0.6855374396135265,0.5803141566358749,-0.07886475066761128,0.4472940386514883,0.11004709865851973,0.7378472222222222,0.6751672802564284,-0.2622000088138791
eicu_floor540,400,4,756,417,2085,33,2.757936507936508,160,3.393939393939394,0.5384615384615384,190.6909434447431,0.9829239106612275,0.04108340450343034,1,0.31420735024560575,0.1215637643334123,0.6770833333333334,0.5547686765878899,0.16135681502039506,0.3552907547490361,0.12187467003544987,0.6761020531400966,0.45884086248562694,0.09684737317742416
eicu_floor540,400,4,756,417,2085,34,2.757936507936508,160,3.2941176470588234,0.5384615384615384,91.54342313111725,0.9711415078985878,0.026634301516925196,1,0.31629145584950974,0.12065098821787056,0.675498188405797,0.5709981439638772,0.09836730282323948,0.34292575736643494,0.12115144661077161,0.6923309178743962,0.46627967301837087,0.030077407657453828
eicu_floor540,400,4,756,417,2085,33,2.757936507936508,160,3.393939393939394,0.5384615384615384,170.24811903725683,0.9819790844834115,0.04599941570319266,1,0.3959133087239752,0.11628360151582733,0.6855374396135265,0.5803141566358749,-0.07886475066761128,0.44191272442716784,0.11280341024501817,0.7437349033816425,0.5236195460768055,-0.14063861210218856
eicu_floor540,400,3,756,417,1875,33,2.4801587301587302,160,3.393939393939394,0.5238095238095238,98.65593769769492,0.9768810372520274,-0.14310130139675842,0,0.31420735024560575,0.1215637643334123,0.6770833333333334,0.5547686765878899,0.16135681502039506,0.17573881667241828,0.14542465184387085,0.48452596618357496,-0.019522220253704276,1.7510828759494446
eicu_floor540,400,3,756,417,1875,34,2.4801587301587302,160,3.2941176470588234,0.5238095238095238,68.60511755542683,0.9639357933799502,0.01775383942726516,1,0.31629145584950974,0.12065098821787056,0.675498188405797,0.5709981439638772,0.09836730282323948,0.3340452952767749,0.12477798130090992,0.6759510869565217,0.46600909752836056,-0.049413525321321324
eicu_floor540,400,3,756,417,1875,33,2.4801587301587302,160,3.393939393939394,0.5238095238095238,61.37217742603728,0.9668922887266993,-0.1444378418389876,0,0.3959133087239752,0.11628360151582733,0.6855374396135265,0.5803141566358749,-0.07886475066761128,0.2094733613684207,0.44744543971427087,0.6647041062801933,0.07840829473983144,-14.756493481819136
eicu_floor540,400,3,756,555,2651,33,3.5066137566137567,160,3.393939393939394,0.5294117647058824,127.57712728487715,0.9897829227156203,0.0005110654452324948,1,0.31420735024560575,0.1215637643334123,0.6770833333333334,0.5547686765878899,0.16135681502039506,0.31471841569083825,0.12366377474795733,0.6945954106280193,0.5060484201627675,0.9532020854272856
eicu_floor540,400,3,756,555,2651,34,3.5066137566137567,160,3.2941176470588234,0.5142857142857142,55.891736502031975,0.9656418470559774,0.05569873776486356,1,0.31629145584950974,0.12065098821787056,0.675498188405797,0.5709981439638772,0.09836730282323948,0.3719901936143733,0.11795650007876203,0.6808574879227054,0.5613927222223958,0.8501496308117132
eicu_floor540,400,3,756,555,2651,33,3.5066137566137567,160,3.393939393939394,0.5294117647058824,157.99599288453385,0.9825560298490501,0.041484709399736086,1,0.3959133087239752,0.11628360151582733,0.6855374396135265,0.5803141566358749,-0.07886475066761128,0.43739801812371126,0.10991665255511525,0.6942934782608696,0.5941981891008798,0.7296900498551702
eicu_floor540,400,3,756,534,2615,33,3.458994708994709,160,3.393939393939394,0.4166666666666667,51.14770047238975,0.9580648664473175,0.010192875501575771,1,0.31420735024560575,0.1215637643334123,0.6770833333333334,0.5547686765878899,0.16135681502039506,0.3244002257471815,0.13933638981919821,0.6567783816425121,0.3719956323831787,-0.3421146138162565
eicu_floor540,400,3,756,534,2615,34,3.458994708994709,160,3.2941176470588234,0.40540540540540543,67.11710769866423,0.9851006690501369,0.04675638076197608,1,0.31629145584950974,0.12065098821787056,0.675498188405797,0.5709981439638772,0.09836730282323948,0.3630478366114858,0.14708883684958096,0.6982185990338164,0.3725619808859014,-0.8366771963268327
eicu_floor540,400,3,756,534,2615,33,3.458994708994709,160,3.393939393939394,0.4166666666666667,116.61060440904245,0.9857403802705544,0.011436729529409217,1,0.3959133087239752,0.11628360151582733,0.6855374396135265,0.5803141566358749,-0.07886475066761128,0.4073500382533844,0.14748334806343918,0.750528381642512,0.41154490590829756,-1.1197977765010085
eicu_floor540,400,2,756,578,3207,33,4.242063492063492,160,3.393939393939394,0.5675675675675675,39.37600281234314,0.94092696026259,-0.041928965169516275,0,0.31420735024560575,0.1215637643334123,0.6770833333333334,0.5547686765878899,0.16135681502039506,0.2722783850760895,0.12498317280290297,0.6370772946859903,0.438376660578757,0.5083030412597088
eicu_floor540,400,2,756,578,3207,34,4.242063492063492,160,3.2941176470588234,0.5121951219512195,49.50329386869248,0.9666681503095087,0.028683250445100172,1,0.31629145584950974,0.12065098821787056,0.675498188405797,0.5709981439638772,0.09836730282323948,0.3449747062946099,0.12284593311705935,0.6899154589371982,0.476072165900838,0.11573037376514662
eicu_floor540,400,2,756,578,3207,33,4.242063492063492,160,3.393939393939394,0.5384615384615384,54.76255060089283,0.9628789852877941,-0.014043035368918155,0,0.3959133087239752,0.11628360151582733,0.6855374396135265,0.5803141566358749,-0.07886475066761128,0.381870273355057,0.1175973341567913,0.681838768115942,0.5243044783770137,0.18448264318524163
eicu_floor540,400,1,756,756,1083,33,1.4325396825396826,160,3.393939393939394,0.7837837837837838,134.13112634383577,0.9925446089415773,0.030046604941691146,1,0.31420735024560575,0.1215637643334123,0.6770833333333334,0.5547686765878899,0.16135681502039506,0.3442539551872969,0.12581342914642188,0.6534571256038647,0.4910425559670567,-0.231427244360563
eicu_floor540,400,1,756,756,1083,34,1.4325396825396826,160,3.2941176470588234,0.8108108108108109,31.893004008860537,0.9655490029914711,0.027165828985424356,1,0.31629145584950974,0.12065098821787056,0.675498188405797,0.5709981439638772,0.09836730282323948,0.3434572848349341,0.12147874185787409,0.6436443236714975,0.5102252055332462,-0.1099239217489954
eicu_floor540,400,1,756,756,1083,33,1.4325396825396826,160,3.393939393939394,0.7837837837837838,43.08399824698989,0.9767895264903863,0.008235144935930139,1,0.3959133087239752,0.11628360151582733,0.6855374396135265,0.5803141566358749,-0.07886475066761128,0.4041484536599053,0.12526234085176693,0.7102958937198067,0.5039774914607069,-0.5919823468230285
eicu_floor540,403,3,485,392,1796,27,3.703092783505155,61,1.5925925925925926,0.6551724137931034,217.69743843852993,0.986219406064132,-0.017469776266228143,0,0.3407554761435073,0.07160760221407299,0.6760233918128655,0.4567042824418296,0.06080011244868081,0.3232856998772792,0.07054994227649918,0.6654970760233917,0.5156026967610184,0.30142251609778536
eicu_floor540,403,3,485,392,1796,32,3.703092783505155,61,1.34375,0.5428571428571428,212.28904887440436,0.9858683242686961,0.06230290133366129,1,0.19168613118014222,0.08193788706542346,0.5988304093567252,0.3147824158132384,-0.0036866718345717146,0.2539890325138035,0.08806700547586238,0.6464912280701753,0.3135259747794805,-0.07633162341789362
eicu_floor540,403,3,485,392,1796,27,3.703092783505155,61,1.5925925925925926,0.6551724137931034,68.89974909250382,0.9709723180948768,-0.037143668659402274,0,0.29203779004093483,0.0728564777223355,0.7388888888888889,0.8093904730348462,0.009439124794861578,0.25489412138153256,0.07934870948127856,0.7535087719298246,0.5518293227122325,-0.3043853249374833
eicu_floor540,403,2,485,485,1584,27,3.265979381443299,61,1.5925925925925926,0.4878048780487805,45.26122019148981,0.9677402509075741,0.02598713511254358,1,0.3407554761435073,0.07160760221407299,0.6760233918128655,0.4567042824418296,0.06080011244868081,0.3667426112560509,0.06725248582632172,0.6666666666666667,0.7064729516053506,-0.035246464900375966
eicu_floor540,403,2,485,485,1584,32,3.265979381443299,61,1.34375,0.5952380952380952,60.111366625046806,0.9667284223884763,0.06801004156505264,1,0.19168613118014222,0.08193788706542346,0.5988304093567252,0.3147824158132384,-0.0036866718345717146,0.25969617274519485,0.07842308162826542,0.5538011695906433,0.2749416047858474,0.10184250747894733
eicu_floor540,403,2,485,485,1584,27,3.265979381443299,61,1.5925925925925926,0.4878048780487805,53.44489870517017,0.9712146389025398,-0.0360221787724222,0,0.29203779004093483,0.0728564777223355,0.7388888888888889,0.8093904730348462,0.009439124794861578,0.25601561126851263,0.07392336419581537,0.7526315789473684,0.7974407143994671,-0.26034579609261804
eicu_floor540,403,2,485,485,2255,27,4.649484536082475,61,1.5925925925925926,0.5526315789473685,70.703034245504,0.9763051399926173,0.015130440704641812,1,0.3407554761435073,0.07160760221407299,0.6760233918128655,0.4567042824418296,0.06080011244868081,0.35588591684814913,0.06908354455576561,0.6576023391812864,0.7205434968431181,-0.0629418427427455
eicu_floor540,403,2,485,485,2255,32,4.649484536082475,61,1.34375,0.5384615384615384,35.69492182458796,0.9590315669804623,0.10843605370417198,1,0.19168613118014222,0.08193788706542346,0.5988304093567252,0.3147824158132384,-0.0036866718345717146,0.3001221848843142,0.07600745727320271,0.6763157894736843,0.6441302345988922,-0.2397148142025663
eicu_floor540,403,2,485,485,2255,27,4.649484536082475,61,1.5925925925925926,0.5833333333333334,60.81086325351241,0.9749842968724202,0.06114802934035718,1,0.29203779004093483,0.0728564777223355,0.7388888888888889,0.8093904730348462,0.009439124794861578,0.353185819381292,0.06931886817093173,0.8070175438596492,1.1783682621577596,-0.2688850967183802
eicu_floor540,403,3,485,485,2635,27,5.43298969072165,61,1.5925925925925926,0.5365853658536586,127.63083423921519,0.982211879478844,-0.04045641890066526,0,0.3407554761435073,0.07160760221407299,0.6760233918128655,0.4567042824418296,0.06080011244868081,0.30029905724284206,0.07313205617901086,0.6894736842105263,0.44521875763883084,0.30935717071211344
eicu_floor540,403,3,485,485,2635,32,5.43298969072165,61,1.34375,0.5365853658536586,70.20805084936687,0.971513238498943,0.1335104575157453,1,0.19168613118014222,0.08193788706542346,0.5988304093567252,0.3147824158132384,-0.0036866718345717146,0.3251965886958875,0.07104780719697133,0.6242690058479532,0.48193601004360764,0.5875019785059356
eicu_floor540,403,3,485,485,2635,27,5.43298969072165,61,1.5925925925925926,0.5365853658536586,79.4227080364434,0.9810805236430541,0.012756695254695471,1,0.29203779004093483,0.0728564777223355,0.7388888888888889,0.8093904730348462,0.009439124794861578,0.3047944852956303,0.07272674737304448,0.7564327485380117,0.6105916048423545,0.2840412255862048
eicu_floor540,403,2,485,485,1401,27,2.888659793814433,61,1.5925925925925926,0.7105263157894737,27.83130362250626,0.9281384721633138,0.028853078971124768,1,0.3407554761435073,0.07160760221407299,0.6760233918128655,0.4567042824418296,0.06080011244868081,0.3696085551146321,0.0692113798519021,0.6751461988304093,0.4831102194735781,0.08119872450018442
eicu_floor540,403,2,485,485,1401,32,2.888659793814433,61,1.34375,0.675,81.03925166507463,0.9796824889684829,0.10464597554317645,1,0.19168613118014222,0.08193788706542346,0.5988304093567252,0.3147824158132384,-0.0036866718345717146,0.29633210672331867,0.07347255608359506,0.6011695906432749,0.4136790625100635,0.3437317359645013
eicu_floor540,403,2,485,485,1401,27,2.888659793814433,61,1.5925925925925926,0.7105263157894737,32.763396313381634,0.9398812343536919,0.11602551252578791,1,0.29203779004093483,0.0728564777223355,0.7388888888888889,0.8093904730348462,0.009439124794861578,0.40806330256672274,0.06569601714204046,0.7707602339181288,0.8163992002997893,-0.07332309919167952
eicu_floor540,403,1,485,437,437,27,0.9010309278350516,61,1.5925925925925926,0.84375,18.89928270667675,0.947087938969942,0.00685054495130949,1,0.3407554761435073,0.07160760221407299,0.6760233918128655,0.4567042824418296,0.06080011244868081,0.3476060210948168,0.06875229212071356,0.72046783625731,0.6068277554566339,0.16723093423761368
eicu_floor540,403,1,485,437,437,32,0.9010309278350516,61,1.34375,0.7297297297297297,25.0532214867887,0.9600849734822594,0.10975198906305061,1,0.19168613118014222,0.08193788706542346,0.5988304093567252,0.3147824158132384,-0.0036866718345717146,0.30143812024319283,0.0790750392767787,0.6195906432748538,0.37337642074233307,-0.11523856399787193
eicu_floor540,403,1,485,437,437,27,0.9010309278350516,61,1.5925925925925926,0.84375,10.20612046355317,0.9020195770203697,0.024281165195268795,1,0.29203779004093483,0.0728564777223355,0.7388888888888889,0.8093904730348462,0.009439124794861578,0.3163189552362036,0.07083363576129809,0.743859649122807,0.7411460429006475,-0.15926812543534938
eicu_floor540,403,1,485,485,870,27,1.7938144329896908,61,1.5925925925925926,0.7857142857142857,41.96062664554853,0.9676396551679947,-0.07511790058831613,0,0.3407554761435073,0.07160760221407299,0.6760233918128655,0.4567042824418296,0.06080011244868081,0.2656375755551912,0.07565029865451127,0.665204678362573,0.49115520601891843,0.7978624807442884
eicu_floor540,403,1,485,485,870,32,1.7938144329896908,61,1.34375,0.6666666666666666,132.489974979287,0.9912330688373271,0.01945624119223527,1,0.19168613118014222,0.08193788706542346,0.5988304093567252,0.3147824158132384,-0.0036866718345717146,0.21114237237237748,0.07751737965508713,0.6397660818713449,0.43709799655671094,0.6743787947982031
eicu_floor540,403,1,485,485,870,27,1.7938144329896908,61,1.5925925925925926,0.7857142857142857,30.570956366280083,0.9626736366919169,0.003165543516964353,1,0.29203779004093483,0.0728564777223355,0.7388888888888889,0.8093904730348462,0.009439124794861578,0.2952033335578992,0.07285439848465158,0.7766081871345029,1.1414030442059842,0.6050003978071177
eicu_floor540,403,2,485,485,1487,27,3.065979381443299,61,1.5925925925925926,0.6666666666666666,102.95550482273354,0.9863045102727489,-0.01590814600169216,0,0.3407554761435073,0.07160760221407299,0.6760233918128655,0.4567042824418296,0.06080011244868081,0.32484733014181516,0.07114431215779006,0.6824561403508772,0.5367634163582609,0.5400976387678015
eicu_floor540,403,2,485,485,1487,32,3.065979381443299,61,1.34375,0.5714285714285714,281.84175085688446,0.9929038192747548,0.02547561580966079,1,0.19168613118014222,0.08193788706542346,0.5988304093567252,0.3147824158132384,-0.0036866718345717146,0.217161746989803,0.0781819561312111,0.5593567251461988,0.22122642380589205,0.4496777439400836
eicu_floor540,403,2,485,485,1487,27,3.065979381443299,61,1.5925925925925926,0.6666666666666666,164.39473138761113,0.9878341599933371,-0.02387898682192835,0,0.29203779004093483,0.0728564777223355,0.7388888888888889,0.8093904730348462,0.009439124794861578,0.2681588032190065,0.0732271041041934,0.7573099415204678,0.6545080704859328,0.25130679087932717
eicu_floor540,403,3,485,485,2545,27,5.247422680412371,61,1.5925925925925926,0.6470588235294118,133.36072572654993,0.9775046215168972,-0.004086630464746943,0,0.3407554761435073,0.07160760221407299,0.6760233918128655,0.4567042824418296,0.06080011244868081,0.3366688456787604,0.07091438521123011,0.65,0.4458651855863976,0.2845209129327027
eicu_floor540,403,3,485,485,2545,32,5.247422680412371,61,1.34375,0.5641025641025641,110.51443362560184,0.9819028163617474,0.15750072798912884,1,0.19168613118014222,0.08193788706542346,0.5988304093567252,0.3147824158132384,-0.0036866718345717146,0.34918685916927106,0.06982781686751886,0.6815789473684211,0.5709439236229676,0.3232633363287578
eicu_floor540,403,3,485,485,2545,27,5.247422680412371,61,1.5925925925925926,0.6470588235294118,128.72018184145924,0.9766936314330645,0.008051913429333979,1,0.29203779004093483,0.0728564777223355,0.7388888888888889,0.8093904730348462,0.009439124794861578,0.3000897034702688,0.0751515261432811,0.7464912280701753,0.6191383507228503,-0.004343971758117415
eicu_floor540,403,2,485,435,1518,27,3.129896907216495,61,1.5925925925925926,0.6153846153846154,84.32701397398976,0.9762828077771508,-0.04366612591851121,0,0.3407554761435073,0.07160760221407299,0.6760233918128655,0.4567042824418296,0.06080011244868081,0.2970893502249961,0.07234054541882665,0.6546783625730994,0.6237029502516945,-0.2181874252661016
eicu_floor540,403,2,485,435,1518,32,3.129896907216495,61,1.34375,0.6153846153846154,98.3315688493102,0.9867763141042333,0.08905575289716466,1,0.19168613118014222,0.08193788706542346,0.5988304093567252,0.3147824158132384,-0.0036866718345717146,0.2807418840773069,0.07930854911213778,0.5584795321637428,0.37705893976460375,-0.2451230411847159
eicu_floor540,403,2,485,435,1518,27,3.129896907216495,61,1.5925925925925926,0.6153846153846154,101.22201110986387,0.9802414516559126,0.08560945134138315,1,0.29203779004093483,0.0728564777223355,0.7388888888888889,0.8093904730348462,0.009439124794861578,0.377647241382318,0.0673572836713964,0.8204678362573099,1.3634550681115698,-0.21531842223549733
eicu_floor540,403,2,485,485,3768,27,7.7690721649484535,61,1.5925925925925926,0.5121951219512195,123.41575711631205,0.9837946138586249,0.022311332947043072,1,0.3407554761435073,0.07160760221407299,0.6760233918128655,0.4567042824418296,0.06080011244868081,0.3630668090905504,0.07036388446689476,0.6608187134502925,0.6662981754266107,-0.5007911533555355
eicu_floor540,403,2,485,485,3768,32,7.7690721649484535,61,1.34375,0.5121951219512195,68.23921822781939,0.9768508959520648,0.12941703108786373,1,0.19168613118014222,0.08193788706542346,0.5988304093567252,0.3147824158132384,-0.0036866718345717146,0.32110316226800595,0.07854091157415873,0.6809941520467836,0.6652510315355437,-0.6142906050535978
eicu_floor540,403,2,485,485,3768,27,7.7690721649484535,61,1.5925925925925926,0.5526315789473685,65.21634125264146,0.9728624448830887,0.09147177509503845,1,0.29203779004093483,0.0728564777223355,0.7388888888888889,0.8093904730348462,0.009439124794861578,0.3835095651359733,0.0721740237195338,0.8078947368421052,0.9882276547429416,-0.6650862508668642
eicu_floor540,403,1,485,485,1083,27,2.2329896907216495,61,1.5925925925925926,0.7142857142857143,29.226578306189644,0.9657845680899219,-0.004328235952442305,0,0.3407554761435073,0.07160760221407299,0.6760233918128655,0.4567042824418296,0.06080011244868081,0.336427240191065,0.07033917965582681,0.6690058479532164,0.735873392806164,-0.1351780447609659
eicu_floor540,403,1,485,485,1083,32,2.2329896907216495,61,1.34375,0.8571428571428571,34.515462756536024,0.9667198282413741,0.04906946804582987,1,0.19168613118014222,0.08193788706542346,0.5988304093567252,0.3147824158132384,-0.0036866718345717146,0.2407555992259721,0.08008837918721158,0.5666666666666667,0.41041839243433853,-0.13639073980840738
eicu_floor540,403,1,485,485,1083,27,2.2329896907216495,61,1.5925925925925926,0.7142857142857143,36.98774049868335,0.972964014927173,0.0474228160692432,1,0.29203779004093483,0.0728564777223355,0.7388888888888889,0.8093904730348462,0.009439124794861578,0.33946060611017803,0.07002449076594382,0.8017543859649123,1.2572876211901716,-0.25165653268600136
eicu_floor540,411,4,885,504,3204,19,3.6203389830508477,114,4.2105263157894735,0.5,152.33723181741715,0.977585079714271,0.02758248841638955,1,0.2944813247315758,0.07493360149072775,0.7253485209112547,0.7782208818993168,-0.15404235439985242,0.32206381314796534,0.07865107425420753,0.6773206392383543,0.5030361542470184,-0.37241107757790315
eicu_floor540,411,4,885,504,3204,19,3.6203389830508477,114,4.2105263157894735,0.5,110.392425449426,0.986132003810897,0.060095864246665104,1,0.22841943755080593,0.07862951727852137,0.6666950017001021,0.5188651085801366,-0.025667809184617783,0.28851530179747104,0.07915122339144003,0.7011220673240394,0.3863329594014235,-0.3228058273967841
eicu_floor540,411,4,885,504,3204,20,3.6203389830508477,114,4.0,0.5,106.89855029946843,0.9724112608846643,-0.03812074989453709,0,0.2725544502770745,0.07646593831517912,0.7182930975858551,0.7452933746580046,-0.1422314591435504,0.23443370038253739,0.08592362842093731,0.6170095205712344,0.17454684780894003,-0.37609620532983035
eicu_floor540,411,2,885,443,1254,19,1.416949152542373,114,4.2105263157894735,0.48717948717948717,74.25578900100881,0.9744604563944428,-0.09429130084531792,0,0.2944813247315758,0.07493360149072775,0.7253485209112547,0.7782208818993168,-0.15404235439985242,0.20019002388625787,0.08295787835560989,0.6730703842230533,0.41254619087929384,-0.1199977289406508
eicu_floor540,411,2,885,443,1254,19,1.416949152542373,114,4.2105263157894735,0.48717948717948717,157.37037014648186,0.9872911273059956,0.02423106851474363,1,0.22841943755080593,0.07862951727852137,0.6666950017001021,0.5188651085801366,-0.025667809184617783,0.25265050606554956,0.08048730628097389,0.6142468548112887,0.37717703306596506,-0.1512594665015072
eicu_floor540,411,2,885,443,1254,20,1.416949152542373,114,4.0,0.5128205128205128,175.93986198888837,0.9886324794313734,-0.04893615671004023,0,0.2725544502770745,0.07646593831517912,0.7182930975858551,0.7452933746580046,-0.1422314591435504,0.20891241121409307,0.08900001605563201,0.638685821149269,0.1487927274799388,-0.261350782736787
eicu_floor540,411,2,885,861,2226,19,2.5152542372881355,114,4.2105263157894735,0.475,87.96924854259358,0.9849590533978037,-0.061510638392230726,0,0.2944813247315758,0.07493360149072775,0.7253485209112547,0.7782208818993168,-0.15404235439985242,0.23297068633934506,0.0835859640558641,0.6643148588915334,0.44023052570976756,-0.2943893492029129
eicu_floor540,411,2,885,861,2226,19,2.5152542372881355,114,4.2105263157894735,0.475,69.51519960940655,0.9841677290741275,0.09739720261473941,1,0.22841943755080593,0.07862951727852137,0.6666950017001021,0.5188651085801366,-0.025667809184617783,0.32581664016554535,0.07519185519752468,0.7035872152329139,0.49609741264065194,-0.4527278489385844
eicu_floor540,411,2,885,861,2226,20,2.5152542372881355,114,4.0,0.5,56.29311512119625,0.972037367240891,0.036180409333327834,1,0.2725544502770745,0.07646593831517912,0.7182930975858551,0.7452933746580046,-0.1422314591435504,0.3087348596104023,0.07513961231401471,0.6861611696701803,0.31347970911761663,-0.37560561309634616
eicu_floor540,411,4,885,423,2837,19,3.2056497175141243,114,4.2105263157894735,0.5625,45.925346082503424,0.92216154201917,0.029990684548728663,1,0.2944813247315758,0.07493360149072775,0.7253485209112547,0.7782208818993168,-0.15404235439985242,0.32447200928030445,0.08213662145840765,0.7261135668140088,0.5459403513107982,-0.5133106666560854
eicu_floor540,411,4,885,423,2837,19,3.2056497175141243,114,4.2105263157894735,0.5625,130.43837286745097,0.9768000250733586,0.057783363228429,1,0.22841943755080593,0.07862951727852137,0.6666950017001021,0.5188651085801366,-0.025667809184617783,0.28620280077923493,0.08943087515943798,0.7366541992519551,0.5052281012435063,-0.8733828112505418
eicu_floor540,411,4,885,423,2837,20,3.2056497175141243,114,4.0,0.5625,108.61065478378339,0.9748308408378774,0.03933479120806177,1,0.2725544502770745,0.07646593831517912,0.7182930975858551,0.7452933746580046,-0.1422314591435504,0.31188924148513625,0.08520443184917668,0.7167630057803469,0.49444983602146103,-0.6138249606909965
eicu_floor540,411,4,885,835,3483,19,3.935593220338983,114,4.2105263157894735,0.5757575757575758,98.23779464522035,0.9760819229555985,-0.02595043096244204,0,0.2944813247315758,0.07493360149072775,0.7253485209112547,0.7782208818993168,-0.15404235439985242,0.26853089376913375,0.07604694628936326,0.7077524651479088,0.6800091204343907,0.00540805523055203
eicu_floor540,411,4,885,835,3483,19,3.935593220338983,114,4.2105263157894735,0.5757575757575758,111.50370072687777,0.9820633755923591,0.044436046227809806,1,0.22841943755080593,0.07862951727852137,0.6666950017001021,0.5188651085801366,-0.025667809184617783,0.27285548377861574,0.0747590731631392,0.7339340360421626,0.7706576828797901,0.08518877806249738
eicu_floor540,411,4,885,835,3483,20,3.935593220338983,114,4.0,0.5757575757575758,134.71872979028603,0.974302793834044,-0.030939002282895922,0,0.2725544502770745,0.07646593831517912,0.7182930975858551,0.7452933746580046,-0.1422314591435504,0.24161544799417856,0.07714121034846046,0.67570554233254,0.6644176480490163,0.09774704912625287
eicu_floor540,411,4,885,555,4483,19,5.0655367231638415,114,4.2105263157894735,0.5,111.01859473272333,0.9814352869114055,-0.03195368880949517,0,0.2944813247315758,0.07493360149072775,0.7253485209112547,0.7782208818993168,-0.15404235439985242,0.2625276359220806,0.07832688557442571,0.7389493369602176,0.6850791905651515,-0.3076132868670002
eicu_floor540,411,4,885,555,4483,19,5.0655367231638415,114,4.2105263157894735,0.5483870967741935,96.39451734994125,0.9585038640166765,-0.010296594286196253,0,0.22841943755080593,0.07862951727852137,0.6666950017001021,0.5188651085801366,-0.025667809184617783,0.21812284326460968,0.08709837622955459,0.7380142808568514,0.42974452995961665,-0.4148723944376809
eicu_floor540,411,4,885,555,4483,20,5.0655367231638415,114,4.0,0.53125,102.43724538136844,0.9609517028195339,0.03303828344364057,1,0.2725544502770745,0.07646593831517912,0.7182930975858551,0.7452933746580046,-0.1422314591435504,0.30559273372071505,0.0739467554533221,0.7499149948996939,0.8709084012117876,-0.24179335086474452
eicu_floor540,411,2,885,435,2196,19,2.48135593220339,114,4.2105263157894735,0.59375,70.6767570278623,0.9714637988850188,-0.036443680423904945,0,0.2944813247315758,0.07493360149072775,0.7253485209112547,0.7782208818993168,-0.15404235439985242,0.25803764430767084,0.07816104814796784,0.6673750425025501,0.6907054919206662,-0.37476907419730326
eicu_floor540,411,2,885,435,2196,19,2.48135593220339,114,4.2105263157894735,0.59375,71.6842602339887,0.976759990541312,0.0972991403243372,1,0.22841943755080593,0.07862951727852137,0.6666950017001021,0.5188651085801366,-0.025667809184617783,0.32571857787514313,0.07398681719197922,0.6865011900714042,0.7968445091496807,-0.30584487655518466
eicu_floor540,411,2,885,435,2196,20,2.48135593220339,114,4.0,0.625,77.64690741769613,0.9802695143132003,0.0056931931110932865,1,0.2725544502770745,0.07646593831517912,0.7182930975858551,0.7452933746580046,-0.1422314591435504,0.27824764338816776,0.07605062821693628,0.6872662359741584,0.8427419636902721,-0.33447205218185094
eicu_floor540,411,3,885,383,1702,19,1.9231638418079096,114,4.2105263157894735,0.5625,118.01161483303181,0.9789988129374063,-0.02843794354905943,0,0.2944813247315758,0.07493360149072775,0.7253485209112547,0.7782208818993168,-0.15404235439985242,0.26604338118251636,0.07943162315267299,0.7043522611356682,0.5756842971077715,-0.08815436124018729
eicu_floor540,411,3,885,383,1702,19,1.9231638418079096,114,4.2105263157894735,0.5625,69.92325177139932,0.9622973792203097,0.026658391855748947,1,0.22841943755080593,0.07862951727852137,0.6666950017001021,0.5188651085801366,-0.025667809184617783,0.2550778294065549,0.07955670813760568,0.694406664399864,0.4961458393301264,-0.06899044124668628
eicu_floor540,411,3,885,383,1702,20,1.9231638418079096,114,4.0,0.5625,145.8429062154364,0.9794299217024073,-0.03276289592020565,0,0.2725544502770745,0.07646593831517912,0.7182930975858551,0.7452933746580046,-0.1422314591435504,0.23979155435686883,0.07664035452901782,0.6762155729343761,0.6616654135705284,0.18046222565730605
eicu_floor540,411,1,885,555,555,19,0.6271186440677966,114,4.2105263157894735,0.6666666666666666,39.18220148244825,0.9744773294782729,-0.044795010971694554,0,0.2944813247315758,0.07493360149072775,0.7253485209112547,0.7782208818993168,-0.15404235439985242,0.24968631375988123,0.08281809991121981,0.7327439646378782,0.42350084917814684,-0.18375093471544737
eicu_floor540,411,1,885,555,555,19,0.6271186440677966,114,4.2105263157894735,0.6666666666666666,16.371633099242985,0.9389187377237447,-0.056299249286515224,0,0.22841943755080593,0.07862951727852137,0.6666950017001021,0.5188651085801366,-0.025667809184617783,0.1721201882642907,0.09122907541016544,0.671625297517851,0.3046844321456297,-0.12220110198950807
eicu_floor540,411,1,885,555,555,20,0.6271186440677966,114,4.0,0.6428571428571429,33.37167713015192,0.9668057717322651,0.028211190135924935,1,0.2725544502770745,0.07646593831517912,0.7182930975858551,0.7452933746580046,-0.1422314591435504,0.3007656404129994,0.07591229449176841,0.6791057463447806,0.5412928956399641,-0.13461052705456153
eicu_floor540,411,3,885,383,1912,19,2.16045197740113,114,4.2105263157894735,0.46153846153846156,51.662995258211865,0.969752502842973,0.003546022162501772,1,0.2944813247315758,0.07493360149072775,0.7253485209112547,0.7782208818993168,-0.15404235439985242,0.29802734689407756,0.08120723510664245,0.7390343420605238,0.5055210013706964,-0.4419651507253328
eicu_floor540,411,3,885,383,1912,19,2.16045197740113,114,4.2105263157894735,0.46153846153846156,66.7483545986817,0.9638392360111674,-0.00350863818656183,0,0.22841943755080593,0.07862951727852137,0.6666950017001021,0.5188651085801366,-0.025667809184617783,0.2249107993642441,0.09369623442886231,0.6859911594695682,0.31936767179968095,-0.4579932668991629
eicu_floor540,411,3,885,383,1912,20,2.16045197740113,114,4.0,0.46153846153846156,117.67919929766998,0.9724923800403547,0.08500777214097865,1,0.2725544502770745,0.07646593831517912,0.7182930975858551,0.7452933746580046,-0.1422314591435504,0.35756222241805313,0.07624361196940253,0.7074974498469908,0.45524035200809587,-0.278567746167059
eicu_floor540,411,1,885,539,539,19,0.6090395480225989,114,4.2105263157894735,0.6551724137931034,26.710355043128164,0.962561336291287,-0.023475133508323365,0,0.2944813247315758,0.07493360149072775,0.7253485209112547,0.7782208818993168,-0.15404235439985242,0.2710061912232524,0.08100066387502046,0.7170180210812648,0.5465333609998447,-0.14930289162557747
eicu_floor540,411,1,885,539,539,19,0.6090395480225989,114,4.2105263157894735,0.6551724137931034,65.21013825344366,0.9846649612041393,-0.017364113365785777,0,0.22841943755080593,0.07862951727852137,0.6666950017001021,0.5188651085801366,-0.025667809184617783,0.21105532418502015,0.08184817751369522,0.6880312818769125,0.482377320146265,-0.04277583371227133
eicu_floor540,411,1,885,539,539,20,0.6090395480225989,114,4.0,0.6333333333333333,11.375497575352997,0.9120917574483357,0.008558482338902607,1,0.2725544502770745,0.07646593831517912,0.7182930975858551,0.7452933746580046,-0.1422314591435504,0.2811129326159771,0.07642583572661256,0.7224583475008499,0.68700382254246,-0.05032410367058952
eicu_floor540,411,1,885,423,423,19,0.47796610169491527,114,4.2105263157894735,0.6666666666666666,25.52073277873338,0.9591428299696607,-0.0513435388763378,0,0.2944813247315758,0.07493360149072775,0.7253485209112547,0.7782208818993168,-0.15404235439985242,0.243137785855238,0.08431028104621247,0.7160829649778987,0.6102446610989208,-0.5373477638880095
eicu_floor540,411,1,885,423,423,19,0.47796610169491527,114,4.2105263157894735,0.6666666666666666,24.94901783218053,0.9598512164974708,-0.03250609519140929,0,0.22841943755080593,0.07862951727852137,0.6666950017001021,0.5188651085801366,-0.025667809184617783,0.19591334235939664,0.08487830180489223,0.6457837470248216,0.32353091705725845,-0.3383507020868761
eicu_floor540,411,1,885,423,423,20,0.47796610169491527,114,4.0,0.7037037037037037,19.782470805793437,0.9494501971054524,0.07409372596316821,1,0.2725544502770745,0.07646593831517912,0.7182930975858551,0.7452933746580046,-0.1422314591435504,0.3466481762402427,0.07252777883732996,0.67570554233254,0.8010528638273716,-0.2681899350431071
eicu_floor540,413,2,835,788,3827,19,4.583233532934131,78,2.8947368421052633,0.5,153.9953758322625,0.9899265207900061,-0.05111613367655975,0,0.1732125583464179,0.05958453823459663,0.7138975155279503,0.6432853384157285,-0.043437020843173475,0.12209642466985816,0.06589255451227204,0.636128364389234,0.14128573027881508,-0.1998762692938217
eicu_floor540,413,2,835,788,3827,19,4.583233532934131,78,2.8947368421052633,0.5,188.53796026304394,0.9893920566595202,0.005877339888575445,1,0.14401663200061984,0.05976430916060461,0.6530797101449275,0.5027678239492709,0.07074057399373183,0.1498939718891953,0.06413181532704156,0.5547360248447204,0.24671068707555027,-0.1342999590825639
eicu_floor540,413,2,835,788,3827,19,4.583233532934131,78,2.8947368421052633,0.5,194.1958047238071,0.989747013005907,-0.09920490159322376,0,0.2024462924748153,0.057698345637578946,0.7080098343685299,0.8043705568461986,0.013997686059429778,0.10324139088159154,0.07513878431296722,0.6451216356107661,0.26727116632952147,-0.4927668889243285
eicu_floor540,413,3,835,458,2832,19,3.391616766467066,78,2.8947368421052633,0.5806451612903226,270.52142963998347,0.9901316237751427,-0.03623699260157162,0,0.1732125583464179,0.05958453823459663,0.7138975155279503,0.6432853384157285,-0.043437020843173475,0.1369755657448463,0.06497529485229708,0.7008281573498965,0.6334241354862474,-0.5770924091569128
eicu_floor540,413,3,835,458,2832,19,3.391616766467066,78,2.8947368421052633,0.5142857142857142,217.2512278400252,0.9900183755827819,0.020088830735608937,1,0.14401663200061984,0.05976430916060461,0.6530797101449275,0.5027678239492709,0.07074057399373183,0.16410546273622878,0.06810225544682254,0.6190476190476191,0.37875501356416924,-0.6344871482495394
eicu_floor540,413,3,835,458,2832,19,3.391616766467066,78,2.8947368421052633,0.5806451612903226,286.5268490789784,0.990263740889616,-0.13013447667991163,0,0.2024462924748153,0.057698345637578946,0.7080098343685299,0.8043705568461986,0.013997686059429778,0.07231181579490366,0.07310085319617336,0.544448757763975,0.050384520867381925,-0.478438938926834
eicu_floor540,413,4,835,443,5124,19,6.136526946107784,78,2.8947368421052633,0.5142857142857142,275.72049182819705,0.9885671345311774,-0.058857979089783685,0,0.1732125583464179,0.05958453823459663,0.7138975155279503,0.6432853384157285,-0.043437020843173475,0.11435457925663423,0.07025027107420087,0.6915113871635612,0.17651169015079918,-0.7500112387375568
eicu_floor540,413,4,835,443,5124,19,6.136526946107784,78,2.8947368421052633,0.5142857142857142,378.25328387365494,0.9920177203489982,0.0935343761775905,1,0.14401663200061984,0.05976430916060461,0.6530797101449275,0.5027678239492709,0.07074057399373183,0.23755100817821034,0.06311363819134512,0.6142598343685299,0.6129402605856916,-0.7626637043536788
eicu_floor540,413,4,835,443,5124,19,6.136526946107784,78,2.8947368421052633,0.5142857142857142,485.61404685026145,0.9938210834476245,-0.11689557600076816,0,0.2024462924748153,0.057698345637578946,0.7080098343685299,0.8043705568461986,0.013997686059429778,0.08555071647404713,0.07623023289047248,0.5722696687370601,0.18293844682406893,-0.7766628261276131
eicu_floor540,413,2,835,708,1779,19,2.1305389221556887,78,2.8947368421052633,0.5294117647058824,104.3395478751151,0.9840570749013219,-0.014009137143678047,0,0.1732125583464179,0.05958453823459663,0.7138975155279503,0.6432853384157285,-0.043437020843173475,0.15920342120273986,0.06875793269602648,0.7065217391304348,0.4887919277559275,-0.5267405072041333
eicu_floor540,413,2,835,708,1779,19,2.1305389221556887,78,2.8947368421052633,0.5294117647058824,132.02612289601385,0.988739433177217,-0.025693222090739515,0,0.14401663200061984,0.05976430916060461,0.6530797101449275,0.5027678239492709,0.07074057399373183,0.11832340990988033,0.07071561194489283,0.5505952380952381,0.24182723665559996,-0.6115024410543496
eicu_floor540,413,2,835,708,1779,19,2.1305389221556887,78,2.8947368421052633,0.5294117647058824,66.03215188208151,0.9798064495929334,-0.1347921641348331,0,0.2024462924748153,0.057698345637578946,0.7080098343685299,0.8043705568461986,0.013997686059429778,0.06765412833998219,0.08855612110891378,0.5201216356107661,-0.015302149302515809,-0.754015984852169
eicu_floor540,413,3,835,409,1643,19,1.9676646706586827,78,2.8947368421052633,0.5757575757575758,172.13877954370216,0.9867216256071407,-0.06684376414999692,0,0.1732125583464179,0.05958453823459663,0.7138975155279503,0.6432853384157285,-0.043437020843173475,0.106368794196421,0.06663677175554167,0.6207298136645962,0.13808270191908464,-0.34413483458198596
eicu_floor540,413,3,835,409,1643,19,1.9676646706586827,78,2.8947368421052633,0.5757575757575758,123.0506148178701,0.9839125162885748,0.01744554638408427,1,0.14401663200061984,0.05976430916060461,0.6530797101449275,0.5027678239492709,0.07074057399373183,0.1614621783847041,0.061438100502515136,0.5345496894409938,0.3403818706274546,-0.0360686488512875
eicu_floor540,413,3,835,409,1643,19,1.9676646706586827,78,2.8947368421052633,0.5757575757575758,224.22804773205445,0.9875511509147263,-0.10278739991433393,0,0.2024462924748153,0.057698345637578946,0.7080098343685299,0.8043705568461986,0.013997686059429778,0.09965889256048137,0.06662660671339327,0.6156185300207039,0.2803566489170374,-0.060021858311925344
eicu_floor540,413,1,835,417,417,19,0.4994011976047904,78,2.8947368421052633,0.59375,43.91236795629726,0.9772273724569983,-0.041942355766588946,0,0.1732125583464179,0.05958453823459663,0.7138975155279503,0.6432853384157285,-0.043437020843173475,0.13127020257982897,0.0643121826169477,0.6972049689440993,0.48274186346223485,-0.191429647094694
eicu_floor540,413,1,835,417,417,19,0.4994011976047904,78,2.8947368421052633,0.59375,7.705285655612421,0.8702189581678111,0.070067500309907,1,0.14401663200061984,0.05976430916060461,0.6530797101449275,0.5027678239492709,0.07074057399373183,0.21408413231052684,0.05724224577645477,0.6340579710144928,0.5020253050788073,0.19572975814649662
eicu_floor540,413,1,835,417,417,19,0.4994011976047904,78,2.8947368421052633,0.6129032258064516,46.60863630490198,0.9785447488002385,-0.08955378743919387,0,0.2024462924748153,0.057698345637578946,0.7080098343685299,0.8043705568461986,0.013997686059429778,0.11289250503562143,0.06209417973444247,0.6372282608695652,0.4480669241723603,0.11078863291907123
eicu_floor540,413,4,835,417,4508,19,5.3988023952095805,78,2.8947368421052633,0.53125,206.29065425913632,0.9895962034264417,-0.04604586035812647,0,0.1732125583464179,0.05958453823459663,0.7138975155279503,0.6432853384157285,-0.043437020843173475,0.12716669798829144,0.06364857264906479,0.7045807453416149,0.637996262376658,-0.47758493070974867
eicu_floor540,413,4,835,417,4508,19,5.3988023952095805,78,2.8947368421052633,0.53125,320.1359918244493,0.9875053099240605,0.12262807423524738,1,0.14401663200061984,0.05976430916060461,0.6530797101449275,0.5027678239492709,0.07074057399373183,0.2666447062358672,0.05719222177590151,0.6381987577639752,0.6227115671596307,-0.3473998419809774
eicu_floor540,413,4,835,417,4508,19,5.3988023952095805,78,2.8947368421052633,0.5483870967741935,237.25069350836728,0.9831401968068054,-0.08246855048863488,0,0.2024462924748153,0.057698345637578946,0.7080098343685299,0.8043705568461986,0.013997686059429778,0.11997774198618041,0.06291939450692798,0.6171713250517599,0.5012979916739162,-0.358976055191627
eicu_floor540,413,2,835,417,1643,19,1.9676646706586827,78,2.8947368421052633,0.5625,90.45456672348054,0.9849482847143575,-0.030143290159416025,0,0.1732125583464179,0.05958453823459663,0.7138975155279503,0.6432853384157285,-0.043437020843173475,0.14306926818700189,0.06004919036226782,0.718167701863354,0.6586165231134268,0.24178737726971422
eicu_floor540,413,2,835,417,1643,19,1.9676646706586827,78,2.8947368421052633,0.5625,105.53547227838921,0.9775026973488925,0.06967266612040388,1,0.14401663200061984,0.05976430916060461,0.6530797101449275,0.5027678239492709,0.07074057399373183,0.21368929812102372,0.05633331659072287,0.6266821946169772,0.6066890714550799,0.3332754079559209
eicu_floor540,413,2,835,417,1643,19,1.9676646706586827,78,2.8947368421052633,0.5625,127.15359532390865,0.9885044203051854,-0.0813593251766159,0,0.2024462924748153,0.057698345637578946,0.7080098343685299,0.8043705568461986,0.013997686059429778,0.1210869672981994,0.06021766518268878,0.6195005175983437,0.5489225243732243,0.34451909346490656
eicu_floor540,413,2,835,408,845,19,1.0119760479041917,78,2.8947368421052633,0.59375,70.35191803522349,0.9776338914938834,-0.06883284043200978,0,0.1732125583464179,0.05958453823459663,0.7138975155279503,0.6432853384157285,-0.043437020843173475,0.10437971791440813,0.07140231961394901,0.6643374741200827,0.27795266728345974,-0.2538786432632674
eicu_floor540,413,2,835,408,845,19,1.0119760479041917,78,2.8947368421052633,0.59375,23.682210449891986,0.9246105411038587,0.0766681431303737,1,0.14401663200061984,0.05976430916060461,0.6530797101449275,0.5027678239492709,0.07074057399373183,0.22068477513099355,0.058624883918353056,0.620212215320911,0.32637776438369065,-0.08106130938196845
eicu_floor540,413,2,835,408,845,19,1.0119760479041917,78,2.8947368421052633,0.59375,90.09615525525393,0.9775840180725741,-0.0993345513486095,0,0.2024462924748153,0.057698345637578946,0.7080098343685299,0.8043705568461986,0.013997686059429778,0.1031117411262058,0.06764902371602886,0.6175595238095237,0.33024589109543284,-0.315407231251951
eicu_floor540,413,2,835,569,1186,19,1.4203592814371258,78,2.8947368421052633,0.72,88.60962281759092,0.9829079046692258,-0.039477936957673404,0,0.1732125583464179,0.05958453823459663,0.7138975155279503,0.6432853384157285,-0.043437020843173475,0.1337346213887445,0.059453139772700406,0.6900879917184266,0.6913565706262232,0.09041220878100559
eicu_floor540,413,2,835,569,1186,19,1.4203592814371258,78,2.8947368421052633,0.72,64.28264051306641,0.9688874012635889,0.03110268221727172,1,0.14401663200061984,0.05976430916060461,0.6530797101449275,0.5027678239492709,0.07074057399373183,0.17511931421789156,0.05768676415709422,0.59472049689441,0.41144832698529255,0.38184822005884506
eicu_floor540,413,2,835,569,1186,19,1.4203592814371258,78,2.8947368421052633,0.72,91.89482784420656,0.9791179954329773,-0.07323816975570871,0,0.2024462924748153,0.057698345637578946,0.7080098343685299,0.8043705568461986,0.013997686059429778,0.1292081227191066,0.059393148901091875,0.6116071428571429,0.47354076650440846,0.24562176524371862
eicu_floor540,413,1,835,724,724,19,0.8670658682634731,78,2.8947368421052633,0.7307692307692307,13.333573152837044,0.9250013489604454,-0.056443890805816674,0,0.1732125583464179,0.05958453823459663,0.7138975155279503,0.6432853384157285,-0.043437020843173475,0.11676866754060124,0.06024810809722797,0.6965579710144928,0.7510745147653393,0.5588914449813797
eicu_floor540,413,1,835,724,724,19,0.8670658682634731,78,2.8947368421052633,0.7307692307692307,30.14795812848219,0.9668302577661054,-0.030302367560851556,0,0.14401663200061984,0.05976430916060461,0.6530797101449275,0.5027678239492709,0.07074057399373183,0.11371426443976829,0.060143136906228974,0.5727225672877847,0.411709161453999,0.5743183289486791
eicu_floor540,413,1,835,724,724,19,0.8670658682634731,78,2.8947368421052633,0.7307692307692307,16.386536793236587,0.9389742925782376,-0.12591708856257933,0,0.2024462924748153,0.057698345637578946,0.7080098343685299,0.8043705568461986,0.013997686059429778,0.07652920391223599,0.06331353191421545,0.5472955486542442,0.03774911354367265,0.24482108344909678
eicu_floor540,413,1,835,835,974,19,1.1664670658682634,78,2.8947368421052633,0.5277777777777778,53.93223507829515,0.9814582132828675,-0.040810136450017964,0,0.1732125583464179,0.05958453823459663,0.7138975155279503,0.6432853384157285,-0.043437020843173475,0.13240242189639995,0.06523978353766659,0.7248964803312629,0.19415857424419947,-0.14040214308312593
eicu_floor540,413,1,835,835,974,19,1.1664670658682634,78,2.8947368421052633,0.5277777777777778,45.48965763051977,0.9780169811757589,0.0007090003998658778,1,0.14401663200061984,0.05976430916060461,0.6530797101449275,0.5027678239492709,0.07074057399373183,0.14472563240048572,0.07007114103598933,0.5681935817805384,0.2592459664763967,-0.38260940932843807
eicu_floor540,413,1,835,835,974,19,1.1664670658682634,78,2.8947368421052633,0.5277777777777778,54.44052838647171,0.9816313318470933,-0.12428713595786905,0,0.2024462924748153,0.057698345637578946,0.7080098343685299,0.8043705568461986,0.013997686059429778,0.07815915651694624,0.0749042610046268,0.5657996894409938,0.06264461716484453,-0.3285006096033887
eicu_floor540,416,3,974,974,5426,36,5.570841889117043,94,1.8333333333333333,0.4878048780487805,95.92627848588752,0.9771616797717773,-0.0132462545371001,0,0.3428933174230896,0.05424781595277595,0.815750915750916,0.7831569505758329,-0.1473692754665416,0.3296470628859895,0.054341351082204496,0.8480769230769231,0.8117576792284089,-0.3082111064247932
eicu_floor540,416,3,974,974,5426,36,5.570841889117043,94,1.8333333333333333,0.4878048780487805,57.811105155446015,0.9687208186254005,-0.014527135670115654,0,0.28481915453519036,0.05805064581035949,0.8453296703296703,0.694748048578507,-0.019704710480759238,0.2702920188650747,0.06036668688564112,0.8522893772893774,0.6309776076743779,-0.326952645429328
eicu_floor540,416,3,974,974,5426,36,5.570841889117043,94,1.8333333333333333,0.4878048780487805,113.38883880701272,0.9735397948627995,0.07117121171798829,1,0.33218638358742997,0.054299059149424435,0.8240842490842492,0.813892860129971,0.06734103184542624,0.40335759530541826,0.0523244825046473,0.8720695970695971,0.8782457144911576,0.02871253448162662
eicu_floor540,416,4,974,504,2776,36,2.8501026694045173,94,1.8333333333333333,0.4634146341463415,63.36477490509172,0.9790245295308445,-0.06848454813682875,0,0.3428933174230896,0.05424781595277595,0.815750915750916,0.7831569505758329,-0.1473692754665416,0.27440876928626085,0.058597944710469044,0.7930402930402931,0.7090634174862215,-0.31845576707053747
eicu_floor540,416,4,974,504,2776,36,2.8501026694045173,94,1.8333333333333333,0.4634146341463415,71.8376507593988,0.9732631701145765,-0.013339531864121568,0,0.28481915453519036,0.05805064581035949,0.8453296703296703,0.694748048578507,-0.019704710480759238,0.2714796226710688,0.059039000984287104,0.8387362637362638,0.6389648737220298,-0.24324892074301985
eicu_floor540,416,4,974,504,2776,36,2.8501026694045173,94,1.8333333333333333,0.4634146341463415,59.32192269481126,0.9530799853171429,0.12689709727346565,1,0.33218638358742997,0.054299059149424435,0.8240842490842492,0.813892860129971,0.06734103184542624,0.4590834808608956,0.04729655400159059,0.8926739926739927,1.1731783037199561,-0.14765689635022966
eicu_floor540,416,4,974,383,2181,36,2.239219712525667,94,1.8333333333333333,0.43902439024390244,146.17453590945948,0.9819122159860425,-0.0246729648269593,0,0.3428933174230896,0.05424781595277595,0.815750915750916,0.7831569505758329,-0.1473692754665416,0.3182203525961303,0.05491396747219106,0.8286630036630036,0.8480747530931981,0.013278870353642072
eicu_floor540,416,4,974,383,2181,36,2.239219712525667,94,1.8333333333333333,0.43902439024390244,137.0323415856212,0.9779865841058826,0.01717421247175388,1,0.28481915453519036,0.05805064581035949,0.8453296703296703,0.694748048578507,-0.019704710480759238,0.30199336700694424,0.05680825440943892,0.8402014652014652,0.7216126546590441,0.03188132114264831
eicu_floor540,416,4,974,383,2181,36,2.239219712525667,94,1.8333333333333333,0.43902439024390244,70.17149802754395,0.9396287740095084,0.0958016650333034,1,0.33218638358742997,0.054299059149424435,0.8240842490842492,0.813892860129971,0.06734103184542624,0.42798804862073336,0.049954792826282506,0.8611721611721611,0.977037331596475,0.13290418193165862
eicu_floor540,416,2,974,865,3494,36,3.5872689938398357,94,1.8333333333333333,0.3055555555555556,131.6100129641685,0.9906950110310216,-0.056912063964927095,0,0.3428933174230896,0.05424781595277595,0.815750915750916,0.7831569505758329,-0.1473692754665416,0.2859812534581625,0.05627769702087305,0.8265567765567766,0.8313379888801866,0.3299493652018981
eicu_floor540,416,2,974,865,3494,36,3.5872689938398357,94,1.8333333333333333,0.3055555555555556,128.35626438497144,0.9885455849550339,-0.006576651459780536,0,0.28481915453519036,0.05805064581035949,0.8453296703296703,0.694748048578507,-0.019704710480759238,0.2782425030754098,0.05799129723715355,0.8596153846153847,0.7885837132591024,0.06259363503269905
eicu_floor540,416,2,974,865,3494,36,3.5872689938398357,94,1.8333333333333333,0.3055555555555556,91.17837808977548,0.9781037107039047,-0.0010433548280276983,0,0.33218638358742997,0.054299059149424435,0.8240842490842492,0.813892860129971,0.06734103184542624,0.33114302875940227,0.05466947186326642,0.8484432234432234,0.8496438522912193,0.20320880240919958
eicu_floor540,416,4,974,387,1866,36,1.9158110882956878,94,1.8333333333333333,0.42857142857142855,99.37653620920838,0.9766309095584889,-0.054147475085086605,0,0.3428933174230896,0.05424781595277595,0.815750915750916,0.7831569505758329,-0.1473692754665416,0.288745842338003,0.056987708964273874,0.8048534798534799,0.7352223134445919,-0.02071097408283746
eicu_floor540,416,4,974,387,1866,36,1.9158110882956878,94,1.8333333333333333,0.42857142857142855,151.6215422115902,0.9770383230101389,-0.02426320409721283,0,0.28481915453519036,0.05805064581035949,0.8453296703296703,0.694748048578507,-0.019704710480759238,0.2605559504379775,0.05976678252992576,0.8217032967032967,0.6278209301209396,0.06809977386860369
eicu_floor540,416,4,974,387,1866,36,1.9158110882956878,94,1.8333333333333333,0.42857142857142855,105.73628943325483,0.9658401551500759,-0.002011854961913917,0,0.33218638358742997,0.054299059149424435,0.8240842490842492,0.813892860129971,0.06734103184542624,0.33017452862551605,0.053890072074977216,0.8180402930402931,0.9038502978140172,-0.1012441939918585
eicu_floor540,416,3,974,446,1567,36,1.608829568788501,94,1.8333333333333333,0.5121951219512195,125.60018699674013,0.9871164078321902,-0.03809548625492898,0,0.3428933174230896,0.05424781595277595,0.815750915750916,0.7831569505758329,-0.1473692754665416,0.3047978311681606,0.06271782498840091,0.8343406593406594,0.7676413331171931,-0.9490480344983421
eicu_floor540,416,3,974,446,1567,36,1.608829568788501,94,1.8333333333333333,0.5121951219512195,94.40177440398429,0.9781452362586807,-0.007882435073097549,0,0.28481915453519036,0.05805064581035949,0.8453296703296703,0.694748048578507,-0.019704710480759238,0.2769367194620928,0.06268573369735816,0.8514652014652014,0.7217885746281121,-0.7060061857610904
eicu_floor540,416,3,974,446,1567,36,1.608829568788501,94,1.8333333333333333,0.5121951219512195,90.78451830355655,0.9769930159643665,0.05395940926972281,1,0.33218638358742997,0.054299059149424435,0.8240842490842492,0.813892860129971,0.06734103184542624,0.3861457928571528,0.05178956178299073,0.8484432234432234,0.9733151260072375,-0.2844341765401571
eicu_floor540,416,1,974,588,588,36,0.6036960985626283,94,1.8333333333333333,0.8,22.167622758480007,0.953998199128119,-0.05225548234666144,0,0.3428933174230896,0.05424781595277595,0.815750915750916,0.7831569505758329,-0.1473692754665416,0.29063783507642815,0.060517403697543985,0.8413003663003663,0.8101545539225252,-0.6786717850147089
eicu_floor540,416,1,974,588,588,36,0.6036960985626283,94,1.8333333333333333,0.8157894736842105,18.59767604498058,0.946229840890798,0.0110078380517728,1,0.28481915453519036,0.05805064581035949,0.8453296703296703,0.694748048578507,-0.019704710480759238,0.29582699258696316,0.06185577625515739,0.8514652014652015,0.6790405387727497,-0.7526736161765557
eicu_floor540,416,1,974,588,588,36,0.6036960985626283,94,1.8333333333333333,0.8421052631578947,9.905273654672111,0.8990144180920785,0.08661599396047226,1,0.33218638358742997,0.054299059149424435,0.8240842490842492,0.813892860129971,0.06734103184542624,0.4188023775479022,0.054400368604166714,0.8814102564102564,0.8666570834242618,-0.6559801942032725
eicu_floor540,416,1,974,539,539,36,0.553388090349076,94,1.8333333333333333,0.5853658536585366,15.240876065823578,0.9326177297339244,-0.06863834136769542,0,0.3428933174230896,0.05424781595277595,0.815750915750916,0.7831569505758329,-0.1473692754665416,0.2742549760553942,0.05802551497598355,0.7881868131868133,0.64538353285678,-0.06036300801151437
eicu_floor540,416,1,974,539,539,36,0.553388090349076,94,1.8333333333333333,0.5853658536585366,13.95426472280358,0.9261139941273614,-0.05384550550622336,0,0.28481915453519036,0.05805064581035949,0.8453296703296703,0.694748048578507,-0.019704710480759238,0.230973649028967,0.061943808166466406,0.7769230769230769,0.4198560269516789,0.07152122707566523
eicu_floor540,416,1,974,539,539,36,0.553388090349076,94,1.8333333333333333,0.5853658536585366,21.543224964736257,0.9532172871068993,0.0633308531709823,1,0.33218638358742997,0.054299059149424435,0.8240842490842492,0.813892860129971,0.06734103184542624,0.39551723675841227,0.051842355879850976,0.8660256410256411,0.9162193193127705,0.2643588634464189
eicu_floor540,416,2,974,539,1156,36,1.1868583162217659,94,1.8333333333333333,0.5121951219512195,125.60018699674013,0.985673716310386,-0.08430900002781927,0,0.3428933174230896,0.05424781595277595,0.815750915750916,0.7831569505758329,-0.1473692754665416,0.2585843173952703,0.05994097002546284,0.797069597069597,0.6831363209856371,-0.3560686509629714
eicu_floor540,416,2,974,539,1156,36,1.1868583162217659,94,1.8333333333333333,0.5121951219512195,68.56750283785269,0.9708316634378596,-0.07518942159314404,0,0.28481915453519036,0.05805064581035949,0.8453296703296703,0.694748048578507,-0.019704710480759238,0.20962973294204632,0.06400782871275347,0.8015567765567765,0.4389793478821688,-0.26791709638205136
eicu_floor540,416,2,974,539,1156,36,1.1868583162217659,94,1.8333333333333333,0.5121951219512195,59.96050976279008,0.9707538632789268,0.09793074131818225,1,0.33218638358742997,0.054299059149424435,0.8240842490842492,0.813892860129971,0.06734103184542624,0.4301171249056122,0.04984914347780801,0.8649267399267401,1.0288771482155639,-0.04200162662887744
eicu_floor540,416,2,974,423,1013,36,1.040041067761807,94,1.8333333333333333,0.5853658536585366,32.85456134500696,0.9391256520214065,-0.09188626993976445,0,0.3428933174230896,0.05424781595277595,0.815750915750916,0.7831569505758329,-0.1473692754665416,0.25100704748332514,0.059551036908646535,0.7744505494505495,0.625751402580694,0.25435272038674184
eicu_floor540,416,2,974,423,1013,36,1.040041067761807,94,1.8333333333333333,0.5853658536585366,48.454342563742614,0.9586743986880348,-0.0548787416441566,0,0.28481915453519036,0.05805064581035949,0.8453296703296703,0.694748048578507,-0.019704710480759238,0.22994041289103376,0.0626842854261923,0.8035714285714286,0.5369832271478066,0.14772790968928312
eicu_floor540,416,2,974,423,1013,36,1.040041067761807,94,1.8333333333333333,0.5853658536585366,59.472414877120244,0.979201401993363,0.006907139983083288,1,0.33218638358742997,0.054299059149424435,0.8240842490842492,0.813892860129971,0.06734103184542624,0.33909352357051326,0.05457954919383715,0.817032967032967,0.7219447849105882,0.039973243269862166
eicu_floor540,416,3,974,534,3185,36,3.2700205338809036,94,1.8333333333333333,0.46153846153846156,82.74151990806224,0.9685325879633283,-0.03531000425165176,0,0.3428933174230896,0.05424781595277595,0.815750915750916,0.7831569505758329,-0.1473692754665416,0.30758331317143783,0.06602753817789178,0.8038461538461539,0.6335618197412254,-0.9838185322011042
eicu_floor540,416,3,974,534,3185,36,3.2700205338809036,94,1.8333333333333333,0.46153846153846156,102.82924162048675,0.9785887980067088,-0.0019513140852547295,0,0.28481915453519036,0.05805064581035949,0.8453296703296703,0.694748048578507,-0.019704710480759238,0.2828678404499356,0.08444051678172466,0.8426739926739926,0.5081438742925823,-1.494609956094561
eicu_floor540,416,3,974,534,3185,36,3.2700205338809036,94,1.8333333333333333,0.46153846153846156,110.00920905188455,0.986071198664707,0.04498045347886831,1,0.33218638358742997,0.054299059149424435,0.8240842490842492,0.813892860129971,0.06734103184542624,0.3771668370662983,0.06706398171906854,0.8586996336996336,0.7313445123192805,-1.1994230533385941
eicu_floor540,416,1,974,910,910,36,0.9342915811088296,94,1.8333333333333333,0.5833333333333334,41.515223100942315,0.975912450293991,-0.002424234806625347,0,0.3428933174230896,0.05424781595277595,0.815750915750916,0.7831569505758329,-0.1473692754665416,0.34046908261646425,0.057691356368591976,0.8240842490842492,0.7920378898363695,-0.61138967048827
eicu_floor540,416,1,974,910,910,36,0.9342915811088296,94,1.8333333333333333,0.5833333333333334,16.04222092587514,0.9376644914304191,0.010987455019292935,1,0.28481915453519036,0.05805064581035949,0.8453296703296703,0.694748048578507,-0.019704710480759238,0.2958066095544833,0.0594043960641852,0.8483516483516483,0.722604767891653,-0.533465638423611
eicu_floor540,416,1,974,910,910,36,0.9342915811088296,94,1.8333333333333333,0.5833333333333334,41.55790880251334,0.9759371915282821,0.03841256320883102,1,0.33218638358742997,0.054299059149424435,0.8240842490842492,0.813892860129971,0.06734103184542624,0.370598946796261,0.0549304478216537,0.8462454212454213,0.8394465261387626,-0.2363905843242246
eicu_floor540,417,3,910,409,1415,21,1.554945054945055,116,3.857142857142857,0.5384615384615384,77.96695986797481,0.974879509205961,0.016570050343647502,1,0.24205149201871112,0.07896089400409934,0.7787525150905432,0.7251101688300047,-0.2511003152072759,0.2586215423623586,0.07772772750346435,0.7282092555331992,0.6514707963923894,0.006715718496257557
eicu_floor540,417,3,910,409,1415,21,1.554945054945055,116,3.857142857142857,0.525,85.4435308486554,0.9691416124581943,0.015089558968506,1,0.30332930184346885,0.07457964150688157,0.7409255533199196,0.9834203920519475,-0.03303322842080772,0.31841886081197485,0.0728122917661577,0.7480482897384306,0.8036223958695304,0.20410822647029012
eicu_floor540,417,3,910,409,1415,21,1.554945054945055,116,3.857142857142857,0.5526315789473685,116.49341849411347,0.9742474721852926,0.016761460797374006,1,0.19468443159501306,0.08171377438974341,0.7196780684104628,0.5620616840201539,0.013598370753952644,0.21144589239238706,0.07876548359023294,0.7443460764587525,0.7957529102460641,0.18570612703933637
eicu_floor540,417,1,910,501,501,21,0.5505494505494506,116,3.857142857142857,0.6363636363636364,34.75040288233381,0.9712233552115629,0.03043078965152668,1,0.24205149201871112,0.07896089400409934,0.7787525150905432,0.7251101688300047,-0.2511003152072759,0.2724822816702378,0.07591817688854813,0.7484909456740442,0.7136596059660286,-0.20914923719749498
eicu_floor540,417,1,910,501,501,21,0.5505494505494506,116,3.857142857142857,0.6,26.62158851157424,0.9624365015045878,0.047619195917307455,1,0.30332930184346885,0.07457964150688157,0.7409255533199196,0.9834203920519475,-0.03303322842080772,0.3509484977607763,0.071354211330063,0.7659959758551308,0.8678011146126742,-0.04050318010482599
eicu_floor540,417,1,910,501,501,21,0.5505494505494506,116,3.857142857142857,0.6363636363636364,24.159742528609332,0.9586088304204473,0.07750003799111463,1,0.19468443159501306,0.08171377438974341,0.7196780684104628,0.5620616840201539,0.013598370753952644,0.2721844695861277,0.07559448308688355,0.7693762575452717,0.8044103599719766,-0.0717833240569099
eicu_floor540,417,2,910,910,2827,21,3.1065934065934067,116,3.857142857142857,0.6666666666666666,159.43140875474535,0.9919580574324327,-0.017808847885533358,0,0.24205149201871112,0.07896089400409934,0.7787525150905432,0.7251101688300047,-0.2511003152072759,0.22424264413317777,0.08386914423893208,0.691267605633803,0.5215476777889222,-0.2595609385204242
eicu_floor540,417,2,910,910,2827,21,3.1065934065934067,116,3.857142857142857,0.6666666666666666,221.1748351185796,0.9920082591762723,-0.015202603064390585,0,0.30332930184346885,0.07457964150688157,0.7409255533199196,0.9834203920519475,-0.03303322842080772,0.28812669877907826,0.07657814000797358,0.7257142857142858,0.730656829473414,-0.15660244837964227
eicu_floor540,417,2,910,910,2827,21,3.1065934065934067,116,3.857142857142857,0.6666666666666666,271.18490214921644,0.9946821441924558,0.08358852363646854,1,0.19468443159501306,0.08171377438974341,0.7196780684104628,0.5620616840201539,0.013598370753952644,0.2782729552314816,0.08069422772397802,0.7152112676056338,0.5863677559906765,-0.21168511493297748
eicu_floor540,417,1,910,811,811,21,0.8912087912087913,116,3.857142857142857,0.65625,19.605809804853333,0.9489947107539289,-0.012283341981804113,0,0.24205149201871112,0.07896089400409934,0.7787525150905432,0.7251101688300047,-0.2511003152072759,0.229768150036907,0.08181283793557519,0.7704225352112677,0.6015598871139667,-0.2851524177175488
eicu_floor540,417,1,910,811,811,21,0.8912087912087913,116,3.857142857142857,0.65625,152.0708640412833,0.9934241183785967,-0.003751651318468996,0,0.30332930184346885,0.07457964150688157,0.7409255533199196,0.9834203920519475,-0.03303322842080772,0.29957765052499985,0.07480053316416993,0.7487726358148893,0.8277908639676955,-0.18186766681031863
eicu_floor540,417,1,910,811,811,21,0.8912087912087913,116,3.857142857142857,0.65625,22.991408154054795,0.9565054913861969,-0.004922261322483107,0,0.19468443159501306,0.08171377438974341,0.7196780684104628,0.5620616840201539,0.013598370753952644,0.18976217027252995,0.083437957596387,0.7185513078470824,0.5218547844053787,-0.0413670255154203
eicu_floor540,417,4,910,383,3711,21,4.078021978021978,116,3.857142857142857,0.38461538461538464,122.93167150442409,0.9812787845356546,0.012783620387365524,1,0.24205149201871112,0.07896089400409934,0.7787525150905432,0.7251101688300047,-0.2511003152072759,0.25483511240607665,0.08308160554895389,0.716056338028169,0.4171993480327255,0.001395292213619704
eicu_floor540,417,4,910,383,3711,21,4.078021978021978,116,3.857142857142857,0.39473684210526316,99.65371985200942,0.960484020768446,0.020819736208659678,1,0.30332930184346885,0.07457964150688157,0.7409255533199196,0.9834203920519475,-0.03303322842080772,0.3241490380521285,0.07282370330274415,0.7563380281690141,0.5937599149874437,0.0786797387019419
eicu_floor540,417,4,910,383,3711,21,4.078021978021978,116,3.857142857142857,0.39473684210526316,76.50643458767908,0.9751932329067775,0.026027103691940473,1,0.19468443159501306,0.08171377438974341,0.7196780684104628,0.5620616840201539,0.013598370753952644,0.22071153528695353,0.08174720769524547,0.7145674044265593,0.5353503035353195,0.1385338746677591
eicu_floor540,417,4,910,423,2835,21,3.1153846153846154,116,3.857142857142857,0.53125,130.91442168209613,0.9785599043033042,-0.003748409263315877,0,0.24205149201871112,0.07896089400409934,0.7787525150905432,0.7251101688300047,-0.2511003152072759,0.23830308275539525,0.07667322112848937,0.7719517102615694,0.7943542612281104,0.03221521197382672
eicu_floor540,417,4,910,423,2835,21,3.1153846153846154,116,3.857142857142857,0.53125,86.00056987425785,0.975390108616794,-0.03845428962012054,0,0.30332930184346885,0.07457964150688157,0.7409255533199196,0.9834203920519475,-0.03303322842080772,0.2648750122233483,0.07637400925745631,0.7330784708249497,0.7466713850403205,0.11565687061045103
eicu_floor540,417,4,910,423,2835,21,3.1153846153846154,116,3.857142857142857,0.53125,85.8614674429562,0.9617127628467943,-0.010341967189139295,0,0.19468443159501306,0.08171377438974341,0.7196780684104628,0.5620616840201539,0.013598370753952644,0.18434246440587376,0.08150986437984256,0.7199195171026157,0.6528701711757372,0.2687231695081912
eicu_floor540,417,3,910,539,2091,21,2.2978021978021976,116,3.857142857142857,0.4878048780487805,159.73810314738574,0.9840492855950431,0.018600004459531472,1,0.24205149201871112,0.07896089400409934,0.7787525150905432,0.7251101688300047,-0.2511003152072759,0.2606514964782426,0.08118454716330978,0.7561368209255533,0.5312141428673519,-0.0026237662614260844
eicu_floor540,417,3,910,539,2091,21,2.2978021978021976,116,3.857142857142857,0.4878048780487805,133.40997302771106,0.9824567668094474,-0.03873857691021121,0,0.30332930184346885,0.07457964150688157,0.7409255533199196,0.9834203920519475,-0.03303322842080772,0.26459072493325764,0.07849105828305965,0.7394366197183099,0.590340013260121,0.062072683342442626
eicu_floor540,417,3,910,539,2091,21,2.2978021978021976,116,3.857142857142857,0.4878048780487805,121.02311565539617,0.9806253187961351,0.02900274465309552,1,0.19468443159501306,0.08171377438974341,0.7196780684104628,0.5620616840201539,0.013598370753952644,0.22368717624810858,0.07911571588098065,0.709979879275654,0.6186748839453677,0.2564691080743591
eicu_floor540,417,1,910,555,555,21,0.6098901098901099,116,3.857142857142857,0.8571428571428571,54.54209276875355,0.981599571926528,-0.006265586113733207,0,0.24205149201871112,0.07896089400409934,0.7787525150905432,0.7251101688300047,-0.2511003152072759,0.23578590590497792,0.07853609449747453,0.7917907444668008,0.7443206623522245,0.23600328646651622
eicu_floor540,417,1,910,555,555,21,0.6098901098901099,116,3.857142857142857,0.8571428571428571,32.55536398541855,0.9671067454594979,-0.03319659943401915,0,0.30332930184346885,0.07457964150688157,0.7409255533199196,0.9834203920519475,-0.03303322842080772,0.2701327024094497,0.0750484735770212,0.7451911468812877,1.0874233763100316,0.3133494989866661
eicu_floor540,417,1,910,555,555,21,0.6098901098901099,116,3.857142857142857,0.8571428571428571,44.50768140145303,0.9760620864380259,-0.018300092223806297,0,0.19468443159501306,0.08171377438974341,0.7196780684104628,0.5620616840201539,0.013598370753952644,0.17638433937120676,0.08146289942131253,0.6799999999999999,0.5640812987819331,0.4287934730785965
eicu_floor540,417,1,910,910,1561,21,1.7153846153846153,116,3.857142857142857,0.5833333333333334,97.50611537480441,0.989744233003683,-0.031585049804538634,0,0.24205149201871112,0.07896089400409934,0.7787525150905432,0.7251101688300047,-0.2511003152072759,0.2104664422141725,0.08373167917696997,0.738430583501006,0.607940657862778,-0.390479094847432
eicu_floor540,417,1,910,910,1561,21,1.7153846153846153,116,3.857142857142857,0.6176470588235294,83.28365647101442,0.9879928422649402,0.028248783362794405,1,0.30332930184346885,0.07457964150688157,0.7409255533199196,0.9834203920519475,-0.03303322842080772,0.33157808520626325,0.072605716141757,0.744466800804829,1.082240724043712,-0.29057626012874954
eicu_floor540,417,1,910,910,1561,21,1.7153846153846153,116,3.857142857142857,0.6363636363636364,49.83045120051768,0.9799319497233528,0.019334733126767034,1,0.19468443159501306,0.08171377438974341,0.7196780684104628,0.5620616840201539,0.013598370753952644,0.2140191647217801,0.08247978298471376,0.698148893360161,0.5913502060894302,-0.36838059833258313
eicu_floor540,417,4,910,408,4768,21,5.23956043956044,116,3.857142857142857,0.5294117647058824,211.00575601538515,0.9840986462558469,0.02695910127016704,1,0.24205149201871112,0.07896089400409934,0.7787525150905432,0.7251101688300047,-0.2511003152072759,0.26901059328887816,0.07921136753535726,0.7337223340040241,0.7287707166986322,0.5955620868305727
eicu_floor540,417,4,910,408,4768,21,5.23956043956044,116,3.857142857142857,0.5294117647058824,98.8917408756822,0.9696637962540134,-0.11905585106845637,0,0.30332930184346885,0.07457964150688157,0.7409255533199196,0.9834203920519475,-0.03303322842080772,0.18427345077501248,0.08292258879350012,0.7074446680080482,0.5377405913748454,0.628775256262578
eicu_floor540,417,4,910,408,4768,21,5.23956043956044,116,3.857142857142857,0.5294117647058824,139.15306529075104,0.9768792101282063,-0.012333277099748186,0,0.19468443159501306,0.08171377438974341,0.7196780684104628,0.5620616840201539,0.013598370753952644,0.18235115449526487,0.08423032373265313,0.6931187122736417,0.6010471641345112,0.7725050867665945
eicu_floor540,417,1,910,539,539,21,0.5923076923076923,116,3.857142857142857,0.6666666666666666,18.388071339432205,0.9440547705139739,-0.03870217722458352,0,0.24205149201871112,0.07896089400409934,0.7787525150905432,0.7251101688300047,-0.2511003152072759,0.2033493147941276,0.08071809072626056,0.7429778672032192,0.6973626219535538,0.28602112144998715
eicu_floor540,417,1,910,539,539,21,0.5923076923076923,116,3.857142857142857,0.6666666666666666,11.926791791386638,0.9160281863568008,-0.08545134751547978,0,0.30332930184346885,0.07457964150688157,0.7409255533199196,0.9834203920519475,-0.03303322842080772,0.21787795432798907,0.07889015210620826,0.7470020120724346,1.0365593503528951,0.5709927362074126
eicu_floor540,417,1,910,539,539,21,0.5923076923076923,116,3.857142857142857,0.6666666666666666,33.595519287745795,0.9693744205060218,-0.039711749101997956,0,0.19468443159501306,0.08171377438974341,0.7196780684104628,0.5620616840201539,0.013598370753952644,0.1549726824930151,0.08297270198603804,0.6403219315895372,0.4507533346791089,0.6084320322303645
eicu_floor540,417,1,910,910,1766,21,1.9406593406593406,116,3.857142857142857,0.9130434782608695,29.243170329542604,0.9658039812807245,-0.0478532960665326,0,0.24205149201871112,0.07896089400409934,0.7787525150905432,0.7251101688300047,-0.2511003152072759,0.19419819595217852,0.08474439244794725,0.7226961770623743,0.5133885294235468,-0.32702444173106987
eicu_floor540,417,1,910,910,1766,21,1.9406593406593406,116,3.857142857142857,0.9130434782608695,114.2430848763479,0.9912467349679644,-0.004186227146218691,0,0.30332930184346885,0.07457964150688157,0.7409255533199196,0.9834203920519475,-0.03303322842080772,0.29914307469725016,0.07492921774460207,0.7409657947686117,1.02737085758842,-0.30471262618763867
eicu_floor540,417,1,910,910,1766,21,1.9406593406593406,116,3.857142857142857,0.9130434782608695,77.36850114220353,0.9870748433117246,-0.017614215984790876,0,0.19468443159501306,0.08171377438974341,0.7196780684104628,0.5620616840201539,0.013598370753952644,0.17707021561022218,0.08378960665662047,0.6865191146881288,0.4969344842336986,-0.20111633555465785
eicu_floor540,420,3,2207,392,2682,28,1.2152242863615768,381,9.535714285714286,0.525,132.69332671029133,0.984927651980822,0.04422286704285161,1,0.4162487972133291,0.08781475131008011,0.7796908236979002,0.9390979731122323,0.06126991660415024,0.4604716642561807,0.08473933928613546,0.7947705397948652,0.722049184125444,0.16602236223095693
eicu_floor540,420,3,2207,392,2682,28,1.2152242863615768,381,9.535714285714286,0.525,217.96495484970677,0.9895980643531541,0.04849910027941279,1,0.4026806603156183,0.08864837494974723,0.7823761083380721,0.7974065865264173,0.03270200731357149,0.45117976059503107,0.08860637409189921,0.792580189970725,0.5878821183368292,0.10389011021250613
eicu_floor540,420,3,2207,392,2682,28,1.2152242863615768,381,9.535714285714286,0.525,134.95837309505237,0.9777709234988549,0.030315199443528007,1,0.3742809676722289,0.09267075555938327,0.7326509551188896,0.8113268852104979,0.015607939061027438,0.4045961671157569,0.09245926783324071,0.7257323982224468,0.5637451624902671,0.17331143709867675
eicu_floor540,420,3,2207,576,2356,28,1.067512460353421,381,9.535714285714286,0.47619047619047616,102.38204856028125,0.9822414397895823,-0.007062006130466092,0,0.4162487972133291,0.08781475131008011,0.7796908236979002,0.9390979731122323,0.06126991660415024,0.409186791082863,0.08904745900351203,0.7475411217118426,0.5718102436359502,0.38783858102136426
eicu_floor540,420,3,2207,576,2356,28,1.067512460353421,381,9.535714285714286,0.47619047619047616,137.36573115205186,0.9824207310053366,-0.026725445903071354,0,0.4026806603156183,0.08864837494974723,0.7823761083380721,0.7974065865264173,0.03270200731357149,0.3759552144125469,0.09294346034282586,0.752732672016175,0.6409864078451687,0.5202168562984854
eicu_floor540,420,3,2207,576,2356,28,1.067512460353421,381,9.535714285714286,0.47619047619047616,277.95318022557495,0.9890661315855663,-0.0019935122131803373,0,0.3742809676722289,0.09267075555938327,0.7326509551188896,0.8113268852104979,0.015607939061027438,0.37228745545904857,0.0936412732583061,0.6959099429245381,0.49140194102310697,0.4118662008827429
eicu_floor540,420,4,2207,387,2649,28,1.2002718622564568,381,9.535714285714286,0.3,73.0617821925799,0.9629931222633323,0.0485590133657825,1,0.4162487972133291,0.08781475131008011,0.7796908236979002,0.9390979731122323,0.06126991660415024,0.4648078105791116,0.08393172484598889,0.7927592089467366,0.6686440254245933,0.08736231574190925
eicu_floor540,420,4,2207,387,2649,28,1.2002718622564568,381,9.535714285714286,0.3,155.8123066244201,0.9861588044637204,0.08018274292462224,1,0.4026806603156183,0.08864837494974723,0.7823761083380721,0.7974065865264173,0.03270200731357149,0.4828634032402405,0.08779894873073614,0.8090709968197805,0.623903162110206,-0.03755451423096588
eicu_floor540,420,4,2207,387,2649,28,1.2002718622564568,381,9.535714285714286,0.3,147.28929434875153,0.9795129988414593,0.046564015928621916,1,0.3742809676722289,0.09267075555938327,0.7326509551188896,0.8113268852104979,0.015607939061027438,0.4208449836008508,0.0957395857580676,0.7661906868010364,0.5400765257988183,-0.25200087846655717
eicu_floor540,420,3,2207,446,2698,28,1.2224739465337562,381,9.535714285714286,0.5121951219512195,80.38611645513444,0.9626801227339502,0.011117422959083523,1,0.4162487972133291,0.08781475131008011,0.7796908236979002,0.9390979731122323,0.06126991660415024,0.4273662201724126,0.08793899070859033,0.7683073229291717,0.7587001972939393,0.3704284381474494
eicu_floor540,420,3,2207,446,2698,28,1.2224739465337562,381,9.535714285714286,0.525,120.04636127673538,0.9729385621213198,0.056442627004591184,1,0.4026806603156183,0.08864837494974723,0.7823761083380721,0.7974065865264173,0.03270200731357149,0.45912328732020946,0.08508514953738079,0.796750279058992,0.8274705971843334,0.1852245462323536
eicu_floor540,420,3,2207,446,2698,28,1.2224739465337562,381,9.535714285714286,0.5384615384615384,105.93309578766397,0.9761476224784069,0.022098466117483728,1,0.3742809676722289,0.09267075555938327,0.7326509551188896,0.8113268852104979,0.015607939061027438,0.39637943378971263,0.09122554848203891,0.7405909732313978,0.741244505239455,0.2382820165819078
eicu_floor540,420,4,2207,437,2394,28,1.084730403262347,381,9.535714285714286,0.4523809523809524,126.05486326012823,0.9769495461526544,0.010463480902896283,1,0.4162487972133291,0.08781475131008011,0.7796908236979002,0.9390979731122323,0.06126991660415024,0.42671227811622536,0.08799496932395391,0.7636422990248731,0.6413511729480138,0.10738303323719628
eicu_floor540,420,4,2207,437,2394,28,1.084730403262347,381,9.535714285714286,0.4523809523809524,194.67955120940172,0.9853640488793448,0.035736334154225224,1,0.4026806603156183,0.08864837494974723,0.7823761083380721,0.7974065865264173,0.03270200731357149,0.4384169944698435,0.08675435971190555,0.8105558012678756,0.6989978296574362,0.13107726672638562
eicu_floor540,420,4,2207,437,2394,28,1.084730403262347,381,9.535714285714286,0.4523809523809524,166.42305418412656,0.9782161649640605,-0.004129669406946368,0,0.3742809676722289,0.09267075555938327,0.7326509551188896,0.8113268852104979,0.015607939061027438,0.37015129826528254,0.09828042260802942,0.722594300878246,0.5294585502060336,-0.08943560910329483
eicu_floor540,420,3,2207,539,1816,28,0.8228364295423652,381,9.535714285714286,0.47619047619047616,140.4241744369458,0.9786361571144783,-0.015775314340964186,0,0.4162487972133291,0.08781475131008011,0.7796908236979002,0.9390979731122323,0.06126991660415024,0.4004734828723649,0.09160562687306964,0.7492575977759525,0.6308654400922523,0.2933085630152341
eicu_floor540,420,3,2207,539,1816,28,0.8228364295423652,381,9.535714285714286,0.47619047619047616,188.41188770984445,0.986468380274677,-0.0024421171534835806,0,0.4026806603156183,0.08864837494974723,0.7823761083380721,0.7974065865264173,0.03270200731357149,0.4002385431621347,0.09069149522922333,0.7762578715696805,0.5750354793965483,0.29110290032593494
eicu_floor540,420,3,2207,539,1816,28,0.8228364295423652,381,9.535714285714286,0.47619047619047616,148.01015552081606,0.9801384548393667,-0.0024622100318270612,0,0.3742809676722289,0.09267075555938327,0.7326509551188896,0.8113268852104979,0.015607939061027438,0.37181875764040184,0.09556107972257477,0.7168972852298814,0.5414848344431388,0.006467091093023083
eicu_floor540,420,4,2207,383,4043,28,1.8318985047575895,381,9.535714285714286,0.47619047619047616,155.48636856181872,0.9754667994475454,0.008563736061185101,1,0.4162487972133291,0.08781475131008011,0.7796908236979002,0.9390979731122323,0.06126991660415024,0.4248125332745142,0.08871446102881606,0.7690549904172195,0.6721770701515952,0.5028093695516362
eicu_floor540,420,4,2207,383,4043,28,1.8318985047575895,381,9.535714285714286,0.5,202.92877806696896,0.9823910822618285,-0.05223438200871189,0,0.4026806603156183,0.08864837494974723,0.7823761083380721,0.7974065865264173,0.03270200731357149,0.3504462783069064,0.09642936962583083,0.7920220719866894,0.5501550567440349,0.15785903970025142
eicu_floor540,420,4,2207,383,4043,28,1.8318985047575895,381,9.535714285714286,0.5,197.3019070597013,0.9796027340383415,-0.07372673490905768,0,0.3742809676722289,0.09267075555938327,0.7326509551188896,0.8113268852104979,0.015607939061027438,0.3005542327631712,0.11274667494239358,0.7340409848149786,0.33270519921369984,-0.297697115095383
eicu_floor540,420,4,2207,435,2641,28,1.196647032170367,381,9.535714285714286,0.4523809523809524,105.22102671177525,0.9706938923069567,-0.02317062721294172,0,0.4162487972133291,0.08781475131008011,0.7796908236979002,0.9390979731122323,0.06126991660415024,0.39307817000038736,0.09093426984993201,0.7638423790568859,0.7369255656573852,0.3700224095497872
eicu_floor540,420,4,2207,435,2641,28,1.196647032170367,381,9.535714285714286,0.4523809523809524,155.5469001073358,0.9776687873553854,-0.009940021729729354,0,0.4026806603156183,0.08864837494974723,0.7823761083380721,0.7974065865264173,0.03270200731357149,0.3927406385858889,0.0912894536696347,0.7830079400181126,0.6866837691471307,0.27432073537630003
eicu_floor540,420,4,2207,435,2641,28,1.196647032170367,381,9.535714285714286,0.4523809523809524,161.20591605338225,0.9808102248800868,0.011754851208248873,1,0.3742809676722289,0.09267075555938327,0.7326509551188896,0.8113268852104979,0.015607939061027438,0.3860358188804778,0.09207701259645146,0.7474884690718392,0.7699775985189998,0.3877646550610771
eicu_floor540,420,4,2207,504,3998,28,1.8115088355233349,381,9.535714285714286,0.35714285714285715,362.46081830183715,0.9928806591831586,-0.00205728884768952,0,0.4162487972133291,0.08781475131008011,0.7796908236979002,0.9390979731122323,0.06126991660415024,0.41419150836563956,0.08866808879914108,0.7817232156020303,0.6669867178192977,0.04168888492558884
eicu_floor540,420,4,2207,504,3998,28,1.8115088355233349,381,9.535714285714286,0.35714285714285715,285.0635554282683,0.9912243591319695,0.03780339815336986,1,0.4026806603156183,0.08864837494974723,0.7823761083380721,0.7974065865264173,0.03270200731357149,0.44048405846898814,0.08650417104604623,0.8113877129799287,0.7602969435877976,0.12632674707164745
eicu_floor540,420,4,2207,504,3998,28,1.8115088355233349,381,9.535714285714286,0.35714285714285715,281.3459541530317,0.992769223958895,-0.015899825926826316,0,0.3742809676722289,0.09267075555938327,0.7326509551188896,0.8113268852104979,0.015607939061027438,0.3583811417454026,0.09726207315121027,0.7487731934879215,0.505191506920954,0.06945604183693173
eicu_floor540,420,3,2207,383,1324,28,0.5999093792478477,381,9.535714285714286,0.5714285714285714,153.03585703155704,0.9803963084119808,-0.043252674665105684,0,0.4162487972133291,0.08781475131008011,0.7796908236979002,0.9390979731122323,0.06126991660415024,0.3729961225482234,0.09481880343519196,0.7367789220951538,0.6123472567182922,0.2948854587510601
eicu_floor540,420,3,2207,383,1324,28,0.5999093792478477,381,9.535714285714286,0.5714285714285714,208.26027411615303,0.9861199867046625,-0.027220465952943806,0,0.4026806603156183,0.08864837494974723,0.7823761083380721,0.7974065865264173,0.03270200731357149,0.37546019436267447,0.09284926115829727,0.7723299846254291,0.5720229265291998,0.34559726018293263
eicu_floor540,420,3,2207,383,1324,28,0.5999093792478477,381,9.535714285714286,0.5714285714285714,77.39095902474878,0.9730968964525126,-0.03760312888035883,0,0.3742809676722289,0.09267075555938327,0.7326509551188896,0.8113268852104979,0.015607939061027438,0.3366778387918701,0.0955577333856902,0.7073039742212675,0.5189952160179578,0.36015197974603025
eicu_floor540,420,4,2207,423,2654,28,1.2025373810602629,381,9.535714285714286,0.5128205128205128,106.91254175529616,0.9679393462328736,0.028713057096168837,1,0.4162487972133291,0.08781475131008011,0.7796908236979002,0.9390979731122323,0.06126991660415024,0.4449618543094979,0.0911576981251419,0.7517428023841116,0.8199713637615115,0.7617978170330348
eicu_floor540,420,4,2207,423,2654,28,1.2025373810602629,381,9.535714285714286,0.5128205128205128,108.89836104293978,0.9654490312226043,0.031120531046249178,1,0.4026806603156183,0.08864837494974723,0.7823761083380721,0.7974065865264173,0.03270200731357149,0.43380119136186746,0.08877764377003416,0.7727301446894547,0.708570402432167,0.6252234805615837
eicu_floor540,420,4,2207,423,2654,28,1.2025373810602629,381,9.535714285714286,0.5128205128205128,185.09206227264627,0.9830302679765359,0.04506688642355272,1,0.3742809676722289,0.09267075555938327,0.7326509551188896,0.8113268852104979,0.015607939061027438,0.4193478540957816,0.09138977752401108,0.7406015037593984,0.7253335161602866,0.7302704677439512
eicu_floor540,420,1,2207,1083,1083,28,0.4907113729043951,381,9.535714285714286,0.6052631578947368,47.808571030004224,0.9790832484959149,0.0471711786717145,1,0.4162487972133291,0.08781475131008011,0.7796908236979002,0.9390979731122323,0.06126991660415024,0.4634199758850436,0.08446609918498188,0.8000673953792043,0.9357092016345322,-0.02623372928895318
eicu_floor540,420,1,2207,1083,1083,28,0.4907113729043951,381,9.535714285714286,0.6052631578947368,17.049761915384085,0.9413481545981182,0.030557964492214762,1,0.4026806603156183,0.08864837494974723,0.7823761083380721,0.7974065865264173,0.03270200731357149,0.43323862480783304,0.08667148806400837,0.7945178071228493,0.7854555922255352,0.045936624144707935
eicu_floor540,420,1,2207,1083,1083,28,0.4907113729043951,381,9.535714285714286,0.6052631578947368,46.05112401680631,0.9782850034315113,0.020592017658736306,1,0.3742809676722289,0.09267075555938327,0.7326509551188896,0.8113268852104979,0.015607939061027438,0.3948729853309652,0.09094013341644029,0.7355047282070722,0.7658786454779053,-0.06362477202892688
eicu_floor540,435,4,617,392,1906,28,3.0891410048622365,93,2.3214285714285716,0.5,88.64947380305765,0.962846896991796,0.02387515709355814,1,0.2557915329942634,0.08863928774247172,0.63667872212176,0.625209444241857,0.17145822656000384,0.2796666900878215,0.0943745187088435,0.6752561784207354,0.37722174489647675,0.6425287952159985
eicu_floor540,435,4,617,392,1906,28,3.0891410048622365,93,2.3214285714285716,0.5121951219512195,74.11081240847629,0.9559169918952017,-0.07039304604367358,0,0.3745910845079643,0.08270797316123647,0.7483423749246535,0.8080709616258378,-0.24073929350087755,0.3041980384642907,0.09313847479969442,0.7637130801687764,0.508545107741133,0.39144626826734763
eicu_floor540,435,4,617,392,1906,28,3.0891410048622365,93,2.3214285714285716,0.5121951219512195,109.27063436090579,0.9717754711536727,0.0012380296768152999,1,0.28902458078142534,0.08860269238322872,0.6499397227245328,0.5468912739835108,0.12075646197806078,0.29026261045824064,0.09036327041139251,0.6952983725135624,0.5217097391031699,0.542075331854569
eicu_floor540,435,3,617,409,4026,28,6.525121555915721,93,2.3214285714285716,0.5675675675675675,216.67032411690664,0.9891476955256213,0.13366860660299495,1,0.2557915329942634,0.08863928774247172,0.63667872212176,0.625209444241857,0.17145822656000384,0.38946013959725834,0.08283600484962142,0.7139843279083785,0.773392027168979,0.6447972437477445
eicu_floor540,435,3,617,409,4026,28,6.525121555915721,93,2.3214285714285716,0.5675675675675675,50.064906752861226,0.9618859303303868,-0.020617580248604606,0,0.3745910845079643,0.08270797316123647,0.7483423749246535,0.8080709616258378,-0.24073929350087755,0.3539735042593597,0.08738970833235328,0.7628089210367691,0.6065365126983324,0.25306142705591445
eicu_floor540,435,3,617,409,4026,28,6.525121555915721,93,2.3214285714285716,0.5675675675675675,83.865836049337,0.9804135597344343,0.011241088849425707,1,0.28902458078142534,0.08860269238322872,0.6499397227245328,0.5468912739835108,0.12075646197806078,0.30026566963085105,0.08985541617007432,0.7314647377938517,0.6312687171211768,0.6328096413717779
eicu_floor540,435,4,617,423,2536,28,4.110210696920584,93,2.3214285714285716,0.5128205128205128,117.2920528287024,0.9790345783294706,0.06325439187961901,1,0.2557915329942634,0.08863928774247172,0.63667872212176,0.625209444241857,0.17145822656000384,0.3190459248738824,0.08917372898473491,0.7671790235081375,0.621753416442815,0.3388676759895158
eicu_floor540,435,4,617,423,2536,28,4.110210696920584,93,2.3214285714285716,0.4878048780487805,119.74868919615135,0.9695222331640093,-0.1140808322570111,0,0.3745910845079643,0.08270797316123647,0.7483423749246535,0.8080709616258378,-0.24073929350087755,0.2605102522509532,0.09641311961785326,0.7480409885473177,0.49145452257356326,0.22458317184787813
eicu_floor540,435,4,617,423,2536,28,4.110210696920584,93,2.3214285714285716,0.5128205128205128,88.32273312703961,0.9571268363486756,-0.013492208350302348,0,0.28902458078142534,0.08860269238322872,0.6499397227245328,0.5468912739835108,0.12075646197806078,0.275532372431123,0.0930078124621901,0.7368896925858951,0.5333996880460112,0.3926328117691729
eicu_floor540,435,3,617,417,3675,28,5.956239870340356,93,2.3214285714285716,0.55,124.48991588804427,0.9759016625676095,0.0891196134270783,1,0.2557915329942634,0.08863928774247172,0.63667872212176,0.625209444241857,0.17145822656000384,0.3449111464213417,0.08463790024736784,0.7468354430379747,0.49133581190415343,-0.24896638753314546
eicu_floor540,435,3,617,417,3675,28,5.956239870340356,93,2.3214285714285716,0.55,83.12607431552559,0.9639102408636218,-0.0027593317138142615,0,0.3745910845079643,0.08270797316123647,0.7483423749246535,0.8080709616258378,-0.24073929350087755,0.37183175279415004,0.09358200686697045,0.8024412296564196,0.5780661444683731,-0.6918928965998706
eicu_floor540,435,3,617,417,3675,28,5.956239870340356,93,2.3214285714285716,0.5641025641025641,176.8478914042136,0.9830362693262594,0.09532118264090228,1,0.28902458078142534,0.08860269238322872,0.6499397227245328,0.5468912739835108,0.12075646197806078,0.3843457634223276,0.0823960984558618,0.7729053646775167,0.5963491237112262,-0.17995159110729683
eicu_floor540,435,4,617,423,3472,28,5.627228525121556,93,2.3214285714285716,0.4864864864864865,155.4566168843102,0.987538164649027,0.0702886322331997,1,0.2557915329942634,0.08863928774247172,0.63667872212176,0.625209444241857,0.17145822656000384,0.3260801652274631,0.08790005829038837,0.7423146473779385,0.49366230448497866,0.04477210514640964
eicu_floor540,435,4,617,423,3472,28,5.627228525121556,93,2.3214285714285716,0.4864864864864865,129.774686884318,0.9755112318221106,-0.08646057970328963,0,0.3745910845079643,0.08270797316123647,0.7483423749246535,0.8080709616258378,-0.24073929350087755,0.28813050480467467,0.1026102144783945,0.7661241711874623,0.25065780410758776,-0.4699204504345153
eicu_floor540,435,4,617,423,3472,28,5.627228525121556,93,2.3214285714285716,0.4864864864864865,214.2352843737064,0.98553028082265,0.01498990933961547,1,0.28902458078142534,0.08860269238322872,0.6499397227245328,0.5468912739835108,0.12075646197806078,0.3040144901210408,0.09200299884828764,0.7396021699819167,0.31815473297483227,0.17438977672692746
eicu_floor540,435,2,617,534,1850,28,2.9983792544570504,93,2.3214285714285716,0.5135135135135135,68.97284716349655,0.9710030819046935,0.05496235862890597,1,0.2557915329942634,0.08863928774247172,0.63667872212176,0.625209444241857,0.17145822656000384,0.31075389162316935,0.09180179699079012,0.733574442435202,0.5486771535443727,-0.4319979657542077
eicu_floor540,435,2,617,534,1850,28,2.9983792544570504,93,2.3214285714285716,0.5135135135135135,65.03191430379403,0.9618014926054013,-0.04548447542636336,0,0.3745910845079643,0.08270797316123647,0.7483423749246535,0.8080709616258378,-0.24073929350087755,0.32910660908160094,0.11657716835016124,0.792344786015672,0.470691185249512,-1.1940089006314691
eicu_floor540,435,2,617,534,1850,28,2.9983792544570504,93,2.3214285714285716,0.5135135135135135,28.008495528083532,0.9368520009344565,0.009821500568897579,1,0.28902458078142534,0.08860269238322872,0.6499397227245328,0.5468912739835108,0.12075646197806078,0.2988460813503229,0.09896716199437491,0.7251356238698011,0.41489565130465095,-0.47514022742584133
eicu_floor540,435,2,617,387,810,28,1.312803889789303,93,2.3214285714285716,0.5833333333333334,54.85337589821488,0.9648157932692554,0.09873731762196813,1,0.2557915329942634,0.08863928774247172,0.63667872212176,0.625209444241857,0.17145822656000384,0.3545288506162315,0.08371120605986858,0.7507534659433394,0.5709690620656762,-0.23711634235161777
eicu_floor540,435,2,617,387,810,28,1.312803889789303,93,2.3214285714285716,0.5833333333333334,53.075689407781205,0.976790799282913,-0.10985678001989924,0,0.3745910845079643,0.08270797316123647,0.7483423749246535,0.8080709616258378,-0.24073929350087755,0.26473430448806506,0.12121789327763599,0.7506027727546716,0.4189802931756035,-1.2111713491317466
eicu_floor540,435,2,617,387,810,28,1.312803889789303,93,2.3214285714285716,0.5833333333333334,27.2465050573202,0.9454233581671796,-0.030259269425313262,0,0.28902458078142534,0.08860269238322872,0.6499397227245328,0.5468912739835108,0.12075646197806078,0.2587653113561121,0.11899096407473479,0.6894213381555153,0.34472239548653066,-0.9187512343421114
eicu_floor540,435,3,617,435,5271,28,8.542949756888168,93,2.3214285714285716,0.525,117.43295670575168,0.9744535087580481,0.13416260704617644,1,0.2557915329942634,0.08863928774247172,0.63667872212176,0.625209444241857,0.17145822656000384,0.3899541400404398,0.08713733886431892,0.732368896925859,0.3567995334849862,0.41095141986414474
eicu_floor540,435,3,617,435,5271,28,8.542949756888168,93,2.3214285714285716,0.525,170.1360944491413,0.9836174616714319,-0.04254561323336503,0,0.3745910845079643,0.08270797316123647,0.7483423749246535,0.8080709616258378,-0.24073929350087755,0.33204547127459927,0.09112365324183604,0.7442736588306209,0.5870612915787511,-0.0920895776420004
eicu_floor540,435,3,617,435,5271,28,8.542949756888168,93,2.3214285714285716,0.525,145.82459675567506,0.9794273389623945,0.017325762810403544,1,0.28902458078142534,0.08860269238322872,0.6499397227245328,0.5468912739835108,0.12075646197806078,0.3063503435918289,0.08911098057208545,0.7191078963230861,0.5204072920735755,0.3333943838205575
eicu_floor540,435,2,617,578,1252,28,2.0291734197730955,93,2.3214285714285716,0.6111111111111112,62.99483581604949,0.9746297617668513,0.07675515238518704,1,0.2557915329942634,0.08863928774247172,0.63667872212176,0.625209444241857,0.17145822656000384,0.3325466853794504,0.08530651246767429,0.7148884870403858,0.5581053599685155,0.3837555642187836
eicu_floor540,435,2,617,578,1252,28,2.0291734197730955,93,2.3214285714285716,0.6111111111111112,58.048570137807225,0.9728326637538367,0.0009455030504870177,1,0.3745910845079643,0.08270797316123647,0.7483423749246535,0.8080709616258378,-0.24073929350087755,0.3755365875584513,0.08924921697726565,0.7823990355635926,0.5936284681615476,-0.017208950150656627
eicu_floor540,435,2,617,578,1252,28,2.0291734197730955,93,2.3214285714285716,0.6111111111111112,108.01425177706105,0.9824830700677548,0.028399445373896826,1,0.28902458078142534,0.08860269238322872,0.6499397227245328,0.5468912739835108,0.12075646197806078,0.31742402615532217,0.08790048531194267,0.7704942736588307,0.6385541978078688,0.5647890042652526
eicu_floor540,435,1,617,383,383,28,0.6207455429497569,93,2.3214285714285716,0.6363636363636364,15.065047210196427,0.9336211837873848,0.09067934166433256,1,0.2557915329942634,0.08863928774247172,0.63667872212176,0.625209444241857,0.17145822656000384,0.34647087465859594,0.08240648902002196,0.7197106690777577,0.6261212677532333,0.25505348349853246
eicu_floor540,435,1,617,383,383,28,0.6207455429497569,93,2.3214285714285716,0.6363636363636364,12.45560632880688,0.9197148678593642,-0.04602195389847441,0,0.3745910845079643,0.08270797316123647,0.7483423749246535,0.8080709616258378,-0.24073929350087755,0.3285691306094899,0.08458428227454444,0.7732067510548524,0.6865552943599084,-0.018621362773674367
eicu_floor540,435,1,617,383,383,28,0.6207455429497569,93,2.3214285714285716,0.6363636363636364,6.8404085527441,0.8538099015154819,0.008430340933039515,1,0.28902458078142534,0.08860269238322872,0.6499397227245328,0.5468912739835108,0.12075646197806078,0.29745492171446486,0.09037995014761176,0.6910789632308619,0.4212972399903968,0.23001279913710124
eicu_floor540,435,1,617,423,423,28,0.6855753646677472,93,2.3214285714285716,0.6666666666666666,32.894212882892106,0.9695898179691635,0.13686025547064246,1,0.2557915329942634,0.08863928774247172,0.63667872212176,0.625209444241857,0.17145822656000384,0.39262309200174494,0.24137389357979377,0.7267932489451476,0.20743596296511826,-4.600501321784631
eicu_floor540,435,1,617,423,423,28,0.6855753646677472,93,2.3214285714285716,0.6666666666666666,20.47975155641238,0.9506965245212518,-0.17387383140038798,0,0.3745910845079643,0.08270797316123647,0.7483423749246535,0.8080709616258378,-0.24073929350087755,0.20071725310757632,0.3642250785500463,0.6749547920433996,0.07769960954341214,-11.144017531525808
eicu_floor540,435,1,617,423,423,28,0.6855753646677472,93,2.3214285714285716,0.6666666666666666,29.550649208384492,0.9649194825271149,-0.06729378883226969,0,0.28902458078142534,0.08860269238322872,0.6499397227245328,0.5468912739835108,0.12075646197806078,0.22173079194915565,0.274416412352407,0.6610910186859554,0.11729298937208969,-6.99668445679903
eicu_floor540,435,1,617,617,1766,28,2.8622366288492707,93,2.3214285714285716,0.8214285714285714,95.56395743304256,0.9895358038023838,0.09469220133776518,1,0.2557915329942634,0.08863928774247172,0.63667872212176,0.625209444241857,0.17145822656000384,0.35048373433202856,0.08485443927059394,0.6959011452682338,0.7449552216416822,-0.1351762670825666
eicu_floor540,435,1,617,617,1766,28,2.8622366288492707,93,2.3214285714285716,0.8214285714285714,22.365906619278114,0.9552890916955694,0.012440520864475724,1,0.3745910845079643,0.08270797316123647,0.7483423749246535,0.8080709616258378,-0.24073929350087755,0.38703160537244,0.08803985673404575,0.7623568414707655,0.7147693858219895,-0.4723740630265195
eicu_floor540,435,1,617,617,1766,28,2.8622366288492707,93,2.3214285714285716,0.8214285714285714,65.05120317982866,0.984627494172005,-0.014427643527371192,0,0.28902458078142534,0.08860269238322872,0.6499397227245328,0.5468912739835108,0.12075646197806078,0.27459693725405415,0.09121301534087883,0.6865581675708258,0.5922814141455169,-0.16268425178223628
eicu_floor540,440,2,534,392,2153,25,4.031835205992509,71,2.0,0.6333333333333333,61.5400426593142,0.9675008350079963,-0.026031586995637818,0,0.15875030173347035,0.09032503543052177,0.5196886446886446,0.14250803819656252,-0.16918967757814585,0.13271871473783253,0.09014509848363875,0.5402930402930403,0.14817973071118654,-0.23176544819084147
eicu_floor540,440,2,534,392,2153,26,4.031835205992509,71,1.9230769230769231,0.6333333333333333,33.24473833814811,0.9587361166136124,0.010343323165377283,1,0.18614673366680484,0.08709962260164025,0.5208333333333333,0.20388141468860277,-0.02182686363116292,0.19649005683218213,0.0932538216576518,0.5781822344322344,0.33008998330390177,-0.43888664881172446
eicu_floor540,440,2,534,392,2153,25,4.031835205992509,71,2.0,0.6333333333333333,43.370820253925864,0.9538860462336088,0.05054736564868856,1,0.19565326372077602,0.08623910062235664,0.5208333333333333,0.16820982698615422,-0.049247802764924235,0.24620062936946457,0.08285287760903132,0.717948717948718,0.6640858475470095,-0.27934186938532934
eicu_floor540,440,1,534,534,3039,25,5.691011235955056,71,2.0,0.8888888888888888,11.086919656998809,0.9095908146611216,0.08474604432655147,1,0.15875030173347035,0.09032503543052177,0.5196886446886446,0.14250803819656252,-0.16918967757814585,0.24349634606002182,0.07879927121840019,0.6545329670329669,0.655826568742228,0.28038007178515134
eicu_floor540,440,1,534,534,3039,26,5.691011235955056,71,1.9230769230769231,0.8571428571428571,9.516543942110358,0.8886883531669826,0.011334892526692203,1,0.18614673366680484,0.08709962260164025,0.5208333333333333,0.20388141468860277,-0.02182686363116292,0.19748162619349705,0.08955198157438068,0.5104166666666666,0.1730749847559994,0.037111769962836424
eicu_floor540,440,1,534,534,3039,25,5.691011235955056,71,2.0,0.8888888888888888,15.825866717417792,0.9367792571612584,0.01831596656925899,1,0.19565326372077602,0.08623910062235664,0.5208333333333333,0.16820982698615422,-0.049247802764924235,0.213969230290035,0.08277840929752531,0.6208791208791209,0.4709832753174591,0.21669388213604976
eicu_floor540,440,4,534,423,4840,25,9.063670411985019,71,2.0,0.4634146341463415,153.19741614478124,0.9673356580877777,0.11165907031721087,1,0.15875030173347035,0.09032503543052177,0.5196886446886446,0.14250803819656252,-0.16918967757814585,0.2704093720506812,0.0955982612573316,0.6927655677655677,0.3656176409724658,-0.49944170715087033
eicu_floor540,440,4,534,423,4840,26,9.063670411985019,71,1.9230769230769231,0.4634146341463415,94.10894076101022,0.961987077226764,-0.004295965705411131,0,0.18614673366680484,0.08709962260164025,0.5208333333333333,0.20388141468860277,-0.02182686363116292,0.1818507679613937,0.09686589390932379,0.5927197802197802,0.25647238616299456,-0.3350253286069746
eicu_floor540,440,4,534,423,4840,25,9.063670411985019,71,2.0,0.475,175.54925784073987,0.9824156588807043,0.10540331511611395,1,0.19565326372077602,0.08623910062235664,0.5208333333333333,0.16820982698615422,-0.049247802764924235,0.30105657883688997,0.08454938913142088,0.7092490842490843,0.48497344428762207,-0.1275608551853782
eicu_floor540,440,3,534,458,1997,25,3.7397003745318353,71,2.0,0.3333333333333333,50.25571639402841,0.9659253337784195,0.24526309113518915,1,0.15875030173347035,0.09032503543052177,0.5196886446886446,0.14250803819656252,-0.16918967757814585,0.4040133928686595,0.06940892419398212,0.7003205128205128,0.729234513682199,0.16061261652943953
eicu_floor540,440,3,534,458,1997,26,3.7397003745318353,71,1.9230769230769231,0.3333333333333333,57.55075045320855,0.9690214172191396,0.06669123771699204,1,0.18614673366680484,0.08709962260164025,0.5208333333333333,0.20388141468860277,-0.02182686363116292,0.2528379713837969,0.08513231906355338,0.5645604395604396,0.31582522778349914,-0.056617247961197444
eicu_floor540,440,3,534,458,1997,25,3.7397003745318353,71,2.0,0.3333333333333333,65.84612547434617,0.9691270690598977,0.06437952241951733,1,0.19565326372077602,0.08623910062235664,0.5208333333333333,0.16820982698615422,-0.049247802764924235,0.26003278614029335,0.08623005495310324,0.7142857142857143,0.4435369021822479,0.018288196720034514
eicu_floor540,440,1,534,534,1464,25,2.741573033707865,71,2.0,0.7037037037037037,90.75391166934112,0.9889811912059122,0.19563040032745563,1,0.15875030173347035,0.09032503543052177,0.5196886446886446,0.14250803819656252,-0.16918967757814585,0.354380702060926,0.07191056040868227,0.6895604395604396,0.6886098997355977,-0.04196416192003046
eicu_floor540,440,1,534,534,1464,26,2.741573033707865,71,1.9230769230769231,0.59375,32.20783028344247,0.9689516496081985,0.1031107782447227,1,0.18614673366680484,0.08709962260164025,0.5208333333333333,0.20388141468860277,-0.02182686363116292,0.28925751191152754,0.08381704962818372,0.6151556776556777,0.4347667596791139,-0.19860172807838444
eicu_floor540,440,1,534,534,1464,25,2.741573033707865,71,2.0,0.7037037037037037,78.10945707583008,0.9871974529405679,0.026524253922279306,1,0.19565326372077602,0.08623910062235664,0.5208333333333333,0.16820982698615422,-0.049247802764924235,0.22217751764305532,0.09442530283945637,0.6284340659340659,0.3513355209520461,-0.2674412413301262
eicu_floor540,440,1,534,417,417,25,0.7808988764044944,71,2.0,0.78125,23.51177334502559,0.9574681167036866,-0.008794231554593607,0,0.15875030173347035,0.09032503543052177,0.5196886446886446,0.14250803819656252,-0.16918967757814585,0.14995607017887674,0.08689268021369491,0.44253663003663,-0.13452981376461826,0.5492194292625117
eicu_floor540,440,1,534,417,417,26,0.7808988764044944,71,1.9230769230769231,0.8125,25.22869671222827,0.9559612985918182,-0.016904593799000833,0,0.18614673366680484,0.08709962260164025,0.5208333333333333,0.20388141468860277,-0.02182686363116292,0.169242139867804,0.08475241537220651,0.5440705128205128,0.2570484523041041,0.43784032039860954
eicu_floor540,440,1,534,417,417,25,0.7808988764044944,71,2.0,0.75,54.76791018870347,0.9816174381674352,-0.021394721998836547,0,0.19565326372077602,0.08623910062235664,0.5208333333333333,0.16820982698615422,-0.049247802764924235,0.17425854172193947,0.08430541141344487,0.5428113553113554,0.27059909429210477,0.512259987262962
eicu_floor540,440,3,534,417,2863,25,5.361423220973783,71,2.0,0.47368421052631576,54.28131609607661,0.9607965178546738,0.03481254784478535,1,0.15875030173347035,0.09032503543052177,0.5196886446886446,0.14250803819656252,-0.16918967757814585,0.1935628495782557,0.08225401872831017,0.5828754578754578,0.3400145532789789,0.3045789329490506
eicu_floor540,440,3,534,417,2863,26,5.361423220973783,71,1.9230769230769231,0.5,55.48263408174399,0.9595142544892455,0.013582538085936208,1,0.18614673366680484,0.08709962260164025,0.5208333333333333,0.20388141468860277,-0.02182686363116292,0.19972927175274105,0.08188007094486136,0.6048534798534798,0.5016261686437045,0.06237944173987703
eicu_floor540,440,3,534,417,2863,25,5.361423220973783,71,2.0,0.5142857142857142,74.38754064749648,0.9852747859710146,0.0352058502792843,1,0.19565326372077602,0.08623910062235664,0.5208333333333333,0.16820982698615422,-0.049247802764924235,0.23085911400006032,0.07881558547498842,0.6293498168498168,0.6372814025514971,0.11087713849611858
eicu_floor540,440,2,534,387,824,25,1.5430711610486891,71,2.0,0.631578947368421,181.38228549977617,0.9901935651562286,0.036275305124111284,1,0.15875030173347035,0.09032503543052177,0.5196886446886446,0.14250803819656252,-0.16918967757814585,0.19502560685758163,0.08580416958872568,0.6007326007326007,0.39356546647307145,-0.12010907969934881
eicu_floor540,440,2,534,387,824,26,1.5430711610486891,71,1.9230769230769231,0.6578947368421053,36.594954532317246,0.9519233822054461,-0.03702643040869741,0,0.18614673366680484,0.08709962260164025,0.5208333333333333,0.20388141468860277,-0.02182686363116292,0.14912030325810743,0.09452784140677872,0.5467032967032966,0.14410165478300108,-0.0738881909459492
eicu_floor540,440,2,534,387,824,25,1.5430711610486891,71,2.0,0.631578947368421,45.05196117764752,0.957195979814851,0.02432636839293867,1,0.19565326372077602,0.08623910062235664,0.5208333333333333,0.16820982698615422,-0.049247802764924235,0.21997963211371468,0.09014704837876321,0.6284340659340659,0.3170529399588602,-0.24967565401218692
eicu_floor540,440,3,534,437,1927,25,3.608614232209738,71,2.0,0.47368421052631576,171.90842204305312,0.9827285981839275,0.1567256055754019,1,0.15875030173347035,0.09032503543052177,0.5196886446886446,0.14250803819656252,-0.16918967757814585,0.31547590730887226,0.07722019518658224,0.7062728937728938,0.5899352534372826,0.21324094600246082
eicu_floor540,440,3,534,437,1927,26,3.608614232209738,71,1.9230769230769231,0.47368421052631576,63.91591966101967,0.9542170717896397,0.019482169425267593,1,0.18614673366680484,0.08709962260164025,0.5208333333333333,0.20388141468860277,-0.02182686363116292,0.20562890309207243,0.09250028331503855,0.5943223443223443,0.24158385256380902,0.18838444624691814
eicu_floor540,440,3,534,437,1927,25,3.608614232209738,71,2.0,0.47368421052631576,83.02700488855405,0.9739474467283562,-0.003558562477003646,0,0.19565326372077602,0.08623910062235664,0.5208333333333333,0.16820982698615422,-0.049247802764924235,0.19209470124377237,0.09809943754333467,0.6314102564102564,0.2413485980341675,0.14496535525409263
eicu_floor540,440,2,534,387,965,25,1.807116104868914,71,2.0,0.6666666666666666,93.24899070774389,0.9818735992321556,0.009419609778238164,1,0.15875030173347035,0.09032503543052177,0.5196886446886446,0.14250803819656252,-0.16918967757814585,0.16816991151170851,0.09038261377015477,0.6263736263736264,0.30233671637989523,-0.13391537175121296
eicu_floor540,440,2,534,387,965,26,1.807116104868914,71,1.9230769230769231,0.631578947368421,38.95575995876114,0.9486597103453452,-0.01289602526472755,0,0.18614673366680484,0.08709962260164025,0.5208333333333333,0.20388141468860277,-0.02182686363116292,0.1732507084020773,0.09048115143376867,0.5496794871794872,0.1563248430130102,-0.006387135292808091
eicu_floor540,440,2,534,387,965,25,1.807116104868914,71,2.0,0.6486486486486487,86.50114108611744,0.982491464047959,-0.023799986548664054,0,0.19565326372077602,0.08623910062235664,0.5208333333333333,0.16820982698615422,-0.049247802764924235,0.17185327717211196,0.09098152487662392,0.6172161172161172,0.30984923051722624,-0.1748221655091373
eicu_floor540,440,4,534,435,2704,25,5.063670411985019,71,2.0,0.46153846153846156,84.64366881765244,0.9639975079586043,0.31059631496008666,1,0.15875030173347035,0.09032503543052177,0.5196886446886446,0.14250803819656252,-0.16918967757814585,0.469346616693557,0.06685246784801667,0.7227564102564102,1.0489571257207293,-0.24547572629661835
eicu_floor540,440,4,534,435,2704,26,5.063670411985019,71,1.9230769230769231,0.46153846153846156,83.80006090364392,0.9665255366594517,0.04019240424884349,1,0.18614673366680484,0.08709962260164025,0.5208333333333333,0.20388141468860277,-0.02182686363116292,0.22633913791564833,0.08523683174324201,0.5613553113553114,0.3872985115814639,-0.15669805761318456
eicu_floor540,440,4,534,435,2704,25,5.063670411985019,71,2.0,0.46153846153846156,98.1076201457438,0.9772267426249786,0.03649314323924685,1,0.19565326372077602,0.08623910062235664,0.5208333333333333,0.16820982698615422,-0.049247802764924235,0.23214640696002287,0.08819089787384993,0.6442307692307692,0.48844984329546093,-0.3435105281230919
eicu_floor540,440,1,534,534,1226,25,2.295880149812734,71,2.0,0.96,84.09181338871795,0.985541763971507,0.08384214857605257,1,0.15875030173347035,0.09032503543052177,0.5196886446886446,0.14250803819656252,-0.16918967757814585,0.24259245030952292,0.08001749598115435,0.6401098901098902,0.6316853469972092,0.3962802072551031
eicu_floor540,440,1,534,534,1226,26,2.295880149812734,71,1.9230769230769231,0.8888888888888888,9.139881232668717,0.8904026789199269,0.023536631104008998,1,0.18614673366680484,0.08709962260164025,0.5208333333333333,0.20388141468860277,-0.02182686363116292,0.20968336477081384,0.08586123751312956,0.5731456043956044,0.32082071366757187,0.28583349785527945
eicu_floor540,440,1,534,534,1226,25,2.295880149812734,71,2.0,0.96,23.81188492912223,0.9516472984154425,0.037631473859727343,1,0.19565326372077602,0.08623910062235664,0.5208333333333333,0.16820982698615422,-0.049247802764924235,0.23328473758050336,0.08000187019555739,0.6620879120879121,0.5614680279036081,0.3172130064570489
eicu_floor540,443,2,1761,1226,4265,24,2.421919363997729,287,8.375,0.6551724137931034,98.1673578293081,0.9821553333986489,0.009373191369421774,1,0.26330859375747734,0.09507558024525646,0.6813536343727187,0.7962360729871606,0.010865185547386899,0.2726817851268991,0.09552995417623501,0.682726735495533,0.7633425678969799,0.4836765140841326
eicu_floor540,443,2,1761,1226,4265,24,2.421919363997729,287,8.375,0.6896551724137931,75.96509611438475,0.9795025355146534,0.0029988254783207546,1,0.2543134570238258,0.09540720537081131,0.6648938019258177,0.7852999516843909,-0.022259200048307063,0.25731228250214655,0.09654828367911356,0.7049049257830153,0.7787803649162008,0.6241044162822604
eicu_floor540,443,2,1761,1226,4265,24,2.421919363997729,287,8.375,0.6551724137931034,81.99355415873549,0.9814274575823978,0.008132459594348163,1,0.23052694127076237,0.09724932769895038,0.66704904925783,0.7432585145518418,0.024380763266647686,0.23865940086511053,0.09778567676102798,0.661330691417249,0.6777123065475419,0.56254919572764
eicu_floor540,443,2,1761,576,1441,24,0.8182850653038046,287,8.375,0.2926829268292683,81.2779804896482,0.9876169358042544,0.03271419097033307,1,0.26330859375747734,0.09507558024525646,0.6813536343727187,0.7962360729871606,0.010865185547386899,0.2960227847278104,0.0962256185309078,0.7235721486425417,0.5674523382198431,0.01935812068278492
eicu_floor540,443,2,1761,576,1441,24,0.8182850653038046,287,8.375,0.2926829268292683,55.20173824289287,0.974948446827829,0.012422869775511658,1,0.2543134570238258,0.09540720537081131,0.6648938019258177,0.7852999516843909,-0.022259200048307063,0.26673632679933745,0.09832599102634261,0.6901484339694789,0.5240045523162069,0.08963922230279632
eicu_floor540,443,2,1761,576,1441,24,0.8182850653038046,287,8.375,0.3076923076923077,52.12829584395892,0.966765718624336,0.11399827886344158,1,0.23052694127076237,0.09724932769895038,0.66704904925783,0.7432585145518418,0.024380763266647686,0.34452522013420395,0.09019439942821983,0.7395974554176661,0.6763761515150153,0.03818302287435326
eicu_floor540,443,3,1761,576,2857,24,1.622373651334469,287,8.375,0.5121951219512195,119.76116603225162,0.9843903692093197,0.034933448665123434,1,0.26330859375747734,0.09507558024525646,0.6813536343727187,0.7962360729871606,0.010865185547386899,0.2982420424226008,0.09427980720478979,0.7204609448326206,0.6489212692760975,0.18875717987691404
eicu_floor540,443,3,1761,576,2857,24,1.622373651334469,287,8.375,0.5121951219512195,203.97484965742177,0.9871132215426692,0.02162297053232476,1,0.2543134570238258,0.09540720537081131,0.6648938019258177,0.7852999516843909,-0.022259200048307063,0.27593642755615055,0.09631708891666722,0.6821879236625301,0.5802743130461536,0.262608429413065
eicu_floor540,443,3,1761,576,2857,24,1.622373651334469,287,8.375,0.5384615384615384,150.19617426019073,0.9800145641343849,0.0712597132294858,1,0.23052694127076237,0.09724932769895038,0.66704904925783,0.7432585145518418,0.024380763266647686,0.30178665450024816,0.09333756857115837,0.7169673584315361,0.7168348564563375,0.24877871322983025
eicu_floor540,443,2,1761,387,1095,24,0.6218057921635435,287,8.375,0.5789473684210527,186.8581135408794,0.9904873104486593,0.03910248963771279,1,0.26330859375747734,0.09507558024525646,0.6813536343727187,0.7962360729871606,0.010865185547386899,0.30241108339519013,0.09545377708774777,0.6896096221364758,0.5953806989499084,-0.13271582781113822
eicu_floor540,443,2,1761,387,1095,24,0.6218057921635435,287,8.375,0.5789473684210527,155.07705909970196,0.9878323439750704,0.01993275404616357,1,0.2543134570238258,0.09540720537081131,0.6648938019258177,0.7852999516843909,-0.022259200048307063,0.27424621106998937,0.09725850576686237,0.6814579205339452,0.5981267639811779,-0.08266737413784168
eicu_floor540,443,2,1761,387,1095,24,0.6218057921635435,287,8.375,0.5789473684210527,234.64868766876202,0.9913553047928669,0.01756855700702553,1,0.23052694127076237,0.09724932769895038,0.66704904925783,0.7432585145518418,0.024380763266647686,0.2480954982777879,0.10004520110293436,0.645357527722738,0.5134110778123895,-0.16856932957064447
eicu_floor540,443,2,1761,708,2464,24,1.3992049971607041,287,8.375,0.5483870967741935,177.94846689953107,0.9918078823639038,0.050639021336638224,1,0.26330859375747734,0.09507558024525646,0.6813536343727187,0.7962360729871606,0.010865185547386899,0.31394761509411556,0.09442950173260824,0.6859943685472938,0.6081327137250105,-0.16270746110118506
eicu_floor540,443,2,1761,708,2464,24,1.3992049971607041,287,8.375,0.5483870967741935,195.35629810963135,0.9924286096242168,0.0484350325265121,1,0.2543134570238258,0.09540720537081131,0.6648938019258177,0.7852999516843909,-0.022259200048307063,0.3027484895503379,0.09612144711020891,0.6979525150345883,0.6089076154389199,-0.18438826194408275
eicu_floor540,443,2,1761,708,2464,24,1.3992049971607041,287,8.375,0.5483870967741935,76.68129594411735,0.972821012913508,0.03622747025117343,1,0.23052694127076237,0.09724932769895038,0.66704904925783,0.7432585145518418,0.024380763266647686,0.2667544115219358,0.09963358984018439,0.6477387284040741,0.5027434518422316,-0.20412612705079164
eicu_floor540,443,3,1761,443,2543,24,1.4440658716638273,287,8.375,0.4594594594594595,53.892120304950375,0.9693477658578896,0.02535613224478922,1,0.26330859375747734,0.09507558024525646,0.6813536343727187,0.7962360729871606,0.010865185547386899,0.28866472600226656,0.10018454265095368,0.7274481176347899,0.5558762277349991,-0.28091178266688477
eicu_floor540,443,3,1761,443,2543,24,1.4440658716638273,287,8.375,0.4857142857142857,167.63098780171154,0.9851761136443802,0.021326996648514618,1,0.2543134570238258,0.09540720537081131,0.6648938019258177,0.7852999516843909,-0.022259200048307063,0.2756404536723404,0.09959368097607676,0.7053046894010498,0.5570591251667393,-0.22937320698236993
eicu_floor540,443,3,1761,443,2543,24,1.4440658716638273,287,8.375,0.4857142857142857,157.50547204717793,0.9873020284692018,0.07362236090623328,1,0.23052694127076237,0.09724932769895038,0.66704904925783,0.7432585145518418,0.024380763266647686,0.30414930217699565,0.09672869776146713,0.7266138283449786,0.6114860203645515,-0.28725589720159744
eicu_floor540,443,2,1761,423,924,24,0.524701873935264,287,8.375,0.55,129.4832402882023,0.9815243659174873,-0.11089030706386066,0,0.26330859375747734,0.09507558024525646,0.6813536343727187,0.7962360729871606,0.010865185547386899,0.15241828669361668,0.32194687765526864,0.5624674105746167,0.030004768222112004,-4.487689070532262
eicu_floor540,443,2,1761,423,924,24,0.524701873935264,287,8.375,0.5238095238095238,104.14464847908417,0.9797161815985502,-0.13595533903856225,0,0.2543134570238258,0.09540720537081131,0.6648938019258177,0.7852999516843909,-0.022259200048307063,0.11835811798526355,0.374167812500597,0.5288872666597143,-0.01718919233508393,-9.917306269442024
eicu_floor540,443,2,1761,423,924,24,0.524701873935264,287,8.375,0.55,99.51540137496671,0.979879922803697,-0.08829500637128032,0,0.23052694127076237,0.09724932769895038,0.66704904925783,0.7432585145518418,0.024380763266647686,0.14223193489948205,0.3416841271609849,0.578249382973546,0.03106819002123449,-6.926375278548709
eicu_floor540,443,4,1761,811,3467,24,1.9687677455990915,287,8.375,0.59375,198.93281222238602,0.9809947943633152,0.05478590792307225,1,0.26330859375747734,0.09507558024525646,0.6813536343727187,0.7962360729871606,0.010865185547386899,0.3180945016805496,0.09379827808938959,0.725953349323878,0.6153174011561262,0.18813577737463427
eicu_floor540,443,4,1761,811,3467,24,1.9687677455990915,287,8.375,0.59375,213.86700232035378,0.9849949960684136,0.03077335780394147,1,0.2543134570238258,0.09540720537081131,0.6648938019258177,0.7852999516843909,-0.022259200048307063,0.28508681482776727,0.09598571504774796,0.6973441790941008,0.5599206046621836,0.2435030799626106
eicu_floor540,443,4,1761,811,3467,24,1.9687677455990915,287,8.375,0.59375,51.278457880647316,0.9533270555352011,0.08570405717978744,1,0.23052694127076237,0.09724932769895038,0.66704904925783,0.7432585145518418,0.024380763266647686,0.3162309984505498,0.09292202474560102,0.7168456912434387,0.5852553429994641,0.14958372221846972
eicu_floor540,443,2,1761,934,1985,24,1.1272004542873368,287,8.375,0.7241379310344828,53.653801488405335,0.9692418034320123,0.056076697654022956,1,0.26330859375747734,0.09507558024525646,0.6813536343727187,0.7962360729871606,0.010865185547386899,0.3193852914115003,0.092727108120553,0.7266485903987208,0.6986978984303723,0.19479930381972926
eicu_floor540,443,2,1761,934,1985,24,1.1272004542873368,287,8.375,0.7241379310344828,66.83226893121949,0.9687705623794911,0.032125255752230686,1,0.2543134570238258,0.09540720537081131,0.6648938019258177,0.7852999516843909,-0.022259200048307063,0.2864387127760565,0.0962068697897747,0.6794069593631591,0.5489255312136251,0.02602237933424715
eicu_floor540,443,2,1761,934,1985,24,1.1272004542873368,287,8.375,0.7241379310344828,93.73997213517279,0.978193324077542,0.08850988938816853,1,0.23052694127076237,0.09724932769895038,0.66704904925783,0.7432585145518418,0.024380763266647686,0.3190368306589309,0.09101065524122828,0.7258838252163937,0.8083463095053318,0.14258031195722987
eicu_floor540,443,3,1761,504,3291,24,1.868824531516184,287,8.375,0.5,111.38220564232871,0.9730657156347431,0.09005997234707508,1,0.26330859375747734,0.09507558024525646,0.6813536343727187,0.7962360729871606,0.010865185547386899,0.3533685661045524,0.09007989484863053,0.7083985121840999,0.7353623779947528,-0.01075091732522486
eicu_floor540,443,3,1761,504,3291,24,1.868824531516184,287,8.375,0.5555555555555556,59.28566055953599,0.9644504308352433,0.03933431251869435,1,0.2543134570238258,0.09540720537081131,0.6648938019258177,0.7852999516843909,-0.022259200048307063,0.29364776954252014,0.09339155359608395,0.6833524524628916,0.7002080383445184,0.008193953647120888
eicu_floor540,443,3,1761,504,3291,24,1.868824531516184,287,8.375,0.5428571428571428,38.84608964896698,0.9227721496009116,0.05123110392367672,1,0.23052694127076237,0.09724932769895038,0.66704904925783,0.7432585145518418,0.024380763266647686,0.2817580451944391,0.09496762724076684,0.6787638613689297,0.6592109223405319,-0.011956847612380129
eicu_floor540,443,2,1761,617,1527,24,0.8671209540034072,287,8.375,0.7241379310344828,242.09010368528592,0.9917386131462855,-0.02448063636565012,0,0.26330859375747734,0.09507558024525646,0.6813536343727187,0.7962360729871606,0.010865185547386899,0.23882795739182722,0.09927628095255239,0.6201202767059478,0.4823000966982759,0.06641493795368
eicu_floor540,443,2,1761,617,1527,24,0.8671209540034072,287,8.375,0.7241379310344828,84.04836257593121,0.9762041765157156,0.010313630788169603,1,0.2543134570238258,0.09540720537081131,0.6648938019258177,0.7852999516843909,-0.022259200048307063,0.2646270878119954,0.09704369312379695,0.6389786908610561,0.5405344670637007,0.04219204648419462
eicu_floor540,443,2,1761,617,1527,24,0.8671209540034072,287,8.375,0.7241379310344828,224.76422056591065,0.9911017865967973,0.029901287665378,1,0.23052694127076237,0.09724932769895038,0.66704904925783,0.7432585145518418,0.024380763266647686,0.26042822893614037,0.09713220031664556,0.6681440539507074,0.6045456481349905,-0.007241840218307466
eicu_floor540,443,1,1761,1083,1083,24,0.6149914821124361,287,8.375,0.6285714285714286,67.76323527111606,0.9839695450506551,0.057051211189089124,1,0.26330859375747734,0.09507558024525646,0.6813536343727187,0.7962360729871606,0.010865185547386899,0.32035980494656646,0.09299305615296026,0.6931379705913026,0.7277606939502583,-0.2294965756969834
eicu_floor540,443,1,1761,1083,1083,24,0.6149914821124361,287,8.375,0.6285714285714286,66.72675928646811,0.9847438641865283,0.04378285609686616,1,0.2543134570238258,0.09540720537081131,0.6648938019258177,0.7852999516843909,-0.022259200048307063,0.29809631312069196,0.093059892606185,0.6987868043243995,0.8039295544856544,-0.0480538807574758
eicu_floor540,443,1,1761,1083,1083,24,0.6149914821124361,287,8.375,0.6285714285714286,63.92624590751305,0.9843281098327825,0.01898784791941302,1,0.23052694127076237,0.09724932769895038,0.66704904925783,0.7432585145518418,0.024380763266647686,0.2495147891901754,0.09767061316467032,0.6972398929328745,0.7176792720681142,-0.22248519759130328
eicu_floor540,444,4,569,387,2372,23,4.168717047451669,58,1.7826086956521738,0.4358974358974359,107.9962610185733,0.9861202028013583,-0.0010675168308348915,0,0.4010577568198939,0.0549979451469823,0.75356309924851,0.7554286683351568,-0.3494382780056453,0.399990239989059,0.054301999594796896,0.7426794506348795,0.5836431417076916,-0.3657920315669591
eicu_floor540,444,4,569,387,2372,22,4.168717047451669,58,1.8636363636363635,0.4473684210526316,131.27092867547077,0.9750995138396227,-0.022061410255919844,0,0.3153361529410817,0.05765064075668441,0.752526561285307,0.9053050859853113,0.012308059916111077,0.29327474268516185,0.058207522902858896,0.7227260948432236,0.6979776380436596,0.28048236869990817
eicu_floor540,444,4,569,387,2372,22,4.168717047451669,58,1.8636363636363635,0.4473684210526316,128.86003496951446,0.976718926075802,0.042538760599724,1,0.2450295438298848,0.06097953928966129,0.7268722466960352,0.6816434824294294,-0.13103086499372357,0.2875683044296088,0.059640951592857205,0.6854107281679191,0.6299402681215992,-0.12366457723809957
eicu_floor540,444,2,569,392,947,23,1.6643233743409491,58,1.7826086956521738,0.6206896551724138,60.073920495823614,0.9721515732011784,-0.11002366655443874,0,0.4010577568198939,0.0549979451469823,0.75356309924851,0.7554286683351568,-0.3494382780056453,0.2910340902654552,0.05807489934421792,0.7004405286343612,0.3086993058549955,0.42161928813796706
eicu_floor540,444,2,569,392,947,22,1.6643233743409491,58,1.8636363636363635,0.6428571428571429,21.824287241968005,0.9121460671302838,-0.03043447666465343,0,0.3153361529410817,0.05765064075668441,0.752526561285307,0.9053050859853113,0.012308059916111077,0.28490167627642826,0.06074035710360565,0.6359160404249805,0.49013184178109875,0.8680115130929423
eicu_floor540,444,2,569,392,947,22,1.6643233743409491,58,1.8636363636363635,0.6428571428571429,89.06509262550705,0.9775445133324071,0.05073833106239323,1,0.2450295438298848,0.06097953928966129,0.7268722466960352,0.6816434824294294,-0.13103086499372357,0.295767874892278,0.06024040277433556,0.6343612334801761,0.43222112450216427,0.7088955408863848
eicu_floor540,444,4,569,408,2864,23,5.033391915641476,58,1.7826086956521738,0.6,136.45788463207452,0.9837992917981941,-0.013967363756666407,0,0.4010577568198939,0.0549979451469823,0.75356309924851,0.7554286683351568,-0.3494382780056453,0.3870903930632275,0.05455099649941958,0.7566727131381186,0.7623506125085577,-0.08518693417713742
eicu_floor540,444,4,569,408,2864,22,5.033391915641476,58,1.8636363636363635,0.6,121.48323917748525,0.9758639303704197,0.0717679277491049,1,0.3153361529410817,0.05765064075668441,0.752526561285307,0.9053050859853113,0.012308059916111077,0.3871040806901866,0.053363671829954454,0.782845296708992,1.1820275541133651,0.41927646223227405
eicu_floor540,444,4,569,408,2864,22,5.033391915641476,58,1.8636363636363635,0.6,67.61383483891917,0.9574434142344417,0.007340486787698719,1,0.2450295438298848,0.06097953928966129,0.7268722466960352,0.6816434824294294,-0.13103086499372357,0.2523700306175835,0.06002080003012647,0.7408655091992744,1.0587455410735414,0.2945815469434353
eicu_floor540,444,3,569,569,3361,23,5.906854130052724,58,1.7826086956521738,0.5135135135135135,232.0606879268462,0.9870280054769385,0.03237909283185497,1,0.4010577568198939,0.0549979451469823,0.75356309924851,0.7554286683351568,-0.3494382780056453,0.4334368496517489,0.05229994837356797,0.8033169214822493,1.0300552513279728,-0.42506217056303236
eicu_floor540,444,3,569,569,3361,22,5.906854130052724,58,1.8636363636363635,0.5277777777777778,158.30081468871361,0.9837625262910847,0.018764148242184198,1,0.3153361529410817,0.05765064075668441,0.752526561285307,0.9053050859853113,0.012308059916111077,0.3341003011832659,0.05651278485270358,0.7076962943767815,0.8157672215480299,-0.25126844240191243
eicu_floor540,444,3,569,569,3361,22,5.906854130052724,58,1.8636363636363635,0.5277777777777778,103.57825134629618,0.9698338110161411,0.05457285563364328,1,0.2450295438298848,0.06097953928966129,0.7268722466960352,0.6816434824294294,-0.13103086499372357,0.29960239946352807,0.06093517598605803,0.6929256284011402,0.7704760493480749,-0.45119017031271236
eicu_floor540,444,1,569,569,708,23,1.2442882249560632,58,1.7826086956521738,0.65625,24.13983550092716,0.958574696999837,-0.026513366320932097,0,0.4010577568198939,0.0549979451469823,0.75356309924851,0.7554286683351568,-0.3494382780056453,0.3745443904989618,0.06761111629652344,0.7571909821197201,0.8056606917736707,-1.0762478654235688
eicu_floor540,444,1,569,569,708,22,1.2442882249560632,58,1.8636363636363635,0.6774193548387096,73.70117064972823,0.9864316944875599,0.050988475831596214,1,0.3153361529410817,0.05765064075668441,0.752526561285307,0.9053050859853113,0.012308059916111077,0.3663246287726779,0.057906365015240095,0.716766001554807,0.9883171812812277,-0.3898352363688712
eicu_floor540,444,1,569,569,708,22,1.2442882249560632,58,1.8636363636363635,0.6774193548387096,55.230179055461534,0.9818939569434346,0.02102916975997765,1,0.2450295438298848,0.06097953928966129,0.7268722466960352,0.6816434824294294,-0.13103086499372357,0.26605871358986244,0.07300594387483642,0.6740088105726871,0.5906335828835524,-0.9126848035326396
eicu_floor540,444,4,569,501,2188,23,3.845342706502636,58,1.7826086956521738,0.5384615384615384,83.34115624767769,0.9748297012314053,0.032446042761644145,1,0.4010577568198939,0.0549979451469823,0.75356309924851,0.7554286683351568,-0.3494382780056453,0.43350379958153806,0.05433037266108461,0.8059082663902565,0.895076293073303,-0.5699062212226522
eicu_floor540,444,4,569,501,2188,22,3.845342706502636,58,1.8636363636363635,0.5121951219512195,60.60398494709255,0.9662437160959014,0.1612237160701277,1,0.3153361529410817,0.05765064075668441,0.752526561285307,0.9053050859853113,0.012308059916111077,0.4765598690112094,0.04863581707380012,0.7670380927701477,0.828915981144305,-0.21619689106900397
eicu_floor540,444,4,569,501,2188,22,3.845342706502636,58,1.8636363636363635,0.5384615384615384,97.84979154759232,0.9658001983672209,0.09065697551562696,1,0.2450295438298848,0.06097953928966129,0.7268722466960352,0.6816434824294294,-0.13103086499372357,0.33568651934551175,0.05755623797660996,0.6786732314071003,0.6917213688599033,-0.11547771667903335
eicu_floor540,444,3,569,569,2496,23,4.38664323374341,58,1.7826086956521738,0.5428571428571428,87.55217339517037,0.9749339101115744,-0.06097547192037889,0,0.4010577568198939,0.0549979451469823,0.75356309924851,0.7554286683351568,-0.3494382780056453,0.34008228489951503,0.057675263924406736,0.7253174397512309,0.7643679217494193,-0.42862564140216636
eicu_floor540,444,3,569,569,2496,22,4.38664323374341,58,1.8636363636363635,0.5428571428571428,55.67749622952506,0.9754123517060179,0.08992465348528311,1,0.3153361529410817,0.05765064075668441,0.752526561285307,0.9053050859853113,0.012308059916111077,0.4052608064263648,0.05354342993913942,0.7470847369784919,0.9313530197058715,-0.11067705441365866
eicu_floor540,444,3,569,569,2496,22,4.38664323374341,58,1.8636363636363635,0.5428571428571428,75.12541054003677,0.9580654810910143,0.03171994544204265,1,0.2450295438298848,0.06097953928966129,0.7268722466960352,0.6816434824294294,-0.13103086499372357,0.27674948927192744,0.0609496869580455,0.6841150557139155,0.6913937581796449,-0.40360772696646885
eicu_floor540,444,2,569,569,1311,23,2.304042179261863,58,1.7826086956521738,0.6875,86.54311388407791,0.9791106065959285,0.012030386236924484,1,0.4010577568198939,0.0549979451469823,0.75356309924851,0.7554286683351568,-0.3494382780056453,0.4130881430568184,0.07042478136349216,0.7455299300336874,0.7765785180478586,-1.2592754053839226
eicu_floor540,444,2,569,569,1311,22,2.304042179261863,58,1.8636363636363635,0.6875,77.22797227190172,0.9786224545261297,0.11268372201369808,1,0.3153361529410817,0.05765064075668441,0.752526561285307,0.9053050859853113,0.012308059916111077,0.4280198749547798,0.059302381262221746,0.7424203161440788,0.9130052499494126,-0.7143149149789442
eicu_floor540,444,2,569,569,1311,22,2.304042179261863,58,1.8636363636363635,0.6875,56.423497284678675,0.9711052577276931,-0.001898921254293695,0,0.2450295438298848,0.06097953928966129,0.7268722466960352,0.6816434824294294,-0.13103086499372357,0.2431306225755911,0.075074307602754,0.7735164550401658,0.6107984139564716,-1.1113182685723573
eicu_floor540,444,3,569,569,3021,23,5.309314586994728,58,1.7826086956521738,0.525,73.98355385462989,0.9673959488977018,-0.09949482805491017,0,0.4010577568198939,0.0549979451469823,0.75356309924851,0.7554286683351568,-0.3494382780056453,0.30156292876498375,0.06289508932297803,0.7556361751749158,0.5565537578635864,-0.6239518267805303
eicu_floor540,444,3,569,569,3021,22,5.309314586994728,58,1.8636363636363635,0.525,249.44952970108537,0.9885318838670005,0.0139936723253406,1,0.3153361529410817,0.05765064075668441,0.752526561285307,0.9053050859853113,0.012308059916111077,0.3293298252664223,0.056206022490792616,0.7442342575796839,0.7459386985822094,-0.374013180851615
eicu_floor540,444,3,569,569,3021,22,5.309314586994728,58,1.8636363636363635,0.525,167.59685188147648,0.986087006220549,-0.050482975637248545,0,0.2450295438298848,0.06097953928966129,0.7268722466960352,0.6816434824294294,-0.13103086499372357,0.19454656819263624,0.06818688125686546,0.6304742161181653,0.3960341298690825,-0.20580404855547416
eicu_floor540,444,4,569,387,3923,23,6.894551845342707,58,1.7826086956521738,0.5,251.10825689716293,0.9888942331032261,-0.008852259909746751,0,0.4010577568198939,0.0549979451469823,0.75356309924851,0.7554286683351568,-0.3494382780056453,0.39220549691014717,0.05813849240034698,0.7533039647577092,0.7357136593637785,-0.5496222486333815
eicu_floor540,444,4,569,387,3923,22,6.894551845342707,58,1.8636363636363635,0.5142857142857142,280.02136518746534,0.9857153756917008,0.0571161295193473,1,0.3153361529410817,0.05765064075668441,0.752526561285307,0.9053050859853113,0.012308059916111077,0.372452282460429,0.05516400156617306,0.7600414615185281,0.8139429061099309,-0.17880872175803
eicu_floor540,444,4,569,387,3923,22,6.894551845342707,58,1.8636363636363635,0.5142857142857142,213.3608200423877,0.9906262077564069,-0.034395232195354175,0,0.2450295438298848,0.06097953928966129,0.7268722466960352,0.6816434824294294,-0.13103086499372357,0.2106343116345306,0.07150664263814249,0.664679968903861,0.4309658289442997,-0.494546231693305
eicu_floor540,444,2,569,423,957,23,1.6818980667838312,58,1.7826086956521738,0.6551724137931034,20.774985056268264,0.9166601086988849,-0.00881885608145555,0,0.4010577568198939,0.0549979451469823,0.75356309924851,0.7554286683351568,-0.3494382780056453,0.39223890073843837,0.05650637343437844,0.7717025136045607,0.8262812056153729,-0.5401379574382326
eicu_floor540,444,2,569,423,957,22,1.6818980667838312,58,1.8636363636363635,0.6333333333333333,13.606734508545594,0.888585338430983,0.11592262997011976,1,0.3153361529410817,0.05765064075668441,0.752526561285307,0.9053050859853113,0.012308059916111077,0.43125878291120145,0.0675681746722032,0.7603005960093289,0.6953724790521901,-1.0559945403873519
eicu_floor540,444,2,569,423,957,22,1.6818980667838312,58,1.8636363636363635,0.6551724137931034,39.32521579832791,0.9491420464096972,-0.009999018810721627,0,0.2450295438298848,0.06097953928966129,0.7268722466960352,0.6816434824294294,-0.13103086499372357,0.23503052501916316,0.07598509139962957,0.6872246696035242,0.518152831268013,-0.8987141843624371
eicu_floor540,444,1,569,569,835,23,1.4674868189806678,58,1.7826086956521738,0.8260869565217391,38.534835117661366,0.9740494542938455,-0.030664998124651177,0,0.4010577568198939,0.0549979451469823,0.75356309924851,0.7554286683351568,-0.3494382780056453,0.37039275869524274,0.055383175692494784,0.7406063747084736,0.761542221531326,-0.17050149111322557
eicu_floor540,444,1,569,569,835,22,1.4674868189806678,58,1.8636363636363635,0.8636363636363636,30.029684540915547,0.9666996168861682,0.025700213473685063,1,0.3153361529410817,0.05765064075668441,0.752526561285307,0.9053050859853113,0.012308059916111077,0.34103636641476676,0.055611536436424316,0.7255765742420316,0.8987589759402993,0.012935541150287697
eicu_floor540,444,1,569,569,835,22,1.4674868189806678,58,1.8636363636363635,0.8636363636363636,20.15983829330282,0.9503964275183594,0.050343416621856873,1,0.2450295438298848,0.06097953928966129,0.7268722466960352,0.6816434824294294,-0.13103086499372357,0.29537296045174166,0.06169365309241379,0.7172842705364083,0.7081608418456219,-0.26124976320593973
eicu_floor540,449,1,1083,576,576,33,0.5318559556786704,159,3.3636363636363638,0.775,22.43258690251559,0.9554219937118416,-0.05554241394723025,0,0.26616726162728965,0.08939121305267261,0.7424060751398881,0.6714370822103414,-0.09340838033879607,0.2106248476800594,0.09210541240777281,0.640687450039968,0.3551647834994848,0.2960334235163257
eicu_floor540,449,1,1083,576,576,33,0.5318559556786704,159,3.3636363636363638,0.775,15.364307800374984,0.9349140870520966,-0.03463546169574841,0,0.261886622098782,0.08743556062693648,0.6838029576338929,0.6559721165823792,0.10748919614878047,0.2272511604030336,0.0909654864469365,0.6180055955235811,0.34455121135795935,0.38573684117767937
eicu_floor540,449,1,1083,576,576,33,0.5318559556786704,159,3.3636363636363638,0.7692307692307693,21.597647361746795,0.9536730892154331,-0.05996710604742711,0,0.27225478504858774,0.0869819286737081,0.7438549160671463,0.8156615222139274,-0.03244666945072325,0.21228767900116063,0.09163476678883585,0.6316446842525979,0.11985050431768626,0.4492241872524768
eicu_floor540,449,2,1083,576,1387,33,1.280701754385965,159,3.3636363636363638,0.5853658536585366,39.659174028225024,0.9495410067402839,-0.09143942705378222,0,0.26616726162728965,0.08939121305267261,0.7424060751398881,0.6714370822103414,-0.09340838033879607,0.17472783457350743,0.09573847566197115,0.6360411670663468,0.3056327180858123,0.3423044011022082
eicu_floor540,449,2,1083,576,1387,33,1.280701754385965,159,3.3636363636363638,0.5853658536585366,81.4690089862275,0.9750574884003466,-0.04780762409369546,0,0.261886622098782,0.08743556062693648,0.6838029576338929,0.6559721165823792,0.10748919614878047,0.21407899800508653,0.09206927907176979,0.6314448441247004,0.3466002218779446,0.42382925664142973
eicu_floor540,449,2,1083,576,1387,33,1.280701754385965,159,3.3636363636363638,0.6,43.02818866776057,0.973258065367768,-0.08183041277859648,0,0.27225478504858774,0.0869819286737081,0.7438549160671463,0.8156615222139274,-0.03244666945072325,0.1904243722699913,0.09555000585522061,0.6166067146282974,0.12942581588038585,0.5167607833149103
eicu_floor540,449,1,1083,708,708,33,0.6537396121883656,159,3.3636363636363638,0.75,82.08548476417516,0.9878175781884834,0.010629947092988923,1,0.26616726162728965,0.08939121305267261,0.7424060751398881,0.6714370822103414,-0.09340838033879607,0.2767972087202786,0.09031306275171785,0.7513489208633094,0.6463381462724138,-0.2254791261955916
eicu_floor540,449,1,1083,708,708,33,0.6537396121883656,159,3.3636363636363638,0.75,111.08586526716954,0.9909979546219051,0.031891331422824465,1,0.261886622098782,0.08743556062693648,0.6838029576338929,0.6559721165823792,0.10748919614878047,0.29377795352160646,0.08601415053499058,0.723021582733813,0.7152354588476119,-0.02989394898425136
eicu_floor540,449,1,1083,708,708,33,0.6537396121883656,159,3.3636363636363638,0.75,39.3848959243868,0.9746095558581682,-0.027574995561826854,0,0.27225478504858774,0.0869819286737081,0.7438549160671463,0.8156615222139274,-0.03244666945072325,0.2446797894867609,0.10613679612117452,0.7244704236610711,0.42737967430913504,-0.6829144662482552
eicu_floor540,449,1,1083,443,443,33,0.4090489381348107,159,3.3636363636363638,0.75,70.74252067758539,0.9858642300214665,0.03522437856768457,1,0.26616726162728965,0.08939121305267261,0.7424060751398881,0.6714370822103414,-0.09340838033879607,0.3013916401949742,0.09056151469600422,0.7566946442845723,0.5706206793729188,-0.06832389197161437
eicu_floor540,449,1,1083,443,443,33,0.4090489381348107,159,3.3636363636363638,0.75,39.36137038460439,0.974594380474336,-0.02903867715433925,0,0.261886622098782,0.08743556062693648,0.6838029576338929,0.6559721165823792,0.10748919614878047,0.23284794494444275,0.11942075633150273,0.7262689848121503,0.22798513354016628,-0.7666334265313873
eicu_floor540,449,1,1083,443,443,33,0.4090489381348107,159,3.3636363636363638,0.75,68.31089193189236,0.9853610460686558,-0.05803703469172458,0,0.27225478504858774,0.0869819286737081,0.7438549160671463,0.8156615222139274,-0.03244666945072325,0.21421775035686316,0.1442326860585641,0.7159272581934453,0.15816999949060123,-1.1960322402200716
eicu_floor540,449,2,1083,617,2373,33,2.1911357340720223,159,3.3636363636363638,0.4722222222222222,112.62899572945867,0.9834769390109498,-0.0015845332463805817,0,0.26616726162728965,0.08939121305267261,0.7424060751398881,0.6714370822103414,-0.09340838033879607,0.26458272838090907,0.09085656956833345,0.7542466027178257,0.5516756354512079,0.04981949928823221
eicu_floor540,449,2,1083,617,2373,33,2.1911357340720223,159,3.3636363636363638,0.4722222222222222,166.48572454168487,0.9914901373163864,0.04953242678475944,1,0.261886622098782,0.08743556062693648,0.6838029576338929,0.6559721165823792,0.10748919614878047,0.31141904888354144,0.08892167048837969,0.7200239808153477,0.5396147692062813,0.08436721868614422
eicu_floor540,449,2,1083,617,2373,33,2.1911357340720223,159,3.3636363636363638,0.4722222222222222,147.90842355599193,0.9895036070410645,0.018236537111400886,1,0.27225478504858774,0.0869819286737081,0.7438549160671463,0.8156615222139274,-0.03244666945072325,0.29049132215998863,0.08999475511117404,0.7334132693844925,0.5592285122342667,0.08107588127691352
eicu_floor540,449,4,1083,435,3534,33,3.263157894736842,159,3.3636363636363638,0.46153846153846156,96.23845222427884,0.9744950535626246,-0.010039525311431263,0,0.26616726162728965,0.08939121305267261,0.7424060751398881,0.6714370822103414,-0.09340838033879607,0.2561277363158584,0.08987842717936617,0.7357613908872902,0.5941578414946522,0.1363701193979456
eicu_floor540,449,4,1083,435,3534,33,3.263157894736842,159,3.3636363636363638,0.46153846153846156,85.7657224954659,0.9857537178740197,0.05112691259774638,1,0.261886622098782,0.08743556062693648,0.6838029576338929,0.6559721165823792,0.10748919614878047,0.3130135346965284,0.08547037602112181,0.7402078337330136,0.6672924758873531,0.17597838180535277
eicu_floor540,449,4,1083,435,3534,33,3.263157894736842,159,3.3636363636363638,0.46153846153846156,71.49357703797898,0.9696144223126589,0.033436011108156305,1,0.27225478504858774,0.0869819286737081,0.7438549160671463,0.8156615222139274,-0.03244666945072325,0.30569079615674405,0.08420503369450609,0.7695843325339727,0.7957156090772822,0.22341400614236995
eicu_floor540,449,1,1083,1083,2629,33,2.427516158818098,159,3.3636363636363638,0.6111111111111112,110.89461170568889,0.9894657698784644,-0.010112510743949144,0,0.26616726162728965,0.08939121305267261,0.7424060751398881,0.6714370822103414,-0.09340838033879607,0.2560547508833405,0.08902334835517059,0.7208233413269385,0.7356351071558191,0.7164316773370178
eicu_floor540,449,1,1083,1083,2629,33,2.427516158818098,159,3.3636363636363638,0.6111111111111112,119.28804988403515,0.9916016570871273,-0.0031655894645217786,0,0.261886622098782,0.08743556062693648,0.6838029576338929,0.6559721165823792,0.10748919614878047,0.2587210326342602,0.08817222319738911,0.6910971223021584,0.7193735158095395,0.5412682719690888
eicu_floor540,449,1,1083,1083,2629,33,2.427516158818098,159,3.3636363636363638,0.6111111111111112,42.14277397262044,0.9753223549330094,-0.03210142670214999,0,0.27225478504858774,0.0869819286737081,0.7438549160671463,0.8156615222139274,-0.03244666945072325,0.24015335834643775,0.0885342145541297,0.7350619504396483,0.9517625493444336,0.6403215390891513
eicu_floor540,449,3,1083,917,4520,33,4.1735918744228995,159,3.3636363636363638,0.4878048780487805,88.21956515783833,0.9837930698283021,-0.002253689461561015,0,0.26616726162728965,0.08939121305267261,0.7424060751398881,0.6714370822103414,-0.09340838033879607,0.26391357216572864,0.08915501242192962,0.7407573940847322,0.6504507871951241,0.6583607046173633
eicu_floor540,449,3,1083,917,4520,33,4.1735918744228995,159,3.3636363636363638,0.4878048780487805,76.99924600945369,0.9801008122042842,0.012959606846947802,1,0.261886622098782,0.08743556062693648,0.6838029576338929,0.6559721165823792,0.10748919614878047,0.2748462289457298,0.087955565712219,0.709732214228617,0.5905248932231152,0.3997081170635786
eicu_floor540,449,3,1083,917,4520,33,4.1735918744228995,159,3.3636363636363638,0.4878048780487805,94.14525051774655,0.9827273272927012,-0.009211161343421148,0,0.27225478504858774,0.0869819286737081,0.7438549160671463,0.8156615222139274,-0.03244666945072325,0.2630436237051666,0.08977703328122344,0.7295663469224619,0.6232731785669579,0.5381460095659671
eicu_floor540,449,2,1083,569,1795,33,1.657433056325023,159,3.3636363636363638,0.4864864864864865,57.07912180868546,0.9649609185175714,-0.005468554632338807,0,0.26616726162728965,0.08939121305267261,0.7424060751398881,0.6714370822103414,-0.09340838033879607,0.26069870699495085,0.08879859236790386,0.7146282973621103,0.5984560102538075,0.43078928952449563
eicu_floor540,449,2,1083,569,1795,33,1.657433056325023,159,3.3636363636363638,0.5277777777777778,44.33757392604989,0.9548915327812979,0.06122476338750521,1,0.261886622098782,0.08743556062693648,0.6838029576338929,0.6559721165823792,0.10748919614878047,0.3231113854862872,0.0843228363230299,0.757494004796163,0.8997129187480222,0.5548598852005158
eicu_floor540,449,2,1083,569,1795,33,1.657433056325023,159,3.3636363636363638,0.5,47.13964031939872,0.9747775719489351,0.02864076644593566,1,0.27225478504858774,0.0869819286737081,0.7438549160671463,0.8156615222139274,-0.03244666945072325,0.3008955514945234,0.08563737701351015,0.7573940847322143,0.8839764783029265,0.5422092163199477
eicu_floor540,449,1,1083,485,485,33,0.44783010156971376,159,3.3636363636363638,0.7142857142857143,29.226578306189644,0.9657845680899219,-0.015924347353723944,0,0.26616726162728965,0.08939121305267261,0.7424060751398881,0.6714370822103414,-0.09340838033879607,0.2502429142735657,0.088571764853549,0.7609412470023981,0.7336616119805001,0.12443246513092515
eicu_floor540,449,1,1083,485,485,33,0.44783010156971376,159,3.3636363636363638,0.8571428571428571,34.515462756536024,0.9667198282413741,-0.018448640674520705,0,0.261886622098782,0.08743556062693648,0.6838029576338929,0.6559721165823792,0.10748919614878047,0.2434379814242613,0.08821034331900515,0.6775579536370903,0.6495463612653831,0.3099674519102988
eicu_floor540,449,1,1083,485,485,33,0.44783010156971376,159,3.3636363636363638,0.7142857142857143,36.98774049868335,0.972964014927173,0.022584421700968804,1,0.27225478504858774,0.0869819286737081,0.7438549160671463,0.8156615222139274,-0.03244666945072325,0.29483920674955655,0.085132610231217,0.7633892885691447,0.9428564393694271,0.1727138714805336
eicu_floor540,449,1,1083,885,885,33,0.817174515235457,159,3.3636363636363638,0.5294117647058824,14.746614082760335,0.9242915270637724,-0.0009106576836608316,0,0.26616726162728965,0.08939121305267261,0.7424060751398881,0.6714370822103414,-0.09340838033879607,0.2652566039436288,0.09035848783422464,0.7448041566746602,0.5651973098726053,0.19810189892744495
eicu_floor540,449,1,1083,885,885,33,0.817174515235457,159,3.3636363636363638,0.5294117647058824,22.369994574154795,0.9551848345997371,0.04513111022157651,1,0.261886622098782,0.08743556062693648,0.6838029576338929,0.6559721165823792,0.10748919614878047,0.3070177323203585,0.08495451235813598,0.7216726618705036,0.715406098676263,0.48398715492724914
eicu_floor540,449,1,1083,885,885,33,0.817174515235457,159,3.3636363636363638,0.5588235294117647,20.048165046661403,0.9501201233293654,0.03245372817529674,1,0.27225478504858774,0.0869819286737081,0.7438549160671463,0.8156615222139274,-0.03244666945072325,0.3047085132238845,0.08443670083452137,0.7547961630695444,0.7905281550944968,0.21782288265032826
eicu_floor540,458,3,1766,691,4813,23,2.7253680634201585,289,8.782608695652174,0.5277777777777778,174.50159041916368,0.9850046869395328,0.011878488620323147,1,0.34826647575199443,0.08957377940393271,0.7768914050437469,0.8942670132381592,0.05431782353594614,0.3601449643723176,0.08848000101722203,0.7511923142906158,0.8339187924970759,0.32323049163470297
eicu_floor540,458,3,1766,691,4813,23,2.7253680634201585,289,8.782608695652174,0.5277777777777778,127.2731107209641,0.9797611433295099,0.013325842138217359,1,0.3571493671995714,0.08918654746326027,0.7414479327500428,0.8438512856570043,0.07755972574094262,0.37047520933778877,0.08924854775899986,0.719488763081146,0.74882630002575,0.5224287526198321
eicu_floor540,458,3,1766,691,4813,23,2.7253680634201585,289,8.782608695652174,0.5277777777777778,122.95670690406075,0.9793110178716973,-0.0034485348689984874,0,0.3383871357047695,0.09150331608482888,0.7801166580888661,0.735736913725945,-0.07275490994589102,0.33493860083577104,0.09132971491356036,0.7847829816435067,0.7994610918750525,0.3337973728269005
eicu_floor540,458,3,1766,1051,5455,23,3.0889014722536805,289,8.782608695652174,0.525,470.65949145801915,0.9942043891748825,0.03317552574416888,1,0.34826647575199443,0.08957377940393271,0.7768914050437469,0.8942670132381592,0.05431782353594614,0.3814420014961633,0.09076220693417594,0.7446731857951621,0.8092533961210702,0.7812762237135696
eicu_floor540,458,3,1766,1051,5455,23,3.0889014722536805,289,8.782608695652174,0.525,220.18464383501427,0.9872587099461775,0.01858357267403027,1,0.3571493671995714,0.08918654746326027,0.7414479327500428,0.8438512856570043,0.07755972574094262,0.3757329398736017,0.08981433439005411,0.7325613312746612,0.8509902938000483,0.7431777033759922
eicu_floor540,458,3,1766,1051,5455,23,3.0889014722536805,289,8.782608695652174,0.525,425.40362911362587,0.9934523946135057,-0.0046118235592476076,0,0.3383871357047695,0.09150331608482888,0.7801166580888661,0.735736913725945,-0.07275490994589102,0.3337753121455219,0.09284481403904456,0.7800995024875621,0.7381761210090959,0.563861605268994
eicu_floor540,458,3,1766,691,3530,23,1.998867497168743,289,8.782608695652174,0.5,101.19616722523585,0.9794185403111348,0.012437066966053512,1,0.34826647575199443,0.08957377940393271,0.7768914050437469,0.8942670132381592,0.05431782353594614,0.36070354271804794,0.08766597455287482,0.7558414822439526,0.7854732788897779,0.029123783910323837
eicu_floor540,458,3,1766,691,3530,23,1.998867497168743,289,8.782608695652174,0.5,71.83058120051484,0.9860783529342676,0.010635997525230034,1,0.3571493671995714,0.08918654746326027,0.7414479327500428,0.8438512856570043,0.07755972574094262,0.36778536472480144,0.08809481691601961,0.7100188711614341,0.6573188810620685,0.05191351369590171
eicu_floor540,458,3,1766,691,3530,23,1.998867497168743,289,8.782608695652174,0.5,90.98479432813167,0.9776607907138497,0.021429543922145577,1,0.3383871357047695,0.09150331608482888,0.7801166580888661,0.735736913725945,-0.07275490994589102,0.3598166796269151,0.08921484695855524,0.7824498198661862,0.7729098315873761,-0.01704989929452938
eicu_floor540,458,3,1766,534,2256,23,1.277463193657984,289,8.782608695652174,0.46153846153846156,117.80609369208958,0.9766676212559249,0.01721758507003257,1,0.34826647575199443,0.08957377940393271,0.7768914050437469,0.8942670132381592,0.05431782353594614,0.365484060822027,0.08902182420562,0.7324069308629267,0.6040121493589705,0.32107853520469803
eicu_floor540,458,3,1766,534,2256,23,1.277463193657984,289,8.782608695652174,0.46153846153846156,156.11007319125883,0.9854848977763618,0.005876947770487861,1,0.3571493671995714,0.08918654746326027,0.7414479327500428,0.8438512856570043,0.07755972574094262,0.36302631497005927,0.09179659014525199,0.6835820895522389,0.45928949088225485,0.36955747734563044
eicu_floor540,458,3,1766,534,2256,23,1.277463193657984,289,8.782608695652174,0.46153846153846156,137.14417708976708,0.9755418639078697,0.060094909956798226,1,0.3383871357047695,0.09150331608482888,0.7801166580888661,0.735736913725945,-0.07275490994589102,0.39848204566156775,0.08635838611194474,0.7755875793446559,0.5970189676398033,0.18182181956098328
eicu_floor540,458,2,1766,423,866,23,0.49037372593431483,289,8.782608695652174,0.6,109.99950764224741,0.9818181004363709,0.00595798865011038,1,0.34826647575199443,0.08957377940393271,0.7768914050437469,0.8942670132381592,0.05431782353594614,0.3542244644021048,0.08974808171551142,0.7391662377766339,0.6279703600271247,-0.007991291143453028
eicu_floor540,458,2,1766,423,866,23,0.49037372593431483,289,8.782608695652174,0.6,35.97584219476989,0.9444071388468911,0.05764781871703478,1,0.3571493671995714,0.08918654746326027,0.7414479327500428,0.8438512856570043,0.07755972574094262,0.4147971859166062,0.0864045886501162,0.7415680219591696,0.6794265652138615,0.01031584263997417
eicu_floor540,458,2,1766,423,866,23,0.49037372593431483,289,8.782608695652174,0.6,79.18267127002349,0.9747419483591336,-0.025335608038351498,0,0.3383871357047695,0.09150331608482888,0.7801166580888661,0.735736913725945,-0.07275490994589102,0.31305152766641803,0.09539279553608847,0.7117344312918168,0.47697989441817856,0.08008380137427867
eicu_floor540,458,1,1766,694,694,23,0.3929784824462061,289,8.782608695652174,0.8214285714285714,74.1939291338759,0.9865218082978785,0.004298671292397971,1,0.34826647575199443,0.08957377940393271,0.7768914050437469,0.8942670132381592,0.05431782353594614,0.3525651470443924,0.08849069890040791,0.770869788986104,0.8127136747739167,-0.06202664694705819
eicu_floor540,458,1,1766,694,694,23,0.3929784824462061,289,8.782608695652174,0.8214285714285714,39.77473546702038,0.9748584122997082,-0.008076983150651085,0,0.3571493671995714,0.08918654746326027,0.7414479327500428,0.8438512856570043,0.07755972574094262,0.3490723840489203,0.08965717054838117,0.744690341396466,0.7412160594620324,0.0032459761014908945
eicu_floor540,458,1,1766,694,694,23,0.3929784824462061,289,8.782608695652174,0.8214285714285714,56.3230990649338,0.9822452951524007,-0.003933022043958734,0,0.3383871357047695,0.09150331608482888,0.7801166580888661,0.735736913725945,-0.07275490994589102,0.3344541136608108,0.09215338750535158,0.7743866872533882,0.7243304837378869,-0.15192651372792326
eicu_floor540,458,4,1766,446,3835,23,2.1715741789354475,289,8.782608695652174,0.5833333333333334,301.6735779704095,0.9880788615369576,0.08308173767338561,1,0.34826647575199443,0.08957377940393271,0.7768914050437469,0.8942670132381592,0.05431782353594614,0.43134821342538004,0.08324880038132794,0.7812146165723107,0.9353210634045437,0.13219329600307222
eicu_floor540,458,4,1766,446,3835,23,2.1715741789354475,289,8.782608695652174,0.5833333333333334,207.95560619716545,0.9837552097936126,0.04174726018881947,1,0.3571493671995714,0.08918654746326027,0.7414479327500428,0.8438512856570043,0.07755972574094262,0.3988966273883909,0.08547120724716008,0.7828615542974781,0.8215163544570642,0.0898256553672879
eicu_floor540,458,4,1766,446,3835,23,2.1715741789354475,289,8.782608695652174,0.5833333333333334,233.4260458563378,0.987420680917443,0.02343674079215785,1,0.3383871357047695,0.09150331608482888,0.7801166580888661,0.735736913725945,-0.07275490994589102,0.3618238764969274,0.08979701518566553,0.7970320809744381,0.7583324258993153,0.11733323897627276
eicu_floor540,458,4,1766,417,2380,23,1.347678369195923,289,8.782608695652174,0.625,266.803675722804,0.9886423046458792,0.025686894591815,1,0.34826647575199443,0.08957377940393271,0.7768914050437469,0.8942670132381592,0.05431782353594614,0.37395337034380943,0.09121090214534738,0.7742322868416538,0.9145988275727066,0.7236337475716248
eicu_floor540,458,4,1766,417,2380,23,1.347678369195923,289,8.782608695652174,0.5405405405405406,196.66608882508734,0.9840866317835528,0.04839717925046655,1,0.3571493671995714,0.08918654746326027,0.7414479327500428,0.8438512856570043,0.07755972574094262,0.40554654645003796,0.08746975143316821,0.750488934637159,0.8045024176713714,0.6167437384086549
eicu_floor540,458,4,1766,417,2380,23,1.347678369195923,289,8.782608695652174,0.625,138.7947807935883,0.9748430224774977,0.039212293502209006,1,0.3383871357047695,0.09150331608482888,0.7801166580888661,0.735736913725945,-0.07275490994589102,0.37759942920697853,0.08963871080648775,0.7980785726539714,0.8707105403217618,0.5128414541167702
eicu_floor540,458,1,1766,811,811,23,0.4592298980747452,289,8.782608695652174,0.71875,102.13806807829422,0.9902093311650124,-0.012394367136015938,0,0.34826647575199443,0.08957377940393271,0.7768914050437469,0.8942670132381592,0.05431782353594614,0.3358721086159785,0.0918365955419965,0.7555498370217876,0.7190960039032671,0.469415337249267
eicu_floor540,458,1,1766,811,811,23,0.4592298980747452,289,8.782608695652174,0.71875,50.97829124081204,0.9803838069958801,0.027236523556054493,1,0.3571493671995714,0.08918654746326027,0.7414479327500428,0.8438512856570043,0.07755972574094262,0.3843858907556259,0.0882833255959446,0.747246525990736,0.7840986519142197,0.43628639073318104
eicu_floor540,458,1,1766,811,811,23,0.4592298980747452,289,8.782608695652174,0.71875,159.6971420245272,0.9937381471745661,0.029931111283069745,1,0.3383871357047695,0.09150331608482888,0.7801166580888661,0.735736913725945,-0.07275490994589102,0.36831824698783927,0.08945423836125375,0.7984559958826556,0.7044987514775547,0.30903257486804453
eicu_floor540,458,4,1766,437,2696,23,1.5266138165345413,289,8.782608695652174,0.71875,248.33791661161527,0.9878367921765381,-0.0026910663575272498,0,0.34826647575199443,0.08957377940393271,0.7768914050437469,0.8942670132381592,0.05431782353594614,0.3455754093944672,0.09376057958104879,0.7647452393206382,0.803137128147792,0.8410283225780023
eicu_floor540,458,4,1766,437,2696,23,1.5266138165345413,289,8.782608695652174,0.71875,207.1260813131671,0.9840693678064549,0.05358371590509009,1,0.3571493671995714,0.08918654746326027,0.7414479327500428,0.8438512856570043,0.07755972574094262,0.4107330831046615,0.08866804976929628,0.7613998970663922,0.8393043639755018,0.8020217025123751
eicu_floor540,458,4,1766,437,2696,23,1.5266138165345413,289,8.782608695652174,0.71875,323.4364977901972,0.9876320784648178,0.03842957900804589,1,0.3383871357047695,0.09150331608482888,0.7801166580888661,0.735736913725945,-0.07275490994589102,0.3768167147128154,0.09139999913414237,0.8079430434036713,0.756694909723147,0.6565572331266127
eicu_floor540,458,3,1766,674,2586,23,1.4643261608154021,289,8.782608695652174,0.6774193548387096,158.7612569076091,0.9854525800730816,0.042041713360706334,1,0.34826647575199443,0.08957377940393271,0.7768914050437469,0.8942670132381592,0.05431782353594614,0.39030818911270077,0.08937369776924772,0.7734945959855892,0.8509558249894414,0.6732377813109094
eicu_floor540,458,3,1766,674,2586,23,1.4643261608154021,289,8.782608695652174,0.6774193548387096,131.7795683060874,0.9818842157144716,0.06839770550377905,1,0.3571493671995714,0.08918654746326027,0.7414479327500428,0.8438512856570043,0.07755972574094262,0.42554707270335046,0.08641138479693307,0.7626865671641792,0.8707733591804427,0.6531651546075917
eicu_floor540,458,3,1766,674,2586,23,1.4643261608154021,289,8.782608695652174,0.6774193548387096,170.71813533750503,0.9880459405132899,0.04604758303747625,1,0.3383871357047695,0.09150331608482888,0.7801166580888661,0.735736913725945,-0.07275490994589102,0.3844347187422458,0.08858746082526464,0.8033624978555498,0.8058601565527365,0.5343664551511005
eicu_floor540,458,1,1766,504,504,23,0.2853907134767837,289,8.782608695652174,0.75,107.3335725751916,0.9906832505803396,0.001282554455134477,1,0.34826647575199443,0.08957377940393271,0.7768914050437469,0.8942670132381592,0.05431782353594614,0.3495490302071289,0.08937136987160754,0.7697546749013552,0.9875435475868716,0.192272248374775
eicu_floor540,458,1,1766,504,504,23,0.2853907134767837,289,8.782608695652174,0.75,9.893077874683947,0.8989192228478291,0.0015848054716406934,1,0.3571493671995714,0.08918654746326027,0.7414479327500428,0.8438512856570043,0.07755972574094262,0.3587341726712121,0.08979523416931824,0.7553611254074456,0.913522894755015,0.21430074789509473
eicu_floor540,458,1,1766,504,504,23,0.2853907134767837,289,8.782608695652174,0.75,27.88768990888073,0.9641418847072897,0.009140541253822854,1,0.3383871357047695,0.09150331608482888,0.7801166580888661,0.735736913725945,-0.07275490994589102,0.3475276769585924,0.08975360503774842,0.786309830159547,0.8691598203992952,0.12126075355920367
