dataset,target,n_partners,n_target,n_min,n_partner_total,d_target,ratio_partner_to_target,events_target,epv_target,schema_jaccard,q_median,i2_median,benefit,helped,loc_AUPRC,loc_Brier,loc_AUROC,loc_cal_slope,loc_cal_intercept,mrg_AUPRC,mrg_Brier,mrg_AUROC,mrg_cal_slope,mrg_cal_intercept
fm_ct2_zip2,05,3,1750,1750,5250,16,3.0,45,1.9375,1.0,45.90224910201141,0.9343092087561452,0.022141480172689743,1,0.08926482022550013,0.01839645093394574,0.8004658385093169,0.7115022660772571,0.09746294406883468,0.11140630039818987,0.01768289507318134,0.8146350931677019,1.2511420206523844,-0.04596771717289253
fm_ct2_zip2,05,3,1750,1750,5250,16,3.0,45,1.9375,1.0,61.25663392275621,0.9501904686937414,0.0012377946123217007,1,0.06004020648505918,0.018396199601771853,0.71972049689441,0.49244550225332806,0.08653740911967653,0.06127800109738088,0.018145186441691392,0.7434976708074533,0.845512378108813,-0.10523713896624595
fm_ct2_zip2,05,3,1750,1750,5250,16,3.0,45,1.9375,1.0,26.82887794799557,0.8881089479391469,0.013063048314543739,1,0.050916740435565024,0.01966452595647838,0.7589285714285714,0.5051815099783042,-0.024265240277089834,0.06397978875010876,0.01827307914433104,0.7889169254658386,0.9667132192305615,-0.11273519357353164
fm_ct2_zip2,05,3,1750,1750,5250,16,3.0,45,1.9375,1.0,25.149206740467612,0.880710313856232,0.0006675342801613637,1,0.07747250342284397,0.018623427432181566,0.842876552795031,0.8344210781607907,-0.047111380652102734,0.07814003770300533,0.017867615120674217,0.8412267080745341,1.3483089667528114,-0.13402565968897723
fm_ct2_zip2,05,3,1750,1750,5250,16,3.0,45,1.9375,1.0,37.41892811660594,0.9196362763336632,-0.05519106098979479,0,0.20540111137246062,0.017076298138996214,0.7856172360248447,0.8267369481330168,0.20079464227671343,0.15021005038266583,0.01749840005431285,0.797457298136646,1.3557860653031537,0.004878857776929581
fm_ct2_zip2,05,1,1750,1750,1750,16,1.0,45,1.9375,1.0,4.847812229123134,0.7206150311819186,0.03995109439246032,1,0.08926482022550013,0.01839645093394574,0.8004658385093169,0.7115022660772571,0.09746294406883468,0.12921591461796045,0.017664613864468968,0.8415178571428571,1.0467656743622515,0.19812159569985663
fm_ct2_zip2,05,1,1750,1750,1750,16,1.0,45,1.9375,1.0,10.911689778824597,0.8994037272821079,-0.0007055727064666575,0,0.06004020648505918,0.018396199601771853,0.71972049689441,0.49244550225332806,0.08653740911967653,0.05933463377859252,0.018176325065609254,0.7159355590062112,0.5828483827802866,0.15613140180677235
fm_ct2_zip2,05,1,1750,1750,1750,16,1.0,45,1.9375,1.0,17.497898495922016,0.9419702697532679,0.022013821675373003,1,0.050916740435565024,0.01966452595647838,0.7589285714285714,0.5051815099783042,-0.024265240277089834,0.07293056211093803,0.018097819578748356,0.8169642857142858,0.8526296342046499,0.2236047518961016
fm_ct2_zip2,05,1,1750,1750,1750,16,1.0,45,1.9375,1.0,7.05289713904202,0.8547013773636418,-0.0021630766545141927,0,0.07747250342284397,0.018623427432181566,0.842876552795031,0.8344210781607907,-0.047111380652102734,0.07530942676832977,0.017917022409426147,0.8470496894409938,1.0923808360254086,0.13275705499903503
fm_ct2_zip2,05,1,1750,1750,1750,16,1.0,45,1.9375,1.0,15.735691018848827,0.9364134608042363,-0.0570053871684765,0,0.20540111137246062,0.017076298138996214,0.7856172360248447,0.8267369481330168,0.20079464227671343,0.14839572420398411,0.017639153345515506,0.8084239130434783,1.038680386832106,0.47164111086507937
fm_ct2_zip2,05,4,1750,1750,7000,16,4.0,45,1.9375,1.0,94.84871587550407,0.9552218938273397,0.03857634198483577,1,0.08926482022550013,0.01839645093394574,0.8004658385093169,0.7115022660772571,0.09746294406883468,0.1278411622103359,0.017544826234119293,0.8410326086956522,1.2925300439941267,-0.05209338536161736
fm_ct2_zip2,05,4,1750,1750,7000,16,4.0,45,1.9375,1.0,109.87860635817302,0.9635923237359529,0.012297788799334831,1,0.06004020648505918,0.018396199601771853,0.71972049689441,0.49244550225332806,0.08653740911967653,0.07233799528439401,0.018098480820276947,0.7416537267080745,0.8060207264237848,-0.1483847003652759
fm_ct2_zip2,05,4,1750,1750,7000,16,4.0,45,1.9375,1.0,56.92117691809389,0.9294518203800552,0.03632140848403933,1,0.050916740435565024,0.01966452595647838,0.7589285714285714,0.5051815099783042,-0.024265240277089834,0.08723814891960435,0.017870637882513758,0.8173524844720497,1.0433279863551232,-0.02966283533366633
fm_ct2_zip2,05,4,1750,1750,7000,16,4.0,45,1.9375,1.0,53.944206274724465,0.9258460351890674,-0.00686959639391152,0,0.07747250342284397,0.018623427432181566,0.842876552795031,0.8344210781607907,-0.047111380652102734,0.07060290702893245,0.01792756008754355,0.8228843167701864,1.1379084228182403,-0.17568866782059406
fm_ct2_zip2,05,4,1750,1750,7000,16,4.0,45,1.9375,1.0,102.20834657065004,0.9604272703898031,-0.06977855661594176,0,0.20540111137246062,0.017076298138996214,0.7856172360248447,0.8267369481330168,0.20079464227671343,0.13562255475651885,0.017571695870984304,0.8113354037267081,1.2642780621431124,0.06070000030788077
fm_ct2_zip2,05,3,1750,1750,5250,16,3.0,45,1.9375,1.0,61.45837361072802,0.9507708105993657,0.011829326778869081,1,0.08926482022550013,0.01839645093394574,0.8004658385093169,0.7115022660772571,0.09746294406883468,0.10109414700436921,0.017736402120916723,0.8225931677018634,1.2076915904492633,-0.1274393002409564
fm_ct2_zip2,05,3,1750,1750,5250,16,3.0,45,1.9375,1.0,71.9205975835262,0.9580995856128242,0.004420230828106074,1,0.06004020648505918,0.018396199601771853,0.71972049689441,0.49244550225332806,0.08653740911967653,0.06446043731316525,0.01821227128490798,0.7107919254658385,0.7287790532760232,-0.18207870722502906
fm_ct2_zip2,05,3,1750,1750,5250,16,3.0,45,1.9375,1.0,47.71692556516582,0.9355746494174948,0.02718838458225866,1,0.050916740435565024,0.01966452595647838,0.7589285714285714,0.5051815099783042,-0.024265240277089834,0.07810512501782368,0.018053599447979317,0.8013392857142856,1.081571815097506,-0.16065627803942353
fm_ct2_zip2,05,3,1750,1750,5250,16,3.0,45,1.9375,1.0,44.85742075002278,0.9329654603769078,0.005505646177279902,1,0.07747250342284397,0.018623427432181566,0.842876552795031,0.8344210781607907,-0.047111380652102734,0.08297814960012387,0.017871021830599354,0.8558812111801242,1.3699512676817793,-0.24268937280195066
fm_ct2_zip2,05,3,1750,1750,5250,16,3.0,45,1.9375,1.0,45.114217954564594,0.9334950512970095,-0.037222586199787355,0,0.20540111137246062,0.017076298138996214,0.7856172360248447,0.8267369481330168,0.20079464227671343,0.16817852517267326,0.017486840782209828,0.8088121118012422,1.1736484081810998,-0.14850219514897886
fm_ct2_zip2,05,4,1750,1750,7000,16,4.0,45,1.9375,1.0,119.19558952191234,0.9630547607933929,0.032147846732071744,1,0.08926482022550013,0.01839645093394574,0.8004658385093169,0.7115022660772571,0.09746294406883468,0.12141266695757187,0.017605508442405486,0.8512228260869565,1.313959969888086,0.21673201681180718
fm_ct2_zip2,05,4,1750,1750,7000,16,4.0,45,1.9375,1.0,83.84552791627324,0.9519387846046155,0.02733590735346767,1,0.06004020648505918,0.018396199601771853,0.71972049689441,0.49244550225332806,0.08653740911967653,0.08737611383852685,0.018031706014943156,0.7195263975155279,0.7581533175801006,0.1732326847697008
fm_ct2_zip2,05,4,1750,1750,7000,16,4.0,45,1.9375,1.0,77.9530945300574,0.9440556807700629,0.020075172874524448,1,0.050916740435565024,0.01966452595647838,0.7589285714285714,0.5051815099783042,-0.024265240277089834,0.07099191331008947,0.018117766304115168,0.7834821428571429,0.8549741941478218,0.1636856047158414
fm_ct2_zip2,05,4,1750,1750,7000,16,4.0,45,1.9375,1.0,91.18346271242561,0.9558783169781664,-0.01564959213046637,0,0.07747250342284397,0.018623427432181566,0.842876552795031,0.8344210781607907,-0.047111380652102734,0.061822911292377596,0.018113187353943738,0.8027950310559007,0.9656549789947569,0.12030280233267858
fm_ct2_zip2,05,4,1750,1750,7000,16,4.0,45,1.9375,1.0,92.27517267583849,0.9565838163538132,-0.030250578812726497,0,0.20540111137246062,0.017076298138996214,0.7856172360248447,0.8267369481330168,0.20079464227671343,0.17515053255973412,0.017576822160319774,0.8199728260869567,1.411266580788849,0.25067134896371596
fm_ct2_zip2,05,1,1750,1750,1750,16,1.0,45,1.9375,1.0,6.99167514182143,0.8564695930254183,0.02104595126799419,1,0.08926482022550013,0.01839645093394574,0.8004658385093169,0.7115022660772571,0.09746294406883468,0.11031077149349432,0.01772585738188387,0.8494759316770186,1.0662138820681695,0.11757875348519546
fm_ct2_zip2,05,1,1750,1750,1750,16,1.0,45,1.9375,1.0,2.2299903250606645,0.5194103812082276,0.0129510557976363,1,0.06004020648505918,0.018396199601771853,0.71972049689441,0.49244550225332806,0.08653740911967653,0.07299126228269548,0.018401659031754714,0.7370923913043479,0.6006690152731904,0.0472462983330199
fm_ct2_zip2,05,1,1750,1750,1750,16,1.0,45,1.9375,1.0,14.47856210756147,0.9279699732962867,0.03041552651992046,1,0.050916740435565024,0.01966452595647838,0.7589285714285714,0.5051815099783042,-0.024265240277089834,0.08133226695548548,0.019021481635423484,0.8045419254658386,0.6909879188826316,-0.05087853346830995
fm_ct2_zip2,05,1,1750,1750,1750,16,1.0,45,1.9375,1.0,8.684016146809544,0.8827904453716866,-0.0069508081886919815,0,0.07747250342284397,0.018623427432181566,0.842876552795031,0.8344210781607907,-0.047111380652102734,0.07052169523415198,0.01825026336501759,0.812208850931677,0.8966875460242755,-0.01932321159109876
fm_ct2_zip2,05,1,1750,1750,1750,16,1.0,45,1.9375,1.0,9.255249885929626,0.8909495897604265,0.020945919544667457,1,0.20540111137246062,0.017076298138996214,0.7856172360248447,0.8267369481330168,0.20079464227671343,0.22634703091712807,0.017099148909694373,0.812888198757764,1.1534996351644677,0.16093466433834577
fm_ct2_zip2,05,2,1750,1750,3500,16,2.0,45,1.9375,1.0,27.405193190597384,0.927018059831897,0.006973370802749956,1,0.08926482022550013,0.01839645093394574,0.8004658385093169,0.7115022660772571,0.09746294406883468,0.09623819102825008,0.0178445132200279,0.8078416149068323,1.1483140595309673,0.04754579165737458
fm_ct2_zip2,05,2,1750,1750,3500,16,2.0,45,1.9375,1.0,34.35140319147549,0.9405733298438783,0.0020215597909806274,1,0.06004020648505918,0.018396199601771853,0.71972049689441,0.49244550225332806,0.08653740911967653,0.062061766276039806,0.018068995606621983,0.7538819875776397,0.878325995771458,-0.0022772952982926843
fm_ct2_zip2,05,2,1750,1750,3500,16,2.0,45,1.9375,1.0,26.392863232936662,0.9220003863564422,0.0034939410671417787,1,0.050916740435565024,0.01966452595647838,0.7589285714285714,0.5051815099783042,-0.024265240277089834,0.0544106815027068,0.018234166805414242,0.7522321428571428,0.8480211493712203,0.017028228742355322
fm_ct2_zip2,05,2,1750,1750,3500,16,2.0,45,1.9375,1.0,13.693423606353946,0.8532727178838158,-0.0019507490304508796,0,0.07747250342284397,0.018623427432181566,0.842876552795031,0.8344210781607907,-0.047111380652102734,0.07552175439239309,0.017939869519515105,0.8441381987577641,1.2646718385387636,-0.08511436363737773
fm_ct2_zip2,05,2,1750,1750,3500,16,2.0,45,1.9375,1.0,28.19675662664109,0.9281983546192714,-0.0734873808485578,0,0.20540111137246062,0.017076298138996214,0.7856172360248447,0.8267369481330168,0.20079464227671343,0.13191373052390282,0.017604856741174717,0.7877523291925466,1.348167397398457,0.0962618418964875
fm_ct2_zip2,05,3,1750,1750,5250,16,3.0,45,1.9375,1.0,66.25730063710071,0.9543400305565608,0.03254409613005607,1,0.08926482022550013,0.01839645093394574,0.8004658385093169,0.7115022660772571,0.09746294406883468,0.1218089163555562,0.017565673830548835,0.8307453416149069,1.3461855674631569,0.12502052202017902
fm_ct2_zip2,05,3,1750,1750,5250,16,3.0,45,1.9375,1.0,81.6348147454728,0.9615190109014135,0.022351739306000103,1,0.06004020648505918,0.018396199601771853,0.71972049689441,0.49244550225332806,0.08653740911967653,0.08239194579105928,0.017927614380814652,0.7299107142857143,0.8815622641148662,0.06440458021252456
fm_ct2_zip2,05,3,1750,1750,5250,16,3.0,45,1.9375,1.0,24.361635197784555,0.8768346962824427,0.023654456584494297,1,0.050916740435565024,0.01966452595647838,0.7589285714285714,0.5051815099783042,-0.024265240277089834,0.07457119702005932,0.01795523380270019,0.8018245341614907,1.0441754301025614,0.05294936147776764
fm_ct2_zip2,05,3,1750,1750,5250,16,3.0,45,1.9375,1.0,41.109501934126804,0.9269153543662869,0.004376042272904529,1,0.07747250342284397,0.018623427432181566,0.842876552795031,0.8344210781607907,-0.047111380652102734,0.0818485456957485,0.01783351359825679,0.8533579192546584,1.303331744738441,-0.0004655992657494016
fm_ct2_zip2,05,3,1750,1750,5250,16,3.0,45,1.9375,1.0,76.35675874222413,0.9599174893126312,-0.0685034472877728,0,0.20540111137246062,0.017076298138996214,0.7856172360248447,0.8267369481330168,0.20079464227671343,0.13689766408468781,0.01757376967770262,0.8044448757763976,1.2432877328830565,0.13466790156063219
fm_ct2_zip2,05,3,1750,1750,5250,16,3.0,45,1.9375,1.0,79.79831996706314,0.9612937592031808,0.025994478144086827,1,0.08926482022550013,0.01839645093394574,0.8004658385093169,0.7115022660772571,0.09746294406883468,0.11525929836958695,0.017606566427570483,0.8112383540372671,1.0780772940727317,0.09051923117596943
fm_ct2_zip2,05,3,1750,1750,5250,16,3.0,45,1.9375,1.0,61.323914186647045,0.9489922899251637,0.05652756804106355,1,0.06004020648505918,0.018396199601771853,0.71972049689441,0.49244550225332806,0.08653740911967653,0.11656777452612273,0.01801996890027914,0.7200116459627329,0.7261291505813534,0.009109531569253088
fm_ct2_zip2,05,3,1750,1750,5250,16,3.0,45,1.9375,1.0,30.99365879714818,0.9031004759327949,0.012801246116446861,1,0.050916740435565024,0.01966452595647838,0.7589285714285714,0.5051815099783042,-0.024265240277089834,0.06371798655201188,0.01814224917655396,0.7838703416149068,0.8877133032039678,0.03865982342117678
fm_ct2_zip2,05,3,1750,1750,5250,16,3.0,45,1.9375,1.0,35.52281552070232,0.9010573097532135,-0.01205261820668782,0,0.07747250342284397,0.018623427432181566,0.842876552795031,0.8344210781607907,-0.047111380652102734,0.06541988521615615,0.018034641059264216,0.8270574534161491,1.0881310416778969,-0.025484738819217416
fm_ct2_zip2,05,3,1750,1750,5250,16,3.0,45,1.9375,1.0,33.04747183272391,0.901973677640246,-0.04441862130356447,0,0.20540111137246062,0.017076298138996214,0.7856172360248447,0.8267369481330168,0.20079464227671343,0.16098249006889614,0.01742934485628086,0.8087150621118012,1.0024553974293715,0.07389969405827737
fm_ct2_zip2,05,1,1750,1750,1750,16,1.0,45,1.9375,1.0,12.044936650695654,0.9140601974894704,0.013012187677161544,1,0.08926482022550013,0.01839645093394574,0.8004658385093169,0.7115022660772571,0.09746294406883468,0.10227700790266167,0.018065406806526022,0.8170613354037267,0.9300568927918406,-0.03465513059525596
fm_ct2_zip2,05,1,1750,1750,1750,16,1.0,45,1.9375,1.0,16.883938040284235,0.9398767386832159,0.014090312554200686,1,0.06004020648505918,0.018396199601771853,0.71972049689441,0.49244550225332806,0.08653740911967653,0.07413051903925987,0.01823177606961047,0.7327251552795031,0.6906443686859102,-0.04072813503039119
fm_ct2_zip2,05,1,1750,1750,1750,16,1.0,45,1.9375,1.0,13.115419640403386,0.923589570721175,0.048174271019680366,1,0.050916740435565024,0.01966452595647838,0.7589285714285714,0.5051815099783042,-0.024265240277089834,0.09909101145524539,0.01858103726119576,0.8276397515527951,0.8560546755394307,-0.10974062441320838
fm_ct2_zip2,05,1,1750,1750,1750,16,1.0,45,1.9375,1.0,3.5161235061711746,0.7035366563018289,0.00526111266813703,1,0.07747250342284397,0.018623427432181566,0.842876552795031,0.8344210781607907,-0.047111380652102734,0.082733616090981,0.018178901977785978,0.8254076086956521,0.9213777159415039,-0.13927171815009123
fm_ct2_zip2,05,1,1750,1750,1750,16,1.0,45,1.9375,1.0,4.982089960514253,0.7983866741971942,-0.01025617791490721,0,0.20540111137246062,0.017076298138996214,0.7856172360248447,0.8267369481330168,0.20079464227671343,0.1951449334575534,0.017197607971600255,0.7825116459627329,0.8517306263737354,-0.0023194048416714436
fm_ct2_zip2,05,1,1750,1750,1750,16,1.0,45,1.9375,1.0,22.99518516697806,0.9534603117301497,0.019871679282717034,1,0.08926482022550013,0.01839645093394574,0.8004658385093169,0.7115022660772571,0.09746294406883468,0.10913649950821716,0.017741670217495547,0.8077445652173912,0.9699403569889734,0.09722325457750317
fm_ct2_zip2,05,1,1750,1750,1750,16,1.0,45,1.9375,1.0,20.172317460561125,0.9500085482396716,0.02706555156580557,1,0.06004020648505918,0.018396199601771853,0.71972049689441,0.49244550225332806,0.08653740911967653,0.08710575805086475,0.018083915581101503,0.7355395962732919,0.6828173520995285,0.1527235325604055
fm_ct2_zip2,05,1,1750,1750,1750,16,1.0,45,1.9375,1.0,7.135574631128181,0.8596647558549895,0.016513723889057218,1,0.050916740435565024,0.01966452595647838,0.7589285714285714,0.5051815099783042,-0.024265240277089834,0.06743046432462224,0.018923552214788295,0.7559200310559007,0.6151831449420405,0.029791648097868856
fm_ct2_zip2,05,1,1750,1750,1750,16,1.0,45,1.9375,1.0,3.992490585170585,0.749424352158222,0.0033932610242349143,1,0.07747250342284397,0.018623427432181566,0.842876552795031,0.8344210781607907,-0.047111380652102734,0.08086576444707888,0.018212218774614767,0.8260869565217391,0.868561832151239,-0.051651076529291726
fm_ct2_zip2,05,1,1750,1750,1750,16,1.0,45,1.9375,1.0,5.984442426261662,0.8324286949540602,-0.03849544924272272,0,0.20540111137246062,0.017076298138996214,0.7856172360248447,0.8267369481330168,0.20079464227671343,0.1669056621297379,0.01732065758383421,0.7773680124223603,0.9308009630075499,0.2204790848201857
fm_ct2_zip2,05,2,1750,1750,3500,16,2.0,45,1.9375,1.0,30.904145768777504,0.9296313831133155,0.03411626006823809,1,0.08926482022550013,0.01839645093394574,0.8004658385093169,0.7115022660772571,0.09746294406883468,0.12338108029373822,0.017578107703681695,0.8234666149068324,1.2817378829527937,-0.07181737402171327
fm_ct2_zip2,05,2,1750,1750,3500,16,2.0,45,1.9375,1.0,55.92623486711338,0.9624974577041518,0.018027608339878883,1,0.06004020648505918,0.018396199601771853,0.71972049689441,0.49244550225332806,0.08653740911967653,0.07806781482493806,0.018038770726726768,0.7418478260869565,0.8537061928842425,-0.03987601506508861
fm_ct2_zip2,05,2,1750,1750,3500,16,2.0,45,1.9375,1.0,33.31607639284013,0.9391410794587514,0.018362930704184925,1,0.050916740435565024,0.01966452595647838,0.7589285714285714,0.5051815099783042,-0.024265240277089834,0.06927967113974995,0.018493576299025396,0.7725155279503105,0.7954225392115867,-0.07929126139235038
fm_ct2_zip2,05,2,1750,1750,3500,16,2.0,45,1.9375,1.0,19.34834495153911,0.8892290674440717,0.003575552704985663,1,0.07747250342284397,0.018623427432181566,0.842876552795031,0.8344210781607907,-0.047111380652102734,0.08104805612782963,0.017971473403586583,0.8379270186335404,1.1087748775393431,-0.1651957182120747
fm_ct2_zip2,05,2,1750,1750,3500,16,2.0,45,1.9375,1.0,22.54606747883117,0.8924301959288894,-0.05103536007417461,0,0.20540111137246062,0.017076298138996214,0.7856172360248447,0.8267369481330168,0.20079464227671343,0.154365751298286,0.017455303660339334,0.7908579192546584,1.240306540721741,0.024081580852904738
fm_ct2_zip2,08,3,1750,1750,5250,16,3.0,117,5.125,1.0,76.96280704128598,0.9492155153299409,0.01792544915296776,1,0.11298877501956839,0.043995925246594327,0.6395204795204794,0.6248885545250954,-0.015506168785250381,0.13091422417253615,0.043440116419309435,0.6871928071928072,0.7321300947769812,0.47568228249812056
fm_ct2_zip2,08,3,1750,1750,5250,16,3.0,117,5.125,1.0,43.52087167513949,0.9308608094998224,-0.0047239439938577266,0,0.09169779384522883,0.04513566308334956,0.5836963036963038,0.3286654423850148,0.011175475165784121,0.0869738498513711,0.04457906019943074,0.6201798201798202,0.4285211831482937,0.46758722033779243
fm_ct2_zip2,08,3,1750,1750,5250,16,3.0,117,5.125,1.0,37.558350124926505,0.9191851283381267,0.0127238048923555,1,0.11592770298553834,0.04343120516451213,0.6707292707292707,0.8073361219313376,0.04568434446385304,0.12865150787789384,0.04368900434769227,0.6771628371628372,0.6923839918424842,0.5319912688362383
fm_ct2_zip2,08,3,1750,1750,5250,16,3.0,117,5.125,1.0,48.92570513860076,0.9357324195086357,-0.004832168877768647,0,0.09683666759184387,0.043814708844394666,0.6928271728271729,0.8349708234113429,-0.04235998747376484,0.09200449871407522,0.04411649419628652,0.6996203796203796,0.6876987203601164,0.47597142765337636
fm_ct2_zip2,08,3,1750,1750,5250,16,3.0,117,5.125,1.0,47.53615346947096,0.9290684044045789,-0.025982945789583475,0,0.13810797285658033,0.043463584297537106,0.665934065934066,0.7325164929414001,0.06763205658033491,0.11212502706699685,0.04400361289680877,0.6831968031968031,0.7466302597719818,0.6111534347760788
fm_ct2_zip2,08,4,1750,1750,7000,16,4.0,117,5.125,1.0,109.05455255590812,0.9515392415120931,0.06449479846172931,1,0.11298877501956839,0.043995925246594327,0.6395204795204794,0.6248885545250954,-0.015506168785250381,0.1774835734812977,0.042763449086779,0.6783616383616384,0.8591333853464209,0.24015280117893284
fm_ct2_zip2,08,4,1750,1750,7000,16,4.0,117,5.125,1.0,83.62834792763898,0.9484371273781349,0.006254784547659542,1,0.09169779384522883,0.04513566308334956,0.5836963036963038,0.3286654423850148,0.011175475165784121,0.09795257839288837,0.044255028112924255,0.6260939060939061,0.5191931468232686,0.25383238334916663
fm_ct2_zip2,08,4,1750,1750,7000,16,4.0,117,5.125,1.0,38.658215706674326,0.8959579356638094,-0.007240244951847233,0,0.11592770298553834,0.04343120516451213,0.6707292707292707,0.8073361219313376,0.04568434446385304,0.1086874580336911,0.043710270052169334,0.6533466533466533,0.6922681733343773,0.2010423139849233
fm_ct2_zip2,08,4,1750,1750,7000,16,4.0,117,5.125,1.0,65.22582519694964,0.9328938423978301,-0.002861641096164297,0,0.09683666759184387,0.043814708844394666,0.6928271728271729,0.8349708234113429,-0.04235998747376484,0.09397502649567957,0.04422828236805655,0.6937062937062937,0.7103695115620597,0.1763118752052503
fm_ct2_zip2,08,4,1750,1750,7000,16,4.0,117,5.125,1.0,78.6466890069346,0.9385699046069167,-0.015314822426472113,0,0.13810797285658033,0.043463584297537106,0.665934065934066,0.7325164929414001,0.06763205658033491,0.12279315043010822,0.04360453685536679,0.6820379620379621,0.8364201917960133,0.27563336102922087
fm_ct2_zip2,08,3,1750,1750,5250,16,3.0,117,5.125,1.0,25.86189000429574,0.8734733197238465,0.030025997394231257,1,0.11298877501956839,0.043995925246594327,0.6395204795204794,0.6248885545250954,-0.015506168785250381,0.14301477241379965,0.043366754849440636,0.6575824175824176,0.7024071760613585,0.18695147178842964
fm_ct2_zip2,08,3,1750,1750,5250,16,3.0,117,5.125,1.0,58.268973553044475,0.9455979746361975,0.00011906370019700019,1,0.09169779384522883,0.04513566308334956,0.5836963036963038,0.3286654423850148,0.011175475165784121,0.09181685754542583,0.04438396675690444,0.6278521478521479,0.5041417005947936,0.24165547958525366
fm_ct2_zip2,08,3,1750,1750,5250,16,3.0,117,5.125,1.0,38.710842750734436,0.8915679476810392,0.0031815901430810867,1,0.11592770298553834,0.04343120516451213,0.6707292707292707,0.8073361219313376,0.04568434446385304,0.11910929312861943,0.04356162014726885,0.6669330669330669,0.7366872646437876,0.26071770980670533
fm_ct2_zip2,08,3,1750,1750,5250,16,3.0,117,5.125,1.0,15.347417356674043,0.7746672914196762,0.01795637965049382,1,0.09683666759184387,0.043814708844394666,0.6928271728271729,0.8349708234113429,-0.04235998747376484,0.11479304724233769,0.04335648770924384,0.7048951048951049,0.8228870720460365,0.1592526377443894
fm_ct2_zip2,08,3,1750,1750,5250,16,3.0,117,5.125,1.0,33.22914079689239,0.903522341677162,-0.0025800756542165293,0,0.13810797285658033,0.043463584297537106,0.665934065934066,0.7325164929414001,0.06763205658033491,0.1355278972023638,0.04356648625530517,0.6883116883116882,0.827729314698962,0.3142688193508923
fm_ct2_zip2,08,2,1750,1750,3500,16,2.0,117,5.125,1.0,28.73639876307396,0.9115127458585868,-0.006336410088754102,0,0.11298877501956839,0.043995925246594327,0.6395204795204794,0.6248885545250954,-0.015506168785250381,0.10665236493081429,0.04388653976857451,0.658861138861139,0.6970537282748402,0.4669031439664247
fm_ct2_zip2,08,2,1750,1750,3500,16,2.0,117,5.125,1.0,29.25145529342008,0.9314699449213462,-0.011961184738542033,0,0.09169779384522883,0.04513566308334956,0.5836963036963038,0.3286654423850148,0.011175475165784121,0.0797366091066868,0.04456876739312035,0.6256543456543456,0.5112353249979731,0.5179397264372285
fm_ct2_zip2,08,2,1750,1750,3500,16,2.0,117,5.125,1.0,37.92275976707782,0.9419559523854797,-0.027608382543047066,0,0.11592770298553834,0.04343120516451213,0.6707292707292707,0.8073361219313376,0.04568434446385304,0.08831932044249127,0.044368702453388004,0.6394005994005993,0.5617522554639333,0.5452082305991928
fm_ct2_zip2,08,2,1750,1750,3500,16,2.0,117,5.125,1.0,21.654289336013896,0.9064561095813402,-0.010418964392837321,0,0.09683666759184387,0.043814708844394666,0.6928271728271729,0.8349708234113429,-0.04235998747376484,0.08641770319900655,0.04438009687987324,0.6619780219780219,0.6494561015470022,0.5547407004652697
fm_ct2_zip2,08,2,1750,1750,3500,16,2.0,117,5.125,1.0,11.585738999243077,0.827264405159192,-0.023734736648777732,0,0.13810797285658033,0.043463584297537106,0.665934065934066,0.7325164929414001,0.06763205658033491,0.1143732362078026,0.04377242962869352,0.6933866133866134,0.8966676873356378,0.5548520498281516
fm_ct2_zip2,08,4,1750,1750,7000,16,4.0,117,5.125,1.0,55.32199138646716,0.9271292921112986,0.01606775678398578,1,0.11298877501956839,0.043995925246594327,0.6395204795204794,0.6248885545250954,-0.015506168785250381,0.12905653180355417,0.043653211463865714,0.654945054945055,0.5883460921918319,0.38764606994542794
fm_ct2_zip2,08,4,1750,1750,7000,16,4.0,117,5.125,1.0,83.4323493232577,0.9520568528478303,0.002084403180802899,1,0.09169779384522883,0.04513566308334956,0.5836963036963038,0.3286654423850148,0.011175475165784121,0.09378219702603173,0.044536471930117644,0.6106293706293706,0.3878741655375125,0.3252291882461607
fm_ct2_zip2,08,4,1750,1750,7000,16,4.0,117,5.125,1.0,62.0010557379406,0.9254306468683358,0.006024377680884749,1,0.11592770298553834,0.04343120516451213,0.6707292707292707,0.8073361219313376,0.04568434446385304,0.12195208066642309,0.043600795242301774,0.673926073926074,0.611651090789298,0.30196301464743064
fm_ct2_zip2,08,4,1750,1750,7000,16,4.0,117,5.125,1.0,150.76940115150893,0.9731222526763708,0.006796799273490514,1,0.09683666759184387,0.043814708844394666,0.6928271728271729,0.8349708234113429,-0.04235998747376484,0.10363346686533438,0.04405527690505335,0.691988011988012,0.6414801020145815,0.2923181960778797
fm_ct2_zip2,08,4,1750,1750,7000,16,4.0,117,5.125,1.0,88.8406465431735,0.9546793940415051,-0.007361534743737269,0,0.13810797285658033,0.043463584297537106,0.665934065934066,0.7325164929414001,0.06763205658033491,0.13074643811284306,0.04381158210372117,0.6780019980019979,0.6711715446578405,0.4319499246882137
fm_ct2_zip2,08,3,1750,1750,5250,16,3.0,117,5.125,1.0,35.64108483449509,0.9154547427810527,0.022054917911963984,1,0.11298877501956839,0.043995925246594327,0.6395204795204794,0.6248885545250954,-0.015506168785250381,0.13504369293153237,0.04358141061219791,0.6628971028971029,0.6086242890723934,0.6187712927997575
fm_ct2_zip2,08,3,1750,1750,5250,16,3.0,117,5.125,1.0,46.63016783068135,0.9354419434098744,-0.012166040944498038,0,0.09169779384522883,0.04513566308334956,0.5836963036963038,0.3286654423850148,0.011175475165784121,0.07953175290073079,0.04520661249264386,0.604035964035964,0.33775391589274645,0.619231854330544
fm_ct2_zip2,08,3,1750,1750,5250,16,3.0,117,5.125,1.0,57.0035504829285,0.9463885436504617,-0.01651340095854273,0,0.11592770298553834,0.04343120516451213,0.6707292707292707,0.8073361219313376,0.04568434446385304,0.09941430202699561,0.04454935556200515,0.6563836163836164,0.4893445177458978,0.6033649530758172
fm_ct2_zip2,08,3,1750,1750,5250,16,3.0,117,5.125,1.0,60.464920053887376,0.9497985556687372,-0.002562612469025949,0,0.09683666759184387,0.043814708844394666,0.6928271728271729,0.8349708234113429,-0.04235998747376484,0.09427405512281792,0.04498803540310932,0.6585414585414585,0.4773770290073955,0.570334317563607
fm_ct2_zip2,08,3,1750,1750,5250,16,3.0,117,5.125,1.0,26.751244986889773,0.8833905155795131,-0.009660953121621685,0,0.13810797285658033,0.043463584297537106,0.665934065934066,0.7325164929414001,0.06763205658033491,0.12844701973495865,0.04402720064251745,0.6798401598401599,0.6694392343292228,0.6777944087502071
fm_ct2_zip2,08,2,1750,1750,3500,16,2.0,117,5.125,1.0,39.999827059551436,0.9498758177105139,0.03131202661308813,1,0.11298877501956839,0.043995925246594327,0.6395204795204794,0.6248885545250954,-0.015506168785250381,0.14430080163265652,0.04324426144201645,0.658101898101898,0.6715645823424986,0.37654913689147856
fm_ct2_zip2,08,2,1750,1750,3500,16,2.0,117,5.125,1.0,56.54751941073657,0.9646199020139739,-0.00974571581815678,0,0.09169779384522883,0.04513566308334956,0.5836963036963038,0.3286654423850148,0.011175475165784121,0.08195207802707205,0.04542685780030214,0.6164235764235764,0.363635469031598,0.32728371601417316
fm_ct2_zip2,08,2,1750,1750,3500,16,2.0,117,5.125,1.0,38.03865280695399,0.9439614952903881,-0.01721181197194127,0,0.11592770298553834,0.04343120516451213,0.6707292707292707,0.8073361219313376,0.04568434446385304,0.09871589101359707,0.044641896043562154,0.6514285714285714,0.5158993524086531,0.2927846291789583
fm_ct2_zip2,08,2,1750,1750,3500,16,2.0,117,5.125,1.0,41.89095229469608,0.9522250446544894,-0.0039298684387482075,0,0.09683666759184387,0.043814708844394666,0.6928271728271729,0.8349708234113429,-0.04235998747376484,0.09290679915309566,0.0454815171228845,0.6735264735264734,0.5089038949544816,0.21360445560400068
fm_ct2_zip2,08,2,1750,1750,3500,16,2.0,117,5.125,1.0,34.16537537335462,0.9237057095700955,-0.014224641968537649,0,0.13810797285658033,0.043463584297537106,0.665934065934066,0.7325164929414001,0.06763205658033491,0.12388333088804268,0.04380817128082711,0.6752047952047953,0.6503307134557357,0.3779417899291342
fm_ct2_zip2,08,3,1750,1750,5250,16,3.0,117,5.125,1.0,49.536389290620065,0.9386687934673368,0.03519615890230243,1,0.11298877501956839,0.043995925246594327,0.6395204795204794,0.6248885545250954,-0.015506168785250381,0.14818493392187082,0.043872395676851805,0.653026973026973,0.6330803083786158,0.6458439777921676
fm_ct2_zip2,08,3,1750,1750,5250,16,3.0,117,5.125,1.0,34.289661874075705,0.9111286906471328,-0.0006611300263528047,0,0.09169779384522883,0.04513566308334956,0.5836963036963038,0.3286654423850148,0.011175475165784121,0.09103666381887603,0.04444746890055542,0.6218181818181818,0.45241146520149156,0.5828598433303989
fm_ct2_zip2,08,3,1750,1750,5250,16,3.0,117,5.125,1.0,26.474260471894944,0.8861486747825336,0.0208050504861797,1,0.11592770298553834,0.04343120516451213,0.6707292707292707,0.8073361219313376,0.04568434446385304,0.13673275347171804,0.04368060466139239,0.6802797202797203,0.695291853468681,0.5577364551140555
fm_ct2_zip2,08,3,1750,1750,5250,16,3.0,117,5.125,1.0,66.30476081188469,0.9547531201800019,0.0014320122415047015,1,0.09683666759184387,0.043814708844394666,0.6928271728271729,0.8349708234113429,-0.04235998747376484,0.09826867983334857,0.044138372130407715,0.6857942057942057,0.6194763673489095,0.5807828104237717
fm_ct2_zip2,08,3,1750,1750,5250,16,3.0,117,5.125,1.0,37.632623376211654,0.9200932881745665,-0.01893454409087661,0,0.13810797285658033,0.043463584297537106,0.665934065934066,0.7325164929414001,0.06763205658033491,0.11917342876570372,0.04411669380295553,0.6809990009990009,0.7498000608146664,0.6813926483915231
fm_ct2_zip2,08,4,1750,1750,7000,16,4.0,117,5.125,1.0,51.48752016252755,0.9214570508039824,0.02153350567961626,1,0.11298877501956839,0.043995925246594327,0.6395204795204794,0.6248885545250954,-0.015506168785250381,0.13452228069918465,0.04387127389637396,0.6433566433566433,0.4969528793718877,0.5284115017419122
fm_ct2_zip2,08,4,1750,1750,7000,16,4.0,117,5.125,1.0,51.4401372266594,0.9204202918544466,-0.0011929281863639896,0,0.09169779384522883,0.04513566308334956,0.5836963036963038,0.3286654423850148,0.011175475165784121,0.09050486565886484,0.04445177558568474,0.5902097902097903,0.3309490913605835,0.5551433051756447
fm_ct2_zip2,08,4,1750,1750,7000,16,4.0,117,5.125,1.0,42.95788641528742,0.9064168314675745,-0.004815181804629934,0,0.11592770298553834,0.04343120516451213,0.6707292707292707,0.8073361219313376,0.04568434446385304,0.1111125211809084,0.043945163767373494,0.6563436563436563,0.6011262005708408,0.563838630632407
fm_ct2_zip2,08,4,1750,1750,7000,16,4.0,117,5.125,1.0,39.155323255797526,0.8950102504438677,0.008559540030667556,1,0.09683666759184387,0.043814708844394666,0.6928271728271729,0.8349708234113429,-0.04235998747376484,0.10539620762251142,0.04385730991215809,0.6674925074925075,0.6094125085231343,0.4998523970512113
fm_ct2_zip2,08,4,1750,1750,7000,16,4.0,117,5.125,1.0,37.875731378190125,0.8943836912704981,-0.032440420876981985,0,0.13810797285658033,0.043463584297537106,0.665934065934066,0.7325164929414001,0.06763205658033491,0.10566755197959835,0.04402022868928583,0.6812387612387613,0.7000642820561405,0.6176636111254251
fm_ct2_zip2,08,4,1750,1750,7000,16,4.0,117,5.125,1.0,52.376077581816226,0.9234794165210393,0.07904353267859351,1,0.11298877501956839,0.043995925246594327,0.6395204795204794,0.6248885545250954,-0.015506168785250381,0.1920323076981619,0.043000249705423696,0.6481118881118881,0.6922978005239879,0.43882947954317014
fm_ct2_zip2,08,4,1750,1750,7000,16,4.0,117,5.125,1.0,73.85343316629982,0.9454405317058566,0.0037861396225077615,1,0.09169779384522883,0.04513566308334956,0.5836963036963038,0.3286654423850148,0.011175475165784121,0.09548393346773659,0.04429911810087026,0.6147852147852149,0.4729853107095963,0.42104637256832017
fm_ct2_zip2,08,4,1750,1750,7000,16,4.0,117,5.125,1.0,43.211650125567616,0.8981900479574261,0.0229143895657494,1,0.11592770298553834,0.04343120516451213,0.6707292707292707,0.8073361219313376,0.04568434446385304,0.13884209255128774,0.04352788385625657,0.6431168831168831,0.6180018787617618,0.43133815299383244
fm_ct2_zip2,08,4,1750,1750,7000,16,4.0,117,5.125,1.0,43.32542000215685,0.9076708142645433,0.0010661021116366576,1,0.09683666759184387,0.043814708844394666,0.6928271728271729,0.8349708234113429,-0.04235998747376484,0.09790276970348052,0.04426168715914632,0.6922277722277722,0.6585042435253439,0.35804705322491975
fm_ct2_zip2,08,4,1750,1750,7000,16,4.0,117,5.125,1.0,53.94403874466262,0.9250315501335418,-0.017895315246960503,0,0.13810797285658033,0.043463584297537106,0.665934065934066,0.7325164929414001,0.06763205658033491,0.12021265760961983,0.04361571529781702,0.6784015984015983,0.7174066343501014,0.4889881183687981
fm_ct2_zip2,08,2,1750,1750,3500,16,2.0,117,5.125,1.0,18.32087508997727,0.8829693741180872,0.039410228523610674,1,0.11298877501956839,0.043995925246594327,0.6395204795204794,0.6248885545250954,-0.015506168785250381,0.15239900354317906,0.04317303994973838,0.6668131868131868,0.7869399614199406,0.3067798241123551
fm_ct2_zip2,08,2,1750,1750,3500,16,2.0,117,5.125,1.0,26.308817362790187,0.9186153241455595,-0.0037394188044274634,0,0.09169779384522883,0.04513566308334956,0.5836963036963038,0.3286654423850148,0.011175475165784121,0.08795837504080137,0.044404633653426895,0.5942457542457542,0.42156998203444396,0.3257924874390008
fm_ct2_zip2,08,2,1750,1750,3500,16,2.0,117,5.125,1.0,16.460747561090674,0.8773018770602258,-0.014119434262258715,0,0.11592770298553834,0.04343120516451213,0.6707292707292707,0.8073361219313376,0.04568434446385304,0.10180826872327962,0.04400353948988118,0.6557442557442557,0.6327685354556571,0.3261903280950624
fm_ct2_zip2,08,2,1750,1750,3500,16,2.0,117,5.125,1.0,23.010120031815518,0.9075227683619776,0.010476303778013007,1,0.09683666759184387,0.043814708844394666,0.6928271728271729,0.8349708234113429,-0.04235998747376484,0.10731297136985687,0.04375218195688063,0.6728471528471528,0.6818308302289184,0.2584127428815396
fm_ct2_zip2,08,2,1750,1750,3500,16,2.0,117,5.125,1.0,12.741131350811552,0.8062252202532149,-0.023851038826788712,0,0.13810797285658033,0.043463584297537106,0.665934065934066,0.7325164929414001,0.06763205658033491,0.11425693402979162,0.04365032681915308,0.6844355644355644,0.8423283221294476,0.38090307948714375
fm_ct2_zip2,08,1,1750,1750,1750,16,1.0,117,5.125,1.0,4.0189777952105885,0.7506637042084113,0.05806989451704517,1,0.11298877501956839,0.043995925246594327,0.6395204795204794,0.6248885545250954,-0.015506168785250381,0.17105866953661356,0.0431174730629827,0.6713286713286714,1.0477574355802082,0.15645076889487783
fm_ct2_zip2,08,1,1750,1750,1750,16,1.0,117,5.125,1.0,4.267462311712169,0.7331820404845508,-0.007298604253300783,0,0.09169779384522883,0.04513566308334956,0.5836963036963038,0.3286654423850148,0.011175475165784121,0.08439918959192805,0.04435562232520474,0.607112887112887,0.4992327791210985,0.2313073302122293
fm_ct2_zip2,08,1,1750,1750,1750,16,1.0,117,5.125,1.0,5.094962102112282,0.799291280369494,-0.0012306865008403917,0,0.11592770298553834,0.04343120516451213,0.6707292707292707,0.8073361219313376,0.04568434446385304,0.11469701648469795,0.043585924108802465,0.668011988011988,0.9078834174100363,0.16160889467397044
fm_ct2_zip2,08,1,1750,1750,1750,16,1.0,117,5.125,1.0,2.7778342429123875,0.6178064277975648,0.00956073352765606,1,0.09683666759184387,0.043814708844394666,0.6928271728271729,0.8349708234113429,-0.04235998747376484,0.10639740111949993,0.043591811679387193,0.7047352647352647,0.9566570848366843,0.06698550080857406
fm_ct2_zip2,08,1,1750,1750,1750,16,1.0,117,5.125,1.0,4.817329658526366,0.787356192567668,-0.00566070980306832,0,0.13810797285658033,0.043463584297537106,0.665934065934066,0.7325164929414001,0.06763205658033491,0.132447263053512,0.043513410633047526,0.6835564435564435,1.0014585582174054,0.24415849847136786
fm_ct2_zip2,10,3,1750,1750,5250,16,3.0,155,6.8125,1.0,71.4966933120358,0.9546135204800417,0.020155637255053205,1,0.18656905039986732,0.054361847655423415,0.7124505928853755,0.713291148079985,0.01134601761683718,0.20672468765492052,0.05579738636377659,0.7051321640316206,0.8182621009682205,0.7481988040113886
fm_ct2_zip2,10,3,1750,1750,5250,16,3.0,155,6.75,1.0,47.27470014866097,0.9364883916940612,-0.017296720251378905,0,0.1921636288645228,0.055326355281569685,0.7398989134711419,0.8552259367645635,0.0002520794228729906,0.17486690861314388,0.05682810311162479,0.7404739565993764,0.9030817278619643,0.739044504622547
fm_ct2_zip2,10,3,1750,1750,5250,16,3.0,155,6.8125,1.0,35.62495211125026,0.8994729362584156,-0.0014181062879791428,0,0.17281998273798943,0.05471218277170578,0.7451828063241107,0.8658355679318088,-0.0019401308093155536,0.1714018764500103,0.05586068523040173,0.7496294466403163,0.9286031121148007,0.6615946330745305
fm_ct2_zip2,10,3,1750,1750,5250,16,3.0,155,6.8125,1.0,31.374275718167873,0.902889724025987,-0.02798507664046912,0,0.1824934239296903,0.0543928168649295,0.7212821146245059,0.8225150790615412,0.10103128677386324,0.1545083472892212,0.05634511515259874,0.7083127470355732,0.8123779778052931,0.6646806709379866
fm_ct2_zip2,10,3,1750,1750,5250,16,3.0,155,6.8125,1.0,34.704651058725844,0.9135546101845251,-0.008018977912481629,0,0.21253136197873024,0.05362952420147198,0.7611166007905138,1.178551338887369,0.0003169525192681083,0.2045123840662486,0.05580881976848168,0.7540452075098815,1.1429315232280364,0.6970824622647057
fm_ct2_zip2,10,4,1750,1750,7000,16,4.0,155,6.8125,1.0,51.269555225988455,0.9219755557766907,-0.0005356861226484821,0,0.18656905039986732,0.054361847655423415,0.7124505928853755,0.713291148079985,0.01134601761683718,0.18603336427721884,0.05547887045984275,0.7033411561264822,0.839165492530265,0.4809830834748842
fm_ct2_zip2,10,4,1750,1750,7000,16,4.0,155,6.75,1.0,94.42673098347305,0.957569878799607,-0.011809088498232673,0,0.1921636288645228,0.055326355281569685,0.7398989134711419,0.8552259367645635,0.0002520794228729906,0.18035454036629012,0.05592388032760141,0.7331497230713356,0.9582557790331888,0.45823553498817626
fm_ct2_zip2,10,4,1750,1750,7000,16,4.0,155,6.8125,1.0,56.66564112312703,0.9293934006229734,0.0016450480154961422,1,0.17281998273798943,0.05471218277170578,0.7451828063241107,0.8658355679318088,-0.0019401308093155536,0.17446503075348557,0.05547759271185206,0.7304533102766798,0.9253956161969328,0.4814604623606105
fm_ct2_zip2,10,4,1750,1750,7000,16,4.0,155,6.8125,1.0,42.97384098618488,0.906885727965396,-0.03285724534421333,0,0.1824934239296903,0.0543928168649295,0.7212821146245059,0.8225150790615412,0.10103128677386324,0.14963617858547698,0.05613785181520109,0.7101963932806323,0.8683718960977991,0.5151517886780557
fm_ct2_zip2,10,4,1750,1750,7000,16,4.0,155,6.8125,1.0,64.6863784391362,0.9358111375014044,-0.003995025314025374,0,0.21253136197873024,0.05362952420147198,0.7611166007905138,1.178551338887369,0.0003169525192681083,0.20853633666470486,0.05485963274296248,0.7675395256916996,1.2834047652029796,0.44585599957623906
fm_ct2_zip2,10,4,1750,1750,7000,16,4.0,155,6.8125,1.0,97.04468723115271,0.9525733298248599,-0.014931074385538146,0,0.18656905039986732,0.054361847655423415,0.7124505928853755,0.713291148079985,0.01134601761683718,0.17163797601432917,0.05591660085201225,0.6944169960474308,0.7364651132282684,0.6304582302818768
fm_ct2_zip2,10,4,1750,1750,7000,16,4.0,155,6.75,1.0,167.19991877462041,0.9751256388544184,-0.021721364220512407,0,0.1921636288645228,0.055326355281569685,0.7398989134711419,0.8552259367645635,0.0002520794228729906,0.17044226464401038,0.05684318709903776,0.7327865379377138,0.85151228498402,0.7570767238199941
fm_ct2_zip2,10,4,1750,1750,7000,16,4.0,155,6.8125,1.0,77.6671029037527,0.9484376096615201,-0.011848851632420165,0,0.17281998273798943,0.05471218277170578,0.7451828063241107,0.8658355679318088,-0.0019401308093155536,0.16097113110556927,0.05638841626346764,0.720016057312253,0.7418712526311794,0.7681433474968762
fm_ct2_zip2,10,4,1750,1750,7000,16,4.0,155,6.8125,1.0,49.5581976396918,0.9065445855379913,-0.025890617266767224,0,0.1824934239296903,0.0543928168649295,0.7212821146245059,0.8225150790615412,0.10103128677386324,0.1566028066629231,0.056309594324930774,0.7101963932806323,0.7123780181208147,0.6740556696778458
fm_ct2_zip2,10,4,1750,1750,7000,16,4.0,155,6.8125,1.0,86.88131433016318,0.9535220962009305,-0.04971683128990728,0,0.21253136197873024,0.05362952420147198,0.7611166007905138,1.178551338887369,0.0003169525192681083,0.16281453068882296,0.05642035633915356,0.7505249505928854,0.9574321760254517,0.8133633084186057
fm_ct2_zip2,10,2,1750,1750,3500,16,2.0,155,6.8125,1.0,30.773544269173044,0.9349562206044195,0.016371581753248016,1,0.18656905039986732,0.054361847655423415,0.7124505928853755,0.713291148079985,0.01134601761683718,0.20294063215311534,0.055072768778503416,0.7002223320158104,0.8013214585329168,0.4175630282664871
fm_ct2_zip2,10,2,1750,1750,3500,16,2.0,155,6.75,1.0,48.45927571903337,0.9489594753604331,0.004654524578253438,1,0.1921636288645228,0.055326355281569685,0.7398989134711419,0.8552259367645635,0.0002520794228729906,0.19681815344277623,0.05580803552788818,0.7338760933385794,1.0108172410902332,0.49172706459491167
fm_ct2_zip2,10,2,1750,1750,3500,16,2.0,155,6.8125,1.0,28.43127255422017,0.9294926301007922,0.010303285060883155,1,0.17281998273798943,0.05471218277170578,0.7451828063241107,0.8658355679318088,-0.0019401308093155536,0.18312326779887259,0.05526193373853224,0.7466958992094861,0.9672870705176092,0.452121976855633
fm_ct2_zip2,10,2,1750,1750,3500,16,2.0,155,6.8125,1.0,20.787560644251485,0.903310903667635,-0.01852799101086844,0,0.1824934239296903,0.0543928168649295,0.7212821146245059,0.8225150790615412,0.10103128677386324,0.16396543291882187,0.05561383459285054,0.7079730731225297,0.8360107672088424,0.4148107452513838
fm_ct2_zip2,10,2,1750,1750,3500,16,2.0,155,6.8125,1.0,31.29017687331885,0.9360755787601651,-0.01914217265003454,0,0.21253136197873024,0.05362952420147198,0.7611166007905138,1.178551338887369,0.0003169525192681083,0.1933891893286957,0.05485002642568242,0.7741786067193676,1.2336160708320687,0.42008084356416747
fm_ct2_zip2,10,3,1750,1750,5250,16,3.0,155,6.8125,1.0,89.92685174259344,0.9664310629953996,-0.02470688055007267,0,0.18656905039986732,0.054361847655423415,0.7124505928853755,0.713291148079985,0.01134601761683718,0.16186216984979465,0.056916035858432676,0.7023838932806324,0.7606829731203651,0.9237740161770006
fm_ct2_zip2,10,3,1750,1750,5250,16,3.0,155,6.75,1.0,70.53272451793049,0.9547769593366885,-0.022218324739706113,0,0.1921636288645228,0.055326355281569685,0.7398989134711419,0.8552259367645635,0.0002520794228729906,0.16994530412481668,0.05713643627320448,0.7428346599679186,0.8988223546264003,0.8552622174248891
fm_ct2_zip2,10,3,1750,1750,5250,16,3.0,155,6.8125,1.0,59.804441375930416,0.9483584575667037,0.008125175501918658,1,0.17281998273798943,0.05471218277170578,0.7451828063241107,0.8658355679318088,-0.0019401308093155536,0.1809451582399081,0.05609090272497121,0.7366600790513834,0.8439654885743342,0.7618217149226844
fm_ct2_zip2,10,3,1750,1750,5250,16,3.0,155,6.8125,1.0,91.53454056630127,0.9672137691152534,-0.022277391351668535,0,0.1824934239296903,0.0543928168649295,0.7212821146245059,0.8225150790615412,0.10103128677386324,0.16021603257802178,0.0563158319739288,0.7235054347826088,0.8736408845373504,0.7320437558874308
fm_ct2_zip2,10,3,1750,1750,5250,16,3.0,155,6.8125,1.0,80.89368061369609,0.9623000681752336,-0.010448701730846499,0,0.21253136197873024,0.05362952420147198,0.7611166007905138,1.178551338887369,0.0003169525192681083,0.20208266024788374,0.055374832181596834,0.7724493577075099,1.1827856870108482,0.635668106126309
fm_ct2_zip2,10,4,1750,1750,7000,16,4.0,155,6.8125,1.0,136.57349284340802,0.9703446995274283,-0.052745058428461944,0,0.18656905039986732,0.054361847655423415,0.7124505928853755,0.713291148079985,0.01134601761683718,0.13382399197140538,0.0570759667903332,0.6972887845849802,0.7639025054271507,0.7756254115716221
fm_ct2_zip2,10,4,1750,1750,7000,16,4.0,155,6.75,1.0,75.74430739215278,0.9469078548307834,-0.032813760915159,0,0.1921636288645228,0.055326355281569685,0.7398989134711419,0.8552259367645635,0.0002520794228729906,0.1593498679493638,0.05702583855561293,0.7214067370842288,0.8872654945489484,0.7483890271174038
fm_ct2_zip2,10,4,1750,1750,7000,16,4.0,155,6.8125,1.0,66.26271000136379,0.9355312629797975,-0.014297599987661724,0,0.17281998273798943,0.05471218277170578,0.7451828063241107,0.8658355679318088,-0.0019401308093155536,0.1585223827503277,0.05666754783694328,0.683300395256917,0.6353361990267248,0.7874708839604564
fm_ct2_zip2,10,4,1750,1750,7000,16,4.0,155,6.8125,1.0,78.4364835475106,0.9488017705322562,-0.07430277708455073,0,0.1824934239296903,0.0543928168649295,0.7212821146245059,0.8225150790615412,0.10103128677386324,0.10819064684513958,0.05794326565090303,0.6845355731225297,0.641880313706339,0.8301641057655075
fm_ct2_zip2,10,4,1750,1750,7000,16,4.0,155,6.8125,1.0,49.44603753698176,0.919103681091487,-0.04814314620228313,0,0.21253136197873024,0.05362952420147198,0.7611166007905138,1.178551338887369,0.0003169525192681083,0.1643882157764471,0.05637100027383325,0.7502470355731226,1.1816990284926758,0.7331939557108397
fm_ct2_zip2,10,4,1750,1750,7000,16,4.0,155,6.8125,1.0,86.14375184976225,0.9493154819110915,-0.01887509537156129,0,0.18656905039986732,0.054361847655423415,0.7124505928853755,0.713291148079985,0.01134601761683718,0.16769395502830603,0.05644039758281652,0.6969491106719368,0.7461802760009141,0.7358312135801263
fm_ct2_zip2,10,4,1750,1750,7000,16,4.0,155,6.75,1.0,56.104679314055154,0.9277151942575599,-0.027602877777155893,0,0.1921636288645228,0.055326355281569685,0.7398989134711419,0.8552259367645635,0.0002520794228729906,0.1645607510873669,0.05662449009557605,0.7137193184225659,0.8210874622518244,0.5485402901971584
fm_ct2_zip2,10,4,1750,1750,7000,16,4.0,155,6.8125,1.0,45.99675407555089,0.912422514079046,-0.014631111775120859,0,0.17281998273798943,0.05471218277170578,0.7451828063241107,0.8658355679318088,-0.0019401308093155536,0.15818887096286857,0.05604421143309412,0.7158164525691699,0.7101926366165617,0.5959860682186375
fm_ct2_zip2,10,4,1750,1750,7000,16,4.0,155,6.8125,1.0,105.55092756507449,0.9560434541721738,-0.05583223678599322,0,0.1824934239296903,0.0543928168649295,0.7212821146245059,0.8225150790615412,0.10103128677386324,0.1266611871436971,0.05707924315730836,0.6890439723320159,0.6496536695367562,0.689777372174263
fm_ct2_zip2,10,4,1750,1750,7000,16,4.0,155,6.8125,1.0,71.63008004244755,0.9429192148484193,-0.05045236329780223,0,0.21253136197873024,0.05362952420147198,0.7611166007905138,1.178551338887369,0.0003169525192681083,0.162078998680928,0.05607749444103565,0.7622900197628459,1.1424942232900828,0.6914851589120624
fm_ct2_zip2,10,1,1750,1750,1750,16,1.0,155,6.8125,1.0,31.055505053986984,0.9677742418565856,0.028462059322559408,1,0.18656905039986732,0.054361847655423415,0.7124505928853755,0.713291148079985,0.01134601761683718,0.21503110972242673,0.05444800122797288,0.7062747035573123,0.8116743977804546,0.36245829675190316
fm_ct2_zip2,10,1,1750,1750,1750,16,1.0,155,6.75,1.0,20.019060072148505,0.9495764795743394,-0.035608856707514486,0,0.1921636288645228,0.055326355281569685,0.7398989134711419,0.8552259367645635,0.0002520794228729906,0.1565547721570083,0.056628428553473865,0.7232831936079417,0.9009750165757586,0.36551453872764406
fm_ct2_zip2,10,1,1750,1750,1750,16,1.0,155,6.8125,1.0,12.571995415577947,0.9202750075680621,0.001200279071142507,1,0.17281998273798943,0.05471218277170578,0.7451828063241107,0.8658355679318088,-0.0019401308093155536,0.17402026180913194,0.055284579984575866,0.7435153162055336,0.9391204254947282,0.41429515070823997
fm_ct2_zip2,10,1,1750,1750,1750,16,1.0,155,6.8125,1.0,9.632305201817028,0.8929028545454314,-0.011941715847104295,0,0.1824934239296903,0.0543928168649295,0.7212821146245059,0.8225150790615412,0.10103128677386324,0.17055170808258602,0.055400865294360266,0.7072628458498024,0.8359259954883592,0.35539982947479104
fm_ct2_zip2,10,1,1750,1750,1750,16,1.0,155,6.8125,1.0,12.440972771534115,0.914087234208126,-0.02697820182720978,0,0.21253136197873024,0.05362952420147198,0.7611166007905138,1.178551338887369,0.0003169525192681083,0.18555316015152046,0.05493776777726265,0.7612092391304348,1.1259875355661448,0.3813820074054776
fm_ct2_zip2,10,1,1750,1750,1750,16,1.0,155,6.8125,1.0,6.729341278306425,0.8231018163744949,-0.010395250661214828,0,0.18656905039986732,0.054361847655423415,0.7124505928853755,0.713291148079985,0.01134601761683718,0.1761737997386525,0.054432606373590486,0.7131608201581028,0.8084812997015537,0.0049906902558945416
fm_ct2_zip2,10,1,1750,1750,1750,16,1.0,155,6.75,1.0,7.176022645320176,0.8508428850054031,-0.006752013414090291,0,0.1921636288645228,0.055326355281569685,0.7398989134711419,0.8552259367645635,0.0002520794228729906,0.1854116154504325,0.05541895926374069,0.7292152174570987,0.872785293033325,-0.09490206097055406
fm_ct2_zip2,10,1,1750,1750,1750,16,1.0,155,6.8125,1.0,14.31321263224166,0.924608555447636,0.0010925086018109265,1,0.17281998273798943,0.05471218277170578,0.7451828063241107,0.8658355679318088,-0.0019401308093155536,0.17391249133980036,0.054618636249707433,0.7541378458498023,0.900495105924487,-0.0413814911427384
fm_ct2_zip2,10,1,1750,1750,1750,16,1.0,155,6.8125,1.0,15.37800359928338,0.9345999487100409,-0.004188019658077885,0,0.1824934239296903,0.0543928168649295,0.7212821146245059,0.8225150790615412,0.10103128677386324,0.17830540427161243,0.054273044836840804,0.7323987154150198,0.9188969212292722,0.012311302226200456
fm_ct2_zip2,10,1,1750,1750,1750,16,1.0,155,6.8125,1.0,8.771665815903045,0.8831331449797077,-0.01755235387611323,0,0.21253136197873024,0.05362952420147198,0.7611166007905138,1.178551338887369,0.0003169525192681083,0.194979008102617,0.05373454068230952,0.7700407608695652,1.1891848159124088,-0.051752801299171834
fm_ct2_zip2,10,3,1750,1750,5250,16,3.0,155,6.8125,1.0,98.0200776799111,0.9583655144423902,-0.034545120448370964,0,0.18656905039986732,0.054361847655423415,0.7124505928853755,0.713291148079985,0.01134601761683718,0.15202392995149636,0.05620298293361943,0.7007164031620553,0.9500465010562062,0.5412539972309909
fm_ct2_zip2,10,3,1750,1750,5250,16,3.0,155,6.75,1.0,51.43427482086581,0.9416724503249699,-0.018404114291517143,0,0.1921636288645228,0.055326355281569685,0.7398989134711419,0.8552259367645635,0.0002520794228729906,0.17375951457300565,0.05678905030830846,0.7318180442480555,1.0817095026170174,0.48263372651412045
fm_ct2_zip2,10,3,1750,1750,5250,16,3.0,155,6.8125,1.0,62.88566138847344,0.951186315445478,0.014040008098415713,1,0.17281998273798943,0.05471218277170578,0.7451828063241107,0.8658355679318088,-0.0019401308093155536,0.18685999083640514,0.05556112460501814,0.7242774209486166,1.0238443849318075,0.5563890455950515
fm_ct2_zip2,10,3,1750,1750,5250,16,3.0,155,6.8125,1.0,67.93648924106637,0.955626146604974,-0.05019978829113453,0,0.1824934239296903,0.0543928168649295,0.7212821146245059,0.8225150790615412,0.10103128677386324,0.13229363563855578,0.0567803403400863,0.7067070158102766,0.8601140152410695,0.6257698034812407
fm_ct2_zip2,10,3,1750,1750,5250,16,3.0,155,6.8125,1.0,37.97562411871101,0.9185026526600122,-0.0387396126771036,0,0.21253136197873024,0.05362952420147198,0.7611166007905138,1.178551338887369,0.0003169525192681083,0.17379174930162664,0.0557757560665428,0.7618577075098816,1.3486034714828925,0.49508056102709785
fm_ct2_zip2,10,2,1750,1750,3500,16,2.0,155,6.8125,1.0,79.46973494224542,0.9704057000915921,-0.0014172936720225349,0,0.18656905039986732,0.054361847655423415,0.7124505928853755,0.713291148079985,0.01134601761683718,0.18515175672784479,0.054914357348454235,0.7186264822134386,0.8748934268663257,0.389934871656668
fm_ct2_zip2,10,2,1750,1750,3500,16,2.0,155,6.75,1.0,49.76146844844284,0.9557558636350572,-0.008234864600274755,0,0.1921636288645228,0.055326355281569685,0.7398989134711419,0.8552259367645635,0.0002520794228729906,0.18392876426424803,0.05570320153898578,0.7380829878030326,0.9034532982817525,0.22827427291152966
fm_ct2_zip2,10,2,1750,1750,3500,16,2.0,155,6.8125,1.0,19.05079214281176,0.8941554322896507,0.01497925461168223,1,0.17281998273798943,0.05471218277170578,0.7451828063241107,0.8658355679318088,-0.0019401308093155536,0.18779923734967166,0.05502614943573142,0.7290019762845851,0.870545696881811,0.34076225421593714
fm_ct2_zip2,10,2,1750,1750,3500,16,2.0,155,6.8125,1.0,27.274670405886116,0.9266044079033806,-0.02570155607920338,0,0.1824934239296903,0.0543928168649295,0.7212821146245059,0.8225150790615412,0.10103128677386324,0.15679186785048693,0.05574403417017465,0.6980298913043479,0.7329635226091213,0.3694004946155148
fm_ct2_zip2,10,2,1750,1750,3500,16,2.0,155,6.8125,1.0,36.47425535146198,0.9440772683945469,-0.007990841231501733,0,0.21253136197873024,0.05362952420147198,0.7611166007905138,1.178551338887369,0.0003169525192681083,0.2045405207472285,0.05469787677118829,0.7596035079051384,1.1947185612072755,0.3889028739083107
fm_ct2_zip2,10,1,1750,1750,1750,16,1.0,155,6.8125,1.0,13.712915136520587,0.9266345935184511,-0.025093498978511486,0,0.18656905039986732,0.054361847655423415,0.7124505928853755,0.713291148079985,0.01134601761683718,0.16147555142135583,0.055616651520975384,0.693645009881423,0.777343799379048,0.3534623329372361
fm_ct2_zip2,10,1,1750,1750,1750,16,1.0,155,6.75,1.0,4.515641369518141,0.7741731824161445,-0.03482597824300901,0,0.1921636288645228,0.055326355281569685,0.7398989134711419,0.8552259367645635,0.0002520794228729906,0.15733765062151378,0.05639536977188149,0.7191670954268938,0.885983476497557,0.2674012809232354
fm_ct2_zip2,10,1,1750,1750,1750,16,1.0,155,6.8125,1.0,8.48310132825709,0.8718036173711137,0.05470279524303506,1,0.17281998273798943,0.05471218277170578,0.7451828063241107,0.8658355679318088,-0.0019401308093155536,0.2275227779810245,0.054339254469059746,0.7612709980237155,1.3332652961496034,0.37096765381008345
fm_ct2_zip2,10,1,1750,1750,1750,16,1.0,155,6.8125,1.0,7.012008213707231,0.7758181515064879,-0.022904964369619946,0,0.1824934239296903,0.0543928168649295,0.7212821146245059,0.8225150790615412,0.10103128677386324,0.15958845956007037,0.05567729267507195,0.7064291007905139,0.9358245461912442,0.3926416145954291
fm_ct2_zip2,10,1,1750,1750,1750,16,1.0,155,6.8125,1.0,6.711555007388021,0.8431204913243728,0.020044472706769623,1,0.21253136197873024,0.05362952420147198,0.7611166007905138,1.178551338887369,0.0003169525192681083,0.23257583468549986,0.054218505476456395,0.7773283102766798,1.4917211428368105,0.3133361746629671
fm_ct2_zip2,16,3,1750,1750,5250,16,3.0,57,2.5,1.0,74.22280971516723,0.9541666837625582,-0.0587473497790469,0,0.1396184961755797,0.021321886743470794,0.7801139555412889,0.8859419320687715,0.09063147259956598,0.0808711463965328,0.02166634881911973,0.7932750180563357,1.0674623176862292,0.07862823021042961
fm_ct2_zip2,16,3,1750,1750,5250,16,3.0,57,2.5,1.0,91.59237841390933,0.9643279385926768,-0.015237071820214748,0,0.10380552524007679,0.021390600163839625,0.8424685017253832,1.0232707703769983,-0.06203685221757109,0.08856845341986204,0.021816762343908957,0.8520985474681004,1.0537287242969207,-0.12946890495035188
fm_ct2_zip2,16,3,1750,1750,5250,16,3.0,57,2.5,1.0,66.33447704397221,0.9536159184746211,0.01544306166399978,1,0.08585812983731593,0.021901096212716662,0.7236176871840141,0.5858646011252069,0.06605714609884616,0.10130119150131571,0.021431293882906693,0.7956022791108258,1.0394685229827987,0.1277131728626652
fm_ct2_zip2,16,3,1750,1750,5250,16,3.0,57,2.5,1.0,25.604180106171015,0.8809242185008825,-0.05157507295505748,0,0.19724571388492199,0.020229829211429302,0.8277826819677393,1.1865754810386557,-0.05327345455260192,0.1456706409298645,0.020859163827832775,0.8368509750421315,1.3153555263907482,-0.13711783865682034
fm_ct2_zip2,16,3,1750,1750,5250,16,3.0,57,2.5,1.0,54.17306208368137,0.9433131266936027,0.027777864605994206,1,0.06057286328463613,0.02244724353480173,0.7748976807639836,0.6762963022634219,0.13339737635897148,0.08835072789063034,0.02181508509982324,0.8451970146858198,1.1843413558190143,0.035303175716928176
fm_ct2_zip2,16,3,1750,1750,5250,16,3.0,57,2.5,1.0,64.83959449853118,0.9521738726613789,-0.0552439419611199,0,0.1396184961755797,0.021321886743470794,0.7801139555412889,0.8859419320687715,0.09063147259956598,0.0843745542144598,0.02160901266866538,0.7807559585908033,1.0405478777096608,0.10960925020407798
fm_ct2_zip2,16,3,1750,1750,5250,16,3.0,57,2.5,1.0,28.900869002582102,0.8961755315046888,-0.013414469930578515,0,0.10380552524007679,0.021390600163839625,0.8424685017253832,1.0232707703769983,-0.06203685221757109,0.09039105530949827,0.02150880203933718,0.8523392986116684,1.1485265565101639,-0.026216957081524342
fm_ct2_zip2,16,3,1750,1750,5250,16,3.0,57,2.5,1.0,49.135472223528495,0.9351110447772829,0.002360969291157089,1,0.08585812983731593,0.021901096212716662,0.7236176871840141,0.5858646011252069,0.06605714609884616,0.08821909912847302,0.02154360913889639,0.7891019982344916,1.0328767534100094,0.14581453441610176
fm_ct2_zip2,16,3,1750,1750,5250,16,3.0,57,2.5,1.0,25.33660185629767,0.881024929702744,-0.043075511543051836,0,0.19724571388492199,0.020229829211429302,0.8277826819677393,1.1865754810386557,-0.05327345455260192,0.15417020234187015,0.020866898985419564,0.8204798972795121,1.3634969225542803,-0.03883688906830627
fm_ct2_zip2,16,3,1750,1750,5250,16,3.0,57,2.5,1.0,28.153191585915703,0.893017429798842,0.026301957005287167,1,0.06057286328463613,0.02244724353480173,0.7748976807639836,0.6762963022634219,0.13339737635897148,0.0868748202899233,0.021760267146980095,0.8375732284728352,1.1731441445961575,0.059173643995403466
fm_ct2_zip2,16,4,1750,1750,7000,16,4.0,57,2.5,1.0,67.18019273046596,0.9371330441928836,-0.05092460805784893,0,0.1396184961755797,0.021321886743470794,0.7801139555412889,0.8859419320687715,0.09063147259956598,0.08869388811773077,0.02164204342086206,0.8028248134178637,1.1612320755851107,-0.30646616961106443
fm_ct2_zip2,16,4,1750,1750,7000,16,4.0,57,2.5,1.0,65.20201596926093,0.9385305267690544,-0.00938337540984309,0,0.10380552524007679,0.021390600163839625,0.8424685017253832,1.0232707703769983,-0.06203685221757109,0.0944221498302337,0.021714487110404766,0.8581173260572987,1.209365711584928,-0.2799132869757528
fm_ct2_zip2,16,4,1750,1750,7000,16,4.0,57,2.5,1.0,63.30317311996916,0.9295658156168685,0.018174626583173356,1,0.08585812983731593,0.021901096212716662,0.7236176871840141,0.5858646011252069,0.06605714609884616,0.10403275642048929,0.021426231680720904,0.8107696011556055,1.1359694121943653,-0.1612938591079438
fm_ct2_zip2,16,4,1750,1750,7000,16,4.0,57,2.5,1.0,64.22752244172312,0.9374339939795713,-0.05456247517595478,0,0.19724571388492199,0.020229829211429302,0.8277826819677393,1.1865754810386557,-0.05327345455260192,0.1426832387089672,0.020939422465045984,0.8289061873043897,1.4086466202414871,-0.314257093647163
fm_ct2_zip2,16,4,1750,1750,7000,16,4.0,57,2.5,1.0,106.51479295521185,0.9355508998764321,0.009060427582041876,1,0.06057286328463613,0.02244724353480173,0.7748976807639836,0.6762963022634219,0.13339737635897148,0.06963329086667801,0.02221138259789889,0.8336409597945591,1.0753305471862158,-0.21426417623183236
fm_ct2_zip2,16,4,1750,1750,7000,16,4.0,57,2.5,1.0,84.4574538680345,0.9425869391650494,-0.03926656066780876,0,0.1396184961755797,0.021321886743470794,0.7801139555412889,0.8859419320687715,0.09063147259956598,0.10035193550777094,0.02139222832360789,0.8132573629724741,1.1524869306225813,0.09355786109971913
fm_ct2_zip2,16,4,1750,1750,7000,16,4.0,57,2.5,1.0,112.31154474774794,0.9641968294555935,-0.01075158027500274,0,0.10380552524007679,0.021390600163839625,0.8424685017253832,1.0232707703769983,-0.06203685221757109,0.09305394496507405,0.021533197058065546,0.8400609902897038,1.0984525457916305,-0.013066162097915706
fm_ct2_zip2,16,4,1750,1750,7000,16,4.0,57,2.5,1.0,106.25107086583492,0.9622856038881271,0.002018378665689033,1,0.08585812983731593,0.021901096212716662,0.7236176871840141,0.5858646011252069,0.06605714609884616,0.08787650850300496,0.02151989320679165,0.7919910119573068,1.02502943925316,0.1451783356957286
fm_ct2_zip2,16,4,1750,1750,7000,16,4.0,57,2.5,1.0,88.19689164373287,0.9536451598581204,0.013318321825808277,1,0.19724571388492199,0.020229829211429302,0.8277826819677393,1.1865754810386557,-0.05327345455260192,0.21056403571073026,0.02079567286792242,0.8208811491854586,1.4286235512947163,0.027436518600663335
fm_ct2_zip2,16,4,1750,1750,7000,16,4.0,57,2.5,1.0,82.58022904363887,0.9502304967799083,0.025933308068948217,1,0.06057286328463613,0.02244724353480173,0.7748976807639836,0.6762963022634219,0.13339737635897148,0.08650617135358435,0.021782388777511683,0.8354867185619131,1.1270442271679135,0.10999439219064804
fm_ct2_zip2,16,3,1750,1750,5250,16,3.0,57,2.5,1.0,68.63465629912884,0.9561998116972326,0.007248744663677614,1,0.1396184961755797,0.021321886743470794,0.7801139555412889,0.8859419320687715,0.09063147259956598,0.1468672408392573,0.021293289821013014,0.8129363614477167,1.2802038176122799,-0.334200453039668
fm_ct2_zip2,16,3,1750,1750,5250,16,3.0,57,2.5,1.0,101.81212405876298,0.9667779804304455,-0.014869721749906625,0,0.10380552524007679,0.021390600163839625,0.8424685017253832,1.0232707703769983,-0.06203685221757109,0.08893580349017016,0.02188189872879674,0.8350854666559666,1.110283766041987,-0.38429771406250923
fm_ct2_zip2,16,3,1750,1750,5250,16,3.0,57,2.5,1.0,103.0918643323894,0.9708399468368507,0.051736343090382816,1,0.08585812983731593,0.021901096212716662,0.7236176871840141,0.5858646011252069,0.06605714609884616,0.13759447292769875,0.021511299181834753,0.8017815584624026,1.0400316791029063,-0.2070600882225864
fm_ct2_zip2,16,3,1750,1750,5250,16,3.0,57,2.5,1.0,80.70637949151414,0.9525791963423771,0.009565035856219262,1,0.19724571388492199,0.020229829211429302,0.8277826819677393,1.1865754810386557,-0.05327345455260192,0.20681074974114125,0.02080230863445171,0.8304309445469866,1.6282111306271334,-0.4094535175498069
fm_ct2_zip2,16,3,1750,1750,5250,16,3.0,57,2.5,1.0,135.63088695830598,0.9766411411684768,0.012750336267564132,1,0.06057286328463613,0.02244724353480173,0.7748976807639836,0.6762963022634219,0.13339737635897148,0.07332319955220026,0.021996128229606362,0.8179118850814542,1.0956678326489522,-0.22689439627545824
fm_ct2_zip2,16,4,1750,1750,7000,16,4.0,57,2.5,1.0,85.85928567511937,0.953289013915976,-0.05084570352409486,0,0.1396184961755797,0.021321886743470794,0.7801139555412889,0.8859419320687715,0.09063147259956598,0.08877279265148484,0.02151030465941192,0.8081213385763582,1.1501678187692779,-0.04004150006242225
fm_ct2_zip2,16,4,1750,1750,7000,16,4.0,57,2.5,1.0,55.62059149337532,0.925673676649318,-0.008386617816005318,0,0.10380552524007679,0.021390600163839625,0.8424685017253832,1.0232707703769983,-0.06203685221757109,0.09541890742407147,0.021620300154939404,0.8517775459433432,1.203581398187757,-0.1448282402482936
fm_ct2_zip2,16,4,1750,1750,7000,16,4.0,57,2.5,1.0,69.76489085640951,0.9426586779030313,-0.008350153541393818,0,0.08585812983731593,0.021901096212716662,0.7236176871840141,0.5858646011252069,0.06605714609884616,0.07750797629592211,0.021647535414612576,0.7816387127838857,0.9994828205898205,0.033196839738072484
fm_ct2_zip2,16,4,1750,1750,7000,16,4.0,57,2.5,1.0,66.62336282557203,0.9396878240225806,-0.03862056214411455,0,0.19724571388492199,0.020229829211429302,0.8277826819677393,1.1865754810386557,-0.05327345455260192,0.15862515174080744,0.02091912755476743,0.8226466575716234,1.4772015633605626,-0.08036074104438129
fm_ct2_zip2,16,4,1750,1750,7000,16,4.0,57,2.5,1.0,60.3331695276828,0.9265768627030796,0.02562715059016004,1,0.06057286328463613,0.02244724353480173,0.7748976807639836,0.6762963022634219,0.13339737635897148,0.08620001387479617,0.021789719566221416,0.8298691918786614,1.1349197277690215,-0.034399635090743744
fm_ct2_zip2,16,2,1750,1750,3500,16,2.0,57,2.5,1.0,47.35327133420107,0.9454562486354431,-0.05217685494101629,0,0.1396184961755797,0.021321886743470794,0.7801139555412889,0.8859419320687715,0.09063147259956598,0.08744164123456341,0.021662429884158327,0.7951207768236899,1.165595299549535,-0.2699455759198446
fm_ct2_zip2,16,2,1750,1750,3500,16,2.0,57,2.5,1.0,56.3097122154678,0.9278939954092787,-0.006046177844143713,0,0.10380552524007679,0.021390600163839625,0.8424685017253832,1.0232707703769983,-0.06203685221757109,0.09775934739593307,0.02186506864240937,0.865901613032662,1.1876831094014397,-0.3749516687254651
fm_ct2_zip2,16,2,1750,1750,3500,16,2.0,57,2.5,1.0,58.681245358147535,0.962776589938801,0.01680498090225778,1,0.08585812983731593,0.021901096212716662,0.7236176871840141,0.5858646011252069,0.06605714609884616,0.10266311073957371,0.02142937432233408,0.7909477570018457,1.1098073822649246,-0.1567210373376622
fm_ct2_zip2,16,2,1750,1750,3500,16,2.0,57,2.5,1.0,30.20914598164503,0.9126382125321996,-0.035831764891695456,0,0.19724571388492199,0.020229829211429302,0.8277826819677393,1.1865754810386557,-0.05327345455260192,0.16141394899322653,0.0208000193136302,0.8533023031859401,1.537014739885512,-0.42773472227049075
fm_ct2_zip2,16,2,1750,1750,3500,16,2.0,57,2.5,1.0,56.32915373991413,0.9554161617528232,0.018891820842890532,1,0.06057286328463613,0.02244724353480173,0.7748976807639836,0.6762963022634219,0.13339737635897148,0.07946468412752666,0.02197907180225891,0.8350854666559666,1.1894625459866703,-0.24531457411885207
fm_ct2_zip2,16,2,1750,1750,3500,16,2.0,57,2.5,1.0,33.27870007156989,0.93816004157717,-0.028612079578261757,0,0.1396184961755797,0.021321886743470794,0.7801139555412889,0.8859419320687715,0.09063147259956598,0.11100641659731794,0.021413572510581836,0.7847684776502688,1.1930090310567243,-0.19836388943849897
fm_ct2_zip2,16,2,1750,1750,3500,16,2.0,57,2.5,1.0,50.87266213610211,0.9277838350998308,0.0016989977468698236,1,0.10380552524007679,0.021390600163839625,0.8424685017253832,1.0232707703769983,-0.06203685221757109,0.10550452298694661,0.02135764161255409,0.864136104646497,1.353612923570845,-0.25371059986215533
fm_ct2_zip2,16,2,1750,1750,3500,16,2.0,57,2.5,1.0,51.58681667565344,0.9609026181233923,0.001221726932255321,1,0.08585812983731593,0.021901096212716662,0.7236176871840141,0.5858646011252069,0.06605714609884616,0.08707985676957125,0.021527443475870787,0.7864537356552443,1.1495212130688088,-0.11738243491000346
fm_ct2_zip2,16,2,1750,1750,3500,16,2.0,57,2.5,1.0,25.06778073510406,0.9192960417398492,-0.008350857869945771,0,0.19724571388492199,0.020229829211429302,0.8277826819677393,1.1865754810386557,-0.05327345455260192,0.18889485601497621,0.020732442554886328,0.8334804590321804,1.6579321004271934,-0.27527042247298855
fm_ct2_zip2,16,2,1750,1750,3500,16,2.0,57,2.5,1.0,23.64115793247242,0.9152601453685106,0.01702303961829895,1,0.06057286328463613,0.02244724353480173,0.7748976807639836,0.6762963022634219,0.13339737635897148,0.07759590290293508,0.02189865549473988,0.8240109140518418,1.1529407762643664,-0.19260904311652352
fm_ct2_zip2,16,1,1750,1750,1750,16,1.0,57,2.5,1.0,9.873240982115197,0.8610707009936215,-0.050527527059731445,0,0.1396184961755797,0.021321886743470794,0.7801139555412889,0.8859419320687715,0.09063147259956598,0.08909096911584825,0.021572939362127282,0.8027445630366744,0.9748302432502183,0.2197321384845971
fm_ct2_zip2,16,1,1750,1750,1750,16,1.0,57,2.5,1.0,10.55979598147219,0.9043858720104856,-0.008372914832500675,0,0.10380552524007679,0.021390600163839625,0.8424685017253832,1.0232707703769983,-0.06203685221757109,0.09543261040757611,0.021434055138027732,0.8342027124628841,1.082334528515499,0.05231646474669314
fm_ct2_zip2,16,1,1750,1750,1750,16,1.0,57,2.5,1.0,6.203787143459802,0.8340121612190017,-0.011666520959856888,0,0.08585812983731593,0.021901096212716662,0.7236176871840141,0.5858646011252069,0.06605714609884616,0.07419160887745904,0.02184362821498011,0.7157531498274616,0.6572947890687456,0.15257075826104918
fm_ct2_zip2,16,1,1750,1750,1750,16,1.0,57,2.5,1.0,10.055999748692749,0.8998472381773859,0.005902557959259619,1,0.19724571388492199,0.020229829211429302,0.8277826819677393,1.1865754810386557,-0.05327345455260192,0.2031482718441816,0.020585771251175212,0.8050718240911644,1.2128205616759102,0.08996748412779866
fm_ct2_zip2,16,1,1750,1750,1750,16,1.0,57,2.5,1.0,14.618630505943507,0.9306143603925909,0.023644315568476425,1,0.06057286328463613,0.02244724353480173,0.7748976807639836,0.6762963022634219,0.13339737635897148,0.08421717885311256,0.02180624188055457,0.8198378942299975,0.9838104676043127,0.21946101953389346
fm_ct2_zip2,16,1,1750,1750,1750,16,1.0,57,2.5,1.0,4.374936918538683,0.7645350148590317,-0.030452180459466363,0,0.1396184961755797,0.021321886743470794,0.7801139555412889,0.8859419320687715,0.09063147259956598,0.10916631571611334,0.021377792848750146,0.8033063157049997,1.0683358319129703,0.33123939327961627
fm_ct2_zip2,16,1,1750,1750,1750,16,1.0,57,2.5,1.0,1.9900965663895556,0.4932231939978562,0.0024156280517264317,1,0.10380552524007679,0.021390600163839625,0.8424685017253832,1.0232707703769983,-0.06203685221757109,0.10622115329180322,0.02136504016844824,0.8410239948639756,1.1326969052570215,0.1982247737004881
fm_ct2_zip2,16,1,1750,1750,1750,16,1.0,57,2.5,1.0,10.405659651114748,0.890723219637355,0.034135764030889915,1,0.08585812983731593,0.021901096212716662,0.7236176871840141,0.5858646011252069,0.06605714609884616,0.11999389386820584,0.02125787511226427,0.7911082577642243,0.9589353518910256,0.3295141058908059
fm_ct2_zip2,16,1,1750,1750,1750,16,1.0,57,2.5,1.0,1.641054651547234,0.2814732611574686,0.005265694088276263,1,0.19724571388492199,0.020229829211429302,0.8277826819677393,1.1865754810386557,-0.05327345455260192,0.20251140797319825,0.02066517894729226,0.8342829628440734,1.2737512874918988,0.18492542698049017
fm_ct2_zip2,16,1,1750,1750,1750,16,1.0,57,2.5,1.0,6.959263422612827,0.8482095195328175,0.02087263198034766,1,0.06057286328463613,0.02244724353480173,0.7748976807639836,0.6762963022634219,0.13339737635897148,0.08144549526498379,0.02181450877083486,0.8233689110023273,1.0577589143949453,0.3690657066901576
fm_ct2_zip2,16,1,1750,1750,1750,16,1.0,57,2.5,1.0,18.69397289832403,0.9408466899286363,-0.06347391206653406,0,0.1396184961755797,0.021321886743470794,0.7801139555412889,0.8859419320687715,0.09063147259956598,0.07614458410904563,0.021773294616760343,0.7650268838776983,0.9442213485579597,-0.035587379620674424
fm_ct2_zip2,16,1,1750,1750,1750,16,1.0,57,2.5,1.0,20.84894695154586,0.8957484545564536,-0.016114563569024784,0,0.10380552524007679,0.021390600163839625,0.8424685017253832,1.0232707703769983,-0.06203685221757109,0.087690961671052,0.02190453609463868,0.8600433352058422,1.05765746224578,-0.20041918004693637
fm_ct2_zip2,16,1,1750,1750,1750,16,1.0,57,2.5,1.0,14.257228931770868,0.9184024279504535,0.03908971927580723,1,0.08585812983731593,0.021901096212716662,0.7236176871840141,0.5858646011252069,0.06605714609884616,0.12494784911312316,0.02137194800704118,0.7765026883877698,0.9631189766135222,0.04972476909611364
fm_ct2_zip2,16,1,1750,1750,1750,16,1.0,57,2.5,1.0,5.1282333785160645,0.8049647244308566,-0.03088027164757745,0,0.19724571388492199,0.020229829211429302,0.8277826819677393,1.1865754810386557,-0.05327345455260192,0.16636544223734454,0.020570036500133344,0.8407029933392184,1.36261342810425,-0.24764739915082856
fm_ct2_zip2,16,1,1750,1750,1750,16,1.0,57,2.5,1.0,39.0400358736645,0.9732217229261755,0.010495324906806984,1,0.06057286328463613,0.02244724353480173,0.7748976807639836,0.6762963022634219,0.13339737635897148,0.07106818819144312,0.022075433978862986,0.8195971430864297,1.0273108345590927,-0.018652068204680416
fm_ct2_zip2,16,1,1750,1750,1750,16,1.0,57,2.5,1.0,21.790722998152496,0.9539806542203293,-0.033818156880806916,0,0.1396184961755797,0.021321886743470794,0.7801139555412889,0.8859419320687715,0.09063147259956598,0.10580033929477278,0.021378652436364286,0.7992135462643448,1.262386955213425,-0.06539774937868777
fm_ct2_zip2,16,1,1750,1750,1750,16,1.0,57,2.5,1.0,11.552041330569988,0.9100144548263881,-0.014089519349869378,0,0.10380552524007679,0.021390600163839625,0.8424685017253832,1.0232707703769983,-0.06203685221757109,0.08971600589020741,0.021706079780930646,0.8473637749779311,1.1850991631987535,-0.1836835353413252
fm_ct2_zip2,16,1,1750,1750,1750,16,1.0,57,2.5,1.0,16.81300919371718,0.9405000571682629,-0.023785661685679492,0,0.08585812983731593,0.021901096212716662,0.7236176871840141,0.5858646011252069,0.06605714609884616,0.06207246815163644,0.021906934045457065,0.7389455099911725,0.8931363925091975,0.013943687687754192
fm_ct2_zip2,16,1,1750,1750,1750,16,1.0,57,2.5,1.0,6.888195765934938,0.8530487023786562,0.017459362650446036,1,0.19724571388492199,0.020229829211429302,0.8277826819677393,1.1865754810386557,-0.05327345455260192,0.21470507653536802,0.020657752092448075,0.82770243158655,1.5215152031766206,-0.2794703924808509
fm_ct2_zip2,16,1,1750,1750,1750,16,1.0,57,2.5,1.0,8.615744564756543,0.850399589914392,0.013771783226704866,1,0.06057286328463613,0.02244724353480173,0.7748976807639836,0.6762963022634219,0.13339737635897148,0.074344646511341,0.021864719490173014,0.8149426209774495,1.1661537841715721,-0.21480955645197722
fm_ct2_zip2,18,1,1750,1750,1750,16,1.0,84,3.6875,1.0,7.237832054815916,0.8601110184574922,-0.01865975076460165,0,0.13217467105285596,0.030902984292178203,0.7751172413793104,1.0074428845333618,-0.002965125761138962,0.11351492028825431,0.031510276625704915,0.7710344827586207,0.7745774426704233,0.31642528345167564
fm_ct2_zip2,18,1,1750,1750,1750,16,1.0,84,3.6875,1.0,22.5958523388455,0.9527385082798683,0.020676615496182327,1,0.11383439112535731,0.031734154447354085,0.6734896551724138,0.5215242746959734,-0.008748929960116149,0.13451100662153964,0.031200644348916257,0.6867310344827586,0.5221530759983457,0.30465428170403985
fm_ct2_zip2,18,1,1750,1750,1750,16,1.0,84,3.6875,1.0,7.87362137978893,0.8723021936055235,-0.0017199195303197606,0,0.10237695603625808,0.03135205173972813,0.7684413793103448,0.9527344115118731,-0.01714044067012295,0.10065703650593832,0.031863856117671306,0.749903448275862,0.6905945223045286,0.29307489545997556
fm_ct2_zip2,18,1,1750,1750,1750,16,1.0,84,3.6875,1.0,20.012343228798045,0.9498894866925972,0.011708886428170875,1,0.09550080113121426,0.03167239445977621,0.724855172413793,0.7316430623976917,-0.003252059521078655,0.10720968755938513,0.031474864014361545,0.7555862068965518,0.773338534377062,0.24857189744583055
fm_ct2_zip2,18,1,1750,1750,1750,16,1.0,84,3.6875,1.0,6.429298156350285,0.8417925809274123,-0.008468486182115126,0,0.12318770543386638,0.03179327518468634,0.6766896551724138,0.5786057963906209,-0.13196866584793235,0.11471921925175126,0.03174688677676401,0.6710620689655172,0.5407279686449671,0.17084452939041184
fm_ct2_zip2,18,4,1750,1750,7000,16,4.0,84,3.6875,1.0,57.07536044809061,0.9297833877918613,-0.0009619458532892367,0,0.13217467105285596,0.030902984292178203,0.7751172413793104,1.0074428845333618,-0.002965125761138962,0.13121272519956673,0.030831481340916497,0.7891862068965517,1.1519124780426389,0.15104182787511067
fm_ct2_zip2,18,4,1750,1750,7000,16,4.0,84,3.6875,1.0,74.03372847819028,0.925190209961017,0.016710716213981985,1,0.11383439112535731,0.031734154447354085,0.6734896551724138,0.5215242746959734,-0.008748929960116149,0.1305451073393393,0.031205604480150608,0.7047724137931034,0.7855493467545174,0.12586422820163068
fm_ct2_zip2,18,4,1750,1750,7000,16,4.0,84,3.6875,1.0,70.51037317246312,0.9424299761063399,0.02295684414906192,1,0.10237695603625808,0.03135205173972813,0.7684413793103448,0.9527344115118731,-0.01714044067012295,0.12533380018532,0.03089953936938132,0.803144827586207,1.2481544198250212,0.1704435922204348
fm_ct2_zip2,18,4,1750,1750,7000,16,4.0,84,3.6875,1.0,48.90170189582653,0.9182032541195473,0.008954417575376059,1,0.09550080113121426,0.03167239445977621,0.724855172413793,0.7316430623976917,-0.003252059521078655,0.10445521870659032,0.03131101398970844,0.7473655172413793,0.9502802179930613,0.0982722645822991
fm_ct2_zip2,18,4,1750,1750,7000,16,4.0,84,3.6875,1.0,84.97053394079094,0.9505041425585988,-0.005144513602008044,0,0.12318770543386638,0.03179327518468634,0.6766896551724138,0.5786057963906209,-0.13196866584793235,0.11804319183185834,0.031150516892433013,0.7204413793103449,0.8984902442263583,0.08562786540704508
fm_ct2_zip2,18,1,1750,1750,1750,16,1.0,84,3.6875,1.0,5.4266865823653205,0.7955244575887591,-0.019049540966970938,0,0.13217467105285596,0.030902984292178203,0.7751172413793104,1.0074428845333618,-0.002965125761138962,0.11312513008588503,0.031122809966388148,0.7804137931034483,1.006554756895886,-0.1299767690211699
fm_ct2_zip2,18,1,1750,1750,1750,16,1.0,84,3.6875,1.0,5.868584168741835,0.8293019664508741,0.02289042793666829,1,0.11383439112535731,0.031734154447354085,0.6734896551724138,0.5215242746959734,-0.008748929960116149,0.1367248190620256,0.03155876703931601,0.7068137931034483,0.7533613283741188,-0.22529654057864903
fm_ct2_zip2,18,1,1750,1750,1750,16,1.0,84,3.6875,1.0,6.882550831994413,0.847254024801982,0.019099735021424022,1,0.10237695603625808,0.03135205173972813,0.7684413793103448,0.9527344115118731,-0.01714044067012295,0.1214766910576821,0.031125135213561226,0.775503448275862,1.1242436580462918,-0.24087116269375125
fm_ct2_zip2,18,1,1750,1750,1750,16,1.0,84,3.6875,1.0,3.003997724367665,0.6669630893372853,0.01185989902490342,1,0.09550080113121426,0.03167239445977621,0.724855172413793,0.7316430623976917,-0.003252059521078655,0.10736070015611768,0.03162603654280225,0.741351724137931,0.8507985920373952,-0.17908444212766297
fm_ct2_zip2,18,1,1750,1750,1750,16,1.0,84,3.6875,1.0,8.182058959768503,0.8673857400004623,-0.02306430007199388,0,0.12318770543386638,0.03179327518468634,0.6766896551724138,0.5786057963906209,-0.13196866584793235,0.1001234053618725,0.032026710127530424,0.6819862068965518,0.6955831432456487,-0.27459142931161556
fm_ct2_zip2,18,4,1750,1750,7000,16,4.0,84,3.6875,1.0,34.210398296608595,0.883074366115393,0.015461643707723516,1,0.13217467105285596,0.030902984292178203,0.7751172413793104,1.0074428845333618,-0.002965125761138962,0.14763631476057948,0.03080532573719855,0.7856,1.4046386126931332,0.09890028602026259
fm_ct2_zip2,18,4,1750,1750,7000,16,4.0,84,3.6875,1.0,80.85066342020306,0.9466461967694213,0.01971604833299001,1,0.11383439112535731,0.031734154447354085,0.6734896551724138,0.5215242746959734,-0.008748929960116149,0.13355043945834733,0.03108453880155207,0.7208827586206896,1.018897890978468,0.09491091124384222
fm_ct2_zip2,18,4,1750,1750,7000,16,4.0,84,3.6875,1.0,42.87325385937489,0.9051035666477594,0.015795391266861664,1,0.10237695603625808,0.03135205173972813,0.7684413793103448,0.9527344115118731,-0.01714044067012295,0.11817234730311975,0.03102442872960526,0.7871448275862069,1.5425624237574278,0.06712186958135563
fm_ct2_zip2,18,4,1750,1750,7000,16,4.0,84,3.6875,1.0,45.17881581129868,0.9109820496247025,0.009582532374400293,1,0.09550080113121426,0.03167239445977621,0.724855172413793,0.7316430623976917,-0.003252059521078655,0.10508333350561455,0.03126438330785775,0.7490206896551724,1.1805110897613107,0.03569045541017977
fm_ct2_zip2,18,4,1750,1750,7000,16,4.0,84,3.6875,1.0,42.698404403219975,0.9016627632194334,-0.00030683544388766804,0,0.12318770543386638,0.03179327518468634,0.6766896551724138,0.5786057963906209,-0.13196866584793235,0.12288086998997871,0.031144869967988067,0.7171310344827586,1.093427762948631,-0.0055183654445089565
fm_ct2_zip2,18,2,1750,1750,3500,16,2.0,84,3.6875,1.0,18.283344005187566,0.8904359759390357,-0.021713373391769902,0,0.13217467105285596,0.030902984292178203,0.7751172413793104,1.0074428845333618,-0.002965125761138962,0.11046129766108606,0.031155378101571814,0.7699862068965517,1.0385412717311564,-0.05353439169664651
fm_ct2_zip2,18,2,1750,1750,3500,16,2.0,84,3.6875,1.0,46.814180832569605,0.9519594961515246,0.005435388059549226,1,0.11383439112535731,0.031734154447354085,0.6734896551724138,0.5215242746959734,-0.008748929960116149,0.11926977918490654,0.03143545252351445,0.7036137931034482,0.7815880017487431,-0.030082070118337873
fm_ct2_zip2,18,2,1750,1750,3500,16,2.0,84,3.6875,1.0,62.578073647034344,0.9676371990253391,0.02361101744045037,1,0.10237695603625808,0.03135205173972813,0.7684413793103448,0.9527344115118731,-0.01714044067012295,0.12598797347670845,0.031190962535827017,0.7428965517241379,0.9198523517517588,0.0035398883444695333
fm_ct2_zip2,18,2,1750,1750,3500,16,2.0,84,3.6875,1.0,39.46697918327438,0.9492199000333054,0.02910802782554489,1,0.09550080113121426,0.03167239445977621,0.724855172413793,0.7316430623976917,-0.003252059521078655,0.12460882895675915,0.031379850580951704,0.7423448275862069,0.9212354555785768,0.001557948438540827
fm_ct2_zip2,18,2,1750,1750,3500,16,2.0,84,3.6875,1.0,17.638228172022146,0.8822880028397209,-0.025127975207212855,0,0.12318770543386638,0.03179327518468634,0.6766896551724138,0.5786057963906209,-0.13196866584793235,0.09805973022665353,0.03172550176507529,0.6925793103448276,0.7185064629217967,-0.15654937261269758
fm_ct2_zip2,18,4,1750,1750,7000,16,4.0,84,3.6875,1.0,60.2533059934299,0.9285847319061578,-0.002984566019014978,0,0.13217467105285596,0.030902984292178203,0.7751172413793104,1.0074428845333618,-0.002965125761138962,0.12919010503384099,0.031026908110224953,0.7784275862068966,1.1281196737716812,0.29397602643226844
fm_ct2_zip2,18,4,1750,1750,7000,16,4.0,84,3.6875,1.0,49.66313275568264,0.9180050773388144,0.003598089507125715,1,0.11383439112535731,0.031734154447354085,0.6734896551724138,0.5215242746959734,-0.008748929960116149,0.11743248063248303,0.031488476249450455,0.7158620689655173,0.8439975288543803,0.33176820972276294
fm_ct2_zip2,18,4,1750,1750,7000,16,4.0,84,3.6875,1.0,43.26974544432643,0.9066520688999931,0.010055680298198769,1,0.10237695603625808,0.03135205173972813,0.7684413793103448,0.9527344115118731,-0.01714044067012295,0.11243263633445685,0.03160435902991935,0.7544275862068965,0.9346166715894108,0.35315676065627716
fm_ct2_zip2,18,4,1750,1750,7000,16,4.0,84,3.6875,1.0,62.39194777156797,0.9357664111360566,0.003963090257726662,1,0.09550080113121426,0.03167239445977621,0.724855172413793,0.7316430623976917,-0.003252059521078655,0.09946389138894092,0.031457526217751774,0.7506206896551725,0.9291904254661074,0.33580322641117905
fm_ct2_zip2,18,4,1750,1750,7000,16,4.0,84,3.6875,1.0,34.136608656560384,0.8828027279407735,-0.010653123766163966,0,0.12318770543386638,0.03179327518468634,0.6766896551724138,0.5786057963906209,-0.13196866584793235,0.11253458166770242,0.03136713949490143,0.6978758620689656,0.8292243787558616,0.21953906666263603
fm_ct2_zip2,18,3,1750,1750,5250,16,3.0,84,3.6875,1.0,28.777562481806573,0.8950922508122936,0.008776808903199568,1,0.13217467105285596,0.030902984292178203,0.7751172413793104,1.0074428845333618,-0.002965125761138962,0.14095147995605553,0.030810733501914492,0.7484137931034484,0.8959910004696238,0.21767278271260593
fm_ct2_zip2,18,3,1750,1750,5250,16,3.0,84,3.6875,1.0,34.60695418236983,0.9121939598852197,0.002653991013929602,1,0.11383439112535731,0.031734154447354085,0.6734896551724138,0.5215242746959734,-0.008748929960116149,0.11648838213928692,0.031455543079057874,0.7009655172413793,0.6881836380761297,0.20801199406810314
fm_ct2_zip2,18,3,1750,1750,5250,16,3.0,84,3.6875,1.0,23.291019041220956,0.8623823163238755,0.004919962354453716,1,0.10237695603625808,0.03135205173972813,0.7684413793103448,0.9527344115118731,-0.01714044067012295,0.1072969183907118,0.03125325576332456,0.7880827586206895,1.0778527687826558,0.22791577480406747
fm_ct2_zip2,18,3,1750,1750,5250,16,3.0,84,3.6875,1.0,22.640261424586672,0.8568056500843253,0.005813253758509135,1,0.09550080113121426,0.03167239445977621,0.724855172413793,0.7316430623976917,-0.003252059521078655,0.10131405488972339,0.03143584971015963,0.7123862068965517,0.7796508372541886,0.16506267841070196
fm_ct2_zip2,18,3,1750,1750,5250,16,3.0,84,3.6875,1.0,27.43299763766302,0.8886901673031069,-0.008901439572766276,0,0.12318770543386638,0.03179327518468634,0.6766896551724138,0.5786057963906209,-0.13196866584793235,0.1142862658611001,0.031194649504276886,0.7238068965517241,0.8618660150025097,0.12507330539705175
fm_ct2_zip2,18,3,1750,1750,5250,16,3.0,84,3.6875,1.0,19.340329736388988,0.8448787083127257,-0.02648816603075202,0,0.13217467105285596,0.030902984292178203,0.7751172413793104,1.0074428845333618,-0.002965125761138962,0.10568650502210394,0.031282588198538575,0.7624275862068965,1.0835261848763187,0.11284384295314927
fm_ct2_zip2,18,3,1750,1750,5250,16,3.0,84,3.6875,1.0,65.13958555010922,0.951083269068477,0.004170235482831866,1,0.11383439112535731,0.031734154447354085,0.6734896551724138,0.5215242746959734,-0.008748929960116149,0.11800462660818918,0.031277944673457306,0.6929103448275862,0.8288207860908569,0.06411082646447079
fm_ct2_zip2,18,3,1750,1750,5250,16,3.0,84,3.6875,1.0,25.297194230275295,0.8813853493638766,0.0062728690560478195,1,0.10237695603625808,0.03135205173972813,0.7684413793103448,0.9527344115118731,-0.01714044067012295,0.1086498250923059,0.031133208799903334,0.7827862068965518,1.2789247003180866,0.12308757733858343
fm_ct2_zip2,18,3,1750,1750,5250,16,3.0,84,3.6875,1.0,32.4158854541011,0.9073722145196876,-0.00034028282491574413,0,0.09550080113121426,0.03167239445977621,0.724855172413793,0.7316430623976917,-0.003252059521078655,0.09516051830629851,0.0314096045772108,0.7479172413793104,0.9813934511220599,0.05449493100248905
fm_ct2_zip2,18,3,1750,1750,5250,16,3.0,84,3.6875,1.0,45.8742637808163,0.9200959342694903,-0.025295336812918,0,0.12318770543386638,0.03179327518468634,0.6766896551724138,0.5786057963906209,-0.13196866584793235,0.09789236862094838,0.03138493445040395,0.7149793103448275,0.941539472869432,0.0060919608400917345
fm_ct2_zip2,18,1,1750,1750,1750,16,1.0,84,3.6875,1.0,5.206539656603423,0.8078923898947932,-0.00660580440580244,0,0.13217467105285596,0.030902984292178203,0.7751172413793104,1.0074428845333618,-0.002965125761138962,0.12556886664705352,0.031126475614780498,0.7397517241379311,0.8668734985946732,0.3852674905739897
fm_ct2_zip2,18,1,1750,1750,1750,16,1.0,84,3.6875,1.0,8.725484845499956,0.8827803476311267,0.009479749409627578,1,0.11383439112535731,0.031734154447354085,0.6734896551724138,0.5215242746959734,-0.008748929960116149,0.12331414053498489,0.03142702835166996,0.6951724137931035,0.6687111090068986,0.4459157999767887
fm_ct2_zip2,18,1,1750,1750,1750,16,1.0,84,3.6875,1.0,4.880994259165304,0.7796174849366974,0.023504411490767832,1,0.10237695603625808,0.03135205173972813,0.7684413793103448,0.9527344115118731,-0.01714044067012295,0.12588136752702592,0.031113861748481266,0.7625931034482759,0.9632718306320655,0.4123186325550955
fm_ct2_zip2,18,1,1750,1750,1750,16,1.0,84,3.6875,1.0,10.616986767555215,0.905292970648851,0.001716585168264756,1,0.09550080113121426,0.03167239445977621,0.724855172413793,0.7316430623976917,-0.003252059521078655,0.09721738629947901,0.03155591313530572,0.7433931034482758,0.8091676853782492,0.4839687582410979
fm_ct2_zip2,18,1,1750,1750,1750,16,1.0,84,3.6875,1.0,0.6256770290587026,0.0,-0.008686107665327333,0,0.12318770543386638,0.03179327518468634,0.6766896551724138,0.5786057963906209,-0.13196866584793235,0.11450159776853905,0.03159586528366514,0.643696551724138,0.5426903479106049,0.343426702258021
fm_ct2_zip2,18,1,1750,1750,1750,16,1.0,84,3.6875,1.0,10.086517664544525,0.8989458126809888,0.014262549473481212,1,0.13217467105285596,0.030902984292178203,0.7751172413793104,1.0074428845333618,-0.002965125761138962,0.14643722052633718,0.0309569197603324,0.7384827586206897,0.7453908099941791,0.09417109663794812
fm_ct2_zip2,18,1,1750,1750,1750,16,1.0,84,3.6875,1.0,4.275923658498124,0.7629563946962995,-0.00339587153206794,0,0.11383439112535731,0.031734154447354085,0.6734896551724138,0.5215242746959734,-0.008748929960116149,0.11043851959328937,0.031964601746051834,0.6864000000000001,0.5227866150755408,0.08046914086292416
fm_ct2_zip2,18,1,1750,1750,1750,16,1.0,84,3.6875,1.0,3.77257875259322,0.7349195094290497,-0.009908615667224868,0,0.10237695603625808,0.03135205173972813,0.7684413793103448,0.9527344115118731,-0.01714044067012295,0.09246834036903322,0.03190113985744829,0.7763862068965517,0.8310121422176155,0.084638513709985
fm_ct2_zip2,18,1,1750,1750,1750,16,1.0,84,3.6875,1.0,1.9962800150237794,0.49196101401700976,-0.0004260307716216355,0,0.09550080113121426,0.03167239445977621,0.724855172413793,0.7316430623976917,-0.003252059521078655,0.09507477035959262,0.0317727727206114,0.7056,0.6638744624781693,0.02580671665078781
fm_ct2_zip2,18,1,1750,1750,1750,16,1.0,84,3.6875,1.0,5.3243267440915965,0.8120571287809681,-0.02403723174874345,0,0.12318770543386638,0.03179327518468634,0.6766896551724138,0.5786057963906209,-0.13196866584793235,0.09915047368512293,0.031553539411119866,0.7107310344827587,0.6960344675005273,0.004015085123501102
fm_ct2_zip2,18,2,1750,1750,3500,16,2.0,84,3.6875,1.0,16.44955287382199,0.8779611850479299,-0.01321465185173118,0,0.13217467105285596,0.030902984292178203,0.7751172413793104,1.0074428845333618,-0.002965125761138962,0.11896001920112478,0.0311861073605185,0.7787034482758621,1.0175823694666206,0.1723671839583409
fm_ct2_zip2,18,2,1750,1750,3500,16,2.0,84,3.6875,1.0,31.353088291754723,0.9338302317617486,-0.00023690613648086334,0,0.11383439112535731,0.031734154447354085,0.6734896551724138,0.5215242746959734,-0.008748929960116149,0.11359748498887645,0.03147795031639453,0.677848275862069,0.6428972927121336,0.15270687196339452
fm_ct2_zip2,18,2,1750,1750,3500,16,2.0,84,3.6875,1.0,19.603722674972243,0.8967721665011945,0.02275519379344544,1,0.10237695603625808,0.03135205173972813,0.7684413793103448,0.9527344115118731,-0.01714044067012295,0.12513214982970353,0.030837396617404096,0.7807448275862069,1.007598330354692,0.1957142761044579
fm_ct2_zip2,18,2,1750,1750,3500,16,2.0,84,3.6875,1.0,23.988048235206907,0.9165889268849832,0.004430308094283894,1,0.09550080113121426,0.03167239445977621,0.724855172413793,0.7316430623976917,-0.003252059521078655,0.09993110922549815,0.031594149289739366,0.7447172413793103,0.7790344932420012,0.1302840953711394
fm_ct2_zip2,18,2,1750,1750,3500,16,2.0,84,3.6875,1.0,8.470813927004773,0.7595593148741961,-0.028987309783700413,0,0.12318770543386638,0.03179327518468634,0.6766896551724138,0.5786057963906209,-0.13196866584793235,0.09420039565016597,0.031645054333568644,0.6899310344827586,0.6787856723293312,0.07748716485463798
fm_ct2_zip2,18,1,1750,1750,1750,16,1.0,84,3.6875,1.0,2.5834264552468844,0.60140857802202,0.006420094081959149,1,0.13217467105285596,0.030902984292178203,0.7751172413793104,1.0074428845333618,-0.002965125761138962,0.1385947651348151,0.030837470030756462,0.7863172413793104,1.1678783613523653,0.19675265843826623
fm_ct2_zip2,18,1,1750,1750,1750,16,1.0,84,3.6875,1.0,7.619196914089371,0.8651526890569681,-0.009310806185525891,0,0.11383439112535731,0.031734154447354085,0.6734896551724138,0.5215242746959734,-0.008748929960116149,0.10452358493983142,0.03170151445318877,0.6936275862068965,0.6771708265621691,0.2504849998791783
fm_ct2_zip2,18,1,1750,1750,1750,16,1.0,84,3.6875,1.0,7.893471611320862,0.8723129470305879,-0.006620397976955142,0,0.10237695603625808,0.03135205173972813,0.7684413793103448,0.9527344115118731,-0.01714044067012295,0.09575655805930294,0.03160809736214353,0.7695448275862069,1.0229740394245221,0.22958995648725852
fm_ct2_zip2,18,1,1750,1750,1750,16,1.0,84,3.6875,1.0,6.992484963993376,0.8569824856204837,0.0038918513876212146,1,0.09550080113121426,0.03167239445977621,0.724855172413793,0.7316430623976917,-0.003252059521078655,0.09939265251883547,0.031360184631310135,0.7420689655172414,0.9405363018613576,0.20248274552234521
fm_ct2_zip2,18,1,1750,1750,1750,16,1.0,84,3.6875,1.0,8.327533578609648,0.8459342247901223,-0.02607607192147697,0,0.12318770543386638,0.03179327518468634,0.6766896551724138,0.5786057963906209,-0.13196866584793235,0.09711163351238941,0.03152903587617258,0.7001379310344827,0.7403973542638506,0.1517138568076942
fm_ct2_zip2,20,1,1750,1750,1750,16,1.0,113,4.9375,1.0,3.1025904002977245,0.6766934060187051,0.004664507384542188,1,0.1653844216322692,0.0409229905820766,0.7916118961551101,0.9426299530112463,-0.02027842280093613,0.1700489290168114,0.04053160476435937,0.7955964508708511,1.1800138858199332,0.06846497015561424
fm_ct2_zip2,20,1,1750,1750,1750,16,1.0,113,4.9375,1.0,5.8862488720653285,0.8270075338108236,0.0374462326759924,1,0.17407660716525725,0.041315016133358896,0.7430989155438712,0.8057802639026383,-3.6784732376994566e-05,0.21152283984124964,0.041006316625429064,0.7264212947748931,0.9098777633704734,0.13424144075693292
fm_ct2_zip2,20,1,1750,1750,1750,16,1.0,113,4.9375,1.0,4.329105818255018,0.7664062471603872,0.012990491602910298,1,0.1258379038782834,0.0428925608579405,0.7733322379231022,0.7700356721772671,0.09086118770609655,0.1388283954811937,0.04166387403788234,0.7754272099901413,0.9853841384765545,0.12636510662623007
fm_ct2_zip2,20,1,1750,1750,1750,16,1.0,113,4.9375,1.0,1.6892959312452966,0.36579433537115913,0.0071689714069628485,1,0.1462331308452791,0.0417336472243464,0.7960893854748603,0.9183619622478767,-0.07060017830468948,0.15340210225224196,0.04137063561125488,0.7863128491620113,1.125561470980445,0.04368611596617572
fm_ct2_zip2,20,1,1750,1750,1750,16,1.0,113,4.9375,1.0,4.654852379261991,0.7821722408379448,0.023229879352366617,1,0.1441893151161645,0.04238256364246816,0.7664311534669733,0.7995118788303643,0.04152111852858055,0.16741919446853112,0.041041592402349725,0.768115346697338,1.0659490436474575,0.12733680555260787
fm_ct2_zip2,20,2,1750,1750,3500,16,2.0,113,4.9375,1.0,20.698935310595438,0.9020064512687792,-0.003904698354521452,0,0.1653844216322692,0.0409229905820766,0.7916118961551101,0.9426299530112463,-0.02027842280093613,0.16147972327774776,0.04171860128351355,0.8105488005257969,1.0999056177088742,0.3694198280018735
fm_ct2_zip2,20,2,1750,1750,3500,16,2.0,113,4.9375,1.0,42.912780664791256,0.9533614560071769,0.016834812994783732,1,0.17407660716525725,0.041315016133358896,0.7430989155438712,0.8057802639026383,-3.6784732376994566e-05,0.19091142016004098,0.04144359952623782,0.7474531712126191,1.011420111127276,0.42437001505480393
fm_ct2_zip2,20,2,1750,1750,3500,16,2.0,113,4.9375,1.0,20.23223856719396,0.8998082627946021,0.014416497034569015,1,0.1258379038782834,0.0428925608579405,0.7733322379231022,0.7700356721772671,0.09086118770609655,0.1402544009128524,0.041769131598045996,0.7712783437397306,0.9865787946251824,0.37737533163815756
fm_ct2_zip2,20,2,1750,1750,3500,16,2.0,113,4.9375,1.0,20.156012510750106,0.8911467874452017,-0.026611001887510588,0,0.1462331308452791,0.0417336472243464,0.7960893854748603,0.9183619622478767,-0.07060017830468948,0.11962212895776853,0.04208632686344618,0.7507394019060138,0.9140893330351145,0.34182430837744876
fm_ct2_zip2,20,2,1750,1750,3500,16,2.0,113,4.9375,1.0,42.184009579537516,0.9525802445036515,0.0351972621923487,1,0.1441893151161645,0.04238256364246816,0.7664311534669733,0.7995118788303643,0.04152111852858055,0.1793865773085132,0.04126584084894725,0.7845465001643116,1.1901524813398539,0.4182720940734745
fm_ct2_zip2,20,1,1750,1750,1750,16,1.0,113,4.9375,1.0,8.766963681521858,0.8859267850702204,0.008721867783812925,1,0.1653844216322692,0.0409229905820766,0.7916118961551101,0.9426299530112463,-0.02027842280093613,0.17410628941608214,0.04065173569128063,0.8050032862306934,1.1437080533464108,0.16224631103977452
fm_ct2_zip2,20,1,1750,1750,1750,16,1.0,113,4.9375,1.0,10.649534022430021,0.9016825152506251,0.016765972133862522,1,0.17407660716525725,0.041315016133358896,0.7430989155438712,0.8057802639026383,-3.6784732376994566e-05,0.19084257929911977,0.04136719720245153,0.7353351955307262,0.8039183541139985,0.36654448884192237
fm_ct2_zip2,20,1,1750,1750,1750,16,1.0,113,4.9375,1.0,3.145927534052422,0.6716069741130402,0.00171359895479134,1,0.1258379038782834,0.0428925608579405,0.7733322379231022,0.7700356721772671,0.09086118770609655,0.12755150283307473,0.04235222651973331,0.7618715083798883,0.8337660736820885,0.2870702151569974
fm_ct2_zip2,20,1,1750,1750,1750,16,1.0,113,4.9375,1.0,6.752351318748323,0.847685447845707,-0.03084208145441937,0,0.1462331308452791,0.0417336472243464,0.7960893854748603,0.9183619622478767,-0.07060017830468948,0.11539104939085974,0.04213929056685478,0.772551758133421,0.9133160020060902,0.1832430203775995
fm_ct2_zip2,20,1,1750,1750,1750,16,1.0,113,4.9375,1.0,5.6613199512799675,0.7907243010742553,0.0438562730424058,1,0.1441893151161645,0.04238256364246816,0.7664311534669733,0.7995118788303643,0.04152111852858055,0.1880455881585703,0.04082779565692322,0.7891061452513967,1.0347956242234064,0.3170490447792286
fm_ct2_zip2,20,4,1750,1750,7000,16,4.0,113,4.9375,1.0,46.50542940014151,0.9121894191041184,-0.015107855773254353,0,0.1653844216322692,0.0409229905820766,0.7916118961551101,0.9426299530112463,-0.02027842280093613,0.15027656585901486,0.042667162311309646,0.8124794610581664,0.9375225457290249,0.5491683168939784
fm_ct2_zip2,20,4,1750,1750,7000,16,4.0,113,4.9375,1.0,81.18834571936611,0.950122628467237,0.0008212181148051778,1,0.17407660716525725,0.041315016133358896,0.7430989155438712,0.8057802639026383,-3.6784732376994566e-05,0.17489782528006242,0.04175776276751764,0.8184768320736115,1.1158281525513285,0.5542933552938191
fm_ct2_zip2,20,4,1750,1750,7000,16,4.0,113,4.9375,1.0,71.54307325198779,0.9416009374100383,-0.006432148569796861,0,0.1258379038782834,0.0428925608579405,0.7733322379231022,0.7700356721772671,0.09086118770609655,0.11940575530848653,0.04311187463953069,0.7653220506079527,0.7522026684132197,0.49971598753333696
fm_ct2_zip2,20,4,1750,1750,7000,16,4.0,113,4.9375,1.0,86.54024838250342,0.9537160317687888,-0.024677736014640725,0,0.1462331308452791,0.0417336472243464,0.7960893854748603,0.9183619622478767,-0.07060017830468948,0.12155539483063839,0.04255997997514364,0.7686904370686822,0.872174254189299,0.47437336456782386
fm_ct2_zip2,20,4,1750,1750,7000,16,4.0,113,4.9375,1.0,68.44169116165727,0.941555861551209,0.026492802643977575,1,0.1441893151161645,0.04238256364246816,0.7664311534669733,0.7995118788303643,0.04152111852858055,0.17068211776014208,0.04161922010267277,0.8033190930003286,1.0699388451157446,0.5690668494298556
fm_ct2_zip2,20,2,1750,1750,3500,16,2.0,113,4.9375,1.0,24.6531680284196,0.9143846655599941,0.0031205442201006073,1,0.1653844216322692,0.0409229905820766,0.7916118961551101,0.9426299530112463,-0.02027842280093613,0.16850496585236982,0.04151271508019157,0.826199474203089,1.2516393322393098,0.5192640921555107
fm_ct2_zip2,20,2,1750,1750,3500,16,2.0,113,4.9375,1.0,28.56715665484553,0.9299851221154889,-0.03718345908881271,0,0.17407660716525725,0.041315016133358896,0.7430989155438712,0.8057802639026383,-3.6784732376994566e-05,0.13689314807644454,0.0426434002515684,0.7893115346697338,1.107568457618148,0.7508072063203249
fm_ct2_zip2,20,2,1750,1750,3500,16,2.0,113,4.9375,1.0,36.72474117183472,0.9451651509760386,0.05231272218287206,1,0.1258379038782834,0.0428925608579405,0.7733322379231022,0.7700356721772671,0.09086118770609655,0.17815062606115545,0.04194943217119693,0.8068928688793954,1.1571265311024839,0.7959730108661811
fm_ct2_zip2,20,2,1750,1750,3500,16,2.0,113,4.9375,1.0,18.615029884898373,0.8820423321880471,-0.023425812273470764,0,0.1462331308452791,0.0417336472243464,0.7960893854748603,0.9183619622478767,-0.07060017830468948,0.12280731857180835,0.04251007839030145,0.772182057180414,1.0066419669539421,0.6926410162452435
fm_ct2_zip2,20,2,1750,1750,3500,16,2.0,113,4.9375,1.0,25.98347422347179,0.9157753566637994,0.06088597890428177,1,0.1441893151161645,0.04238256364246816,0.7664311534669733,0.7995118788303643,0.04152111852858055,0.20507529402044627,0.04155868363013968,0.7994166940519224,1.3842533692413368,0.6474282112925592
fm_ct2_zip2,20,1,1750,1750,1750,16,1.0,113,4.9375,1.0,16.382548718161903,0.9389594199929303,-0.03876210165497335,0,0.1653844216322692,0.0409229905820766,0.7916118961551101,0.9426299530112463,-0.02027842280093613,0.12662231997729587,0.04366127852964699,0.7786723627998685,0.6941978884813258,0.4278712300030004
fm_ct2_zip2,20,1,1750,1750,1750,16,1.0,113,4.9375,1.0,17.048360134751057,0.9330286824324909,-0.0014582467730629711,0,0.17407660716525725,0.041315016133358896,0.7430989155438712,0.8057802639026383,-3.6784732376994566e-05,0.17261836039219428,0.04213752706897933,0.7488908971409792,0.6734134613020638,0.4894563325034133
fm_ct2_zip2,20,1,1750,1750,1750,16,1.0,113,4.9375,1.0,20.409150222472725,0.9503396627176344,0.011988788058231364,1,0.1258379038782834,0.0428925608579405,0.7733322379231022,0.7700356721772671,0.09086118770609655,0.13782669193651476,0.04287305196611533,0.7768649359185015,0.6881928415289225,0.4370548708973933
fm_ct2_zip2,20,1,1750,1750,1750,16,1.0,113,4.9375,1.0,35.54208861936457,0.969502282956425,-0.012704590604076749,0,0.1462331308452791,0.0417336472243464,0.7960893854748603,0.9183619622478767,-0.07060017830468948,0.13352854024120236,0.042152290389189384,0.7299539927702925,0.7134572217074792,0.41863193489035005
fm_ct2_zip2,20,1,1750,1750,1750,16,1.0,113,4.9375,1.0,18.806678566047175,0.9405398336327573,-0.025123235270263708,0,0.1441893151161645,0.04238256364246816,0.7664311534669733,0.7995118788303643,0.04152111852858055,0.1190660798459008,0.04354090377728111,0.7547239566217547,0.6551425665391344,0.3906405962434049
fm_ct2_zip2,20,2,1750,1750,3500,16,2.0,113,4.9375,1.0,38.756270186528575,0.9464429858443691,-0.024709909811403696,0,0.1653844216322692,0.0409229905820766,0.7916118961551101,0.9426299530112463,-0.02027842280093613,0.14067451182086552,0.0424804149081129,0.797486033519553,0.911554122743785,0.4092123256252707
fm_ct2_zip2,20,2,1750,1750,3500,16,2.0,113,4.9375,1.0,68.0628786607662,0.9698263663200202,0.010707370118640674,1,0.17407660716525725,0.041315016133358896,0.7430989155438712,0.8057802639026383,-3.6784732376994566e-05,0.18478397728389792,0.04200747855290369,0.7818353598422609,0.9598532844034181,0.48458051233626914
fm_ct2_zip2,20,2,1750,1750,3500,16,2.0,113,4.9375,1.0,94.63888160655036,0.9788289719131038,0.01688954269871884,1,0.1258379038782834,0.0428925608579405,0.7733322379231022,0.7700356721772671,0.09086118770609655,0.14272744657700223,0.042103529358710055,0.7901741702267499,0.9103307938835821,0.4853743921233437
fm_ct2_zip2,20,2,1750,1750,3500,16,2.0,113,4.9375,1.0,42.10376267267033,0.9521849524311905,-0.01510527319373714,0,0.1462331308452791,0.0417336472243464,0.7960893854748603,0.9183619622478767,-0.07060017830468948,0.13112785765154197,0.04187417927433462,0.7667186986526454,0.9575419559052464,0.3745549497370468
fm_ct2_zip2,20,2,1750,1750,3500,16,2.0,113,4.9375,1.0,42.12971965599464,0.9497394810588174,-0.013003393175969546,0,0.1441893151161645,0.04238256364246816,0.7664311534669733,0.7995118788303643,0.04152111852858055,0.13118592194019496,0.042797527990272956,0.7625698324022346,0.785571433208645,0.3816108737723694
fm_ct2_zip2,20,3,1750,1750,5250,16,3.0,113,4.9375,1.0,33.90286389916897,0.9113320758080998,-0.036953357100271755,0,0.1653844216322692,0.0409229905820766,0.7916118961551101,0.9426299530112463,-0.02027842280093613,0.12843106453199746,0.04255972963641441,0.7525879066710484,0.8650190889732765,0.6967694755806908
fm_ct2_zip2,20,3,1750,1750,5250,16,3.0,113,4.9375,1.0,66.84635190549231,0.9543001072141417,-0.0032190098254629984,0,0.17407660716525725,0.041315016133358896,0.7430989155438712,0.8057802639026383,-3.6784732376994566e-05,0.17085759733979425,0.042181735016505316,0.7391554387117976,0.8281984923921336,0.7354288433745239
fm_ct2_zip2,20,3,1750,1750,5250,16,3.0,113,4.9375,1.0,58.24724969185468,0.9346032667859423,0.0033163908904538797,1,0.1258379038782834,0.0428925608579405,0.7733322379231022,0.7700356721772671,0.09086118770609655,0.12915429476873727,0.042410789116997215,0.767252711140322,0.8483569440365242,0.7033906487878168
fm_ct2_zip2,20,3,1750,1750,5250,16,3.0,113,4.9375,1.0,56.214176953261436,0.9466071677327715,-0.006020253591057817,0,0.1462331308452791,0.0417336472243464,0.7960893854748603,0.9183619622478767,-0.07060017830468948,0.1402128772542213,0.04240171869069638,0.717302004600723,0.7827247340270054,0.7512342767551685
fm_ct2_zip2,20,3,1750,1750,5250,16,3.0,113,4.9375,1.0,60.79953096896061,0.9499709205310536,-0.019667208326979324,0,0.1441893151161645,0.04238256364246816,0.7664311534669733,0.7995118788303643,0.04152111852858055,0.12452210678918518,0.04258043612898629,0.735787052251068,0.7980804933655546,0.6834275094120853
fm_ct2_zip2,20,1,1750,1750,1750,16,1.0,113,4.9375,1.0,4.595132664052629,0.7819705791443536,0.005554300670551432,1,0.1653844216322692,0.0409229905820766,0.7916118961551101,0.9426299530112463,-0.02027842280093613,0.17093872230282064,0.04063747673968025,0.8108774235951364,1.1444278029010662,0.26182502661376017
fm_ct2_zip2,20,1,1750,1750,1750,16,1.0,113,4.9375,1.0,4.489097466183155,0.7725382320224363,0.029632609129648935,1,0.17407660716525725,0.041315016133358896,0.7430989155438712,0.8057802639026383,-3.6784732376994566e-05,0.20370921629490618,0.04064554629435909,0.7544364114360829,0.9529963880306445,0.3479487225991248
fm_ct2_zip2,20,1,1750,1750,1750,16,1.0,113,4.9375,1.0,6.600108691674279,0.8483743870575993,0.009618828640468785,1,0.1258379038782834,0.0428925608579405,0.7733322379231022,0.7700356721772671,0.09086118770609655,0.13545673251875218,0.042198546435491674,0.7711961879723956,0.8858599304357607,0.3260542677965774
fm_ct2_zip2,20,1,1750,1750,1750,16,1.0,113,4.9375,1.0,3.209004823730691,0.6883768185910807,0.004655980754286526,1,0.1462331308452791,0.0417336472243464,0.7960893854748603,0.9183619622478767,-0.07060017830468948,0.15088911159956564,0.0417753004671972,0.7716069668090699,0.8971752294275966,0.27201298372886407
fm_ct2_zip2,20,1,1750,1750,1750,16,1.0,113,4.9375,1.0,7.384351449305809,0.862262591774893,0.06712911753511269,1,0.1441893151161645,0.04238256364246816,0.7664311534669733,0.7995118788303643,0.04152111852858055,0.2113184326512772,0.04068091677785427,0.7907903384817614,1.1419570703442672,0.37330531772520725
fm_ct2_zip2,20,2,1750,1750,3500,16,2.0,113,4.9375,1.0,22.71117304456748,0.9097497693114311,-0.009942025304014807,0,0.1653844216322692,0.0409229905820766,0.7916118961551101,0.9426299530112463,-0.02027842280093613,0.1554423963282544,0.04187083181243325,0.8098915543871179,1.029693696146994,0.6037452554384007
fm_ct2_zip2,20,2,1750,1750,3500,16,2.0,113,4.9375,1.0,38.99945823873034,0.9485711741716283,-0.012798960106728902,0,0.17407660716525725,0.041315016133358896,0.7430989155438712,0.8057802639026383,-3.6784732376994566e-05,0.16127764705852835,0.042392432116183786,0.7951035162668418,1.0376197186527034,0.7790327973362059
fm_ct2_zip2,20,2,1750,1750,3500,16,2.0,113,4.9375,1.0,14.44128589449394,0.8590057964568237,-0.0023254837529882166,0,0.1258379038782834,0.0428925608579405,0.7733322379231022,0.7700356721772671,0.09086118770609655,0.12351242012529517,0.04283856376984811,0.7696352283930332,0.802775253448082,0.6502714822068006
fm_ct2_zip2,20,2,1750,1750,3500,16,2.0,113,4.9375,1.0,39.26503518817894,0.946309698452908,-0.01970642578296586,0,0.1462331308452791,0.0417336472243464,0.7960893854748603,0.9183619622478767,-0.07060017830468948,0.12652670506231325,0.04219667610379119,0.7699638514623727,0.9683581740152724,0.5385739584112547
fm_ct2_zip2,20,2,1750,1750,3500,16,2.0,113,4.9375,1.0,19.13583393081453,0.8952883985531355,0.0731143668846592,1,0.1441893151161645,0.04238256364246816,0.7664311534669733,0.7995118788303643,0.04152111852858055,0.2173036820008237,0.041079663940335326,0.8024564574433126,1.1983743257450055,0.6539495332801242
fm_ct2_zip2,20,4,1750,1750,7000,16,4.0,113,4.9375,1.0,87.554245822177,0.9508262306863947,-0.005178559297411706,0,0.1653844216322692,0.0409229905820766,0.7916118961551101,0.9426299530112463,-0.02027842280093613,0.1602058623348575,0.04182140609679782,0.8022510680249753,1.1532042239637825,0.5974343563755393
fm_ct2_zip2,20,4,1750,1750,7000,16,4.0,113,4.9375,1.0,125.36327714201553,0.9648359805113047,-0.017150453946802258,0,0.17407660716525725,0.041315016133358896,0.7430989155438712,0.8057802639026383,-3.6784732376994566e-05,0.156926153218455,0.04210800467852648,0.7800690108445614,1.1478659954959824,0.7526212297973167
fm_ct2_zip2,20,4,1750,1750,7000,16,4.0,113,4.9375,1.0,79.99731208789846,0.9473677006280424,0.00414110395319256,1,0.1258379038782834,0.0428925608579405,0.7733322379231022,0.7700356721772671,0.09086118770609655,0.12997900783147595,0.04250443944445093,0.780603023332238,1.0278300463717442,0.6335217397746504
fm_ct2_zip2,20,4,1750,1750,7000,16,4.0,113,4.9375,1.0,46.72010703410983,0.9138704560397712,-0.03467715291066428,0,0.1462331308452791,0.0417336472243464,0.7960893854748603,0.9183619622478767,-0.07060017830468948,0.11155597793461483,0.04265021111953459,0.7566546171541243,0.9645818816061961,0.6393528081948542
fm_ct2_zip2,20,4,1750,1750,7000,16,4.0,113,4.9375,1.0,62.27729722333306,0.9344453915817565,0.01758492254922031,1,0.1441893151161645,0.04238256364246816,0.7664311534669733,0.7995118788303643,0.04152111852858055,0.16177423766538482,0.04204012513671448,0.7849162011173184,1.28089851740617,0.6892511221141913
fm_ct2_zip2,20,2,1750,1750,3500,16,2.0,113,4.9375,1.0,28.37477152146898,0.9280287465959531,-1.0759709089147584e-05,0,0.1653844216322692,0.0409229905820766,0.7916118961551101,0.9426299530112463,-0.02027842280093613,0.16537366192318007,0.041601685533809774,0.7943230364771607,1.0638226878421073,0.352224364305958
fm_ct2_zip2,20,2,1750,1750,3500,16,2.0,113,4.9375,1.0,60.32600048520824,0.966065385728738,-0.0061671028853229615,0,0.17407660716525725,0.041315016133358896,0.7430989155438712,0.8057802639026383,-3.6784732376994566e-05,0.16790950427993429,0.04159167580015333,0.7490962865593165,0.9894681488838017,0.3304093910558539
fm_ct2_zip2,20,2,1750,1750,3500,16,2.0,113,4.9375,1.0,25.663533203868525,0.9220637635870753,-0.00017843010576440443,0,0.1258379038782834,0.0428925608579405,0.7733322379231022,0.7700356721772671,0.09086118770609655,0.125659473772519,0.04234958649786998,0.7640075583305947,0.9057604427009817,0.36562960078206413
fm_ct2_zip2,20,2,1750,1750,3500,16,2.0,113,4.9375,1.0,24.572674605277207,0.9113682875846625,-0.019669291591349114,0,0.1462331308452791,0.0417336472243464,0.7960893854748603,0.9183619622478767,-0.07060017830468948,0.12656383925393,0.042046643601754155,0.7718534341110745,0.9994370984491765,0.3369091194478345
fm_ct2_zip2,20,2,1750,1750,3500,16,2.0,113,4.9375,1.0,39.56917359441889,0.9494556022225975,0.018934767991035856,1,0.1441893151161645,0.04238256364246816,0.7664311534669733,0.7995118788303643,0.04152111852858055,0.16312408310720036,0.04155426423888989,0.7690190601380217,1.1241078818192307,0.3996268046437689
fm_ct2_zip2,21,2,1750,1750,3500,16,2.0,112,4.875,1.0,14.924934319065779,0.864050875770945,-0.010622874053434705,0,0.2227192602187376,0.04021132082951958,0.7939122576404863,1.0774006666616731,-0.0025904695846322547,0.2120963861653029,0.04210405578036418,0.8057016102530397,0.8376609503081811,0.8316450367477105
fm_ct2_zip2,21,2,1750,1750,3500,16,2.0,112,4.875,1.0,31.90971800945094,0.9361079733106136,0.02963495035315372,1,0.1061085303015751,0.043173344920443675,0.7521771278343741,0.8100780654974061,0.03251832201819156,0.13574348065472883,0.0427122096746485,0.7311041735129806,0.6797331292501405,0.8612290852938768
fm_ct2_zip2,21,2,1750,1750,3500,16,2.0,112,4.875,1.0,25.573867723016612,0.9170647297958907,-0.03934471799788203,0,0.18445985630993944,0.04062312922893806,0.7497124548143279,0.9709834335216053,0.08039675652918346,0.1451151383120574,0.04260567204775137,0.7630627670062439,0.7525238473096728,0.878560222717902
fm_ct2_zip2,21,2,1750,1750,3500,16,2.0,112,4.875,1.0,34.203344013078194,0.9394798667114337,0.013844567975400207,1,0.1588633758066457,0.042055558293641555,0.7401823858034834,0.6743043010308717,-0.03451245034994336,0.1727079437820459,0.04265916135500081,0.7537380874137364,0.42818200060468165,0.8485015491609267
fm_ct2_zip2,21,2,1750,1750,3500,16,2.0,112,4.875,1.0,21.477594378871117,0.9068796415102448,0.05232529737180161,1,0.1995973173403747,0.040405144123240616,0.7605570161025305,0.9647494316754032,0.013815475284636152,0.2519226147121763,0.04136636566057795,0.7460565231679264,1.0306345364867986,0.8123224739045907
fm_ct2_zip2,21,4,1750,1750,7000,16,4.0,112,4.875,1.0,44.44873445148484,0.9097578133187219,-0.023778651465362594,0,0.2227192602187376,0.04021132082951958,0.7939122576404863,1.0774006666616731,-0.0025904695846322547,0.19894060875337502,0.041651069797201616,0.8164229378902399,0.8253357823948129,0.468542387451338
fm_ct2_zip2,21,4,1750,1750,7000,16,4.0,112,4.875,1.0,40.79463769243551,0.9014450213121062,0.015056259817421092,1,0.1061085303015751,0.043173344920443675,0.7521771278343741,0.8100780654974061,0.03251832201819156,0.1211647901189962,0.04274515515422924,0.7290913572132764,0.8144856550723434,0.4823063012589861
fm_ct2_zip2,21,4,1750,1750,7000,16,4.0,112,4.875,1.0,42.56991845436691,0.901193119797765,-0.003394217071899991,0,0.18445985630993944,0.04062312922893806,0.7497124548143279,0.9709834335216053,0.08039675652918346,0.18106563923803945,0.04165781654573026,0.767334866907657,0.9015480226351106,0.6082809007450688
fm_ct2_zip2,21,4,1750,1750,7000,16,4.0,112,4.875,1.0,65.88987721008274,0.9392848291216878,0.0009898709602695899,1,0.1588633758066457,0.042055558293641555,0.7401823858034834,0.6743043010308717,-0.03451245034994336,0.15985324676691529,0.042731066394904496,0.746590535655603,0.5966272484768654,0.5655999457372033
fm_ct2_zip2,21,4,1750,1750,7000,16,4.0,112,4.875,1.0,44.94814178137835,0.9109812272037667,0.02508860962644474,1,0.1995973173403747,0.040405144123240616,0.7605570161025305,0.9647494316754032,0.013815475284636152,0.22468592696681944,0.04063209694685856,0.7705800197173842,1.1581251652002578,0.4868547809582031
fm_ct2_zip2,21,4,1750,1750,7000,16,4.0,112,4.875,1.0,105.5927369818777,0.9614542911999586,0.010744876774522932,1,0.2227192602187376,0.04021132082951958,0.7939122576404863,1.0774006666616731,-0.0025904695846322547,0.23346413699326055,0.04096114853384581,0.8174909628655932,1.1173429438169271,0.3950257237940606
fm_ct2_zip2,21,4,1750,1750,7000,16,4.0,112,4.875,1.0,106.49820954384907,0.9612820357285217,0.03291242463647423,1,0.1061085303015751,0.043173344920443675,0.7521771278343741,0.8100780654974061,0.03251832201819156,0.13902095493804933,0.04207859232870849,0.7474531712126191,0.9065774180169605,0.4065922225854437
fm_ct2_zip2,21,4,1750,1750,7000,16,4.0,112,4.875,1.0,96.1925664997874,0.9548067799082623,-0.008918333967586956,0,0.18445985630993944,0.04062312922893806,0.7497124548143279,0.9709834335216053,0.08039675652918346,0.17554152234235249,0.04120680269507391,0.7600640814985212,0.9873272671322411,0.4545019274239804
fm_ct2_zip2,21,4,1750,1750,7000,16,4.0,112,4.875,1.0,68.65014855008341,0.9411073086256021,0.011625266691782099,1,0.1588633758066457,0.042055558293641555,0.7401823858034834,0.6743043010308717,-0.03451245034994336,0.1704886424984278,0.042006598586976064,0.7721820571804141,0.9055798142328986,0.37539306969376024
fm_ct2_zip2,21,4,1750,1750,7000,16,4.0,112,4.875,1.0,94.80397267630042,0.9573994641043537,0.002064699278581994,1,0.1995973173403747,0.040405144123240616,0.7605570161025305,0.9647494316754032,0.013815475284636152,0.2016620166189567,0.04095547027572516,0.7820407492605981,1.145806691618221,0.4676270289454149
fm_ct2_zip2,21,4,1750,1750,7000,16,4.0,112,4.875,1.0,92.07441925234991,0.9565567427539508,-0.007124734058095383,0,0.2227192602187376,0.04021132082951958,0.7939122576404863,1.0774006666616731,-0.0025904695846322547,0.21559452616064223,0.04161050807743058,0.8201610253039763,1.0500092240685859,0.2878379152559242
fm_ct2_zip2,21,4,1750,1750,7000,16,4.0,112,4.875,1.0,137.1641331524106,0.970402570465249,0.036566689062581786,1,0.1061085303015751,0.043173344920443675,0.7521771278343741,0.8100780654974061,0.03251832201819156,0.1426752193641569,0.041939949668986454,0.7241620111731844,0.9398934985189195,0.3484765889875425
fm_ct2_zip2,21,4,1750,1750,7000,16,4.0,112,4.875,1.0,127.36974679882768,0.9676779276434666,-0.031829451609629966,0,0.18445985630993944,0.04062312922893806,0.7497124548143279,0.9709834335216053,0.08039675652918346,0.15263040470030947,0.04156712561051533,0.7388268156424581,0.9483872533303397,0.4760125959306029
fm_ct2_zip2,21,4,1750,1750,7000,16,4.0,112,4.875,1.0,91.62445358743852,0.9559321805128782,0.006680193743074575,1,0.1588633758066457,0.042055558293641555,0.7401823858034834,0.6743043010308717,-0.03451245034994336,0.16554356954972027,0.04263404618966834,0.7607624055208676,0.7794192121714717,0.3899501329274155
fm_ct2_zip2,21,4,1750,1750,7000,16,4.0,112,4.875,1.0,115.9433058329555,0.9651534058715356,-0.016156625754291,0,0.1995973173403747,0.040405144123240616,0.7605570161025305,0.9647494316754032,0.013815475284636152,0.1834406915860837,0.04114742038047293,0.7667597765363128,1.2483138560275935,0.3208965313896502
fm_ct2_zip2,21,4,1750,1750,7000,16,4.0,112,4.875,1.0,84.50708215762384,0.9526481599655516,0.05094105922244563,1,0.2227192602187376,0.04021132082951958,0.7939122576404863,1.0774006666616731,-0.0025904695846322547,0.27366031944118324,0.04083007500405793,0.8116579033848176,1.1182019523454945,0.30855994802461295
fm_ct2_zip2,21,4,1750,1750,7000,16,4.0,112,4.875,1.0,76.98307540061978,0.9464568858595448,0.04894828997220149,1,0.1061085303015751,0.043173344920443675,0.7521771278343741,0.8100780654974061,0.03251832201819156,0.1550568202737766,0.04166697483989095,0.7610499507065396,1.0723110213956464,0.3233340621502693
fm_ct2_zip2,21,4,1750,1750,7000,16,4.0,112,4.875,1.0,65.58160718544964,0.938931350693873,-0.037626450144242096,0,0.18445985630993944,0.04062312922893806,0.7497124548143279,0.9709834335216053,0.08039675652918346,0.14683340616569734,0.0416830593839118,0.7492605980939863,0.9402378750525908,0.3597836458606767
fm_ct2_zip2,21,4,1750,1750,7000,16,4.0,112,4.875,1.0,120.96688461006678,0.9665448404455979,0.016190784315750606,1,0.1588633758066457,0.042055558293641555,0.7401823858034834,0.6743043010308717,-0.03451245034994336,0.1750541601223963,0.042138203159739124,0.7757558330594808,0.7780851023808648,0.30279207462625896
fm_ct2_zip2,21,4,1750,1750,7000,16,4.0,112,4.875,1.0,109.3625954560499,0.9581916711052969,0.001550945162751366,1,0.1995973173403747,0.040405144123240616,0.7605570161025305,0.9647494316754032,0.013815475284636152,0.20114826250312606,0.040524939145046956,0.7776043378245153,1.1822911962170397,0.31902722667091155
fm_ct2_zip2,21,4,1750,1750,7000,16,4.0,112,4.875,1.0,99.76955669579301,0.9285197728953363,-0.03284844585777977,0,0.2227192602187376,0.04021132082951958,0.7939122576404863,1.0774006666616731,-0.0025904695846322547,0.18987081436095785,0.042410787592306196,0.811123890897141,0.6994188481788537,0.7633808866108032
fm_ct2_zip2,21,4,1750,1750,7000,16,4.0,112,4.875,1.0,126.91516435791888,0.9677994160984158,0.018057358515709443,1,0.1061085303015751,0.043173344920443675,0.7521771278343741,0.8100780654974061,0.03251832201819156,0.12416588881728455,0.04314187177977057,0.733609924416694,0.6882003069352479,0.7921058619208757
fm_ct2_zip2,21,4,1750,1750,7000,16,4.0,112,4.875,1.0,135.82163851626194,0.9686209364196312,-0.016741252496781794,0,0.18445985630993944,0.04062312922893806,0.7497124548143279,0.9709834335216053,0.08039675652918346,0.16771860381315765,0.042365025953969584,0.7644594150509365,0.754347929264142,0.8716250534614506
fm_ct2_zip2,21,4,1750,1750,7000,16,4.0,112,4.875,1.0,73.63804474032514,0.9440662015542711,0.014440217335496608,1,0.1588633758066457,0.042055558293641555,0.7401823858034834,0.6743043010308717,-0.03451245034994336,0.1733035931421423,0.042758031050667396,0.757106473874466,0.49321093263893406,0.81139381498294
fm_ct2_zip2,21,4,1750,1750,7000,16,4.0,112,4.875,1.0,78.35577526774233,0.9339991160110344,0.02764819067244864,1,0.1995973173403747,0.040405144123240616,0.7605570161025305,0.9647494316754032,0.013815475284636152,0.22724550801282334,0.04130919809066777,0.7605980939861979,0.9729974333561808,0.8845383488069818
fm_ct2_zip2,21,4,1750,1750,7000,16,4.0,112,4.875,1.0,83.44616503228812,0.951902306018785,-0.015710347006160447,0,0.2227192602187376,0.04021132082951958,0.7939122576404863,1.0774006666616731,-0.0025904695846322547,0.20700891321257717,0.040857196367829585,0.7969520210318765,1.2004733251302613,0.5995333594980239
fm_ct2_zip2,21,4,1750,1750,7000,16,4.0,112,4.875,1.0,77.50534914710722,0.945620471419856,0.03305202464849044,1,0.1061085303015751,0.043173344920443675,0.7521771278343741,0.8100780654974061,0.03251832201819156,0.13916055495006555,0.04217943592321595,0.7107295432139337,0.7941487437334136,0.608570034836239
fm_ct2_zip2,21,4,1750,1750,7000,16,4.0,112,4.875,1.0,71.97394627641344,0.9427042891536952,-0.03031586719194382,0,0.18445985630993944,0.04062312922893806,0.7497124548143279,0.9709834335216053,0.08039675652918346,0.15414398911799562,0.04218967578367942,0.7229707525468287,0.8684896612602695,0.6576102025659479
fm_ct2_zip2,21,4,1750,1750,7000,16,4.0,112,4.875,1.0,45.324274182483094,0.9116454620833763,0.006259874242385749,1,0.1588633758066457,0.042055558293641555,0.7401823858034834,0.6743043010308717,-0.03451245034994336,0.16512325004903144,0.04155442186968037,0.767047321721985,1.0623283300442836,0.549268815552852
fm_ct2_zip2,21,4,1750,1750,7000,16,4.0,112,4.875,1.0,59.22572528013224,0.927409810601677,-0.009284119468063179,0,0.1995973173403747,0.040405144123240616,0.7605570161025305,0.9647494316754032,0.013815475284636152,0.19031319787231152,0.041586090202183255,0.7581744988498192,1.025906237012796,0.6857102551138626
fm_ct2_zip2,21,3,1750,1750,5250,16,3.0,112,4.875,1.0,35.796274599079695,0.9070162241049587,-0.022525627008570304,0,0.2227192602187376,0.04021132082951958,0.7939122576404863,1.0774006666616731,-0.0025904695846322547,0.2001936332101673,0.041467433385454354,0.821270128162997,0.7031639058193232,0.48494604653846163
fm_ct2_zip2,21,3,1750,1750,5250,16,3.0,112,4.875,1.0,90.15254449751887,0.9666982575040959,0.004763709046467973,1,0.1061085303015751,0.043173344920443675,0.7521771278343741,0.8100780654974061,0.03251832201819156,0.11087223934804308,0.04374687339972578,0.74071639829116,0.6456588531535888,0.43155953070683223
fm_ct2_zip2,21,3,1750,1750,5250,16,3.0,112,4.875,1.0,58.4017339250271,0.9235223583210865,-0.022424018145143387,0,0.18445985630993944,0.04062312922893806,0.7497124548143279,0.9709834335216053,0.08039675652918346,0.16203583816479605,0.042325735735877536,0.7732911600394348,0.7622936478315421,0.5120520939843807
fm_ct2_zip2,21,3,1750,1750,5250,16,3.0,112,4.875,1.0,54.918993027421706,0.9448966022631203,-0.010688466019353554,0,0.1588633758066457,0.042055558293641555,0.7401823858034834,0.6743043010308717,-0.03451245034994336,0.14817490978729214,0.04253308832441922,0.7429346040092015,0.42660341329028223,0.47203280263980707
fm_ct2_zip2,21,3,1750,1750,5250,16,3.0,112,4.875,1.0,68.99017742061623,0.9565043652969276,0.018459378850900987,1,0.1995973173403747,0.040405144123240616,0.7605570161025305,0.9647494316754032,0.013815475284636152,0.21805669619127568,0.04019716513576649,0.7635146237265855,0.9043863313572013,0.4286005185969408
fm_ct2_zip2,21,3,1750,1750,5250,16,3.0,112,4.875,1.0,26.637715352911798,0.8872961827111232,0.030066598880938433,1,0.2227192602187376,0.04021132082951958,0.7939122576404863,1.0774006666616731,-0.0025904695846322547,0.25278585909967605,0.04044365686378021,0.8038120276043379,1.3965979376682067,0.4820977459109438
fm_ct2_zip2,21,3,1750,1750,5250,16,3.0,112,4.875,1.0,26.500881669309397,0.8744582728442934,0.03651911146627443,1,0.1061085303015751,0.043173344920443675,0.7521771278343741,0.8100780654974061,0.03251832201819156,0.14262764176784953,0.042003131103618696,0.7530808412750575,0.9788157203305494,0.4853035270640947
fm_ct2_zip2,21,3,1750,1750,5250,16,3.0,112,4.875,1.0,23.138520467716866,0.8682900058412049,-0.010916350320734514,0,0.18445985630993944,0.04062312922893806,0.7497124548143279,0.9709834335216053,0.08039675652918346,0.17354350598920493,0.04150445118862616,0.7580923430824843,1.0315907848952623,0.4688701432796817
fm_ct2_zip2,21,3,1750,1750,5250,16,3.0,112,4.875,1.0,44.15593295918384,0.9318630476490697,-0.0044766132605854325,0,0.1588633758066457,0.042055558293641555,0.7401823858034834,0.6743043010308717,-0.03451245034994336,0.15438676254606026,0.041498917918509064,0.7644594150509366,1.0121268623966986,0.44583816558224953
fm_ct2_zip2,21,3,1750,1750,5250,16,3.0,112,4.875,1.0,21.170542055554527,0.8270375623306649,-0.0099815824523391,0,0.1995973173403747,0.040405144123240616,0.7605570161025305,0.9647494316754032,0.013815475284636152,0.1896157348880356,0.04095127576876867,0.7767006243838317,1.1274782265919752,0.4594255631393212
fm_ct2_zip2,21,3,1750,1750,5250,16,3.0,112,4.875,1.0,66.6593094204365,0.9548408369016382,-0.0018238496472678112,0,0.2227192602187376,0.04021132082951958,0.7939122576404863,1.0774006666616731,-0.0025904695846322547,0.2208954105714698,0.04087622011452545,0.7989648373315806,1.203870570533638,0.6492054524106771
fm_ct2_zip2,21,3,1750,1750,5250,16,3.0,112,4.875,1.0,65.76087388070675,0.9537873696546169,0.032237503777556104,1,0.1061085303015751,0.043173344920443675,0.7521771278343741,0.8100780654974061,0.03251832201819156,0.1383460340791312,0.04232732871404243,0.7126191258626356,0.7995544168337267,0.6547700756504526
fm_ct2_zip2,21,3,1750,1750,5250,16,3.0,112,4.875,1.0,38.07713111540283,0.9210556303527999,-0.023102707987116805,0,0.18445985630993944,0.04062312922893806,0.7497124548143279,0.9709834335216053,0.08039675652918346,0.16135714832282264,0.0420461619798797,0.730939861978311,0.9254228198509755,0.6149396357306519
fm_ct2_zip2,21,3,1750,1750,5250,16,3.0,112,4.875,1.0,51.40923609901198,0.9373593342115205,0.011709632484711463,1,0.1588633758066457,0.042055558293641555,0.7401823858034834,0.6743043010308717,-0.03451245034994336,0.17057300829135716,0.04170441667108621,0.7684850476503451,1.0903488977588445,0.5851472593123901
fm_ct2_zip2,21,3,1750,1750,5250,16,3.0,112,4.875,1.0,35.76515212252838,0.9158722108182615,-0.02267722897997379,0,0.1995973173403747,0.040405144123240616,0.7605570161025305,0.9647494316754032,0.013815475284636152,0.1769200883604009,0.04146510794372625,0.7620768977982254,1.0816899501118782,0.6015403927658874
fm_ct2_zip2,21,2,1750,1750,3500,16,2.0,112,4.875,1.0,25.431184291439685,0.9206431205971883,0.018075243666818952,1,0.2227192602187376,0.04021132082951958,0.7939122576404863,1.0774006666616731,-0.0025904695846322547,0.24079450388555657,0.04177957164885268,0.820119947420309,0.9750621277024852,0.6660245399800943
fm_ct2_zip2,21,2,1750,1750,3500,16,2.0,112,4.875,1.0,22.60428850456691,0.911454049554898,0.03982458530486188,1,0.1061085303015751,0.043173344920443675,0.7521771278343741,0.8100780654974061,0.03251832201819156,0.14593311560643699,0.042430111259827756,0.7520949720670391,0.9014044077000618,0.70534833453617
fm_ct2_zip2,21,2,1750,1750,3500,16,2.0,112,4.875,1.0,36.54904025432998,0.9378473469976709,-0.014817574771300163,0,0.18445985630993944,0.04062312922893806,0.7497124548143279,0.9709834335216053,0.08039675652918346,0.16964228153863928,0.04163189828785376,0.7676224120933289,0.9259966991328056,0.6744190123531247
fm_ct2_zip2,21,2,1750,1750,3500,16,2.0,112,4.875,1.0,46.74151677394769,0.957186497459607,0.019702004662196293,1,0.1588633758066457,0.042055558293641555,0.7401823858034834,0.6743043010308717,-0.03451245034994336,0.178565380468842,0.042447863523818075,0.7725928360170884,0.8992475148466162,0.6420704224556048
fm_ct2_zip2,21,2,1750,1750,3500,16,2.0,112,4.875,1.0,14.567025364563772,0.8598156763417273,0.007884703259527642,1,0.1995973173403747,0.040405144123240616,0.7605570161025305,0.9647494316754032,0.013815475284636152,0.20748202059990234,0.041124190224666755,0.7703746302990471,1.0683606939380632,0.6141523998698242
fm_ct2_zip2,21,3,1750,1750,5250,16,3.0,112,4.875,1.0,29.60831211306009,0.898146924383902,0.0005127269671227619,1,0.2227192602187376,0.04021132082951958,0.7939122576404863,1.0774006666616731,-0.0025904695846322547,0.22323198718586038,0.04094588371546079,0.8023743016759777,1.3966370455377402,0.286010466507393
fm_ct2_zip2,21,3,1750,1750,5250,16,3.0,112,4.875,1.0,34.490532207282044,0.9124874315533583,0.06914386527498256,1,0.1061085303015751,0.043173344920443675,0.7521771278343741,0.8100780654974061,0.03251832201819156,0.17525239557655767,0.0413621342261152,0.7912421952021031,1.400085511112591,0.36264133063999987
fm_ct2_zip2,21,3,1750,1750,5250,16,3.0,112,4.875,1.0,33.473925123534215,0.9085876758915472,-0.03416397100890978,0,0.18445985630993944,0.04062312922893806,0.7497124548143279,0.9709834335216053,0.08039675652918346,0.15029588530102966,0.04176261276848582,0.7523414393690437,1.1656919770054934,0.37936211253432434
fm_ct2_zip2,21,3,1750,1750,5250,16,3.0,112,4.875,1.0,20.777944781717437,0.8552665997839025,0.003995460591221217,1,0.1588633758066457,0.042055558293641555,0.7401823858034834,0.6743043010308717,-0.03451245034994336,0.1628588363978669,0.04208822754854126,0.754929346040092,0.9553639090740919,0.28149078500433106
fm_ct2_zip2,21,3,1750,1750,5250,16,3.0,112,4.875,1.0,34.351779877277565,0.9044460142586385,-0.0018272257520255408,0,0.1995973173403747,0.040405144123240616,0.7605570161025305,0.9647494316754032,0.013815475284636152,0.19777009158834916,0.04102158117214751,0.7684028918830101,1.3660983043564146,0.3480150831161811
fm_ct2_zip2,24,4,1750,1750,7000,16,4.0,65,2.875,1.0,162.69911894494697,0.9706884287592683,0.016218869954790147,1,0.08876226980482244,0.02418229575352043,0.7394340845273237,0.7861674212256058,-0.11180174134684887,0.10498113975961258,0.02436829349340305,0.6965944272445821,0.7280816510683363,-0.2599899819816389
fm_ct2_zip2,24,4,1750,1750,7000,16,4.0,65,2.8125,1.0,137.38647904631333,0.9708548087735547,0.022063919552810493,1,0.1133374295540308,0.024937514395392716,0.8278767123287671,1.3607833589232357,0.06992494362993525,0.1354013491068413,0.024783769506576226,0.8424657534246576,1.372965638256421,-0.16767668149700135
fm_ct2_zip2,24,4,1750,1750,7000,16,4.0,65,2.875,1.0,146.13568447934009,0.9721981075737595,0.027202214521260426,1,0.052177299025432416,0.0249334138366812,0.6359709122327022,0.34950834435438655,0.039440902506129756,0.07937951354669284,0.024635472505742384,0.74562603499172,0.8180617515045112,-0.18907544842555812
fm_ct2_zip2,24,4,1750,1750,7000,16,4.0,65,2.875,1.0,129.60044385537972,0.9683746218794289,0.012610246165178973,1,0.07142687702919297,0.025283601583787875,0.7069623443012456,0.5618709515109037,-0.16030328897031954,0.08403712319437194,0.024305304243161914,0.7467780257757938,0.8563235164521568,-0.19323290894662584
fm_ct2_zip2,24,4,1750,1750,7000,16,4.0,65,2.875,1.0,134.1676931557684,0.9697123378737293,0.030778840334469038,1,0.08758845090570211,0.024092028768312897,0.781265749874001,0.9914302793952752,-0.04469914437475418,0.11836729124017115,0.023872369675539414,0.7379940960472315,0.9883987552582747,-0.21477978982686077
fm_ct2_zip2,24,2,1750,1750,3500,16,2.0,65,2.875,1.0,23.11640204282842,0.9133813652759718,0.002297032614396982,1,0.08876226980482244,0.02418229575352043,0.7394340845273237,0.7861674212256058,-0.11180174134684887,0.09105930241921942,0.02425468311593383,0.7204982360141119,0.8550893784194106,-0.14611622155051454
fm_ct2_zip2,24,2,1750,1750,3500,16,2.0,65,2.8125,1.0,38.3862884415266,0.9472385590156767,0.024873457452687528,1,0.1133374295540308,0.024937514395392716,0.8278767123287671,1.3607833589232357,0.06992494362993525,0.13821088700671832,0.024592494749549467,0.8497260273972602,1.4498800381626973,-0.11267737298040084
fm_ct2_zip2,24,2,1750,1750,3500,16,2.0,65,2.875,1.0,36.66807178580397,0.9450510802847434,0.011465186022492566,1,0.052177299025432416,0.0249334138366812,0.6359709122327022,0.34950834435438655,0.039440902506129756,0.06364248504792498,0.02462478208251035,0.7186982504139967,0.7652136637958386,-0.10759894090715406
fm_ct2_zip2,24,2,1750,1750,3500,16,2.0,65,2.875,1.0,33.27491781278539,0.936397814319588,0.02630855801266968,1,0.07142687702919297,0.025283601583787875,0.7069623443012456,0.5618709515109037,-0.16030328897031954,0.09773543504186265,0.02427192758274158,0.7528979768161854,0.8728213377877473,-0.1515603866321613
fm_ct2_zip2,24,2,1750,1750,3500,16,2.0,65,2.875,1.0,11.053960827717354,0.8184555232095571,0.02960752253359429,1,0.08758845090570211,0.024092028768312897,0.781265749874001,0.9914302793952752,-0.04469914437475418,0.1171959734392964,0.02374638463034223,0.7798257613939089,1.1088661557843098,-0.1759333157291452
fm_ct2_zip2,24,4,1750,1750,7000,16,4.0,65,2.875,1.0,75.32597011264602,0.9467682482958291,0.005717012959546297,1,0.08876226980482244,0.02418229575352043,0.7394340845273237,0.7861674212256058,-0.11180174134684887,0.09447928276436873,0.024443487848583596,0.6854345165238678,0.7218172472713126,-0.2593604563850394
fm_ct2_zip2,24,4,1750,1750,7000,16,4.0,65,2.8125,1.0,103.25109639246787,0.9566689469171604,0.04086397848358901,1,0.1133374295540308,0.024937514395392716,0.8278767123287671,1.3607833589232357,0.06992494362993525,0.1542014080376198,0.02448187997078031,0.8478082191780822,1.4464475918002426,-0.24565694841478686
fm_ct2_zip2,24,4,1750,1750,7000,16,4.0,65,2.875,1.0,105.60996693398147,0.9615734936273126,0.03237581128188416,1,0.052177299025432416,0.0249334138366812,0.6359709122327022,0.34950834435438655,0.039440902506129756,0.08455311030731658,0.024421154084733738,0.7514579883360932,0.9051671946178244,-0.2393705465398266
fm_ct2_zip2,24,4,1750,1750,7000,16,4.0,65,2.875,1.0,83.20047584168111,0.9513373656291118,0.01617446464233631,1,0.07142687702919297,0.025283601583787875,0.7069623443012456,0.5618709515109037,-0.16030328897031954,0.08760134167152928,0.02422901637522446,0.7541939664482684,0.9596912021296216,-0.30143126048447033
fm_ct2_zip2,24,4,1750,1750,7000,16,4.0,65,2.875,1.0,59.92365919318067,0.9330971610547107,0.00829798412918789,1,0.08758845090570211,0.024092028768312897,0.781265749874001,0.9914302793952752,-0.04469914437475418,0.09588643503489,0.02406407510879829,0.7550579595363237,1.057852589349585,-0.23332085029074065
fm_ct2_zip2,24,2,1750,1750,3500,16,2.0,65,2.875,1.0,18.857537318823006,0.8921281469930682,0.01706949913465325,1,0.08876226980482244,0.02418229575352043,0.7394340845273237,0.7861674212256058,-0.11180174134684887,0.10583176893947568,0.024070172090135778,0.7000503995968033,0.6771284970623573,-0.09315611203199442
fm_ct2_zip2,24,2,1750,1750,3500,16,2.0,65,2.8125,1.0,17.868873534608163,0.8842963637850598,0.026160392120205392,1,0.1133374295540308,0.024937514395392716,0.8278767123287671,1.3607833589232357,0.06992494362993525,0.1394978216742362,0.024754904576236855,0.8536986301369863,1.2771655511066788,0.04786508459374314
fm_ct2_zip2,24,2,1750,1750,3500,16,2.0,65,2.875,1.0,28.98231913462312,0.9303595765866572,0.022403708399843153,1,0.052177299025432416,0.0249334138366812,0.6359709122327022,0.34950834435438655,0.039440902506129756,0.07458100742527557,0.024557341241372266,0.7405140758873927,0.740069418369285,0.027020653122643686
fm_ct2_zip2,24,2,1750,1750,3500,16,2.0,65,2.875,1.0,22.216891728848502,0.9050207537308148,0.018112929679250753,1,0.07142687702919297,0.025283601583787875,0.7069623443012456,0.5618709515109037,-0.16030328897031954,0.08953980670844372,0.02437235847300973,0.7315861473108215,0.7257689612375899,-0.053614869381682174
fm_ct2_zip2,24,2,1750,1750,3500,16,2.0,65,2.875,1.0,17.705228412647624,0.8867598223765295,0.024589509041787957,1,0.08758845090570211,0.024092028768312897,0.781265749874001,0.9914302793952752,-0.04469914437475418,0.11217795994749007,0.023908630201269807,0.7461300309597523,0.9211370505378794,0.04655927209374507
fm_ct2_zip2,24,4,1750,1750,7000,16,4.0,65,2.875,1.0,67.03414929022293,0.9343291220454482,0.0213883334280226,1,0.08876226980482244,0.02418229575352043,0.7394340845273237,0.7861674212256058,-0.11180174134684887,0.11015060323284503,0.02397034210064742,0.7159622723018216,0.8775993742031711,-0.09356509920266982
fm_ct2_zip2,24,4,1750,1750,7000,16,4.0,65,2.8125,1.0,97.97990278810201,0.9546693191953468,0.03270173114482343,1,0.1133374295540308,0.024937514395392716,0.8278767123287671,1.3607833589232357,0.06992494362993525,0.14603916069885423,0.024496114983525042,0.8484931506849315,1.5861722271513006,-0.03840388362236067
fm_ct2_zip2,24,4,1750,1750,7000,16,4.0,65,2.875,1.0,93.65545331126191,0.9512201160250173,0.009554294410584016,1,0.052177299025432416,0.0249334138366812,0.6359709122327022,0.34950834435438655,0.039440902506129756,0.06173159343601643,0.024468548982937904,0.7255381956944345,0.8202552932153708,-0.030977065999185514
fm_ct2_zip2,24,4,1750,1750,7000,16,4.0,65,2.875,1.0,103.91390603035359,0.9607502089239557,0.005742852049036171,1,0.07142687702919297,0.025283601583787875,0.7069623443012456,0.5618709515109037,-0.16030328897031954,0.07716972907822914,0.024336377999146147,0.7257541939664481,0.8110472337635611,-0.0879392989812894
fm_ct2_zip2,24,4,1750,1750,7000,16,4.0,65,2.875,1.0,120.52569590207915,0.9566892674325989,0.05546593357551893,1,0.08758845090570211,0.024092028768312897,0.781265749874001,0.9914302793952752,-0.04469914437475418,0.14305438448122104,0.02364021678859742,0.7778817769457844,1.2622597974312897,-0.0565064196348186
fm_ct2_zip2,24,1,1750,1750,1750,16,1.0,65,2.875,1.0,14.033239816259195,0.9278892692002907,0.0373480054605379,1,0.08876226980482244,0.02418229575352043,0.7394340845273237,0.7861674212256058,-0.11180174134684887,0.12611027526536034,0.023734877394675,0.6937144502843977,0.7291855791446095,-0.043494631718306365
fm_ct2_zip2,24,1,1750,1750,1750,16,1.0,65,2.8125,1.0,8.857484501204556,0.8863491814085795,0.01693806040820904,1,0.1133374295540308,0.024937514395392716,0.8278767123287671,1.3607833589232357,0.06992494362993525,0.13027548996223984,0.024806418109146924,0.8293150684931507,1.317318022299464,0.06042591458424435
fm_ct2_zip2,24,1,1750,1750,1750,16,1.0,65,2.875,1.0,17.508811705589377,0.9233877900268763,0.0002444180017717318,1,0.052177299025432416,0.0249334138366812,0.6359709122327022,0.34950834435438655,0.039440902506129756,0.05242171702720415,0.025032495569797576,0.6825545395636835,0.5260592930329121,0.0013811928028123553
fm_ct2_zip2,24,1,1750,1750,1750,16,1.0,65,2.875,1.0,9.080047362714254,0.8873331509102673,-0.0045861991476321,0,0.07142687702919297,0.025283601583787875,0.7069623443012456,0.5618709515109037,-0.16030328897031954,0.06684067788156087,0.024931962717883407,0.6736986104111167,0.48762883179798755,-0.06833247975125109
fm_ct2_zip2,24,1,1750,1750,1750,16,1.0,65,2.875,1.0,20.670280664362352,0.948695082509692,0.05262995134671558,1,0.08758845090570211,0.024092028768312897,0.781265749874001,0.9914302793952752,-0.04469914437475418,0.1402184022524177,0.02366548785442838,0.7396500827993376,0.921194755421689,0.04034915828669863
fm_ct2_zip2,24,3,1750,1750,5250,16,3.0,65,2.875,1.0,53.206367475873385,0.9387407196764186,0.03246887166177992,1,0.08876226980482244,0.02418229575352043,0.7394340845273237,0.7861674212256058,-0.11180174134684887,0.12123114146660235,0.023932894620334058,0.7181222550219598,0.9010817357263057,-0.006458426911288014
fm_ct2_zip2,24,3,1750,1750,5250,16,3.0,65,2.8125,1.0,62.19544599533683,0.9283256029619723,0.029690845346069514,1,0.1133374295540308,0.024937514395392716,0.8278767123287671,1.3607833589232357,0.06992494362993525,0.1430282749001003,0.024732269905535606,0.8333561643835617,1.5105250228593625,0.12212813018042681
fm_ct2_zip2,24,3,1750,1750,5250,16,3.0,65,2.875,1.0,26.36257012984694,0.8760923937576367,0.01627173251623787,1,0.052177299025432416,0.0249334138366812,0.6359709122327022,0.34950834435438655,0.039440902506129756,0.06844903154167029,0.02443269466377774,0.6934264525883793,0.715218585945668,0.10316701549071654
fm_ct2_zip2,24,3,1750,1750,5250,16,3.0,65,2.875,1.0,72.9363631757555,0.9586939544402817,0.006179248586160924,1,0.07142687702919297,0.025283601583787875,0.7069623443012456,0.5618709515109037,-0.16030328897031954,0.07760612561535389,0.024487323962396366,0.6987544099647203,0.6665001372252967,-0.03139168978691001
fm_ct2_zip2,24,3,1750,1750,5250,16,3.0,65,2.875,1.0,89.10487263572115,0.9633042805232916,0.06301175018631044,1,0.08758845090570211,0.024092028768312897,0.781265749874001,0.9914302793952752,-0.04469914437475418,0.15060020109201255,0.02370177061619999,0.777953776369789,1.3387742390249977,0.0976840886979999
fm_ct2_zip2,24,3,1750,1750,5250,16,3.0,65,2.875,1.0,42.975063384414796,0.9300929045131542,0.044549199199089756,1,0.08876226980482244,0.02418229575352043,0.7394340845273237,0.7861674212256058,-0.11180174134684887,0.1333114690039122,0.023748172152020817,0.6838505291957663,0.7299947658982446,-0.06336535569060432
fm_ct2_zip2,24,3,1750,1750,5250,16,3.0,65,2.8125,1.0,27.318430906599488,0.8901789866180041,0.015783835414658012,1,0.1133374295540308,0.024937514395392716,0.8278767123287671,1.3607833589232357,0.06992494362993525,0.1291212649686888,0.024844671511022043,0.8361643835616438,1.2406134146543666,-0.05207819491199445
fm_ct2_zip2,24,3,1750,1750,5250,16,3.0,65,2.875,1.0,48.51288622381176,0.9358880247287054,0.024603892592512472,1,0.052177299025432416,0.0249334138366812,0.6359709122327022,0.34950834435438655,0.039440902506129756,0.07678119161794489,0.024479200581829626,0.7356181150550796,0.7676470989167659,-0.0319605878149073
fm_ct2_zip2,24,3,1750,1750,5250,16,3.0,65,2.875,1.0,42.391079592843106,0.9257129509041787,0.008705589438006436,1,0.07142687702919297,0.025283601583787875,0.7069623443012456,0.5618709515109037,-0.16030328897031954,0.0801324664671994,0.024528176053923403,0.7030743754049966,0.6643290093133128,-0.08599382405695769
fm_ct2_zip2,24,3,1750,1750,5250,16,3.0,65,2.875,1.0,44.12180008054551,0.9241831410654188,0.05538549965720965,1,0.08758845090570211,0.024092028768312897,0.781265749874001,0.9914302793952752,-0.04469914437475418,0.14297395056291176,0.0236853232489485,0.7507379940960472,1.053173180116853,0.014795981061555457
fm_ct2_zip2,24,1,1750,1750,1750,16,1.0,65,2.875,1.0,2.2356102163033595,0.5523538392641819,0.00363187222967791,1,0.08876226980482244,0.02418229575352043,0.7394340845273237,0.7861674212256058,-0.11180174134684887,0.09239414203450035,0.024067848589407494,0.7442580459356325,0.8779587087794107,0.2233161744895445
fm_ct2_zip2,24,1,1750,1750,1750,16,1.0,65,2.8125,1.0,6.447195468006526,0.8418005789613827,0.00753058408127083,1,0.1133374295540308,0.024937514395392716,0.8278767123287671,1.3607833589232357,0.06992494362993525,0.12086801363530163,0.02501120807139747,0.8310958904109589,1.4170976965276865,0.3772444963976232
fm_ct2_zip2,24,1,1750,1750,1750,16,1.0,65,2.875,1.0,12.02441526635973,0.9157114662132209,0.010607652560293807,1,0.052177299025432416,0.0249334138366812,0.6359709122327022,0.34950834435438655,0.039440902506129756,0.06278495158572622,0.02442471657598452,0.6728346173230614,0.49688876148194455,0.4119075388366004
fm_ct2_zip2,24,1,1750,1750,1750,16,1.0,65,2.875,1.0,12.38978629394717,0.9130793668275636,-0.00212413793238396,0,0.07142687702919297,0.025283601583787875,0.7069623443012456,0.5618709515109037,-0.16030328897031954,0.06930273909680901,0.0244475607527181,0.7079703362373101,0.6108967992353346,0.33007980527649533
fm_ct2_zip2,24,1,1750,1750,1750,16,1.0,65,2.875,1.0,1.7686647298942626,0.42221383539817975,0.006574909890246325,1,0.08758845090570211,0.024092028768312897,0.781265749874001,0.9914302793952752,-0.04469914437475418,0.09416336079594843,0.02403687090912298,0.7850097199222406,1.147587713314833,0.3107879809670316
fm_ct2_zip2,24,1,1750,1750,1750,16,1.0,65,2.875,1.0,12.766693510001634,0.9216677383355194,0.012412851481722373,1,0.08876226980482244,0.02418229575352043,0.7394340845273237,0.7861674212256058,-0.11180174134684887,0.10117512128654481,0.02408398710309343,0.7506659946720426,0.9656937557879248,-0.12861023353598391
fm_ct2_zip2,24,1,1750,1750,1750,16,1.0,65,2.8125,1.0,8.841636857540529,0.8847609087083785,0.00955024622002737,1,0.1133374295540308,0.024937514395392716,0.8278767123287671,1.3607833589232357,0.06992494362993525,0.12288767577405817,0.02471342387262464,0.8484931506849316,1.5628646814605376,-0.10477464263156869
fm_ct2_zip2,24,1,1750,1750,1750,16,1.0,65,2.875,1.0,13.026061736833114,0.9186348319486175,0.006824852282538589,1,0.052177299025432416,0.0249334138366812,0.6359709122327022,0.34950834435438655,0.039440902506129756,0.059002151307971006,0.024810071611250987,0.682266541867665,0.6347080175511463,-0.13274993220066145
fm_ct2_zip2,24,1,1750,1750,1750,16,1.0,65,2.875,1.0,5.581982807193255,0.8130183805072622,0.011492649000434507,1,0.07142687702919297,0.025283601583787875,0.7069623443012456,0.5618709515109037,-0.16030328897031954,0.08291952602962747,0.024438753334914576,0.7532579739362085,0.8528131107242247,-0.18160616513285935
fm_ct2_zip2,24,1,1750,1750,1750,16,1.0,65,2.875,1.0,5.932680953213177,0.8246464358034025,0.01124161667207603,1,0.08758845090570211,0.024092028768312897,0.781265749874001,0.9914302793952752,-0.04469914437475418,0.09883006757777814,0.02389395935139795,0.7848657210742314,1.1285068217041292,-0.18588138964688972
fm_ct2_zip2,24,1,1750,1750,1750,16,1.0,65,2.875,1.0,11.333281195057927,0.9116556617546117,0.031118170752520324,1,0.08876226980482244,0.02418229575352043,0.7394340845273237,0.7861674212256058,-0.11180174134684887,0.11988044055734276,0.024014777578486766,0.7177622579019367,0.7684161932911512,-0.021913809965587026
fm_ct2_zip2,24,1,1750,1750,1750,16,1.0,65,2.8125,1.0,16.511036072528746,0.9393321125683345,0.0250983779774092,1,0.1133374295540308,0.024937514395392716,0.8278767123287671,1.3607833589232357,0.06992494362993525,0.13843580753144,0.02476278771626675,0.8524657534246575,1.372701258789417,0.10266542150146285
fm_ct2_zip2,24,1,1750,1750,1750,16,1.0,65,2.875,1.0,22.68029528829971,0.9549061228439375,0.020572624820523563,1,0.052177299025432416,0.0249334138366812,0.6359709122327022,0.34950834435438655,0.039440902506129756,0.07274992384595598,0.02473595623369212,0.7047303621571027,0.6173210806432599,0.10483017293366699
fm_ct2_zip2,24,1,1750,1750,1750,16,1.0,65,2.875,1.0,12.62534096778707,0.9173442158650651,0.015711242597066424,1,0.07142687702919297,0.025283601583787875,0.7069623443012456,0.5618709515109037,-0.16030328897031954,0.08713811962625939,0.024326386605719497,0.7589459284325725,0.7423820257008952,0.05032690809268882
fm_ct2_zip2,24,1,1750,1750,1750,16,1.0,65,2.875,1.0,12.096867498718535,0.9172935875919948,0.01514222326792787,1,0.08758845090570211,0.024092028768312897,0.781265749874001,0.9914302793952752,-0.04469914437475418,0.10273067417362998,0.023927895325290396,0.7814097487220102,0.967984411366238,0.08081543645718922
fm_ct2_zip2,24,1,1750,1750,1750,16,1.0,65,2.875,1.0,9.59734666284109,0.8952220386735472,0.022772865648149482,1,0.08876226980482244,0.02418229575352043,0.7394340845273237,0.7861674212256058,-0.11180174134684887,0.11153513545297192,0.023942313360423295,0.721218230254158,0.8666088909091054,-0.02823385785338027
fm_ct2_zip2,24,1,1750,1750,1750,16,1.0,65,2.8125,1.0,7.07251762381436,0.858603185672901,0.03367064951658548,1,0.1133374295540308,0.024937514395392716,0.8278767123287671,1.3607833589232357,0.06992494362993525,0.14700807907061628,0.024664200764921294,0.861027397260274,1.6548643673657948,0.13691204331934823
fm_ct2_zip2,24,1,1750,1750,1750,16,1.0,65,2.875,1.0,10.676465619633184,0.9039577081283519,0.011124082095945245,1,0.052177299025432416,0.0249334138366812,0.6359709122327022,0.34950834435438655,0.039440902506129756,0.06330138112137766,0.024513847262152614,0.6775865793073655,0.6744364192710921,0.038224286036920685
fm_ct2_zip2,24,1,1750,1750,1750,16,1.0,65,2.875,1.0,4.049156360310853,0.7209648289257662,0.013773945832423792,1,0.07142687702919297,0.025283601583787875,0.7069623443012456,0.5618709515109037,-0.16030328897031954,0.08520082286161676,0.024311854343250474,0.7438260493916049,0.8325687663687054,-0.0218816019514062
fm_ct2_zip2,24,1,1750,1750,1750,16,1.0,65,2.875,1.0,8.378745375041328,0.8771650178105731,0.05121308531109264,1,0.08758845090570211,0.024092028768312897,0.781265749874001,0.9914302793952752,-0.04469914437475418,0.13880153621679475,0.023885296282034167,0.7431780545755633,1.046207852828251,0.10032556394390567
fm_ct2_zip2,26,4,1750,1750,7000,16,4.0,64,2.8125,1.0,53.31360976341381,0.9219212097003097,-0.0049937434168504935,0,0.1437137290758492,0.023661198799706303,0.8267693858449132,0.9142535788646386,-0.08894008710375073,0.1387199856589987,0.023485248267453792,0.8226654186766506,1.1496762076914888,0.018162630072834224
fm_ct2_zip2,26,4,1750,1750,7000,16,4.0,64,2.8125,1.0,70.1668166701393,0.92715957322691,0.041324357760683134,1,0.12617779817681568,0.0241586187132894,0.760529915760674,0.636407781515812,-0.14035267391810977,0.16750215593749881,0.023374527304634705,0.8054575563395493,0.9992479331259365,-0.027430378632441955
fm_ct2_zip2,26,4,1750,1750,7000,16,4.0,64,2.8125,1.0,79.78190059855575,0.9485464913750724,0.00433309721566652,1,0.09139815097335785,0.02537052248755578,0.7550579595363237,0.5385579910208442,-0.047872903923040756,0.09573124818902437,0.024431497065963724,0.792281661746706,0.818009137067785,0.06867043870189296
fm_ct2_zip2,26,4,1750,1750,7000,16,4.0,64,2.8125,1.0,82.75472935669339,0.9373125893021367,0.09559235303504951,1,0.1441763372525544,0.023318100259273913,0.7814097487220101,0.8364631169189064,0.08196769497687108,0.23976869028760392,0.022673390787244833,0.8890488876088991,1.7539744490439346,0.05324186746544535
fm_ct2_zip2,26,4,1750,1750,7000,16,4.0,64,2.8125,1.0,68.89566330311717,0.9419357751407038,0.018552852853033597,1,0.15925060862867318,0.023341815441511312,0.802937576499388,0.8421744179007222,-0.10323851548662547,0.17780346148170678,0.023150802158199733,0.8095615235078119,1.2168867049042105,0.04983680516752197
fm_ct2_zip2,26,4,1750,1750,7000,16,4.0,64,2.8125,1.0,69.6097043397519,0.9415881242181352,-0.0024009980128415764,0,0.1437137290758492,0.023661198799706303,0.8267693858449132,0.9142535788646386,-0.08894008710375073,0.14131273106300762,0.02365449726156849,0.833609331125351,1.359694233504413,-0.15368664837389634
fm_ct2_zip2,26,4,1750,1750,7000,16,4.0,64,2.8125,1.0,83.79896584729448,0.9522595330109092,0.04113805948662588,1,0.12617779817681568,0.0241586187132894,0.760529915760674,0.636407781515812,-0.14035267391810977,0.16731585766344156,0.0235398513895589,0.7891856865145078,1.1506697090586653,-0.1546003544311795
fm_ct2_zip2,26,4,1750,1750,7000,16,4.0,64,2.8125,1.0,78.26906796412558,0.9426349819341021,-0.004478100793777043,0,0.09139815097335785,0.02537052248755578,0.7550579595363237,0.5385579910208442,-0.047872903923040756,0.08692005017958081,0.024517399160352595,0.7968896248830009,0.9250733686050544,-0.12390544538794922
fm_ct2_zip2,26,4,1750,1750,7000,16,4.0,64,2.8125,1.0,63.842770290958214,0.9350526487086832,0.05833979692163124,1,0.1441763372525544,0.023318100259273913,0.7814097487220101,0.8364631169189064,0.08196769497687108,0.20251613417418565,0.02292569690935004,0.9007127942976456,1.9150374281905735,-0.0371721437769431
fm_ct2_zip2,26,4,1750,1750,7000,16,4.0,64,2.8125,1.0,82.85987854279321,0.950693552100315,0.03682985065714356,1,0.15925060862867318,0.023341815441511312,0.802937576499388,0.8421744179007222,-0.10323851548662547,0.19608045928581674,0.023196316581776472,0.8107855137158902,1.392118984588395,-0.12939260844353295
fm_ct2_zip2,26,3,1750,1750,5250,16,3.0,64,2.8125,1.0,36.537338801042495,0.917705658095394,0.00684667944385689,1,0.1437137290758492,0.023661198799706303,0.8267693858449132,0.9142535788646386,-0.08894008710375073,0.1505604085197061,0.02362379401217392,0.8280653754769962,1.2014579448042808,0.15260276871525363
fm_ct2_zip2,26,3,1750,1750,5250,16,3.0,64,2.8125,1.0,62.66697617307484,0.9378952692672381,0.07797405920890693,1,0.12617779817681568,0.0241586187132894,0.760529915760674,0.636407781515812,-0.14035267391810977,0.2041518573857226,0.02340241394748271,0.8048815609475124,1.1715374011189075,0.18493797275026427
fm_ct2_zip2,26,3,1750,1750,5250,16,3.0,64,2.8125,1.0,88.36012608545002,0.965870263110778,-0.006307439238727716,0,0.09139815097335785,0.02537052248755578,0.7550579595363237,0.5385579910208442,-0.047872903923040756,0.08509071173463013,0.024790581208492406,0.7942976456188351,0.7593263408156062,0.2017899252925302
fm_ct2_zip2,26,3,1750,1750,5250,16,3.0,64,2.8125,1.0,57.937842003077826,0.9464954273541002,0.06279581863959133,1,0.1441763372525544,0.023318100259273913,0.7814097487220101,0.8364631169189064,0.08196769497687108,0.20697215589214574,0.022982429439088747,0.8694650442796458,1.5166247850946302,0.2630530292462852
fm_ct2_zip2,26,3,1750,1750,5250,16,3.0,64,2.8125,1.0,26.648681948690975,0.8863580526975269,0.02135410143967087,1,0.15925060862867318,0.023341815441511312,0.802937576499388,0.8421744179007222,-0.10323851548662547,0.18060471006834405,0.023355440096618635,0.8124415004679962,1.208997142018533,0.1890908127487041
fm_ct2_zip2,26,3,1750,1750,5250,16,3.0,64,2.8125,1.0,42.274546060807765,0.9290340609923904,0.007493458000258246,1,0.1437137290758492,0.023661198799706303,0.8267693858449132,0.9142535788646386,-0.08894008710375073,0.15120718707610745,0.023615268843113418,0.8146734826121391,1.148200592251863,-0.05002767308194508
fm_ct2_zip2,26,3,1750,1750,5250,16,3.0,64,2.8125,1.0,46.63605886530121,0.9323628875189449,0.07044973613232666,1,0.12617779817681568,0.0241586187132894,0.760529915760674,0.636407781515812,-0.14035267391810977,0.19662753430914234,0.023468375765983276,0.7991216070271439,1.155313430247126,-0.029410364835964584
fm_ct2_zip2,26,3,1750,1750,5250,16,3.0,64,2.8125,1.0,65.83926847784984,0.949937084434926,-0.008972511339168682,0,0.09139815097335785,0.02537052248755578,0.7550579595363237,0.5385579910208442,-0.047872903923040756,0.08242563963418917,0.02449233289914786,0.8019295845633235,0.9311766317111398,0.002860298902040545
fm_ct2_zip2,26,3,1750,1750,5250,16,3.0,64,2.8125,1.0,49.8745247545397,0.9374957511285114,0.016074642825130853,1,0.1441763372525544,0.023318100259273913,0.7814097487220101,0.8364631169189064,0.08196769497687108,0.16025098007768526,0.02334441077411828,0.8085535315717475,1.374853017740045,0.026588261561505705
fm_ct2_zip2,26,3,1750,1750,5250,16,3.0,64,2.8125,1.0,40.77830207098017,0.9260396410974691,-0.011826490180922328,0,0.15925060862867318,0.023341815441511312,0.802937576499388,0.8421744179007222,-0.10323851548662547,0.14742411844775086,0.023358440230255028,0.8037295701634387,1.2977173639690247,-0.021920421523460052
fm_ct2_zip2,26,2,1750,1750,3500,16,2.0,64,2.8125,1.0,17.135688779626776,0.8821869357689217,0.002246480822392871,1,0.1437137290758492,0.023661198799706303,0.8267693858449132,0.9142535788646386,-0.08894008710375073,0.14596020989824207,0.02355066627573579,0.8412412700698395,1.172828371703493,-0.1233754679318137
fm_ct2_zip2,26,2,1750,1750,3500,16,2.0,64,2.8125,1.0,14.361068925404254,0.8606992497607701,0.0159939432831048,1,0.12617779817681568,0.0241586187132894,0.760529915760674,0.636407781515812,-0.14035267391810977,0.14217174145992048,0.023868009321903253,0.7299301605587155,0.6663371264579436,-0.15640970040931215
fm_ct2_zip2,26,2,1750,1750,3500,16,2.0,64,2.8125,1.0,15.11038858259997,0.8669145723568089,-0.009746330701691522,0,0.09139815097335785,0.02537052248755578,0.7550579595363237,0.5385579910208442,-0.047872903923040756,0.08165182027166633,0.025016709097116993,0.7336741306069551,0.5718170274922824,-0.07156073453226486
fm_ct2_zip2,26,2,1750,1750,3500,16,2.0,64,2.8125,1.0,38.90702024385979,0.9485707978823427,0.03678021373802079,1,0.1441763372525544,0.023318100259273913,0.7814097487220101,0.8364631169189064,0.08196769497687108,0.1809565509905752,0.02317664875947465,0.8284973720210238,1.1785093741570816,0.09208923632477571
fm_ct2_zip2,26,2,1750,1750,3500,16,2.0,64,2.8125,1.0,33.038375873130505,0.9375143402483936,0.01587401226219487,1,0.15925060862867318,0.023341815441511312,0.802937576499388,0.8421744179007222,-0.10323851548662547,0.17512462089086805,0.02314753930848,0.8092015263877889,1.1795395613986166,-0.04229388577019905
fm_ct2_zip2,26,1,1750,1750,1750,16,1.0,64,2.8125,1.0,2.2836631298655647,0.44241233815925995,-0.023174947777050883,0,0.1437137290758492,0.023661198799706303,0.8267693858449132,0.9142535788646386,-0.08894008710375073,0.12053878129879832,0.023635457346626934,0.8205054359565124,1.1362706368102484,-0.009910944359658327
fm_ct2_zip2,26,1,1750,1750,1750,16,1.0,64,2.8125,1.0,11.029092935889,0.9081854169494261,0.033959743147567806,1,0.12617779817681568,0.0241586187132894,0.760529915760674,0.636407781515812,-0.14035267391810977,0.1601375413243835,0.02356174264263448,0.7768017855857153,0.9452110308283561,-0.046419232008839496
fm_ct2_zip2,26,1,1750,1750,1750,16,1.0,64,2.8125,1.0,22.781629283781207,0.9545218897527848,-0.010682293651762403,0,0.09139815097335785,0.02537052248755578,0.7550579595363237,0.5385579910208442,-0.047872903923040756,0.08071585732159545,0.02468569623007818,0.7785297717618259,0.7763742637094474,0.04643230649098309
fm_ct2_zip2,26,1,1750,1750,1750,16,1.0,64,2.8125,1.0,13.49516049065972,0.9215431560534072,0.08754589456358372,1,0.1441763372525544,0.023318100259273913,0.7814097487220101,0.8364631169189064,0.08196769497687108,0.23172223181613813,0.0229875909177993,0.8639210886312909,1.8166898885589324,0.12010061992257041
fm_ct2_zip2,26,1,1750,1750,1750,16,1.0,64,2.8125,1.0,13.361921684866907,0.925084316608102,-0.038274208372724924,0,0.15925060862867318,0.023341815441511312,0.802937576499388,0.8421744179007222,-0.10323851548662547,0.12097640025594826,0.023699554125869302,0.7909136726906184,0.9463102336564642,-0.05336537746392485
fm_ct2_zip2,26,1,1750,1750,1750,16,1.0,64,2.8125,1.0,10.430326501922593,0.903977770423539,2.2087265993175897e-05,1,0.1437137290758492,0.023661198799706303,0.8267693858449132,0.9142535788646386,-0.08894008710375073,0.14373581634184238,0.02359293265654804,0.8164734682122543,1.175351884585091,-0.386661353224746
fm_ct2_zip2,26,1,1750,1750,1750,16,1.0,64,2.8125,1.0,6.441147097367811,0.8257859600720732,0.01025793043194706,1,0.12617779817681568,0.0241586187132894,0.760529915760674,0.636407781515812,-0.14035267391810977,0.13643572860876274,0.023829205200220683,0.8083375332997336,1.0121488869174557,-0.40487289433458984
fm_ct2_zip2,26,1,1750,1750,1750,16,1.0,64,2.8125,1.0,19.480920947555695,0.9436212886310874,0.01098394281547517,1,0.09139815097335785,0.02537052248755578,0.7550579595363237,0.5385579910208442,-0.047872903923040756,0.10238209378883302,0.02451645850209556,0.7878176974584203,0.8318862896652074,-0.3211407496183376
fm_ct2_zip2,26,1,1750,1750,1750,16,1.0,64,2.8125,1.0,5.044866597456114,0.7915274260531878,0.0409232036866681,1,0.1441763372525544,0.023318100259273913,0.7814097487220101,0.8364631169189064,0.08196769497687108,0.1850995409392225,0.02292591913183526,0.8567211462308302,1.672778628185923,-0.3409587283766633
fm_ct2_zip2,26,1,1750,1750,1750,16,1.0,64,2.8125,1.0,10.877960206884019,0.9062485445780508,0.02937852837679722,1,0.15925060862867318,0.023341815441511312,0.802937576499388,0.8421744179007222,-0.10323851548662547,0.1886291370054704,0.02297232523371891,0.8227374181006553,1.2109175093918054,-0.34631378808396585
fm_ct2_zip2,26,4,1750,1750,7000,16,4.0,64,2.8125,1.0,114.82381869005786,0.9651213912233906,-4.604630019755529e-05,0,0.1437137290758492,0.023661198799706303,0.8267693858449132,0.9142535788646386,-0.08894008710375073,0.14366768277565165,0.02349967137211364,0.8371373029015767,1.5007480797250234,0.024583555412614817
fm_ct2_zip2,26,4,1750,1750,7000,16,4.0,64,2.8125,1.0,61.54434406352429,0.9172232503102971,0.030527915186713578,1,0.12617779817681568,0.0241586187132894,0.760529915760674,0.636407781515812,-0.14035267391810977,0.15670571336352926,0.02345736625026719,0.8085535315717474,1.2345711332775284,-0.04799259973063677
fm_ct2_zip2,26,4,1750,1750,7000,16,4.0,64,2.8125,1.0,49.21675540439723,0.9153043275298529,0.0038853353286042724,1,0.09139815097335785,0.02537052248755578,0.7550579595363237,0.5385579910208442,-0.047872903923040756,0.09528348630196212,0.024107341509325243,0.8076895384836921,1.097779874746502,0.011304293611404195
fm_ct2_zip2,26,4,1750,1750,7000,16,4.0,64,2.8125,1.0,59.3905165778944,0.9325849691020396,0.015166817407077038,1,0.1441763372525544,0.023318100259273913,0.7814097487220101,0.8364631169189064,0.08196769497687108,0.15934315465963145,0.02327494856839706,0.8684570523435813,1.9666103076477341,0.03887823105945236
fm_ct2_zip2,26,4,1750,1750,7000,16,4.0,64,2.8125,1.0,46.88735552369482,0.909289802048676,0.02975877726540832,1,0.15925060862867318,0.023341815441511312,0.802937576499388,0.8421744179007222,-0.10323851548662547,0.1890093858940815,0.023179642026167183,0.8284253725970192,1.5850438021365183,-0.004137622635399905
fm_ct2_zip2,26,3,1750,1750,5250,16,3.0,64,2.8125,1.0,59.37925055665823,0.9465658423538187,0.0051349630717024974,1,0.1437137290758492,0.023661198799706303,0.8267693858449132,0.9142535788646386,-0.08894008710375073,0.1488486921475517,0.023520810811565124,0.8215134278925769,1.355255050796216,-0.16008697386745513
fm_ct2_zip2,26,3,1750,1750,5250,16,3.0,64,2.8125,1.0,92.04447808791964,0.9657504400981094,0.035720055928615935,1,0.12617779817681568,0.0241586187132894,0.760529915760674,0.636407781515812,-0.14035267391810977,0.16189785410543162,0.023440037555276873,0.7904816761465908,1.1529256958679677,-0.1279407441104696
fm_ct2_zip2,26,3,1750,1750,5250,16,3.0,64,2.8125,1.0,29.883451163169124,0.8988935616557139,-1.290643690499138e-05,0,0.09139815097335785,0.02537052248755578,0.7550579595363237,0.5385579910208442,-0.047872903923040756,0.09138524453645286,0.02456254095856863,0.7701778385772914,0.8367036280229718,-0.14275841468262523
fm_ct2_zip2,26,3,1750,1750,5250,16,3.0,64,2.8125,1.0,45.36097075560053,0.9316283899973992,0.060774730196420296,1,0.1441763372525544,0.023318100259273913,0.7814097487220101,0.8364631169189064,0.08196769497687108,0.2049510674489747,0.02291415761864521,0.8819929440564475,1.9720980882312515,-0.07374198503146655
fm_ct2_zip2,26,3,1750,1750,5250,16,3.0,64,2.8125,1.0,47.42469804759383,0.9339616111065141,0.015418490430288784,1,0.15925060862867318,0.023341815441511312,0.802937576499388,0.8421744179007222,-0.10323851548662547,0.17466909905896197,0.02316329846160648,0.8007055943552452,1.2605919952134728,-0.14132160207839256
fm_ct2_zip2,26,1,1750,1750,1750,16,1.0,64,2.8125,1.0,7.639865023503633,0.8644333711260788,-0.027987562740532018,0,0.1437137290758492,0.023661198799706303,0.8267693858449132,0.9142535788646386,-0.08894008710375073,0.11572616633531718,0.023652709084623733,0.817265461876305,1.0127428544269448,-0.0547061179704848
fm_ct2_zip2,26,1,1750,1750,1750,16,1.0,64,2.8125,1.0,8.668584826022123,0.8776669666567912,0.03409347143757108,1,0.12617779817681568,0.0241586187132894,0.760529915760674,0.636407781515812,-0.14035267391810977,0.16027126961438676,0.02344977237070833,0.7638418892648859,0.7262086659333233,-0.037171752641178134
fm_ct2_zip2,26,1,1750,1750,1750,16,1.0,64,2.8125,1.0,20.577783066368767,0.9512920030039443,-0.01243968954107226,0,0.09139815097335785,0.02537052248755578,0.7550579595363237,0.5385579910208442,-0.047872903923040756,0.07895846143228559,0.02506649762113135,0.7491540067679459,0.5751121024127013,0.017330029262174133
fm_ct2_zip2,26,1,1750,1750,1750,16,1.0,64,2.8125,1.0,4.907381327608078,0.7653145094073676,0.04448580372851996,1,0.1441763372525544,0.023318100259273913,0.7814097487220101,0.8364631169189064,0.08196769497687108,0.18866214098107437,0.02305909790118128,0.7899776801785586,0.8919046635310693,0.06671152700163575
fm_ct2_zip2,26,1,1750,1750,1750,16,1.0,64,2.8125,1.0,11.046427385638472,0.9048141015526413,-0.005113504070572011,0,0.15925060862867318,0.023341815441511312,0.802937576499388,0.8421744179007222,-0.10323851548662547,0.15413710455810117,0.023448118306834534,0.7910576715386277,0.9367633460244513,-0.012236281246324232
fm_ct2_zip2,26,2,1750,1750,3500,16,2.0,64,2.8125,1.0,11.637730584544176,0.8196666869456533,-0.0315450825917539,0,0.1437137290758492,0.023661198799706303,0.8267693858449132,0.9142535788646386,-0.08894008710375073,0.1121686464840953,0.023846111318719766,0.8263373893008856,1.0924869612458998,0.3721950346791054
fm_ct2_zip2,26,2,1750,1750,3500,16,2.0,64,2.8125,1.0,28.053439796288757,0.9203497055120171,0.03381707694281086,1,0.12617779817681568,0.0241586187132894,0.760529915760674,0.636407781515812,-0.14035267391810977,0.15999487511962654,0.02355256020233003,0.8179134566923465,1.1038896347139058,0.3299410160365222
fm_ct2_zip2,26,2,1750,1750,3500,16,2.0,64,2.8125,1.0,26.3925192392128,0.9200756770030919,0.004482000655239113,1,0.09139815097335785,0.02537052248755578,0.7550579595363237,0.5385579910208442,-0.047872903923040756,0.09588015162859696,0.024326220501843732,0.8105695154438765,0.8610449317489811,0.37269452090107585
fm_ct2_zip2,26,2,1750,1750,3500,16,2.0,64,2.8125,1.0,26.27385440945548,0.9238769852202586,0.012751758609685054,1,0.1441763372525544,0.023318100259273913,0.7814097487220101,0.8364631169189064,0.08196769497687108,0.15692809586223946,0.023373531100606224,0.88156094751242,1.5856229857765423,0.49869887943880253
fm_ct2_zip2,26,2,1750,1750,3500,16,2.0,64,2.8125,1.0,26.32387500876633,0.8987171936654141,0.013146201925802792,1,0.15925060862867318,0.023341815441511312,0.802937576499388,0.8421744179007222,-0.10323851548662547,0.17239681055447598,0.023469659796351048,0.8232414140686874,1.132842169879476,0.307884976529711
fm_ct2_zip2,26,1,1750,1750,1750,16,1.0,64,2.8125,1.0,4.250765871455288,0.7475419228153382,0.0030986029094240697,1,0.1437137290758492,0.023661198799706303,0.8267693858449132,0.9142535788646386,-0.08894008710375073,0.14681233198527327,0.023462968811503122,0.8373533011735905,1.2036690655683835,0.0011828705306191727
fm_ct2_zip2,26,1,1750,1750,1750,16,1.0,64,2.8125,1.0,10.099999291376438,0.8933954672784802,0.011080018817036602,1,0.12617779817681568,0.0241586187132894,0.760529915760674,0.636407781515812,-0.14035267391810977,0.13725781699385228,0.023809485260101473,0.7660018719850242,0.8619689103830362,-0.06929038187739298
fm_ct2_zip2,26,1,1750,1750,1750,16,1.0,64,2.8125,1.0,16.144085211930154,0.9378639484997162,-0.0004629391020424811,0,0.09139815097335785,0.02537052248755578,0.7550579595363237,0.5385579910208442,-0.047872903923040756,0.09093521187131537,0.024445582557084122,0.7843617251061992,0.8679328790338354,0.0758256342326242
fm_ct2_zip2,26,1,1750,1750,1750,16,1.0,64,2.8125,1.0,12.806376650162242,0.9132666461540697,0.005754700692901266,1,0.1441763372525544,0.023318100259273913,0.7814097487220101,0.8364631169189064,0.08196769497687108,0.14993103794545568,0.02350611870402847,0.8038015695874433,1.4014340624666386,0.09460512962350329
fm_ct2_zip2,26,1,1750,1750,1750,16,1.0,64,2.8125,1.0,6.653352659555233,0.8440342364997175,0.017218473074037316,1,0.15925060862867318,0.023341815441511312,0.802937576499388,0.8421744179007222,-0.10323851548662547,0.1764690817027105,0.023129650404666392,0.8125134998920008,1.2245316489830893,0.02142510727247789
fm_ct2_zip2,29,2,1750,1750,3500,16,2.0,73,3.1875,1.0,24.896072325767612,0.9026277143678823,0.04904059894808989,1,0.06912143110016987,0.02851111939768523,0.6938686313686313,0.5668333870216222,-0.05550071462565289,0.11816203004825976,0.028090611732130354,0.6675824175824177,0.553579494314193,-0.030946730791942587
fm_ct2_zip2,29,2,1750,1750,3500,16,2.0,73,3.1875,1.0,47.33088060005251,0.9547039008088551,-0.0024623302092383684,0,0.0576548668386294,0.028939394002116207,0.6836288711288712,0.5170098395916367,0.07955962996802136,0.05519253662939103,0.028914621618473756,0.6756368631368632,0.47646841767964454,0.1436341960422076
fm_ct2_zip2,29,2,1750,1750,3500,16,2.0,73,3.1875,1.0,13.60673175082276,0.8486700526004779,0.020651375009389628,1,0.06532781806301347,0.02849181292580383,0.7098526473526474,0.6466635404734458,0.022421080373551824,0.08597919307240309,0.028335031380810578,0.7287712287712288,0.6725528797507928,-0.0005350595561602597
fm_ct2_zip2,29,2,1750,1750,3500,16,2.0,73,3.1875,1.0,20.496008792755546,0.9023975303147955,0.020969133903707873,1,0.060393577650049365,0.028855469067837886,0.6763861138861139,0.4803535443993294,0.038528153444937915,0.08136271155375724,0.028312274724795156,0.690497002997003,0.590310240647501,0.04418468384510681
fm_ct2_zip2,29,2,1750,1750,3500,16,2.0,73,3.1875,1.0,15.524977622636314,0.8469618286006184,0.004612845666577686,1,0.06873328930722764,0.028380635245586386,0.7509365634365635,0.7927517501666201,0.11776970281464859,0.07334613497380532,0.028102796699048166,0.7690434565434565,0.8876211085100251,0.09127243969155988
fm_ct2_zip2,29,1,1750,1750,1750,16,1.0,73,3.1875,1.0,3.1269069727075953,0.6734242009499565,0.009703233966484537,1,0.06912143110016987,0.02851111939768523,0.6938686313686313,0.5668333870216222,-0.05550071462565289,0.0788246650666544,0.028150606440676143,0.7127247752247752,0.6426893832005937,0.21370413388992754
fm_ct2_zip2,29,1,1750,1750,1750,16,1.0,73,3.1875,1.0,4.093216061149616,0.7552983393533048,-0.0028743030548765286,0,0.0576548668386294,0.028939394002116207,0.6836288711288712,0.5170098395916367,0.07955962996802136,0.05478056378375287,0.0289281081976064,0.693618881118881,0.5311653010598975,0.2040838407887409
fm_ct2_zip2,29,1,1750,1750,1750,16,1.0,73,3.1875,1.0,7.997070151306321,0.8749535473914017,0.0012147305974592043,1,0.06532781806301347,0.02849181292580383,0.7098526473526474,0.6466635404734458,0.022421080373551824,0.06654254866047267,0.028319165864232464,0.7106643356643356,0.6371707329447237,0.2569868858981204
fm_ct2_zip2,29,1,1750,1750,1750,16,1.0,73,3.1875,1.0,2.3015860208395806,0.5565477393260437,0.0030715821047216235,1,0.060393577650049365,0.028855469067837886,0.6763861138861139,0.4803535443993294,0.038528153444937915,0.06346515975477099,0.028513812997093383,0.6919330669330669,0.5394399766964868,0.23788591556177205
fm_ct2_zip2,29,1,1750,1750,1750,16,1.0,73,3.1875,1.0,10.177023420515411,0.897070376214102,0.013539323782156401,1,0.06873328930722764,0.028380635245586386,0.7509365634365635,0.7927517501666201,0.11776970281464859,0.08227261308938404,0.028150208142239327,0.7407592407592407,0.7286261448108617,0.36151758804581235
fm_ct2_zip2,29,3,1750,1750,5250,16,3.0,73,3.1875,1.0,19.083672436613057,0.841049680551103,0.023003635852150317,1,0.06912143110016987,0.02851111939768523,0.6938686313686313,0.5668333870216222,-0.05550071462565289,0.09212506695232019,0.028048485964805504,0.6945554445554445,0.6922604446359485,-0.01521027768669483
fm_ct2_zip2,29,3,1750,1750,5250,16,3.0,73,3.1875,1.0,35.60725608488473,0.9028520363071613,0.004536826039742231,1,0.0576548668386294,0.028939394002116207,0.6836288711288712,0.5170098395916367,0.07955962996802136,0.06219169287837163,0.028521011355793702,0.6957417582417582,0.6354510546377459,0.16629576330495593
fm_ct2_zip2,29,3,1750,1750,5250,16,3.0,73,3.1875,1.0,24.276996096695864,0.8764166939398693,0.021651208746043704,1,0.06532781806301347,0.02849181292580383,0.7098526473526474,0.6466635404734458,0.022421080373551824,0.08697902680905717,0.02801263940093195,0.7441308691308691,0.8685001617995751,0.13714451315358397
fm_ct2_zip2,29,3,1750,1750,5250,16,3.0,73,3.1875,1.0,32.06884702733128,0.9043844988441327,0.016697690827931322,1,0.060393577650049365,0.028855469067837886,0.6763861138861139,0.4803535443993294,0.038528153444937915,0.07709126847798069,0.028348432537268275,0.6796328671328671,0.5774173595231047,0.14739810230057196
fm_ct2_zip2,29,3,1750,1750,5250,16,3.0,73,3.1875,1.0,37.532693571719506,0.9198036305541539,0.005018301099511929,1,0.06873328930722764,0.028380635245586386,0.7509365634365635,0.7927517501666201,0.11776970281464859,0.07375159040673956,0.028079376998236222,0.7525599400599401,0.8570203353198973,0.18840131931905302
fm_ct2_zip2,29,4,1750,1750,7000,16,4.0,73,3.1875,1.0,67.77349853394064,0.9377143467769393,0.02110245487870012,1,0.06912143110016987,0.02851111939768523,0.6938686313686313,0.5668333870216222,-0.05550071462565289,0.09022388597886999,0.0282805048756468,0.7009865134865134,0.7026741270578829,-0.16414037981304383
fm_ct2_zip2,29,4,1750,1750,7000,16,4.0,73,3.1875,1.0,74.62946601153064,0.9462198946628217,0.0006955865767526229,1,0.0576548668386294,0.028939394002116207,0.6836288711288712,0.5170098395916367,0.07955962996802136,0.058350453415382024,0.028726086390540896,0.6938061938061938,0.6565648384680846,-0.10555993024699367
fm_ct2_zip2,29,4,1750,1750,7000,16,4.0,73,3.1875,1.0,44.04074858848069,0.908192890815624,0.016889986517563224,1,0.06532781806301347,0.02849181292580383,0.7098526473526474,0.6466635404734458,0.022421080373551824,0.08221780458057669,0.02832909675031911,0.7313311688311688,0.8127542916065079,-0.1619333933202403
fm_ct2_zip2,29,4,1750,1750,7000,16,4.0,73,3.1875,1.0,34.52788368605445,0.8841489105554055,0.003793179495788862,1,0.060393577650049365,0.028855469067837886,0.6763861138861139,0.4803535443993294,0.038528153444937915,0.06418675714583823,0.028492623933567027,0.7111013986013985,0.71710805730679,-0.11937060807048051
fm_ct2_zip2,29,4,1750,1750,7000,16,4.0,73,3.1875,1.0,31.62643773656691,0.8713605753633824,0.01826443556490201,1,0.06873328930722764,0.028380635245586386,0.7509365634365635,0.7927517501666201,0.11776970281464859,0.08699772487212964,0.02785131040721595,0.7694180819180819,0.9960002281044734,-0.1029254447633298
fm_ct2_zip2,29,2,1750,1750,3500,16,2.0,73,3.1875,1.0,21.787381148208066,0.9074570202471235,0.01895000998905985,1,0.06912143110016987,0.02851111939768523,0.6938686313686313,0.5668333870216222,-0.05550071462565289,0.08807144108922972,0.028016205650320272,0.7152847152847153,0.7098596628898177,0.13351361840846535
fm_ct2_zip2,29,2,1750,1750,3500,16,2.0,73,3.1875,1.0,15.967164825495118,0.8733790000735451,-0.006115123878907232,0,0.0576548668386294,0.028939394002116207,0.6836288711288712,0.5170098395916367,0.07955962996802136,0.05153974295972217,0.028698261124003206,0.6784465534465534,0.5662682198479715,0.25524768702349376
fm_ct2_zip2,29,2,1750,1750,3500,16,2.0,73,3.1875,1.0,29.636915795820897,0.9322545704783044,-0.0008589308916092664,0,0.06532781806301347,0.02849181292580383,0.7098526473526474,0.6466635404734458,0.022421080373551824,0.0644688871714042,0.02859099373763906,0.7403846153846154,0.6480710004390018,0.32195728023057185
fm_ct2_zip2,29,2,1750,1750,3500,16,2.0,73,3.1875,1.0,16.541125720492417,0.8763416084222837,0.040742217688114896,1,0.060393577650049365,0.028855469067837886,0.6763861138861139,0.4803535443993294,0.038528153444937915,0.10113579533816426,0.02816908638558611,0.7122877122877123,0.68245618313373,0.4519084991169203
fm_ct2_zip2,29,2,1750,1750,3500,16,2.0,73,3.1875,1.0,26.985062515417,0.92531773376912,0.008141440958066182,1,0.06873328930722764,0.028380635245586386,0.7509365634365635,0.7927517501666201,0.11776970281464859,0.07687473026529382,0.027988084166466105,0.781968031968032,1.0136709493408742,0.3358193378913794
fm_ct2_zip2,29,2,1750,1750,3500,16,2.0,73,3.1875,1.0,12.445243728448606,0.8389723558453388,0.04296665976766448,1,0.06912143110016987,0.02851111939768523,0.6938686313686313,0.5668333870216222,-0.05550071462565289,0.11208809086783435,0.027734092745246207,0.7131618381618381,0.8804221933850469,-0.11684539744998099
fm_ct2_zip2,29,2,1750,1750,3500,16,2.0,73,3.1875,1.0,20.130630696659953,0.900520132481559,0.005470579410130197,1,0.0576548668386294,0.028939394002116207,0.6836288711288712,0.5170098395916367,0.07955962996802136,0.0631254462487596,0.02832837197623594,0.698489010989011,0.7520222306164042,0.03104805358983075
fm_ct2_zip2,29,2,1750,1750,3500,16,2.0,73,3.1875,1.0,12.36236218610455,0.8346002880697516,0.0074078576953139075,1,0.06532781806301347,0.02849181292580383,0.7098526473526474,0.6466635404734458,0.022421080373551824,0.07273567575832737,0.0281699167125597,0.7245879120879121,0.8760906702877853,-0.05824438525535497
fm_ct2_zip2,29,2,1750,1750,3500,16,2.0,73,3.1875,1.0,11.528680227629417,0.8261767236318022,0.04476065847322931,1,0.060393577650049365,0.028855469067837886,0.6763861138861139,0.4803535443993294,0.038528153444937915,0.10515423612327868,0.028118003428431074,0.6976148851148851,0.7662525376047689,-0.08414745958037591
fm_ct2_zip2,29,2,1750,1750,3500,16,2.0,73,3.1875,1.0,30.41714732381096,0.9246121400418663,0.020873600713537957,1,0.06873328930722764,0.028380635245586386,0.7509365634365635,0.7927517501666201,0.11776970281464859,0.08960689002076559,0.027765546453265646,0.7716033966033966,1.1010968056520678,-0.03303098474186522
fm_ct2_zip2,29,1,1750,1750,1750,16,1.0,73,3.1875,1.0,6.160335453562288,0.812936358124883,-0.001745202336998819,0,0.06912143110016987,0.02851111939768523,0.6938686313686313,0.5668333870216222,-0.05550071462565289,0.06737622876317105,0.02879757443930665,0.6676448551448552,0.5889327110534263,-0.33820910773880825
fm_ct2_zip2,29,1,1750,1750,1750,16,1.0,73,3.1875,1.0,4.242382617912277,0.7638944480201957,0.00028867065238659395,1,0.0576548668386294,0.028939394002116207,0.6836288711288712,0.5170098395916367,0.07955962996802136,0.057943537491015995,0.028899749475260233,0.6914335664335665,0.607066766328011,-0.19444939295304406
fm_ct2_zip2,29,1,1750,1750,1750,16,1.0,73,3.1875,1.0,5.968492457529926,0.8324164446258606,0.000775476016581525,1,0.06532781806301347,0.02849181292580383,0.7098526473526474,0.6466635404734458,0.022421080373551824,0.06610329407959499,0.028727644420303938,0.726461038961039,0.7368668607668438,-0.2636833669834141
fm_ct2_zip2,29,1,1750,1750,1750,16,1.0,73,3.1875,1.0,6.067874875646934,0.833387215173678,0.0016224791661984886,1,0.060393577650049365,0.028855469067837886,0.6763861138861139,0.4803535443993294,0.038528153444937915,0.062016056816247854,0.02870559099984942,0.6903721278721279,0.6203251251547655,-0.24205500738184335
fm_ct2_zip2,29,1,1750,1750,1750,16,1.0,73,3.1875,1.0,8.548703964058436,0.6859259938713098,0.004307459358161472,1,0.06873328930722764,0.028380635245586386,0.7509365634365635,0.7927517501666201,0.11776970281464859,0.07304074866538911,0.02810406404712655,0.7588036963036964,0.9682755944140005,-0.15678402915738612
fm_ct2_zip2,29,2,1750,1750,3500,16,2.0,73,3.1875,1.0,20.345995074023044,0.8995756745613469,-0.0009157468121336471,0,0.06912143110016987,0.02851111939768523,0.6938686313686313,0.5668333870216222,-0.05550071462565289,0.06820568428803622,0.028308332897873042,0.6969280719280719,0.6097627701551417,0.20851914766599933
fm_ct2_zip2,29,2,1750,1750,3500,16,2.0,73,3.1875,1.0,41.18743025371253,0.9488716894154322,3.139536421684075e-06,1,0.0576548668386294,0.028939394002116207,0.6836288711288712,0.5170098395916367,0.07955962996802136,0.057658006375051085,0.028574293264120924,0.6986138861138862,0.605092599550693,0.3521964792005895
fm_ct2_zip2,29,2,1750,1750,3500,16,2.0,73,3.1875,1.0,20.55294869213983,0.9026700507345047,-0.0026400555052766284,0,0.06532781806301347,0.02849181292580383,0.7098526473526474,0.6466635404734458,0.022421080373551824,0.06268776255773684,0.02838475940944504,0.7308316683316683,0.7017822192315767,0.2405386489560645
fm_ct2_zip2,29,2,1750,1750,3500,16,2.0,73,3.1875,1.0,43.92709267229104,0.9544506809051794,0.04074519716252582,1,0.060393577650049365,0.028855469067837886,0.6763861138861139,0.4803535443993294,0.038528153444937915,0.10113877481257519,0.028255527744155094,0.7061063936063936,0.6039221826246278,0.3666132437005682
fm_ct2_zip2,29,2,1750,1750,3500,16,2.0,73,3.1875,1.0,48.8591006950287,0.9581138230141333,0.011173052243027629,1,0.06873328930722764,0.028380635245586386,0.7509365634365635,0.7927517501666201,0.11776970281464859,0.07990634155025526,0.028016643594717578,0.7767232767232767,0.9062346149412964,0.3771186488398332
fm_ct2_zip2,29,2,1750,1750,3500,16,2.0,73,3.1875,1.0,13.478138958280468,0.8419073887784209,0.018577143571444327,1,0.06912143110016987,0.02851111939768523,0.6938686313686313,0.5668333870216222,-0.05550071462565289,0.0876985746716142,0.02804547117525623,0.685939060939061,0.6837920193074486,-0.0659113397046527
fm_ct2_zip2,29,2,1750,1750,3500,16,2.0,73,3.1875,1.0,34.496853483968245,0.9262836439901152,0.0038554014753777177,1,0.0576548668386294,0.028939394002116207,0.6836288711288712,0.5170098395916367,0.07955962996802136,0.06151026831400712,0.02860246900044652,0.7008616383616384,0.6702481150973787,0.018137132905099607
fm_ct2_zip2,29,2,1750,1750,3500,16,2.0,73,3.1875,1.0,13.293985228506475,0.8294443906987145,0.01737668125433446,1,0.06532781806301347,0.02849181292580383,0.7098526473526474,0.6466635404734458,0.022421080373551824,0.08270449931734793,0.028277470870514083,0.7352022977022976,0.7802709831339845,-0.04856366545841491
fm_ct2_zip2,29,2,1750,1750,3500,16,2.0,73,3.1875,1.0,14.018304977083478,0.8483946111963097,-0.003978915001681044,0,0.060393577650049365,0.028855469067837886,0.6763861138861139,0.4803535443993294,0.038528153444937915,0.05641466264836832,0.028712754939410744,0.6637112887112887,0.49571168968412277,-0.09466440577375994
fm_ct2_zip2,29,2,1750,1750,3500,16,2.0,73,3.1875,1.0,24.00333408142817,0.9128592161994089,0.013352598180009043,1,0.06873328930722764,0.028380635245586386,0.7509365634365635,0.7927517501666201,0.11776970281464859,0.08208588748723668,0.027849913180938764,0.7744755244755245,1.040607229622794,0.003608427211213276
fm_ct2_zip2,29,1,1750,1750,1750,16,1.0,73,3.1875,1.0,10.350299139719358,0.9032449552033112,0.015179651966708257,1,0.06912143110016987,0.02851111939768523,0.6938686313686313,0.5668333870216222,-0.05550071462565289,0.08430108306687813,0.028119467071474388,0.7327672327672328,0.7285806831707231,0.04317667186384486
fm_ct2_zip2,29,1,1750,1750,1750,16,1.0,73,3.1875,1.0,4.667586262066701,0.7813447662659873,-0.0072356040266732605,0,0.0576548668386294,0.028939394002116207,0.6836288711288712,0.5170098395916367,0.07955962996802136,0.05041926281195614,0.029051126721584837,0.6677697302697303,0.48746140254687825,0.08469113261886821
fm_ct2_zip2,29,1,1750,1750,1750,16,1.0,73,3.1875,1.0,8.579211701700064,0.883432649942735,-0.005018440081867838,0,0.06532781806301347,0.02849181292580383,0.7098526473526474,0.6466635404734458,0.022421080373551824,0.06030937798114563,0.028937216166113028,0.7237137862137862,0.608506547269978,0.021275987762749266
fm_ct2_zip2,29,1,1750,1750,1750,16,1.0,73,3.1875,1.0,7.439194458036198,0.8589556043935735,0.04117886546703761,1,0.060393577650049365,0.028855469067837886,0.6763861138861139,0.4803535443993294,0.038528153444937915,0.10157244311708698,0.028150460685659497,0.715034965034965,0.6718837065285465,0.25361642592123557
fm_ct2_zip2,29,1,1750,1750,1750,16,1.0,73,3.1875,1.0,4.503405533749714,0.7750698822426514,0.0042880816226235074,1,0.06873328930722764,0.028380635245586386,0.7509365634365635,0.7927517501666201,0.11776970281464859,0.07302137092985114,0.028233663986880847,0.7739135864135864,0.8772106660658399,0.20568113208872413
fm_ct2_zip2,29,1,1750,1750,1750,16,1.0,73,3.1875,1.0,7.093117554381307,0.858976386861156,0.0011339005169203192,1,0.06912143110016987,0.02851111939768523,0.6938686313686313,0.5668333870216222,-0.05550071462565289,0.07025533161709019,0.028347834886148452,0.699488011988012,0.6851881387587144,0.018376268988978928
fm_ct2_zip2,29,1,1750,1750,1750,16,1.0,73,3.1875,1.0,2.75962589933605,0.6102025038707956,0.004167650057025449,1,0.0576548668386294,0.028939394002116207,0.6836288711288712,0.5170098395916367,0.07955962996802136,0.06182251689565485,0.028547930988470274,0.6919955044955045,0.6331227072758492,0.16537713852246236
fm_ct2_zip2,29,1,1750,1750,1750,16,1.0,73,3.1875,1.0,5.256923650818466,0.8068503489003744,0.017258835742682832,1,0.06532781806301347,0.02849181292580383,0.7098526473526474,0.6466635404734458,0.022421080373551824,0.0825866538056963,0.028191314021617293,0.7265234765234766,0.8066404290720232,0.15050409676859428
fm_ct2_zip2,29,1,1750,1750,1750,16,1.0,73,3.1875,1.0,3.5015790948943586,0.7048114694890003,-0.000308163632657954,0,0.060393577650049365,0.028855469067837886,0.6763861138861139,0.4803535443993294,0.038528153444937915,0.06008541401739141,0.028537369038404304,0.6687687312687313,0.5630323365994386,0.10100525559372706
fm_ct2_zip2,29,1,1750,1750,1750,16,1.0,73,3.1875,1.0,2.301460981870287,0.37114941480659963,-0.0019448533696516668,0,0.06873328930722764,0.028380635245586386,0.7509365634365635,0.7927517501666201,0.11776970281464859,0.06678843593757597,0.028148647272569008,0.7378246753246753,0.8525736110276714,0.2212132584177874
fm_ct2_zip2,29,1,1750,1750,1750,16,1.0,73,3.1875,1.0,6.1424632368424525,0.8267274233617667,0.02430941982940163,1,0.06912143110016987,0.02851111939768523,0.6938686313686313,0.5668333870216222,-0.05550071462565289,0.0934308509295715,0.027956436660288197,0.6853771228771228,0.7157471125654875,0.06590809942546075
fm_ct2_zip2,29,1,1750,1750,1750,16,1.0,73,3.1875,1.0,0.9919615458124073,0.007121941972774499,0.009493084903854782,1,0.0576548668386294,0.028939394002116207,0.6836288711288712,0.5170098395916367,0.07955962996802136,0.06714795174248418,0.028413554324347928,0.675511988011988,0.6160741297821164,0.16054519707994652
fm_ct2_zip2,29,1,1750,1750,1750,16,1.0,73,3.1875,1.0,1.505473545331136,0.2759900071407167,0.00752200887949761,1,0.06532781806301347,0.02849181292580383,0.7098526473526474,0.6466635404734458,0.022421080373551824,0.07284982694251108,0.02804750158032611,0.7262737262737262,0.9665427365740652,0.11753993565723603
fm_ct2_zip2,29,1,1750,1750,1750,16,1.0,73,3.1875,1.0,5.342951280080381,0.8033098566417436,0.015824393768290576,1,0.060393577650049365,0.028855469067837886,0.6763861138861139,0.4803535443993294,0.038528153444937915,0.07621797141833994,0.02818308373266972,0.6956168831168832,0.6970435796293201,0.03030589100370651
fm_ct2_zip2,29,1,1750,1750,1750,16,1.0,73,3.1875,1.0,7.455279657609086,0.8598942144352393,0.0028050172191877165,1,0.06873328930722764,0.028380635245586386,0.7509365634365635,0.7927517501666201,0.11776970281464859,0.07153830652641535,0.028043053052456822,0.7498751248751248,0.981929095908784,0.13006280184803712
fm_ct2_zip2,30,3,1750,1750,5250,16,3.0,86,3.75,1.0,65.06436175154599,0.9538780342073641,0.00021362639019294194,1,0.11678801928920331,0.03299927491105994,0.7261474713132172,0.759197893995913,0.008007039383014686,0.11700164567939625,0.03252911947342103,0.7457501062473438,0.8193852381080744,0.4227769138885462
fm_ct2_zip2,30,3,1750,1750,5250,16,3.0,86,3.75,1.0,83.10913642747741,0.9619556386147572,0.051559578355977756,1,0.10559374409021073,0.03246049351637715,0.7394283892902678,0.9754865380446481,0.0420690639401873,0.1571533224461885,0.032172676722477915,0.7234381640458989,0.8236869277268527,0.515698028680147
fm_ct2_zip2,30,3,1750,1750,5250,16,3.0,86,3.75,1.0,34.56018826680622,0.9121159452047627,0.020891618969766393,1,0.08358661753228594,0.03319105561064597,0.722428814279643,0.773174914676344,0.017255431007399468,0.10447823650205233,0.03274904123559896,0.7297067573310667,0.7497698541935413,0.39949229019032506
fm_ct2_zip2,30,3,1750,1750,5250,16,3.0,86,3.75,1.0,40.35749076647789,0.9248250540159564,0.008166314510622844,1,0.1002189235057232,0.03268385574828352,0.7676901827454313,0.9923817458149493,-0.03669014495953055,0.10838523801634604,0.032775878101158555,0.754462388440289,0.8132049737616011,0.343933764721178
fm_ct2_zip2,30,3,1750,1750,5250,16,3.0,86,3.75,1.0,77.27724393273847,0.9580544042972684,-0.014398112333764104,0,0.11196593829852676,0.0330985224563059,0.662027199320017,0.580025776229903,-0.011133085811385045,0.09756782596476266,0.032847700859567654,0.683329791755206,0.6589043659406778,0.4018898222770035
fm_ct2_zip2,30,3,1750,1750,5250,16,3.0,86,3.75,1.0,41.23029107888915,0.9248811638428822,-0.002599316949132402,0,0.11678801928920331,0.03299927491105994,0.7261474713132172,0.759197893995913,0.008007039383014686,0.1141887023400709,0.0325897295924762,0.7487250318742031,0.8540081933108581,-0.059536240729934464
fm_ct2_zip2,30,3,1750,1750,5250,16,3.0,86,3.75,1.0,46.280653179426814,0.9346510504517955,0.038259882149777755,1,0.10559374409021073,0.03246049351637715,0.7394283892902678,0.9754865380446481,0.0420690639401873,0.14385362623998849,0.03199030642178592,0.7587122821929452,1.0466285934801167,-0.08462731136880935
fm_ct2_zip2,30,3,1750,1750,5250,16,3.0,86,3.75,1.0,29.313409956930478,0.892941182025653,0.029824123893418986,1,0.08358661753228594,0.03319105561064597,0.722428814279643,0.773174914676344,0.017255431007399468,0.11341074142570493,0.03246049162911742,0.7493625159371016,0.9272082005260492,0.020539829611912964
fm_ct2_zip2,30,3,1750,1750,5250,16,3.0,86,3.75,1.0,26.98666760715388,0.8862022725050331,-0.0016250862091954366,0,0.1002189235057232,0.03268385574828352,0.7676901827454313,0.9923817458149493,-0.03669014495953055,0.09859383729652776,0.03294750767704397,0.7566935826604335,0.8394007854220947,-0.09163821708559723
fm_ct2_zip2,30,3,1750,1750,5250,16,3.0,86,3.75,1.0,44.161204650059986,0.9203472532205025,-0.01198502429886919,0,0.11196593829852676,0.0330985224563059,0.662027199320017,0.580025776229903,-0.011133085811385045,0.09998091399965757,0.03315418390257383,0.6906077348066297,0.6813836794366233,-0.029316154884667746
fm_ct2_zip2,30,3,1750,1750,5250,16,3.0,86,3.75,1.0,67.06782207251356,0.9531206721262221,-0.01577755024224728,0,0.11678801928920331,0.03299927491105994,0.7261474713132172,0.759197893995913,0.008007039383014686,0.10101046904695603,0.03266593186048469,0.7560560985975351,0.959351322690928,-0.06608431026212534
fm_ct2_zip2,30,3,1750,1750,5250,16,3.0,86,3.75,1.0,38.2966464402954,0.9215997054172153,0.013229812280180595,1,0.10559374409021073,0.03246049351637715,0.7394283892902678,0.9754865380446481,0.0420690639401873,0.11882355637039133,0.032387114948666515,0.7288567785805355,0.9473845220105057,-0.10334149503947884
fm_ct2_zip2,30,3,1750,1750,5250,16,3.0,86,3.75,1.0,32.07239369587715,0.9053972532046627,0.02009310274932366,1,0.08358661753228594,0.03319105561064597,0.722428814279643,0.773174914676344,0.017255431007399468,0.1036797202816096,0.03256011062794595,0.7556311092222694,1.0256572017435994,-0.017372884967650548
fm_ct2_zip2,30,3,1750,1750,5250,16,3.0,86,3.75,1.0,29.6071868218901,0.8986636396191033,-0.0021885956701240966,0,0.1002189235057232,0.03268385574828352,0.7676901827454313,0.9923817458149493,-0.03669014495953055,0.0980303278355991,0.032848582537477085,0.767318317042074,0.9709401790237409,-0.06712735559064185
fm_ct2_zip2,30,3,1750,1750,5250,16,3.0,86,3.75,1.0,40.901286539482356,0.9254452226209753,-0.006354317630750991,0,0.11196593829852676,0.0330985224563059,0.662027199320017,0.580025776229903,-0.011133085811385045,0.10561162066777577,0.033331100979960636,0.6827985550361241,0.6847065133692691,-0.11294670091530684
fm_ct2_zip2,30,4,1750,1750,7000,16,4.0,86,3.75,1.0,40.339975684150076,0.9007756784489597,-0.014796896107889632,0,0.11678801928920331,0.03299927491105994,0.7261474713132172,0.759197893995913,0.008007039383014686,0.10199112318131368,0.032555664696119986,0.755524861878453,0.9766929353257064,0.20734029182015548
fm_ct2_zip2,30,4,1750,1750,7000,16,4.0,86,3.75,1.0,41.394869431524285,0.9009871028569587,0.00821668437404978,1,0.10559374409021073,0.03246049351637715,0.7394283892902678,0.9754865380446481,0.0420690639401873,0.11381042846426051,0.03252060004094048,0.7347535061623459,0.8886597679268043,0.18280565553297978
fm_ct2_zip2,30,4,1750,1750,7000,16,4.0,86,3.75,1.0,52.05981292023819,0.9147410738048132,0.014562044799911605,1,0.08358661753228594,0.03319105561064597,0.722428814279643,0.773174914676344,0.017255431007399468,0.09814866233219754,0.032727698626870166,0.7280067998300044,0.8810455022333373,0.27790717333651926
fm_ct2_zip2,30,4,1750,1750,7000,16,4.0,86,3.75,1.0,36.62552998997437,0.8907746200258921,0.0034621269801325683,1,0.1002189235057232,0.03268385574828352,0.7676901827454313,0.9923817458149493,-0.03669014495953055,0.10368105048585577,0.032628054694073524,0.7612090947726307,0.9609776234837619,0.12349774026909442
fm_ct2_zip2,30,4,1750,1750,7000,16,4.0,86,3.75,1.0,57.45044293120665,0.9286865968750415,0.0027328541893233693,1,0.11196593829852676,0.0330985224563059,0.662027199320017,0.580025776229903,-0.011133085811385045,0.11469879248785013,0.03302972259049845,0.6757331066723332,0.6155325517333936,0.20208027860249536
fm_ct2_zip2,30,1,1750,1750,1750,16,1.0,86,3.75,1.0,9.609581811026235,0.8958397308370936,-0.0329563004251678,0,0.11678801928920331,0.03299927491105994,0.7261474713132172,0.759197893995913,0.008007039383014686,0.08383171886403551,0.03310987304338651,0.7336379090522737,0.8893056136940201,-0.10230244337634033
fm_ct2_zip2,30,1,1750,1750,1750,16,1.0,86,3.75,1.0,20.51686849109567,0.9510866037079342,-0.006710777193074724,0,0.10559374409021073,0.03246049351637715,0.7394283892902678,0.9754865380446481,0.0420690639401873,0.09888296689713601,0.03273850800261061,0.7433595410114747,0.9678801436861028,-0.08802545191655724
fm_ct2_zip2,30,1,1750,1750,1750,16,1.0,86,3.75,1.0,9.620680049764335,0.8955214477168849,0.01793145340779806,1,0.08358661753228594,0.03319105561064597,0.722428814279643,0.773174914676344,0.017255431007399468,0.101518070940084,0.03282775602457038,0.7339035274118147,0.9384004840584994,-0.12835128599817802
fm_ct2_zip2,30,1,1750,1750,1750,16,1.0,86,3.75,1.0,12.107413386436686,0.9135775217940617,-0.0055908315116276475,0,0.1002189235057232,0.03268385574828352,0.7676901827454313,0.9923817458149493,-0.03669014495953055,0.09462809199409555,0.03302424755858253,0.7556842328941776,0.9560739136801693,-0.1842730217244161
fm_ct2_zip2,30,1,1750,1750,1750,16,1.0,86,3.75,1.0,14.451270673935513,0.9308019195322822,0.005300705356113766,1,0.11196593829852676,0.0330985224563059,0.662027199320017,0.580025776229903,-0.011133085811385045,0.11726664365464053,0.03252430704866731,0.6953357416064598,0.8499865862913327,-0.10408889506843508
fm_ct2_zip2,30,3,1750,1750,5250,16,3.0,86,3.75,1.0,48.052694997578605,0.9375621378129892,0.03474851480509315,1,0.11678801928920331,0.03299927491105994,0.7261474713132172,0.759197893995913,0.008007039383014686,0.15153653409429646,0.03188169617076744,0.7496281342966425,0.9115286889285926,0.16501915396214722
fm_ct2_zip2,30,3,1750,1750,5250,16,3.0,86,3.75,1.0,42.25297854072632,0.928182438330951,0.001955617694793743,1,0.10559374409021073,0.03246049351637715,0.7394283892902678,0.9754865380446481,0.0420690639401873,0.10754936178500447,0.03254933440748027,0.7154696132596685,0.8367329468817432,0.2101995063639576
fm_ct2_zip2,30,3,1750,1750,5250,16,3.0,86,3.75,1.0,39.91921572816337,0.924713005991191,0.01445201173059181,1,0.08358661753228594,0.03319105561064597,0.722428814279643,0.773174914676344,0.017255431007399468,0.09803862926287775,0.032818589211582865,0.7064917127071824,0.7559695763979125,0.3648544442003353
fm_ct2_zip2,30,3,1750,1750,5250,16,3.0,86,3.75,1.0,36.80860740555309,0.9170612608619999,0.01439693451205433,1,0.1002189235057232,0.03268385574828352,0.7676901827454313,0.9923817458149493,-0.03669014495953055,0.11461585801777753,0.0323791429744152,0.7739587760305993,0.9768366414849385,0.19022472066667476
fm_ct2_zip2,30,3,1750,1750,5250,16,3.0,86,3.75,1.0,39.0139853546273,0.9231042580863329,0.005335849042328228,1,0.11196593829852676,0.0330985224563059,0.662027199320017,0.580025776229903,-0.011133085811385045,0.11730178734085499,0.03269579141112563,0.6750424989375267,0.7133427026899928,0.21234385018569038
fm_ct2_zip2,30,2,1750,1750,3500,16,2.0,86,3.75,1.0,23.739103097835244,0.9155237939870869,0.005330496199498214,1,0.11678801928920331,0.03299927491105994,0.7261474713132172,0.759197893995913,0.008007039383014686,0.12211851548870152,0.032335941505232474,0.751062473438164,1.0828151614847998,0.20240349194713436
fm_ct2_zip2,30,2,1750,1750,3500,16,2.0,86,3.75,1.0,23.224808530744255,0.9119174044086131,-0.007428014250370943,0,0.10559374409021073,0.03246049351637715,0.7394283892902678,0.9754865380446481,0.0420690639401873,0.09816572983983979,0.032746628538588805,0.6744050148746281,0.8573930926008142,0.2593842376977655
fm_ct2_zip2,30,2,1750,1750,3500,16,2.0,86,3.75,1.0,28.176770196006714,0.9271842278026936,-0.008039697604782126,0,0.08358661753228594,0.03319105561064597,0.722428814279643,0.773174914676344,0.017255431007399468,0.07554691992750381,0.03320296303484967,0.6713238419039524,0.6884238800383267,0.45363336927252057
fm_ct2_zip2,30,2,1750,1750,3500,16,2.0,86,3.75,1.0,22.672798483522477,0.8977518608473846,0.016313240328462014,1,0.1002189235057232,0.03268385574828352,0.7676901827454313,0.9923817458149493,-0.03669014495953055,0.11653216383418522,0.03236897748907898,0.779164895877603,1.2175150209428591,0.2692370430067599
fm_ct2_zip2,30,2,1750,1750,3500,16,2.0,86,3.75,1.0,24.215759789559613,0.9167903830152105,-0.011606554292361473,0,0.11196593829852676,0.0330985224563059,0.662027199320017,0.580025776229903,-0.011133085811385045,0.10035938400616529,0.032994962399902565,0.6377496812579686,0.6153223964386952,0.19627311343339582
fm_ct2_zip2,30,2,1750,1750,3500,16,2.0,86,3.75,1.0,22.93227152948444,0.8889333430177968,-0.02581987303027443,0,0.11678801928920331,0.03299927491105994,0.7261474713132172,0.759197893995913,0.008007039383014686,0.09096814625892888,0.032946210523083844,0.736081597960051,0.7796618709702032,0.3131532471414612
fm_ct2_zip2,30,2,1750,1750,3500,16,2.0,86,3.75,1.0,37.349304869342774,0.9457690144962173,0.049229357420659384,1,0.10559374409021073,0.03246049351637715,0.7394283892902678,0.9754865380446481,0.0420690639401873,0.15482310151087011,0.0317795278396383,0.7078198045048874,0.7738794008348306,0.24242400985296444
fm_ct2_zip2,30,2,1750,1750,3500,16,2.0,86,3.75,1.0,37.25604042037248,0.9431392634987201,0.06243626756708051,1,0.08358661753228594,0.03319105561064597,0.722428814279643,0.773174914676344,0.017255431007399468,0.14602288509936645,0.032112633842490225,0.7452188695282619,0.7788118445723357,0.3291721787166911
fm_ct2_zip2,30,2,1750,1750,3500,16,2.0,86,3.75,1.0,21.58260952938958,0.9065964364296669,-0.02039189642206378,0,0.1002189235057232,0.03268385574828352,0.7676901827454313,0.9923817458149493,-0.03669014495953055,0.07982702708365942,0.03397513798893157,0.7302911177220569,0.6558353317520973,0.21314739070981065
fm_ct2_zip2,30,2,1750,1750,3500,16,2.0,86,3.75,1.0,42.97608297137583,0.9533763449314488,0.006335768327404401,1,0.11196593829852676,0.0330985224563059,0.662027199320017,0.580025776229903,-0.011133085811385045,0.11830170662593116,0.03367184979121342,0.6783892902677433,0.4336833204987067,0.21167748472773673
fm_ct2_zip2,30,4,1750,1750,7000,16,4.0,86,3.75,1.0,20.763317085906053,0.8071301097690431,-0.03258057055968293,0,0.11678801928920331,0.03299927491105994,0.7261474713132172,0.759197893995913,0.008007039383014686,0.08420744872952038,0.032955724734934556,0.7246600084997875,0.9465540519856267,0.3133722424210232
fm_ct2_zip2,30,4,1750,1750,7000,16,4.0,86,3.75,1.0,73.25907706260168,0.9423911259638437,0.01927829667492735,1,0.10559374409021073,0.03246049351637715,0.7394283892902678,0.9754865380446481,0.0420690639401873,0.12487204076513808,0.032330705089444224,0.7391627709307267,1.0160846670168528,0.2955306159562122
fm_ct2_zip2,30,4,1750,1750,7000,16,4.0,86,3.75,1.0,57.81791856253255,0.9287492331985978,0.030017109999556937,1,0.08358661753228594,0.03319105561064597,0.722428814279643,0.773174914676344,0.017255431007399468,0.11360372753184288,0.03259501449503715,0.7300786230344241,0.9852070382134914,0.3083036215239541
fm_ct2_zip2,30,4,1750,1750,7000,16,4.0,86,3.75,1.0,30.167796966281212,0.8672954340718186,-0.021399933371069074,0,0.1002189235057232,0.03268385574828352,0.7676901827454313,0.9923817458149493,-0.03669014495953055,0.07881899013465413,0.033332191816806564,0.7318848278793031,0.8004229209692891,0.20152631079210745
fm_ct2_zip2,30,4,1750,1750,7000,16,4.0,86,3.75,1.0,97.96300276555054,0.9576471192265306,-0.00810756628868925,0,0.11196593829852676,0.0330985224563059,0.662027199320017,0.580025776229903,-0.011133085811385045,0.10385837200983751,0.032738147792274484,0.6973544411389716,0.9457354557521238,0.3070039376162951
fm_ct2_zip2,30,2,1750,1750,3500,16,2.0,86,3.75,1.0,13.74329037793051,0.8539746371803505,0.023486222676542753,1,0.11678801928920331,0.03299927491105994,0.7261474713132172,0.759197893995913,0.008007039383014686,0.14027424196574606,0.03225481624793069,0.7481937951551212,0.9973334028589483,0.07658548619879828
fm_ct2_zip2,30,2,1750,1750,3500,16,2.0,86,3.75,1.0,15.745602258251633,0.8498048731110253,0.016245190821275304,1,0.10559374409021073,0.03246049351637715,0.7394283892902678,0.9754865380446481,0.0420690639401873,0.12183893491148604,0.032163260973783234,0.7673714407139821,1.0758377366678475,0.055042309182996824
fm_ct2_zip2,30,2,1750,1750,3500,16,2.0,86,3.75,1.0,12.337665122770462,0.835090497954558,0.024018826274304683,1,0.08358661753228594,0.03319105561064597,0.722428814279643,0.773174914676344,0.017255431007399468,0.10760544380659062,0.032675483971868376,0.7161070973225669,0.8737350808465424,0.03548879657369391
fm_ct2_zip2,30,2,1750,1750,3500,16,2.0,86,3.75,1.0,8.637771811835407,0.7684440741928338,0.0075055907559643115,1,0.1002189235057232,0.03268385574828352,0.7676901827454313,0.9923817458149493,-0.03669014495953055,0.10772451426168751,0.03250245768826452,0.775180620484488,1.030685917236154,-0.00420018092959715
fm_ct2_zip2,30,2,1750,1750,3500,16,2.0,86,3.75,1.0,15.36587616327346,0.8681026975505707,0.018869036841372963,1,0.11196593829852676,0.0330985224563059,0.662027199320017,0.580025776229903,-0.011133085811385045,0.13083497513989972,0.032598465385293464,0.6883234169145772,0.7829572081594258,0.06116526922799241
fm_ct2_zip2,30,2,1750,1750,3500,16,2.0,86,3.75,1.0,15.835566612605046,0.8698952524313202,-0.010322844515333801,0,0.11678801928920331,0.03299927491105994,0.7261474713132172,0.759197893995913,0.008007039383014686,0.1064651747738695,0.032625302826272955,0.7317785805354866,0.8822011649390614,0.23310807330138675
fm_ct2_zip2,30,2,1750,1750,3500,16,2.0,86,3.75,1.0,41.58743214964429,0.9475756666628925,0.03717581967815316,1,0.10559374409021073,0.03246049351637715,0.7394283892902678,0.9754865380446481,0.0420690639401873,0.1427695637683639,0.03219162003746453,0.7624309392265194,1.1329053531013633,0.25782124581182403
fm_ct2_zip2,30,2,1750,1750,3500,16,2.0,86,3.75,1.0,18.799034610865814,0.8820048835100944,0.01997287131061813,1,0.08358661753228594,0.03319105561064597,0.722428814279643,0.773174914676344,0.017255431007399468,0.10355948884290407,0.03268432876511411,0.7225350616234594,0.8823658983244415,0.23554619834294097
fm_ct2_zip2,30,2,1750,1750,3500,16,2.0,86,3.75,1.0,26.458750610341237,0.9154424821849871,0.0014316456051211707,1,0.1002189235057232,0.03268385574828352,0.7676901827454313,0.9923817458149493,-0.03669014495953055,0.10165056911084437,0.03260215623953023,0.7661495962600935,1.004431387602008,0.19173841125268912
fm_ct2_zip2,30,2,1750,1750,3500,16,2.0,86,3.75,1.0,20.440885244527784,0.9013240697380254,-0.01330064228631711,0,0.11196593829852676,0.0330985224563059,0.662027199320017,0.580025776229903,-0.011133085811385045,0.09866529601220965,0.032865502577045354,0.6830110497237569,0.7738122636035591,0.24364533361604035
fm_ct2_zip2,30,2,1750,1750,3500,16,2.0,86,3.75,1.0,34.55743493892939,0.9393468999984742,-0.0033695182069561763,0,0.11678801928920331,0.03299927491105994,0.7261474713132172,0.759197893995913,0.008007039383014686,0.11341850108224713,0.032442726708889084,0.7416595835104123,0.8927778722827507,0.10715346026742609
fm_ct2_zip2,30,2,1750,1750,3500,16,2.0,86,3.75,1.0,45.801401871763794,0.9557679204949976,0.006345391169475953,1,0.10559374409021073,0.03246049351637715,0.7394283892902678,0.9754865380446481,0.0420690639401873,0.11193913525968668,0.03253275842134985,0.7247662558436039,0.911496159495667,0.12157854071067721
fm_ct2_zip2,30,2,1750,1750,3500,16,2.0,86,3.75,1.0,21.460683847506225,0.8937025189853387,0.022877417930134814,1,0.08358661753228594,0.03319105561064597,0.722428814279643,0.773174914676344,0.017255431007399468,0.10646403546242075,0.032480887122675085,0.7501593710157246,0.9745509994401931,0.11085109179687472
fm_ct2_zip2,30,2,1750,1750,3500,16,2.0,86,3.75,1.0,11.182285231869024,0.8211451090099573,0.0014023409603804021,1,0.1002189235057232,0.03268385574828352,0.7676901827454313,0.9923817458149493,-0.03669014495953055,0.1016212644661036,0.03280999962834649,0.7799617509562261,0.9869145268082391,0.007699904612250753
fm_ct2_zip2,30,2,1750,1750,3500,16,2.0,86,3.75,1.0,27.79611966576836,0.9273329313430252,0.02568626544501025,1,0.11196593829852676,0.0330985224563059,0.662027199320017,0.580025776229903,-0.011133085811385045,0.137652203743537,0.032497981303985755,0.6962919677008075,0.8762756061376901,0.09152184809507703
fm_ct2_zip2,33,3,1750,1750,5250,16,3.0,165,7.25,1.0,48.397362858737786,0.9379990431635923,0.013153650336497694,1,0.11679999563318523,0.06101063656571129,0.6882296427843605,0.658933526778787,-0.04548901859014166,0.12995364596968292,0.06040936996710646,0.7019127194387027,0.8220877588563756,0.5523172976625564
fm_ct2_zip2,33,3,1750,1750,5250,16,3.0,165,7.1875,1.0,70.94971842440272,0.9573121634620592,-0.012380675004287217,0,0.1153409342915762,0.062416719272670236,0.6696,0.555542156935236,-0.021604575816761534,0.10296025928728898,0.06284732971001233,0.6294,0.4601120585490689,0.5450043616297441
fm_ct2_zip2,33,3,1750,1750,5250,16,3.0,165,7.25,1.0,79.57274235882483,0.957599773156883,-1.779529815972014e-05,0,0.10283363301763553,0.061932720199144475,0.6578357448542898,0.518219894706676,-0.013502794999766629,0.1028158377194758,0.0612913835505708,0.6465981542402982,0.5512120160278975,0.5644688303954654
fm_ct2_zip2,33,3,1750,1750,5250,16,3.0,165,7.25,1.0,53.34752074587667,0.9375539672383353,-0.01519873574886986,0,0.12163387260493651,0.06012955916938936,0.7170514425456345,0.8306903076395546,4.971081780064419e-06,0.10643513685606665,0.06122647593657382,0.6815627820315001,0.6727135416508895,0.6017199193850885
fm_ct2_zip2,33,3,1750,1750,5250,16,3.0,165,7.25,1.0,110.48450472297286,0.9725744026411358,-0.0006222323731086277,0,0.13090031446062425,0.060085866409668925,0.6936737605170457,0.7185595690894604,0.01133454265387421,0.13027808208751562,0.06025372231228823,0.7199627354508137,0.9440898838061695,0.5949073236031668
fm_ct2_zip2,33,3,1750,1750,5250,16,3.0,165,7.25,1.0,51.404020550062,0.9416381940017937,0.022877775076108345,1,0.11679999563318523,0.06101063656571129,0.6882296427843605,0.658933526778787,-0.04548901859014166,0.13967777070929357,0.06010898054770119,0.7221753180587499,0.765655730047464,0.6554660646541222
fm_ct2_zip2,33,3,1750,1750,5250,16,3.0,165,7.1875,1.0,31.79249495711428,0.9026840484410745,-0.014955975991568074,0,0.1153409342915762,0.062416719272670236,0.6696,0.555542156935236,-0.021604575816761534,0.10038495830000813,0.06269678358703216,0.6460285714285714,0.48677732995356304,0.5942039779542784
fm_ct2_zip2,33,3,1750,1750,5250,16,3.0,165,7.25,1.0,52.917616722436264,0.9431240042685685,0.002185275074708934,1,0.10283363301763553,0.061932720199144475,0.6578357448542898,0.518219894706676,-0.013502794999766629,0.10501890809234446,0.06156727912513486,0.6268013624850796,0.4297116437976149,0.6336432311289686
fm_ct2_zip2,33,3,1750,1750,5250,16,3.0,165,7.25,1.0,51.32950673774109,0.9415394505630899,0.004876071145004199,1,0.12163387260493651,0.06012955916938936,0.7170514425456345,0.8306903076395546,4.971081780064419e-06,0.1265099437499407,0.06037446770205196,0.7214183819034032,0.8377768208366332,0.6064521353672819
fm_ct2_zip2,33,3,1750,1750,5250,16,3.0,165,7.25,1.0,44.56072551791175,0.9305678035311105,-0.007188997651639897,0,0.13090031446062425,0.060085866409668925,0.6936737605170457,0.7185595690894604,0.01133454265387421,0.12371131680898435,0.06073083762963572,0.6764389065183849,0.6439684071782382,0.7145874117906339
fm_ct2_zip2,33,3,1750,1750,5250,16,3.0,165,7.25,1.0,42.185995802495086,0.928448802417652,0.021230692558832767,1,0.11679999563318523,0.06101063656571129,0.6882296427843605,0.658933526778787,-0.04548901859014166,0.138030688192018,0.06028690912914907,0.7062214329383679,0.8200495228368738,0.67472496073763
fm_ct2_zip2,33,3,1750,1750,5250,16,3.0,165,7.1875,1.0,68.9435118091065,0.9349677667987206,-0.005483936556452129,0,0.1153409342915762,0.062416719272670236,0.6696,0.555542156935236,-0.021604575816761534,0.10985699773512407,0.062477601953001435,0.6357142857142857,0.5104894765828553,0.6376738740006264
fm_ct2_zip2,33,3,1750,1750,5250,16,3.0,165,7.25,1.0,44.56373074127315,0.930694048234069,-0.0041027979586187036,0,0.10283363301763553,0.061932720199144475,0.6578357448542898,0.518219894706676,-0.013502794999766629,0.09873083505901682,0.06170197647928665,0.6349529826195813,0.4435810882722574,0.7009992699742386
fm_ct2_zip2,33,3,1750,1750,5250,16,3.0,165,7.25,1.0,36.06954897579601,0.9144978430528498,-0.013875503306961454,0,0.12163387260493651,0.06012955916938936,0.7170514425456345,0.8306903076395546,4.971081780064419e-06,0.10775836929797505,0.061397712404692883,0.6758275350082972,0.6663614518150655,0.7293602278388767
fm_ct2_zip2,33,3,1750,1750,5250,16,3.0,165,7.25,1.0,69.94355828611806,0.9564700210104173,-0.002198596806272851,0,0.13090031446062425,0.060085866409668925,0.6936737605170457,0.7185595690894604,0.01133454265387421,0.1287017176543514,0.0607040056331609,0.6943724708142887,0.7902423838412882,0.7046030002142772
fm_ct2_zip2,33,3,1750,1750,5250,16,3.0,165,7.25,1.0,47.06560260002017,0.8992154122497027,0.022866637867755044,1,0.11679999563318523,0.06101063656571129,0.6882296427843605,0.658933526778787,-0.04548901859014166,0.13966663350094027,0.060023010195563456,0.7198171708055547,0.8929373801027488,0.599242674378632
fm_ct2_zip2,33,3,1750,1750,5250,16,3.0,165,7.1875,1.0,102.36044180113892,0.955868095929419,-0.0062596755989028086,0,0.1153409342915762,0.062416719272670236,0.6696,0.555542156935236,-0.021604575816761534,0.10908125869267339,0.06235948446001927,0.6445428571428571,0.5309409059963075,0.6334395567807116
fm_ct2_zip2,33,3,1750,1750,5250,16,3.0,165,7.25,1.0,34.192195262382334,0.9021067284180782,0.001565522921108689,1,0.10283363301763553,0.061932720199144475,0.6578357448542898,0.518219894706676,-0.013502794999766629,0.10439915593874421,0.06134868720016877,0.6487816239191825,0.52962809643286,0.6093123302190646
fm_ct2_zip2,33,3,1750,1750,5250,16,3.0,165,7.25,1.0,53.9523876991893,0.9442654625423861,-0.0018423339025751412,0,0.12163387260493651,0.06012955916938936,0.7170514425456345,0.8306903076395546,4.971081780064419e-06,0.11979153870236137,0.060738660562757694,0.7105301464380331,0.7791610683699267,0.6454177171255456
fm_ct2_zip2,33,3,1750,1750,5250,16,3.0,165,7.25,1.0,22.831315458873668,0.8676751295272511,-0.0010919014630342283,0,0.13090031446062425,0.060085866409668925,0.6936737605170457,0.7185595690894604,0.01133454265387421,0.12980841299759002,0.060587721302854725,0.7068036915194038,0.7700360806299896,0.6449300853120016
fm_ct2_zip2,33,1,1750,1750,1750,16,1.0,165,7.25,1.0,6.87383057762355,0.8498057062492672,-0.0014850715000690323,0,0.11679999563318523,0.06101063656571129,0.6882296427843605,0.658933526778787,-0.04548901859014166,0.1153149241331162,0.060894032451523375,0.6872689161256513,0.6221721073182304,0.35412400920651527
fm_ct2_zip2,33,1,1750,1750,1750,16,1.0,165,7.1875,1.0,22.26043683895938,0.9517561001026049,-0.008766476969884654,0,0.1153409342915762,0.062416719272670236,0.6696,0.555542156935236,-0.021604575816761534,0.10657445732169155,0.06274025473230735,0.6276857142857143,0.4692339692333156,0.49170534076507305
fm_ct2_zip2,33,1,1750,1750,1750,16,1.0,165,7.25,1.0,16.893234083998397,0.9355399345355548,0.007313213043223035,1,0.10283363301763553,0.061932720199144475,0.6578357448542898,0.518219894706676,-0.013502794999766629,0.11014684606085856,0.06152237127520482,0.6224344231273108,0.37926311851649064,0.6738605009947084
fm_ct2_zip2,33,1,1750,1750,1750,16,1.0,165,7.25,1.0,7.9497374723603755,0.8741963159799513,-0.020819693644606493,0,0.12163387260493651,0.06012955916938936,0.7170514425456345,0.8306903076395546,4.971081780064419e-06,0.10081417896033001,0.06174155236205371,0.6611546187661941,0.5140183184242317,0.5653944941166097
fm_ct2_zip2,33,1,1750,1750,1750,16,1.0,165,7.25,1.0,2.947778671886492,0.6606965523636891,-0.00486973426555129,0,0.13090031446062425,0.060085866409668925,0.6936737605170457,0.7185595690894604,0.01133454265387421,0.12603058019507296,0.06030962923581512,0.670820111211389,0.667752827995405,0.47438048713657716
fm_ct2_zip2,33,3,1750,1750,5250,16,3.0,165,7.25,1.0,50.42715494828174,0.9405022203674611,0.03386744545083782,1,0.11679999563318523,0.06101063656571129,0.6882296427843605,0.658933526778787,-0.04548901859014166,0.15066744108402305,0.05995220642761866,0.7069201432356109,0.7505332474917773,0.46317170754957315
fm_ct2_zip2,33,3,1750,1750,5250,16,3.0,165,7.1875,1.0,96.22688696771053,0.9661011901332508,0.003483404795836087,1,0.1153409342915762,0.062416719272670236,0.6696,0.555542156935236,-0.021604575816761534,0.11882433908741229,0.06230970358534242,0.6308571428571429,0.5175240246008335,0.5594333870445773
fm_ct2_zip2,33,3,1750,1750,5250,16,3.0,165,7.25,1.0,56.54941997259772,0.9469483320271144,0.0055922929905961455,1,0.10283363301763553,0.061932720199144475,0.6578357448542898,0.518219894706676,-0.013502794999766629,0.10842592600823167,0.06152002315832412,0.6173105476141955,0.41518301331131496,0.694419322088842
fm_ct2_zip2,33,3,1750,1750,5250,16,3.0,165,7.25,1.0,58.309183460197154,0.947812543653222,-0.0007390974793493738,0,0.12163387260493651,0.06012955916938936,0.7170514425456345,0.8306903076395546,4.971081780064419e-06,0.12089477512558713,0.06043548673487995,0.7138490203499375,0.8153914812263354,0.5470809192502823
fm_ct2_zip2,33,3,1750,1750,5250,16,3.0,165,7.25,1.0,47.19194457129297,0.9352102284302766,0.0013388855713918901,1,0.13090031446062425,0.060085866409668925,0.6936737605170457,0.7185595690894604,0.01133454265387421,0.13223920003201614,0.06006946265303598,0.6838918163556436,0.7928508304632265,0.5184993329256977
fm_ct2_zip2,33,3,1750,1750,5250,16,3.0,165,7.25,1.0,94.14185864467646,0.9681294405554708,0.04086531151116106,1,0.11679999563318523,0.06101063656571129,0.6882296427843605,0.658933526778787,-0.04548901859014166,0.1576653071443463,0.0599198361883373,0.706075868293109,0.7550471966945969,0.6504312431894792
fm_ct2_zip2,33,3,1750,1750,5250,16,3.0,165,7.1875,1.0,80.54006704454495,0.9609918391567527,-0.0071853138673322325,0,0.1153409342915762,0.062416719272670236,0.6696,0.555542156935236,-0.021604575816761534,0.10815562042424397,0.06250219064873838,0.6567142857142857,0.5099402699525304,0.6320182868281184
fm_ct2_zip2,33,3,1750,1750,5250,16,3.0,165,7.25,1.0,47.88994346654245,0.9293882952060482,-0.0038163312377354625,0,0.10283363301763553,0.061932720199144475,0.6578357448542898,0.518219894706676,-0.013502794999766629,0.09901730177990006,0.06189322457000302,0.634720079187167,0.43486416473965817,0.6695825690563839
fm_ct2_zip2,33,3,1750,1750,5250,16,3.0,165,7.25,1.0,65.72450031690799,0.9540340927656354,0.01693415268482097,1,0.12163387260493651,0.06012955916938936,0.7170514425456345,0.8306903076395546,4.971081780064419e-06,0.13856802528975748,0.06035223559402126,0.7245043523828932,0.8645449166362323,0.7086968963822177
fm_ct2_zip2,33,3,1750,1750,5250,16,3.0,165,7.25,1.0,70.37962976497984,0.9573740205844606,-0.0006528284917828309,0,0.13090031446062425,0.060085866409668925,0.6936737605170457,0.7185595690894604,0.01133454265387421,0.13024748596884142,0.06042758536811556,0.7146350694343357,0.7981966404091051,0.6581610903840475
fm_ct2_zip2,33,2,1750,1750,3500,16,2.0,165,7.25,1.0,56.52220699156826,0.9626321761749603,0.017333220334322927,1,0.11679999563318523,0.06101063656571129,0.6882296427843605,0.658933526778787,-0.04548901859014166,0.13413321596750816,0.06099865228586848,0.6974875542228304,0.7582814771343639,0.9045356959570496
fm_ct2_zip2,33,2,1750,1750,3500,16,2.0,165,7.1875,1.0,28.073699541818655,0.9011541099576803,-0.008859121945488158,0,0.1153409342915762,0.062416719272670236,0.6696,0.555542156935236,-0.021604575816761534,0.10648181234608804,0.06305402774477425,0.6294,0.4208505549879104,0.8896786460513891
fm_ct2_zip2,33,2,1750,1750,3500,16,2.0,165,7.25,1.0,21.77778084891553,0.9079093944780764,-0.0005554070491047697,0,0.10283363301763553,0.061932720199144475,0.6578357448542898,0.518219894706676,-0.013502794999766629,0.10227822596853076,0.06186375090055269,0.6503537220879793,0.47008462989533323,0.8351680343855965
fm_ct2_zip2,33,2,1750,1750,3500,16,2.0,165,7.25,1.0,67.5469653571832,0.9695332827781207,0.011931425631375212,1,0.12163387260493651,0.06012955916938936,0.7170514425456345,0.8306903076395546,4.971081780064419e-06,0.13356529823631172,0.06120125945068351,0.6924801304259222,0.626915022804936,0.9593436419763174
fm_ct2_zip2,33,2,1750,1750,3500,16,2.0,165,7.25,1.0,29.505875283796733,0.9287313177946902,0.008152107995069185,1,0.13090031446062425,0.060085866409668925,0.6936737605170457,0.7185595690894604,0.01133454265387421,0.13905242245569344,0.0610226400915616,0.7375178316690443,0.9021822694678503,0.9694622051212959
fm_ct2_zip2,33,1,1750,1750,1750,16,1.0,165,7.25,1.0,6.915776878126826,0.8107930891279562,0.009238201494586915,1,0.11679999563318523,0.06101063656571129,0.6882296427843605,0.658933526778787,-0.04548901859014166,0.12603819712777214,0.061022148450331805,0.7085213543334594,0.7267838661144187,0.7466978128164004
fm_ct2_zip2,33,1,1750,1750,1750,16,1.0,165,7.1875,1.0,2.6153856375021345,0.6170050472967675,-0.010829813922310985,0,0.1153409342915762,0.062416719272670236,0.6696,0.555542156935236,-0.021604575816761534,0.10451112036926521,0.06328642307771823,0.632,0.40970292707238376,0.7400290166329173
fm_ct2_zip2,33,1,1750,1750,1750,16,1.0,165,7.25,1.0,4.302186638975394,0.7628070856016396,0.0016539951321791063,1,0.10283363301763553,0.061932720199144475,0.6578357448542898,0.518219894706676,-0.013502794999766629,0.10448762814981463,0.06155492298102926,0.6496258988616844,0.48216456865680307,0.7237417638054305
fm_ct2_zip2,33,1,1750,1750,1750,16,1.0,165,7.25,1.0,2.5592178325899995,0.5616619541285448,-0.014670687241707323,0,0.12163387260493651,0.06012955916938936,0.7170514425456345,0.8306903076395546,4.971081780064419e-06,0.10696318536322919,0.061733835595455894,0.6670063175056042,0.5370357394413591,0.8501248240060958
fm_ct2_zip2,33,1,1750,1750,1750,16,1.0,165,7.25,1.0,1.37735816517562,0.24404684640259824,-0.006277661199481352,0,0.13090031446062425,0.060085866409668925,0.6936737605170457,0.7185595690894604,0.01133454265387421,0.1246226532611429,0.0612665823363428,0.7161780546740808,0.7516428390928277,0.782062185812543
fm_ct2_zip2,33,2,1750,1750,3500,16,2.0,165,7.25,1.0,20.134195882415277,0.8998586885045846,0.037073973500858046,1,0.11679999563318523,0.06101063656571129,0.6882296427843605,0.658933526778787,-0.04548901859014166,0.15387396913404328,0.05980678283246912,0.7035139305365512,0.8821971337287499,0.5482720432576532
fm_ct2_zip2,33,2,1750,1750,3500,16,2.0,165,7.1875,1.0,10.184193647311401,0.7946272340854434,-0.00937957381485173,0,0.1153409342915762,0.062416719272670236,0.6696,0.555542156935236,-0.021604575816761534,0.10596136047672447,0.0623966698154385,0.6537999999999999,0.5472790027306307,0.49324490314638997
fm_ct2_zip2,33,2,1750,1750,3500,16,2.0,165,7.25,1.0,17.6755855932715,0.874023642968036,-0.003040473572477012,0,0.10283363301763553,0.061932720199144475,0.6578357448542898,0.518219894706676,-0.013502794999766629,0.09979315944515851,0.06161572394343896,0.6468601706017643,0.5251703976109776,0.5493187794512812
fm_ct2_zip2,33,2,1750,1750,3500,16,2.0,165,7.25,1.0,20.345616061813242,0.891444794243083,-0.01282579561223117,0,0.12163387260493651,0.06012955916938936,0.7170514425456345,0.8306903076395546,4.971081780064419e-06,0.10880807699270534,0.061106679473729754,0.667326559725174,0.6950957615177229,0.652284236814408
fm_ct2_zip2,33,2,1750,1750,3500,16,2.0,165,7.25,1.0,6.932700206502297,0.7112601172299341,0.0013266051989385685,1,0.13090031446062425,0.060085866409668925,0.6936737605170457,0.7185595690894604,0.01133454265387421,0.13222691965956282,0.060117143205550706,0.7240967713761681,0.9119982097321391,0.5406771374305885
fm_ct2_zip2,33,1,1750,1750,1750,16,1.0,165,7.25,1.0,8.287304468671639,0.8367741180506094,0.014983895111766607,1,0.11679999563318523,0.06101063656571129,0.6882296427843605,0.658933526778787,-0.04548901859014166,0.13178389074495184,0.059772384615057454,0.6861335118926315,0.7868567411564674,0.1805276270063397
fm_ct2_zip2,33,1,1750,1750,1750,16,1.0,165,7.1875,1.0,2.6052950095597285,0.5992521232460459,0.0004719997214491928,1,0.1153409342915762,0.062416719272670236,0.6696,0.555542156935236,-0.021604575816761534,0.11581293401302539,0.061798146306468474,0.6703142857142856,0.6345350947045371,0.1810051666763521
fm_ct2_zip2,33,1,1750,1750,1750,16,1.0,165,7.25,1.0,2.828547539874335,0.6121080827975922,-0.00402031591826485,0,0.10283363301763553,0.061932720199144475,0.6578357448542898,0.518219894706676,-0.013502794999766629,0.09881331709937068,0.061385201852585516,0.6478500101895251,0.5255779431269557,0.19260814360016404
fm_ct2_zip2,33,1,1750,1750,1750,16,1.0,165,7.25,1.0,11.763735331197221,0.874331168432221,0.007745861555818148,1,0.12163387260493651,0.06012955916938936,0.7170514425456345,0.8306903076395546,4.971081780064419e-06,0.12937973416075466,0.05989845790870453,0.720341203528487,0.8536136611455157,0.18580734772722496
fm_ct2_zip2,33,1,1750,1750,1750,16,1.0,165,7.25,1.0,4.081601683596902,0.7549865824600279,-0.005790503461659491,0,0.13090031446062425,0.060085866409668925,0.6936737605170457,0.7185595690894604,0.01133454265387421,0.12510981099896476,0.06014245367798821,0.6875018195580658,0.7258200415221119,0.17740168773292153
fm_ct2_zip2,37,3,1750,1750,5250,16,3.0,58,2.5625,1.0,76.83459131996784,0.9606416794495395,0.0203038243839207,1,0.05616520652234569,0.02206115022789381,0.7561190915656849,0.7235891952691776,0.07103829656385911,0.07646903090626639,0.021691286509876725,0.7936762699622824,1.046100754150035,0.2739149102827141
fm_ct2_zip2,37,3,1750,1750,5250,16,3.0,58,2.5625,1.0,53.97934898213661,0.94074226065634,-0.0014131125623552954,0,0.058841541422571454,0.022063686783344708,0.7542733327983309,0.7710647507034993,-0.0577325708669535,0.05742842886021616,0.022080417648218702,0.7541930824171414,0.7327786203219201,0.23228617366294532
fm_ct2_zip2,37,3,1750,1750,5250,16,3.0,58,2.5625,1.0,28.45816000598171,0.8944740345571991,0.001095031484025677,1,0.051414333564936236,0.022520747509629613,0.7493780595457828,0.6489970400065288,-0.0697983004100137,0.05250936504896191,0.022073588047738534,0.7533103282240591,0.7392681174403797,0.2020749621238938
fm_ct2_zip2,37,3,1750,1750,5250,16,3.0,58,2.5625,1.0,55.74975153667805,0.9436457141141585,0.018080106271165908,1,0.050403455493876134,0.022328335954633228,0.6904742797528288,0.46209540976230346,-0.09496830410862606,0.06848356176504204,0.021767717367273103,0.7253029451889896,0.6547602893884493,0.17501179426284733
fm_ct2_zip2,37,3,1750,1750,5250,16,3.0,58,2.5625,1.0,55.513029961635645,0.9458526761457272,0.0316948428578612,1,0.04738583150851858,0.022471655902164173,0.7242596902335287,0.6163052722983166,-0.10967382218198546,0.07908067436637978,0.02163020418870399,0.8245726667201669,1.1741523245928038,0.1916284337779106
fm_ct2_zip2,37,1,1750,1750,1750,16,1.0,58,2.5625,1.0,5.92585878181718,0.8244502159049327,0.009531400035449236,1,0.05616520652234569,0.02206115022789381,0.7561190915656849,0.7235891952691776,0.07103829656385911,0.06569660655779493,0.021889700914147853,0.7813177112591284,1.0805514935947427,-0.2827478854485562
fm_ct2_zip2,37,1,1750,1750,1750,16,1.0,58,2.5625,1.0,16.15225600461175,0.9347844932309144,0.005227192844955285,1,0.058841541422571454,0.022063686783344708,0.7542733327983309,0.7710647507034993,-0.0577325708669535,0.06406873426752674,0.022010626833938753,0.7805954578284247,0.9975897772207323,-0.2379342274712408
fm_ct2_zip2,37,1,1750,1750,1750,16,1.0,58,2.5625,1.0,5.18754712112404,0.7975756136865987,0.00350495020500894,1,0.051414333564936236,0.022520747509629613,0.7493780595457828,0.6489970400065288,-0.0697983004100137,0.054919283769945176,0.022169432634323735,0.7462482946793998,0.8484513124528569,-0.2503004986355715
fm_ct2_zip2,37,1,1750,1750,1750,16,1.0,58,2.5625,1.0,16.289035968413344,0.936002902928581,0.012832618738559995,1,0.050403455493876134,0.022328335954633228,0.6904742797528288,0.46209540976230346,-0.09496830410862606,0.06323607423243613,0.02210795815850109,0.7159939009710297,0.709975102730978,-0.34310575636533347
fm_ct2_zip2,37,1,1750,1750,1750,16,1.0,58,2.5625,1.0,14.111958118107001,0.8960421593709064,0.017160222819847165,1,0.04738583150851858,0.022471655902164173,0.7242596902335287,0.6163052722983166,-0.10967382218198546,0.06454605432836574,0.021880663785219183,0.7984110424524516,1.1546370207700078,-0.27625515062771816
fm_ct2_zip2,37,2,1750,1750,3500,16,2.0,58,2.5625,1.0,38.15073535352194,0.9474864916289161,0.004126022522308197,1,0.05616520652234569,0.02206115022789381,0.7561190915656849,0.7235891952691776,0.07103829656385911,0.060291229044653886,0.021899452085013975,0.7629403739667764,0.9770415427543276,-0.16294827478403298
fm_ct2_zip2,37,2,1750,1750,3500,16,2.0,58,2.5625,1.0,25.06690392755189,0.9193598582089797,-0.006225469568046892,0,0.058841541422571454,0.022063686783344708,0.7542733327983309,0.7710647507034993,-0.0577325708669535,0.05261607185452456,0.022211990597228663,0.779391702110585,0.9468744284970428,-0.14597993990203542
fm_ct2_zip2,37,2,1750,1750,3500,16,2.0,58,2.5625,1.0,27.201944803357538,0.9264744348135783,-0.0010198825672375483,0,0.051414333564936236,0.022520747509629613,0.7493780595457828,0.6489970400065288,-0.0697983004100137,0.05039445099769869,0.022206352631806363,0.7273092047187224,0.7129862558416393,-0.07510480620912977
fm_ct2_zip2,37,2,1750,1750,3500,16,2.0,58,2.5625,1.0,31.925391094048315,0.9357581540715927,0.03043994744903783,1,0.050403455493876134,0.022328335954633228,0.6904742797528288,0.46209540976230346,-0.09496830410862606,0.08084340294291396,0.021918579032163994,0.7053206002728513,0.6663551059010909,-0.19653021480570632
fm_ct2_zip2,37,2,1750,1750,3500,16,2.0,58,2.5625,1.0,34.06485975739288,0.9411207742579125,0.021936222359462937,1,0.04738583150851858,0.022471655902164173,0.7242596902335287,0.6163052722983166,-0.10967382218198546,0.06932205386798151,0.02172539754447658,0.8008988042693203,1.2341966249297833,-0.16235478854927138
fm_ct2_zip2,37,4,1750,1750,7000,16,4.0,58,2.5625,1.0,83.7531655928207,0.9513181847700294,0.0043615998498026665,1,0.05616520652234569,0.02206115022789381,0.7561190915656849,0.7235891952691776,0.07103829656385911,0.060526806372148356,0.02194029924894724,0.7756199341946874,0.9693984711966,-0.13811613667246267
fm_ct2_zip2,37,4,1750,1750,7000,16,4.0,58,2.5625,1.0,127.60086030785634,0.9686395617040537,-0.0018786424303942617,0,0.058841541422571454,0.022063686783344708,0.7542733327983309,0.7710647507034993,-0.0577325708669535,0.05696289899217719,0.022212890896583758,0.7850894791750261,0.9370639456835168,-0.14489703212356586
fm_ct2_zip2,37,4,1750,1750,7000,16,4.0,58,2.5625,1.0,83.69022439402684,0.9503405193633256,0.001561472985728625,1,0.051414333564936236,0.022520747509629613,0.7493780595457828,0.6489970400065288,-0.0697983004100137,0.05297580655066486,0.02209654635594989,0.7328464810207849,0.7556127518017445,0.003792886828129236
fm_ct2_zip2,37,4,1750,1750,7000,16,4.0,58,2.5625,1.0,87.6734140740571,0.9542788646130196,0.020674556039234848,1,0.050403455493876134,0.022328335954633228,0.6904742797528288,0.46209540976230346,-0.09496830410862606,0.07107801153311098,0.02192237807786034,0.7212101757483348,0.7187852124199324,-0.1996559952712837
fm_ct2_zip2,37,4,1750,1750,7000,16,4.0,58,2.5625,1.0,75.96395337210285,0.9439649924436875,0.018768679652908085,1,0.04738583150851858,0.022471655902164173,0.7242596902335287,0.6163052722983166,-0.10967382218198546,0.06615451116142666,0.021788511791870312,0.7926330150068213,1.074880177619074,-0.1450590544802311
fm_ct2_zip2,37,3,1750,1750,5250,16,3.0,58,2.5625,1.0,87.01228374479734,0.9610788662773799,0.011419954375524233,1,0.05616520652234569,0.02206115022789381,0.7561190915656849,0.7235891952691776,0.07103829656385911,0.06758516089786992,0.021804549966300477,0.7815584624026963,1.227982515224246,-0.26669734957447183
fm_ct2_zip2,37,3,1750,1750,5250,16,3.0,58,2.5625,1.0,77.23622446324137,0.9596916936128359,0.01739240975047595,1,0.058841541422571454,0.022063686783344708,0.7542733327983309,0.7710647507034993,-0.0577325708669535,0.0762339511730474,0.02168056613257218,0.80210255998716,1.338438529766861,-0.2014930587219043
fm_ct2_zip2,37,3,1750,1750,5250,16,3.0,58,2.5625,1.0,36.05518853775942,0.9167723990012046,0.0008454761394018906,1,0.051414333564936236,0.022520747509629613,0.7493780595457828,0.6489970400065288,-0.0697983004100137,0.05225980970433813,0.022087558003449536,0.7406307679961481,1.0073339714278409,-0.28978641906229
fm_ct2_zip2,37,3,1750,1750,5250,16,3.0,58,2.5625,1.0,53.34094817971862,0.940546840052866,0.01782511902375633,1,0.050403455493876134,0.022328335954633228,0.6904742797528288,0.46209540976230346,-0.09496830410862606,0.06822857451763246,0.021839910252513164,0.7318032260653239,0.9478334248645144,-0.2887408402349986
fm_ct2_zip2,37,3,1750,1750,5250,16,3.0,58,2.5625,1.0,60.51949305829755,0.9491052723296887,0.022541004711018567,1,0.04738583150851858,0.022471655902164173,0.7242596902335287,0.6163052722983166,-0.10967382218198546,0.06992683621953714,0.02177443871714896,0.7879784928978413,1.3056252059188598,-0.32190762049465266
fm_ct2_zip2,37,1,1750,1750,1750,16,1.0,58,2.5625,1.0,7.818132966422416,0.8716995150465476,0.0005591155328379047,1,0.05616520652234569,0.02206115022789381,0.7561190915656849,0.7235891952691776,0.07103829656385911,0.056724322055183594,0.02199518895067454,0.7746569296204157,0.8337760844465577,0.239657117953369
fm_ct2_zip2,37,1,1750,1750,1750,16,1.0,58,2.5625,1.0,4.804543259060927,0.7917937973170827,-0.008094957562417862,0,0.058841541422571454,0.022063686783344708,0.7542733327983309,0.7710647507034993,-0.0577325708669535,0.05074658386015359,0.02229852779518374,0.7629403739667764,0.74732834275889,0.14228120803344108
fm_ct2_zip2,37,1,1750,1750,1750,16,1.0,58,2.5625,1.0,18.66490036499862,0.943992367315929,0.0014760856464258593,1,0.051414333564936236,0.022520747509629613,0.7493780595457828,0.6489970400065288,-0.0697983004100137,0.052890419211362096,0.022209844871639347,0.7313217237781879,0.6519920275565433,0.2513002755820065
fm_ct2_zip2,37,1,1750,1750,1750,16,1.0,58,2.5625,1.0,7.373906874427714,0.8162161980024898,0.013368537387762766,1,0.050403455493876134,0.022328335954633228,0.6904742797528288,0.46209540976230346,-0.09496830410862606,0.0637719928816389,0.02195371657661073,0.7106973758125351,0.5802905762162177,0.05926306304240354
fm_ct2_zip2,37,1,1750,1750,1750,16,1.0,58,2.5625,1.0,15.049686770218372,0.9334206066175526,0.010910960326872575,1,0.04738583150851858,0.022471655902164173,0.7242596902335287,0.6163052722983166,-0.10967382218198546,0.05829679183539115,0.021995827949238357,0.742155525238745,0.7092977337844449,0.2429260742737141
fm_ct2_zip2,37,4,1750,1750,7000,16,4.0,58,2.5625,1.0,65.68135745455368,0.9390749379311034,0.008337817579011267,1,0.05616520652234569,0.02206115022789381,0.7561190915656849,0.7235891952691776,0.07103829656385911,0.06450302410135696,0.021767150660902,0.7879784928978413,1.2030879553252416,-0.01861155996994785
fm_ct2_zip2,37,4,1750,1750,7000,16,4.0,58,2.5625,1.0,84.64382693229744,0.9484665277352271,0.00258938752485581,1,0.058841541422571454,0.022063686783344708,0.7542733327983309,0.7710647507034993,-0.0577325708669535,0.061430928947427264,0.021885856745419725,0.7829227188829146,1.093069127557395,-0.06815664165170994
fm_ct2_zip2,37,4,1750,1750,7000,16,4.0,58,2.5625,1.0,48.84159451535062,0.9154960933769802,0.010679256743052618,1,0.051414333564936236,0.022520747509629613,0.7493780595457828,0.6489970400065288,-0.0697983004100137,0.062093590307988854,0.02190402128698835,0.746569296204157,0.9545885668865459,-0.08447153898928605
fm_ct2_zip2,37,4,1750,1750,7000,16,4.0,58,2.5625,1.0,72.43959850006411,0.9378144687290322,0.015561639152616893,1,0.050403455493876134,0.022328335954633228,0.6904742797528288,0.46209540976230346,-0.09496830410862606,0.06596509464649303,0.021802543498009877,0.7191236658374127,0.821276360998974,-0.09389050346832899
fm_ct2_zip2,37,4,1750,1750,7000,16,4.0,58,2.5625,1.0,85.34225215046422,0.95270809465965,0.01913856676460189,1,0.04738583150851858,0.022471655902164173,0.7242596902335287,0.6163052722983166,-0.10967382218198546,0.06652439827312047,0.021741736474213676,0.7968862852098547,1.2019833738089158,-0.10237394441268363
fm_ct2_zip2,37,2,1750,1750,3500,16,2.0,58,2.5625,1.0,21.922319118982493,0.9003752769906812,0.006557624077240781,1,0.05616520652234569,0.02206115022789381,0.7561190915656849,0.7235891952691776,0.07103829656385911,0.06272283059958647,0.021821548263408406,0.7699221571302464,1.0271886696121797,-0.017432318827936468
fm_ct2_zip2,37,2,1750,1750,3500,16,2.0,58,2.5625,1.0,18.769878589564915,0.8928271757026949,-0.006215452921700039,0,0.058841541422571454,0.022063686783344708,0.7542733327983309,0.7710647507034993,-0.0577325708669535,0.052626088500871415,0.02214411072664855,0.779632453254153,0.9623881571159966,0.0003985340360810686
fm_ct2_zip2,37,2,1750,1750,3500,16,2.0,58,2.5625,1.0,42.763326083387454,0.9482134140874767,-0.0015988412743432462,0,0.051414333564936236,0.022520747509629613,0.7493780595457828,0.6489970400065288,-0.0697983004100137,0.04981549229059299,0.02206416749246277,0.7378220046545222,0.7937507306239234,0.09830378748295966
fm_ct2_zip2,37,2,1750,1750,3500,16,2.0,58,2.5625,1.0,38.009359002558924,0.9458796286816865,0.054875532453536144,1,0.050403455493876134,0.022328335954633228,0.6904742797528288,0.46209540976230346,-0.09496830410862606,0.10527898794741228,0.0218811218423695,0.6968943102479737,0.646443719479329,-0.03739848679972575
fm_ct2_zip2,37,2,1750,1750,3500,16,2.0,58,2.5625,1.0,31.041559303338765,0.9354794682845797,0.014957591448218413,1,0.04738583150851858,0.022471655902164173,0.7242596902335287,0.6163052722983166,-0.10967382218198546,0.06234342295673699,0.021757120934960534,0.7832437204076719,1.1525226263232096,-0.062054421666196916
fm_ct2_zip2,37,3,1750,1750,5250,16,3.0,58,2.5625,1.0,19.40510456025327,0.8453882856177345,0.014476252169942,1,0.05616520652234569,0.02206115022789381,0.7561190915656849,0.7235891952691776,0.07103829656385911,0.07064145869228769,0.021718747389783726,0.7897440012840061,0.9819730745709827,0.026325305506223286
fm_ct2_zip2,37,3,1750,1750,5250,16,3.0,58,2.5625,1.0,28.11883286646289,0.8908745612942035,0.01346835909627584,1,0.058841541422571454,0.022063686783344708,0.7542733327983309,0.7710647507034993,-0.0577325708669535,0.0723099005188473,0.02185900709107122,0.8008988042693204,1.0236097622979725,-0.0836350234642238
fm_ct2_zip2,37,3,1750,1750,5250,16,3.0,58,2.5625,1.0,22.515475708226713,0.866609273748742,0.01632410413281183,1,0.051414333564936236,0.022520747509629613,0.7493780595457828,0.6489970400065288,-0.0697983004100137,0.06773843769774807,0.02191229565047568,0.7631811251103443,0.8462529877945314,-0.05007197421801645
fm_ct2_zip2,37,3,1750,1750,5250,16,3.0,58,2.5625,1.0,43.03853312432819,0.9300846413836281,0.015392460144394202,1,0.050403455493876134,0.022328335954633228,0.6904742797528288,0.46209540976230346,-0.09496830410862606,0.06579591563827034,0.021792864426095813,0.7294759650108338,0.7967966711847247,-0.04405611929844075
fm_ct2_zip2,37,3,1750,1750,5250,16,3.0,58,2.5625,1.0,29.54483958730156,0.8984588181693294,0.02052971162513048,1,0.04738583150851858,0.022471655902164173,0.7242596902335287,0.6163052722983166,-0.10967382218198546,0.06791554313364906,0.021759939384139934,0.811170853061552,1.1089813713988255,-0.0546805159453628
fm_ct2_zip2,37,2,1750,1750,3500,16,2.0,58,2.5625,1.0,9.235464446607516,0.7815332130219108,0.009392075152040547,1,0.05616520652234569,0.02206115022789381,0.7561190915656849,0.7235891952691776,0.07103829656385911,0.06555728167438624,0.02176956635436209,0.7581253510954178,0.9260729566612036,0.046075746699411266
fm_ct2_zip2,37,2,1750,1750,3500,16,2.0,58,2.5625,1.0,20.115107573881826,0.9005722330865703,0.00012822614593429454,1,0.058841541422571454,0.022063686783344708,0.7542733327983309,0.7710647507034993,-0.0577325708669535,0.05896976756850575,0.02190514213779614,0.7964850333039082,1.0640609475753935,0.02863377406167966
fm_ct2_zip2,37,2,1750,1750,3500,16,2.0,58,2.5625,1.0,15.452534348319134,0.8700054964798409,0.0036197862048256424,1,0.051414333564936236,0.022520747509629613,0.7493780595457828,0.6489970400065288,-0.0697983004100137,0.05503411976976188,0.02201678371677073,0.73806275579809,0.8279989801758152,0.05960418811633612
fm_ct2_zip2,37,2,1750,1750,3500,16,2.0,58,2.5625,1.0,17.15965518991422,0.8831655988369638,0.023365498340845878,1,0.050403455493876134,0.022328335954633228,0.6904742797528288,0.46209540976230346,-0.09496830410862606,0.07376895383472201,0.02173008702706905,0.7300377176791589,0.8204179358884177,-0.047022326326566596
fm_ct2_zip2,37,2,1750,1750,3500,16,2.0,58,2.5625,1.0,12.630257584424808,0.8405285881788147,0.01263295822899356,1,0.04738583150851858,0.022471655902164173,0.7242596902335287,0.6163052722983166,-0.10967382218198546,0.06001878973751214,0.02184752832033013,0.7809164593531819,1.0275226785189773,-0.007084414044285191
fm_ct2_zip2,37,3,1750,1750,5250,16,3.0,58,2.5625,1.0,35.60633389267926,0.915520461547193,0.021983383649655158,1,0.05616520652234569,0.02206115022789381,0.7561190915656849,0.7235891952691776,0.07103829656385911,0.07814859017200085,0.021855805671184204,0.7400690153278229,0.9511761999997758,-0.1777689831974609
fm_ct2_zip2,37,3,1750,1750,5250,16,3.0,58,2.5625,1.0,54.664175408234065,0.9366644381640341,0.028578910599944503,1,0.058841541422571454,0.022063686783344708,0.7542733327983309,0.7710647507034993,-0.0577325708669535,0.08742045202251596,0.021574300189346106,0.8142203675467459,1.3243361153885753,-0.23165779711314358
fm_ct2_zip2,37,3,1750,1750,5250,16,3.0,58,2.5625,1.0,32.02992297548707,0.9056094865578873,0.0026202272665664522,1,0.051414333564936236,0.022520747509629613,0.7493780595457828,0.6489970400065288,-0.0697983004100137,0.05403456083150269,0.022308952082932015,0.746569296204157,0.8034379142256686,-0.2126673017364761
fm_ct2_zip2,37,3,1750,1750,5250,16,3.0,58,2.5625,1.0,65.16478013163128,0.9493193929040299,0.02447499787301248,1,0.050403455493876134,0.022328335954633228,0.6904742797528288,0.46209540976230346,-0.09496830410862606,0.07487845336688861,0.02186475116089268,0.7397480138030655,0.8865939776448813,-0.2908259676041254
fm_ct2_zip2,37,3,1750,1750,5250,16,3.0,58,2.5625,1.0,39.1723585269098,0.9231029120482583,0.04381615362462135,1,0.04738583150851858,0.022471655902164173,0.7242596902335287,0.6163052722983166,-0.10967382218198546,0.09120198513313993,0.021762715809858547,0.784046224219565,1.0543275124631193,-0.24340297975952913
fm_ct2_zip2,37,2,1750,1750,3500,16,2.0,58,2.5625,1.0,37.597387768775,0.9380419972724643,0.0067898498539241126,1,0.05616520652234569,0.02206115022789381,0.7561190915656849,0.7235891952691776,0.07103829656385911,0.0629550563762698,0.02189785152615145,0.7908675066206564,0.9571336492465602,0.258751721077391
fm_ct2_zip2,37,2,1750,1750,3500,16,2.0,58,2.5625,1.0,13.721367428752327,0.8521090383250495,0.017828708384391122,1,0.058841541422571454,0.022063686783344708,0.7542733327983309,0.7710647507034993,-0.0577325708669535,0.07667024980696258,0.02194489392347425,0.7358157451247893,0.746546853988855,0.1456262312069726
fm_ct2_zip2,37,2,1750,1750,3500,16,2.0,58,2.5625,1.0,14.257566607195715,0.8537598314670685,0.011399048720787182,1,0.051414333564936236,0.022520747509629613,0.7493780595457828,0.6489970400065288,-0.0697983004100137,0.06281338228572342,0.021987101504173306,0.7678356472193243,0.7749374774697645,0.11625457784319229
fm_ct2_zip2,37,2,1750,1750,3500,16,2.0,58,2.5625,1.0,31.51108225090436,0.9333642154197661,0.018425599882292754,1,0.050403455493876134,0.022328335954633228,0.6904742797528288,0.46209540976230346,-0.09496830410862606,0.06882905537616889,0.02198933147108918,0.6850172538319557,0.47245816463888424,0.14444595833923873
fm_ct2_zip2,37,2,1750,1750,3500,16,2.0,58,2.5625,1.0,32.10037307383746,0.9366473984698287,0.02085139062997944,1,0.04738583150851858,0.022471655902164173,0.7242596902335287,0.6163052722983166,-0.10967382218198546,0.06823722213849802,0.02169887882351235,0.813979616403178,1.1378134013588523,0.1943034428323536
fm_ct2_zip2,51,1,1750,1750,1750,16,1.0,49,2.125,1.0,16.1095103997241,0.9277654086437849,-0.008144227093477542,0,0.05044964016621686,0.019803194572047378,0.7234467120181406,0.5604288137429903,0.09537494604956785,0.042305413072739315,0.01979365167785462,0.7551927437641723,0.6067232908950959,0.2593502545624971
fm_ct2_zip2,51,1,1750,1750,1750,16,1.0,49,2.125,1.0,14.086963395528286,0.9290123731436006,0.015372122935324903,1,0.06115102448815714,0.019276745164088203,0.7905668934240363,0.9740069297515529,0.11085985594689199,0.07652314742348204,0.019245972718398906,0.8053514739229024,0.8655488688007642,0.16505746799901555
fm_ct2_zip2,51,1,1750,1750,1750,16,1.0,49,2.125,1.0,10.086078185034543,0.8999225199548385,0.019606476927922084,1,0.10868193544978019,0.019015332193393804,0.8001814058956916,0.9934390721983989,0.025583123235689134,0.12828841237770228,0.01910082833729892,0.8019954648526078,0.8873149219029064,0.22100395311771084
fm_ct2_zip2,51,1,1750,1750,1750,16,1.0,49,2.125,1.0,8.91723349316547,0.8846827579902072,0.018953294315864087,1,0.05388412665091039,0.01956710677587273,0.742312925170068,0.673702493761138,0.03062484604327561,0.07283742096677448,0.019231030337912132,0.7605442176870749,0.7650034691876879,0.14732202995667568
fm_ct2_zip2,51,1,1750,1750,1750,16,1.0,49,2.125,1.0,2.2535219572917016,0.3602871646167149,-0.0483476576208243,0,0.1357905691555096,0.01903664262494434,0.7339682539682539,0.7462199620739463,-0.14401465607583086,0.08744291153468531,0.01918940087599634,0.7717006802721088,0.8299961011638782,-0.03832620974743033
fm_ct2_zip2,51,4,1750,1750,7000,16,4.0,49,2.125,1.0,126.3488786027572,0.9677383121055936,-0.0013853355143347915,0,0.05044964016621686,0.019803194572047378,0.7234467120181406,0.5604288137429903,0.09537494604956785,0.049064304651882065,0.01953744953119997,0.7778684807256235,0.83090928062209,0.04820577182088525
fm_ct2_zip2,51,4,1750,1750,7000,16,4.0,49,2.125,1.0,106.49733292100638,0.9582635643367263,0.012744508649499331,1,0.06115102448815714,0.019276745164088203,0.7905668934240363,0.9740069297515529,0.11085985594689199,0.07389553313765647,0.019166108013636364,0.7937414965986395,1.014269528351394,0.001233245879036376
fm_ct2_zip2,51,4,1750,1750,7000,16,4.0,49,2.125,1.0,126.91336550475815,0.9671401980514425,-0.0027364031266381428,0,0.10868193544978019,0.019015332193393804,0.8001814058956916,0.9934390721983989,0.025583123235689134,0.10594553232314205,0.019022823020516447,0.7929251700680272,0.9806001823060818,-0.011877546296030375
fm_ct2_zip2,51,4,1750,1750,7000,16,4.0,49,2.125,1.0,57.698335973858384,0.9306298499186596,0.02768041780597886,1,0.05388412665091039,0.01956710677587273,0.742312925170068,0.673702493761138,0.03062484604327561,0.08156454445688925,0.01914182535736931,0.7822222222222223,1.0224753449868773,0.06166689125918088
fm_ct2_zip2,51,4,1750,1750,7000,16,4.0,49,2.125,1.0,91.95353287750127,0.9564855028174002,-0.014729241257400313,0,0.1357905691555096,0.01903664262494434,0.7339682539682539,0.7462199620739463,-0.14401465607583086,0.12106132789810929,0.019181077465930032,0.7726077097505668,0.9352132065925858,-0.1286802316661609
fm_ct2_zip2,51,2,1750,1750,3500,16,2.0,49,2.125,1.0,43.00469965421096,0.952304609410293,-0.0038820743840026414,0,0.05044964016621686,0.019803194572047378,0.7234467120181406,0.5604288137429903,0.09537494604956785,0.046567565782214215,0.019673200358842454,0.7710657596371883,0.7058962943789779,0.16010466650680952
fm_ct2_zip2,51,2,1750,1750,3500,16,2.0,49,2.125,1.0,23.241125123921623,0.9139452913365336,0.015672406280911585,1,0.06115102448815714,0.019276745164088203,0.7905668934240363,0.9740069297515529,0.11085985594689199,0.07682343076906872,0.01920619234552372,0.7978231292517006,0.9077043059414949,0.14002378085811581
fm_ct2_zip2,51,2,1750,1750,3500,16,2.0,49,2.125,1.0,15.139818593441925,0.8678936492480651,-0.012814051428111983,0,0.10868193544978019,0.019015332193393804,0.8001814058956916,0.9934390721983989,0.025583123235689134,0.09586788402166821,0.019061386779763694,0.7996371882086168,0.9131800423531174,0.10963912033817073
fm_ct2_zip2,51,2,1750,1750,3500,16,2.0,49,2.125,1.0,11.124526281199504,0.8194540486955073,0.02189414885525518,1,0.05388412665091039,0.01956710677587273,0.742312925170068,0.673702493761138,0.03062484604327561,0.07577827550616557,0.019190825698952103,0.7677097505668934,0.7956535898433141,0.08872529768206688
fm_ct2_zip2,51,2,1750,1750,3500,16,2.0,49,2.125,1.0,19.40771182295624,0.8935570920106666,-0.0005263624831538527,0,0.1357905691555096,0.01903664262494434,0.7339682539682539,0.7462199620739463,-0.14401465607583086,0.13526420667235575,0.019239188251054966,0.755827664399093,0.7660094231703415,-0.06829825903843732
fm_ct2_zip2,51,3,1750,1750,5250,16,3.0,49,2.125,1.0,78.47476810093426,0.9617641063512332,-0.0028895229964424826,0,0.05044964016621686,0.019803194572047378,0.7234467120181406,0.5604288137429903,0.09537494604956785,0.047560117169774374,0.01953409667901968,0.7602721088435374,0.861349971236762,-0.13387522111428107
fm_ct2_zip2,51,3,1750,1750,5250,16,3.0,49,2.125,1.0,57.58145688266917,0.9470604312558908,0.025819476844904474,1,0.06115102448815714,0.019276745164088203,0.7905668934240363,0.9740069297515529,0.11085985594689199,0.08697050133306161,0.019123442810067236,0.7915646258503402,1.2293686701312876,-0.15295816552077365
fm_ct2_zip2,51,3,1750,1750,5250,16,3.0,49,2.125,1.0,44.762075838674384,0.9283904789691939,0.0009525478436528401,1,0.10868193544978019,0.019015332193393804,0.8001814058956916,0.9934390721983989,0.025583123235689134,0.10963448329343303,0.019012434494415184,0.8030839002267574,1.2913082001196423,-0.22746428607943145
fm_ct2_zip2,51,3,1750,1750,5250,16,3.0,49,2.125,1.0,53.00340799763724,0.9430784545150093,0.02167940622594868,1,0.05388412665091039,0.01956710677587273,0.742312925170068,0.673702493761138,0.03062484604327561,0.07556353287685907,0.019140734494065625,0.7686167800453515,1.0857921036741491,-0.04864251800606692
fm_ct2_zip2,51,3,1750,1750,5250,16,3.0,49,2.125,1.0,57.682801232198315,0.9461319390851266,-0.014459297956825531,0,0.1357905691555096,0.01903664262494434,0.7339682539682539,0.7462199620739463,-0.14401465607583086,0.12133127119868407,0.019276653249060614,0.7502947845804988,1.0139796875993456,-0.29205516392950026
fm_ct2_zip2,51,1,1750,1750,1750,16,1.0,49,2.125,1.0,9.873240982115197,0.8610707009936215,0.03810190004976081,1,0.05044964016621686,0.019803194572047378,0.7234467120181406,0.5604288137429903,0.09537494604956785,0.08855154021597766,0.01929661486085826,0.757732426303855,0.76358469479203,0.16049849192597532
fm_ct2_zip2,51,1,1750,1750,1750,16,1.0,49,2.125,1.0,10.55979598147219,0.9043858720104856,0.01898129736188149,1,0.06115102448815714,0.019276745164088203,0.7905668934240363,0.9740069297515529,0.11085985594689199,0.08013232185003863,0.01918766024607557,0.7982766439909297,0.9685242664398133,0.08534574935483276
fm_ct2_zip2,51,1,1750,1750,1750,16,1.0,49,2.125,1.0,6.203787143459802,0.8340121612190017,-0.011475809080643759,0,0.10868193544978019,0.019015332193393804,0.8001814058956916,0.9934390721983989,0.025583123235689134,0.09720612636913643,0.018957008344387474,0.8025396825396824,0.9236696224242474,0.0735490076184322
fm_ct2_zip2,51,1,1750,1750,1750,16,1.0,49,2.125,1.0,10.055999748692749,0.8998472381773859,0.028387448701308625,1,0.05388412665091039,0.01956710677587273,0.742312925170068,0.673702493761138,0.03062484604327561,0.08227157535221902,0.0191399465425634,0.7709750566893424,0.8789852901055428,0.104577019743054
fm_ct2_zip2,51,1,1750,1750,1750,16,1.0,49,2.125,1.0,14.618630505943507,0.9306143603925909,-0.06581476884237578,0,0.1357905691555096,0.01903664262494434,0.7339682539682539,0.7462199620739463,-0.14401465607583086,0.06997580031313383,0.019353913434331488,0.7614512471655328,0.7676451652343718,-0.005020118106419432
fm_ct2_zip2,51,2,1750,1750,3500,16,2.0,49,2.125,1.0,36.44495997380946,0.9383415933414168,0.014623901773039315,1,0.05044964016621686,0.019803194572047378,0.7234467120181406,0.5604288137429903,0.09537494604956785,0.06507354193925617,0.019278010693371483,0.7746938775510204,0.9781757008739557,0.020340524492846714
fm_ct2_zip2,51,2,1750,1750,3500,16,2.0,49,2.125,1.0,28.097870246400205,0.9270434521612483,0.026690900594566372,1,0.06115102448815714,0.019276745164088203,0.7905668934240363,0.9740069297515529,0.11085985594689199,0.08784192508272351,0.019055699006506673,0.8085260770975058,1.2437842871369642,-0.08385549745709915
fm_ct2_zip2,51,2,1750,1750,3500,16,2.0,49,2.125,1.0,24.2399190333482,0.9104222712215817,-0.014367163464436589,0,0.10868193544978019,0.019015332193393804,0.8001814058956916,0.9934390721983989,0.025583123235689134,0.0943147719853436,0.018983575221949156,0.8077097505668934,1.2143950995116344,0.003434450399056055
fm_ct2_zip2,51,2,1750,1750,3500,16,2.0,49,2.125,1.0,25.823354191725077,0.9165874330357318,0.04100838370399166,1,0.05388412665091039,0.01956710677587273,0.742312925170068,0.673702493761138,0.03062484604327561,0.09489251035490205,0.01905084433961863,0.7793197278911564,1.0756605151653438,-0.06396920763775146
fm_ct2_zip2,51,2,1750,1750,3500,16,2.0,49,2.125,1.0,37.77149740043431,0.9466490848816711,-0.06700290419366212,0,0.1357905691555096,0.01903664262494434,0.7339682539682539,0.7462199620739463,-0.14401465607583086,0.06878766496184749,0.01927842533072306,0.7631746031746032,0.9617260222338297,-0.19627737753684008
fm_ct2_zip2,51,1,1750,1750,1750,16,1.0,49,2.125,1.0,10.986363053205142,0.9080769568987082,-0.00448453735971651,0,0.05044964016621686,0.019803194572047378,0.7234467120181406,0.5604288137429903,0.09537494604956785,0.045965102806500346,0.01962952875372257,0.7388662131519275,0.6927626462121033,0.008886841644292614
fm_ct2_zip2,51,1,1750,1750,1750,16,1.0,49,2.125,1.0,2.0314398150029263,0.506744662268305,0.0009148646963911683,1,0.06115102448815714,0.019276745164088203,0.7905668934240363,0.9740069297515529,0.11085985594689199,0.062065889184548306,0.01937684371209779,0.8008163265306123,0.962120468179656,-0.08149938324625938
fm_ct2_zip2,51,1,1750,1750,1750,16,1.0,49,2.125,1.0,4.328550523703836,0.7686372503397154,-0.02236565774349962,0,0.10868193544978019,0.019015332193393804,0.8001814058956916,0.9934390721983989,0.025583123235689134,0.08631627770628057,0.018998486512757394,0.8146938775510204,1.1244938763585723,-0.11092520119844473
fm_ct2_zip2,51,1,1750,1750,1750,16,1.0,49,2.125,1.0,5.033239969085216,0.7951728301163405,0.02110773889590687,1,0.05388412665091039,0.01956710677587273,0.742312925170068,0.673702493761138,0.03062484604327561,0.07499186554681726,0.019189150620703907,0.7678004535147392,0.8908442140047308,0.006511969908048002
fm_ct2_zip2,51,1,1750,1750,1750,16,1.0,49,2.125,1.0,4.250745826661934,0.7633983164482874,-0.06409586088018558,0,0.1357905691555096,0.01903664262494434,0.7339682539682539,0.7462199620739463,-0.14401465607583086,0.07169470827532402,0.01944804043236386,0.7616326530612245,0.8189583051190557,-0.2857840045608938
fm_ct2_zip2,51,4,1750,1750,7000,16,4.0,49,2.125,1.0,95.77893291090135,0.9542308083532534,0.001084171074545101,1,0.05044964016621686,0.019803194572047378,0.7234467120181406,0.5604288137429903,0.09537494604956785,0.05153381124076196,0.019493822465053434,0.7582766439909296,0.8524888507767332,0.002339613049444378
fm_ct2_zip2,51,4,1750,1750,7000,16,4.0,49,2.125,1.0,92.57307228724807,0.9525885296487845,0.00442504114990748,1,0.06115102448815714,0.019276745164088203,0.7905668934240363,0.9740069297515529,0.11085985594689199,0.06557606563806462,0.01928686392776866,0.7960090702947846,1.0859068157103806,-0.042035183644499804
fm_ct2_zip2,51,4,1750,1750,7000,16,4.0,49,2.125,1.0,80.51749918373135,0.9454528987980853,-0.012887336735158447,0,0.10868193544978019,0.019015332193393804,0.8001814058956916,0.9934390721983989,0.025583123235689134,0.09579459871462175,0.018953674632223673,0.8026303854875283,1.2599610336867848,-0.034953746369741454
fm_ct2_zip2,51,4,1750,1750,7000,16,4.0,49,2.125,1.0,85.15357926390949,0.9522348778282468,0.018170850661155417,1,0.05388412665091039,0.01956710677587273,0.742312925170068,0.673702493761138,0.03062484604327561,0.07205497731206581,0.01916832950380788,0.775328798185941,1.0960266029468262,-0.019370731757802663
fm_ct2_zip2,51,4,1750,1750,7000,16,4.0,49,2.125,1.0,93.09009755445238,0.9554800750272425,-0.0654030402309982,0,0.1357905691555096,0.01903664262494434,0.7339682539682539,0.7462199620739463,-0.14401465607583086,0.0703875289245114,0.01928966974043266,0.783219954648526,1.0222334577203003,-0.13998191448000064
fm_ct2_zip2,51,2,1750,1750,3500,16,2.0,49,2.125,1.0,18.308816374113572,0.880799401027796,-0.001365281258406091,0,0.05044964016621686,0.019803194572047378,0.7234467120181406,0.5604288137429903,0.09537494604956785,0.049084358907810766,0.019609981240052348,0.7464852607709751,0.7182569047034674,-0.05374678421046296
fm_ct2_zip2,51,2,1750,1750,3500,16,2.0,49,2.125,1.0,12.277962342273549,0.8359607097088195,0.0048489882766983156,1,0.06115102448815714,0.019276745164088203,0.7905668934240363,0.9740069297515529,0.11085985594689199,0.06600001276485545,0.01930508996005881,0.8089795918367346,1.005735355173385,-0.0902759435687936
fm_ct2_zip2,51,2,1750,1750,3500,16,2.0,49,2.125,1.0,9.333150779475368,0.7603700813821251,-0.013054784712906373,0,0.10868193544978019,0.019015332193393804,0.8001814058956916,0.9934390721983989,0.025583123235689134,0.09562715073687382,0.018968213678802828,0.813514739229025,1.125921654785545,-0.1157991520371352
fm_ct2_zip2,51,2,1750,1750,3500,16,2.0,49,2.125,1.0,17.185805103586514,0.8800295446513158,0.03637568272364044,1,0.05388412665091039,0.01956710677587273,0.742312925170068,0.673702493761138,0.03062484604327561,0.09025980937455083,0.01912302188720206,0.774421768707483,0.9226021681584856,-0.0434376963343182
fm_ct2_zip2,51,2,1750,1750,3500,16,2.0,49,2.125,1.0,5.005127738389044,0.5944791688443845,-0.06912240726346458,0,0.1357905691555096,0.01903664262494434,0.7339682539682539,0.7462199620739463,-0.14401465607583086,0.06666816189204502,0.019452520211926394,0.7788662131519275,0.9053107906611202,-0.29143889925857086
fm_ct2_zip2,51,4,1750,1750,7000,16,4.0,49,2.125,1.0,103.06625144025186,0.9415998437547033,-0.0026061100085040464,0,0.05044964016621686,0.019803194572047378,0.7234467120181406,0.5604288137429903,0.09537494604956785,0.04784353015771281,0.019559414404923346,0.755374149659864,1.0227093279687824,-0.33519399140279527
fm_ct2_zip2,51,4,1750,1750,7000,16,4.0,49,2.125,1.0,75.81509771848371,0.9458677336788233,0.023608673354045165,1,0.06115102448815714,0.019276745164088203,0.7905668934240363,0.9740069297515529,0.11085985594689199,0.0847596978422023,0.01909528705256996,0.8116099773242631,1.4633218124374465,-0.32324294481179155
fm_ct2_zip2,51,4,1750,1750,7000,16,4.0,49,2.125,1.0,84.10984049325012,0.9464908913427965,-0.017777741626986893,0,0.10868193544978019,0.019015332193393804,0.8001814058956916,0.9934390721983989,0.025583123235689134,0.0909041938227933,0.019106873252066787,0.8019047619047619,1.3793841724605291,-0.29910338598131603
fm_ct2_zip2,51,4,1750,1750,7000,16,4.0,49,2.125,1.0,71.13484425694216,0.9349135589463813,0.06327955044123487,1,0.05388412665091039,0.01956710677587273,0.742312925170068,0.673702493761138,0.03062484604327561,0.11716367709214527,0.01906103588947694,0.7793197278911564,1.2836021673117957,-0.3417143285181876
fm_ct2_zip2,51,4,1750,1750,7000,16,4.0,49,2.125,1.0,110.19713063951791,0.9471499513975509,-0.03724872658835708,0,0.1357905691555096,0.01903664262494434,0.7339682539682539,0.7462199620739463,-0.14401465607583086,0.09854184256715252,0.019176253348370895,0.7928344671201815,1.3430098734247007,-0.3852524253228971
fm_ct2_zip2,51,2,1750,1750,3500,16,2.0,49,2.125,1.0,16.435875568826354,0.8641693911603325,0.015386072693905482,1,0.05044964016621686,0.019803194572047378,0.7234467120181406,0.5604288137429903,0.09537494604956785,0.06583571286012234,0.019333015141974854,0.7494784580498866,0.8820294975606452,0.2622062787659158
fm_ct2_zip2,51,2,1750,1750,3500,16,2.0,49,2.125,1.0,15.308991645862687,0.8602775908080603,0.004030037717836249,1,0.06115102448815714,0.019276745164088203,0.7905668934240363,0.9740069297515529,0.11085985594689199,0.06518106220599339,0.01924271122126447,0.7913832199546486,1.1462461970415339,0.18300096428250026
fm_ct2_zip2,51,2,1750,1750,3500,16,2.0,49,2.125,1.0,8.645606725701237,0.7542745820591916,-0.003993742051669941,0,0.10868193544978019,0.019015332193393804,0.8001814058956916,0.9934390721983989,0.025583123235689134,0.10468819339811025,0.019016945870084283,0.8053514739229024,1.3000405838734361,0.23178125962892457
fm_ct2_zip2,51,2,1750,1750,3500,16,2.0,49,2.125,1.0,10.546742162120676,0.8102621805463358,0.06633973229496881,1,0.05388412665091039,0.01956710677587273,0.742312925170068,0.673702493761138,0.03062484604327561,0.1202238589458792,0.019040894439214442,0.7789569160997732,1.1129303648229427,0.18976245027468422
fm_ct2_zip2,51,2,1750,1750,3500,16,2.0,49,2.125,1.0,23.063201924854393,0.9126206342227355,-0.04778060481492001,0,0.1357905691555096,0.01903664262494434,0.7339682539682539,0.7462199620739463,-0.14401465607583086,0.0880099643405896,0.019167910614385896,0.7643537414965986,1.0965772421177493,0.07792592788670394
fm_ct2_zip2,51,3,1750,1750,5250,16,3.0,49,2.125,1.0,62.76829844008209,0.9504704231098653,0.0016715684214612878,1,0.05044964016621686,0.019803194572047378,0.7234467120181406,0.5604288137429903,0.09537494604956785,0.052121208587678144,0.019423955432085346,0.7602721088435374,0.9344295506246594,0.02599286000823986
fm_ct2_zip2,51,3,1750,1750,5250,16,3.0,49,2.125,1.0,52.788731357232194,0.940087981879733,0.04864750653335938,1,0.06115102448815714,0.019276745164088203,0.7905668934240363,0.9740069297515529,0.11085985594689199,0.10979853102151652,0.01897835385161423,0.8057142857142857,1.2704143033737096,-0.08308524540797241
fm_ct2_zip2,51,3,1750,1750,5250,16,3.0,49,2.125,1.0,56.350507713102644,0.9462220714830569,0.003954926174888809,1,0.10868193544978019,0.019015332193393804,0.8001814058956916,0.9934390721983989,0.025583123235689134,0.112636861624669,0.018995264471470583,0.7841269841269841,1.2056749800468394,-0.13785293244435481
fm_ct2_zip2,51,3,1750,1750,5250,16,3.0,49,2.125,1.0,43.04252712064459,0.9275565541172556,0.01427210495068116,1,0.05388412665091039,0.01956710677587273,0.742312925170068,0.673702493761138,0.03062484604327561,0.06815623160159155,0.01917216299095824,0.7890249433106575,1.158789387725572,-0.0031164702628506805
fm_ct2_zip2,51,3,1750,1750,5250,16,3.0,49,2.125,1.0,38.20225603010604,0.9011517330220371,-0.057563707902911196,0,0.1357905691555096,0.01903664262494434,0.7339682539682539,0.7462199620739463,-0.14401465607583086,0.07822686125259841,0.01927842111051754,0.7596371882086168,1.047018918299372,-0.19560877165984406
fm_ct2_zip2,54,3,1750,1750,5250,16,3.0,33,1.4375,1.0,85.83201964206796,0.9650460064248589,0.0024964098560406947,1,0.016052730307875712,0.013383944545685646,0.5431081081081082,0.14252641788575957,0.08403731384471268,0.018549140163916407,0.013803087975100626,0.5771621621621621,0.2506954743370454,-0.4274101413171537
fm_ct2_zip2,54,3,1750,1750,5250,16,3.0,33,1.4375,1.0,52.30678542121278,0.9416862421302923,0.008213738194851602,1,0.021090579389576758,0.013503050947315484,0.5332432432432432,0.16151025927672993,-0.018219020605923224,0.02930431758442836,0.013811839651492725,0.5964864864864865,0.328424670873434,-0.49515270762689834
fm_ct2_zip2,54,3,1750,1750,5250,16,3.0,33,1.4375,1.0,54.157630896461065,0.9285902330877746,-0.0002833264378376381,0,0.014951091412381752,0.014034498340053034,0.5378378378378378,0.10778492985687843,-0.11102426336112277,0.014667764974544114,0.014254664378049786,0.5325675675675676,0.0958514991152787,-0.4810822518220418
fm_ct2_zip2,54,3,1750,1750,5250,16,3.0,33,1.4375,1.0,48.52709469035611,0.9381782564407999,-0.00382721768911801,0,0.019691572368494503,0.013491934909913052,0.5097297297297297,0.08461490732988754,0.07060497259094586,0.015864354679376493,0.013811588948148544,0.5160810810810811,0.07627214431759248,-0.44135740268325124
fm_ct2_zip2,54,3,1750,1750,5250,16,3.0,33,1.4375,1.0,56.30777228684633,0.9420607847611078,0.007237768628715127,1,0.037849528989364015,0.013116396001609312,0.6047297297297298,0.5014763956707561,0.04111717406960239,0.04508729761807914,0.01343372470204051,0.5944594594594594,0.4372954635314485,-0.4745679962115999
fm_ct2_zip2,54,2,1750,1750,3500,16,2.0,33,1.4375,1.0,31.81661812548091,0.9354225846408617,0.001390978958486798,1,0.016052730307875712,0.013383944545685646,0.5431081081081082,0.14252641788575957,0.08403731384471268,0.01744370926636251,0.01356481512720634,0.5366216216216215,0.13606815416532,-0.15123145209189742
fm_ct2_zip2,54,2,1750,1750,3500,16,2.0,33,1.4375,1.0,53.41024962615846,0.9622486794705083,0.008894779877683535,1,0.021090579389576758,0.013503050947315484,0.5332432432432432,0.16151025927672993,-0.018219020605923224,0.029985359267260293,0.013452891737888526,0.5921621621621622,0.35165160964128406,-0.2464365300762661
fm_ct2_zip2,54,2,1750,1750,3500,16,2.0,33,1.4375,1.0,20.187612881264773,0.9008549589062294,-0.000522766518183183,0,0.014951091412381752,0.014034498340053034,0.5378378378378378,0.10778492985687843,-0.11102426336112277,0.014428324894198569,0.013920703287025967,0.48567567567567566,0.012198625100845097,-0.18717870525838487
fm_ct2_zip2,54,2,1750,1750,3500,16,2.0,33,1.4375,1.0,15.329298382192297,0.8443787353740846,0.010825474612254714,1,0.019691572368494503,0.013491934909913052,0.5097297297297297,0.08461490732988754,0.07060497259094586,0.030517046980749217,0.013728507185123607,0.5225675675675676,0.15426960335889617,-0.3394333269424245
fm_ct2_zip2,54,2,1750,1750,3500,16,2.0,33,1.4375,1.0,18.553853758241516,0.8893354375773057,0.010377829595024188,1,0.037849528989364015,0.013116396001609312,0.6047297297297298,0.5014763956707561,0.04111717406960239,0.0482273585843882,0.013121070531386399,0.6058108108108108,0.548625438546428,-0.19638275959522886
fm_ct2_zip2,54,4,1750,1750,7000,16,4.0,33,1.4375,1.0,127.35361708932841,0.9653329919807696,0.005256323843183735,1,0.016052730307875712,0.013383944545685646,0.5431081081081082,0.14252641788575957,0.08403731384471268,0.021309054151059447,0.013792507901884023,0.6194594594594595,0.37827918633808805,-0.5675598115685461
fm_ct2_zip2,54,4,1750,1750,7000,16,4.0,33,1.4375,1.0,148.69083337787728,0.9730658084305963,0.012449680642509786,1,0.021090579389576758,0.013503050947315484,0.5332432432432432,0.16151025927672993,-0.018219020605923224,0.033540260032086544,0.013860659665314983,0.6078378378378378,0.3753458807341624,-0.6584636094345931
fm_ct2_zip2,54,4,1750,1750,7000,16,4.0,33,1.4375,1.0,85.5325866416691,0.9531951588413173,0.001379715014306079,1,0.014951091412381752,0.014034498340053034,0.5378378378378378,0.10778492985687843,-0.11102426336112277,0.01633080642668783,0.014227623112241536,0.5662162162162162,0.1906136522983786,-0.6675962763682279
fm_ct2_zip2,54,4,1750,1750,7000,16,4.0,33,1.4375,1.0,102.02090169016323,0.9606817188353873,0.008398057840200257,1,0.019691572368494503,0.013491934909913052,0.5097297297297297,0.08461490732988754,0.07060497259094586,0.02808963020869476,0.013915790025041612,0.5098648648648649,0.0906353799987845,-0.6146568341378953
fm_ct2_zip2,54,4,1750,1750,7000,16,4.0,33,1.4375,1.0,124.40562028839605,0.966279221649796,0.006897556274078627,1,0.037849528989364015,0.013116396001609312,0.6047297297297298,0.5014763956707561,0.04111717406960239,0.04474708526344264,0.013522373651659009,0.6398648648648648,0.5847628144381884,-0.7142300478587551
fm_ct2_zip2,54,2,1750,1750,3500,16,2.0,33,1.4375,1.0,26.91935254870758,0.9205684414295425,0.005630603083431683,1,0.016052730307875712,0.013383944545685646,0.5431081081081082,0.14252641788575957,0.08403731384471268,0.021683333391307395,0.013582295033899508,0.632972972972973,0.354155411823058,-0.17590623033741754
fm_ct2_zip2,54,2,1750,1750,3500,16,2.0,33,1.4375,1.0,18.47364970714004,0.8810213547198165,0.028530812815647212,1,0.021090579389576758,0.013503050947315484,0.5332432432432432,0.16151025927672993,-0.018219020605923224,0.04962139220522397,0.013320025566796918,0.6010810810810812,0.31790432271069313,-0.27367059422277534
fm_ct2_zip2,54,2,1750,1750,3500,16,2.0,33,1.4375,1.0,37.24999969783957,0.9165321584361257,0.004061416037990246,1,0.014951091412381752,0.014034498340053034,0.5378378378378378,0.10778492985687843,-0.11102426336112277,0.019012507450371998,0.013624161875850457,0.6277027027027027,0.3178631242745688,-0.18345402549758966
fm_ct2_zip2,54,2,1750,1750,3500,16,2.0,33,1.4375,1.0,13.782136680417349,0.8520775312146741,0.028046618721826122,1,0.019691572368494503,0.013491934909913052,0.5097297297297297,0.08461490732988754,0.07060497259094586,0.047738191090320625,0.013410825125829596,0.5306756756756756,0.14011547821323625,-0.21396625252005122
fm_ct2_zip2,54,2,1750,1750,3500,16,2.0,33,1.4375,1.0,21.326596351776764,0.90586464833005,0.01352849694135657,1,0.037849528989364015,0.013116396001609312,0.6047297297297298,0.5014763956707561,0.04111717406960239,0.051378025930720585,0.013065792203774119,0.6713513513513514,0.5867125922349167,-0.192308150135956
fm_ct2_zip2,54,4,1750,1750,7000,16,4.0,33,1.4375,1.0,31.434317452390427,0.8665236542958633,0.00293812784843471,1,0.016052730307875712,0.013383944545685646,0.5431081081081082,0.14252641788575957,0.08403731384471268,0.018990858156310422,0.013600317778280635,0.5827027027027027,0.31694570875563094,-0.48873735256537826
fm_ct2_zip2,54,4,1750,1750,7000,16,4.0,33,1.4375,1.0,83.48281731838765,0.9518925923581768,0.008509571274628317,1,0.021090579389576758,0.013503050947315484,0.5332432432432432,0.16151025927672993,-0.018219020605923224,0.029600150664205075,0.013717632162920717,0.5594594594594595,0.26510190444491805,-0.585579236795503
fm_ct2_zip2,54,4,1750,1750,7000,16,4.0,33,1.4375,1.0,83.9769767084186,0.9237775617667214,0.0006608802239424071,1,0.014951091412381752,0.014034498340053034,0.5378378378378378,0.10778492985687843,-0.11102426336112277,0.015611971636324159,0.014005328075139375,0.5625675675675675,0.193442214555076,-0.5913912169087606
fm_ct2_zip2,54,4,1750,1750,7000,16,4.0,33,1.4375,1.0,47.85693958556386,0.9125217313684664,0.012522821604381132,1,0.019691572368494503,0.013491934909913052,0.5097297297297297,0.08461490732988754,0.07060497259094586,0.032214393972875635,0.013625145800929758,0.5468918918918919,0.22193208983875606,-0.5331015105000371
fm_ct2_zip2,54,4,1750,1750,7000,16,4.0,33,1.4375,1.0,37.833717022796925,0.891113713082756,0.005975363392125253,1,0.037849528989364015,0.013116396001609312,0.6047297297297298,0.5014763956707561,0.04111717406960239,0.04382489238148927,0.013465942167192142,0.5916216216216217,0.4422630325857755,-0.6324644007499224
fm_ct2_zip2,54,3,1750,1750,5250,16,3.0,33,1.4375,1.0,31.066158569754542,0.9033934703852523,0.007914409429272344,1,0.016052730307875712,0.013383944545685646,0.5431081081081082,0.14252641788575957,0.08403731384471268,0.023967139737148056,0.013607498163337634,0.6728378378378379,0.4660898185176244,-0.30765180088697147
fm_ct2_zip2,54,3,1750,1750,5250,16,3.0,33,1.4375,1.0,30.031760049203125,0.9001052996488759,0.050169160558900014,1,0.021090579389576758,0.013503050947315484,0.5332432432432432,0.16151025927672993,-0.018219020605923224,0.07125973994847677,0.013344678338177124,0.6113513513513513,0.38437793565879347,-0.38507948818768706
fm_ct2_zip2,54,3,1750,1750,5250,16,3.0,33,1.4375,1.0,24.148821133862764,0.8756983417122667,0.005699845633475564,1,0.014951091412381752,0.014034498340053034,0.5378378378378378,0.10778492985687843,-0.11102426336112277,0.020650937045857316,0.013686687983949676,0.6182432432432432,0.3169263294917772,-0.35771826002890067
fm_ct2_zip2,54,3,1750,1750,5250,16,3.0,33,1.4375,1.0,33.354815498969714,0.9085570292771417,0.04582091796067972,1,0.019691572368494503,0.013491934909913052,0.5097297297297297,0.08461490732988754,0.07060497259094586,0.06551249032917422,0.013446041174525102,0.5148648648648648,0.14307965545411883,-0.3629118350348002
fm_ct2_zip2,54,3,1750,1750,5250,16,3.0,33,1.4375,1.0,34.103949703394505,0.9104572007109314,0.029879446788629527,1,0.037849528989364015,0.013116396001609312,0.6047297297297298,0.5014763956707561,0.04111717406960239,0.06772897577799354,0.013095759211690648,0.6575675675675676,0.6168038224587017,-0.3792366980143193
fm_ct2_zip2,54,4,1750,1750,7000,16,4.0,33,1.4375,1.0,86.52555304798958,0.9484774440394694,0.00470217273564473,1,0.016052730307875712,0.013383944545685646,0.5431081081081082,0.14252641788575957,0.08403731384471268,0.020754903043520442,0.013717455331880141,0.6132432432432433,0.3473589830222565,-0.42841038803847686
fm_ct2_zip2,54,4,1750,1750,7000,16,4.0,33,1.4375,1.0,64.90838464976639,0.9382065122270626,0.014711704488728834,1,0.021090579389576758,0.013503050947315484,0.5332432432432432,0.16151025927672993,-0.018219020605923224,0.03580228387830559,0.013517318890572734,0.6018918918918919,0.4196118424245232,-0.5034631318752895
fm_ct2_zip2,54,4,1750,1750,7000,16,4.0,33,1.4375,1.0,36.52242356915272,0.8605778332692068,0.00170536839222501,1,0.014951091412381752,0.014034498340053034,0.5378378378378378,0.10778492985687843,-0.11102426336112277,0.01665645980460676,0.013786902332824582,0.5304054054054054,0.06347846977938469,-0.4252669460583214
fm_ct2_zip2,54,4,1750,1750,7000,16,4.0,33,1.4375,1.0,46.87216212483011,0.9099994424037117,0.01426627735728557,1,0.019691572368494503,0.013491934909913052,0.5097297297297297,0.08461490732988754,0.07060497259094586,0.03395784972578007,0.013679145842023214,0.49972972972972973,0.08895929502287955,-0.44952725175852865
fm_ct2_zip2,54,4,1750,1750,7000,16,4.0,33,1.4375,1.0,85.03701704912673,0.9507208805930751,0.020475150225596143,1,0.037849528989364015,0.013116396001609312,0.6047297297297298,0.5014763956707561,0.04111717406960239,0.05832467921496016,0.013165659118156661,0.6478378378378379,0.7045040652447232,-0.4849508270300917
fm_ct2_zip2,54,3,1750,1750,5250,16,3.0,33,1.4375,1.0,36.51344212372692,0.90826642948981,0.002259375672127785,1,0.016052730307875712,0.013383944545685646,0.5431081081081082,0.14252641788575957,0.08403731384471268,0.018312105980003497,0.013511363237404258,0.5785135135135135,0.26203717948873595,-0.28709344530410374
fm_ct2_zip2,54,3,1750,1750,5250,16,3.0,33,1.4375,1.0,23.839798651893048,0.8729893995691342,0.013104354550378672,1,0.021090579389576758,0.013503050947315484,0.5332432432432432,0.16151025927672993,-0.018219020605923224,0.03419493393995543,0.013336340574847288,0.5735135135135135,0.3437153395874744,-0.32549856972561403
fm_ct2_zip2,54,3,1750,1750,5250,16,3.0,33,1.4375,1.0,17.913673303882256,0.831922216487003,0.0005156971848934207,1,0.014951091412381752,0.014034498340053034,0.5378378378378378,0.10778492985687843,-0.11102426336112277,0.015466788597275172,0.013600931197213818,0.5382432432432432,0.12569798944856267,-0.30820658740886286
fm_ct2_zip2,54,3,1750,1750,5250,16,3.0,33,1.4375,1.0,18.06886301063684,0.8331606322621509,0.007109966517666412,1,0.019691572368494503,0.013491934909913052,0.5097297297297297,0.08461490732988754,0.07060497259094586,0.026801538886160915,0.013372348647727402,0.5410810810810811,0.2351074305939785,-0.2858909340239916
fm_ct2_zip2,54,3,1750,1750,5250,16,3.0,33,1.4375,1.0,43.08238941693592,0.9267683190114899,0.025912720960573787,1,0.037849528989364015,0.013116396001609312,0.6047297297297298,0.5014763956707561,0.04111717406960239,0.0637622499499378,0.013121067686394625,0.6241891891891892,0.6116584395823376,-0.32539794349256246
fm_ct2_zip2,54,1,1750,1750,1750,16,1.0,33,1.4375,1.0,13.301761353326977,0.922715559209186,0.004191349690195693,1,0.016052730307875712,0.013383944545685646,0.5431081081081082,0.14252641788575957,0.08403731384471268,0.020244079998071405,0.013517928254361768,0.6394594594594595,0.4001601893874115,-0.2486121025202584
fm_ct2_zip2,54,1,1750,1750,1750,16,1.0,33,1.4375,1.0,9.140198868989122,0.8856688159992676,0.007593815578480274,1,0.021090579389576758,0.013503050947315484,0.5332432432432432,0.16151025927672993,-0.018219020605923224,0.028684394968057032,0.013466066251246326,0.6027027027027028,0.3778926922712561,-0.33617327314944045
fm_ct2_zip2,54,1,1750,1750,1750,16,1.0,33,1.4375,1.0,2.1509071432412687,0.5300452648810428,-9.403941790654159e-05,0,0.014951091412381752,0.014034498340053034,0.5378378378378378,0.10778492985687843,-0.11102426336112277,0.01485705199447521,0.013952675490964194,0.5071621621621623,0.01983588609174864,-0.35224592688805006
fm_ct2_zip2,54,1,1750,1750,1750,16,1.0,33,1.4375,1.0,9.789566833761683,0.8965291990167497,0.007948368961846374,1,0.019691572368494503,0.013491934909913052,0.5097297297297297,0.08461490732988754,0.07060497259094586,0.027639941330340877,0.013858996574628104,0.48527027027027025,0.03709723571245434,-0.34019291943580726
fm_ct2_zip2,54,1,1750,1750,1750,16,1.0,33,1.4375,1.0,10.330024679292887,0.9031909392421433,0.018455590068345268,1,0.037849528989364015,0.013116396001609312,0.6047297297297298,0.5014763956707561,0.04111717406960239,0.05630511905770928,0.013070291441621265,0.6847297297297297,0.7893594904669865,-0.28332783516473625
fm_ct2_zip2,54,4,1750,1750,7000,16,4.0,33,1.4375,1.0,97.0527291698256,0.957682897646048,0.0011535485832401896,1,0.016052730307875712,0.013383944545685646,0.5431081081081082,0.14252641788575957,0.08403731384471268,0.017206278891115902,0.013481720576926101,0.5764864864864865,0.23777446944781463,-0.2153655817175079
fm_ct2_zip2,54,4,1750,1750,7000,16,4.0,33,1.4375,1.0,52.119078308025166,0.9220008801213448,0.006921566994916854,1,0.021090579389576758,0.013503050947315484,0.5332432432432432,0.16151025927672993,-0.018219020605923224,0.028012146384493612,0.013336526663941988,0.576081081081081,0.3529100445485728,-0.2680911471635353
fm_ct2_zip2,54,4,1750,1750,7000,16,4.0,33,1.4375,1.0,46.54433874112272,0.9140472933317757,0.0006545814105582953,1,0.014951091412381752,0.014034498340053034,0.5378378378378378,0.10778492985687843,-0.11102426336112277,0.015605672822940047,0.013556472675127038,0.5682432432432433,0.1855933425758402,-0.2688523062013189
fm_ct2_zip2,54,4,1750,1750,7000,16,4.0,33,1.4375,1.0,71.155441912734,0.9437798852115504,-0.001291939638197799,0,0.019691572368494503,0.013491934909913052,0.5097297297297297,0.08461490732988754,0.07060497259094586,0.018399632730296704,0.013387973599382489,0.5247297297297298,0.10398189530184196,-0.16052610768603834
fm_ct2_zip2,54,4,1750,1750,7000,16,4.0,33,1.4375,1.0,74.61900893172552,0.945528346870727,0.008666248948247031,1,0.037849528989364015,0.013116396001609312,0.6047297297297298,0.5014763956707561,0.04111717406960239,0.046515777937611046,0.013163765043388925,0.6063513513513514,0.5506306257878365,-0.2908448318034256
fm_ct2_zip2,54,3,1750,1750,5250,16,3.0,33,1.4375,1.0,54.51503019886435,0.9448158394783748,0.002799611282470603,1,0.016052730307875712,0.013383944545685646,0.5431081081081082,0.14252641788575957,0.08403731384471268,0.018852341590346315,0.013834868765936901,0.6177027027027027,0.3108611494368142,-0.4888407922823407
fm_ct2_zip2,54,3,1750,1750,5250,16,3.0,33,1.4375,1.0,57.016137971036144,0.9181243902803975,0.006707182095558865,1,0.021090579389576758,0.013503050947315484,0.5332432432432432,0.16151025927672993,-0.018219020605923224,0.027797761485135623,0.01373995061608386,0.606891891891892,0.38895992127824314,-0.5110816601235546
fm_ct2_zip2,54,3,1750,1750,5250,16,3.0,33,1.4375,1.0,24.063834822153414,0.8463447212427428,0.0004377604789599695,1,0.014951091412381752,0.014034498340053034,0.5378378378378378,0.10778492985687843,-0.11102426336112277,0.015388851891341721,0.014309644386915394,0.5431081081081082,0.09533119377202906,-0.5278938623018801
fm_ct2_zip2,54,3,1750,1750,5250,16,3.0,33,1.4375,1.0,41.23034923192927,0.9270451334265073,-0.00403546362439014,0,0.019691572368494503,0.013491934909913052,0.5097297297297297,0.08461490732988754,0.07060497259094586,0.015656108744104363,0.013956956886063137,0.5037837837837837,-0.005556096821070108,-0.5065717801033811
fm_ct2_zip2,54,3,1750,1750,5250,16,3.0,33,1.4375,1.0,36.72069428006907,0.903599058351926,0.003180149032727647,1,0.037849528989364015,0.013116396001609312,0.6047297297297298,0.5014763956707561,0.04111717406960239,0.04102967802209166,0.01328714043416083,0.6470270270270271,0.6524558578081965,-0.4721508748222358
fm_ct2_zip2,54,1,1750,1750,1750,16,1.0,33,1.4375,1.0,11.622234526263657,0.8781201493499511,0.0039021710265610653,1,0.016052730307875712,0.013383944545685646,0.5431081081081082,0.14252641788575957,0.08403731384471268,0.019954901334436777,0.013366446258516637,0.6172972972972973,0.39879236120379,-0.17072169229632167
fm_ct2_zip2,54,1,1750,1750,1750,16,1.0,33,1.4375,1.0,2.200664549506853,0.545566655958742,0.003484357723738875,1,0.021090579389576758,0.013503050947315484,0.5332432432432432,0.16151025927672993,-0.018219020605923224,0.024574937113315633,0.013335135669130466,0.5797297297297297,0.347440201771845,-0.24506674571568784
fm_ct2_zip2,54,1,1750,1750,1750,16,1.0,33,1.4375,1.0,3.9041425145445903,0.6669171653298076,-0.00017924714660164966,0,0.014951091412381752,0.014034498340053034,0.5378378378378378,0.10778492985687843,-0.11102426336112277,0.014771844265780102,0.01360428467618588,0.5212162162162162,0.11322674009313924,-0.31215105598546145
fm_ct2_zip2,54,1,1750,1750,1750,16,1.0,33,1.4375,1.0,4.340220218022683,0.765748056279043,0.01387372996602565,1,0.019691572368494503,0.013491934909913052,0.5097297297297297,0.08461490732988754,0.07060497259094586,0.03356530233452015,0.013339276962146646,0.5267567567567568,0.20071451320293782,-0.23063780087370567
fm_ct2_zip2,54,1,1750,1750,1750,16,1.0,33,1.4375,1.0,3.127785173276191,0.6786098355303636,0.010320833918991835,1,0.037849528989364015,0.013116396001609312,0.6047297297297298,0.5014763956707561,0.04111717406960239,0.04817036290835585,0.013091950756639947,0.6701351351351351,0.7812880025626392,-0.2870938402099897
fm_ct2_zip2,62,1,1750,1750,1750,16,1.0,71,3.125,1.0,27.70720728767495,0.9625911592329988,-0.006854318238461277,0,0.08265521914810098,0.027711820687552322,0.6704552877392383,0.4164249402514991,0.0426802569915431,0.0758009009096397,0.027079318512319428,0.7058592984518911,0.6705911073187792,-0.09206381485284758
fm_ct2_zip2,62,1,1750,1750,1750,16,1.0,71,3.125,1.0,10.011625563324133,0.8863717306009254,-0.031193965251632358,0,0.12280238472100219,0.02655272744203474,0.7295055196289764,0.7177243868623061,-0.0673446654085581,0.09160841946936983,0.02667919603118603,0.7481873407799333,0.8948760678654006,-0.1490845307180722
fm_ct2_zip2,62,1,1750,1750,1750,16,1.0,71,3.125,1.0,6.152790679830936,0.8363578445057605,0.022704695741748868,1,0.08644947810173038,0.02688968977304392,0.713893787967862,0.5979168065289149,0.06290200753205347,0.10915417384347925,0.02645347376286919,0.7125220458553791,0.8093015860070322,-0.08712796353848785
fm_ct2_zip2,62,1,1750,1750,1750,16,1.0,71,3.125,1.0,2.8847242874819474,0.6510390155080645,-0.007667864285069853,0,0.1061380758070587,0.026426973116042883,0.7729440198576001,0.9103334120082528,-0.0850737730855623,0.09847021152198884,0.026379949983490233,0.799660330524528,1.2209248307830305,-0.21902903583771802
fm_ct2_zip2,62,1,1750,1750,1750,16,1.0,71,3.125,1.0,10.852334479879229,0.9053425043771872,0.014340540871258856,1,0.1205821789017989,0.02625118098981749,0.7901234567901235,0.921650640582213,-0.030231155477744378,0.13492271977305775,0.025921044452656843,0.804363446338755,1.3257034464727453,-0.10016513687944537
fm_ct2_zip2,62,3,1750,1750,5250,16,3.0,71,3.125,1.0,62.66293824500843,0.9505456413664479,0.007581143821550909,1,0.08265521914810098,0.027711820687552322,0.6704552877392383,0.4164249402514991,0.0426802569915431,0.09023636296965189,0.026811045536457405,0.7056633352929649,0.78095287544315,-0.10928375814067819
fm_ct2_zip2,62,3,1750,1750,5250,16,3.0,71,3.125,1.0,67.76426344341405,0.9557284389953198,-0.00931538326227159,0,0.12280238472100219,0.02655272744203474,0.7295055196289764,0.7177243868623061,-0.0673446654085581,0.1134870014587306,0.02623960643664687,0.7688287935201515,1.15890743402034,-0.03716403647556328
fm_ct2_zip2,62,3,1750,1750,5250,16,3.0,71,3.125,1.0,35.406692580921074,0.9055580367929352,0.056080179078427425,1,0.08644947810173038,0.02688968977304392,0.713893787967862,0.5979168065289149,0.06290200753205347,0.1425296571801578,0.02635881730554466,0.711084982689921,0.9258331270573076,0.013062258965234327
fm_ct2_zip2,62,3,1750,1750,5250,16,3.0,71,3.125,1.0,64.57993859734955,0.953532541164143,0.010415796133614708,1,0.1061380758070587,0.026426973116042883,0.7729440198576001,0.9103334120082528,-0.0850737730855623,0.1165538719406734,0.02619601794173029,0.8046900516036319,1.3067724434928496,-0.12233441533658469
fm_ct2_zip2,62,3,1750,1750,5250,16,3.0,71,3.125,1.0,58.435509069434275,0.9471577583956491,0.008103907279439854,1,0.1205821789017989,0.02625118098981749,0.7901234567901235,0.921650640582213,-0.030231155477744378,0.12868608618123875,0.02607787564847979,0.7939120778626951,1.3313198742533459,-0.09228464329177774
fm_ct2_zip2,62,3,1750,1750,5250,16,3.0,71,3.125,1.0,78.68833797606825,0.9617249997391919,0.0038263621085222466,1,0.08265521914810098,0.027711820687552322,0.6704552877392383,0.4164249402514991,0.0426802569915431,0.08648158125662322,0.026926351730865408,0.7124567248024039,0.6691580065666848,0.04139943123263005
fm_ct2_zip2,62,3,1750,1750,5250,16,3.0,71,3.125,1.0,51.81101926240214,0.9259849473389976,-0.021182961359400385,0,0.12280238472100219,0.02655272744203474,0.7295055196289764,0.7177243868623061,-0.0673446654085581,0.1016194233616018,0.026480684918420743,0.7700045724737082,0.939158201406317,-0.042926968085143825
fm_ct2_zip2,62,3,1750,1750,5250,16,3.0,71,3.125,1.0,36.75130984176172,0.9171650206397024,0.02392648043706551,1,0.08644947810173038,0.02688968977304392,0.713893787967862,0.5979168065289149,0.06290200753205347,0.11037595853879589,0.0264646438474378,0.7091253511006598,0.780321915327008,0.04093048850982158
fm_ct2_zip2,62,3,1750,1750,5250,16,3.0,71,3.125,1.0,53.49711011946835,0.9418184385371201,-0.0008281702647070233,0,0.1061380758070587,0.026426973116042883,0.7729440198576001,0.9103334120082528,-0.0850737730855623,0.10530990554235167,0.026225971054903943,0.8059311516101639,1.1128853450964546,-0.050561544246507294
fm_ct2_zip2,62,3,1750,1750,5250,16,3.0,71,3.125,1.0,55.617636112946116,0.9431775260614064,0.005720184331346467,1,0.1205821789017989,0.02625118098981749,0.7901234567901235,0.921650640582213,-0.030231155477744378,0.12630236323314536,0.02592787971961179,0.8034489515970997,1.2353681819831117,-0.033668008516552
fm_ct2_zip2,62,2,1750,1750,3500,16,2.0,71,3.125,1.0,78.62937158305023,0.9745332969145304,0.004361048600161954,1,0.08265521914810098,0.027711820687552322,0.6704552877392383,0.4164249402514991,0.0426802569915431,0.08701626774826293,0.026882898902476565,0.7173558037755569,0.6880306719337035,-0.034245836969495305
fm_ct2_zip2,62,2,1750,1750,3500,16,2.0,71,3.125,1.0,51.88851869353317,0.9609492782615431,0.009004747264467983,1,0.12280238472100219,0.02655272744203474,0.7295055196289764,0.7177243868623061,-0.0673446654085581,0.13180713198547017,0.026322753350376284,0.7609249461101312,1.0019219133457602,-0.029316875668633696
fm_ct2_zip2,62,2,1750,1750,3500,16,2.0,71,3.125,1.0,27.95198405483311,0.9276033432070296,0.04860973735656372,1,0.08644947810173038,0.02688968977304392,0.713893787967862,0.5979168065289149,0.06290200753205347,0.1350592154582941,0.026416088462843476,0.7090600300476844,0.7742664012296674,0.02852287574531213
fm_ct2_zip2,62,2,1750,1750,3500,16,2.0,71,3.125,1.0,63.361085186980226,0.968395976744397,0.005167730375411836,1,0.1061380758070587,0.026426973116042883,0.7729440198576001,0.9103334120082528,-0.0850737730855623,0.11130580618247053,0.026163851188190576,0.7983539094650205,1.1096766146711559,-0.03379899553513212
fm_ct2_zip2,62,2,1750,1750,3500,16,2.0,71,3.125,1.0,36.767225235072544,0.9456029329008955,-0.016534019996973265,0,0.1205821789017989,0.02625118098981749,0.7901234567901235,0.921650640582213,-0.030231155477744378,0.10404815890482563,0.026471222775297714,0.7768632830361225,1.0444964950248208,-0.13997344485878332
fm_ct2_zip2,62,3,1750,1750,5250,16,3.0,71,3.125,1.0,36.821202255003776,0.9185106507049241,-0.008693333941146783,0,0.08265521914810098,0.027711820687552322,0.6704552877392383,0.4164249402514991,0.0426802569915431,0.0739618852069542,0.027037409390806205,0.7182702985172121,0.6723892231299038,0.3950337437713659
fm_ct2_zip2,62,3,1750,1750,5250,16,3.0,71,3.125,1.0,23.99240563137156,0.8677679887211811,-0.030175954067611074,0,0.12280238472100219,0.02655272744203474,0.7295055196289764,0.7177243868623061,-0.0673446654085581,0.09262643065339111,0.02648740354851115,0.7758834672414918,1.0289655550503594,0.28618909200223824
fm_ct2_zip2,62,3,1750,1750,5250,16,3.0,71,3.125,1.0,70.0238260576278,0.9527126837286042,0.05539851793823729,1,0.08644947810173038,0.02688968977304392,0.713893787967862,0.5979168065289149,0.06290200753205347,0.14184799603996767,0.02641781134023891,0.7340779933372527,0.9105935195298946,0.4541632448559078
fm_ct2_zip2,62,3,1750,1750,5250,16,3.0,71,3.125,1.0,29.46386241724174,0.8941062120313685,0.0031028432754586083,1,0.1061380758070587,0.026426973116042883,0.7729440198576001,0.9103334120082528,-0.0850737730855623,0.1092409190825173,0.026290273406136065,0.8059311516101638,1.202991771709034,0.2630007776359686
fm_ct2_zip2,62,3,1750,1750,5250,16,3.0,71,3.125,1.0,26.91194020832498,0.8884158828765769,0.013103124130129512,1,0.1205821789017989,0.02625118098981749,0.7901234567901235,0.921650640582213,-0.030231155477744378,0.1336853030319284,0.026084214820430277,0.8118100463779476,1.2509144272903203,0.321490011572876
fm_ct2_zip2,62,3,1750,1750,5250,16,3.0,71,3.125,1.0,45.707563774324825,0.9342076310334,0.013836217327578351,1,0.08265521914810098,0.027711820687552322,0.6704552877392383,0.4164249402514991,0.0426802569915431,0.09649143647567933,0.0268454941441707,0.6958651773466589,0.6773362875772582,0.029077461642831655
fm_ct2_zip2,62,3,1750,1750,5250,16,3.0,71,3.125,1.0,58.58915095769434,0.9486946410423025,-0.0020580721894478127,0,0.12280238472100219,0.02655272744203474,0.7295055196289764,0.7177243868623061,-0.0673446654085581,0.12074431253155438,0.026186351620149276,0.7783003462015807,1.0998037227962014,-0.10589829683152856
fm_ct2_zip2,62,3,1750,1750,5250,16,3.0,71,3.125,1.0,39.32336717257963,0.9191813375584541,-0.001782912771225137,0,0.08644947810173038,0.02688968977304392,0.713893787967862,0.5979168065289149,0.06290200753205347,0.08466656533050525,0.02658792394917251,0.7074270037232999,0.7738270279253772,0.024382692952892387
fm_ct2_zip2,62,3,1750,1750,5250,16,3.0,71,3.125,1.0,40.56518812284793,0.9242944305183796,0.008555455935367232,1,0.1061380758070587,0.026426973116042883,0.7729440198576001,0.9103334120082528,-0.0850737730855623,0.11469353174242593,0.026165559528918456,0.794761251551375,1.216796916197301,-0.09841922732039222
fm_ct2_zip2,62,3,1750,1750,5250,16,3.0,71,3.125,1.0,29.98268545459309,0.8997751288066238,0.036808739278528485,1,0.1205821789017989,0.02625118098981749,0.7901234567901235,0.921650640582213,-0.030231155477744378,0.15739091818032738,0.025833614828503527,0.8006401463191587,1.2099817385302822,-0.09145434220662466
fm_ct2_zip2,62,2,1750,1750,3500,16,2.0,71,3.125,1.0,67.93522959167245,0.9694017074619239,-0.011571013709539169,0,0.08265521914810098,0.027711820687552322,0.6704552877392383,0.4164249402514991,0.0426802569915431,0.07108420543856181,0.02697846712081481,0.7348618459729571,0.721714410951763,0.2738624833651535
fm_ct2_zip2,62,2,1750,1750,3500,16,2.0,71,3.125,1.0,34.151151786078955,0.9414357087116311,-0.036334493161205655,0,0.12280238472100219,0.02655272744203474,0.7295055196289764,0.7177243868623061,-0.0673446654085581,0.08646789155979653,0.02645894361847696,0.7737931935462798,0.9638866249859631,0.18402902626019602
fm_ct2_zip2,62,2,1750,1750,3500,16,2.0,71,3.125,1.0,21.902955609095617,0.8921726002700308,0.037241438204866875,1,0.08644947810173038,0.02688968977304392,0.713893787967862,0.5979168065289149,0.06290200753205347,0.12369091630659726,0.02661474655975731,0.7251943301326017,0.7929104411849858,0.28179814751172466
fm_ct2_zip2,62,2,1750,1750,3500,16,2.0,71,3.125,1.0,38.6120246700211,0.9478716568225264,-0.005183128102262388,0,0.1061380758070587,0.026426973116042883,0.7729440198576001,0.9103334120082528,-0.0850737730855623,0.10095494770479631,0.026341964786234066,0.7920177673264093,1.179949888425476,0.14435104467818696
fm_ct2_zip2,62,2,1750,1750,3500,16,2.0,71,3.125,1.0,32.46190960961867,0.9319314004692895,-0.006067512630858585,0,0.1205821789017989,0.02625118098981749,0.7901234567901235,0.921650640582213,-0.030231155477744378,0.11451466627094031,0.026187968929325896,0.8050166568685088,1.1575390502555007,0.17319792661098413
fm_ct2_zip2,62,4,1750,1750,7000,16,4.0,71,3.125,1.0,55.42688198991158,0.9259477383956569,-0.0005737436825741515,0,0.08265521914810098,0.027711820687552322,0.6704552877392383,0.4164249402514991,0.0426802569915431,0.08208147546552683,0.026713924061446084,0.7074270037233,0.8353731931853215,0.1481829532255304
fm_ct2_zip2,62,4,1750,1750,7000,16,4.0,71,3.125,1.0,60.20222196198144,0.9300667006831262,0.023735550830940588,1,0.12280238472100219,0.02655272744203474,0.7295055196289764,0.7177243868623061,-0.0673446654085581,0.14653793555194278,0.02620259062861365,0.785877588346724,1.335890669906004,0.07096367916990907
fm_ct2_zip2,62,4,1750,1750,7000,16,4.0,71,3.125,1.0,73.33577242750879,0.9445961084324555,0.02163883747994952,1,0.08644947810173038,0.02688968977304392,0.713893787967862,0.5979168065289149,0.06290200753205347,0.1080883155816799,0.02651741385160645,0.718074335358286,1.0533193032757149,0.13884026750014483
fm_ct2_zip2,62,4,1750,1750,7000,16,4.0,71,3.125,1.0,36.056141854391704,0.8877888732309343,0.005181120297253733,1,0.1061380758070587,0.026426973116042883,0.7729440198576001,0.9103334120082528,-0.0850737730855623,0.11131919610431243,0.026215241114304774,0.7864001567705271,1.3073684159853418,-0.0033190062381390378
fm_ct2_zip2,62,4,1750,1750,7000,16,4.0,71,3.125,1.0,39.311645662663565,0.8975359018905731,0.03150177755216635,1,0.1205821789017989,0.02625118098981749,0.7901234567901235,0.921650640582213,-0.030231155477744378,0.15208395645396525,0.026006579453577795,0.8101770200535632,1.4335238928545218,0.025137523990318388
fm_ct2_zip2,62,1,1750,1750,1750,16,1.0,71,3.125,1.0,6.71385781816223,0.8416692690744147,-0.0029736495047137657,0,0.08265521914810098,0.027711820687552322,0.6704552877392383,0.4164249402514991,0.0426802569915431,0.07968156964338721,0.02700877061714133,0.6820824351688549,0.5546006562186159,0.4224246627040269
fm_ct2_zip2,62,1,1750,1750,1750,16,1.0,71,3.125,1.0,6.012282521267741,0.8334738966842907,-0.03267274445871017,0,0.12280238472100219,0.02655272744203474,0.7295055196289764,0.7177243868623061,-0.0673446654085581,0.09012964026229202,0.026528977033309777,0.7496244039453915,0.8902703861429452,0.32055613999665633
fm_ct2_zip2,62,1,1750,1750,1750,16,1.0,71,3.125,1.0,5.126840278198781,0.7889632807251352,0.05137941219142221,1,0.08644947810173038,0.02688968977304392,0.713893787967862,0.5979168065289149,0.06290200753205347,0.1378288902931526,0.026486118482560685,0.7272192827748383,0.8235067172815647,0.4640634205112626
fm_ct2_zip2,62,1,1750,1750,1750,16,1.0,71,3.125,1.0,4.111796196466575,0.7523798902675489,0.007624492595628807,1,0.1061380758070587,0.026426973116042883,0.7729440198576001,0.9103334120082528,-0.0850737730855623,0.1137625684026875,0.026394639359081356,0.781305114638448,1.010038308071392,0.34336542276710824
fm_ct2_zip2,62,1,1750,1750,1750,16,1.0,71,3.125,1.0,3.935986309998266,0.7459198543108048,0.0056441890017191465,1,0.1205821789017989,0.02625118098981749,0.7901234567901235,0.921650640582213,-0.030231155477744378,0.12622636790351804,0.02619406709171313,0.8046900516036319,1.2698056016068522,0.3988765783286772
fm_ct2_zip2,62,1,1750,1750,1750,16,1.0,71,3.125,1.0,20.0114880456643,0.9499303317409467,-0.0032037023056914055,0,0.08265521914810098,0.027711820687552322,0.6704552877392383,0.4164249402514991,0.0426802569915431,0.07945151684240957,0.027124010178979443,0.7254556143445031,0.6284618353623228,0.10155350631039058
fm_ct2_zip2,62,1,1750,1750,1750,16,1.0,71,3.125,1.0,19.532454814651143,0.9472354585714872,-0.025576882590868794,0,0.12280238472100219,0.02655272744203474,0.7295055196289764,0.7177243868623061,-0.0673446654085581,0.0972255021301334,0.026342823888301965,0.7903847410020248,1.1148010373769512,0.0848553052913419
fm_ct2_zip2,62,1,1750,1750,1750,16,1.0,71,3.125,1.0,5.594662806139809,0.8206683455163604,0.001157375718286488,1,0.08644947810173038,0.02688968977304392,0.713893787967862,0.5979168065289149,0.06290200753205347,0.08760685382001687,0.02668152681834502,0.7074270037233,0.6983288583964237,0.1976794772536427
fm_ct2_zip2,62,1,1750,1750,1750,16,1.0,71,3.125,1.0,7.847054187990266,0.8686686260338612,-0.04274878704680933,0,0.1061380758070587,0.026426973116042883,0.7729440198576001,0.9103334120082528,-0.0850737730855623,0.06338928876024937,0.027132706715011515,0.7293748775230257,0.7309880909529692,0.11550988311147976
fm_ct2_zip2,62,1,1750,1750,1750,16,1.0,71,3.125,1.0,13.702122144236178,0.9252529752954088,-0.032302469223911,0,0.1205821789017989,0.02625118098981749,0.7901234567901235,0.921650640582213,-0.030231155477744378,0.0882797096778879,0.026582399549760414,0.7769286040890978,0.9341777747559575,0.04564181116629736
fm_ct2_zip2,62,2,1750,1750,3500,16,2.0,71,3.125,1.0,53.199111356976516,0.9604054627034287,-0.0019397470275589745,0,0.08265521914810098,0.027711820687552322,0.6704552877392383,0.4164249402514991,0.0426802569915431,0.080715472120542,0.026958585094467538,0.7231693774903651,0.7108668973502571,0.11400786933637748
fm_ct2_zip2,62,2,1750,1750,3500,16,2.0,71,3.125,1.0,53.22511590276011,0.9623883169813756,-0.02491964664818591,0,0.12280238472100219,0.02655272744203474,0.7295055196289764,0.7177243868623061,-0.0673446654085581,0.09788273807281628,0.026337875659479412,0.7935201515448429,1.1320738826406973,0.05906234558748705
fm_ct2_zip2,62,2,1750,1750,3500,16,2.0,71,3.125,1.0,20.382933460984418,0.8919357050439813,-0.009922317827409155,0,0.08644947810173038,0.02688968977304392,0.713893787967862,0.5979168065289149,0.06290200753205347,0.07652716027432123,0.026728756008120483,0.7095825984714873,0.7523875554165683,0.1508278956160392
fm_ct2_zip2,62,2,1750,1750,3500,16,2.0,71,3.125,1.0,15.841978833652087,0.8737320324247386,-0.0397338718251241,0,0.1061380758070587,0.026426973116042883,0.7729440198576001,0.9103334120082528,-0.0850737730855623,0.0664042039819346,0.027054451010119947,0.7508655039519236,0.8257562944402289,0.011619426192739396
fm_ct2_zip2,62,2,1750,1750,3500,16,2.0,71,3.125,1.0,19.550781086913943,0.8939588893905996,-0.025331560335452488,0,0.1205821789017989,0.02625118098981749,0.7901234567901235,0.921650640582213,-0.030231155477744378,0.09525061856634641,0.026387382700396908,0.781305114638448,1.090636421880111,0.00026338899062549893
fm_ct2_zip2,62,1,1750,1750,1750,16,1.0,71,3.125,1.0,9.826529509964528,0.8979314328762595,0.04702337514065283,1,0.08265521914810098,0.027711820687552322,0.6704552877392383,0.4164249402514991,0.0426802569915431,0.1296785942887538,0.026796494266100163,0.6986739826245999,0.5746675578406447,0.1028295203620103
fm_ct2_zip2,62,1,1750,1750,1750,16,1.0,71,3.125,1.0,10.827257615763799,0.9064853287915129,-0.014777248653373043,0,0.12280238472100219,0.02655272744203474,0.7295055196289764,0.7177243868623061,-0.0673446654085581,0.10802513606762915,0.026239567297463552,0.7874452936181331,1.023588560158994,0.08356333454265834
fm_ct2_zip2,62,1,1750,1750,1750,16,1.0,71,3.125,1.0,5.13820988719581,0.8046736173808757,0.0007066026549051169,1,0.08644947810173038,0.02688968977304392,0.713893787967862,0.5979168065289149,0.06290200753205347,0.0871560807566355,0.026816884169501048,0.7067737931935462,0.6098624841291543,0.17370987525663256
fm_ct2_zip2,62,1,1750,1750,1750,16,1.0,71,3.125,1.0,9.55489282195451,0.8805082520763763,-0.002450563436439082,0,0.1061380758070587,0.026426973116042883,0.7729440198576001,0.9103334120082528,-0.0850737730855623,0.10368751237061961,0.02634185750975109,0.7966555620876609,0.9421564484815077,0.040755200682812395
fm_ct2_zip2,62,1,1750,1750,1750,16,1.0,71,3.125,1.0,7.711990162152096,0.8652879895817454,-0.01889406080729515,0,0.1205821789017989,0.02625118098981749,0.7901234567901235,0.921650640582213,-0.030231155477744378,0.10168811809450375,0.02651134552816751,0.7769939251420732,0.8332054000431589,-0.01479576753035257
fm_ct2_zip2,63,3,1750,1750,5250,16,3.0,62,2.6875,1.0,22.537440265193528,0.8648205987319433,0.002686693518534955,1,0.15988769071168396,0.023741030628659284,0.660594715242278,0.5027461658479639,-0.056784791944892714,0.16257438423021892,0.023604976979501136,0.666282669738642,0.7333381505624097,-0.21683683486041455
fm_ct2_zip2,63,3,1750,1750,5250,16,3.0,62,2.6875,1.0,36.149395891142206,0.9169314880599178,0.010127311154330451,1,0.08102408655382164,0.024466770958238872,0.7518179854561164,0.7448135983773106,0.047515000049311806,0.09115139770815209,0.024068123664354374,0.7332421340629275,0.9142581049399343,-0.07434252237391184
fm_ct2_zip2,63,3,1750,1750,5250,16,3.0,62,2.6875,1.0,24.475416582428096,0.8774232277109985,-0.019092882524201146,0,0.07812674875877579,0.026770454547395853,0.640578875368997,0.3232590531856233,-0.13171415106461162,0.05903386623457464,0.024927467380239682,0.7056663546691626,0.6435857449512641,-0.026638699584892435
fm_ct2_zip2,63,3,1750,1750,5250,16,3.0,62,2.6875,1.0,40.28815457843963,0.925533259313148,0.07883263047630384,1,0.11552512837977919,0.023777364023482378,0.8007055943552451,1.0902961873718438,0.039605332638302515,0.19435775885608303,0.023095796178545208,0.8383612931096551,1.5111712314548618,-0.10179524099423624
fm_ct2_zip2,63,3,1750,1750,5250,16,3.0,62,2.6875,1.0,18.490403167853465,0.8376700211465755,-0.026533016155697323,0,0.11988164875071151,0.0238530115700159,0.7721938224494205,0.9158616479239162,0.06971589516550047,0.09334863259501419,0.024011868569871312,0.7456980344157246,0.9670436710391505,-0.13491934594601798
fm_ct2_zip2,63,2,1750,1750,3500,16,2.0,62,2.6875,1.0,20.94215175238366,0.9035621676766001,-0.007143113801115958,0,0.15988769071168396,0.023741030628659284,0.660594715242278,0.5027461658479639,-0.056784791944892714,0.152744576910568,0.02364459317482658,0.669234646122831,0.8224966399322492,-0.22825980253199246
fm_ct2_zip2,63,2,1750,1750,3500,16,2.0,62,2.6875,1.0,15.624059281674718,0.871663563195949,0.016090894259054564,1,0.08102408655382164,0.024466770958238872,0.7518179854561164,0.7448135983773106,0.047515000049311806,0.0971149808128762,0.024076706829359282,0.7414500683994528,0.9772327411992761,-0.1814065397594615
fm_ct2_zip2,63,2,1750,1750,3500,16,2.0,62,2.6875,1.0,16.587401778339885,0.8791821648640208,-0.01783135454084369,0,0.07812674875877579,0.026770454547395853,0.640578875368997,0.3232590531856233,-0.13171415106461162,0.0602953942179321,0.025027339688616916,0.6675786593707251,0.584398916291304,-0.23582520828415293
fm_ct2_zip2,63,2,1750,1750,3500,16,2.0,62,2.6875,1.0,28.04420153877756,0.9193273281239278,0.085347060421224,1,0.11552512837977919,0.023777364023482378,0.8007055943552451,1.0902961873718438,0.039605332638302515,0.2008721888010032,0.023190506642190908,0.8367773057815537,1.5813878738506437,-0.24336352700734434
fm_ct2_zip2,63,2,1750,1750,3500,16,2.0,62,2.6875,1.0,11.286127647228518,0.8210793406621804,0.0027882334600766445,1,0.11988164875071151,0.0238530115700159,0.7721938224494205,0.9158616479239162,0.06971589516550047,0.12266988221078816,0.024062543894457056,0.7539779681762545,1.0326896878460528,-0.218711700651158
fm_ct2_zip2,63,1,1750,1750,1750,16,1.0,62,2.6875,1.0,5.128146362417684,0.8031866457588923,-0.016059241983941208,0,0.15988769071168396,0.023741030628659284,0.660594715242278,0.5027461658479639,-0.056784791944892714,0.14382844872774275,0.023459045164695547,0.6938584491324069,0.7244554421763439,-0.12939315132994195
fm_ct2_zip2,63,1,1750,1750,1750,16,1.0,62,2.6875,1.0,10.280584768447095,0.8868103807711316,0.015357381463567604,1,0.08102408655382164,0.024466770958238872,0.7518179854561164,0.7448135983773106,0.047515000049311806,0.09638146801738924,0.024152078805062926,0.7536899704802361,0.8165677798387687,-0.05421537735034968
fm_ct2_zip2,63,1,1750,1750,1750,16,1.0,62,2.6875,1.0,2.785680292325465,0.48574042117182437,-0.01682872101397196,0,0.07812674875877579,0.026770454547395853,0.640578875368997,0.3232590531856233,-0.13171415106461162,0.06129802774480383,0.02597219656047061,0.6500827993376053,0.4284360833492313,-0.17759757371585363
fm_ct2_zip2,63,1,1750,1750,1750,16,1.0,62,2.6875,1.0,3.5570299067905182,0.5469111731537759,0.008440691683834836,1,0.11552512837977919,0.023777364023482378,0.8007055943552451,1.0902961873718438,0.039605332638302515,0.12396582006361402,0.023492237344147304,0.8259773921808625,1.2870990992023577,-0.0947357061193139
fm_ct2_zip2,63,1,1750,1750,1750,16,1.0,62,2.6875,1.0,4.653896601450887,0.779798030203606,-0.005420688795624545,0,0.11988164875071151,0.0238530115700159,0.7721938224494205,0.9158616479239162,0.06971589516550047,0.11446095995508697,0.023667800922337206,0.7622579019367846,0.9342458314176448,-0.08158645331926946
fm_ct2_zip2,63,1,1750,1750,1750,16,1.0,62,2.6875,1.0,4.009188772866555,0.7313640151879729,0.013972132099752732,1,0.15988769071168396,0.023741030628659284,0.660594715242278,0.5027461658479639,-0.056784791944892714,0.1738598228114367,0.023451579427517952,0.6924184606523147,0.7754938823724382,-0.29105108419604403
fm_ct2_zip2,63,1,1750,1750,1750,16,1.0,62,2.6875,1.0,12.763965845898632,0.9165066452826407,0.007289691765802797,1,0.08102408655382164,0.024466770958238872,0.7518179854561164,0.7448135983773106,0.047515000049311806,0.08831377831962443,0.024673065137199926,0.7369141046871625,0.7888999556567816,-0.23681032852019668
fm_ct2_zip2,63,1,1750,1750,1750,16,1.0,62,2.6875,1.0,2.907857434103482,0.6481890556816611,-0.017964550389951733,0,0.07812674875877579,0.026770454547395853,0.640578875368997,0.3232590531856233,-0.13171415106461162,0.060162198368824055,0.026078009375648217,0.6559867521059832,0.4766342717208215,-0.2616943836285574
fm_ct2_zip2,63,1,1750,1750,1750,16,1.0,62,2.6875,1.0,3.885890736797414,0.7403035991026498,0.04572545472308634,1,0.11552512837977919,0.023777364023482378,0.8007055943552451,1.0902961873718438,0.039605332638302515,0.16125058310286552,0.0234242290898376,0.8224494204046368,1.2779832991159992,-0.2332529397764309
fm_ct2_zip2,63,1,1750,1750,1750,16,1.0,62,2.6875,1.0,4.017308979944236,0.748957887617215,-0.01896333206201492,0,0.11988164875071151,0.0238530115700159,0.7721938224494205,0.9158616479239162,0.06971589516550047,0.1009183166886966,0.024005030350009497,0.763265893872849,1.0157354274028716,-0.19357352016948115
fm_ct2_zip2,63,2,1750,1750,3500,16,2.0,62,2.6875,1.0,18.668837776627566,0.8898276353260336,-0.011157356157333126,0,0.15988769071168396,0.023741030628659284,0.660594715242278,0.5027461658479639,-0.056784791944892714,0.14873033455435083,0.023719054114744693,0.6683706530347757,0.5943056453217567,0.006450849875055636
fm_ct2_zip2,63,2,1750,1750,3500,16,2.0,62,2.6875,1.0,13.564809460609496,0.8524960074842602,0.027447388979732257,1,0.08102408655382164,0.024466770958238872,0.7518179854561164,0.7448135983773106,0.047515000049311806,0.1084714755335539,0.023907986111140655,0.7353301173590612,0.8995392062987487,0.2537248545838808
fm_ct2_zip2,63,2,1750,1750,3500,16,2.0,62,2.6875,1.0,22.93976349016703,0.9103192016685951,-0.014429706098629091,0,0.07812674875877579,0.026770454547395853,0.640578875368997,0.3232590531856233,-0.13171415106461162,0.0636970426601467,0.02503433186803171,0.738642090863273,0.6217679755415105,0.24167799142006202
fm_ct2_zip2,63,2,1750,1750,3500,16,2.0,62,2.6875,1.0,38.19447248402258,0.9460908071099117,0.07949355551191464,1,0.11552512837977919,0.023777364023482378,0.8007055943552451,1.0902961873718438,0.039605332638302515,0.19501868389169383,0.02297163818725473,0.8438332493340053,1.2651394506588487,0.21825851721162096
fm_ct2_zip2,63,2,1750,1750,3500,16,2.0,62,2.6875,1.0,35.15528469584673,0.9403187327471252,0.0015210189138456787,1,0.11988164875071151,0.0238530115700159,0.7721938224494205,0.9158616479239162,0.06971589516550047,0.12140266766455719,0.023766386891030417,0.7716178270573836,1.0667455234018606,0.1878451617982706
fm_ct2_zip2,63,4,1750,1750,7000,16,4.0,62,2.6875,1.0,60.09288395559139,0.9118118589071786,0.0001912967130919263,1,0.15988769071168396,0.023741030628659284,0.660594715242278,0.5027461658479639,-0.056784791944892714,0.1600789874247759,0.023609960705793742,0.6789545683634531,0.7561746778298739,0.32365730065786563
fm_ct2_zip2,63,4,1750,1750,7000,16,4.0,62,2.6875,1.0,32.88518407775848,0.8781551610507037,0.001239065848421747,1,0.08102408655382164,0.024466770958238872,0.7518179854561164,0.7448135983773106,0.047515000049311806,0.08226315240224338,0.024261245850666455,0.7426740586075311,0.889123960241937,0.38919231165739887
fm_ct2_zip2,63,4,1750,1750,7000,16,4.0,62,2.6875,1.0,42.39284804158996,0.8993751422919498,-0.01734832836719233,0,0.07812674875877579,0.026770454547395853,0.640578875368997,0.3232590531856233,-0.13171415106461162,0.06077842039158346,0.024668740321873574,0.7341781265749874,0.7072232465878362,0.5096578775986271
fm_ct2_zip2,63,4,1750,1750,7000,16,4.0,62,2.6875,1.0,83.3995259010425,0.9505572421562155,0.09395563845430627,1,0.11552512837977919,0.023777364023482378,0.8007055943552451,1.0902961873718438,0.039605332638302515,0.20948076683408545,0.02331988794638811,0.8475052199582404,1.4591502101313996,0.437887610378998
fm_ct2_zip2,63,4,1750,1750,7000,16,4.0,62,2.6875,1.0,74.34172589243317,0.9308388881907457,-0.04934076220260493,0,0.11988164875071151,0.0238530115700159,0.7721938224494205,0.9158616479239162,0.06971589516550047,0.07054088654810658,0.0243531257307237,0.7422420620635034,0.9034178933748602,0.3577852314341894
fm_ct2_zip2,63,3,1750,1750,5250,16,3.0,62,2.6875,1.0,40.57293384396401,0.9260379549154383,-0.0053664297295031305,0,0.15988769071168396,0.023741030628659284,0.660594715242278,0.5027461658479639,-0.056784791944892714,0.15452126098218083,0.02359829554594045,0.6816905464756282,0.7731924091273015,0.018666513153206256
fm_ct2_zip2,63,3,1750,1750,5250,16,3.0,62,2.6875,1.0,51.92700678529591,0.9420279204100135,0.013053747286078943,1,0.08102408655382164,0.024466770958238872,0.7518179854561164,0.7448135983773106,0.047515000049311806,0.09407783383990058,0.02404368410083523,0.7416660666714666,1.0282903770610934,0.14976268833890644
fm_ct2_zip2,63,3,1750,1750,5250,16,3.0,62,2.6875,1.0,71.70313801456665,0.9508799594597729,-0.015886372821247656,0,0.07812674875877579,0.026770454547395853,0.640578875368997,0.3232590531856233,-0.13171415106461162,0.06224037593752813,0.024622701932888173,0.7421700626394989,0.7549377780187411,0.2262720120108864
fm_ct2_zip2,63,3,1750,1750,5250,16,3.0,62,2.6875,1.0,61.07162190901252,0.9492894802913662,0.039459259516684275,1,0.11552512837977919,0.023777364023482378,0.8007055943552451,1.0902961873718438,0.039605332638302515,0.15498438789646346,0.023322091202595704,0.8386492908056735,1.455632341918379,0.07418098228968101
fm_ct2_zip2,63,3,1750,1750,5250,16,3.0,62,2.6875,1.0,39.153396275435085,0.9233755967714334,-0.047159959034289975,0,0.11988164875071151,0.0238530115700159,0.7721938224494205,0.9158616479239162,0.06971589516550047,0.07272168971642154,0.02424177189140647,0.7508819929440564,0.9931265348400502,0.04103672611933419
fm_ct2_zip2,63,2,1750,1750,3500,16,2.0,62,2.6875,1.0,19.078248067612364,0.8939153810161229,-0.03916780615534518,0,0.15988769071168396,0.023741030628659284,0.660594715242278,0.5027461658479639,-0.056784791944892714,0.12071988455633878,0.023848164097485372,0.639858881128951,0.5516719015131871,0.2937182240967333
fm_ct2_zip2,63,2,1750,1750,3500,16,2.0,62,2.6875,1.0,21.535384491394336,0.9048088764563482,-0.004862765801073463,0,0.08102408655382164,0.024466770958238872,0.7518179854561164,0.7448135983773106,0.047515000049311806,0.07616132075274817,0.024371580693204626,0.7044423644610843,0.7096503110634556,0.44390328953736125
fm_ct2_zip2,63,2,1750,1750,3500,16,2.0,62,2.6875,1.0,20.4076248916124,0.9008605350888528,-0.014817924053297182,0,0.07812674875877579,0.026770454547395853,0.640578875368997,0.3232590531856233,-0.13171415106461162,0.0633088247054786,0.02486737764720621,0.7122903016775864,0.5537199362972595,0.5144499692204678
fm_ct2_zip2,63,2,1750,1750,3500,16,2.0,62,2.6875,1.0,31.95471407608847,0.9367128653697321,0.07590776189600687,1,0.11552512837977919,0.023777364023482378,0.8007055943552451,1.0902961873718438,0.039605332638302515,0.19143289027578606,0.02319808120392212,0.8377852977176182,1.1548488505109433,0.5215591779028874
fm_ct2_zip2,63,2,1750,1750,3500,16,2.0,62,2.6875,1.0,16.905375260292217,0.8812281365397777,-0.04755481662040825,0,0.11988164875071151,0.0238530115700159,0.7721938224494205,0.9158616479239162,0.06971589516550047,0.07232683213030326,0.02435978541160465,0.7374901000791994,0.8457238332790805,0.3824132356837858
fm_ct2_zip2,63,1,1750,1750,1750,16,1.0,62,2.6875,1.0,1.5546883541489724,0.3482774552676643,0.010817330640357226,1,0.15988769071168396,0.023741030628659284,0.660594715242278,0.5027461658479639,-0.056784791944892714,0.1707050213520412,0.023360583121536913,0.6778745770033839,0.661772140953542,-0.04295578989383884
fm_ct2_zip2,63,1,1750,1750,1750,16,1.0,62,2.6875,1.0,3.7301259816460375,0.7048001539338458,0.02300471146335277,1,0.08102408655382164,0.024466770958238872,0.7518179854561164,0.7448135983773106,0.047515000049311806,0.1040287980171744,0.024065173614525464,0.7499460004319966,0.8195496319952948,0.0731560634161996
fm_ct2_zip2,63,1,1750,1750,1750,16,1.0,62,2.6875,1.0,7.409065550361897,0.8624693888254009,-0.011635775880021057,0,0.07812674875877579,0.026770454547395853,0.640578875368997,0.3232590531856233,-0.13171415106461162,0.06649097287875473,0.02507743167647552,0.6862985096119231,0.5284572433988933,0.04596655088361081
fm_ct2_zip2,63,1,1750,1750,1750,16,1.0,62,2.6875,1.0,1.4432160758500896,0.23649858965249027,0.008218536488560496,1,0.11552512837977919,0.023777364023482378,0.8007055943552451,1.0902961873718438,0.039605332638302515,0.12374366486833968,0.023649144700723164,0.8252573979408164,1.17629362387192,0.042090244590433666
fm_ct2_zip2,63,1,1750,1750,1750,16,1.0,62,2.6875,1.0,4.565893761086593,0.7240162076936545,-0.048298018425863315,0,0.11988164875071151,0.0238530115700159,0.7721938224494205,0.9158616479239162,0.06971589516550047,0.0715836303248482,0.024259895773743455,0.7448340413276694,0.8369814488431647,0.07913885759265168
fm_ct2_zip2,63,3,1750,1750,5250,16,3.0,62,2.6875,1.0,20.355527488694893,0.8526055493317758,-0.036402096684646015,0,0.15988769071168396,0.023741030628659284,0.660594715242278,0.5027461658479639,-0.056784791944892714,0.12348559402703795,0.023577954649305226,0.6865865073079416,0.831616703378676,-0.11818272108366336
fm_ct2_zip2,63,3,1750,1750,5250,16,3.0,62,2.6875,1.0,39.416968483722684,0.8971787785624249,0.023153729636426146,1,0.08102408655382164,0.024466770958238872,0.7518179854561164,0.7448135983773106,0.047515000049311806,0.10417781619024778,0.024008266691452586,0.7271941824465404,0.891028361273162,0.009272136875665278
fm_ct2_zip2,63,3,1750,1750,5250,16,3.0,62,2.6875,1.0,43.88739871248324,0.8881554286404738,-0.00675084094994724,0,0.07812674875877579,0.026770454547395853,0.640578875368997,0.3232590531856233,-0.13171415106461162,0.07137590780882855,0.02473526429670588,0.6744906040751673,0.6368189847715086,-0.042317920926422274
fm_ct2_zip2,63,3,1750,1750,5250,16,3.0,62,2.6875,1.0,27.53793011942502,0.8886728518198257,0.05867263097723566,1,0.11552512837977919,0.023777364023482378,0.8007055943552451,1.0902961873718438,0.039605332638302515,0.17419775935701484,0.023205998864991972,0.8391532867737058,1.4147922096255474,-0.10935079628333985
fm_ct2_zip2,63,3,1750,1750,5250,16,3.0,62,2.6875,1.0,26.186366071091836,0.8840007827856486,-0.01435874232947422,0,0.11988164875071151,0.0238530115700159,0.7721938224494205,0.9158616479239162,0.06971589516550047,0.1055229064212373,0.023934066644804897,0.7685218518251854,1.207255842821952,-0.029139802267684797
fm_ct2_zip2,63,4,1750,1750,7000,16,4.0,62,2.6875,1.0,58.63580003634115,0.9293961830433586,0.002033608235654877,1,0.15988769071168396,0.023741030628659284,0.660594715242278,0.5027461658479639,-0.056784791944892714,0.16192129894733884,0.023402599720816313,0.6878824969400245,0.8087682982997441,0.3458389742987247
fm_ct2_zip2,63,4,1750,1750,7000,16,4.0,62,2.6875,1.0,76.41513288011257,0.9468202042249878,0.028535964059986207,1,0.08102408655382164,0.024466770958238872,0.7518179854561164,0.7448135983773106,0.047515000049311806,0.10956005061380784,0.024041597653374335,0.7447620419036647,0.9756016998592845,0.414307956684047
fm_ct2_zip2,63,4,1750,1750,7000,16,4.0,62,2.6875,1.0,95.62416663133989,0.9170782606865222,-0.012341439406586316,0,0.07812674875877579,0.026770454547395853,0.640578875368997,0.3232590531856233,-0.13171415106461162,0.06578530935218947,0.024605645518890763,0.7107063143494852,0.6838823795165142,0.375078634012525
fm_ct2_zip2,63,4,1750,1750,7000,16,4.0,62,2.6875,1.0,129.0088580230838,0.9626741651390909,0.08623754771035408,1,0.11552512837977919,0.023777364023482378,0.8007055943552451,1.0902961873718438,0.039605332638302515,0.20176267609013326,0.02348991423342952,0.8599611203110374,1.4840416145429804,0.4492299483765059
fm_ct2_zip2,63,4,1750,1750,7000,16,4.0,62,2.6875,1.0,82.88389865101507,0.9483408814355282,-0.0036552320584190695,0,0.11988164875071151,0.0238530115700159,0.7721938224494205,0.9158616479239162,0.06971589516550047,0.11622641669229244,0.02398647328606888,0.7755777953776369,1.1608506896505792,0.4169219553996921
fm_ct2_zip2,63,1,1750,1750,1750,16,1.0,62,2.6875,1.0,8.739055918783375,0.8823742112408691,3.6212582726791176e-05,1,0.15988769071168396,0.023741030628659284,0.660594715242278,0.5027461658479639,-0.056784791944892714,0.15992390329441075,0.023526089153975367,0.6733386132910937,0.6272908335729378,0.18186611496808308
fm_ct2_zip2,63,1,1750,1750,1750,16,1.0,62,2.6875,1.0,7.689113644384394,0.8530354444576939,0.020491822407577326,1,0.08102408655382164,0.024466770958238872,0.7518179854561164,0.7448135983773106,0.047515000049311806,0.10151590896139896,0.024021919156314207,0.7584419324645403,0.9403065737398937,0.27059872518088185
fm_ct2_zip2,63,1,1750,1750,1750,16,1.0,62,2.6875,1.0,9.90604020078749,0.8947887026279404,-0.012583280013584233,0,0.07812674875877579,0.026770454547395853,0.640578875368997,0.3232590531856233,-0.13171415106461162,0.06554346874519155,0.024765284593710517,0.6754985960112319,0.5133122543755934,0.1727170973914847
fm_ct2_zip2,63,1,1750,1750,1750,16,1.0,62,2.6875,1.0,36.37210039422297,0.9717363688646585,0.027628799235226403,1,0.11552512837977919,0.023777364023482378,0.8007055943552451,1.0902961873718438,0.039605332638302515,0.1431539276150056,0.023699470384599845,0.8117215062279501,1.1886286901048018,0.19595078168284613
fm_ct2_zip2,63,1,1750,1750,1750,16,1.0,62,2.6875,1.0,8.089503698417825,0.8726214475124867,-0.04860513995090611,0,0.11988164875071151,0.0238530115700159,0.7721938224494205,0.9158616479239162,0.06971589516550047,0.0712765087998054,0.024294586788594717,0.7369861041111672,0.8010726101321188,0.17201082157899594
fm_ct2_zip2,65,3,1750,1750,5250,16,3.0,66,2.875,1.0,62.057724460541124,0.9513636447941044,-0.03026447188768258,0,0.10829565002107518,0.025313308548975528,0.7241780821917809,0.719300377087551,0.026173223788726097,0.0780311781333926,0.025562727977240827,0.7510958904109588,0.8090860433366607,0.25378775839315926
fm_ct2_zip2,65,3,1750,1750,5250,16,3.0,66,2.875,1.0,37.65399967423146,0.9176863606775922,-0.024696043077559487,0,0.1894185022956271,0.024183573058978093,0.7842465753424657,1.090527614725374,0.005307555345014023,0.1647224592180676,0.024508646649053636,0.7892465753424658,0.9690122143115144,0.20262159266205937
fm_ct2_zip2,65,3,1750,1750,5250,16,3.0,66,2.875,1.0,65.96038259996763,0.9544844757986507,-0.01415123503141133,0,0.09662968315906464,0.02536583816531181,0.7383561643835617,0.7319234519932942,-0.04025335689960704,0.08247844812765331,0.02581063982730949,0.7636301369863013,0.7178507300845803,0.16690427073826233
fm_ct2_zip2,65,3,1750,1750,5250,16,3.0,66,2.875,1.0,39.80670408357129,0.924629974204986,-0.03436746718942034,0,0.14559826332762862,0.02505410028377469,0.6476027397260273,0.41898082177710994,0.11843055628368564,0.11123079613820828,0.025179969181382277,0.759041095890411,0.9486035238018046,0.27606060692472434
fm_ct2_zip2,65,3,1750,1750,5250,16,3.0,66,2.875,1.0,49.751339679578734,0.9374003036100059,-0.011003807674568128,0,0.11836111547668192,0.025014959010786982,0.7466438356164383,0.8433300665408544,0.06558258989707343,0.10735730780211379,0.025122967068172963,0.7447945205479451,0.8415725904702422,0.21063810816356388
fm_ct2_zip2,65,2,1750,1750,3500,16,2.0,66,2.875,1.0,59.25306063018738,0.9617116566358702,-0.0020755312179295965,0,0.10829565002107518,0.025313308548975528,0.7241780821917809,0.719300377087551,0.026173223788726097,0.10622011880314558,0.025446835361868363,0.7577397260273973,0.8443609645457324,0.6505753362863832
fm_ct2_zip2,65,2,1750,1750,3500,16,2.0,66,2.875,1.0,49.51315553399512,0.9589787235428741,0.01588407991074428,1,0.1894185022956271,0.024183573058978093,0.7842465753424657,1.090527614725374,0.005307555345014023,0.20530258220637138,0.024734339035427128,0.7888356164383562,0.9701501853520583,0.6112859439132364
fm_ct2_zip2,65,2,1750,1750,3500,16,2.0,66,2.875,1.0,24.177205643490637,0.9164105232740307,-0.010975797323942299,0,0.09662968315906464,0.02536583816531181,0.7383561643835617,0.7319234519932942,-0.04025335689960704,0.08565388583512235,0.02554227715407428,0.7686986301369862,0.7652109793897149,0.5689235465885446
fm_ct2_zip2,65,2,1750,1750,3500,16,2.0,66,2.875,1.0,15.944185833169005,0.8693777966390217,-0.016204346703497213,0,0.14559826332762862,0.02505410028377469,0.6476027397260273,0.41898082177710994,0.11843055628368564,0.1293939166241314,0.02528007514225965,0.748835616438356,0.848987065765042,0.7191540540992596
fm_ct2_zip2,65,2,1750,1750,3500,16,2.0,66,2.875,1.0,31.69677345406373,0.9356993900429622,-0.0002842209117161626,0,0.11836111547668192,0.025014959010786982,0.7466438356164383,0.8433300665408544,0.06558258989707343,0.11807689456496576,0.02528327151006729,0.7558219178082192,0.8992147689810422,0.590761157978885
fm_ct2_zip2,65,3,1750,1750,5250,16,3.0,66,2.875,1.0,32.731537764801544,0.9076778723884216,-0.014608490309431926,0,0.10829565002107518,0.025313308548975528,0.7241780821917809,0.719300377087551,0.026173223788726097,0.09368715971164325,0.025311615092819408,0.7440410958904109,0.9502041360053691,0.02898030082047103
fm_ct2_zip2,65,3,1750,1750,5250,16,3.0,66,2.875,1.0,36.23577860393793,0.9171275901637864,-0.03598518267557177,0,0.1894185022956271,0.024183573058978093,0.7842465753424657,1.090527614725374,0.005307555345014023,0.15343331962005533,0.024741147553704688,0.7988356164383562,1.1653147262220893,0.012754294179881059
fm_ct2_zip2,65,3,1750,1750,5250,16,3.0,66,2.875,1.0,16.180438413672718,0.8137443321355173,-0.02400737839501338,0,0.09662968315906464,0.02536583816531181,0.7383561643835617,0.7319234519932942,-0.04025335689960704,0.07262230476405127,0.025452291451052246,0.7669178082191781,1.0500609233406057,-0.018076954034802983
fm_ct2_zip2,65,3,1750,1750,5250,16,3.0,66,2.875,1.0,33.06496251482489,0.9090949927249559,-0.002745699878535568,0,0.14559826332762862,0.02505410028377469,0.6476027397260273,0.41898082177710994,0.11843055628368564,0.14285256344909306,0.02493558304644376,0.783972602739726,1.3675510690085433,0.07571089712551846
fm_ct2_zip2,65,3,1750,1750,5250,16,3.0,66,2.875,1.0,22.822377364352047,0.8666353213728346,0.002391949123015366,1,0.11836111547668192,0.025014959010786982,0.7466438356164383,0.8433300665408544,0.06558258989707343,0.12075306459969729,0.025228143856308644,0.7644520547945205,0.9925912837880665,0.02200735854419518
fm_ct2_zip2,65,1,1750,1750,1750,16,1.0,66,2.875,1.0,1.6206887136631745,0.34604463595582724,-0.03322024017013442,0,0.10829565002107518,0.025313308548975528,0.7241780821917809,0.719300377087551,0.026173223788726097,0.07507540985094076,0.025584042213338837,0.7063698630136986,0.6290505302478323,0.24344284628746837
fm_ct2_zip2,65,1,1750,1750,1750,16,1.0,66,2.875,1.0,8.464204661242633,0.8757155808833907,-0.019974122960292884,0,0.1894185022956271,0.024183573058978093,0.7842465753424657,1.090527614725374,0.005307555345014023,0.1694443793353342,0.024608189725774863,0.8067123287671233,1.091997299410587,0.23158923987521196
fm_ct2_zip2,65,1,1750,1750,1750,16,1.0,66,2.875,1.0,17.414286694905186,0.9392768586447311,-0.014685546516441036,0,0.09662968315906464,0.02536583816531181,0.7383561643835617,0.7319234519932942,-0.04025335689960704,0.08194413664262361,0.02553754035715748,0.7358219178082192,0.7112990310440194,0.32964681236243165
fm_ct2_zip2,65,1,1750,1750,1750,16,1.0,66,2.875,1.0,9.036958761314327,0.8890523655100631,0.004370710280125506,1,0.14559826332762862,0.02505410028377469,0.6476027397260273,0.41898082177710994,0.11843055628368564,0.14996897360775413,0.025076818878648783,0.7179452054794521,0.8041684104380189,0.35927110213660396
fm_ct2_zip2,65,1,1750,1750,1750,16,1.0,66,2.875,1.0,30.34289518276084,0.9670361601246806,0.05817743394024817,1,0.11836111547668192,0.025014959010786982,0.7466438356164383,0.8433300665408544,0.06558258989707343,0.1765385494169301,0.02479309944237312,0.7710958904109589,0.9136328588970415,0.3948142438051793
fm_ct2_zip2,65,3,1750,1750,5250,16,3.0,66,2.875,1.0,37.8749842020477,0.9198880357103301,-0.030150429066695614,0,0.10829565002107518,0.025313308548975528,0.7241780821917809,0.719300377087551,0.026173223788726097,0.07814522095437956,0.025477525626185313,0.7313013698630136,0.8246847489898003,0.17868144505242928
fm_ct2_zip2,65,3,1750,1750,5250,16,3.0,66,2.875,1.0,50.83386869079327,0.9394739877692277,-0.03918937619828408,0,0.1894185022956271,0.024183573058978093,0.7842465753424657,1.090527614725374,0.005307555345014023,0.150229126097343,0.02486313898976961,0.7946575342465753,1.1628281204157882,0.1396642192149894
fm_ct2_zip2,65,3,1750,1750,5250,16,3.0,66,2.875,1.0,29.95650120554238,0.8987763023581319,-0.03407872137005448,0,0.09662968315906464,0.02536583816531181,0.7383561643835617,0.7319234519932942,-0.04025335689960704,0.06255096178901016,0.025680271829320665,0.722945205479452,0.7853476618274882,0.17642853015789192
fm_ct2_zip2,65,3,1750,1750,5250,16,3.0,66,2.875,1.0,48.33744043119354,0.9379042768990207,-0.010586748315393107,0,0.14559826332762862,0.02505410028377469,0.6476027397260273,0.41898082177710994,0.11843055628368564,0.13501151501223552,0.025037099932747307,0.7951369863013699,1.3638337437694168,0.2676138833310534
fm_ct2_zip2,65,3,1750,1750,5250,16,3.0,66,2.875,1.0,36.2551265792312,0.9167152616383585,-0.005208510068687583,0,0.11836111547668192,0.025014959010786982,0.7466438356164383,0.8433300665408544,0.06558258989707343,0.11315260540799434,0.025359698842187178,0.7387671232876712,0.8490777122708646,0.11680343503357464
fm_ct2_zip2,65,3,1750,1750,5250,16,3.0,66,2.875,1.0,33.28963037783744,0.9090974476312415,-0.025680598059548962,0,0.10829565002107518,0.025313308548975528,0.7241780821917809,0.719300377087551,0.026173223788726097,0.08261505196152621,0.02542456011589193,0.7608219178082192,0.9609390506363499,0.13136063733804196
fm_ct2_zip2,65,3,1750,1750,5250,16,3.0,66,2.875,1.0,24.30592299803773,0.873252492863376,-0.0007037108464396646,0,0.1894185022956271,0.024183573058978093,0.7842465753424657,1.090527614725374,0.005307555345014023,0.18871479144918743,0.024400163690010544,0.8048630136986301,1.175292642823096,0.0658258403810986
fm_ct2_zip2,65,3,1750,1750,5250,16,3.0,66,2.875,1.0,34.68615013355047,0.9092010152750946,-0.007114205958401967,0,0.09662968315906464,0.02536583816531181,0.7383561643835617,0.7319234519932942,-0.04025335689960704,0.08951547720066268,0.025318665140645197,0.7676027397260274,0.9550101876065528,0.064877096268339
fm_ct2_zip2,65,3,1750,1750,5250,16,3.0,66,2.875,1.0,32.9715267691909,0.9090120733453912,0.052734967599695315,1,0.14559826332762862,0.02505410028377469,0.6476027397260273,0.41898082177710994,0.11843055628368564,0.19833323092732394,0.024609888768859823,0.7966438356164385,1.263382116528976,0.18532363966418233
fm_ct2_zip2,65,3,1750,1750,5250,16,3.0,66,2.875,1.0,18.96289560381853,0.8417953566751519,0.014558068898984741,1,0.11836111547668192,0.025014959010786982,0.7466438356164383,0.8433300665408544,0.06558258989707343,0.13291918437566666,0.02498224528532657,0.7733561643835616,1.0539370636150858,0.0648111290591208
fm_ct2_zip2,65,3,1750,1750,5250,16,3.0,66,2.875,1.0,33.601988381346146,0.9063388899195643,-0.03541393410317657,0,0.10829565002107518,0.025313308548975528,0.7241780821917809,0.719300377087551,0.026173223788726097,0.0728817159178986,0.025465809683753678,0.7595890410958903,0.9916194178934564,0.21005154895603687
fm_ct2_zip2,65,3,1750,1750,5250,16,3.0,66,2.875,1.0,39.487900666723796,0.9239728150080042,-0.017407197965697813,0,0.1894185022956271,0.024183573058978093,0.7842465753424657,1.090527614725374,0.005307555345014023,0.17201130432992928,0.024737655584608404,0.7965753424657533,1.1904467604222222,0.14033534935322278
fm_ct2_zip2,65,3,1750,1750,5250,16,3.0,66,2.875,1.0,26.885283227377286,0.8869960811073545,-0.02392491577623357,0,0.09662968315906464,0.02536583816531181,0.7383561643835617,0.7319234519932942,-0.04025335689960704,0.07270476738283108,0.02549224421279251,0.7693835616438356,1.0350041026313095,0.1356958183108544
fm_ct2_zip2,65,3,1750,1750,5250,16,3.0,66,2.875,1.0,38.614517948971056,0.9213847944942848,0.010559444637876753,1,0.14559826332762862,0.02505410028377469,0.6476027397260273,0.41898082177710994,0.11843055628368564,0.15615770796550538,0.02493942112696216,0.7875342465753424,1.3853295271346142,0.24273570400384983
fm_ct2_zip2,65,3,1750,1750,5250,16,3.0,66,2.875,1.0,40.02876940198287,0.9217396588001838,-0.03355548311043405,0,0.11836111547668192,0.025014959010786982,0.7466438356164383,0.8433300665408544,0.06558258989707343,0.08480563236624787,0.02544268295986321,0.7493835616438357,0.8666834471123911,0.13395787973685477
fm_ct2_zip2,65,4,1750,1750,7000,16,4.0,66,2.875,1.0,83.625652435602,0.9521573448301248,-0.04603591094590297,0,0.10829565002107518,0.025313308548975528,0.7241780821917809,0.719300377087551,0.026173223788726097,0.0622597390751722,0.025633462551292355,0.7375342465753425,0.8599662909134057,0.16083967015465772
fm_ct2_zip2,65,4,1750,1750,7000,16,4.0,66,2.875,1.0,68.75927487753236,0.9411851013591463,-0.02240892774002115,0,0.1894185022956271,0.024183573058978093,0.7842465753424657,1.090527614725374,0.005307555345014023,0.16700957455560594,0.02481122034343296,0.7984931506849315,1.1897604171693759,0.06921737961539473
fm_ct2_zip2,65,4,1750,1750,7000,16,4.0,66,2.875,1.0,32.45792148125313,0.8761184411085066,-0.018392570427852,0,0.09662968315906464,0.02536583816531181,0.7383561643835617,0.7319234519932942,-0.04025335689960704,0.07823711273121264,0.0253963342121688,0.7672602739726027,1.0166062175318442,0.04561359342541503
fm_ct2_zip2,65,4,1750,1750,7000,16,4.0,66,2.875,1.0,64.92603141688618,0.9383538267041132,0.04119052283793245,1,0.14559826332762862,0.02505410028377469,0.6476027397260273,0.41898082177710994,0.11843055628368564,0.18678878616556108,0.02472999969392523,0.7975342465753424,1.4171275381222943,0.13843670122210525
fm_ct2_zip2,65,4,1750,1750,7000,16,4.0,66,2.875,1.0,52.841947194861135,0.9142059109595972,0.03282860674234177,1,0.11836111547668192,0.025014959010786982,0.7466438356164383,0.8433300665408544,0.06558258989707343,0.1511897222190237,0.025027532487486258,0.7662328767123286,1.0459987991899153,0.038014122658252394
fm_ct2_zip2,65,1,1750,1750,1750,16,1.0,66,2.875,1.0,12.610943805377811,0.9206790316040069,0.011625315898383018,1,0.10829565002107518,0.025313308548975528,0.7241780821917809,0.719300377087551,0.026173223788726097,0.1199209659194582,0.025379476458087667,0.7162328767123287,0.8606258041273201,-0.2085094809392305
fm_ct2_zip2,65,1,1750,1750,1750,16,1.0,66,2.875,1.0,19.03887309704404,0.9463320593358096,0.0425984340223948,1,0.1894185022956271,0.024183573058978093,0.7842465753424657,1.090527614725374,0.005307555345014023,0.2320169363180219,0.02373711153495608,0.7907534246575343,1.2801241184610783,-0.16605034912845495
fm_ct2_zip2,65,1,1750,1750,1750,16,1.0,66,2.875,1.0,8.608149072306556,0.8819263104314308,0.0007316288295008411,1,0.09662968315906464,0.02536583816531181,0.7383561643835617,0.7319234519932942,-0.04025335689960704,0.09736131198856549,0.02541275458776615,0.7478082191780822,0.8871711898049327,-0.16981006196380632
fm_ct2_zip2,65,1,1750,1750,1750,16,1.0,66,2.875,1.0,13.768740214833059,0.9272599282589139,0.024535908545297774,1,0.14559826332762862,0.02505410028377469,0.6476027397260273,0.41898082177710994,0.11843055628368564,0.1701341718729264,0.024808581868745724,0.6834246575342466,0.72792330464909,-0.11991125165098046
fm_ct2_zip2,65,1,1750,1750,1750,16,1.0,66,2.875,1.0,21.224858133881455,0.9521290195579938,0.014959201996335034,1,0.11836111547668192,0.025014959010786982,0.7466438356164383,0.8433300665408544,0.06558258989707343,0.13332031747301695,0.02478055634657441,0.7799315068493151,1.147811853856708,-0.12253419833094485
fm_ct2_zip2,65,4,1750,1750,7000,16,4.0,66,2.875,1.0,74.42215988807442,0.9274116070910641,-0.044070509437356034,0,0.10829565002107518,0.025313308548975528,0.7241780821917809,0.719300377087551,0.026173223788726097,0.06422514058371914,0.025560098094132223,0.7516438356164383,1.1372816659869989,0.10691560160007343
fm_ct2_zip2,65,4,1750,1750,7000,16,4.0,66,2.875,1.0,94.75384146321157,0.9492219061393847,-0.029387866487222053,0,0.1894185022956271,0.024183573058978093,0.7842465753424657,1.090527614725374,0.005307555345014023,0.16003063580840504,0.024969825336964235,0.7923972602739726,1.4620955088724374,0.17686922419128195
fm_ct2_zip2,65,4,1750,1750,7000,16,4.0,66,2.875,1.0,63.5895924065374,0.9298307805794894,-0.008048272591599417,0,0.09662968315906464,0.02536583816531181,0.7383561643835617,0.7319234519932942,-0.04025335689960704,0.08858141056746523,0.025358289434980367,0.7723972602739726,1.2437394853890447,0.10466168239432015
fm_ct2_zip2,65,4,1750,1750,7000,16,4.0,66,2.875,1.0,50.53420369576713,0.9179377837884974,0.01351392497105236,1,0.14559826332762862,0.02505410028377469,0.6476027397260273,0.41898082177710994,0.11843055628368564,0.15911218829868098,0.025097381668914495,0.7702054794520548,1.5083643446889088,0.14611567209068965
fm_ct2_zip2,65,4,1750,1750,7000,16,4.0,66,2.875,1.0,81.52083744186969,0.9319909741479123,-0.019495735379996826,0,0.11836111547668192,0.025014959010786982,0.7466438356164383,0.8433300665408544,0.06558258989707343,0.0988653800966851,0.025324403285318677,0.7654109589041096,1.20449001402339,0.14851900908071844
fm_ct2_zip2,65,1,1750,1750,1750,16,1.0,66,2.875,1.0,6.379103221274207,0.843238109856176,-0.02045604382442548,0,0.10829565002107518,0.025313308548975528,0.7241780821917809,0.719300377087551,0.026173223788726097,0.0878396061966497,0.0255341022929638,0.7379452054794521,0.769796177574434,0.17164552955012394
fm_ct2_zip2,65,1,1750,1750,1750,16,1.0,66,2.875,1.0,5.062497443822298,0.7996887383534684,0.004443520842175697,1,0.1894185022956271,0.024183573058978093,0.7842465753424657,1.090527614725374,0.005307555345014023,0.1938620231378028,0.024346738595662703,0.7781506849315067,1.0725299700452102,0.19044146635687334
fm_ct2_zip2,65,1,1750,1750,1750,16,1.0,66,2.875,1.0,8.04291209158217,0.8745281473199598,-0.012883088681652402,0,0.09662968315906464,0.02536583816531181,0.7383561643835617,0.7319234519932942,-0.04025335689960704,0.08374659447741224,0.025491792623708945,0.7586301369863013,0.7895348233000419,0.16746305138760287
fm_ct2_zip2,65,1,1750,1750,1750,16,1.0,66,2.875,1.0,4.65981372982556,0.7843947123857478,-0.020474978013677092,0,0.14559826332762862,0.02505410028377469,0.6476027397260273,0.41898082177710994,0.11843055628368564,0.12512328531395153,0.024965297956413585,0.7437671232876713,0.8318685709445391,0.34209471568923666
fm_ct2_zip2,65,1,1750,1750,1750,16,1.0,66,2.875,1.0,4.745575492451914,0.7874867968818745,-0.03000676090871761,0,0.11836111547668192,0.025014959010786982,0.7466438356164383,0.8433300665408544,0.06558258989707343,0.08835435456796431,0.025374581759561442,0.7361643835616438,0.7936803882217373,0.18326681071591858
fm_ct2_zip2,65,1,1750,1750,1750,16,1.0,66,2.875,1.0,10.356829121924992,0.900881060397849,-0.028059540526190516,0,0.10829565002107518,0.025313308548975528,0.7241780821917809,0.719300377087551,0.026173223788726097,0.08023610949488466,0.025617218556893178,0.7669178082191781,0.9077376566178875,-0.014655508621161
fm_ct2_zip2,65,1,1750,1750,1750,16,1.0,66,2.875,1.0,3.7923910122331277,0.7352805908515938,-0.004735441228836984,0,0.1894185022956271,0.024183573058978093,0.7842465753424657,1.090527614725374,0.005307555345014023,0.1846830610667901,0.02429422917249109,0.7927397260273973,1.1876255460643812,-0.0178148357945139
fm_ct2_zip2,65,1,1750,1750,1750,16,1.0,66,2.875,1.0,3.800312679687419,0.7346417855418605,-0.0038228862722511497,0,0.09662968315906464,0.02536583816531181,0.7383561643835617,0.7319234519932942,-0.04025335689960704,0.0928067968868135,0.02534178629692053,0.7596575342465753,0.8694611978025182,-0.06534557601497312
fm_ct2_zip2,65,1,1750,1750,1750,16,1.0,66,2.875,1.0,4.268318352338361,0.7655714636928821,0.03131562914397337,1,0.14559826332762862,0.02505410028377469,0.6476027397260273,0.41898082177710994,0.11843055628368564,0.176913892471602,0.024609850834576008,0.7136301369863014,0.8881268071793889,0.05976307952122715
fm_ct2_zip2,65,1,1750,1750,1750,16,1.0,66,2.875,1.0,4.805986991556912,0.7918883608032469,0.03801535867856566,1,0.11836111547668192,0.025014959010786982,0.7466438356164383,0.8433300665408544,0.06558258989707343,0.15637647415524758,0.024692575968011585,0.7792465753424658,1.2183743876392894,0.04479022735828285
fm_ct2_zip2,70,3,1750,1750,5250,16,3.0,112,4.875,1.0,26.627950007867085,0.8873347307679943,0.012189843251703775,1,0.09305652463524361,0.043004003787737596,0.7083059480775551,0.7962727845205987,0.097359856787987,0.10524636788694738,0.04235111479966657,0.7543131777850806,1.0102884154060467,0.20207741308056287
fm_ct2_zip2,70,3,1750,1750,5250,16,3.0,112,4.875,1.0,34.965244231803574,0.914199936891379,-0.004209438901736223,0,0.1107374526477952,0.04238588572642413,0.7335277686493591,0.8809035779823758,-0.002328187707604569,0.10652801374605898,0.042518910882091414,0.7274893197502466,0.8673999186229486,0.22896050823402503
fm_ct2_zip2,70,3,1750,1750,5250,16,3.0,112,4.875,1.0,27.298059002685928,0.8901001392122447,0.00587456789039513,1,0.07599306927080988,0.044483857965267354,0.6579033848176141,0.5037384131184892,-0.04449162674374689,0.08186763716120501,0.043132393860164604,0.6892868879395334,0.7038814056691982,0.15013463863762727
fm_ct2_zip2,70,3,1750,1750,5250,16,3.0,112,4.875,1.0,31.690543350554407,0.9043604223339092,-0.008412250952880923,0,0.09395765441649487,0.044103375520806204,0.6936000657246137,0.6203561207535353,-0.08228391426434117,0.08554540346361394,0.04324406568904,0.691628327308577,0.7005528952490053,0.09836193659885699
fm_ct2_zip2,70,3,1750,1750,5250,16,3.0,112,4.875,1.0,30.15595102811985,0.8957917277082776,-0.007234871815750971,0,0.08068966787952211,0.04432189632227439,0.6799622083470259,0.5854072892844807,-0.07727052401103249,0.07345479606377114,0.04393415661953019,0.6685425566874794,0.5749372352913661,0.09207022071462746
fm_ct2_zip2,70,1,1750,1750,1750,16,1.0,112,4.875,1.0,3.533134209056958,0.6624831187309692,0.02331662629243804,1,0.09305652463524361,0.043004003787737596,0.7083059480775551,0.7962727845205987,0.097359856787987,0.11637315092768165,0.042048872999477474,0.7578458757804798,1.0583589093308092,0.2107120912355678
fm_ct2_zip2,70,1,1750,1750,1750,16,1.0,112,4.875,1.0,14.359574964015163,0.8870795222015884,-0.003206305133859874,0,0.1107374526477952,0.04238588572642413,0.7335277686493591,0.8809035779823758,-0.002328187707604569,0.10753114751393533,0.0426464402032982,0.7176717055537299,0.7538366538400887,0.21518397747137488
fm_ct2_zip2,70,1,1750,1750,1750,16,1.0,112,4.875,1.0,4.618595089349743,0.7827132495670964,0.007208965768636097,1,0.07599306927080988,0.044483857965267354,0.6579033848176141,0.5037384131184892,-0.04449162674374689,0.08320203503944598,0.04341543996892765,0.6643936904370686,0.5810441475839712,0.13312568966347338
fm_ct2_zip2,70,1,1750,1750,1750,16,1.0,112,4.875,1.0,11.143379962382362,0.9068371304814736,-0.005222631464907951,0,0.09395765441649487,0.044103375520806204,0.6936000657246137,0.6203561207535353,-0.08228391426434117,0.08873502295158692,0.04350578739303908,0.6944216233979625,0.6371279397711089,0.0742645537755
fm_ct2_zip2,70,1,1750,1750,1750,16,1.0,112,4.875,1.0,2.702736623750118,0.6279985648909439,-0.004915045472210916,0,0.08068966787952211,0.04432189632227439,0.6799622083470259,0.5854072892844807,-0.07727052401103249,0.0757746224073112,0.04422245015785963,0.6691998028261583,0.5322539865498953,0.054597449697131595
fm_ct2_zip2,70,2,1750,1750,3500,16,2.0,112,4.875,1.0,20.293012632289425,0.901390349232505,0.0233762171094668,1,0.09305652463524361,0.043004003787737596,0.7083059480775551,0.7962727845205987,0.097359856787987,0.11643274174471041,0.04254778450222455,0.7748931975024647,1.0062048567685913,0.42528151685213156
fm_ct2_zip2,70,2,1750,1750,3500,16,2.0,112,4.875,1.0,54.66211381384622,0.9618307592040718,0.010413365339710545,1,0.1107374526477952,0.04238588572642413,0.7335277686493591,0.8809035779823758,-0.002328187707604569,0.12115081798750575,0.04221267062126908,0.7167269142293788,0.7999605557470678,0.290683204096895
fm_ct2_zip2,70,2,1750,1750,3500,16,2.0,112,4.875,1.0,28.303023839542842,0.9292495026625628,0.01014912966711437,1,0.07599306927080988,0.044483857965267354,0.6579033848176141,0.5037384131184892,-0.04449162674374689,0.08614219893792426,0.04344208643900648,0.6773743016759777,0.5906639663631591,0.32416824899769786
fm_ct2_zip2,70,2,1750,1750,3500,16,2.0,112,4.875,1.0,14.551732983906284,0.8619219557595169,0.0034540636561866678,1,0.09395765441649487,0.044103375520806204,0.6936000657246137,0.6203561207535353,-0.08228391426434117,0.09741171807268154,0.04306052725814182,0.7123315806769636,0.6819205876620882,0.3105886693322813
fm_ct2_zip2,70,2,1750,1750,3500,16,2.0,112,4.875,1.0,10.805216575067245,0.7528360307314809,0.001671825949151301,1,0.08068966787952211,0.04432189632227439,0.6799622083470259,0.5854072892844807,-0.07727052401103249,0.08236149382867342,0.04363850740783448,0.6847272428524482,0.603205198491712,0.25673050663147723
fm_ct2_zip2,70,1,1750,1750,1750,16,1.0,112,4.875,1.0,10.047874634254772,0.9001093709004866,0.0038930578375888925,1,0.09305652463524361,0.043004003787737596,0.7083059480775551,0.7962727845205987,0.097359856787987,0.0969495824728325,0.04331393401719892,0.7271196187972395,0.8210727235950775,0.0010930575352408746
fm_ct2_zip2,70,1,1750,1750,1750,16,1.0,112,4.875,1.0,12.124604777611733,0.9173763082463136,0.03455829029686115,1,0.1107374526477952,0.04238588572642413,0.7335277686493591,0.8809035779823758,-0.002328187707604569,0.14529574294465636,0.041668163798273684,0.7511091028590208,0.9608109988251329,-0.07533065789980914
fm_ct2_zip2,70,1,1750,1750,1750,16,1.0,112,4.875,1.0,2.9243396908377113,0.6463748137169095,0.011445571376455646,1,0.07599306927080988,0.044483857965267354,0.6579033848176141,0.5037384131184892,-0.04449162674374689,0.08743864064726553,0.043261341504449255,0.6755257969109432,0.6417146161793301,-0.030098311760874887
fm_ct2_zip2,70,1,1750,1750,1750,16,1.0,112,4.875,1.0,3.2947582069321664,0.6891461030420413,0.002432392941711492,1,0.09395765441649487,0.044103375520806204,0.6936000657246137,0.6203561207535353,-0.08228391426434117,0.09639004735820636,0.04485650820556045,0.6818928688793953,0.556870696119171,-0.15442919093418572
fm_ct2_zip2,70,1,1750,1750,1750,16,1.0,112,4.875,1.0,5.7757119273759905,0.7716348426695776,0.005826262517640082,1,0.08068966787952211,0.04432189632227439,0.6799622083470259,0.5854072892844807,-0.07727052401103249,0.0865159303971622,0.04361641976276876,0.6713769306605324,0.6333915480926824,-0.0869435646339099
fm_ct2_zip2,70,4,1750,1750,7000,16,4.0,112,4.875,1.0,36.80811360740287,0.891308491546756,0.012222314479832103,1,0.09305652463524361,0.043004003787737596,0.7083059480775551,0.7962727845205987,0.097359856787987,0.10527883911507571,0.0426470745648243,0.7408396319421623,0.8500431386681302,0.43467580893293983
fm_ct2_zip2,70,4,1750,1750,7000,16,4.0,112,4.875,1.0,31.02213931534988,0.8681495575118325,0.001147238098977807,1,0.1107374526477952,0.04238588572642413,0.7335277686493591,0.8809035779823758,-0.002328187707604569,0.11188469074677301,0.042456095592948925,0.7368139993427538,0.8603521684824872,0.3519428003499986
fm_ct2_zip2,70,4,1750,1750,7000,16,4.0,112,4.875,1.0,72.34959266787816,0.901870696500036,0.03236555295521888,1,0.07599306927080988,0.044483857965267354,0.6579033848176141,0.5037384131184892,-0.04449162674374689,0.10835862222602877,0.04290132632857035,0.7122494249096286,0.6790382360684954,0.3841613478124209
fm_ct2_zip2,70,4,1750,1750,7000,16,4.0,112,4.875,1.0,69.399794449011,0.9422081966723599,-0.0038868971229787663,0,0.09395765441649487,0.044103375520806204,0.6936000657246137,0.6203561207535353,-0.08228391426434117,0.0900707572935161,0.043119636173938575,0.6986115675320408,0.6527761551641176,0.3404292820867931
fm_ct2_zip2,70,4,1750,1750,7000,16,4.0,112,4.875,1.0,50.653816857837555,0.9076157728925904,0.02513647865267224,1,0.08068966787952211,0.04432189632227439,0.6799622083470259,0.5854072892844807,-0.07727052401103249,0.10582614653219435,0.04308366537755994,0.6895333552415379,0.6276722339797343,0.3045770497198206
fm_ct2_zip2,70,1,1750,1750,1750,16,1.0,112,4.875,1.0,12.766693510001634,0.9216677383355194,0.02815036009851056,1,0.09305652463524361,0.043004003787737596,0.7083059480775551,0.7962727845205987,0.097359856787987,0.12120688473375417,0.04221809795613507,0.7500410778836675,0.9912327650193725,0.3357029991276002
fm_ct2_zip2,70,1,1750,1750,1750,16,1.0,112,4.875,1.0,8.841636857540529,0.8847609087083785,0.0011580058212885408,1,0.1107374526477952,0.04238588572642413,0.7335277686493591,0.8809035779823758,-0.002328187707604569,0.11189545846908375,0.042815711132669576,0.7118797239566217,0.7734168906460244,0.25520331376210265
fm_ct2_zip2,70,1,1750,1750,1750,16,1.0,112,4.875,1.0,13.026061736833114,0.9186348319486175,0.0018060852506603386,1,0.07599306927080988,0.044483857965267354,0.6579033848176141,0.5037384131184892,-0.04449162674374689,0.07779915452147022,0.04431863300022667,0.6690354912914886,0.4879204320443627,0.2712014959649291
fm_ct2_zip2,70,1,1750,1750,1750,16,1.0,112,4.875,1.0,5.581982807193255,0.8130183805072622,0.0013443023151908928,1,0.09395765441649487,0.044103375520806204,0.6936000657246137,0.6203561207535353,-0.08228391426434117,0.09530195673168576,0.043710680116424136,0.6915050936575747,0.5701501989581196,0.3025125672388387
fm_ct2_zip2,70,1,1750,1750,1750,16,1.0,112,4.875,1.0,5.932680953213177,0.8246464358034025,-0.0070836361920283,0,0.08068966787952211,0.04432189632227439,0.6799622083470259,0.5854072892844807,-0.07727052401103249,0.07360603168749381,0.043966842296481755,0.6587249424909628,0.5270656598459316,0.1925637310261319
fm_ct2_zip2,70,2,1750,1750,3500,16,2.0,112,4.875,1.0,17.74966859829119,0.8872561005563006,0.013903369973221336,1,0.09305652463524361,0.043004003787737596,0.7083059480775551,0.7962727845205987,0.097359856787987,0.10695989460846494,0.04227953761256035,0.7499178442326652,0.9577201028654653,0.21318260241526066
fm_ct2_zip2,70,2,1750,1750,3500,16,2.0,112,4.875,1.0,78.77956869845787,0.9744969832091179,-0.016225864998775735,0,0.1107374526477952,0.04238588572642413,0.7335277686493591,0.8809035779823758,-0.002328187707604569,0.09451158764901947,0.04291072861544874,0.7117154124219521,0.6886125192054352,0.1147180762336896
fm_ct2_zip2,70,2,1750,1750,3500,16,2.0,112,4.875,1.0,30.63048276839578,0.9217673921201515,0.01728731304070398,1,0.07599306927080988,0.044483857965267354,0.6579033848176141,0.5037384131184892,-0.04449162674374689,0.09328038231151387,0.04312952787682362,0.7117975681892869,0.6636590215028993,0.1267135265219428
fm_ct2_zip2,70,2,1750,1750,3500,16,2.0,112,4.875,1.0,40.567486289400804,0.9505192410467249,-0.002817748336855025,0,0.09395765441649487,0.044103375520806204,0.6936000657246137,0.6203561207535353,-0.08228391426434117,0.09113990607963984,0.04289174997406703,0.6940108445612883,0.7184374757625415,0.13192238377142357
fm_ct2_zip2,70,2,1750,1750,3500,16,2.0,112,4.875,1.0,20.844450199571973,0.8953737332967302,0.008501844077822743,1,0.08068966787952211,0.04432189632227439,0.6799622083470259,0.5854072892844807,-0.07727052401103249,0.08919151195734486,0.0437723325826527,0.6754025632599409,0.5741465754196504,0.07074563172003097
fm_ct2_zip2,70,3,1750,1750,5250,16,3.0,112,4.875,1.0,65.57338566075984,0.9536679448745242,0.03504747008830325,1,0.09305652463524361,0.043004003787737596,0.7083059480775551,0.7962727845205987,0.097359856787987,0.12810399472354686,0.041903904418614434,0.7793296089385475,1.169096908505532,0.4176668251087772
fm_ct2_zip2,70,3,1750,1750,5250,16,3.0,112,4.875,1.0,86.84405015602752,0.9625223503700568,-0.004235092031592461,0,0.1107374526477952,0.04238588572642413,0.7335277686493591,0.8809035779823758,-0.002328187707604569,0.10650236061620275,0.042360724553353414,0.7403466973381532,0.9268909225086914,0.28308597689121656
fm_ct2_zip2,70,3,1750,1750,5250,16,3.0,112,4.875,1.0,42.004539278846174,0.9158332956977409,0.017703062264037506,1,0.07599306927080988,0.044483857965267354,0.6579033848176141,0.5037384131184892,-0.04449162674374689,0.09369613153484739,0.042794279135153074,0.7046089385474861,0.7206472420799829,0.27662428212115525
fm_ct2_zip2,70,3,1750,1750,5250,16,3.0,112,4.875,1.0,56.04143384951401,0.9421505978024569,-0.008673379334184966,0,0.09395765441649487,0.044103375520806204,0.6936000657246137,0.6203561207535353,-0.08228391426434117,0.0852842750823099,0.04306569497779615,0.7031301347354585,0.7184936059142186,0.3386171403634259
fm_ct2_zip2,70,3,1750,1750,5250,16,3.0,112,4.875,1.0,21.890652712337918,0.8616789667755997,0.011354376405282807,1,0.08068966787952211,0.04432189632227439,0.6799622083470259,0.5854072892844807,-0.07727052401103249,0.09204404428480492,0.0429619009007966,0.6886296418008544,0.7230835654618715,0.2737613403693914
fm_ct2_zip2,70,2,1750,1750,3500,16,2.0,112,4.875,1.0,9.288126641031285,0.7846429959556531,0.023396478118208067,1,0.09305652463524361,0.043004003787737596,0.7083059480775551,0.7962727845205987,0.097359856787987,0.11645300275345168,0.04226479849379374,0.7455635885639171,1.019159126966484,0.4116025016014717
fm_ct2_zip2,70,2,1750,1750,3500,16,2.0,112,4.875,1.0,15.899395572032304,0.8735095933465713,-0.00277559027676548,0,0.1107374526477952,0.04238588572642413,0.7335277686493591,0.8809035779823758,-0.002328187707604569,0.10796186237102973,0.04247353920675844,0.7465905356556031,0.9516760185218053,0.34817177086974005
fm_ct2_zip2,70,2,1750,1750,3500,16,2.0,112,4.875,1.0,22.57728633475363,0.9075119173684383,0.02598860240031335,1,0.07599306927080988,0.044483857965267354,0.6579033848176141,0.5037384131184892,-0.04449162674374689,0.10198167167112324,0.042729541988358495,0.6961879723956621,0.7505205740743874,0.3850852067483306
fm_ct2_zip2,70,2,1750,1750,3500,16,2.0,112,4.875,1.0,23.484875853114588,0.9139969657350635,-0.008068308088589105,0,0.09395765441649487,0.044103375520806204,0.6936000657246137,0.6203561207535353,-0.08228391426434117,0.08588934632790576,0.042974965895265484,0.6835359842260927,0.7244570498239797,0.3343611708952065
fm_ct2_zip2,70,2,1750,1750,3500,16,2.0,112,4.875,1.0,13.962206004920287,0.8385252697580203,0.021780082286406127,1,0.08068966787952211,0.04432189632227439,0.6799622083470259,0.5854072892844807,-0.07727052401103249,0.10246975016592824,0.04296350195805655,0.6880134735458429,0.7229309957749391,0.27431559048123016
fm_ct2_zip2,70,1,1750,1750,1750,16,1.0,112,4.875,1.0,9.06226525169048,0.8851311231536452,0.03679621192892149,1,0.09305652463524361,0.043004003787737596,0.7083059480775551,0.7962727845205987,0.097359856787987,0.1298527365641651,0.04212290758206585,0.7712372658560631,1.004679350462992,0.31427233025168244
fm_ct2_zip2,70,1,1750,1750,1750,16,1.0,112,4.875,1.0,8.584926241409338,0.8829825617722176,-0.008864388450751173,0,0.1107374526477952,0.04238588572642413,0.7335277686493591,0.8809035779823758,-0.002328187707604569,0.10187306419704403,0.04287580909496297,0.7014459415050937,0.7276573979098359,0.20594165260082375
fm_ct2_zip2,70,1,1750,1750,1750,16,1.0,112,4.875,1.0,8.924490488810086,0.8869420205936882,0.02658574308091101,1,0.07599306927080988,0.044483857965267354,0.6579033848176141,0.5037384131184892,-0.04449162674374689,0.1025788123517209,0.043010109634870446,0.6979953992770292,0.6566563249952418,0.18020700133227963
fm_ct2_zip2,70,1,1750,1750,1750,16,1.0,112,4.875,1.0,7.227934452464352,0.8615649091873838,-0.014670222809260974,0,0.09395765441649487,0.044103375520806204,0.6936000657246137,0.6203561207535353,-0.08228391426434117,0.0792874316072339,0.04369842968350912,0.6809891554387117,0.5475051867894095,0.2100541716266522
fm_ct2_zip2,70,1,1750,1750,1750,16,1.0,112,4.875,1.0,8.672303229761997,0.8823058437694042,0.025788192340599522,1,0.08068966787952211,0.04432189632227439,0.6799622083470259,0.5854072892844807,-0.07727052401103249,0.10647786022012164,0.04281358256302252,0.6860828130134735,0.6740691016841405,0.25468917411710157
fm_ct2_zip2,70,1,1750,1750,1750,16,1.0,112,4.875,1.0,7.131578528628323,0.8550721700882924,0.01835071223950606,1,0.09305652463524361,0.043004003787737596,0.7083059480775551,0.7962727845205987,0.097359856787987,0.11140723687474967,0.04243222400658447,0.734924416694052,1.0079555720441167,0.26534143291677953
fm_ct2_zip2,70,1,1750,1750,1750,16,1.0,112,4.875,1.0,3.698403464835137,0.7268599879327025,-0.009743302823830735,0,0.1107374526477952,0.04238588572642413,0.7335277686493591,0.8809035779823758,-0.002328187707604569,0.10099414982396447,0.042932613598964775,0.7212044035491292,0.8125547130642976,0.1749347962904604
fm_ct2_zip2,70,1,1750,1750,1750,16,1.0,112,4.875,1.0,6.530567515559233,0.8468294136724617,0.028749800972638975,1,0.07599306927080988,0.044483857965267354,0.6579033848176141,0.5037384131184892,-0.04449162674374689,0.10474287024344886,0.04244004084652964,0.7215741045021361,0.8589199012433337,0.18148720748253727
fm_ct2_zip2,70,1,1750,1750,1750,16,1.0,112,4.875,1.0,1.9691212772598792,0.45928071736070675,-0.004845876099820179,0,0.09395765441649487,0.044103375520806204,0.6936000657246137,0.6203561207535353,-0.08228391426434117,0.08911177831667469,0.04350683742386002,0.7142211633256654,0.7015791163033058,0.10569659629802895
fm_ct2_zip2,70,1,1750,1750,1750,16,1.0,112,4.875,1.0,6.50241545810773,0.84259014586473,0.015094889908923506,1,0.08068966787952211,0.04432189632227439,0.6799622083470259,0.5854072892844807,-0.07727052401103249,0.09578455778844562,0.042784658642186266,0.6964755175813342,0.8021722555665304,0.11363342404185046
fm_ct2_zip2,70,1,1750,1750,1750,16,1.0,112,4.875,1.0,3.7152191781784123,0.7305510936703152,0.020491048059478587,1,0.09305652463524361,0.043004003787737596,0.7083059480775551,0.7962727845205987,0.097359856787987,0.1135475726947222,0.042516125999839754,0.7349654945777193,0.9704635341204653,0.42602997005934423
fm_ct2_zip2,70,1,1750,1750,1750,16,1.0,112,4.875,1.0,1.227492877730652,0.17381675928697912,0.014951368210304114,1,0.1107374526477952,0.04238588572642413,0.7335277686493591,0.8809035779823758,-0.002328187707604569,0.12568882085809932,0.04221890661050007,0.7338153138350312,0.9236386772254391,0.3220289413935764
fm_ct2_zip2,70,1,1750,1750,1750,16,1.0,112,4.875,1.0,1.6743980824637124,0.3845981385388493,0.0030114158645244415,1,0.07599306927080988,0.044483857965267354,0.6579033848176141,0.5037384131184892,-0.04449162674374689,0.07900448513533433,0.043768774024431724,0.6729789681235623,0.5803673318098012,0.2652085736728347
fm_ct2_zip2,70,1,1750,1750,1750,16,1.0,112,4.875,1.0,0.41371289826919655,0.0,0.003332104854775489,1,0.09395765441649487,0.044103375520806204,0.6936000657246137,0.6203561207535353,-0.08228391426434117,0.09728975927127036,0.043332395692882185,0.6788941833716727,0.6295794570420493,0.24229615560639978
fm_ct2_zip2,70,1,1750,1750,1750,16,1.0,112,4.875,1.0,3.1120374348441326,0.49953364644675813,0.005963041098920152,1,0.08068966787952211,0.04432189632227439,0.6799622083470259,0.5854072892844807,-0.07727052401103249,0.08665270897844227,0.043054038417943495,0.6831662832730858,0.7128344437552879,0.35677860736409156
fm_ct2_zip2,75,1,1750,1750,1750,16,1.0,89,3.875,1.0,22.07964739002076,0.9545728741227626,-0.015454923397673237,0,0.11027755272423062,0.03410573994932136,0.7414579171149019,0.9284362257850226,0.06166381569364925,0.09482262932655738,0.03414719991453148,0.7387428922698631,0.8496404062851547,0.49158013983310506
fm_ct2_zip2,75,1,1750,1750,1750,16,1.0,89,3.875,1.0,35.08838225988511,0.9706108144030394,-0.014967186420357423,0,0.09568253427961043,0.03439708000235916,0.6899748988269043,0.6883444420317941,-0.03324901547996559,0.08071534785925301,0.03477036003474978,0.674606833666308,0.48814692902298135,0.35995785623794113
fm_ct2_zip2,75,1,1750,1750,1750,16,1.0,89,3.875,1.0,6.1757931838405575,0.7843346246934526,0.008601869108223692,1,0.0665528641968848,0.03464538414736847,0.6691767839762306,0.6443279384891603,0.07227545714426943,0.0751547333051085,0.03463275464962227,0.6387992418421187,0.3967881982926729,0.5340002541585639
fm_ct2_zip2,75,1,1750,1750,1750,16,1.0,89,3.875,1.0,5.867261067298127,0.8289833160202329,0.002583229731232428,1,0.05900444253011278,0.03503799981456881,0.6351109062035756,0.47794344137680816,0.07167925664163362,0.061587672261345205,0.03487591636701081,0.636391578300292,0.39585544611209356,0.4775967993834805
fm_ct2_zip2,75,1,1750,1750,1750,16,1.0,89,3.875,1.0,7.652400946009573,0.8683696770743377,-0.004395131848043465,0,0.1274881387698102,0.033490309147588826,0.7883817427385892,1.208888674513596,0.024925949072180806,0.12309300692176672,0.03355252860788021,0.7844884995645715,1.0893521237142565,0.36806772455377024
fm_ct2_zip2,75,4,1750,1750,7000,16,4.0,89,3.875,1.0,92.40115346750667,0.9498637212262873,0.054946081130526375,1,0.11027755272423062,0.03410573994932136,0.7414579171149019,0.9284362257850226,0.06166381569364925,0.165223633854757,0.033176186145452355,0.7709133753393782,1.385750748438744,0.02354274402353187
fm_ct2_zip2,75,4,1750,1750,7000,16,4.0,89,3.875,1.0,85.91091888083457,0.9434675746976984,0.012927275610070205,1,0.09568253427961043,0.03439708000235916,0.6899748988269043,0.6883444420317941,-0.03324901547996559,0.10860980988968064,0.03418202946056955,0.7076481737615901,0.8788495208293876,-0.02679843688147024
fm_ct2_zip2,75,4,1750,1750,7000,16,4.0,89,3.875,1.0,56.202463686054216,0.9209843421387462,0.012595917426108855,1,0.0665528641968848,0.03464538414736847,0.6691767839762306,0.6443279384891603,0.07227545714426943,0.07914878162299366,0.034322715762342845,0.6514010552738076,0.7714058784914668,0.04262328337407998
fm_ct2_zip2,75,4,1750,1750,7000,16,4.0,89,3.875,1.0,59.185710668618555,0.932345935097894,0.050306215856150194,1,0.05900444253011278,0.03503799981456881,0.6351109062035756,0.47794344137680816,0.07167925664163362,0.10931065838626297,0.034177424713893165,0.6650274063828697,0.8178236999352935,0.05719877528764845
fm_ct2_zip2,75,4,1750,1750,7000,16,4.0,89,3.875,1.0,70.04601364999681,0.9279731705948782,0.0006920783683055376,1,0.1274881387698102,0.033490309147588826,0.7883817427385892,1.208888674513596,0.024925949072180806,0.12818021713811573,0.03347872087413482,0.7472977818759285,1.2770893781568486,0.010907197911518793
fm_ct2_zip2,75,3,1750,1750,5250,16,3.0,89,3.875,1.0,37.32655127828852,0.9168405249560642,0.045441557923710824,1,0.11027755272423062,0.03410573994932136,0.7414579171149019,0.9284362257850226,0.06166381569364925,0.15571911064794144,0.03308175702906395,0.7987295732800573,1.2375202792752158,0.21832536946476885
fm_ct2_zip2,75,3,1750,1750,5250,16,3.0,89,3.875,1.0,55.16875406020261,0.9454092783868722,0.0016557565756206288,1,0.09568253427961043,0.03439708000235916,0.6899748988269043,0.6883444420317941,-0.03324901547996559,0.09733829085523106,0.03406649890509586,0.7250653142769324,0.7891738069309218,0.1412275180169463
fm_ct2_zip2,75,3,1750,1750,5250,16,3.0,89,3.875,1.0,57.27540202276955,0.9441742285688604,0.028719326956474056,1,0.0665528641968848,0.03464538414736847,0.6691767839762306,0.6443279384891603,0.07227545714426943,0.09527219115335886,0.03421559312327006,0.6901285794785104,0.695015655255159,0.3111023804609868
fm_ct2_zip2,75,3,1750,1750,5250,16,3.0,89,3.875,1.0,39.324651917434636,0.9229672602596203,0.024808653856875196,1,0.05900444253011278,0.03503799981456881,0.6351109062035756,0.47794344137680816,0.07167925664163362,0.08381309638698797,0.03438322814770461,0.6560627017058551,0.5741650986021511,0.22126733285547348
fm_ct2_zip2,75,3,1750,1750,5250,16,3.0,89,3.875,1.0,25.59967616980065,0.8557016759647837,0.013910323636431993,1,0.1274881387698102,0.033490309147588826,0.7883817427385892,1.208888674513596,0.024925949072180806,0.14139846240624218,0.03324941174433044,0.7857179447774192,1.0579982436209898,0.2297130568922467
fm_ct2_zip2,75,1,1750,1750,1750,16,1.0,89,3.875,1.0,2.8344208518106067,0.6457903875597981,0.052096402542923165,1,0.11027755272423062,0.03410573994932136,0.7414579171149019,0.9284362257850226,0.06166381569364925,0.16237395526715379,0.03306834266630606,0.7782900466164643,1.3216807759594114,0.017838875457494883
fm_ct2_zip2,75,1,1750,1750,1750,16,1.0,89,3.875,1.0,7.951749882108312,0.8567794788319849,-0.008518142986906452,0,0.09568253427961043,0.03439708000235916,0.6899748988269043,0.6883444420317941,-0.03324901547996559,0.08716439129270398,0.034923624294858104,0.6876696890528149,0.6364570732547356,-0.16952343156890878
fm_ct2_zip2,75,1,1750,1750,1750,16,1.0,89,3.875,1.0,5.701010728856886,0.8004168704457958,0.0166718930825875,1,0.0665528641968848,0.03464538414736847,0.6691767839762306,0.6443279384891603,0.07227545714426943,0.0832247572794723,0.03439169857094721,0.6326520157778802,0.5232043760129003,0.04761605093406629
fm_ct2_zip2,75,1,1750,1750,1750,16,1.0,89,3.875,1.0,11.629924402500112,0.9138893428163406,-0.000491902818004139,0,0.05900444253011278,0.03503799981456881,0.6351109062035756,0.47794344137680816,0.07167925664163362,0.05851253971210864,0.03508729186144852,0.6451001485579632,0.48727504680413103,-0.04567420614027984
fm_ct2_zip2,75,1,1750,1750,1750,16,1.0,89,3.875,1.0,10.169751301547793,0.8899324513367024,0.009244762158561431,1,0.1274881387698102,0.033490309147588826,0.7883817427385892,1.208888674513596,0.024925949072180806,0.13673290092837162,0.033313153785496166,0.7796731724809179,1.1164223289816684,-0.0576571771690148
fm_ct2_zip2,75,3,1750,1750,5250,16,3.0,89,3.875,1.0,34.23356645832592,0.912304212825036,0.03892919360015609,1,0.11027755272423062,0.03410573994932136,0.7414579171149019,0.9284362257850226,0.06166381569364925,0.1492067463243867,0.03322567130846244,0.7731673582295989,1.3200149915788466,0.08401407422315373
fm_ct2_zip2,75,3,1750,1750,5250,16,3.0,89,3.875,1.0,66.45307568535686,0.9547929595628415,-0.020431603983843416,0,0.09568253427961043,0.03439708000235916,0.6899748988269043,0.6883444420317941,-0.03324901547996559,0.07525093029576702,0.03434950615891869,0.6907945289688028,0.7790175361177943,0.0424171542875069
fm_ct2_zip2,75,3,1750,1750,5250,16,3.0,89,3.875,1.0,86.48345696260552,0.9549854272887663,0.017874522010619343,1,0.0665528641968848,0.03464538414736847,0.6691767839762306,0.6443279384891603,0.07227545714426943,0.08442738620750415,0.034272654905851456,0.670457456072947,0.7441080883421619,0.16354783433232678
fm_ct2_zip2,75,3,1750,1750,5250,16,3.0,89,3.875,1.0,51.04194453961682,0.9410894818122244,-0.0028798666758202487,0,0.05900444253011278,0.03503799981456881,0.6351109062035756,0.47794344137680816,0.07167925664163362,0.05612457585429253,0.034813919082958195,0.623789764868603,0.4765265557952213,0.06687862664858799
fm_ct2_zip2,75,3,1750,1750,5250,16,3.0,89,3.875,1.0,41.27391094654863,0.9271960833178221,-0.002661193986725277,0,0.1274881387698102,0.033490309147588826,0.7883817427385892,1.208888674513596,0.024925949072180806,0.12482694478308491,0.03360610595272218,0.7708621484555095,1.1725351473474208,0.10393635853318567
fm_ct2_zip2,75,3,1750,1750,5250,16,3.0,89,3.875,1.0,55.00500793995049,0.9442127753742395,0.07784475981104727,1,0.11027755272423062,0.03410573994932136,0.7414579171149019,0.9284362257850226,0.06166381569364925,0.1881223125352779,0.0329259406447369,0.7948875569899083,1.2819354182496099,0.33876935047682305
fm_ct2_zip2,75,3,1750,1750,5250,16,3.0,89,3.875,1.0,40.67963222462624,0.914629773385611,0.024766131286789672,1,0.09568253427961043,0.03439708000235916,0.6899748988269043,0.6883444420317941,-0.03324901547996559,0.1204486655664001,0.03369424594035601,0.7181496849546642,0.8160280506687162,0.2890484235512063
fm_ct2_zip2,75,3,1750,1750,5250,16,3.0,89,3.875,1.0,110.27755964625888,0.9581827629522024,0.023372820226028088,1,0.0665528641968848,0.03464538414736847,0.6691767839762306,0.6443279384891603,0.07227545714426943,0.08992568442291289,0.03433719423338903,0.6828543619691614,0.6040274365122935,0.4834407746950513
fm_ct2_zip2,75,3,1750,1750,5250,16,3.0,89,3.875,1.0,75.50138005821411,0.960111073825386,-0.010731554076064478,0,0.05900444253011278,0.03503799981456881,0.6351109062035756,0.47794344137680816,0.07167925664163362,0.0482728884540483,0.03525133785364213,0.6115977665078633,0.35359538687743053,0.43630904702725154
fm_ct2_zip2,75,3,1750,1750,5250,16,3.0,89,3.875,1.0,72.6647117898037,0.9572129018324964,-0.004147749486788102,0,0.1274881387698102,0.033490309147588826,0.7883817427385892,1.208888674513596,0.024925949072180806,0.12334038928302209,0.0335080737517284,0.7788023154551509,1.0813661264436263,0.3270417239023559
fm_ct2_zip2,75,2,1750,1750,3500,16,2.0,89,3.875,1.0,40.4772161390875,0.9488571997930682,0.044530348885572335,1,0.11027755272423062,0.03410573994932136,0.7414579171149019,0.9284362257850226,0.06166381569364925,0.15480790160980296,0.03326681485219809,0.7674811741201782,1.1266029723170838,0.34141859834483396
fm_ct2_zip2,75,2,1750,1750,3500,16,2.0,89,3.875,1.0,54.23283749043361,0.9521776881357016,0.03915166829122027,1,0.09568253427961043,0.03439708000235916,0.6899748988269043,0.6883444420317941,-0.03324901547996559,0.1348342025708307,0.03359845650571511,0.7305465908508785,0.8569689141212002,0.24196292221614607
fm_ct2_zip2,75,2,1750,1750,3500,16,2.0,89,3.875,1.0,35.97853040828114,0.9413919909878065,0.008954957839283753,1,0.0665528641968848,0.03464538414736847,0.6691767839762306,0.6443279384891603,0.07227545714426943,0.07550782203616856,0.03451090164371022,0.668408380718201,0.5990662069353055,0.36950106804097277
fm_ct2_zip2,75,2,1750,1750,3500,16,2.0,89,3.875,1.0,22.77532244606134,0.9062433977633987,-0.0001733397592916866,0,0.05900444253011278,0.03503799981456881,0.6351109062035756,0.47794344137680816,0.07167925664163362,0.05883110277082109,0.03478418897865849,0.6296808565134983,0.46349906773211,0.34902802103828473
fm_ct2_zip2,75,2,1750,1750,3500,16,2.0,89,3.875,1.0,42.698042132139804,0.9531369247525829,0.016507998914809807,1,0.1274881387698102,0.033490309147588826,0.7883817427385892,1.208888674513596,0.024925949072180806,0.14399613768462,0.03327265282734062,0.7729624506941242,1.069415031027161,0.3030334702430229
fm_ct2_zip2,75,3,1750,1750,5250,16,3.0,89,3.875,1.0,29.762937704747696,0.89604627828088,0.04820370824489589,1,0.11027755272423062,0.03410573994932136,0.7414579171149019,0.9284362257850226,0.06166381569364925,0.15848126096912651,0.033293360129989624,0.7844884995645716,1.41476315496087,0.21643111039479696
fm_ct2_zip2,75,3,1750,1750,5250,16,3.0,89,3.875,1.0,32.88168146805371,0.9043898765130407,0.006884676819759766,1,0.09568253427961043,0.03439708000235916,0.6899748988269043,0.6883444420317941,-0.03324901547996559,0.1025672110993702,0.033930521212561966,0.709133753393781,0.9018086484290406,0.243176491665864
fm_ct2_zip2,75,3,1750,1750,5250,16,3.0,89,3.875,1.0,14.693633280437567,0.7945149419292229,0.010174683588480823,1,0.0665528641968848,0.03464538414736847,0.6691767839762306,0.6443279384891603,0.07227545714426943,0.07672754778536563,0.034404452742948254,0.6427949387838738,0.6799245812705181,0.334008066703774
fm_ct2_zip2,75,3,1750,1750,5250,16,3.0,89,3.875,1.0,15.197840159465313,0.8016291645980269,-0.004929327403603363,0,0.05900444253011278,0.03503799981456881,0.6351109062035756,0.47794344137680816,0.07167925664163362,0.054075115126509414,0.03484046340510998,0.6213821013267762,0.4614903367586958,0.31784277551061946
fm_ct2_zip2,75,3,1750,1750,5250,16,3.0,89,3.875,1.0,35.559346191401076,0.908755167728339,-0.03431274789955009,0,0.1274881387698102,0.033490309147588826,0.7883817427385892,1.208888674513596,0.024925949072180806,0.0931753908702601,0.034026774143241234,0.7468879668049793,1.1106895375990757,0.26696974217293756
fm_ct2_zip2,75,3,1750,1750,5250,16,3.0,89,3.875,1.0,32.437375631914776,0.9073969512553122,0.048818898878501965,1,0.11027755272423062,0.03410573994932136,0.7414579171149019,0.9284362257850226,0.06166381569364925,0.15909645160273259,0.03365427234173559,0.778341273500333,1.285758199775417,0.5280056026639195
fm_ct2_zip2,75,3,1750,1750,5250,16,3.0,89,3.875,1.0,69.88838932514531,0.9477957166208021,0.0028720041322104206,1,0.09568253427961043,0.03439708000235916,0.6899748988269043,0.6883444420317941,-0.03324901547996559,0.09855453841182085,0.034239727686685935,0.6965319399620921,0.759969201708239,0.4513060985165202
fm_ct2_zip2,75,3,1750,1750,5250,16,3.0,89,3.875,1.0,34.942638919978194,0.9118687310650782,0.013211089518354008,1,0.0665528641968848,0.03464538414736847,0.6691767839762306,0.6443279384891603,0.07227545714426943,0.07976395371523881,0.034458176023887774,0.6776292198145587,0.7439621274454206,0.5676116592830855
fm_ct2_zip2,75,3,1750,1750,5250,16,3.0,89,3.875,1.0,39.34697632258532,0.9181401634210605,0.009950860761753236,1,0.05900444253011278,0.03503799981456881,0.6351109062035756,0.47794344137680816,0.07167925664163362,0.06895530329186601,0.034623532138853115,0.6599047179960043,0.6331732493523237,0.6291306841501539
fm_ct2_zip2,75,3,1750,1750,5250,16,3.0,89,3.875,1.0,75.41260055358,0.9556983878916818,-0.012628589028686493,0,0.1274881387698102,0.033490309147588826,0.7883817427385892,1.208888674513596,0.024925949072180806,0.1148595497411237,0.033804658596993956,0.7734234926489422,1.1055260490506558,0.45663265911970735
fm_ct2_zip2,75,1,1750,1750,1750,16,1.0,89,3.875,1.0,24.0063560018423,0.9579831352169192,0.019080993837926302,1,0.11027755272423062,0.03410573994932136,0.7414579171149019,0.9284362257850226,0.06166381569364925,0.12935854656215692,0.03327162956577047,0.7888940115772758,1.0504086481884045,0.20050225106788727
fm_ct2_zip2,75,1,1750,1750,1750,16,1.0,89,3.875,1.0,27.650596790756552,0.9638275467763474,-0.013825286763768943,0,0.09568253427961043,0.03439708000235916,0.6899748988269043,0.6883444420317941,-0.03324901547996559,0.08185724751584149,0.03443554422963937,0.7000153680651606,0.689195801781282,0.12545077780701536
fm_ct2_zip2,75,1,1750,1750,1750,16,1.0,89,3.875,1.0,9.433748133190921,0.8824002015191337,0.020242169710356583,1,0.0665528641968848,0.03464538414736847,0.6691767839762306,0.6443279384891603,0.07227545714426943,0.08679503390724139,0.03429444193476922,0.7015521745812202,0.7544849648117843,0.25913952789196293
fm_ct2_zip2,75,1,1750,1750,1750,16,1.0,89,3.875,1.0,5.8542149141438315,0.828325216892986,0.004079733222860565,1,0.05900444253011278,0.03503799981456881,0.6351109062035756,0.47794344137680816,0.07167925664163362,0.06308417575297334,0.03480652002963311,0.6288612263715998,0.45678175685583283,0.2376785558670162
fm_ct2_zip2,75,1,1750,1750,1750,16,1.0,89,3.875,1.0,8.650784873707575,0.8840600899932141,-0.0008139014998280458,0,0.1274881387698102,0.033490309147588826,0.7883817427385892,1.208888674513596,0.024925949072180806,0.12667423726998214,0.03374804232148153,0.7695302494749243,1.0589013215375982,0.20022690322434977
fm_ct2_zip2,75,1,1750,1750,1750,16,1.0,89,3.875,1.0,7.2489303279684885,0.8558036078385886,0.016149952341585366,1,0.11027755272423062,0.03410573994932136,0.7414579171149019,0.9284362257850226,0.06166381569364925,0.126427505065816,0.03378426474576852,0.7758311561907689,1.0451963012834535,0.21138933611951977
fm_ct2_zip2,75,1,1750,1750,1750,16,1.0,89,3.875,1.0,10.189628630764403,0.8808596899878178,0.016044559074228887,1,0.09568253427961043,0.03439708000235916,0.6899748988269043,0.6883444420317941,-0.03324901547996559,0.11172709335383932,0.03419860943487924,0.7203012140771478,0.7565857771422917,0.13311999858004372
fm_ct2_zip2,75,1,1750,1750,1750,16,1.0,89,3.875,1.0,4.558777699227826,0.7789215441788838,0.015069155680904694,1,0.0665528641968848,0.03464538414736847,0.6691767839762306,0.6443279384891603,0.07227545714426943,0.0816220198777895,0.03449169208068618,0.6850058910916449,0.6162215608328294,0.29339943227602144
fm_ct2_zip2,75,1,1750,1750,1750,16,1.0,89,3.875,1.0,3.6378248066022345,0.7232812388160929,0.010010486866915871,1,0.05900444253011278,0.03503799981456881,0.6351109062035756,0.47794344137680816,0.07167925664163362,0.06901492939702865,0.03466556412004654,0.651964550996363,0.4869998995690311,0.243429233396106
fm_ct2_zip2,75,1,1750,1750,1750,16,1.0,89,3.875,1.0,0.8917436695725347,0.08087838375852059,-0.004591261436972152,0,0.1274881387698102,0.033490309147588826,0.7883817427385892,1.208888674513596,0.024925949072180806,0.12289687733283804,0.033639036358180205,0.7745504840940526,0.9929153902123398,0.20334169476547295
fm_ct2_zip2,79,4,1750,1750,7000,16,4.0,88,3.875,1.0,62.16687274959955,0.9310029014663461,0.02627208826408267,1,0.1370224317726568,0.03202698843858907,0.790427114322142,0.9840985180195331,-0.040497167979340505,0.16329452003673947,0.03171964064132217,0.7862834679133022,1.0725161439098145,0.085844019014777
fm_ct2_zip2,79,4,1750,1750,7000,16,4.0,88,3.875,1.0,103.65473447674836,0.9606680641904265,0.0610414339406255,1,0.14180367771722815,0.032218889361640836,0.7717275818104548,0.9251025866085322,-0.012918575407269813,0.20284511165785366,0.03149437417714577,0.8143858903527412,1.1203245978416636,0.10567967174519745
fm_ct2_zip2,79,4,1750,1750,7000,16,4.0,88,3.875,1.0,42.78834152913567,0.9064013862124058,0.02014923161974351,1,0.07693099531030476,0.034326007854107006,0.666223969400765,0.37054137172271434,-0.023566982283072677,0.09708022693004827,0.032942449315619786,0.7022418189545261,0.658957773130168,0.11358721784372917
fm_ct2_zip2,79,4,1750,1750,7000,16,4.0,88,3.875,1.0,50.24887023227122,0.9140505285475258,-0.01704664996260795,0,0.11265990369910209,0.0327771595820892,0.7079260518487037,0.582207019164387,0.003824472783391724,0.09561325373649414,0.03282184072889143,0.696398215044624,0.6447743209651375,0.08446284512874236
fm_ct2_zip2,79,4,1750,1750,7000,16,4.0,88,3.875,1.0,28.350799000559483,0.8586480485362835,0.01363753366217739,1,0.08961436754470256,0.033660006530543136,0.7202507437314066,0.5569652269799457,-0.15353913434637614,0.10325190120687995,0.03276425483859637,0.7288567785805354,0.7583155937639983,-0.01764986199666275
fm_ct2_zip2,79,3,1750,1750,5250,16,3.0,88,3.875,1.0,56.84101404251009,0.9395156118239044,0.007965727341070789,1,0.1370224317726568,0.03202698843858907,0.790427114322142,0.9840985180195331,-0.040497167979340505,0.1449881591137276,0.031911545177483056,0.7861772205694857,1.0143232099041628,0.15721681980098806
fm_ct2_zip2,79,3,1750,1750,5250,16,3.0,88,3.875,1.0,95.10262920190846,0.9683118693018025,0.01691998794517996,1,0.14180367771722815,0.032218889361640836,0.7717275818104548,0.9251025866085322,-0.012918575407269813,0.15872366566240811,0.03139580975853494,0.8140671483212919,1.112748571348714,0.10447133931301887
fm_ct2_zip2,79,3,1750,1750,5250,16,3.0,88,3.875,1.0,40.641623724409925,0.9236037143402624,0.010778665047726343,1,0.07693099531030476,0.034326007854107006,0.666223969400765,0.37054137172271434,-0.023566982283072677,0.0877096603580311,0.03327323612842775,0.6891733956651084,0.5494742822820584,0.16879701919439324
fm_ct2_zip2,79,3,1750,1750,5250,16,3.0,88,3.875,1.0,27.65610273735075,0.881999403405481,-0.009793913283997938,0,0.11265990369910209,0.0327771595820892,0.7079260518487037,0.582207019164387,0.003824472783391724,0.10286599041510415,0.03289578274513437,0.6983637909052274,0.5978518910018638,0.11717322702090106
fm_ct2_zip2,79,3,1750,1750,5250,16,3.0,88,3.875,1.0,29.921801416171483,0.8994282748532748,0.0065000897304581945,1,0.08961436754470256,0.033660006530543136,0.7202507437314066,0.5569652269799457,-0.15353913434637614,0.09611445727516076,0.032802423669455814,0.7203569910752231,0.7150665570056227,0.02966516475944332
fm_ct2_zip2,79,4,1750,1750,7000,16,4.0,88,3.875,1.0,97.6236137237637,0.9541436357150815,0.020900567631651656,1,0.1370224317726568,0.03202698843858907,0.790427114322142,0.9840985180195331,-0.040497167979340505,0.15792299940430846,0.031628677668222145,0.810667233319167,1.2970549601846657,-0.20372330663781216
fm_ct2_zip2,79,4,1750,1750,7000,16,4.0,88,3.875,1.0,68.64192938391805,0.9414159665560435,0.021109458926900776,1,0.14180367771722815,0.032218889361640836,0.7717275818104548,0.9251025866085322,-0.012918575407269813,0.16291313664412893,0.03144447410259858,0.8028580535486612,1.3533880193787644,-0.09124521684285623
fm_ct2_zip2,79,4,1750,1750,7000,16,4.0,88,3.875,1.0,56.138814294886934,0.9284390060928203,0.00824931147386855,1,0.07693099531030476,0.034326007854107006,0.666223969400765,0.37054137172271434,-0.023566982283072677,0.0851803067841733,0.033359299945513635,0.702188695282618,0.711379273363159,-0.2025426230857162
fm_ct2_zip2,79,4,1750,1750,7000,16,4.0,88,3.875,1.0,58.898768181934045,0.9288207805488029,-0.009998303658163746,0,0.11265990369910209,0.0327771595820892,0.7079260518487037,0.582207019164387,0.003824472783391724,0.10266160004093834,0.032741956116653766,0.7141946451338717,0.8094767700317481,-0.1329496981101789
fm_ct2_zip2,79,4,1750,1750,7000,16,4.0,88,3.875,1.0,86.42553759357612,0.9513247596314561,0.0051770559324860466,1,0.08961436754470256,0.033660006530543136,0.7202507437314066,0.5569652269799457,-0.15353913434637614,0.09479142347718861,0.03284542531608046,0.7410220994475138,0.8733569942815522,-0.21444036413776793
fm_ct2_zip2,79,4,1750,1750,7000,16,4.0,88,3.875,1.0,43.30080182741476,0.9023616729728015,-0.0048088756075247985,0,0.1370224317726568,0.03202698843858907,0.790427114322142,0.9840985180195331,-0.040497167979340505,0.132213556165132,0.03214306758150374,0.7852209944751382,1.0680240915101442,-0.15774386017531275
fm_ct2_zip2,79,4,1750,1750,7000,16,4.0,88,3.875,1.0,72.18638369852931,0.942337883273627,0.012805900971285172,1,0.14180367771722815,0.032218889361640836,0.7717275818104548,0.9251025866085322,-0.012918575407269813,0.15460957868851333,0.03150366570174999,0.8087547811304717,1.2488939728318456,-0.07734733108561452
fm_ct2_zip2,79,4,1750,1750,7000,16,4.0,88,3.875,1.0,24.40255272037205,0.8324648553916889,0.012802542501107142,1,0.07693099531030476,0.034326007854107006,0.666223969400765,0.37054137172271434,-0.023566982283072677,0.0897335378114119,0.03304823542380691,0.714779005524862,0.7399236640575433,-0.09532124745824017
fm_ct2_zip2,79,4,1750,1750,7000,16,4.0,88,3.875,1.0,41.027577843886746,0.9024509783665924,-0.02567131826568314,0,0.11265990369910209,0.0327771595820892,0.7079260518487037,0.582207019164387,0.003824472783391724,0.08698858543341895,0.03315715172848402,0.6899702507437314,0.6400486876604478,-0.12262604971124383
fm_ct2_zip2,79,4,1750,1750,7000,16,4.0,88,3.875,1.0,31.897415049483183,0.8745877429498884,0.009018485605701176,1,0.08961436754470256,0.033660006530543136,0.7202507437314066,0.5569652269799457,-0.15353913434637614,0.09863285315040374,0.0328928563699511,0.7332660433489163,0.8213421324497463,-0.18403954560187114
fm_ct2_zip2,79,4,1750,1750,7000,16,4.0,88,3.875,1.0,67.57206817774612,0.9350242333452335,0.003961879204666979,1,0.1370224317726568,0.03202698843858907,0.790427114322142,0.9840985180195331,-0.040497167979340505,0.14098431097732378,0.032022113344905546,0.7813960900977476,1.0581972331247107,-0.018808180684518356
fm_ct2_zip2,79,4,1750,1750,7000,16,4.0,88,3.875,1.0,73.6246471741553,0.9430893340739378,0.009021996268835347,1,0.14180367771722815,0.032218889361640836,0.7717275818104548,0.9251025866085322,-0.012918575407269813,0.1508256739860635,0.031971618126223185,0.7825648108797281,1.1384521545601978,0.09268416141110215
fm_ct2_zip2,79,4,1750,1750,7000,16,4.0,88,3.875,1.0,33.93533354781887,0.8811990913109355,0.01657236887879146,1,0.07693099531030476,0.034326007854107006,0.666223969400765,0.37054137172271434,-0.023566982283072677,0.09350336418909622,0.03280284788212874,0.7236506587335316,0.8084167390539836,0.04530243217974276
fm_ct2_zip2,79,4,1750,1750,7000,16,4.0,88,3.875,1.0,74.16920698892667,0.9204866476854532,-0.025791950272192055,0,0.11265990369910209,0.0327771595820892,0.7079260518487037,0.582207019164387,0.003824472783391724,0.08686795342691003,0.03297796099404318,0.6940076498087547,0.6495407863791259,0.04569642483143451
fm_ct2_zip2,79,4,1750,1750,7000,16,4.0,88,3.875,1.0,95.91873375743775,0.9371146835492591,0.0044124954114268256,1,0.08961436754470256,0.033660006530543136,0.7202507437314066,0.5569652269799457,-0.15353913434637614,0.09402686295612939,0.0327106272167301,0.7413408414789631,0.8801911271739336,-0.031342692988927744
fm_ct2_zip2,79,4,1750,1750,7000,16,4.0,88,3.875,1.0,153.20581400401358,0.9737616025605311,-0.001976608710185568,0,0.1370224317726568,0.03202698843858907,0.790427114322142,0.9840985180195331,-0.040497167979340505,0.13504582306247123,0.03198562449361755,0.7893115172120697,1.1635426532897268,0.026646791156292062
fm_ct2_zip2,79,4,1750,1750,7000,16,4.0,88,3.875,1.0,78.98371676880205,0.9476142069506226,0.027051996180059296,1,0.14180367771722815,0.032218889361640836,0.7717275818104548,0.9251025866085322,-0.012918575407269813,0.16885567389728745,0.03174914705729335,0.8140140246493838,1.3129472054205455,0.08070304420936766
fm_ct2_zip2,79,4,1750,1750,7000,16,4.0,88,3.875,1.0,47.85447759761087,0.9157913458167366,0.018953559842529208,1,0.07693099531030476,0.034326007854107006,0.666223969400765,0.37054137172271434,-0.023566982283072677,0.09588455515283396,0.033048699877047935,0.6889609009774755,0.6708673713513068,0.03910768072319829
fm_ct2_zip2,79,4,1750,1750,7000,16,4.0,88,3.875,1.0,79.39387857997608,0.9494172461603412,-0.029250385082438213,0,0.11265990369910209,0.0327771595820892,0.7079260518487037,0.582207019164387,0.003824472783391724,0.08340951861666387,0.0329532781749898,0.6858266043348916,0.6585277307331261,0.08713776342364453
fm_ct2_zip2,79,4,1750,1750,7000,16,4.0,88,3.875,1.0,65.90293196110291,0.939146382027064,0.011202831202171887,1,0.08961436754470256,0.033660006530543136,0.7202507437314066,0.5569652269799457,-0.15353913434637614,0.10081719874687445,0.032673968290612025,0.7262005949851253,0.8889172617904538,0.011535693481615103
fm_ct2_zip2,79,4,1750,1750,7000,16,4.0,88,3.875,1.0,199.4689596163403,0.9786903780142713,-0.008557634998267477,0,0.1370224317726568,0.03202698843858907,0.790427114322142,0.9840985180195331,-0.040497167979340505,0.12846479677438932,0.03206772735723416,0.7873459413514662,1.0284670510433989,-0.0056302883823006735
fm_ct2_zip2,79,4,1750,1750,7000,16,4.0,88,3.875,1.0,85.64320895432965,0.9532360524599315,0.01403962284958421,1,0.14180367771722815,0.032218889361640836,0.7717275818104548,0.9251025866085322,-0.012918575407269813,0.15584330056681236,0.03164531149472512,0.814332766680833,1.3142278980855022,0.027835286678609416
fm_ct2_zip2,79,4,1750,1750,7000,16,4.0,88,3.875,1.0,43.8427108744948,0.9084990677330806,0.005946651645855325,1,0.07693099531030476,0.034326007854107006,0.666223969400765,0.37054137172271434,-0.023566982283072677,0.08287764695616008,0.033384955345845804,0.6829048023799404,0.5866045954525121,-0.016310620086037213
fm_ct2_zip2,79,4,1750,1750,7000,16,4.0,88,3.875,1.0,89.47407732005632,0.9550293594367134,-0.018194718834379453,0,0.11265990369910209,0.0327771595820892,0.7079260518487037,0.582207019164387,0.003824472783391724,0.09446518486472263,0.0328501142973075,0.7077666808329791,0.7106845610401615,0.08488864849180008
fm_ct2_zip2,79,4,1750,1750,7000,16,4.0,88,3.875,1.0,56.329933151789405,0.9289548161042286,0.003994924361998997,1,0.08961436754470256,0.033660006530543136,0.7202507437314066,0.5569652269799457,-0.15353913434637614,0.09360929190670156,0.03278377730254979,0.7296005099872503,0.8257482101115687,-0.04132230349894387
fm_ct2_zip2,79,2,1750,1750,3500,16,2.0,88,3.875,1.0,17.210111967032905,0.8813156795165187,0.010856741999034802,1,0.1370224317726568,0.03202698843858907,0.790427114322142,0.9840985180195331,-0.040497167979340505,0.1478791737716916,0.031818516269121334,0.7879834254143646,1.2412088718383172,-0.09770641954748623
fm_ct2_zip2,79,2,1750,1750,3500,16,2.0,88,3.875,1.0,13.543226606875251,0.8520988622832661,0.02936172398159828,1,0.14180367771722815,0.032218889361640836,0.7717275818104548,0.9251025866085322,-0.012918575407269813,0.17116540169882644,0.03173762518687156,0.7881427964300891,1.2833486926489444,-0.03085955549335827
fm_ct2_zip2,79,2,1750,1750,3500,16,2.0,88,3.875,1.0,19.262036914779962,0.8899957151265966,0.011399527792193512,1,0.07693099531030476,0.034326007854107006,0.666223969400765,0.37054137172271434,-0.023566982283072677,0.08833052310249827,0.03317689325521844,0.696982575435614,0.7457213596848837,-0.16057667977809717
fm_ct2_zip2,79,2,1750,1750,3500,16,2.0,88,3.875,1.0,17.92909073052148,0.8884491627282445,-0.03273470129039374,0,0.11265990369910209,0.0327771595820892,0.7079260518487037,0.582207019164387,0.003824472783391724,0.07992520240870835,0.03313344565691939,0.7065979600509987,0.7159393677804456,-0.08544461928030853
fm_ct2_zip2,79,2,1750,1750,3500,16,2.0,88,3.875,1.0,13.899027641792685,0.852242721842229,0.006768773216249829,1,0.08961436754470256,0.033660006530543136,0.7202507437314066,0.5569652269799457,-0.15353913434637614,0.09638314076095239,0.032724217904570516,0.7441563960900978,0.9296643692693957,-0.19827007850261455
fm_ct2_zip2,79,4,1750,1750,7000,16,4.0,88,3.875,1.0,21.153872940621554,0.807207605714876,0.0052153576068112995,1,0.1370224317726568,0.03202698843858907,0.790427114322142,0.9840985180195331,-0.040497167979340505,0.1422377893794681,0.0319272999412313,0.7915427114322142,1.2207511389795815,-0.04585870130716615
fm_ct2_zip2,79,4,1750,1750,7000,16,4.0,88,3.875,1.0,97.84325676240371,0.9589747492955214,0.041043227759075374,1,0.14180367771722815,0.032218889361640836,0.7717275818104548,0.9251025866085322,-0.012918575407269813,0.18284690547630353,0.0313146682118685,0.8286230344241394,1.4388895674330562,-0.033379277078993554
fm_ct2_zip2,79,4,1750,1750,7000,16,4.0,88,3.875,1.0,52.57497583255677,0.9146696339785652,0.011278278227043664,1,0.07693099531030476,0.034326007854107006,0.666223969400765,0.37054137172271434,-0.023566982283072677,0.08820927353734842,0.03302236222479382,0.6945920101997449,0.7296603780631435,-0.006150393648207427
fm_ct2_zip2,79,4,1750,1750,7000,16,4.0,88,3.875,1.0,26.57042821464551,0.8493370615915804,-0.017697652631379124,0,0.11265990369910209,0.0327771595820892,0.7079260518487037,0.582207019164387,0.003824472783391724,0.09496225106772296,0.03281266183598321,0.6874203144921377,0.7037978854915753,-0.06118526158923811
fm_ct2_zip2,79,4,1750,1750,7000,16,4.0,88,3.875,1.0,30.829243507483504,0.8702520466256202,0.014008856590910765,1,0.08961436754470256,0.033660006530543136,0.7202507437314066,0.5569652269799457,-0.15353913434637614,0.10362322413561333,0.03274106236707765,0.7341160220994475,0.8755582713130113,-0.1108344673945168
fm_ct2_zip2,79,4,1750,1750,7000,16,4.0,88,3.875,1.0,42.916125808164466,0.9067334255323243,0.009492178921629624,1,0.1370224317726568,0.03202698843858907,0.790427114322142,0.9840985180195331,-0.040497167979340505,0.14651461069428642,0.032020464123962436,0.7866553336166595,1.0885294489282487,-0.05506322081165627
fm_ct2_zip2,79,4,1750,1750,7000,16,4.0,88,3.875,1.0,48.265130258999505,0.9166825003866548,0.05313215539857141,1,0.14180367771722815,0.032218889361640836,0.7717275818104548,0.9251025866085322,-0.012918575407269813,0.19493583311579957,0.031275535648486404,0.8191670208244795,1.303123683626229,0.03368474743451297
fm_ct2_zip2,79,4,1750,1750,7000,16,4.0,88,3.875,1.0,67.5944888105982,0.9372624301204743,0.00721373567488913,1,0.07693099531030476,0.034326007854107006,0.666223969400765,0.37054137172271434,-0.023566982283072677,0.08414473098519389,0.033165175982035236,0.7063854653633659,0.6410538957568496,0.06257709739568768
fm_ct2_zip2,79,4,1750,1750,7000,16,4.0,88,3.875,1.0,66.07022940067398,0.9391044575999437,0.035007287196171244,1,0.11265990369910209,0.0327771595820892,0.7079260518487037,0.582207019164387,0.003824472783391724,0.14766719089527333,0.03218962024851643,0.698257543561411,0.7559911282029368,0.04190356709398651
fm_ct2_zip2,79,4,1750,1750,7000,16,4.0,88,3.875,1.0,64.6343725117784,0.9336615612080034,0.01181389569256494,1,0.08961436754470256,0.033660006530543136,0.7202507437314066,0.5569652269799457,-0.15353913434637614,0.1014282632372675,0.03286703581720113,0.7466532086697834,0.8506912557028937,-0.05306834104206592
fm_ct2_zip2,79,2,1750,1750,3500,16,2.0,88,3.875,1.0,25.34660722507916,0.9159290799231763,-0.020558301794917785,0,0.1370224317726568,0.03202698843858907,0.790427114322142,0.9840985180195331,-0.040497167979340505,0.11646412997773901,0.0325127440326182,0.7570123246918827,0.8296108456550678,0.19235797354331163
fm_ct2_zip2,79,2,1750,1750,3500,16,2.0,88,3.875,1.0,36.944333912021065,0.9384246172625665,-0.016819497999659636,0,0.14180367771722815,0.032218889361640836,0.7717275818104548,0.9251025866085322,-0.012918575407269813,0.12498417971756852,0.032022289998035684,0.8144921376965576,1.1958876879761189,0.2343705491136164
fm_ct2_zip2,79,2,1750,1750,3500,16,2.0,88,3.875,1.0,13.986721901279104,0.8535178564899422,0.020059156209329243,1,0.07693099531030476,0.034326007854107006,0.666223969400765,0.37054137172271434,-0.023566982283072677,0.096990151519634,0.03332920494166827,0.6720675733106672,0.5033392732789078,0.24312566503879557
fm_ct2_zip2,79,2,1750,1750,3500,16,2.0,88,3.875,1.0,14.789862407422202,0.864564956485552,-0.005690113402728347,0,0.11265990369910209,0.0327771595820892,0.7079260518487037,0.582207019164387,0.003824472783391724,0.10696979029637374,0.032775467236306345,0.6928389290267744,0.6190771295694047,0.2796403483041861
fm_ct2_zip2,79,2,1750,1750,3500,16,2.0,88,3.875,1.0,9.83482995837316,0.786211319056164,0.007128403692423957,1,0.08961436754470256,0.033660006530543136,0.7202507437314066,0.5569652269799457,-0.15353913434637614,0.09674277123712652,0.032852499506948706,0.7224819379515512,0.7530707917463455,0.17369055542345962
fm_ct2_zip2,79,2,1750,1750,3500,16,2.0,88,3.875,1.0,14.359688368534332,0.8593688205280512,0.004225290975075735,1,0.1370224317726568,0.03202698843858907,0.790427114322142,0.9840985180195331,-0.040497167979340505,0.14124772274773253,0.03223997803747625,0.7631746706332341,0.8899486343910363,-0.09740739892577994
fm_ct2_zip2,79,2,1750,1750,3500,16,2.0,88,3.875,1.0,31.01051314791821,0.924081626789145,-0.013338240932717349,0,0.14180367771722815,0.032218889361640836,0.7717275818104548,0.9251025866085322,-0.012918575407269813,0.1284654367845108,0.032043049916548584,0.7892052698682533,1.0966985416372337,-0.07998863437255246
fm_ct2_zip2,79,2,1750,1750,3500,16,2.0,88,3.875,1.0,12.03878076224372,0.8337979066032184,0.009022589560058941,1,0.07693099531030476,0.034326007854107006,0.666223969400765,0.37054137172271434,-0.023566982283072677,0.0859535848703637,0.03336377818175572,0.690395240118997,0.587118813585026,-0.0403580103277586
fm_ct2_zip2,79,2,1750,1750,3500,16,2.0,88,3.875,1.0,18.76928820023107,0.8924764705884762,0.018346083205509595,1,0.11265990369910209,0.0327771595820892,0.7079260518487037,0.582207019164387,0.003824472783391724,0.13100598690461168,0.03237250868518155,0.7023480662983426,0.7040483025098809,-0.09392751197731575
fm_ct2_zip2,79,2,1750,1750,3500,16,2.0,88,3.875,1.0,9.932126263838917,0.7916137558989914,-0.0006110575713895727,0,0.08961436754470256,0.033660006530543136,0.7202507437314066,0.5569652269799457,-0.15353913434637614,0.08900330997331299,0.03328779379166028,0.733956651083723,0.7482502566169489,-0.18514629807992455
fm_ct2_zip2,86,4,1750,1750,7000,16,4.0,51,2.25,1.0,61.54328031006019,0.9348959678464319,0.016035701269931084,1,0.04221476512504469,0.01973344511064459,0.6301133786848072,0.26773575861673704,-0.08615673615025729,0.058250466394975775,0.019759341078715943,0.6573242630385487,0.628865547674904,-0.37954867366238293
fm_ct2_zip2,86,4,1750,1750,7000,16,4.0,51,2.25,1.0,41.95233241639998,0.9045482036350956,0.01155948188228896,1,0.04399399030242892,0.019725729126921165,0.6420861678004535,0.44980867410783554,-0.11058702039198824,0.05555347218471788,0.019692759532491826,0.7156462585034014,0.7940205197453263,-0.3463144468013204
fm_ct2_zip2,86,4,1750,1750,7000,16,4.0,51,2.25,1.0,73.54937042019924,0.9456055802595476,0.019133458395531926,1,0.04209615699856126,0.01983920708264406,0.6866213151927438,0.652202402787406,-0.054484441132750805,0.06122961539409318,0.019580705510583583,0.7452154195011338,1.0294457361955354,-0.36688048232189374
fm_ct2_zip2,86,4,1750,1750,7000,16,4.0,51,2.25,1.0,52.866792850361016,0.9239913401900903,0.00841289649224259,1,0.03635215077438199,0.01982211896275705,0.6143310657596373,0.4245670762780242,-0.04989877466901035,0.04476504726662458,0.0198272599862609,0.6714739229024943,0.7025736453234638,-0.3877399944610787
fm_ct2_zip2,86,4,1750,1750,7000,16,4.0,51,2.25,1.0,50.478587139956424,0.9187883453318431,-0.04827566572704566,0,0.09543109837543293,0.019651051112054067,0.5616326530612245,0.09389873496400533,-0.0468297685853143,0.047155432648387265,0.019840047096985353,0.63718820861678,0.49900322203161057,-0.4272025472967278
fm_ct2_zip2,86,3,1750,1750,5250,16,3.0,51,2.25,1.0,41.64990689648573,0.9275492568474355,0.015481129099287678,1,0.04221476512504469,0.01973344511064459,0.6301133786848072,0.26773575861673704,-0.08615673615025729,0.05769589422433237,0.019609494378846952,0.6606802721088436,0.46870384652720887,-0.09663571575524778
fm_ct2_zip2,86,3,1750,1750,5250,16,3.0,51,2.25,1.0,22.32382508674604,0.8568913670186841,0.013248214386528553,1,0.04399399030242892,0.019725729126921165,0.6420861678004535,0.44980867410783554,-0.11058702039198824,0.05724220468895747,0.0195891778748444,0.7078458049886621,0.6945302649687073,-0.10051817678493036
fm_ct2_zip2,86,3,1750,1750,5250,16,3.0,51,2.25,1.0,18.574912089533406,0.8364746248575348,0.014629914103108162,1,0.04209615699856126,0.01983920708264406,0.6866213151927438,0.652202402787406,-0.054484441132750805,0.05672607110166942,0.019517115494109998,0.7432199546485261,0.8387086753308824,-0.06804343708010835
fm_ct2_zip2,86,3,1750,1750,5250,16,3.0,51,2.25,1.0,22.174596862371537,0.8643078730165636,0.00685672031553939,1,0.03635215077438199,0.01982211896275705,0.6143310657596373,0.4245670762780242,-0.04989877466901035,0.04320887108992138,0.019768442813981917,0.6429024943310657,0.49396268576955205,-0.07900983654622935
fm_ct2_zip2,86,3,1750,1750,5250,16,3.0,51,2.25,1.0,54.3941068951034,0.9425772085211346,-0.04030618215679528,0,0.09543109837543293,0.019651051112054067,0.5616326530612245,0.09389873496400533,-0.0468297685853143,0.055124916218637646,0.019526183669608004,0.665124716553288,0.6130900388545933,-0.028216609406252854
fm_ct2_zip2,86,3,1750,1750,5250,16,3.0,51,2.25,1.0,27.933302507336787,0.8925805685204032,0.002702452763812334,1,0.04221476512504469,0.01973344511064459,0.6301133786848072,0.26773575861673704,-0.08615673615025729,0.044917217888857025,0.019994260027828645,0.6849886621315193,0.5966500500514352,-0.29095753175988076
fm_ct2_zip2,86,3,1750,1750,5250,16,3.0,51,2.25,1.0,74.40546854433995,0.959166881263201,0.0291344084885048,1,0.04399399030242892,0.019725729126921165,0.6420861678004535,0.44980867410783554,-0.11058702039198824,0.07312839879093372,0.019508571038887618,0.7141950113378684,0.7793965216587727,-0.2787139183544888
fm_ct2_zip2,86,3,1750,1750,5250,16,3.0,51,2.25,1.0,32.71790500686294,0.9076094439826945,0.021271202556019858,1,0.04209615699856126,0.01983920708264406,0.6866213151927438,0.652202402787406,-0.054484441132750805,0.06336735955458112,0.019674697127032785,0.7482086167800452,0.7919357414122833,-0.19593125436107325
fm_ct2_zip2,86,3,1750,1750,5250,16,3.0,51,2.25,1.0,31.441199701198347,0.9002669809055304,0.002992868715866945,1,0.03635215077438199,0.01982211896275705,0.6143310657596373,0.4245670762780242,-0.04989877466901035,0.039345019490248934,0.020411744103590094,0.6337414965986394,0.4043580211224733,-0.27638964289236817
fm_ct2_zip2,86,3,1750,1750,5250,16,3.0,51,2.25,1.0,30.460102025845273,0.9008418397464857,-0.03857175491096042,0,0.09543109837543293,0.019651051112054067,0.5616326530612245,0.09389873496400533,-0.0468297685853143,0.05685934346447251,0.019812494473271713,0.6842630385487528,0.6118952990182338,-0.25219472724128356
fm_ct2_zip2,86,4,1750,1750,7000,16,4.0,51,2.25,1.0,53.33461270682311,0.9239713170550828,0.0004789432016142278,1,0.04221476512504469,0.01973344511064459,0.6301133786848072,0.26773575861673704,-0.08615673615025729,0.04269370832665892,0.0201831815793389,0.6738321995464852,0.6045144381799731,-0.48755944832400633
fm_ct2_zip2,86,4,1750,1750,7000,16,4.0,51,2.25,1.0,95.14908593663827,0.9566007090402269,0.02648191901901325,1,0.04399399030242892,0.019725729126921165,0.6420861678004535,0.44980867410783554,-0.11058702039198824,0.07047590932144217,0.019701232424769326,0.7021315192743764,0.7507223319043268,-0.4269773411612592
fm_ct2_zip2,86,4,1750,1750,7000,16,4.0,51,2.25,1.0,79.06221244840202,0.9400668128310307,0.015084909632586109,1,0.04209615699856126,0.01983920708264406,0.6866213151927438,0.652202402787406,-0.054484441132750805,0.057181066631147366,0.01970306680029287,0.758639455782313,0.8963462928750882,-0.3760208293148209
fm_ct2_zip2,86,4,1750,1750,7000,16,4.0,51,2.25,1.0,47.08817604433406,0.9150524179792734,-0.000253198972622673,0,0.03635215077438199,0.01982211896275705,0.6143310657596373,0.4245670762780242,-0.04989877466901035,0.036098951801759316,0.020379083892063537,0.6543310657596373,0.5120524648526061,-0.432558207131622
fm_ct2_zip2,86,4,1750,1750,7000,16,4.0,51,2.25,1.0,59.172039390335165,0.9297298627451736,-0.04261154130099246,0,0.09543109837543293,0.019651051112054067,0.5616326530612245,0.09389873496400533,-0.0468297685853143,0.052819557074440464,0.020033631529134645,0.6079818594104309,0.43187000289447836,-0.4712296605626554
fm_ct2_zip2,86,3,1750,1750,5250,16,3.0,51,2.25,1.0,66.3658068015138,0.9528448790509305,-0.007587976962560708,0,0.04221476512504469,0.01973344511064459,0.6301133786848072,0.26773575861673704,-0.08615673615025729,0.03462678816248398,0.020271328013329606,0.6565986394557823,0.47459201640727283,-0.30481406749345036
fm_ct2_zip2,86,3,1750,1750,5250,16,3.0,51,2.25,1.0,88.36159559067471,0.9650997213829174,0.01803186482977756,1,0.04399399030242892,0.019725729126921165,0.6420861678004535,0.44980867410783554,-0.11058702039198824,0.06202585513220648,0.019750321942037664,0.6840816326530612,0.6443618001834088,-0.29677284370372864
fm_ct2_zip2,86,3,1750,1750,5250,16,3.0,51,2.25,1.0,100.08757471340442,0.9692678675705788,-0.002936339144630734,0,0.04209615699856126,0.01983920708264406,0.6866213151927438,0.652202402787406,-0.054484441132750805,0.03915981785393052,0.02019456490506578,0.7103854875283447,0.5886866800582296,-0.2361942100815061
fm_ct2_zip2,86,3,1750,1750,5250,16,3.0,51,2.25,1.0,49.05648869634189,0.9379697935935914,-0.007453034717914336,0,0.03635215077438199,0.01982211896275705,0.6143310657596373,0.4245670762780242,-0.04989877466901035,0.028899116056467652,0.02063810378073875,0.6211337868480725,0.3175468214166505,-0.22828820118931406
fm_ct2_zip2,86,3,1750,1750,5250,16,3.0,51,2.25,1.0,71.53518833645504,0.9564764334001397,-0.04675499145402909,0,0.09543109837543293,0.019651051112054067,0.5616326530612245,0.09389873496400533,-0.0468297685853143,0.04867610692140384,0.019856740572940634,0.675374149659864,0.585618764245608,-0.25504710976762107
fm_ct2_zip2,86,4,1750,1750,7000,16,4.0,51,2.25,1.0,101.41715021963844,0.9581058674971229,-0.007719852327825502,0,0.04221476512504469,0.01973344511064459,0.6301133786848072,0.26773575861673704,-0.08615673615025729,0.03449491279721919,0.0201023977971473,0.6383673469387755,0.41094680162492947,-0.0870527244993994
fm_ct2_zip2,86,4,1750,1750,7000,16,4.0,51,2.25,1.0,78.51327046445022,0.949053194337691,0.025866824492168462,1,0.04399399030242892,0.019725729126921165,0.6420861678004535,0.44980867410783554,-0.11058702039198824,0.06986081479459738,0.019508519221510846,0.681360544217687,0.6615129083598261,-0.05583499031656685
fm_ct2_zip2,86,4,1750,1750,7000,16,4.0,51,2.25,1.0,115.02829924142168,0.9500272527617396,0.0033149472581671807,1,0.04209615699856126,0.01983920708264406,0.6866213151927438,0.652202402787406,-0.054484441132750805,0.04541110425672844,0.019802311309459992,0.7331519274376418,0.7025167843067425,-0.04718841691926326
fm_ct2_zip2,86,4,1750,1750,7000,16,4.0,51,2.25,1.0,88.97397021097538,0.955042891659632,-0.007413597890092331,0,0.03635215077438199,0.01982211896275705,0.6143310657596373,0.4245670762780242,-0.04989877466901035,0.028938552884289658,0.02042285151686993,0.6424489795918367,0.3517920622000604,-0.08060629162892291
fm_ct2_zip2,86,4,1750,1750,7000,16,4.0,51,2.25,1.0,57.58612741049727,0.9305385409955299,-0.04026150650477102,0,0.09543109837543293,0.019651051112054067,0.5616326530612245,0.09389873496400533,-0.0468297685853143,0.05516959187066191,0.01966873657339625,0.640453514739229,0.47865841970687695,-0.033788281725163495
fm_ct2_zip2,86,2,1750,1750,3500,16,2.0,51,2.25,1.0,11.233164940828734,0.8219279271636368,-0.0017683981434451282,0,0.04221476512504469,0.01973344511064459,0.6301133786848072,0.26773575861673704,-0.08615673615025729,0.04044636698159956,0.019770913565025965,0.6594104308390023,0.46402398827942726,0.019039203282969038
fm_ct2_zip2,86,2,1750,1750,3500,16,2.0,51,2.25,1.0,27.833325951991064,0.9257557918362174,-0.004019385439471897,0,0.04399399030242892,0.019725729126921165,0.6420861678004535,0.44980867410783554,-0.11058702039198824,0.03997460486295702,0.019837382207157934,0.6675736961451247,0.4968973214815862,0.046084978937449256
fm_ct2_zip2,86,2,1750,1750,3500,16,2.0,51,2.25,1.0,24.842355944814443,0.9119965238063064,-0.001400225904508695,0,0.04209615699856126,0.01983920708264406,0.6866213151927438,0.652202402787406,-0.054484441132750805,0.04069593109405256,0.019728780784512664,0.7188208616780045,0.6813280136526972,0.09038606362393302
fm_ct2_zip2,86,2,1750,1750,3500,16,2.0,51,2.25,1.0,19.180330685873734,0.8952659012093322,-0.00857657092369768,0,0.03635215077438199,0.01982211896275705,0.6143310657596373,0.4245670762780242,-0.04989877466901035,0.02777557985068431,0.020008758899905513,0.5529251700680271,0.1832276826949909,0.025858459005225803
fm_ct2_zip2,86,2,1750,1750,3500,16,2.0,51,2.25,1.0,39.750305860933764,0.9437537900846648,-0.053338266463989314,0,0.09543109837543293,0.019651051112054067,0.5616326530612245,0.09389873496400533,-0.0468297685853143,0.04209283191144361,0.019698696983695196,0.6741043083900227,0.5725016626530256,0.004803366757568138
fm_ct2_zip2,86,1,1750,1750,1750,16,1.0,51,2.25,1.0,2.6536582623077667,0.6219323578249534,0.004747052851686147,1,0.04221476512504469,0.01973344511064459,0.6301133786848072,0.26773575861673704,-0.08615673615025729,0.04696181797673084,0.01969518008671564,0.6507936507936507,0.293374716063352,-0.010563010966484801
fm_ct2_zip2,86,1,1750,1750,1750,16,1.0,51,2.25,1.0,4.881835011704354,0.7951445257120446,0.003175179026128419,1,0.04399399030242892,0.019725729126921165,0.6420861678004535,0.44980867410783554,-0.11058702039198824,0.04716916932855734,0.019629527641129123,0.6662131519274376,0.5639700837374292,-0.00502077488966808
fm_ct2_zip2,86,1,1750,1750,1750,16,1.0,51,2.25,1.0,5.778524775068789,0.8232189160559151,0.011605672011328082,1,0.04209615699856126,0.01983920708264406,0.6866213151927438,0.652202402787406,-0.054484441132750805,0.05370182900988934,0.019507021754687045,0.7630839002267573,0.8910004096734886,0.056231062618567064
fm_ct2_zip2,86,1,1750,1750,1750,16,1.0,51,2.25,1.0,5.809935732080136,0.75561251697258,-0.0036205106603190637,0,0.03635215077438199,0.01982211896275705,0.6143310657596373,0.4245670762780242,-0.04989877466901035,0.032731640114062925,0.020093265599348296,0.6232199546485261,0.34739590473605747,-0.002371924747850983
fm_ct2_zip2,86,1,1750,1750,1750,16,1.0,51,2.25,1.0,6.501028788258976,0.846037626730467,-0.04846420858828382,0,0.09543109837543293,0.019651051112054067,0.5616326530612245,0.09389873496400533,-0.0468297685853143,0.04696688978714911,0.019654577333593045,0.645170068027211,0.2857968317632276,0.01797659357069762
fm_ct2_zip2,86,1,1750,1750,1750,16,1.0,51,2.25,1.0,5.353263855358546,0.8115056241062084,0.011455454302390013,1,0.04221476512504469,0.01973344511064459,0.6301133786848072,0.26773575861673704,-0.08615673615025729,0.053670219427434704,0.019637423674569863,0.6703854875283446,0.5089723039354285,-0.07429010355744171
fm_ct2_zip2,86,1,1750,1750,1750,16,1.0,51,2.25,1.0,3.2520891938830587,0.6921912465139409,0.006521843648768753,1,0.04399399030242892,0.019725729126921165,0.6420861678004535,0.44980867410783554,-0.11058702039198824,0.05051583395119767,0.019659732026796852,0.6780952380952381,0.5650083582482137,-0.0586513859777553
fm_ct2_zip2,86,1,1750,1750,1750,16,1.0,51,2.25,1.0,5.76924577052905,0.8260115878030578,0.01564067298914431,1,0.04209615699856126,0.01983920708264406,0.6866213151927438,0.652202402787406,-0.054484441132750805,0.05773682998770557,0.01955279847993967,0.737687074829932,0.7167717706990114,0.04543160838030268
fm_ct2_zip2,86,1,1750,1750,1750,16,1.0,51,2.25,1.0,2.943787898036706,0.6578428227060167,0.0008253542296996208,1,0.03635215077438199,0.01982211896275705,0.6143310657596373,0.4245670762780242,-0.04989877466901035,0.03717750500408161,0.019896728959094653,0.5598185941043083,0.18901217931868303,-0.03296387515576806
fm_ct2_zip2,86,1,1750,1750,1750,16,1.0,51,2.25,1.0,7.174951688443831,0.8499666154848313,-0.03312098689597727,0,0.09543109837543293,0.019651051112054067,0.5616326530612245,0.09389873496400533,-0.0468297685853143,0.06231011147945566,0.01948236509454435,0.6295691609977324,0.5167181308249522,-0.0479186912710618
fm_ct2_zip2,86,2,1750,1750,3500,16,2.0,51,2.25,1.0,24.0223049152434,0.9152538996723318,-0.008546336940768146,0,0.04221476512504469,0.01973344511064459,0.6301133786848072,0.26773575861673704,-0.08615673615025729,0.033668428184276546,0.020067660259515698,0.6322902494331066,0.37613731694242186,-0.277165347389195
fm_ct2_zip2,86,2,1750,1750,3500,16,2.0,51,2.25,1.0,25.774489274482683,0.922338660291887,0.01903092676971594,1,0.04399399030242892,0.019725729126921165,0.6420861678004535,0.44980867410783554,-0.11058702039198824,0.06302491707214486,0.019556283050670933,0.6654875283446712,0.7324259424506391,-0.2934611381360688
fm_ct2_zip2,86,2,1750,1750,3500,16,2.0,51,2.25,1.0,24.48514452317241,0.9183152650760145,-0.0026378545227787598,0,0.04209615699856126,0.01983920708264406,0.6866213151927438,0.652202402787406,-0.054484441132750805,0.0394583024757825,0.019787711193183323,0.7073015873015873,0.7457350679602144,-0.20795185293452498
fm_ct2_zip2,86,2,1750,1750,3500,16,2.0,51,2.25,1.0,17.5803935922455,0.8862018946608158,-0.008797921933557391,0,0.03635215077438199,0.01982211896275705,0.6143310657596373,0.4245670762780242,-0.04989877466901035,0.027554228840824598,0.020139884376530328,0.6260317460317462,0.3998397726598886,-0.2120030856647729
fm_ct2_zip2,86,2,1750,1750,3500,16,2.0,51,2.25,1.0,36.731000318609695,0.9434636587352,-0.04626266899711937,0,0.09543109837543293,0.019651051112054067,0.5616326530612245,0.09389873496400533,-0.0468297685853143,0.049168429378313554,0.019650222877437288,0.6302040816326531,0.46105820157732214,-0.19513369607926456
fm_ct2_zip2,86,1,1750,1750,1750,16,1.0,51,2.25,1.0,5.162963380026741,0.8062221579787374,0.0016179167274526646,1,0.04221476512504469,0.01973344511064459,0.6301133786848072,0.26773575861673704,-0.08615673615025729,0.043832681852497356,0.019675332461158986,0.6421768707482993,0.39201648182106713,-0.06978313948983586
fm_ct2_zip2,86,1,1750,1750,1750,16,1.0,51,2.25,1.0,3.449733510588205,0.6859348210702996,-0.0014071938794003105,0,0.04399399030242892,0.019725729126921165,0.6420861678004535,0.44980867410783554,-0.11058702039198824,0.04258679642302861,0.01964385686915233,0.6777324263038549,0.6119540240620264,-0.034949545922494996
fm_ct2_zip2,86,1,1750,1750,1750,16,1.0,51,2.25,1.0,3.3285103687830206,0.6968093210316275,0.012620298238895267,1,0.04209615699856126,0.01983920708264406,0.6866213151927438,0.652202402787406,-0.054484441132750805,0.054716455237456524,0.019382054295981225,0.7282539682539683,1.0208546061101766,-0.03677876793538587
fm_ct2_zip2,86,1,1750,1750,1750,16,1.0,51,2.25,1.0,2.4650948703290516,0.559775601586545,0.0063605471419165005,1,0.03635215077438199,0.01982211896275705,0.6143310657596373,0.4245670762780242,-0.04989877466901035,0.04271269791629849,0.019708501001450173,0.5616326530612246,0.2624181190076449,-0.1012811181934483
fm_ct2_zip2,86,1,1750,1750,1750,16,1.0,51,2.25,1.0,3.3627552470979816,0.702560300197077,-0.04104627492419053,0,0.09543109837543293,0.019651051112054067,0.5616326530612245,0.09389873496400533,-0.0468297685853143,0.054384823451242396,0.019612206947875934,0.604172335600907,0.4348865674173751,-0.07315679266846147
fm_ct2_zip2,87,4,1750,1750,7000,16,4.0,67,2.9375,1.0,60.78498323054032,0.932773627734755,0.025340946363730604,1,0.06878041013426124,0.025604374255597435,0.700068493150685,0.7613905790368881,0.11054372566398062,0.09412135649799185,0.025373865930886752,0.6988356164383562,0.7447119396118403,0.12941422175610998
fm_ct2_zip2,87,4,1750,1750,7000,16,4.0,67,2.9375,1.0,80.88793583843072,0.9505175145408629,0.008691633275298212,1,0.05320416191383766,0.025943721415304054,0.7104794520547945,0.7457166485245599,0.048678725697776294,0.06189579518913587,0.026073473286548125,0.7322602739726027,0.7025352151924505,0.10962707048208294
fm_ct2_zip2,87,4,1750,1750,7000,16,4.0,67,2.9375,1.0,47.310864718867336,0.9065957880315598,-0.02290275409247805,0,0.12291261454196468,0.024939409335673738,0.7919863013698629,1.5813532820881002,-0.034794754651370906,0.10000986044948663,0.025152425226944445,0.7868493150684932,1.1358990295476743,0.051408969587371456
fm_ct2_zip2,87,4,1750,1750,7000,16,4.0,67,2.9375,1.0,30.282131198477337,0.866534295526386,-0.006324561213569613,0,0.1045542929960488,0.025075322959416762,0.8176712328767123,1.6143494891484436,-0.07587858678000324,0.0982297317824792,0.025149023642240417,0.8224657534246576,1.284240822806169,0.03547448074331142
fm_ct2_zip2,87,4,1750,1750,7000,16,4.0,67,2.9375,1.0,29.628711436034074,0.8643359088476046,0.014157155339468375,1,0.07078566841930263,0.025494010085822614,0.7041780821917808,0.902025701548215,-0.033441231771408696,0.084942823758771,0.025429865939123858,0.7176712328767123,0.8929774360961348,0.045138645773599995
fm_ct2_zip2,87,4,1750,1750,7000,16,4.0,67,2.9375,1.0,74.17479131489347,0.9439236958713195,-0.002687400884873292,0,0.06878041013426124,0.025604374255597435,0.700068493150685,0.7613905790368881,0.11054372566398062,0.06609300924938795,0.02582578997756579,0.6701369863013699,0.5402163349023009,0.20191054615775986
fm_ct2_zip2,87,4,1750,1750,7000,16,4.0,67,2.9375,1.0,143.48876995978833,0.972120878652339,0.0037749595342069092,1,0.05320416191383766,0.025943721415304054,0.7104794520547945,0.7457166485245599,0.048678725697776294,0.05697912144804457,0.02626946487364047,0.723013698630137,0.637554895457923,0.1811511044074634
fm_ct2_zip2,87,4,1750,1750,7000,16,4.0,67,2.9375,1.0,32.215540248615554,0.8656446423560709,-0.028301576528109218,0,0.12291261454196468,0.024939409335673738,0.7919863013698629,1.5813532820881002,-0.034794754651370906,0.09461103801385547,0.025650193475084643,0.7901369863013699,0.8589759556313648,0.11597279705479098
fm_ct2_zip2,87,4,1750,1750,7000,16,4.0,67,2.9375,1.0,27.204278286604776,0.8508875242437502,0.01764617602779564,1,0.1045542929960488,0.025075322959416762,0.8176712328767123,1.6143494891484436,-0.07587858678000324,0.12220046902384445,0.02495820782431841,0.8458219178082191,1.2632455207921878,0.17493184735330022
fm_ct2_zip2,87,4,1750,1750,7000,16,4.0,67,2.9375,1.0,53.239223608751445,0.9230005357047038,0.012616363480225351,1,0.07078566841930263,0.025494010085822614,0.7041780821917808,0.902025701548215,-0.033441231771408696,0.08340203189952798,0.025527765995174857,0.685890410958904,0.6749944195609218,0.13630780143409624
fm_ct2_zip2,87,3,1750,1750,5250,16,3.0,67,2.9375,1.0,103.67958393823005,0.9708573079587801,0.0010510707420387372,1,0.06878041013426124,0.025604374255597435,0.700068493150685,0.7613905790368881,0.11054372566398062,0.06983148087629998,0.025742230821444178,0.6928767123287671,0.5993371620267035,0.008730794521450322
fm_ct2_zip2,87,3,1750,1750,5250,16,3.0,67,2.9375,1.0,56.9056353183988,0.9389399559973932,-0.005443525352613977,0,0.05320416191383766,0.025943721415304054,0.7104794520547945,0.7457166485245599,0.048678725697776294,0.04776063656122368,0.026437031039934916,0.7016438356164383,0.6034806139059622,-0.020030686322671725
fm_ct2_zip2,87,3,1750,1750,5250,16,3.0,67,2.9375,1.0,58.14600940992331,0.9481852866407333,-0.02838040862872561,0,0.12291261454196468,0.024939409335673738,0.7919863013698629,1.5813532820881002,-0.034794754651370906,0.09453220591323908,0.025340282497479303,0.7988356164383562,1.0584154974867848,-0.07382744623216847
fm_ct2_zip2,87,3,1750,1750,5250,16,3.0,67,2.9375,1.0,58.22839835459585,0.9483279228292789,0.015927308395700876,1,0.1045542929960488,0.025075322959416762,0.8176712328767123,1.6143494891484436,-0.07587858678000324,0.12048160139174968,0.024854119955001645,0.8343150684931506,1.4797419176746867,-0.01902868453594985
fm_ct2_zip2,87,3,1750,1750,5250,16,3.0,67,2.9375,1.0,41.018951115924594,0.9256555276623457,0.006238234267650661,1,0.07078566841930263,0.025494010085822614,0.7041780821917808,0.902025701548215,-0.033441231771408696,0.07702390268695329,0.0256976348532908,0.6847260273972603,0.7045165520210165,-0.08384693383059116
fm_ct2_zip2,87,4,1750,1750,7000,16,4.0,67,2.9375,1.0,53.69251018721059,0.8988477220542449,0.014748592438466213,1,0.06878041013426124,0.025604374255597435,0.700068493150685,0.7613905790368881,0.11054372566398062,0.08352900257272745,0.02556619824066721,0.6791095890410959,0.5591368669705684,0.0662788172993451
fm_ct2_zip2,87,4,1750,1750,7000,16,4.0,67,2.9375,1.0,58.183243497703025,0.8963354048094818,-0.005662541726923959,0,0.05320416191383766,0.025943721415304054,0.7104794520547945,0.7457166485245599,0.048678725697776294,0.0475416201869137,0.02665817256174607,0.7004109589041095,0.5612022430373184,-0.011153302838958223
fm_ct2_zip2,87,4,1750,1750,7000,16,4.0,67,2.9375,1.0,93.77148259080529,0.9558992878018309,-0.019115620964007665,0,0.12291261454196468,0.024939409335673738,0.7919863013698629,1.5813532820881002,-0.034794754651370906,0.10379699357795702,0.025261694979470842,0.8167808219178082,1.0021268243371593,-0.015120961878717367
fm_ct2_zip2,87,4,1750,1750,7000,16,4.0,67,2.9375,1.0,49.488005327430315,0.9182643666013689,0.03195318974361121,1,0.1045542929960488,0.025075322959416762,0.8176712328767123,1.6143494891484436,-0.07587858678000324,0.13650748273966,0.024705222608484442,0.824931506849315,1.3455683903793136,-0.008361661242528486
fm_ct2_zip2,87,4,1750,1750,7000,16,4.0,67,2.9375,1.0,68.46178438174564,0.941165272230625,0.021769063250292417,1,0.07078566841930263,0.025494010085822614,0.7041780821917808,0.902025701548215,-0.033441231771408696,0.09255473166959505,0.025415875860522897,0.6891095890410959,0.7124006590651517,0.042641984977498854
fm_ct2_zip2,87,1,1750,1750,1750,16,1.0,67,2.9375,1.0,12.092914296747676,0.9153625822025053,-0.003762404634479924,0,0.06878041013426124,0.025604374255597435,0.700068493150685,0.7613905790368881,0.11054372566398062,0.06501800549978132,0.025858193157840877,0.6878767123287671,0.62208668126242,-0.07811806981653575
fm_ct2_zip2,87,1,1750,1750,1750,16,1.0,67,2.9375,1.0,20.019418138585138,0.9493390435669791,0.001387170117832598,1,0.05320416191383766,0.025943721415304054,0.7104794520547945,0.7457166485245599,0.048678725697776294,0.054591332031670256,0.026303838360324655,0.7331506849315069,0.7595817049476181,-0.14140790341073675
fm_ct2_zip2,87,1,1750,1750,1750,16,1.0,67,2.9375,1.0,5.7811858939998295,0.823983830690409,-0.03643267347537296,0,0.12291261454196468,0.024939409335673738,0.7919863013698629,1.5813532820881002,-0.034794754651370906,0.08647994106659172,0.02551323093357755,0.7878082191780822,1.0447979632442852,-0.18792330914712801
fm_ct2_zip2,87,1,1750,1750,1750,16,1.0,67,2.9375,1.0,3.837188087736014,0.7318862616862905,-0.005928451968984033,0,0.1045542929960488,0.025075322959416762,0.8176712328767123,1.6143494891484436,-0.07587858678000324,0.09862584102706477,0.02530080644254783,0.8317123287671233,1.2315215947736422,-0.2279667599708461
fm_ct2_zip2,87,1,1750,1750,1750,16,1.0,67,2.9375,1.0,12.728871903482055,0.9129016372760084,0.019944553594741954,1,0.07078566841930263,0.025494010085822614,0.7041780821917808,0.902025701548215,-0.033441231771408696,0.09073022201404458,0.025694659362747823,0.6965753424657535,0.7404123717173082,-0.18946258229426668
fm_ct2_zip2,87,3,1750,1750,5250,16,3.0,67,2.9375,1.0,38.46620795319168,0.9188806285542952,-0.003731283182522388,0,0.06878041013426124,0.025604374255597435,0.700068493150685,0.7613905790368881,0.11054372566398062,0.06504912695173885,0.025748561492723997,0.6995890410958904,0.8327637501876801,-0.11683960276795285
fm_ct2_zip2,87,3,1750,1750,5250,16,3.0,67,2.9375,1.0,43.33594392960006,0.9264168538728644,0.024405107830388642,1,0.05320416191383766,0.025943721415304054,0.7104794520547945,0.7457166485245599,0.048678725697776294,0.0776092697442263,0.025594519799582608,0.7477397260273972,1.0419391472979203,-0.11850258659620964
fm_ct2_zip2,87,3,1750,1750,5250,16,3.0,67,2.9375,1.0,28.88835064701789,0.8920406087662415,-0.020984535252888403,0,0.12291261454196468,0.024939409335673738,0.7919863013698629,1.5813532820881002,-0.034794754651370906,0.10192807928907628,0.02519628109073465,0.791027397260274,1.3056422663513882,-0.16238741057396305
fm_ct2_zip2,87,3,1750,1750,5250,16,3.0,67,2.9375,1.0,27.50668192537419,0.8902698320495812,0.006188129303066309,1,0.1045542929960488,0.025075322959416762,0.8176712328767123,1.6143494891484436,-0.07587858678000324,0.11074242229911511,0.024988255946524436,0.8436301369863013,1.6511367004379252,-0.2138833930803385
fm_ct2_zip2,87,3,1750,1750,5250,16,3.0,67,2.9375,1.0,34.63416955450471,0.9097836819478908,0.0065276293677258845,1,0.07078566841930263,0.025494010085822614,0.7041780821917808,0.902025701548215,-0.033441231771408696,0.07731329778702851,0.025466918831139034,0.7211643835616438,1.0299805208668207,-0.19628899238665426
fm_ct2_zip2,87,3,1750,1750,5250,16,3.0,67,2.9375,1.0,41.49644673579922,0.9261041890032673,0.014225758977457426,1,0.06878041013426124,0.025604374255597435,0.700068493150685,0.7613905790368881,0.11054372566398062,0.08300616911171867,0.025512965268451135,0.6939041095890411,0.6754268986085052,-0.06968057679657963
fm_ct2_zip2,87,3,1750,1750,5250,16,3.0,67,2.9375,1.0,78.34373279452561,0.9614658138519865,-0.0011365644687688914,0,0.05320416191383766,0.025943721415304054,0.7104794520547945,0.7457166485245599,0.048678725697776294,0.05206759744506877,0.026257987100205726,0.7129452054794521,0.6938427183076529,-0.08646446725455974
fm_ct2_zip2,87,3,1750,1750,5250,16,3.0,67,2.9375,1.0,97.93532346468187,0.9693633816670154,-0.02422482970916051,0,0.12291261454196468,0.024939409335673738,0.7919863013698629,1.5813532820881002,-0.034794754651370906,0.09868778483280417,0.02533425958664467,0.7977397260273973,1.0939024513593498,-0.12025634199434376
fm_ct2_zip2,87,3,1750,1750,5250,16,3.0,67,2.9375,1.0,80.1732832859798,0.9538911305009015,0.02056875629836237,1,0.1045542929960488,0.025075322959416762,0.8176712328767123,1.6143494891484436,-0.07587858678000324,0.12512304929441118,0.024899170978689725,0.822876712328767,1.5413677930879133,-0.15046200388967032
fm_ct2_zip2,87,3,1750,1750,5250,16,3.0,67,2.9375,1.0,39.36781289526916,0.9237955726453706,0.026206750605917248,1,0.07078566841930263,0.025494010085822614,0.7041780821917808,0.902025701548215,-0.033441231771408696,0.09699241902521988,0.025524307034868153,0.681095890410959,0.7934278534871424,-0.1384831160078835
fm_ct2_zip2,87,2,1750,1750,3500,16,2.0,67,2.9375,1.0,15.822223634093897,0.8291269400947412,-0.0055792051488421646,0,0.06878041013426124,0.025604374255597435,0.700068493150685,0.7613905790368881,0.11054372566398062,0.06320120498541908,0.025927769155903547,0.6630136986301369,0.4429133653306872,0.15862867646998471
fm_ct2_zip2,87,2,1750,1750,3500,16,2.0,67,2.9375,1.0,14.261877215520396,0.8480108135038448,-0.012409879481461598,0,0.05320416191383766,0.025943721415304054,0.7104794520547945,0.7457166485245599,0.048678725697776294,0.04079428243237606,0.027186707084862198,0.6569178082191781,0.40393372237472136,0.05035696440557872
fm_ct2_zip2,87,2,1750,1750,3500,16,2.0,67,2.9375,1.0,21.356067222482707,0.9059991148209788,-0.03615538453771912,0,0.12291261454196468,0.024939409335673738,0.7919863013698629,1.5813532820881002,-0.034794754651370906,0.08675723000424557,0.025919777431803407,0.7903424657534246,0.8280014331376405,0.019693409747229038
fm_ct2_zip2,87,2,1750,1750,3500,16,2.0,67,2.9375,1.0,27.536297204875837,0.9273022003487117,0.03674089489024303,1,0.1045542929960488,0.025075322959416762,0.8176712328767123,1.6143494891484436,-0.07587858678000324,0.14129518788629183,0.02480388515110633,0.8123972602739725,1.2370169245483287,0.10337352990792617
fm_ct2_zip2,87,2,1750,1750,3500,16,2.0,67,2.9375,1.0,21.499041818973033,0.9010482689197197,0.0501024660919146,1,0.07078566841930263,0.025494010085822614,0.7041780821917808,0.902025701548215,-0.033441231771408696,0.12088813451121723,0.025500676057596296,0.6426027397260274,0.5316796862410753,0.04121910586348007
fm_ct2_zip2,87,4,1750,1750,7000,16,4.0,67,2.9375,1.0,28.44710537157283,0.8581176245721515,0.033222462175866344,1,0.06878041013426124,0.025604374255597435,0.700068493150685,0.7613905790368881,0.11054372566398062,0.10200287231012758,0.025329867346590845,0.7104109589041097,0.8803244922989985,0.09318037364484887
fm_ct2_zip2,87,4,1750,1750,7000,16,4.0,67,2.9375,1.0,41.866809040999655,0.9039472377424098,0.010809319956977675,1,0.05320416191383766,0.025943721415304054,0.7104794520547945,0.7457166485245599,0.048678725697776294,0.06401348187081533,0.02577652819398867,0.7486986301369863,0.8774972841583873,0.06119369275187821
fm_ct2_zip2,87,4,1750,1750,7000,16,4.0,67,2.9375,1.0,33.632983160008585,0.8635596654212978,-0.00014602911967140364,0,0.12291261454196468,0.024939409335673738,0.7919863013698629,1.5813532820881002,-0.034794754651370906,0.12276658542229328,0.024920283458946736,0.8082191780821917,1.348044696053043,-0.007378979429467602
fm_ct2_zip2,87,4,1750,1750,7000,16,4.0,67,2.9375,1.0,52.470749205233915,0.9091122778527261,0.017910382174274778,1,0.1045542929960488,0.025075322959416762,0.8176712328767123,1.6143494891484436,-0.07587858678000324,0.12246467517032358,0.024816761148256622,0.8449315068493151,1.5334688469756068,0.03357328196261487
fm_ct2_zip2,87,4,1750,1750,7000,16,4.0,67,2.9375,1.0,34.1371803669587,0.8824408802178825,0.013568023217746333,1,0.07078566841930263,0.025494010085822614,0.7041780821917808,0.902025701548215,-0.033441231771408696,0.08435369163704896,0.025329438910306055,0.7433561643835617,1.0373373851094319,-0.005726932754512558
fm_ct2_zip2,87,1,1750,1750,1750,16,1.0,67,2.9375,1.0,7.878954919379365,0.8591809550923564,0.004590892739680635,1,0.06878041013426124,0.025604374255597435,0.700068493150685,0.7613905790368881,0.11054372566398062,0.07337130287394188,0.025648874323946094,0.6963013698630137,0.7605394070075163,-0.23513720869864835
fm_ct2_zip2,87,1,1750,1750,1750,16,1.0,67,2.9375,1.0,5.870962702643622,0.8293452595129668,0.002568426317765063,1,0.05320416191383766,0.025943721415304054,0.7104794520547945,0.7457166485245599,0.048678725697776294,0.05577258823160272,0.026057954121176525,0.7397260273972602,0.866475971505219,-0.26200471764079025
fm_ct2_zip2,87,1,1750,1750,1750,16,1.0,67,2.9375,1.0,7.780056326135243,0.8697941516111332,-0.015167331170570411,0,0.12291261454196468,0.024939409335673738,0.7919863013698629,1.5813532820881002,-0.034794754651370906,0.10774528337139427,0.02507839871449941,0.8234246575342465,1.410699390422101,-0.33178317768123955
fm_ct2_zip2,87,1,1750,1750,1750,16,1.0,67,2.9375,1.0,5.725258438015597,0.8237542727607657,-0.00026224916616938987,0,0.1045542929960488,0.025075322959416762,0.8176712328767123,1.6143494891484436,-0.07587858678000324,0.10429204382987942,0.025057675291747208,0.826027397260274,1.682318355761051,-0.3675289343262134
fm_ct2_zip2,87,1,1750,1750,1750,16,1.0,67,2.9375,1.0,8.378246885123502,0.8805626835134299,-0.005755912932903104,0,0.07078566841930263,0.025494010085822614,0.7041780821917808,0.902025701548215,-0.033441231771408696,0.06502975548639953,0.025829892519231516,0.6971917808219178,0.8384820580019683,-0.3233190796293169
fm_ct2_zip2,87,2,1750,1750,3500,16,2.0,67,2.9375,1.0,18.653790999936547,0.8926978476179457,0.015549310381427359,1,0.06878041013426124,0.025604374255597435,0.700068493150685,0.7613905790368881,0.11054372566398062,0.0843297205156886,0.025492950969406035,0.7111643835616439,0.6615661006629023,0.11602505227716314
fm_ct2_zip2,87,2,1750,1750,3500,16,2.0,67,2.9375,1.0,23.535388202722263,0.8999986549123624,0.0051072180138235085,1,0.05320416191383766,0.025943721415304054,0.7104794520547945,0.7457166485245599,0.048678725697776294,0.05831137992766117,0.02608134600483989,0.7272602739726027,0.6933544964029635,0.049249760050413
fm_ct2_zip2,87,2,1750,1750,3500,16,2.0,67,2.9375,1.0,15.485695629336712,0.8634909734438297,-0.009473936808638797,0,0.12291261454196468,0.024939409335673738,0.7919863013698629,1.5813532820881002,-0.034794754651370906,0.11343867773332589,0.025358018656796835,0.8113698630136986,0.974597556204288,0.02037443035664062
fm_ct2_zip2,87,2,1750,1750,3500,16,2.0,67,2.9375,1.0,16.533986177663586,0.8774178005987443,0.009186461450715111,1,0.1045542929960488,0.025075322959416762,0.8176712328767123,1.6143494891484436,-0.07587858678000324,0.11374075444676392,0.025037303066300413,0.8617123287671233,1.2812200302560055,-0.03509962118226489
fm_ct2_zip2,87,2,1750,1750,3500,16,2.0,67,2.9375,1.0,12.862574518600137,0.8432955952802796,0.007630935566294933,1,0.07078566841930263,0.025494010085822614,0.7041780821917808,0.902025701548215,-0.033441231771408696,0.07841660398559756,0.025649801960377316,0.7056164383561644,0.6859895653835644,0.009851843036167629
fm_ct2_zip2,87,2,1750,1750,3500,16,2.0,67,2.9375,1.0,12.382794391946529,0.8384131969208017,0.01845458834540291,1,0.06878041013426124,0.025604374255597435,0.700068493150685,0.7613905790368881,0.11054372566398062,0.08723499847966415,0.025405366846444243,0.7095890410958905,1.1078842902643786,0.10254815352392749
fm_ct2_zip2,87,2,1750,1750,3500,16,2.0,67,2.9375,1.0,23.259654310602855,0.9048485858496665,0.016476506518231404,1,0.05320416191383766,0.025943721415304054,0.7104794520547945,0.7457166485245599,0.048678725697776294,0.06968066843206906,0.025553404616287346,0.7495205479452054,1.120979058567661,0.06317235532514244
fm_ct2_zip2,87,2,1750,1750,3500,16,2.0,67,2.9375,1.0,15.37035596083833,0.8339789444669452,-0.01327499969063993,0,0.12291261454196468,0.024939409335673738,0.7919863013698629,1.5813532820881002,-0.034794754651370906,0.10963761485132476,0.02516310986246431,0.8032876712328768,1.907616966326423,-0.010962461506916012
fm_ct2_zip2,87,2,1750,1750,3500,16,2.0,67,2.9375,1.0,10.692149092487854,0.8062279415981101,-0.006347977536907981,0,0.1045542929960488,0.025075322959416762,0.8176712328767123,1.6143494891484436,-0.07587858678000324,0.09820631545914082,0.025180637756577664,0.8136301369863014,1.646831178857056,-0.08004853131847661
fm_ct2_zip2,87,2,1750,1750,3500,16,2.0,67,2.9375,1.0,12.387292140907883,0.8385186609068662,0.03687952145844425,1,0.07078566841930263,0.025494010085822614,0.7041780821917808,0.902025701548215,-0.033441231771408696,0.10766518987774688,0.025231002916386042,0.7387671232876712,1.4122512193710262,-0.05859607408745996
fm_ct2_zip2,91,4,1750,1750,7000,16,4.0,98,4.3125,1.0,125.2074741220386,0.9559384114567009,0.06006275489974215,1,0.06506061863743763,0.037185929390238966,0.6106939595389546,0.5927743730302287,-0.005545675226475997,0.12512337353717978,0.036429947398809615,0.6915682242096705,0.7156468023922574,0.167210678263688
fm_ct2_zip2,91,4,1750,1750,7000,16,4.0,98,4.3125,1.0,143.2016205702422,0.9720673089627531,0.041255380420165175,1,0.06490519735229403,0.037300996017199786,0.5692763881582094,0.4580031897069477,-0.051801118624132454,0.1061605777724592,0.0369141367185632,0.667128987517337,0.6083950241919805,0.01959023124428649
fm_ct2_zip2,91,4,1750,1750,7000,16,4.0,98,4.3125,1.0,54.77326436279787,0.9245852196141073,0.010762185929155177,1,0.11762770474146686,0.036800035971920095,0.5823329666650725,0.35426832802480873,0.018228856030307623,0.12838989067062204,0.03643226961166645,0.6141374527715338,0.431676316885813,0.14932918772013173
fm_ct2_zip2,91,4,1750,1750,7000,16,4.0,98,4.3125,1.0,59.48514247521468,0.9302924770232688,0.012661463556211144,1,0.09140451598370372,0.03673893537483655,0.6258548950212827,0.7619577163517809,-0.03739926609638473,0.10406597953991487,0.03707392971508879,0.6529245779329476,0.5389274167362029,0.06249376496548847
fm_ct2_zip2,91,4,1750,1750,7000,16,4.0,98,4.3125,1.0,65.12201782943967,0.937283249398688,0.041015267508123426,1,0.08172962503976389,0.03655044377199536,0.7059161126787508,1.2458107335496131,0.029963498154012672,0.12274489254788731,0.03600268436411001,0.723324884021235,0.8659407318409963,0.19501018197350942
fm_ct2_zip2,91,4,1750,1750,7000,16,4.0,98,4.3125,1.0,95.51856241475701,0.9577588601981813,0.03176541678300045,1,0.06506061863743763,0.037185929390238966,0.6106939595389546,0.5927743730302287,-0.005545675226475997,0.09682603542043808,0.03661668800529594,0.6959682433401885,0.7818330089161621,0.3898472141072805
fm_ct2_zip2,91,4,1750,1750,7000,16,4.0,98,4.3125,1.0,108.01303984509396,0.9612385944318,0.021811935703515875,1,0.06490519735229403,0.037300996017199786,0.5692763881582094,0.4580031897069477,-0.051801118624132454,0.0867171330558099,0.036819472551573196,0.6538332775359894,0.6237809045116798,0.20174766676523312
fm_ct2_zip2,91,4,1750,1750,7000,16,4.0,98,4.3125,1.0,54.02732904676477,0.9259421894273392,0.015303195815585341,1,0.11762770474146686,0.036800035971920095,0.5823329666650725,0.35426832802480873,0.018228856030307623,0.1329309005570522,0.03647540835609119,0.6275288153426755,0.5044758413181519,0.3125664674630609
fm_ct2_zip2,91,4,1750,1750,7000,16,4.0,98,4.3125,1.0,56.76514737740396,0.9295288294566929,-0.003740848747192216,0,0.09140451598370372,0.03673893537483655,0.6258548950212827,0.7619577163517809,-0.03739926609638473,0.0876636672365115,0.03710665273988112,0.6563680711655269,0.5626852125335854,0.30922070914177857
fm_ct2_zip2,91,4,1750,1750,7000,16,4.0,98,4.3125,1.0,87.08456664979917,0.9533184098480394,0.021999652504365183,1,0.08172962503976389,0.03655044377199536,0.7059161126787508,1.2458107335496131,0.029963498154012672,0.10372927754412907,0.03648027021666443,0.7069204648715864,0.8681635119933719,0.35721397224538054
fm_ct2_zip2,91,3,1750,1750,5250,16,3.0,98,4.3125,1.0,86.94889548829926,0.9581143265333854,0.048598877094642154,1,0.06506061863743763,0.037185929390238966,0.6106939595389546,0.5927743730302287,-0.005545675226475997,0.11365949573207978,0.036458764801080526,0.6696637811468745,0.6815287042915819,0.17647042723465442
fm_ct2_zip2,91,3,1750,1750,5250,16,3.0,98,4.3125,1.0,61.59768898690764,0.9507636998167849,0.048808228430110706,1,0.06490519735229403,0.037300996017199786,0.5692763881582094,0.4580031897069477,-0.051801118624132454,0.11371342578240473,0.03650238789223406,0.6735377110335262,0.755692139901107,0.10458203285118145
fm_ct2_zip2,91,3,1750,1750,5250,16,3.0,98,4.3125,1.0,52.955665447053725,0.9431676631658819,0.04367913653087946,1,0.11762770474146686,0.036800035971920095,0.5823329666650725,0.35426832802480873,0.018228856030307623,0.16130684127234632,0.03631439983407902,0.6487158639820173,0.6153530659377231,0.3316027938579245
fm_ct2_zip2,91,3,1750,1750,5250,16,3.0,98,4.3125,1.0,56.06924339495296,0.945831998067489,-0.0045146802555006416,0,0.09140451598370372,0.03673893537483655,0.6258548950212827,0.7619577163517809,-0.03739926609638473,0.08688983572820308,0.03691783215098906,0.6148548471949878,0.5330643812594665,0.19389946754190854
fm_ct2_zip2,91,3,1750,1750,5250,16,3.0,98,4.3125,1.0,51.337715655165674,0.9347636763848739,0.000838863739796275,1,0.08172962503976389,0.03655044377199536,0.7059161126787508,1.2458107335496131,0.029963498154012672,0.08256848877956016,0.03681686750703688,0.6807116552680663,0.7511253264159149,0.42206781854606257
fm_ct2_zip2,91,4,1750,1750,7000,16,4.0,98,4.3125,1.0,50.87332587935903,0.9213201994167037,0.0317426910688013,1,0.06506061863743763,0.037185929390238966,0.6106939595389546,0.5927743730302287,-0.005545675226475997,0.09680330970623893,0.0366272802682815,0.6550289349084126,0.7020922677123946,0.2550272001615245
fm_ct2_zip2,91,4,1750,1750,7000,16,4.0,98,4.3125,1.0,75.56694232153323,0.9469315508998629,0.018966254187745696,1,0.06490519735229403,0.037300996017199786,0.5692763881582094,0.4580031897069477,-0.051801118624132454,0.08387145154003972,0.03685458209878658,0.6469941173657278,0.6976506250402521,0.26821960634814607
fm_ct2_zip2,91,4,1750,1750,7000,16,4.0,98,4.3125,1.0,113.25626943520435,0.9646105390759208,0.04651361327882844,1,0.11762770474146686,0.036800035971920095,0.5823329666650725,0.35426832802480873,0.018228856030307623,0.1641413180202953,0.03635540043104421,0.6682768185948635,0.8102169432325991,0.4472987328563773
fm_ct2_zip2,91,4,1750,1750,7000,16,4.0,98,4.3125,1.0,54.84132737651403,0.9262651743084926,-0.025091778357364355,0,0.09140451598370372,0.03673893537483655,0.6258548950212827,0.7619577163517809,-0.03739926609638473,0.06631273762633937,0.03727135830691068,0.5993113013534841,0.4325885537885237,0.39956327109528633
fm_ct2_zip2,91,4,1750,1750,7000,16,4.0,98,4.3125,1.0,56.81683085893333,0.9293336587341265,-0.014230455012366,0,0.08172962503976389,0.03655044377199536,0.7059161126787508,1.2458107335496131,0.029963498154012672,0.06749917002739789,0.037136220141760413,0.658376775551198,0.6142516069105755,0.46534065779073397
fm_ct2_zip2,91,1,1750,1750,1750,16,1.0,98,4.3125,1.0,6.6407938424158015,0.8415154988908251,0.012578417625048327,1,0.06506061863743763,0.037185929390238966,0.6106939595389546,0.5927743730302287,-0.005545675226475997,0.07763903626248596,0.03688817563871779,0.6511071787268641,0.7011869866336231,0.09145797196395945
fm_ct2_zip2,91,1,1750,1750,1750,16,1.0,98,4.3125,1.0,30.176624823767394,0.9668159260455123,0.03036151254218472,1,0.06490519735229403,0.037300996017199786,0.5692763881582094,0.4580031897069477,-0.051801118624132454,0.09526670989447875,0.03652497000818301,0.6739203213927016,0.8344525085944461,0.18063576961345776
fm_ct2_zip2,91,1,1750,1750,1750,16,1.0,98,4.3125,1.0,6.64827987322931,0.8282129732877117,-0.000823991234510657,0,0.11762770474146686,0.036800035971920095,0.5823329666650725,0.35426832802480873,0.018228856030307623,0.1168037135069562,0.03661761450968258,0.6099765651155005,0.5257640273446577,0.22456557771139352
fm_ct2_zip2,91,1,1750,1750,1750,16,1.0,98,4.3125,1.0,3.457470612152365,0.709442864903953,0.0024521859826361625,1,0.09140451598370372,0.03673893537483655,0.6258548950212827,0.7619577163517809,-0.03739926609638473,0.09385670196633988,0.03700859897243791,0.5927112726577073,0.49597171640210963,0.1299755827794631
fm_ct2_zip2,91,1,1750,1750,1750,16,1.0,98,4.3125,1.0,9.42820640022972,0.8939277283744458,0.0042521063114379365,1,0.08172962503976389,0.03655044377199536,0.7059161126787508,1.2458107335496131,0.029963498154012672,0.08598173135120182,0.03653873722099106,0.7082596011287006,0.9414444792585918,0.2213238252629027
fm_ct2_zip2,91,3,1750,1750,5250,16,3.0,98,4.3125,1.0,27.476618205366112,0.8908064309899585,0.02751805066689482,1,0.06506061863743763,0.037185929390238966,0.6106939595389546,0.5927743730302287,-0.005545675226475997,0.09257866930433245,0.03670744283356667,0.6733942321488354,0.7962205020594041,0.2882075767334026
fm_ct2_zip2,91,3,1750,1750,5250,16,3.0,98,4.3125,1.0,47.12784701994324,0.9363258116310458,0.04607899767600693,1,0.06490519735229403,0.037300996017199786,0.5692763881582094,0.4580031897069477,-0.051801118624132454,0.11098419502830095,0.036470150897549396,0.6685637763642451,0.7956937862836776,0.21060362534645974
fm_ct2_zip2,91,3,1750,1750,5250,16,3.0,98,4.3125,1.0,61.21345885450801,0.9500389927861498,0.016528193705045935,1,0.11762770474146686,0.036800035971920095,0.5823329666650725,0.35426832802480873,0.018228856030307623,0.1341558984465128,0.03659142926111433,0.6142331053613277,0.48610262500240986,0.29999136720740854
fm_ct2_zip2,91,3,1750,1750,5250,16,3.0,98,4.3125,1.0,26.624618595960797,0.8870391500940106,-0.014165425831375866,0,0.09140451598370372,0.03673893537483655,0.6258548950212827,0.7619577163517809,-0.03739926609638473,0.07723909015232786,0.037188936207759336,0.6237983643407146,0.5102416052953783,0.24244637745340447
fm_ct2_zip2,91,3,1750,1750,5250,16,3.0,98,4.3125,1.0,26.208207152080327,0.8852819231192409,0.010551662991586608,1,0.08172962503976389,0.03655044377199536,0.7059161126787508,1.2458107335496131,0.029963498154012672,0.0922812880313505,0.03658247130056712,0.6972117270075088,0.8143332885265774,0.3325226858789241
fm_ct2_zip2,91,4,1750,1750,7000,16,4.0,98,4.3125,1.0,40.213443366179604,0.8991537825344096,0.04992367229671414,1,0.06506061863743763,0.037185929390238966,0.6106939595389546,0.5927743730302287,-0.005545675226475997,0.11498429093415177,0.036449417287651206,0.7033334927543163,0.9736362055888076,0.32380493835380253
fm_ct2_zip2,91,4,1750,1750,7000,16,4.0,98,4.3125,1.0,40.60418111024248,0.9007773573450677,0.02446696065821631,1,0.06490519735229403,0.037300996017199786,0.5692763881582094,0.4580031897069477,-0.051801118624132454,0.08937215801051034,0.03670517556001247,0.6667463771581617,0.7951149692524313,0.1900986520659634
fm_ct2_zip2,91,4,1750,1750,7000,16,4.0,98,4.3125,1.0,63.07530087383818,0.9328988218372722,0.03937101810034113,1,0.11762770474146686,0.036800035971920095,0.5823329666650725,0.35426832802480873,0.018228856030307623,0.156998722841808,0.03627394398283175,0.635133196231288,0.7020735672808524,0.22592968004469924
fm_ct2_zip2,91,4,1750,1750,7000,16,4.0,98,4.3125,1.0,54.51071107130859,0.9249787010488678,-0.0005865074836181594,0,0.09140451598370372,0.03673893537483655,0.6258548950212827,0.7619577163517809,-0.03739926609638473,0.09081800850008556,0.0368591778181091,0.6093548232818403,0.5626898742151586,0.29698576746601796
fm_ct2_zip2,91,4,1750,1750,7000,16,4.0,98,4.3125,1.0,72.23612629031388,0.9393495086855252,-0.001443824201153715,0,0.08172962503976389,0.03655044377199536,0.7059161126787508,1.2458107335496131,0.029963498154012672,0.08028580083861017,0.03670235540195166,0.6841551485006456,0.854439559447786,0.24957553319420292
fm_ct2_zip2,91,2,1750,1750,3500,16,2.0,98,4.3125,1.0,12.753298443674712,0.8430100107013061,0.04830068505454184,1,0.06506061863743763,0.037185929390238966,0.6106939595389546,0.5927743730302287,-0.005545675226475997,0.11336130369197947,0.036490472873097174,0.6821942704098714,0.8672490382611092,0.2772523088007068
fm_ct2_zip2,91,2,1750,1750,3500,16,2.0,98,4.3125,1.0,22.88865089179638,0.9079604590090585,0.02355509538222511,1,0.06490519735229403,0.037300996017199786,0.5692763881582094,0.4580031897069477,-0.051801118624132454,0.08846029273451914,0.03672097807980343,0.6613898321297049,0.762238431093549,0.24827322049266032
fm_ct2_zip2,91,2,1750,1750,3500,16,2.0,98,4.3125,1.0,18.93880056728324,0.8642058680351317,0.034878110503622495,1,0.11762770474146686,0.036800035971920095,0.5823329666650725,0.35426832802480873,0.018228856030307623,0.15250581524508935,0.0364300020787669,0.6253766320723133,0.6788105265660097,0.24859979533148088
fm_ct2_zip2,91,2,1750,1750,3500,16,2.0,98,4.3125,1.0,11.264534970478335,0.803923669422112,0.002209227626956828,1,0.09140451598370372,0.03673893537483655,0.6258548950212827,0.7619577163517809,-0.03739926609638473,0.09361374361066055,0.03695687047829153,0.5983547754555455,0.5350574740952433,0.2527834408189329
fm_ct2_zip2,91,2,1750,1750,3500,16,2.0,98,4.3125,1.0,19.500375219418636,0.8965677944915827,-0.009610760109594371,0,0.08172962503976389,0.03655044377199536,0.7059161126787508,1.2458107335496131,0.029963498154012672,0.07211886493016952,0.036859507812619347,0.6756898943038883,0.8368684311121333,0.33196593539639596
fm_ct2_zip2,91,1,1750,1750,1750,16,1.0,98,4.3125,1.0,11.085605950551578,0.909779044188243,0.026829373854612523,1,0.06506061863743763,0.037185929390238966,0.6106939595389546,0.5927743730302287,-0.005545675226475997,0.09188999249205015,0.03675908952331677,0.6703811755703286,0.8526581781502441,-0.20966257706432087
fm_ct2_zip2,91,1,1750,1750,1750,16,1.0,98,4.3125,1.0,17.912521946035344,0.9438855659549872,0.04316471464897287,1,0.06490519735229403,0.037300996017199786,0.5692763881582094,0.4580031897069477,-0.051801118624132454,0.1080699120012669,0.03702898987898756,0.6623941843225406,0.8041703947951276,-0.3405908458947709
fm_ct2_zip2,91,1,1750,1750,1750,16,1.0,98,4.3125,1.0,26.363681136312202,0.9619446001493253,0.029031305095407967,1,0.11762770474146686,0.036800035971920095,0.5823329666650725,0.35426832802480873,0.018228856030307623,0.14665900983687483,0.03660783036457336,0.6192070400306089,0.5772004055911715,-0.25674292976520324
fm_ct2_zip2,91,1,1750,1750,1750,16,1.0,98,4.3125,1.0,14.765833727916519,0.9136184488145978,0.004637386143088354,1,0.09140451598370372,0.03673893537483655,0.6258548950212827,0.7619577163517809,-0.03739926609638473,0.09604190212679208,0.037021861955080185,0.618393993017361,0.6626841337717586,-0.24380253732093152
fm_ct2_zip2,91,1,1750,1750,1750,16,1.0,98,4.3125,1.0,10.919227234232658,0.9043818861162658,0.024340597845063164,1,0.08172962503976389,0.03655044377199536,0.7059161126787508,1.2458107335496131,0.029963498154012672,0.10607022288482705,0.03618637093686259,0.7254770672915969,1.1838383150465412,-0.20921729231183053
fm_ct2_zip2,91,1,1750,1750,1750,16,1.0,98,4.3125,1.0,6.814497065447485,0.851754177613947,0.023638366060279123,1,0.06506061863743763,0.037185929390238966,0.6106939595389546,0.5927743730302287,-0.005545675226475997,0.08869898469771675,0.03697052455168633,0.6566072026400115,0.6821577483874998,0.49307869359931894
fm_ct2_zip2,91,1,1750,1750,1750,16,1.0,98,4.3125,1.0,9.881535926595,0.8987091752846283,0.020661744314020278,1,0.06490519735229403,0.037300996017199786,0.5692763881582094,0.4580031897069477,-0.051801118624132454,0.0855669416663143,0.03697241810210093,0.6072026400114783,0.5346499815849539,0.218031833266715
fm_ct2_zip2,91,1,1750,1750,1750,16,1.0,98,4.3125,1.0,5.9745644336007455,0.8322612160655314,0.054298811467911406,1,0.11762770474146686,0.036800035971920095,0.5823329666650725,0.35426832802480873,0.018228856030307623,0.17192651620937827,0.03657598055395075,0.5981634702759577,0.38140514438843653,0.3126833631251425
fm_ct2_zip2,91,1,1750,1750,1750,16,1.0,98,4.3125,1.0,9.061159471519575,0.8896307936193818,-0.01465099705811837,0,0.09140451598370372,0.03673893537483655,0.6258548950212827,0.7619577163517809,-0.03739926609638473,0.07675351892558535,0.037145919275796115,0.6331723181405136,0.5166676858137125,0.34742186218511967
fm_ct2_zip2,91,1,1750,1750,1750,16,1.0,98,4.3125,1.0,15.423288286678888,0.9287786468954853,0.002282405255655165,1,0.08172962503976389,0.03655044377199536,0.7059161126787508,1.2458107335496131,0.029963498154012672,0.08401203029541905,0.0369976589363249,0.6617246161939835,0.7031651695212022,0.47353842389584866
fm_ct2_zip2,91,2,1750,1750,3500,16,2.0,98,4.3125,1.0,13.53875104081586,0.8520889042408435,0.05061637787790839,1,0.06506061863743763,0.037185929390238966,0.6106939595389546,0.5927743730302287,-0.005545675226475997,0.11567699651534602,0.03642773505854484,0.6950595437371466,0.9187410714421922,0.2988230751425181
fm_ct2_zip2,91,2,1750,1750,3500,16,2.0,98,4.3125,1.0,24.793706509956337,0.9187116255712593,0.013570703629524394,1,0.06490519735229403,0.037300996017199786,0.5692763881582094,0.4580031897069477,-0.051801118624132454,0.07847590098181842,0.03698193057728736,0.6305418719211823,0.6325605504517566,0.23127354889291157
fm_ct2_zip2,91,2,1750,1750,3500,16,2.0,98,4.3125,1.0,22.22555250916366,0.9060928322481863,0.048505762318823364,1,0.11762770474146686,0.036800035971920095,0.5823329666650725,0.35426832802480873,0.018228856030307623,0.16613346706029022,0.03601335634452765,0.6745420632263619,0.8959568663099668,0.20907753942277882
fm_ct2_zip2,91,2,1750,1750,3500,16,2.0,98,4.3125,1.0,24.400562180720552,0.9154653104355379,0.019066710391966085,1,0.09140451598370372,0.03673893537483655,0.6258548950212827,0.7619577163517809,-0.03739926609638473,0.1104712263756698,0.03660065005808974,0.6295375197283466,0.6334838154403493,0.15876463267691562
fm_ct2_zip2,91,2,1750,1750,3500,16,2.0,98,4.3125,1.0,27.507405684171914,0.9239858975400584,0.005357257793700221,1,0.08172962503976389,0.03655044377199536,0.7059161126787508,1.2458107335496131,0.029963498154012672,0.08708688283346411,0.036667498435924255,0.6721985747764121,0.8060261498678073,0.2492903421522719
fm_ct2_zip2,91,2,1750,1750,3500,16,2.0,98,4.3125,1.0,18.685009367321328,0.8927262637067436,0.04541921477439549,1,0.06506061863743763,0.037185929390238966,0.6106939595389546,0.5927743730302287,-0.005545675226475997,0.11047983341183312,0.036288953501930746,0.687550815438328,0.9917788367665477,0.09926887265890777
fm_ct2_zip2,91,2,1750,1750,3500,16,2.0,98,4.3125,1.0,22.39606914892725,0.8550466191732566,0.01685686518229247,1,0.06490519735229403,0.037300996017199786,0.5692763881582094,0.4580031897069477,-0.051801118624132454,0.0817620625345865,0.03685532360984229,0.6321679659476781,0.6887249401974369,0.0220391423803723
fm_ct2_zip2,91,2,1750,1750,3500,16,2.0,98,4.3125,1.0,13.98983553583956,0.8512046573373853,0.056621503537907625,1,0.11762770474146686,0.036800035971920095,0.5823329666650725,0.35426832802480873,0.018228856030307623,0.17424920827937448,0.0363461946824059,0.5988330384045149,0.6285232382331515,0.06212101953250837
fm_ct2_zip2,91,2,1750,1750,3500,16,2.0,98,4.3125,1.0,25.595453451011284,0.9199335161505724,0.009569672116700415,1,0.09140451598370372,0.03673893537483655,0.6258548950212827,0.7619577163517809,-0.03739926609638473,0.10097418810040414,0.03663643962454775,0.6369027691424746,0.7585441550090252,0.1310419695340737
fm_ct2_zip2,91,2,1750,1750,3500,16,2.0,98,4.3125,1.0,20.45508152052815,0.9021184541916972,-0.0035871084894345956,0,0.08172962503976389,0.03655044377199536,0.7059161126787508,1.2458107335496131,0.029963498154012672,0.07814251655032929,0.036675110711300744,0.7003682624707064,1.0738242317084497,0.12242140038983136
fm_ct2_zip2,97,4,1750,1750,7000,16,4.0,71,3.125,1.0,85.53106030468409,0.9529808173814063,0.008306843502770528,1,0.09045596028345212,0.026682736613262037,0.6891371088901953,0.9361846457671137,-0.034498320246699805,0.09876280378622265,0.02646038163971253,0.7521719250114312,1.058698125595518,0.018274578113691885
fm_ct2_zip2,97,4,1750,1750,7000,16,4.0,71,3.125,1.0,78.29020802818437,0.9488831705427709,-0.0009663272031104758,0,0.06170949118198439,0.027227883834576916,0.6745705140766869,0.6730168256942682,-0.058287042019433216,0.060743163978873915,0.027406355845902026,0.6814945456920766,0.6020996061380586,-0.026518469144098496
fm_ct2_zip2,97,4,1750,1750,7000,16,4.0,71,3.125,1.0,104.20344865161194,0.9614329622474224,0.042814893135631395,1,0.060381392250271525,0.026873834742745184,0.7266313932980599,1.1799720469525257,-0.05892785771674488,0.10319628538590292,0.026331302143569345,0.7793454830491867,1.0816291389156658,0.07438726221887977
fm_ct2_zip2,97,4,1750,1750,7000,16,4.0,71,3.125,1.0,65.28675002177965,0.9372321737743046,0.020635391571391784,1,0.05750007122561658,0.027078178092260097,0.7277418511986413,0.9910312529420787,-0.023529850099794004,0.07813546279700836,0.02666218332748295,0.7616434776928604,1.090176014714736,0.06655596562587493
fm_ct2_zip2,97,4,1750,1750,7000,16,4.0,71,3.125,1.0,51.55671623212355,0.9223845931660501,-0.010017636459373452,0,0.07019245365342967,0.02691721139220395,0.6921418773270624,0.9386138456605357,-0.04844689298652323,0.06017481719405622,0.027283842845829194,0.6753543667123915,0.6253373146212455,0.06194691034965884
fm_ct2_zip2,97,3,1750,1750,5250,16,3.0,71,3.125,1.0,64.99187708400942,0.9470345776685851,0.010198764113835024,1,0.09045596028345212,0.026682736613262037,0.6891371088901953,0.9361846457671137,-0.034498320246699805,0.10065472439728715,0.026519076824829804,0.7546541250244954,0.9891125808403062,-0.11681436444506493
fm_ct2_zip2,97,3,1750,1750,5250,16,3.0,71,3.125,1.0,37.6432916995131,0.9201569849262907,0.003312391441841603,1,0.06170949118198439,0.027227883834576916,0.6745705140766869,0.6730168256942682,-0.058287042019433216,0.065021882623826,0.027270418719945524,0.6719576719576719,0.6423872206000866,-0.1404740713362685
fm_ct2_zip2,97,3,1750,1750,5250,16,3.0,71,3.125,1.0,36.68111973534276,0.9182062173643353,0.03472911947623466,1,0.060381392250271525,0.026873834742745184,0.7266313932980599,1.1799720469525257,-0.05892785771674488,0.09511051172650618,0.026469913866912255,0.7773205304069501,1.0516583115689653,-0.06762081217060582
fm_ct2_zip2,97,3,1750,1750,5250,16,3.0,71,3.125,1.0,47.991970980487146,0.9340355743889615,0.05797678527820441,1,0.05750007122561658,0.027078178092260097,0.7277418511986413,0.9910312529420787,-0.023529850099794004,0.11547685650382099,0.026234203307064902,0.755829903978052,1.231599655902709,-0.009034990420578358
fm_ct2_zip2,97,3,1750,1750,5250,16,3.0,71,3.125,1.0,44.75743130165252,0.9329718366569586,-0.005429367817837136,0,0.07019245365342967,0.02691721139220395,0.6921418773270624,0.9386138456605357,-0.04844689298652323,0.06476308583559254,0.02729054370793673,0.672676203540401,0.6621394168969111,-0.07772548713184647
fm_ct2_zip2,97,3,1750,1750,5250,16,3.0,71,3.125,1.0,19.679272206052257,0.8424632064877615,0.014020290359914575,1,0.09045596028345212,0.026682736613262037,0.6891371088901953,0.9361846457671137,-0.034498320246699805,0.1044762506433667,0.02641096912820946,0.7506695407929976,1.1575873508198493,-0.04697440674817459
fm_ct2_zip2,97,3,1750,1750,5250,16,3.0,71,3.125,1.0,31.207883769651993,0.897832000401297,-0.0027999215803017966,0,0.06170949118198439,0.027227883834576916,0.6745705140766869,0.6730168256942682,-0.058287042019433216,0.058909569601682595,0.02736518949132774,0.6912273825854072,0.6688533730966666,-0.02180641322652931
fm_ct2_zip2,97,3,1750,1750,5250,16,3.0,71,3.125,1.0,26.43262709231127,0.8806454837114335,0.037850487090276046,1,0.060381392250271525,0.026873834742745184,0.7266313932980599,1.1799720469525257,-0.05892785771674488,0.09823187934054757,0.02634397073381402,0.7964595989287347,1.3206502306651344,-0.013445261717771788
fm_ct2_zip2,97,3,1750,1750,5250,16,3.0,71,3.125,1.0,25.484750012927947,0.876656545196713,0.023600154279786206,1,0.05750007122561658,0.027078178092260097,0.7277418511986413,0.9910312529420787,-0.023529850099794004,0.08110022550540279,0.02666618104671387,0.745509177607943,1.0263444694649977,0.056370105522391
fm_ct2_zip2,97,3,1750,1750,5250,16,3.0,71,3.125,1.0,13.52023167170747,0.7746878345116106,0.0059306459707192255,1,0.07019245365342967,0.02691721139220395,0.6921418773270624,0.9386138456605357,-0.04844689298652323,0.0761230996241489,0.026946436102758417,0.7089293879417337,0.8326129559756918,-0.027606252965839868
fm_ct2_zip2,97,4,1750,1750,7000,16,4.0,71,3.125,1.0,47.49840693191404,0.9150002069712535,-0.0042992394349729846,0,0.09045596028345212,0.026682736613262037,0.6891371088901953,0.9361846457671137,-0.034498320246699805,0.08615672084847914,0.02658597214968744,0.7337513880723757,1.056221727079774,0.020771691850831008
fm_ct2_zip2,97,4,1750,1750,7000,16,4.0,71,3.125,1.0,41.63759077816556,0.9037022975623952,0.004421307160961771,1,0.06170949118198439,0.027227883834576916,0.6745705140766869,0.6730168256942682,-0.058287042019433216,0.06613079834294616,0.027024598982104502,0.6682343719380757,0.7143004715159449,-0.06100563630908543
fm_ct2_zip2,97,4,1750,1750,7000,16,4.0,71,3.125,1.0,41.445411643714294,0.9014746931843571,0.028630932171740793,1,0.060381392250271525,0.026873834742745184,0.7266313932980599,1.1799720469525257,-0.05892785771674488,0.08901232442201232,0.02647283636765871,0.7767326409301718,1.1406459611297277,-0.034866206705405994
fm_ct2_zip2,97,4,1750,1750,7000,16,4.0,71,3.125,1.0,69.45901990207238,0.9408600827928069,0.0418033190484135,1,0.05750007122561658,0.027078178092260097,0.7277418511986413,0.9910312529420787,-0.023529850099794004,0.09930339027403008,0.0263480616006516,0.7583774250440918,1.1837727586951525,0.03851284020089741
fm_ct2_zip2,97,4,1750,1750,7000,16,4.0,71,3.125,1.0,65.95802494200657,0.9296429211839581,-0.009027781477371884,0,0.07019245365342967,0.02691721139220395,0.6921418773270624,0.9386138456605357,-0.04844689298652323,0.06116467217605779,0.027349240184470228,0.6703246456332875,0.6626283140842653,-0.008278543355604092
fm_ct2_zip2,97,4,1750,1750,7000,16,4.0,71,3.125,1.0,45.54622281282571,0.9118588422545912,0.02453975867232025,1,0.09045596028345212,0.026682736613262037,0.6891371088901953,0.9361846457671137,-0.034498320246699805,0.11499571895577237,0.02647462376125481,0.7277418511986413,1.1590310845918048,-0.0057242412173704295
fm_ct2_zip2,97,4,1750,1750,7000,16,4.0,71,3.125,1.0,70.08864881029575,0.9427164734717872,0.009171599042227654,1,0.06170949118198439,0.027227883834576916,0.6745705140766869,0.6730168256942682,-0.058287042019433216,0.07088109022421205,0.026892499235447984,0.6597426350512771,0.7524126475420041,0.03526050061122809
fm_ct2_zip2,97,4,1750,1750,7000,16,4.0,71,3.125,1.0,77.51748156144966,0.9433371103750734,0.04154253035269747,1,0.060381392250271525,0.026873834742745184,0.7266313932980599,1.1799720469525257,-0.05892785771674488,0.101923922602969,0.02631817768007364,0.7924750146972369,1.2764759093813876,0.03491678976932565
fm_ct2_zip2,97,4,1750,1750,7000,16,4.0,71,3.125,1.0,66.89236540860799,0.934642656558555,0.03610915579053056,1,0.05750007122561658,0.027078178092260097,0.7277418511986413,0.9910312529420787,-0.023529850099794004,0.09360922701614714,0.026549221310161738,0.721928277483833,1.0187533248465026,0.08143716320783677
fm_ct2_zip2,97,4,1750,1750,7000,16,4.0,71,3.125,1.0,82.14019017978862,0.93198461154072,-0.0015973862001251588,0,0.07019245365342967,0.02691721139220395,0.6921418773270624,0.9386138456605357,-0.04844689298652323,0.06859506745330451,0.027193575697781976,0.6675811614083219,0.7115955128534807,0.03485815329531967
fm_ct2_zip2,97,2,1750,1750,3500,16,2.0,71,3.125,1.0,13.18951923915428,0.8473296357674309,0.015988256585211164,1,0.09045596028345212,0.026682736613262037,0.6891371088901953,0.9361846457671137,-0.034498320246699805,0.10644421686866329,0.026437773847993062,0.749167156574564,1.0934627823744951,0.15515472921249393
fm_ct2_zip2,97,2,1750,1750,3500,16,2.0,71,3.125,1.0,38.43066210368896,0.9478679255902364,-0.001724333187677285,0,0.06170949118198439,0.027227883834576916,0.6745705140766869,0.6730168256942682,-0.058287042019433216,0.059985157994307106,0.02709166593047739,0.662878045594095,0.6961276883952284,0.22773506959940523
fm_ct2_zip2,97,2,1750,1750,3500,16,2.0,71,3.125,1.0,69.86747733265278,0.9672333758691289,0.03750744623703265,1,0.060381392250271525,0.026873834742745184,0.7266313932980599,1.1799720469525257,-0.05892785771674488,0.09788883848730418,0.026526192745249443,0.7410020249526423,1.0102192418479854,0.39612839825052854
fm_ct2_zip2,97,2,1750,1750,3500,16,2.0,71,3.125,1.0,29.27689075895724,0.9270931404864055,0.0026392400140594907,1,0.05750007122561658,0.027078178092260097,0.7277418511986413,0.9910312529420787,-0.023529850099794004,0.06013931123967607,0.027050444398018642,0.7072310405643738,0.7692279157196195,0.4170680263950611
fm_ct2_zip2,97,2,1750,1750,3500,16,2.0,71,3.125,1.0,17.670098943651922,0.886377455571947,0.0033510498222284607,1,0.07019245365342967,0.02691721139220395,0.6921418773270624,0.9386138456605357,-0.04844689298652323,0.07354350347565813,0.027068928871667047,0.671631066692795,0.6723042140076955,0.25915275744325
fm_ct2_zip2,97,3,1750,1750,5250,16,3.0,71,3.125,1.0,15.05338570592482,0.8006565042827449,0.02427472513240002,1,0.09045596028345212,0.026682736613262037,0.6891371088901953,0.9361846457671137,-0.034498320246699805,0.11473068541585214,0.026366991094916515,0.7556339408191259,1.3284863304701031,0.02490023457191059
fm_ct2_zip2,97,3,1750,1750,5250,16,3.0,71,3.125,1.0,42.21468919279866,0.9256331100989923,0.0012208453939194785,1,0.06170949118198439,0.027227883834576916,0.6745705140766869,0.6730168256942682,-0.058287042019433216,0.06293033657590387,0.027016468107091116,0.6841073878110916,0.7673759912846051,0.06026898067616185
fm_ct2_zip2,97,3,1750,1750,5250,16,3.0,71,3.125,1.0,49.11404605991097,0.9383248034067118,0.042056726603758664,1,0.060381392250271525,0.026873834742745184,0.7266313932980599,1.1799720469525257,-0.05892785771674488,0.10243811885403019,0.026368415613751604,0.816774446404076,1.7363393828266667,0.056966471008982895
fm_ct2_zip2,97,3,1750,1750,5250,16,3.0,71,3.125,1.0,24.266476062293812,0.8554723166102098,0.007255462106016505,1,0.05750007122561658,0.027078178092260097,0.7277418511986413,0.9910312529420787,-0.023529850099794004,0.06475553333163309,0.02684972095835166,0.7330328564896467,1.0820254001898584,0.06348863118676451
fm_ct2_zip2,97,3,1750,1750,5250,16,3.0,71,3.125,1.0,45.92620319271988,0.9276532045793381,0.016270280378572186,1,0.07019245365342967,0.02691721139220395,0.6921418773270624,0.9386138456605357,-0.04844689298652323,0.08646273403200186,0.026778865305600946,0.7164413090339017,1.0806744670581903,0.04148032858358131
fm_ct2_zip2,97,1,1750,1750,1750,16,1.0,71,3.125,1.0,4.835663482101631,0.7921577074124473,-0.0034561608608578015,0,0.09045596028345212,0.026682736613262037,0.6891371088901953,0.9361846457671137,-0.034498320246699805,0.08699979942259432,0.026617447612546384,0.7244104774968972,0.9066957300764453,0.09529170735224489
fm_ct2_zip2,97,1,1750,1750,1750,16,1.0,71,3.125,1.0,9.945729795997599,0.8993853911269218,-0.005977217740839855,0,0.06170949118198439,0.027227883834576916,0.6745705140766869,0.6730168256942682,-0.058287042019433216,0.055732273441144536,0.027211613555069854,0.6753543667123914,0.6778077153952583,0.1640271081728701
fm_ct2_zip2,97,1,1750,1750,1750,16,1.0,71,3.125,1.0,5.7153796793595735,0.8187709504799408,0.022572396264382517,1,0.060381392250271525,0.026873834742745184,0.7266313932980599,1.1799720469525257,-0.05892785771674488,0.08295378851465404,0.0265948380410665,0.7899274936311973,1.2897183788073505,0.17301902073967385
fm_ct2_zip2,97,1,1750,1750,1750,16,1.0,71,3.125,1.0,5.424831127281454,0.8082442124035326,0.009344936666216469,1,0.05750007122561658,0.027078178092260097,0.7277418511986413,0.9910312529420787,-0.023529850099794004,0.06684500789183305,0.02694446799199261,0.7216669932719315,0.8497014554714086,0.15321584106352876
fm_ct2_zip2,97,1,1750,1750,1750,16,1.0,71,3.125,1.0,7.781991657859989,0.8066622753228059,0.018407362515791142,1,0.07019245365342967,0.02691721139220395,0.6921418773270624,0.9386138456605357,-0.04844689298652323,0.08859981616922082,0.02674005026234433,0.7026585668560976,0.8992563730099227,0.1199491407427566
fm_ct2_zip2,97,3,1750,1750,5250,16,3.0,71,3.125,1.0,25.62853205447444,0.8825347505711156,0.0065845179961636635,1,0.09045596028345212,0.026682736613262037,0.6891371088901953,0.9361846457671137,-0.034498320246699805,0.09704047827961579,0.026548550865928444,0.7337513880723757,0.9210829184065177,0.2975002288882857
fm_ct2_zip2,97,3,1750,1750,5250,16,3.0,71,3.125,1.0,27.66898902068143,0.8793898165394227,0.0017630802923352396,1,0.06170949118198439,0.027227883834576916,0.6745705140766869,0.6730168256942682,-0.058287042019433216,0.06347257147431963,0.027074770414287477,0.6620941929583904,0.6415511777824691,0.3369618700219373
fm_ct2_zip2,97,3,1750,1750,5250,16,3.0,71,3.125,1.0,23.25575185232541,0.8610444228839222,0.036096072687142634,1,0.060381392250271525,0.026873834742745184,0.7266313932980599,1.1799720469525257,-0.05892785771674488,0.09647746493741416,0.026494169594096752,0.7948265726043504,1.0917035847015273,0.3566477160895428
fm_ct2_zip2,97,3,1750,1750,5250,16,3.0,71,3.125,1.0,47.86783509957253,0.9372219191284941,0.02726424213665736,1,0.05750007122561658,0.027078178092260097,0.7277418511986413,0.9910312529420787,-0.023529850099794004,0.08476431336227394,0.0267525042234588,0.7115422300607486,0.8671158498887197,0.37961407703284944
fm_ct2_zip2,97,3,1750,1750,5250,16,3.0,71,3.125,1.0,17.81559310794991,0.8296590753500467,0.011708188373500586,1,0.07019245365342967,0.02691721139220395,0.6921418773270624,0.9386138456605357,-0.04844689298652323,0.08190064202693026,0.02709715033419901,0.6713044614279182,0.6514301074046068,0.34190346723083703
fm_ct2_zip2,97,2,1750,1750,3500,16,2.0,71,3.125,1.0,18.505115708909795,0.8853503574610373,0.0024447229536568166,1,0.09045596028345212,0.026682736613262037,0.6891371088901953,0.9361846457671137,-0.034498320246699805,0.09290068323710894,0.026551590520138175,0.7325102880658436,0.9719563075391354,0.204411284485966
fm_ct2_zip2,97,2,1750,1750,3500,16,2.0,71,3.125,1.0,17.304731729614687,0.884423290773326,-0.003192163673530979,0,0.06170949118198439,0.027227883834576916,0.6745705140766869,0.6730168256942682,-0.058287042019433216,0.05851732750845341,0.027204209776834746,0.6626167613821934,0.6367676825848372,0.23407144510122244
fm_ct2_zip2,97,2,1750,1750,3500,16,2.0,71,3.125,1.0,10.501908453313309,0.8054288555617639,0.04082694621781006,1,0.060381392250271525,0.026873834742745184,0.7266313932980599,1.1799720469525257,-0.05892785771674488,0.10120833846808158,0.026508129892516948,0.7966555620876608,1.1467326917988554,0.2746200512118033
fm_ct2_zip2,97,2,1750,1750,3500,16,2.0,71,3.125,1.0,15.584591229277592,0.871260159951723,0.019320447260722767,1,0.05750007122561658,0.027078178092260097,0.7277418511986413,0.9910312529420787,-0.023529850099794004,0.07682051848633935,0.02676218962619885,0.7124567248024039,0.8183070563095872,0.2520729186618106
fm_ct2_zip2,97,2,1750,1750,3500,16,2.0,71,3.125,1.0,14.483857752381471,0.841726719933652,0.012482591455298703,1,0.07019245365342967,0.02691721139220395,0.6921418773270624,0.9386138456605357,-0.04844689298652323,0.08267504510872838,0.026964417500314575,0.6788817035730615,0.7061514782783933,0.25492366776566305
fm_ct2_zip2,97,4,1750,1750,7000,16,4.0,71,3.125,1.0,49.12669022852859,0.9185259489059255,0.022442876043333407,1,0.09045596028345212,0.026682736613262037,0.6891371088901953,0.9361846457671137,-0.034498320246699805,0.11289883632678553,0.026379944751390796,0.7326409301717944,1.1824986909710065,0.13411302352749996
fm_ct2_zip2,97,4,1750,1750,7000,16,4.0,71,3.125,1.0,108.02451538565717,0.9478942735480875,0.007406074328557305,1,0.06170949118198439,0.027227883834576916,0.6745705140766869,0.6730168256942682,-0.058287042019433216,0.0691155655105417,0.02694031323279098,0.6567378666144098,0.6808001800060296,0.1212777503399602
fm_ct2_zip2,97,4,1750,1750,7000,16,4.0,71,3.125,1.0,64.97460368746165,0.9317602644726901,0.04934373604856795,1,0.060381392250271525,0.026873834742745184,0.7266313932980599,1.1799720469525257,-0.05892785771674488,0.10972512829883947,0.026297767313250328,0.7908419883728526,1.34093036422273,0.15320830773902672
fm_ct2_zip2,97,4,1750,1750,7000,16,4.0,71,3.125,1.0,52.188170653501594,0.9225615510889804,0.01668795197965782,1,0.05750007122561658,0.027078178092260097,0.7277418511986413,0.9910312529420787,-0.023529850099794004,0.0741880232052744,0.026738956651524176,0.7389117512574304,1.0612942923911786,0.17479555207339997
fm_ct2_zip2,97,4,1750,1750,7000,16,4.0,71,3.125,1.0,56.79256770822059,0.9284418751688952,0.025939842925898446,1,0.07019245365342967,0.02691721139220395,0.6921418773270624,0.9386138456605357,-0.04844689298652323,0.09613229657932812,0.026810697116876957,0.6969103141942647,0.9831348250891259,0.14135759867613432
fm_ct2_zip2,97,1,1750,1750,1750,16,1.0,71,3.125,1.0,2.6903622622897947,0.3983121711602559,0.022550238847326945,1,0.09045596028345212,0.026682736613262037,0.6891371088901953,0.9361846457671137,-0.034498320246699805,0.11300619913077907,0.026525516575119795,0.7233653406492913,1.4068338178998692,-0.039715448836578036
fm_ct2_zip2,97,1,1750,1750,1750,16,1.0,71,3.125,1.0,1.8298246897373254,0.45119230458664017,0.0017814210984423151,1,0.06170949118198439,0.027227883834576916,0.6745705140766869,0.6730168256942682,-0.058287042019433216,0.0634909122804267,0.02697405674321062,0.6411261349532954,0.7356293092567366,0.003379689852259551
fm_ct2_zip2,97,1,1750,1750,1750,16,1.0,71,3.125,1.0,11.47343086191152,0.8985117925816465,0.06344136994804175,1,0.060381392250271525,0.026873834742745184,0.7266313932980599,1.1799720469525257,-0.05892785771674488,0.12382276219831329,0.026384634468569697,0.8175582990397806,2.351266535740673,-0.022574074736074617
fm_ct2_zip2,97,1,1750,1750,1750,16,1.0,71,3.125,1.0,6.188236548314855,0.8255659369889538,0.002958369640116025,1,0.05750007122561658,0.027078178092260097,0.7277418511986413,0.9910312529420787,-0.023529850099794004,0.060458440865732606,0.02691007014790754,0.7235613038082174,1.1617439501790305,-0.08267465077627371
fm_ct2_zip2,97,1,1750,1750,1750,16,1.0,71,3.125,1.0,2.722975853245753,0.6323007074564814,0.0292104278345849,1,0.07019245365342967,0.02691721139220395,0.6921418773270624,0.9386138456605357,-0.04844689298652323,0.09940288148801457,0.026675947497299377,0.724541119602848,1.4410215273655878,-0.04398563019757556
