dataset,target,n_partners,n_target,n_min,n_partner_total,d_target,ratio_partner_to_target,events_target,epv_target,schema_jaccard,q_median,i2_median,benefit,helped,loc_AUPRC,loc_Brier,loc_AUROC,loc_cal_slope,loc_cal_intercept,mrg_AUPRC,mrg_Brier,mrg_AUROC,mrg_cal_slope,mrg_cal_intercept
acs_ct0_puma,1006,3,560,560,1680,10,3.0,385,27.0,1.0,13.950671300984883,0.7849078844506736,-0.011355715175304981,0,0.805466429642285,0.16952294878564592,0.8272,0.9763628432732107,-0.12780860899032684,0.79411071446698,0.17807039929865534,0.8151652173913043,0.8201238207117059,0.33305187432497113
acs_ct0_puma,1006,3,560,560,1680,10,3.0,385,26.9,1.0,18.980182087846394,0.8400077156026001,-0.00046781975171672485,0,0.7788350691725754,0.17216865237391696,0.8188959955506117,0.7953902166399645,-0.056560850783948104,0.7783672494208587,0.1805876678134477,0.8111790878754171,0.8230615792158696,0.33415837082524624
acs_ct0_puma,1006,3,560,560,1680,10,3.0,385,27.0,1.0,15.523071532253319,0.8054194908288775,0.0011517568851806548,1,0.8415822653243936,0.16033017744189457,0.8449391304347826,1.1304131428772533,0.03394280666019519,0.8427340222095743,0.16240506337238422,0.8482782608695653,1.0244268422542173,0.40544011983515676
acs_ct0_puma,1006,3,560,560,1680,10,3.0,385,27.0,1.0,13.49241984387002,0.7749994045914088,-0.010317145961993957,0,0.8311215523436275,0.15013551463557603,0.8644173913043478,1.1283189027206908,0.04443566627067286,0.8208044063816335,0.1622176830926446,0.8523826086956522,0.9904622196180066,0.4297598399576003
acs_ct0_puma,1006,3,560,560,1680,10,3.0,385,27.0,1.0,19.419593084441903,0.8125401062023215,-0.004354120345984591,0,0.8135694294426425,0.16133599894803602,0.8427826086956521,1.0125176649320655,-0.015120301568501566,0.809215309096658,0.16521724495283294,0.8449391304347827,0.9920955427438731,0.3670050893407543
acs_ct0_puma,1006,4,560,560,2240,10,4.0,385,27.0,1.0,12.693648383859994,0.6805597571212068,-0.002365939132609296,0,0.805466429642285,0.16952294878564592,0.8272,0.9763628432732107,-0.12780860899032684,0.8031004905096757,0.17390689749992572,0.8221913043478261,0.9366822722107409,0.2295490045735321
acs_ct0_puma,1006,4,560,560,2240,10,4.0,385,26.9,1.0,20.97585885277737,0.80836593491595,0.006090042541534779,1,0.7788350691725754,0.17216865237391696,0.8188959955506117,0.7953902166399645,-0.056560850783948104,0.7849251117141102,0.17638580505079812,0.8184093437152392,0.9692910802674595,0.30720424575835803
acs_ct0_puma,1006,4,560,560,2240,10,4.0,385,27.0,1.0,24.415935989612777,0.8264447500370837,0.009800528970024702,1,0.8415822653243936,0.16033017744189457,0.8449391304347826,1.1304131428772533,0.03394280666019519,0.8513827942944183,0.16236406668251346,0.853704347826087,1.1760141706216591,0.43187956894965834
acs_ct0_puma,1006,4,560,560,2240,10,4.0,385,27.0,1.0,11.592196201960629,0.654933407626653,-0.010359170301358689,0,0.8311215523436275,0.15013551463557603,0.8644173913043478,1.1283189027206908,0.04443566627067286,0.8207623820422688,0.1609392864225895,0.8541217391304348,1.0377494876916058,0.4008392777791534
acs_ct0_puma,1006,4,560,560,2240,10,4.0,385,27.0,1.0,17.26471510119001,0.7604215873805844,0.006406809306867656,1,0.8135694294426425,0.16133599894803602,0.8427826086956521,1.0125176649320655,-0.015120301568501566,0.8199762387495102,0.16168342506343875,0.8516173913043479,1.1178283333767831,0.32406883288679145
acs_ct0_puma,1006,1,560,560,560,10,1.0,385,27.0,1.0,0.896845831127448,0.028277441738546388,0.0020768655970387906,1,0.805466429642285,0.16952294878564592,0.8272,0.9763628432732107,-0.12780860899032684,0.8075432952393238,0.1716958828069471,0.8281043478260871,0.8492008731867697,-0.26567713494176237
acs_ct0_puma,1006,1,560,560,560,10,1.0,385,26.9,1.0,2.039346616459997,0.5089198466707499,0.01613224833266491,1,0.7788350691725754,0.17216865237391696,0.8188959955506117,0.7953902166399645,-0.056560850783948104,0.7949673175052403,0.1675650086003245,0.8292547274749721,0.7600001649780332,-0.18631030380878344
acs_ct0_puma,1006,1,560,560,560,10,1.0,385,27.0,1.0,2.8152553933995406,0.6101264104422387,0.012147044494729031,1,0.8415822653243936,0.16033017744189457,0.8449391304347826,1.1304131428772533,0.03394280666019519,0.8537293098191227,0.15591859027799154,0.8547478260869565,1.001247005336297,-0.025747433930620102
acs_ct0_puma,1006,1,560,560,560,10,1.0,385,27.0,1.0,1.8816315537810842,0.42393135699333523,-0.0010601308502660167,0,0.8311215523436275,0.15013551463557603,0.8644173913043478,1.1283189027206908,0.04443566627067286,0.8300614214933615,0.14948789610309218,0.8643478260869565,0.9505301659629543,-0.04834004940992
acs_ct0_puma,1006,1,560,560,560,10,1.0,385,27.0,1.0,1.3646647135451553,0.26556288207938056,0.010507459266248409,1,0.8135694294426425,0.16133599894803602,0.8427826086956521,1.0125176649320655,-0.015120301568501566,0.824076888708891,0.15731185700158506,0.8496,1.0009529965243682,-0.11810845309500435
acs_ct0_puma,1006,4,560,560,2240,10,4.0,385,27.0,1.0,36.14758147556011,0.8800893202942847,-0.004083547444070912,0,0.805466429642285,0.16952294878564592,0.8272,0.9763628432732107,-0.12780860899032684,0.8013828821982141,0.1705042081125467,0.8242782608695652,1.018199569991043,0.1149656570934157
acs_ct0_puma,1006,4,560,560,2240,10,4.0,385,26.9,1.0,27.852460829945457,0.8391625471983604,0.008095255016336234,1,0.7788350691725754,0.17216865237391696,0.8188959955506117,0.7953902166399645,-0.056560850783948104,0.7869303241889116,0.17025168480348968,0.8261262513904338,0.9509436278377345,0.1397354254118505
acs_ct0_puma,1006,4,560,560,2240,10,4.0,385,27.0,1.0,33.3270664805246,0.8771950422828614,0.008324607691201802,1,0.8415822653243936,0.16033017744189457,0.8449391304347826,1.1304131428772533,0.03394280666019519,0.8499068730155954,0.1598274873860756,0.8526608695652174,1.224871109627703,0.2783854570050313
acs_ct0_puma,1006,4,560,560,2240,10,4.0,385,27.0,1.0,25.191472285153935,0.8409344532437657,-0.0016207088140938186,0,0.8311215523436275,0.15013551463557603,0.8644173913043478,1.1283189027206908,0.04443566627067286,0.8295008435295337,0.15471033492814287,0.8627478260869565,1.1241335969498973,0.2262688929613491
acs_ct0_puma,1006,4,560,560,2240,10,4.0,385,27.0,1.0,23.0053908009356,0.8223315017294848,-8.681893373529981e-05,0,0.8135694294426425,0.16133599894803602,0.8427826086956521,1.0125176649320655,-0.015120301568501566,0.8134826105089072,0.15989031979499052,0.8489043478260869,1.0461653508540558,0.2306155775634981
acs_ct0_puma,1006,3,560,560,1680,10,3.0,385,27.0,1.0,30.972672880638278,0.8428383948446183,-0.001167705638071559,0,0.805466429642285,0.16952294878564592,0.8272,0.9763628432732107,-0.12780860899032684,0.8042987240042134,0.17367306659966578,0.8205217391304348,1.007177391736401,0.1904454790958129
acs_ct0_puma,1006,3,560,560,1680,10,3.0,385,26.9,1.0,9.414522506713581,0.6694057151797853,3.156993865627289e-05,1,0.7788350691725754,0.17216865237391696,0.8188959955506117,0.7953902166399645,-0.056560850783948104,0.7788666391112317,0.18121964860924297,0.808328698553949,0.9373110754069339,0.23955672454169447
acs_ct0_puma,1006,3,560,560,1680,10,3.0,385,27.0,1.0,20.40902808821085,0.8079898374784736,-0.000454438080228714,0,0.8415822653243936,0.16033017744189457,0.8449391304347826,1.1304131428772533,0.03394280666019519,0.8411278272441649,0.16618440980362728,0.8441739130434782,1.1852685101006173,0.36703617767318814
acs_ct0_puma,1006,3,560,560,1680,10,3.0,385,27.0,1.0,8.341996797458208,0.6402672441497628,-0.010798009570446632,0,0.8311215523436275,0.15013551463557603,0.8644173913043478,1.1283189027206908,0.04443566627067286,0.8203235427731809,0.1610327174024246,0.8514086956521739,1.0387492550423236,0.3576896392628008
acs_ct0_puma,1006,3,560,560,1680,10,3.0,385,27.0,1.0,14.66946198111587,0.794485981416494,-0.0040968575713117295,0,0.8135694294426425,0.16133599894803602,0.8427826086956521,1.0125176649320655,-0.015120301568501566,0.8094725718713308,0.16628877352213506,0.8417391304347827,1.0680055902954586,0.3105016937389285
acs_ct0_puma,1006,1,560,560,560,10,1.0,385,27.0,1.0,1.351440955167685,0.22075235516696703,-0.010334521982901856,0,0.805466429642285,0.16952294878564592,0.8272,0.9763628432732107,-0.12780860899032684,0.7951319076593831,0.17197991933543136,0.8210086956521739,0.9732654625751567,0.046690159339257145
acs_ct0_puma,1006,1,560,560,560,10,1.0,385,26.9,1.0,5.0501101341628925,0.7334897602562906,0.0021564998349432596,1,0.7788350691725754,0.17216865237391696,0.8188959955506117,0.7953902166399645,-0.056560850783948104,0.7809915690075186,0.17050609770777791,0.8246662958843158,0.8898087327927963,0.11920675421605498
acs_ct0_puma,1006,1,560,560,560,10,1.0,385,27.0,1.0,3.2797074945094673,0.6567059276295899,0.014102630206225486,1,0.8415822653243936,0.16033017744189457,0.8449391304347826,1.1304131428772533,0.03394280666019519,0.8556848955306191,0.15746280212096728,0.8551652173913044,1.2104174028145052,0.23711448452822464
acs_ct0_puma,1006,1,560,560,560,10,1.0,385,27.0,1.0,2.4206151567382155,0.5602486940918476,-0.004614003690634361,0,0.8311215523436275,0.15013551463557603,0.8644173913043478,1.1283189027206908,0.04443566627067286,0.8265075486529931,0.15497746826776038,0.8616347826086957,1.0731077992703837,0.21973665636282605
acs_ct0_puma,1006,1,560,560,560,10,1.0,385,27.0,1.0,3.5434795344597436,0.715827343247325,-0.0024956652727610162,0,0.8135694294426425,0.16133599894803602,0.8427826086956521,1.0125176649320655,-0.015120301568501566,0.8110737641698815,0.15894033327859616,0.8491826086956522,0.967396261112889,0.1711046463930097
acs_ct0_puma,1006,2,560,560,1120,10,2.0,385,27.0,1.0,13.344439745734626,0.8498287851500359,-0.0008746144577079784,0,0.805466429642285,0.16952294878564592,0.8272,0.9763628432732107,-0.12780860899032684,0.804591815184577,0.173592663132807,0.8229565217391303,1.0080631935110327,0.179448036514721
acs_ct0_puma,1006,2,560,560,1120,10,2.0,385,26.9,1.0,11.170322534344114,0.7757771486763805,0.0043200951459566594,1,0.7788350691725754,0.17216865237391696,0.8188959955506117,0.7953902166399645,-0.056560850783948104,0.783155164318532,0.1776376787872028,0.8131952169076752,0.9613071282209416,0.1660126892529732
acs_ct0_puma,1006,2,560,560,1120,10,2.0,385,27.0,1.0,10.449210175338512,0.8083422392159074,0.008377935921520918,1,0.8415822653243936,0.16033017744189457,0.8449391304347826,1.1304131428772533,0.03394280666019519,0.8499602012459145,0.15879399115881784,0.852591304347826,1.1954696999084988,0.2656313130275899
acs_ct0_puma,1006,2,560,560,1120,10,2.0,385,27.0,1.0,10.947070486730258,0.8065792041259467,-0.014681895746060492,0,0.8311215523436275,0.15013551463557603,0.8644173913043478,1.1283189027206908,0.04443566627067286,0.816439656597567,0.16109283289449275,0.8497391304347827,1.0744229731469548,0.26813464373095347
acs_ct0_puma,1006,2,560,560,1120,10,2.0,385,27.0,1.0,4.879899805959594,0.5770811804650258,-0.003976445801596062,0,0.8135694294426425,0.16133599894803602,0.8427826086956521,1.0125176649320655,-0.015120301568501566,0.8095929836410465,0.16310545697749743,0.8420869565217391,1.0802763434698601,0.1936419454140878
acs_ct0_puma,1006,3,560,560,1680,10,3.0,385,27.0,1.0,21.710688507706415,0.8614136571592537,0.002228863488631161,1,0.805466429642285,0.16952294878564592,0.8272,0.9763628432732107,-0.12780860899032684,0.8076952931309161,0.16899157956868155,0.827408695652174,1.0534507704845506,-0.012536209770263092
acs_ct0_puma,1006,3,560,560,1680,10,3.0,385,26.9,1.0,12.670211239914154,0.7589310166371139,0.010108229453641981,1,0.7788350691725754,0.17216865237391696,0.8188959955506117,0.7953902166399645,-0.056560850783948104,0.7889432986262174,0.16915049782789188,0.8262652947719689,0.9245892418366357,0.011482306844415766
acs_ct0_puma,1006,3,560,560,1680,10,3.0,385,27.0,1.0,10.196113236384559,0.6866852797570089,0.011710418587212668,1,0.8415822653243936,0.16033017744189457,0.8449391304347826,1.1304131428772533,0.03394280666019519,0.8532926839116063,0.15636939890896395,0.8551652173913044,1.2462977448317865,0.09238415864449818
acs_ct0_puma,1006,3,560,560,1680,10,3.0,385,27.0,1.0,15.783166335744696,0.806119151163764,-0.005506067603235021,0,0.8311215523436275,0.15013551463557603,0.8644173913043478,1.1283189027206908,0.04443566627067286,0.8256154847403925,0.15347190308502326,0.860104347826087,1.1623179081921204,0.06401311746539327
acs_ct0_puma,1006,3,560,560,1680,10,3.0,385,27.0,1.0,18.453451838076607,0.8356323390316183,0.004162991572039476,1,0.8135694294426425,0.16133599894803602,0.8427826086956521,1.0125176649320655,-0.015120301568501566,0.817732421014682,0.15713823138708585,0.8521739130434782,1.1072357914855762,0.04448696958366349
acs_ct0_puma,1006,3,560,560,1680,10,3.0,385,27.0,1.0,19.042502917544375,0.8359452247936465,-0.003100137541794612,0,0.805466429642285,0.16952294878564592,0.8272,0.9763628432732107,-0.12780860899032684,0.8023662921004904,0.17181918229746804,0.8240695652173913,0.9571773147405681,-0.1038419641171275
acs_ct0_puma,1006,3,560,560,1680,10,3.0,385,26.9,1.0,16.501095318396906,0.8106633522379953,0.005974850750100624,1,0.7788350691725754,0.17216865237391696,0.8188959955506117,0.7953902166399645,-0.056560850783948104,0.784809919922676,0.17189837977443917,0.8206340378197998,0.9280824334424677,-0.019769990518988572
acs_ct0_puma,1006,3,560,560,1680,10,3.0,385,27.0,1.0,22.311412745097222,0.8572843837242692,0.0033568839225162073,1,0.8415822653243936,0.16033017744189457,0.8449391304347826,1.1304131428772533,0.03394280666019519,0.8449391492469098,0.16027908758285286,0.8468173913043477,1.1346134735367608,0.02258530825147592
acs_ct0_puma,1006,3,560,560,1680,10,3.0,385,27.0,1.0,17.31870270522748,0.8267756166102544,-0.008391296871523957,0,0.8311215523436275,0.15013551463557603,0.8644173913043478,1.1283189027206908,0.04443566627067286,0.8227302554721035,0.15323785402014714,0.8601739130434782,1.0292704711627831,0.06085250991926926
acs_ct0_puma,1006,3,560,560,1680,10,3.0,385,27.0,1.0,27.72295295868768,0.8876006876549281,-0.0006412645441939979,0,0.8135694294426425,0.16133599894803602,0.8427826086956521,1.0125176649320655,-0.015120301568501566,0.8129281648984485,0.1597094922655848,0.8460521739130437,1.0590491615246185,0.016575434619139573
acs_ct0_puma,1006,1,560,560,560,10,1.0,385,27.0,1.0,3.9885430049638373,0.7433321014502973,0.008954885858577954,1,0.805466429642285,0.16952294878564592,0.8272,0.9763628432732107,-0.12780860899032684,0.8144213155008629,0.1649907715188093,0.8356869565217391,0.9491168526509951,-0.07905031393788158
acs_ct0_puma,1006,1,560,560,560,10,1.0,385,26.9,1.0,6.657826370564864,0.8377518961213297,0.02168701562214692,1,0.7788350691725754,0.17216865237391696,0.8188959955506117,0.7953902166399645,-0.056560850783948104,0.8005220847947223,0.16741425221138545,0.8300889877641825,0.7942741582366779,-0.06223256919796274
acs_ct0_puma,1006,1,560,560,560,10,1.0,385,27.0,1.0,4.505818999613862,0.7588243553651877,0.006620856758723259,1,0.8415822653243936,0.16033017744189457,0.8449391304347826,1.1304131428772533,0.03394280666019519,0.8482031220831169,0.15782266126496175,0.8491826086956521,0.969762467162882,0.07367494735815755
acs_ct0_puma,1006,1,560,560,560,10,1.0,385,27.0,1.0,4.1659757317073405,0.7399702460125052,0.012807511121671555,1,0.8311215523436275,0.15013551463557603,0.8644173913043478,1.1283189027206908,0.04443566627067286,0.8439290634652991,0.14494387486832666,0.8726956521739131,1.0996081274433573,0.0879819175761341
acs_ct0_puma,1006,1,560,560,560,10,1.0,385,27.0,1.0,0.17668455621663762,0.0,0.011209000624412768,1,0.8135694294426425,0.16133599894803602,0.8427826086956521,1.0125176649320655,-0.015120301568501566,0.8247784300670553,0.15826170902352696,0.8478608695652174,0.950423569969667,0.021842241520758726
acs_ct0_puma,1006,1,560,560,560,10,1.0,385,27.0,1.0,1.0491310225217012,0.046767607551421404,-0.003569873979510696,0,0.805466429642285,0.16952294878564592,0.8272,0.9763628432732107,-0.12780860899032684,0.8018965556627743,0.17391275876913312,0.8255304347826088,0.9167965604823625,-0.34608686043897424
acs_ct0_puma,1006,1,560,560,560,10,1.0,385,26.9,1.0,3.2925697752806373,0.6943445382346778,0.004753342481577105,1,0.7788350691725754,0.17216865237391696,0.8188959955506117,0.7953902166399645,-0.056560850783948104,0.7835884116541525,0.17158708375644902,0.8239015572858732,0.9103823333678162,-0.276203746934765
acs_ct0_puma,1006,1,560,560,560,10,1.0,385,27.0,1.0,5.377622860475489,0.8139927451775731,0.0030586061294874956,1,0.8415822653243936,0.16033017744189457,0.8449391304347826,1.1304131428772533,0.03394280666019519,0.8446408714538811,0.16244878720995512,0.8467478260869564,1.0588642699630353,-0.22048045794623597
acs_ct0_puma,1006,1,560,560,560,10,1.0,385,27.0,1.0,1.6967861850428574,0.3310863501432389,0.0031925129130055963,1,0.8311215523436275,0.15013551463557603,0.8644173913043478,1.1283189027206908,0.04443566627067286,0.8343140652566331,0.15111609480806473,0.8660173913043478,1.0604068824886428,-0.25562920552485197
acs_ct0_puma,1006,1,560,560,560,10,1.0,385,27.0,1.0,1.7931094704281363,0.345842365606189,0.006857543865767757,1,0.8135694294426425,0.16133599894803602,0.8427826086956521,1.0125176649320655,-0.015120301568501566,0.8204269733084103,0.15952930805440454,0.8486260869565216,1.0337668093732926,-0.22359501312938956
acs_ct0_puma,1006,2,560,560,1120,10,2.0,385,27.0,1.0,9.553247582073087,0.6522164138549552,0.0013854930785008879,1,0.805466429642285,0.16952294878564592,0.8272,0.9763628432732107,-0.12780860899032684,0.8068519227207859,0.1706138971269265,0.8292869565217392,0.9732923346614868,-0.2151797169865636
acs_ct0_puma,1006,2,560,560,1120,10,2.0,385,26.9,1.0,6.867652096105678,0.7035665013641741,0.006364480155844454,1,0.7788350691725754,0.17216865237391696,0.8188959955506117,0.7953902166399645,-0.056560850783948104,0.7851995493284198,0.16985349154033305,0.8237625139043382,0.9378536329199799,-0.16648708853851413
acs_ct0_puma,1006,2,560,560,1120,10,2.0,385,27.0,1.0,7.941147083929555,0.7473425748364689,0.009733037571949543,1,0.8415822653243936,0.16033017744189457,0.8449391304347826,1.1304131428772533,0.03394280666019519,0.8513153028963432,0.15867191966254274,0.8515478260869566,1.1485562886783853,-0.12633035873564108
acs_ct0_puma,1006,2,560,560,1120,10,2.0,385,27.0,1.0,6.006666673980595,0.6640746791465468,0.0013557927123774016,1,0.8311215523436275,0.15013551463557603,0.8644173913043478,1.1283189027206908,0.04443566627067286,0.8324773450560049,0.15074516357297424,0.864,1.1072849977280623,-0.16177083339892112
acs_ct0_puma,1006,2,560,560,1120,10,2.0,385,27.0,1.0,5.176801120292846,0.6007510969123406,0.011222922011242753,1,0.8135694294426425,0.16133599894803602,0.8427826086956521,1.0125176649320655,-0.015120301568501566,0.8247923514538853,0.15739942529797954,0.8518956521739129,1.0806194628264725,-0.16098729703550582
acs_ct0_puma,10501,3,560,560,1680,10,3.0,211,14.8,1.0,21.596804901586744,0.8575115850272783,0.014430625638004901,1,0.6160391402984882,0.15278426593851488,0.7927540130929962,0.6458367721825969,-0.07625711807673526,0.6304697659364931,0.1568126920660303,0.8002869697784951,0.8548550350886913,-0.5230039350002538
acs_ct0_puma,10501,3,560,560,1680,10,3.0,211,14.8,1.0,17.31263492191582,0.8260879480117612,0.003962943981511646,1,0.7453602505750159,0.1252686568399129,0.8413595193256209,1.0758460572782975,0.16067527754027977,0.7493231945565275,0.12782214306098488,0.8459331001703884,1.1922736553285935,-0.2973155124264498
acs_ct0_puma,10501,3,560,560,1680,10,3.0,211,14.8,1.0,17.625501879626295,0.8297521847934155,0.008808710834987132,1,0.6729202776642762,0.139618268724823,0.8210922787193974,0.7917433069798783,-0.11352389673777169,0.6817289884992633,0.1406244331827103,0.8405524168236032,1.0698459844976949,-0.5201060681620266
acs_ct0_puma,10501,3,560,560,1680,10,3.0,211,14.8,1.0,13.214634508837126,0.7686492081262959,0.004091644277848583,1,0.7316547683047113,0.12786264314995807,0.8465608465608465,1.050001868965338,-0.04841351771510332,0.7357464125825599,0.1321200626263181,0.8571428571428572,1.2121760144279623,-0.47655623299674926
acs_ct0_puma,10501,3,560,560,1680,10,3.0,211,14.8,1.0,18.490396522738394,0.8312931709428805,-0.0006535270200495047,0,0.7631621028898317,0.11938357868567198,0.8734642632947718,1.2904767930337582,-0.12557235350892793,0.7625085758697822,0.12814883753706546,0.8713119899560577,1.290119974916791,-0.5451829193044305
acs_ct0_puma,10501,4,560,560,2240,10,4.0,211,14.8,1.0,22.765831400528995,0.8242640601088573,0.013710758708722848,1,0.6160391402984882,0.15278426593851488,0.7927540130929962,0.6458367721825969,-0.07625711807673526,0.629749899007211,0.15535164445089375,0.7995695453322571,0.7800025235121946,-0.46417060760545503
acs_ct0_puma,10501,4,560,560,2240,10,4.0,211,14.8,1.0,19.479358628076888,0.7875900110844929,0.0018604683738945305,1,0.7453602505750159,0.1252686568399129,0.8413595193256209,1.0758460572782975,0.16067527754027977,0.7472207189489104,0.1261159598420739,0.8479060173975428,1.110864092646424,-0.2125576189581529
acs_ct0_puma,10501,4,560,560,2240,10,4.0,211,14.8,1.0,27.864510517617738,0.8544183428944595,0.0064400861308078206,1,0.6729202776642762,0.139618268724823,0.8210922787193974,0.7917433069798783,-0.11352389673777169,0.679360363795084,0.14009153391242732,0.8429737243296564,0.9512979976989091,-0.49446241170631144
acs_ct0_puma,10501,4,560,560,2240,10,4.0,211,14.8,1.0,18.709600495626738,0.7861345248850123,-0.012650957956390596,0,0.7316547683047113,0.12786264314995807,0.8465608465608465,1.050001868965338,-0.04841351771510332,0.7190038103483207,0.13025834226565833,0.8592951304815711,1.1109344026573937,-0.4159925176147273
acs_ct0_puma,10501,4,560,560,2240,10,4.0,211,14.8,1.0,15.633789627303791,0.7438159522729606,-0.0021988483395727343,0,0.7631621028898317,0.11938357868567198,0.8734642632947718,1.2904767930337582,-0.12557235350892793,0.7609632545502589,0.1260720205826621,0.8700564971751412,1.1598580995782561,-0.4655167466536955
acs_ct0_puma,10501,3,560,560,1680,10,3.0,211,14.8,1.0,12.67975352233393,0.7593653197914951,-0.019838029722814454,0,0.6160391402984882,0.15278426593851488,0.7927540130929962,0.6458367721825969,-0.07625711807673526,0.5962011105756737,0.15610598729475214,0.7975069500493229,0.8430588928277974,-0.4196143029179809
acs_ct0_puma,10501,3,560,560,1680,10,3.0,211,14.8,1.0,13.782075546194676,0.7811066539701941,-0.00762121813023553,0,0.7453602505750159,0.1252686568399129,0.8413595193256209,1.0758460572782975,0.16067527754027977,0.7377390324447803,0.12753949573333206,0.8497892565689176,1.3500788499454293,-0.1779085716999908
acs_ct0_puma,10501,3,560,560,1680,10,3.0,211,14.8,1.0,9.608611144263932,0.6866765556531835,-0.005954048597719752,0,0.6729202776642762,0.139618268724823,0.8210922787193974,0.7917433069798783,-0.11352389673777169,0.6669662290665564,0.13953092250873247,0.840642094879383,1.1491804658946272,-0.368688418808746
acs_ct0_puma,10501,3,560,560,1680,10,3.0,211,14.8,1.0,14.643180518555038,0.7949470145012139,-0.011496059804968262,0,0.7316547683047113,0.12786264314995807,0.8465608465608465,1.050001868965338,-0.04841351771510332,0.7201587084997431,0.1284049221356414,0.8632409649358802,1.2686863262202885,-0.3526773563326221
acs_ct0_puma,10501,3,560,560,1680,10,3.0,211,14.8,1.0,14.963052612009367,0.792991859218918,-0.015193378830357318,0,0.7631621028898317,0.11938357868567198,0.8734642632947718,1.2904767930337582,-0.12557235350892793,0.7479687240594743,0.12900813002594197,0.8655725943861536,1.3765020240241195,-0.4612214065492141
acs_ct0_puma,10501,4,560,560,2240,10,4.0,211,14.8,1.0,21.536637772555054,0.810862359914837,0.004057981324288029,1,0.6160391402984882,0.15278426593851488,0.7927540130929962,0.6458367721825969,-0.07625711807673526,0.6200971216227762,0.1550322965196564,0.8022598870056497,0.8773360731579228,-0.4776191474481962
acs_ct0_puma,10501,4,560,560,2240,10,4.0,211,14.8,1.0,21.833122683963367,0.8047064436591288,-0.006273283238384719,0,0.7453602505750159,0.1252686568399129,0.8413595193256209,1.0758460572782975,0.16067527754027977,0.7390869673366312,0.12629315668409868,0.8533763788001076,1.3017834155366883,-0.24578195327210603
acs_ct0_puma,10501,4,560,560,2240,10,4.0,211,14.8,1.0,28.367885854950558,0.8473477981533215,0.001725362678064113,1,0.6729202776642762,0.139618268724823,0.8210922787193974,0.7917433069798783,-0.11352389673777169,0.6746456403423403,0.1393732233643563,0.8470092368397453,1.1048201784533647,-0.4834969163997277
acs_ct0_puma,10501,4,560,560,2240,10,4.0,211,14.8,1.0,17.251612024401773,0.7487053100509728,-0.015166767101114087,0,0.7316547683047113,0.12786264314995807,0.8465608465608465,1.050001868965338,-0.04841351771510332,0.7164880012035972,0.13168824231826248,0.8602815890951484,1.1590656968952169,-0.45363612681216886
acs_ct0_puma,10501,4,560,560,2240,10,4.0,211,14.8,1.0,25.106125127630204,0.8290702612537384,-0.0035879172785608926,0,0.7631621028898317,0.11938357868567198,0.8734642632947718,1.2904767930337582,-0.12557235350892793,0.7595741856112708,0.12671799509670034,0.87409200968523,1.260172056252243,-0.5297895479179383
acs_ct0_puma,10501,2,560,560,1120,10,2.0,211,14.8,1.0,8.818327391724534,0.7726818766709895,0.011506484377202142,1,0.6160391402984882,0.15278426593851488,0.7927540130929962,0.6458367721825969,-0.07625711807673526,0.6275456246756903,0.15672420553339428,0.8030669895076675,0.7933859066818663,-0.48342220431520705
acs_ct0_puma,10501,2,560,560,1120,10,2.0,211,14.8,1.0,10.469684687272583,0.8089683219543331,0.010645208211757407,1,0.7453602505750159,0.1252686568399129,0.8413595193256209,1.0758460572782975,0.16067527754027977,0.7560054587867733,0.12473692888300415,0.8564254326966191,1.1798437930456702,-0.2526054771737651
acs_ct0_puma,10501,2,560,560,1120,10,2.0,211,14.8,1.0,4.9253917340605735,0.5939398723276758,-0.009492198851305478,0,0.6729202776642762,0.139618268724823,0.8210922787193974,0.7917433069798783,-0.11352389673777169,0.6634280788129707,0.14346708052777257,0.8376827190386512,0.918418306727462,-0.5351646307122604
acs_ct0_puma,10501,2,560,560,1120,10,2.0,211,14.8,1.0,4.937463989522746,0.529724205387683,-0.006598776441885668,0,0.7316547683047113,0.12786264314995807,0.8465608465608465,1.050001868965338,-0.04841351771510332,0.7250559918628257,0.13111623475875203,0.8620751502107434,1.0657689447327694,-0.45246572798414997
acs_ct0_puma,10501,2,560,560,1120,10,2.0,211,14.8,1.0,12.188102462836333,0.8343636185879914,0.006758495810697984,1,0.7631621028898317,0.11938357868567198,0.8734642632947718,1.2904767930337582,-0.12557235350892793,0.7699205987005296,0.12398781209871776,0.8787552685857771,1.1922501019024785,-0.5462778230086033
acs_ct0_puma,10501,3,560,560,1680,10,3.0,211,14.8,1.0,23.23487320045456,0.8545210916117909,-0.014270964709888645,0,0.6160391402984882,0.15278426593851488,0.7927540130929962,0.6458367721825969,-0.07625711807673526,0.6017681755885995,0.15909744120940628,0.7993901892206977,0.8578351639175371,-0.5389715079060888
acs_ct0_puma,10501,3,560,560,1680,10,3.0,211,14.8,1.0,11.977197068185752,0.7326866643927782,-0.0020260580597886158,0,0.7453602505750159,0.1252686568399129,0.8413595193256209,1.0758460572782975,0.16067527754027977,0.7433341925152273,0.1270612920765428,0.8498789346246973,1.2370398610884654,-0.28964765148759186
acs_ct0_puma,10501,3,560,560,1680,10,3.0,211,14.8,1.0,15.896087360806034,0.8112487868016891,-0.0020404989952045316,0,0.6729202776642762,0.139618268724823,0.8210922787193974,0.7917433069798783,-0.11352389673777169,0.6708797786690717,0.14018671538148497,0.8422562998834185,1.1098293166621858,-0.48540281619471465
acs_ct0_puma,10501,3,560,560,1680,10,3.0,211,14.8,1.0,19.856615757017046,0.8480118099244554,-0.008033736579951878,0,0.7316547683047113,0.12786264314995807,0.8465608465608465,1.050001868965338,-0.04841351771510332,0.7236210317247594,0.13153090550947152,0.8583086718679939,1.2376835821454906,-0.4496464399017854
acs_ct0_puma,10501,3,560,560,1680,10,3.0,211,14.8,1.0,29.22179813191176,0.8950510411515891,-0.0049592297134563035,0,0.7631621028898317,0.11938357868567198,0.8734642632947718,1.2904767930337582,-0.12557235350892793,0.7582028731763754,0.1274394903511332,0.8718500582907361,1.3433065838293914,-0.5310519010499978
acs_ct0_puma,10501,3,560,560,1680,10,3.0,211,14.8,1.0,16.517430655605605,0.8177823105780679,-0.004960518772402334,0,0.6160391402984882,0.15278426593851488,0.7927540130929962,0.6458367721825969,-0.07625711807673526,0.6110786215260858,0.1601158184478833,0.7976863061608824,0.8187012275732162,-0.5775191304732794
acs_ct0_puma,10501,3,560,560,1680,10,3.0,211,14.8,1.0,13.872580497251507,0.7836203523756158,-0.014285156612346306,0,0.7453602505750159,0.1252686568399129,0.8413595193256209,1.0758460572782975,0.16067527754027977,0.7310750939626696,0.1289728064832167,0.846022778226168,1.1806961585404736,-0.29253350099439646
acs_ct0_puma,10501,3,560,560,1680,10,3.0,211,14.8,1.0,20.45096789667979,0.8432969696066739,0.005073790856978455,1,0.6729202776642762,0.139618268724823,0.8210922787193974,0.7917433069798783,-0.11352389673777169,0.6779940685212547,0.14143647466443857,0.8425253340507578,1.041766705034511,-0.5251199385881112
acs_ct0_puma,10501,3,560,560,1680,10,3.0,211,14.8,1.0,11.696223745179864,0.7430985564629027,-0.026409561364323708,0,0.7316547683047113,0.12786264314995807,0.8465608465608465,1.050001868965338,-0.04841351771510332,0.7052452069403876,0.1345922213276897,0.8533763788001076,1.1352116525584746,-0.47266645670335095
acs_ct0_puma,10501,3,560,560,1680,10,3.0,211,14.8,1.0,10.21824571900453,0.7051276513292215,-0.017591842488317577,0,0.7631621028898317,0.11938357868567198,0.8734642632947718,1.2904767930337582,-0.12557235350892793,0.7455702604015141,0.12975939047799773,0.8645861357725764,1.2477958560421007,-0.5098826006311811
acs_ct0_puma,10501,2,560,560,1120,10,2.0,211,14.8,1.0,3.2025250875524165,0.3639511996010525,-0.011012858442270068,0,0.6160391402984882,0.15278426593851488,0.7927540130929962,0.6458367721825969,-0.07625711807673526,0.6050262818562181,0.15620322254225638,0.7978656622724418,0.8027163838421838,-0.41531389106227584
acs_ct0_puma,10501,2,560,560,1120,10,2.0,211,14.8,1.0,9.95843888824325,0.7913432183739426,0.005341041952938719,1,0.7453602505750159,0.1252686568399129,0.8413595193256209,1.0758460572782975,0.16067527754027977,0.7507012925279546,0.1239275371214403,0.8556183301946014,1.2931195799234099,-0.11636537998100396
acs_ct0_puma,10501,2,560,560,1120,10,2.0,211,14.8,1.0,8.998410870706348,0.7541908054730342,-0.008828669765889252,0,0.6729202776642762,0.139618268724823,0.8210922787193974,0.7917433069798783,-0.11352389673777169,0.664091607898387,0.13873356387627617,0.839924670433145,1.0357744774430182,-0.35615086679121205
acs_ct0_puma,10501,2,560,560,1120,10,2.0,211,14.8,1.0,9.717766593360258,0.7934888721863291,-0.005609001999771879,0,0.7316547683047113,0.12786264314995807,0.8465608465608465,1.050001868965338,-0.04841351771510332,0.7260457663049394,0.12530553622816584,0.8679939018922069,1.2486416158804425,-0.27213155939283384
acs_ct0_puma,10501,2,560,560,1120,10,2.0,211,14.8,1.0,6.643336776662846,0.6985560396388573,-0.006290399444673134,0,0.7631621028898317,0.11938357868567198,0.8734642632947718,1.2904767930337582,-0.12557235350892793,0.7568717034451585,0.12462552790497057,0.871222311900278,1.3218692177423648,-0.39171531113542024
acs_ct0_puma,10501,4,560,560,2240,10,4.0,211,14.8,1.0,27.151471391983108,0.848747447444081,0.0020753046327949276,1,0.6160391402984882,0.15278426593851488,0.7927540130929962,0.6458367721825969,-0.07625711807673526,0.6181144449312831,0.1588912439630063,0.7961617792126267,0.8850824664565347,-0.5288499205162771
acs_ct0_puma,10501,4,560,560,2240,10,4.0,211,14.8,1.0,23.863005560581946,0.8322323557855777,-0.0011660245065527874,0,0.7453602505750159,0.1252686568399129,0.8413595193256209,1.0758460572782975,0.16067527754027977,0.7441942260684631,0.12923960809175783,0.8522105640749709,1.2627530187705602,-0.3404348007761146
acs_ct0_puma,10501,4,560,560,2240,10,4.0,211,14.8,1.0,21.90679842313293,0.810316985740559,-0.004139518660217001,0,0.6729202776642762,0.139618268724823,0.8210922787193974,0.7917433069798783,-0.11352389673777169,0.6687807590040592,0.1425529440843666,0.8396556362658057,1.0721797235307367,-0.5231790749549337
acs_ct0_puma,10501,4,560,560,2240,10,4.0,211,14.8,1.0,33.30640105580027,0.8564137741888733,0.013509382286461258,1,0.7316547683047113,0.12786264314995807,0.8465608465608465,1.050001868965338,-0.04841351771510332,0.7451641505911726,0.12729740006130202,0.8740023316294503,1.2507360129746041,-0.4733517451396535
acs_ct0_puma,10501,4,560,560,2240,10,4.0,211,14.8,1.0,13.095164901811428,0.6940310961602292,0.0032725446559401794,1,0.7631621028898317,0.11938357868567198,0.8734642632947718,1.2904767930337582,-0.12557235350892793,0.7664346475457718,0.13068546740100886,0.8745403999641288,1.3220365484642296,-0.6143537856714086
acs_ct0_puma,10501,4,560,560,2240,10,4.0,211,14.8,1.0,21.03340993029738,0.8036175498137349,-0.007450903867734504,0,0.6160391402984882,0.15278426593851488,0.7927540130929962,0.6458367721825969,-0.07625711807673526,0.6085882364307537,0.16323137165130913,0.7978656622724419,0.805844041518228,-0.6340972330352527
acs_ct0_puma,10501,4,560,560,2240,10,4.0,211,14.8,1.0,38.6136909875887,0.875760609852845,-0.0027490833826854244,0,0.7453602505750159,0.1252686568399129,0.8413595193256209,1.0758460572782975,0.16067527754027977,0.7426111671923304,0.12982716647093726,0.8557080082503811,1.186692845999508,-0.40339876123838136
acs_ct0_puma,10501,4,560,560,2240,10,4.0,211,14.8,1.0,20.191660406488825,0.791706660690072,0.0008244310240078656,1,0.6729202776642762,0.139618268724823,0.8210922787193974,0.7917433069798783,-0.11352389673777169,0.6737447086882841,0.1439946876596071,0.8453950318357097,1.003788708892232,-0.6418859502755123
acs_ct0_puma,10501,4,560,560,2240,10,4.0,211,14.8,1.0,40.57182832124959,0.8522520359328797,-0.010267758356154455,0,0.7316547683047113,0.12786264314995807,0.8465608465608465,1.050001868965338,-0.04841351771510332,0.7213870099485569,0.13211194285052857,0.8725674827369743,1.1532072292917694,-0.6016942191436297
acs_ct0_puma,10501,4,560,560,2240,10,4.0,211,14.8,1.0,18.55012994975675,0.7473583237499984,0.0015202800850500076,1,0.7631621028898317,0.11938357868567198,0.8734642632947718,1.2904767930337582,-0.12557235350892793,0.7646823829748817,0.13210651737796247,0.8748094341314681,1.2493348937180018,-0.674752065247101
acs_ct0_puma,10501,2,560,560,1120,10,2.0,211,14.8,1.0,14.693107621493118,0.8614497374857075,0.012409240699616908,1,0.6160391402984882,0.15278426593851488,0.7927540130929962,0.6458367721825969,-0.07625711807673526,0.6284483809981051,0.15476814062282418,0.7991211550533583,0.7812594509138531,-0.43895955040221557
acs_ct0_puma,10501,2,560,560,1120,10,2.0,211,14.8,1.0,11.53524741483984,0.8266181683230696,-0.003786969496895165,0,0.7453602505750159,0.1252686568399129,0.8413595193256209,1.0758460572782975,0.16067527754027977,0.7415732810781207,0.12838816703879363,0.8436911487758945,1.1018465750019564,-0.23663957401327637
acs_ct0_puma,10501,2,560,560,1120,10,2.0,211,14.8,1.0,20.427554243984254,0.8988812308778895,0.009585118164545992,1,0.6729202776642762,0.139618268724823,0.8210922787193974,0.7917433069798783,-0.11352389673777169,0.6825053958288222,0.13942272712392403,0.8420769437718589,0.9478113081406307,-0.48381252862585866
acs_ct0_puma,10501,2,560,560,1120,10,2.0,211,14.8,1.0,10.262213852172142,0.800912083239784,-0.010953546216020627,0,0.7316547683047113,0.12786264314995807,0.8465608465608465,1.050001868965338,-0.04841351771510332,0.7207012220886907,0.13350840528172286,0.8496995785131377,1.0937718722755148,-0.44428513706709216
acs_ct0_puma,10501,2,560,560,1120,10,2.0,211,14.8,1.0,5.548027865277417,0.6306782046346671,-0.004331404626073843,0,0.7631621028898317,0.11938357868567198,0.8734642632947718,1.2904767930337582,-0.12557235350892793,0.7588306982637578,0.12671973393996402,0.8683526141153259,1.1739949983170075,-0.489911383720957
acs_ct0_puma,10501,1,560,560,560,10,1.0,211,14.8,1.0,9.542814256977675,0.8950683059820437,-0.0015544973104701931,0,0.6160391402984882,0.15278426593851488,0.7927540130929962,0.6458367721825969,-0.07625711807673526,0.614484642988018,0.15308688213991264,0.800017935611156,0.7524678221114541,-0.30543875940761
acs_ct0_puma,10501,1,560,560,560,10,1.0,211,14.8,1.0,6.919496667759139,0.8554706158707879,0.003084686060093711,1,0.7453602505750159,0.1252686568399129,0.8413595193256209,1.0758460572782975,0.16067527754027977,0.7484449366351096,0.12486227265919116,0.8462918123935074,1.176918488594834,-0.12422231455310358
acs_ct0_puma,10501,1,560,560,560,10,1.0,211,14.8,1.0,2.929471242937184,0.6576106925165476,-0.006321630826036317,0,0.6729202776642762,0.139618268724823,0.8210922787193974,0.7917433069798783,-0.11352389673777169,0.6665986468382399,0.1405880596018087,0.8335575284727826,0.9625804183693579,-0.36574465405986795
acs_ct0_puma,10501,1,560,560,560,10,1.0,211,14.8,1.0,9.099916987776686,0.884169427640076,-0.01577021860862815,0,0.7316547683047113,0.12786264314995807,0.8465608465608465,1.050001868965338,-0.04841351771510332,0.7158845496960832,0.1315217007108861,0.8486234418437808,1.1041443971646643,-0.34104482151358795
acs_ct0_puma,10501,1,560,560,560,10,1.0,211,14.8,1.0,6.315363905431762,0.8395025022022871,-0.00899066017287431,0,0.7631621028898317,0.11938357868567198,0.8734642632947718,1.2904767930337582,-0.12557235350892793,0.7541714427169574,0.1261721878852829,0.8662900188323917,1.2638252180946994,-0.41470582126159966
acs_ct0_puma,1102,4,560,560,2240,10,4.0,286,20.0,1.0,21.4971990832409,0.7917530405688834,-0.0019787758440462655,0,0.7363842466390261,0.15670437690993216,0.8340380549682876,1.0479956915896025,0.011819694695506661,0.7344054707949799,0.15760462745207704,0.8400785261250378,1.0594485813422976,-0.2928930887946556
acs_ct0_puma,1102,4,560,560,2240,10,4.0,286,20.0,1.0,24.21898825020012,0.8344528825227928,0.013316877140563066,1,0.7365431323019934,0.1497744917637586,0.8571428571428571,1.0661808324470017,0.016083524251385,0.7498600094425565,0.14582925954524015,0.867109634551495,1.201999286018646,-0.22815635106065468
acs_ct0_puma,1102,4,560,560,2240,10,4.0,286,20.0,1.0,29.02503209707814,0.8339350164253068,0.017349142573415466,1,0.6743932267657394,0.1705011296086615,0.8046662639685895,0.8656328284537396,-0.02400947574926976,0.6917423693391549,0.16746669830768193,0.8169737239504682,0.9975744662740604,-0.2719832626168606
acs_ct0_puma,1102,4,560,560,2240,10,4.0,286,20.0,1.0,12.773512429533124,0.6857256099335044,-0.003290313556947644,0,0.7410734581123162,0.15891727679509568,0.8323014195107219,1.0747404425908522,-0.1852728352348717,0.7377831445553685,0.16227482667202947,0.8356236786469344,1.1633550979110225,-0.40830145621414027
acs_ct0_puma,1102,4,560,560,2240,10,4.0,286,20.0,1.0,18.572872240325484,0.78221148012376,-0.009225054073919603,0,0.7103814825094567,0.1546597836417797,0.8422681969193597,0.9659647799006201,-0.13136303398087162,0.701156428435537,0.16050272715223404,0.840305043793416,1.0057972008499343,-0.38413886952459025
acs_ct0_puma,1102,3,560,560,1680,10,3.0,286,20.0,1.0,18.729534170838388,0.8300969839605074,-0.010340195264169516,0,0.7363842466390261,0.15670437690993216,0.8340380549682876,1.0479956915896025,0.011819694695506661,0.7260440513748566,0.16422092307559352,0.8339625490788282,1.005935545258949,-0.4827552320888326
acs_ct0_puma,1102,3,560,560,1680,10,3.0,286,20.0,1.0,21.622011014534866,0.8541243441221231,0.013796803712485817,1,0.7365431323019934,0.1497744917637586,0.8571428571428571,1.0661808324470017,0.016083524251385,0.7503399360144792,0.1490114306491792,0.8691482935668983,1.1673150527384453,-0.4511732285721619
acs_ct0_puma,1102,3,560,560,1680,10,3.0,286,20.0,1.0,28.609222253683008,0.8947330832376843,0.01911054928068512,1,0.6743932267657394,0.1705011296086615,0.8046662639685895,0.8656328284537396,-0.02400947574926976,0.6935037760464245,0.17233115178374012,0.8172002416188463,0.978641782741309,-0.47559034750488965
acs_ct0_puma,1102,3,560,560,1680,10,3.0,286,20.0,1.0,8.555601172449968,0.6311121123110459,-0.004014770260587941,0,0.7410734581123162,0.15891727679509568,0.8323014195107219,1.0747404425908522,-0.1852728352348717,0.7370586878517282,0.16989349941566592,0.8351706433101782,1.108219038453002,-0.6300378814394838
acs_ct0_puma,1102,3,560,560,1680,10,3.0,286,20.0,1.0,12.683258755445799,0.7588975617406533,-0.015570923641977985,0,0.7103814825094567,0.1546597836417797,0.8422681969193597,0.9659647799006201,-0.13136303398087162,0.6948105588674787,0.168203574304307,0.8350951374207188,0.9449496502599537,-0.6013660337837622
acs_ct0_puma,1102,4,560,560,2240,10,4.0,286,20.0,1.0,9.11967568653432,0.5580282441520974,-0.013357503182614416,0,0.7363842466390261,0.15670437690993216,0.8340380549682876,1.0479956915896025,0.011819694695506661,0.7230267434564117,0.1608469670081852,0.8330564784053156,1.020173047630824,-0.2832609670285717
acs_ct0_puma,1102,4,560,560,2240,10,4.0,286,20.0,1.0,17.42414966809001,0.769407235628877,0.00913274542053566,1,0.7365431323019934,0.1497744917637586,0.8571428571428571,1.0661808324470017,0.016083524251385,0.7456758777225291,0.14712033844621988,0.8656750226517669,1.2411076050718586,-0.24264893088646097
acs_ct0_puma,1102,4,560,560,2240,10,4.0,286,20.0,1.0,16.60812552321798,0.7549235812168712,0.02325349350795536,1,0.6743932267657394,0.1705011296086615,0.8046662639685895,0.8656328284537396,-0.02400947574926976,0.6976467202736948,0.16775166712529815,0.8187103594080338,1.0276410079201503,-0.282777273660129
acs_ct0_puma,1102,4,560,560,2240,10,4.0,286,20.0,1.0,9.562863854038493,0.5740429591926396,-0.002403528559739465,0,0.7410734581123162,0.15891727679509568,0.8323014195107219,1.0747404425908522,-0.1852728352348717,0.7386699295525767,0.16418628660353776,0.8361522198731501,1.1659765415469596,-0.44935661727688403
acs_ct0_puma,1102,4,560,560,2240,10,4.0,286,20.0,1.0,10.866128884357156,0.5998911787158159,-0.014358963558797733,0,0.7103814825094567,0.1546597836417797,0.8422681969193597,0.9659647799006201,-0.13136303398087162,0.6960225189506589,0.16359021850819294,0.8325279371791,1.019282903246232,-0.3846649887879983
acs_ct0_puma,1102,2,560,560,1120,10,2.0,286,20.0,1.0,8.550206066777129,0.7646013576056918,-0.005226941201284752,0,0.7363842466390261,0.15670437690993216,0.8340380549682876,1.0479956915896025,0.011819694695506661,0.7311573054377414,0.15774803716547037,0.8363787375415282,1.1254187165674923,-0.13091723339253525
acs_ct0_puma,1102,2,560,560,1120,10,2.0,286,20.0,1.0,15.424861657032384,0.8681267352721468,0.014380637195808732,1,0.7365431323019934,0.1497744917637586,0.8571428571428571,1.0661808324470017,0.016083524251385,0.7509237694978022,0.1475073027322004,0.8655995167623075,1.3426171792387334,-0.12895059683631002
acs_ct0_puma,1102,2,560,560,1120,10,2.0,286,20.0,1.0,9.472493480671465,0.7880187136642798,0.02138119856707088,1,0.6743932267657394,0.1705011296086615,0.8046662639685895,0.8656328284537396,-0.02400947574926976,0.6957744253328103,0.1652904453900358,0.8208245243128964,1.1578666738768593,-0.1401547624503251
acs_ct0_puma,1102,2,560,560,1120,10,2.0,286,20.0,1.0,9.466166274538072,0.7845589372969062,-0.0049628424895697965,0,0.7410734581123162,0.15891727679509568,0.8323014195107219,1.0747404425908522,-0.1852728352348717,0.7361106156227464,0.16175573748789887,0.8340380549682875,1.2184180587750255,-0.28654223401753287
acs_ct0_puma,1102,2,560,560,1120,10,2.0,286,20.0,1.0,10.640993129901446,0.8022702062585201,-0.019631025450049355,0,0.7103814825094567,0.1546597836417797,0.8422681969193597,0.9659647799006201,-0.13136303398087162,0.6907504570594073,0.16276041734221194,0.8295832074901842,1.0584497212202852,-0.2680115367956962
acs_ct0_puma,1102,4,560,560,2240,10,4.0,286,20.0,1.0,27.210713234344865,0.8524869553842938,-0.01029330799246142,0,0.7363842466390261,0.15670437690993216,0.8340380549682876,1.0479956915896025,0.011819694695506661,0.7260909386465647,0.15774170203646065,0.838719420114769,1.1526484185768102,-0.21836876231377125
acs_ct0_puma,1102,4,560,560,2240,10,4.0,286,20.0,1.0,21.486052586658477,0.81356363511107,0.012957131363011798,1,0.7365431323019934,0.1497744917637586,0.8571428571428571,1.0661808324470017,0.016083524251385,0.7495002636650052,0.14631738172872966,0.86650558743582,1.2378440968232516,-0.16854391593870524
acs_ct0_puma,1102,4,560,560,2240,10,4.0,286,20.0,1.0,23.06034156693328,0.8185589311869321,-4.728103258921923e-05,0,0.6743932267657394,0.1705011296086615,0.8046662639685895,0.8656328284537396,-0.02400947574926976,0.6743459457331502,0.16903771398665696,0.8141800060404711,1.0596558739267101,-0.1941201358655168
acs_ct0_puma,1102,4,560,560,2240,10,4.0,286,20.0,1.0,21.28403991795632,0.8058192133362321,-0.0052692923132772185,0,0.7410734581123162,0.15891727679509568,0.8323014195107219,1.0747404425908522,-0.1852728352348717,0.735804165799039,0.1614550401620197,0.834340078526125,1.1664678063473919,-0.3490094814239138
acs_ct0_puma,1102,4,560,560,2240,10,4.0,286,20.0,1.0,25.585465084747106,0.8409563372484231,-0.010906563384376344,0,0.7103814825094567,0.1546597836417797,0.8422681969193597,0.9659647799006201,-0.13136303398087162,0.6994749191250803,0.15869195240794712,0.8388704318936877,1.018144394066583,-0.27712648587903377
acs_ct0_puma,1102,3,560,560,1680,10,3.0,286,20.0,1.0,12.24754724831212,0.7546105731535517,-0.008621219347139109,0,0.7363842466390261,0.15670437690993216,0.8340380549682876,1.0479956915896025,0.011819694695506661,0.727763027291887,0.15928126248013513,0.8329809725158562,1.0438433592392415,-0.21649093368942307
acs_ct0_puma,1102,3,560,560,1680,10,3.0,286,20.0,1.0,16.273733636931432,0.7913543778655923,0.010013883663092193,1,0.7365431323019934,0.1497744917637586,0.8571428571428571,1.0661808324470017,0.016083524251385,0.7465570159650856,0.14522724022895261,0.865901540320145,1.129721372089444,-0.1815314426530799
acs_ct0_puma,1102,3,560,560,1680,10,3.0,286,20.0,1.0,12.760411667482842,0.7648774513308317,0.000278946369259514,1,0.6743932267657394,0.1705011296086615,0.8046662639685895,0.8656328284537396,-0.02400947574926976,0.6746721731349989,0.17156474197600102,0.8086680761099365,0.9167428275733889,-0.23728608569006454
acs_ct0_puma,1102,3,560,560,1680,10,3.0,286,20.0,1.0,10.738117648876095,0.7200352256003464,0.0029341617530367348,1,0.7410734581123162,0.15891727679509568,0.8323014195107219,1.0747404425908522,-0.1852728352348717,0.7440076198653529,0.161410047169556,0.836907278767744,1.133165909601624,-0.40438850177481367
acs_ct0_puma,1102,3,560,560,1680,10,3.0,286,20.0,1.0,18.576328585554492,0.8383902957137049,-0.005633215185392282,0,0.7103814825094567,0.1546597836417797,0.8422681969193597,0.9659647799006201,-0.13136303398087162,0.7047482673240644,0.15688685772397257,0.8425702204771972,0.9558460694396966,-0.3218495541601674
acs_ct0_puma,1102,4,560,560,2240,10,4.0,286,20.0,1.0,30.178138557293735,0.8662632561175361,0.00899083972430681,1,0.7363842466390261,0.15670437690993216,0.8340380549682876,1.0479956915896025,0.011819694695506661,0.7453750863633329,0.15501105901308349,0.8453639383871941,1.189947631362727,-0.2836658439595391
acs_ct0_puma,1102,4,560,560,2240,10,4.0,286,20.0,1.0,43.47191643139988,0.9052273996976501,0.012609058632189751,1,0.7365431323019934,0.1497744917637586,0.8571428571428571,1.0661808324470017,0.016083524251385,0.7491521909341832,0.1470069390991667,0.8655240108728481,1.2413433988329303,-0.22762964658969645
acs_ct0_puma,1102,4,560,560,2240,10,4.0,286,20.0,1.0,22.229156602907764,0.8099840851752365,0.012707050518306895,1,0.6743932267657394,0.1705011296086615,0.8046662639685895,0.8656328284537396,-0.02400947574926976,0.6871002772840463,0.16784197334932038,0.8168982180610087,1.0088533006907598,-0.2646455584315306
acs_ct0_puma,1102,4,560,560,2240,10,4.0,286,20.0,1.0,26.080670485363953,0.8359636236782413,-0.0005518320999359227,0,0.7410734581123162,0.15891727679509568,0.8323014195107219,1.0747404425908522,-0.1852728352348717,0.7405216260123803,0.1627006717771336,0.8378133494412564,1.2122608495098541,-0.4365644577999815
acs_ct0_puma,1102,4,560,560,2240,10,4.0,286,20.0,1.0,20.28819329285248,0.7946540322344888,-0.008685691578861121,0,0.7103814825094567,0.1546597836417797,0.8422681969193597,0.9659647799006201,-0.13136303398087162,0.7016957909305955,0.15880451439848745,0.8430232558139535,1.051307047758319,-0.35492702581210184
acs_ct0_puma,1102,1,560,560,560,10,1.0,286,20.0,1.0,2.584097671627796,0.3970024953057308,0.005831747357248562,1,0.7363842466390261,0.15670437690993216,0.8340380549682876,1.0479956915896025,0.011819694695506661,0.7422159939962747,0.15772673319753552,0.8311688311688311,1.137290141337936,-0.0970149607975072
acs_ct0_puma,1102,1,560,560,560,10,1.0,286,20.0,1.0,4.843983817509246,0.7921762911712491,-0.004227663821467886,0,0.7365431323019934,0.1497744917637586,0.8571428571428571,1.0661808324470017,0.016083524251385,0.7323154684805255,0.15000483897046865,0.8561612805798853,1.1799267205227475,-0.08157055123800677
acs_ct0_puma,1102,1,560,560,560,10,1.0,286,20.0,1.0,2.0143876337785818,0.49843406214306785,-0.0030655508425754263,0,0.6743932267657394,0.1705011296086615,0.8046662639685895,0.8656328284537396,-0.02400947574926976,0.671327675923164,0.1715142710044408,0.803533675626699,0.938343479968,-0.11849342221588229
acs_ct0_puma,1102,1,560,560,560,10,1.0,286,20.0,1.0,0.7454146329393754,0.03283054571142674,-0.0075018740835813835,0,0.7410734581123162,0.15891727679509568,0.8323014195107219,1.0747404425908522,-0.1852728352348717,0.7335715840287348,0.1614626205298876,0.8281485955904562,1.2009985591840417,-0.26252661054159054
acs_ct0_puma,1102,1,560,560,560,10,1.0,286,20.0,1.0,2.4292731969067534,0.5841595078839406,-0.012592291155389401,0,0.7103814825094567,0.1546597836417797,0.8422681969193597,0.9659647799006201,-0.13136303398087162,0.6977891913540673,0.15661125626479416,0.8432497734823317,1.098544127849957,-0.24313109359474777
acs_ct0_puma,1102,1,560,560,560,10,1.0,286,20.0,1.0,3.7873421305232045,0.7323872614874565,0.005874672049246743,1,0.7363842466390261,0.15670437690993216,0.8340380549682876,1.0479956915896025,0.011819694695506661,0.7422589186882729,0.15639420209467542,0.8401540320144971,1.0950760881463366,-0.19538406795799956
acs_ct0_puma,1102,1,560,560,560,10,1.0,286,20.0,1.0,7.3510819902931885,0.8000569504066881,0.011653697713668976,1,0.7365431323019934,0.1497744917637586,0.8571428571428571,1.0661808324470017,0.016083524251385,0.7481968300156624,0.1464326077818209,0.8624282694050136,1.1825916762941873,-0.18392301947248194
acs_ct0_puma,1102,1,560,560,560,10,1.0,286,20.0,1.0,4.326630434183965,0.6976281285703174,0.013579951292717163,1,0.6743932267657394,0.1705011296086615,0.8046662639685895,0.8656328284537396,-0.02400947574926976,0.6879731780584566,0.1674044981959739,0.8132739353669587,0.9969156519851413,-0.20123214234750386
acs_ct0_puma,1102,1,560,560,560,10,1.0,286,20.0,1.0,8.040221330712075,0.8731913758605354,0.0006335331536426736,1,0.7410734581123162,0.15891727679509568,0.8323014195107219,1.0747404425908522,-0.1852728352348717,0.7417069912659588,0.16343955256208317,0.8338115372999094,1.072304609792755,-0.4167602720951453
acs_ct0_puma,1102,1,560,560,560,10,1.0,286,20.0,1.0,3.4503199267035103,0.7027667045075849,0.0028322943530220135,1,0.7103814825094567,0.1546597836417797,0.8422681969193597,0.9659647799006201,-0.13136303398087162,0.7132137768624787,0.1570511412494648,0.8430987617034129,0.9793470471785984,-0.32358123522576326
acs_ct0_puma,1102,3,560,560,1680,10,3.0,286,20.0,1.0,24.68376998355496,0.8732533247101789,-0.017062077327373637,0,0.7363842466390261,0.15670437690993216,0.8340380549682876,1.0479956915896025,0.011819694695506661,0.7193221693116525,0.16100274056019384,0.8310178193899125,1.078808533118009,-0.2343660833238916
acs_ct0_puma,1102,3,560,560,1680,10,3.0,286,20.0,1.0,16.24551026478105,0.8153331530445179,0.006977947533880924,1,0.7365431323019934,0.1497744917637586,0.8571428571428571,1.0661808324470017,0.016083524251385,0.7435210798358743,0.1491069691050628,0.8600875868317729,1.1744094894031658,-0.2422548588683211
acs_ct0_puma,1102,3,560,560,1680,10,3.0,286,20.0,1.0,16.94905522759789,0.8228100867999468,-0.0004182076452223793,0,0.6743932267657394,0.1705011296086615,0.8046662639685895,0.8656328284537396,-0.02400947574926976,0.673975019120517,0.16842922517439013,0.8153125943823618,1.0399409242388467,-0.24038574440178734
acs_ct0_puma,1102,3,560,560,1680,10,3.0,286,20.0,1.0,23.374182879129766,0.8637783205214414,-0.0049454160661241975,0,0.7410734581123162,0.15891727679509568,0.8323014195107219,1.0747404425908522,-0.1852728352348717,0.736128042046192,0.16309731225874077,0.834717607973422,1.1851331464378703,-0.4157145731466883
acs_ct0_puma,1102,3,560,560,1680,10,3.0,286,20.0,1.0,23.665722952255,0.8720086308199848,-0.003949163428712543,0,0.7103814825094567,0.1546597836417797,0.8422681969193597,0.9659647799006201,-0.13136303398087162,0.7064323190807441,0.1601787384940311,0.8385684083358501,1.0453701930076629,-0.3474796650343046
acs_ct0_puma,1102,2,560,560,1120,10,2.0,286,20.0,1.0,10.899448570755244,0.8165020520314666,-0.014491121500327386,0,0.7363842466390261,0.15670437690993216,0.8340380549682876,1.0479956915896025,0.011819694695506661,0.7218931251386987,0.1589153184605357,0.8329809725158562,0.9937846412797761,-0.10679724002173854
acs_ct0_puma,1102,2,560,560,1120,10,2.0,286,20.0,1.0,14.59073610815207,0.8619444281659248,-0.00014667307544247166,0,0.7365431323019934,0.1497744917637586,0.8571428571428571,1.0661808324470017,0.016083524251385,0.736396459226551,0.14783268514228634,0.8611446692842042,1.1043877800193036,-0.0450939372159533
acs_ct0_puma,1102,2,560,560,1120,10,2.0,286,20.0,1.0,11.603918867383538,0.8178839227318002,-0.0038577131672762333,0,0.6743932267657394,0.1705011296086615,0.8046662639685895,0.8656328284537396,-0.02400947574926976,0.6705355135984632,0.16933439016880272,0.808743581999396,0.9164163297079162,-0.1147700863436232
acs_ct0_puma,1102,2,560,560,1120,10,2.0,286,20.0,1.0,7.301612879360111,0.6931252794210708,-0.0071620455657792625,0,0.7410734581123162,0.15891727679509568,0.8323014195107219,1.0747404425908522,-0.1852728352348717,0.7339114125465369,0.15948243200241344,0.83131984294775,1.1278433059856765,-0.2770660720259007
acs_ct0_puma,1102,2,560,560,1120,10,2.0,286,20.0,1.0,6.92485478848506,0.7077916196498999,-0.002284171891204445,0,0.7103814825094567,0.1546597836417797,0.8422681969193597,0.9659647799006201,-0.13136303398087162,0.7080973106182522,0.15447588111490537,0.8440803382663848,0.9998844977185378,-0.21196606694707884
acs_ct0_puma,1102,1,560,560,560,10,1.0,286,20.0,1.0,6.3163481191378725,0.8318206430237043,-0.010132257388322796,0,0.7363842466390261,0.15670437690993216,0.8340380549682876,1.0479956915896025,0.011819694695506661,0.7262519892507033,0.16173499739903077,0.8261854424645122,1.0850832251879812,-0.097415073922032
acs_ct0_puma,1102,1,560,560,560,10,1.0,286,20.0,1.0,4.8464480344306455,0.735796079136233,0.0031822233592335714,1,0.7365431323019934,0.1497744917637586,0.8571428571428571,1.0661808324470017,0.016083524251385,0.739725355661227,0.1503201518893539,0.8581999395952884,1.232692502476507,-0.16006737878696917
acs_ct0_puma,1102,1,560,560,560,10,1.0,286,20.0,1.0,7.924517399934521,0.8658601195310033,0.016266639472607092,1,0.6743932267657394,0.1705011296086615,0.8046662639685895,0.8656328284537396,-0.02400947574926976,0.6906598662383465,0.16666655175687733,0.8138779824826337,1.0347591721607061,-0.17773171731900264
acs_ct0_puma,1102,1,560,560,560,10,1.0,286,20.0,1.0,3.695125914797762,0.4929960272157175,0.00511152224435274,1,0.7410734581123162,0.15891727679509568,0.8323014195107219,1.0747404425908522,-0.1852728352348717,0.7461849803566689,0.15943146017596962,0.8379643612201753,1.2120214975428645,-0.32166828886775
acs_ct0_puma,1102,1,560,560,560,10,1.0,286,20.0,1.0,1.1757040546860438,0.20450899673354342,0.0005462354882241893,1,0.7103814825094567,0.1546597836417797,0.8422681969193597,0.9659647799006201,-0.13136303398087162,0.7109277179976808,0.15871180912807528,0.8370582905466627,1.024681821239541,-0.28942898555326724
acs_ct0_puma,1403,3,560,560,1680,10,3.0,446,24.8,1.0,14.426242343005656,0.7700847196209097,0.005132904124697246,1,0.878801099261356,0.1261479013136852,0.8916502393691919,0.9255489225264593,-0.20071118433877147,0.8839340033860532,0.12810840404423668,0.8955223880597014,1.1049218368717069,0.20754586203128828
acs_ct0_puma,1403,3,560,560,1680,10,3.0,446,24.8,1.0,21.763035333708615,0.8504677910977314,0.0048750445980849655,1,0.908532817108721,0.12335941220991177,0.9048155449169248,0.8861235798914698,0.277860812984142,0.913407861706806,0.12678161046481976,0.9070684314277669,1.122933478700781,0.5084951262010194
acs_ct0_puma,1403,3,560,560,1680,10,3.0,446,24.8,1.0,13.655385265775813,0.7704252506377471,0.0030112778175976906,1,0.8941444249258323,0.12331675409606808,0.9015066178541256,1.040036225584779,0.21913821786606466,0.89715570274343,0.13078461068955835,0.9042523232892143,1.25883058051449,0.4641490081907648
acs_ct0_puma,1403,3,560,560,1680,10,3.0,446,24.8,1.0,15.891550259320613,0.8100721848585238,0.008938601983971006,1,0.868637259639993,0.14465707171716521,0.8638411715009856,0.8055541863313145,0.09370354733173303,0.8775758616239641,0.14530682798358086,0.872359898620107,1.0234482012474067,0.39657509453915496
acs_ct0_puma,1403,3,560,560,1680,10,3.0,446,24.8,1.0,10.595821291155081,0.7112455750739782,0.006123440643714728,1,0.9586392089946758,0.09555477470228085,0.9484652210644889,1.7168930122605357,-0.04070574450659335,0.9647626496383905,0.09682567132178416,0.9550830751900873,1.9503504578543316,0.3334342544350575
acs_ct0_puma,1403,3,560,560,1680,10,3.0,446,24.8,1.0,15.235577939965946,0.7617361798480017,0.006099181758109529,1,0.878801099261356,0.1261479013136852,0.8916502393691919,0.9255489225264593,-0.20071118433877147,0.8849002810194655,0.12772566359496626,0.8943959448042805,1.0769947785931093,0.15023391611188977
acs_ct0_puma,1403,3,560,560,1680,10,3.0,446,24.8,1.0,22.96062074686037,0.8545106305125253,0.004196599742642748,1,0.908532817108721,0.12335941220991177,0.9048155449169248,0.8861235798914698,0.277860812984142,0.9127294168513638,0.12573006805790732,0.9055195719515629,1.0839362503224894,0.466681027692479
acs_ct0_puma,1403,3,560,560,1680,10,3.0,446,24.8,1.0,12.065998133134539,0.7418383181356754,0.003121934354434197,1,0.8941444249258323,0.12331675409606808,0.9015066178541256,1.040036225584779,0.21913821786606466,0.8972663592802665,0.12915698570775633,0.9031258800337933,1.2054404153694311,0.39959061319266587
acs_ct0_puma,1403,3,560,560,1680,10,3.0,446,24.8,1.0,18.143569214791015,0.834628690805171,0.0163324442874625,1,0.868637259639993,0.14465707171716521,0.8638411715009856,0.8055541863313145,0.09370354733173303,0.8849697039274556,0.1425257048808812,0.8770768797521825,1.008288080194,0.34673204281305925
acs_ct0_puma,1403,3,560,560,1680,10,3.0,446,24.8,1.0,10.703137733059592,0.7195464294728442,0.007223725107926571,1,0.9586392089946758,0.09555477470228085,0.9484652210644889,1.7168930122605357,-0.04070574450659335,0.9658629341026024,0.09435911934077916,0.9552942833004787,1.894094082110292,0.2750214041204204
acs_ct0_puma,1403,4,560,560,2240,10,4.0,446,24.8,1.0,25.95104734683939,0.8194114775606084,0.001338817900467415,1,0.878801099261356,0.1261479013136852,0.8916502393691919,0.9255489225264593,-0.20071118433877147,0.8801399171618234,0.137483335413828,0.8903829907068431,1.0629944776607605,0.4983380013957474
acs_ct0_puma,1403,4,560,560,2240,10,4.0,446,24.8,1.0,11.799793903449643,0.6559946300735318,0.006223110313615443,1,0.908532817108721,0.12335941220991177,0.9048155449169248,0.8861235798914698,0.277860812984142,0.9147559274223365,0.13400232681277616,0.908124471979724,1.1614149525677517,0.7476346685167731
acs_ct0_puma,1403,4,560,560,2240,10,4.0,446,24.8,1.0,21.86427805681593,0.7663605269128051,0.0003351211434793333,1,0.8941444249258323,0.12331675409606808,0.9015066178541256,1.040036225584779,0.21913821786606466,0.8944795460693117,0.14374821671588608,0.899464939453675,1.2514138773006072,0.7143810101980581
acs_ct0_puma,1403,4,560,560,2240,10,4.0,446,24.8,1.0,9.810807940114216,0.5912764316891181,0.017493743696288866,1,0.868637259639993,0.14465707171716521,0.8638411715009856,0.8055541863313145,0.09370354733173303,0.8861310033362819,0.15111445434298787,0.8760912419036891,1.1041247266828553,0.6140175813210406
acs_ct0_puma,1403,4,560,560,2240,10,4.0,446,24.8,1.0,26.257888782139222,0.8419145316808065,0.0031724588456093494,1,0.9586392089946758,0.09555477470228085,0.9484652210644889,1.7168930122605357,-0.04070574450659335,0.9618116678402852,0.10551111728038497,0.9515629400168967,1.906232297379347,0.5685876889967969
acs_ct0_puma,1403,4,560,560,2240,10,4.0,446,24.8,1.0,21.162892366343648,0.7677221795279366,0.007512604457374894,1,0.878801099261356,0.1261479013136852,0.8916502393691919,0.9255489225264593,-0.20071118433877147,0.8863137037187309,0.12675322146783718,0.8961560123908758,1.1762535930172613,0.11924470090454763
acs_ct0_puma,1403,4,560,560,2240,10,4.0,446,24.8,1.0,26.816596607338948,0.8507490244929596,0.007931898989646635,1,0.908532817108721,0.12335941220991177,0.9048155449169248,0.8861235798914698,0.277860812984142,0.9164647160983677,0.1242054570324836,0.9098845395663193,1.2103834097389898,0.43612444352103935
acs_ct0_puma,1403,4,560,560,2240,10,4.0,446,24.8,1.0,15.792605290068558,0.7466746212811025,0.00033060251508199023,1,0.8941444249258323,0.12331675409606808,0.9015066178541256,1.040036225584779,0.21913821786606466,0.8944750274409143,0.1287145577481349,0.9034074908476486,1.2987963683093022,0.36726855244109896
acs_ct0_puma,1403,4,560,560,2240,10,4.0,446,24.8,1.0,19.448637466002243,0.7936666617811896,0.024229788992328083,1,0.868637259639993,0.14465707171716521,0.8638411715009856,0.8055541863313145,0.09370354733173303,0.8928670486323211,0.13687419279135854,0.8841171500985638,1.1311565638655439,0.2977892294683528
acs_ct0_puma,1403,4,560,560,2240,10,4.0,446,24.8,1.0,32.49450267507539,0.8657596229127817,0.0022450420182711373,1,0.9586392089946758,0.09555477470228085,0.9484652210644889,1.7168930122605357,-0.04070574450659335,0.9608842510129469,0.09791314035928493,0.9511405237961138,1.9188987533555082,0.22948771834944814
acs_ct0_puma,1403,3,560,560,1680,10,3.0,446,24.8,1.0,32.47950461423157,0.8765274949236989,-0.0010063466050088676,0,0.878801099261356,0.1261479013136852,0.8916502393691919,0.9255489225264593,-0.20071118433877147,0.8777947526563471,0.13264641917173586,0.8891861447479583,1.1419635470954264,0.2522954922636072
acs_ct0_puma,1403,3,560,560,1680,10,3.0,446,24.8,1.0,24.31287296967024,0.8746598651466231,0.007998650759741266,1,0.908532817108721,0.12335941220991177,0.9048155449169248,0.8861235798914698,0.277860812984142,0.9165314678684623,0.12636909079436173,0.9106589693044211,1.233409536430745,0.5114418196730738
acs_ct0_puma,1403,3,560,560,1680,10,3.0,446,24.8,1.0,28.636418340317597,0.8655928497137937,0.002695844991241758,1,0.8941444249258323,0.12331675409606808,0.9015066178541256,1.040036225584779,0.21913821786606466,0.8968402699170741,0.13585630250755915,0.9035482962545761,1.353942421744331,0.5261483053243855
acs_ct0_puma,1403,3,560,560,1680,10,3.0,446,24.8,1.0,20.316316317585596,0.8520699029571621,0.013581366398029537,1,0.868637259639993,0.14465707171716521,0.8638411715009856,0.8055541863313145,0.09370354733173303,0.8822186260380226,0.14412704244958793,0.8763728527175444,1.082206867228306,0.4057161270753709
acs_ct0_puma,1403,3,560,560,1680,10,3.0,446,24.8,1.0,21.023274459083293,0.8572361948442144,-0.00046650423639682526,0,0.9586392089946758,0.09555477470228085,0.9484652210644889,1.7168930122605357,-0.04070574450659335,0.958172704758279,0.10151755669978359,0.9486764291748804,1.8353191784880585,0.37937802910450674
acs_ct0_puma,1403,4,560,560,2240,10,4.0,446,24.8,1.0,23.36091948274113,0.8226432613407573,-0.00012239639065869667,0,0.878801099261356,0.1261479013136852,0.8916502393691919,0.9255489225264593,-0.20071118433877147,0.8786787028706973,0.13404328757362477,0.8876372852717545,1.090632548843447,0.2890167400194313
acs_ct0_puma,1403,4,560,560,2240,10,4.0,446,24.8,1.0,28.51306597094964,0.8442740243356981,0.00384835525246352,1,0.908532817108721,0.12335941220991177,0.9048155449169248,0.8861235798914698,0.277860812984142,0.9123811723611845,0.12887648018730594,0.9057307800619544,1.1503523996553031,0.5349438338219524
acs_ct0_puma,1403,4,560,560,2240,10,4.0,446,24.8,1.0,26.68059875975082,0.8170315552358793,0.002296090989452937,1,0.8941444249258323,0.12331675409606808,0.9015066178541256,1.040036225584779,0.21913821786606466,0.8964405159152853,0.13490473021519542,0.901365812447198,1.2318755167301694,0.5229877512465166
acs_ct0_puma,1403,4,560,560,2240,10,4.0,446,24.8,1.0,36.321091420285775,0.8695609486060465,0.008735100615799851,1,0.868637259639993,0.14465707171716521,0.8638411715009856,0.8055541863313145,0.09370354733173303,0.8773723602557929,0.14853222438036467,0.8713038580681499,1.0648370229440067,0.4372960129859733
acs_ct0_puma,1403,4,560,560,2240,10,4.0,446,24.8,1.0,41.42810853349385,0.9025876282616216,-0.002337861554692733,0,0.9586392089946758,0.09555477470228085,0.9484652210644889,1.7168930122605357,-0.04070574450659335,0.9563013474399831,0.10374389853809553,0.9479019994367783,1.88356198884394,0.40144753847710707
acs_ct0_puma,1403,2,560,560,1120,10,2.0,446,24.8,1.0,17.687315419225474,0.6030574169464239,0.000802367677260607,1,0.878801099261356,0.1261479013136852,0.8916502393691919,0.9255489225264593,-0.20071118433877147,0.8796034669386166,0.1337375246944954,0.889678963672205,1.0561023129116058,0.32290226375488157
acs_ct0_puma,1403,2,560,560,1120,10,2.0,446,24.8,1.0,10.419184731087121,0.8054897997240216,0.005609402181423473,1,0.908532817108721,0.12335941220991177,0.9048155449169248,0.8861235798914698,0.277860812984142,0.9141422192901445,0.12990484600105118,0.9081948746831879,1.154945274330392,0.6360140180055325
acs_ct0_puma,1403,2,560,560,1120,10,2.0,446,24.8,1.0,14.178891133829069,0.7996845784112038,2.5692713230829334e-05,1,0.8941444249258323,0.12331675409606808,0.9015066178541256,1.040036225584779,0.21913821786606466,0.8941701176390632,0.14082272034696958,0.8966488313151225,1.213955141651619,0.6244928636973087
acs_ct0_puma,1403,2,560,560,1120,10,2.0,446,24.8,1.0,5.622287347120233,0.599288151817423,0.011139640785883143,1,0.868637259639993,0.14465707171716521,0.8638411715009856,0.8055541863313145,0.09370354733173303,0.8797769004258762,0.15008088134758216,0.871585468882005,1.0191632746396058,0.5395781367281441
acs_ct0_puma,1403,2,560,560,1120,10,2.0,446,24.8,1.0,10.104518974028874,0.7836997192379289,0.001978671134068577,1,0.9586392089946758,0.09555477470228085,0.9484652210644889,1.7168930122605357,-0.04070574450659335,0.9606178801287444,0.10207978665817295,0.9509997183891862,1.866000880386223,0.48954592565573923
acs_ct0_puma,1403,2,560,560,1120,10,2.0,446,24.8,1.0,10.55006260827777,0.7252848359495623,0.00041041345159320564,1,0.878801099261356,0.1261479013136852,0.8916502393691919,0.9255489225264593,-0.20071118433877147,0.8792115127129492,0.1339046082482121,0.886299633905942,1.0054622998563194,0.2804665651109498
acs_ct0_puma,1403,2,560,560,1120,10,2.0,446,24.8,1.0,10.896006669935433,0.8121239109560989,0.005233616815536024,1,0.908532817108721,0.12335941220991177,0.9048155449169248,0.8861235798914698,0.277860812984142,0.913766433924257,0.12880007533387064,0.9065052098000563,1.08962100549664,0.6104584743631659
acs_ct0_puma,1403,2,560,560,1120,10,2.0,446,24.8,1.0,11.946216201810298,0.7618706881712711,-0.0020882033347677798,0,0.8941444249258323,0.12331675409606808,0.9015066178541256,1.040036225584779,0.21913821786606466,0.8920562215910646,0.13834017798150114,0.8954519853562377,1.1482507281118204,0.560011870306527
acs_ct0_puma,1403,2,560,560,1120,10,2.0,446,24.8,1.0,8.124666154162838,0.7134628086862651,0.01695851823023442,1,0.868637259639993,0.14465707171716521,0.8638411715009856,0.8055541863313145,0.09370354733173303,0.8855957778702275,0.14678179130533658,0.8757392283863701,0.99534419898433,0.48769663455029105
acs_ct0_puma,1403,2,560,560,1120,10,2.0,446,24.8,1.0,11.28420100654581,0.8212617056106787,0.0035550257400203122,1,0.9586392089946758,0.09555477470228085,0.9484652210644889,1.7168930122605357,-0.04070574450659335,0.9621942347346961,0.09876266012573438,0.9515629400168967,1.7825459485848651,0.4472993896726768
acs_ct0_puma,1403,1,560,560,560,10,1.0,446,24.8,1.0,3.0789267740662485,0.6655790926154875,0.0008954547899876486,1,0.878801099261356,0.1261479013136852,0.8916502393691919,0.9255489225264593,-0.20071118433877147,0.8796965540513436,0.12793899698315336,0.8901717825964517,1.0326435805226097,0.06277613164943363
acs_ct0_puma,1403,1,560,560,560,10,1.0,446,24.8,1.0,4.089303259251071,0.740561431748042,0.0038630670161503566,1,0.908532817108721,0.12335941220991177,0.9048155449169248,0.8861235798914698,0.277860812984142,0.9123958841248714,0.12498838758910133,0.9057307800619544,0.9859738194069189,0.46236886751002726
acs_ct0_puma,1403,1,560,560,560,10,1.0,446,24.8,1.0,5.3290845023898665,0.7720650277702626,0.003193253841568211,1,0.8941444249258323,0.12331675409606808,0.9015066178541256,1.040036225584779,0.21913821786606466,0.8973376787674006,0.1256734465365493,0.9054491692480992,1.2085806956092857,0.3407366302705679
acs_ct0_puma,1403,1,560,560,560,10,1.0,446,24.8,1.0,4.265301012509745,0.7637890008873407,0.006966358369611014,1,0.868637259639993,0.14465707171716521,0.8638411715009856,0.8055541863313145,0.09370354733173303,0.8756036180096041,0.14412789437114082,0.8692621796676993,0.9586821374465925,0.22882135577463839
acs_ct0_puma,1403,1,560,560,560,10,1.0,446,24.8,1.0,8.014308099420155,0.8731698015759508,-0.00031580806768161107,0,0.9586392089946758,0.09555477470228085,0.9484652210644889,1.7168930122605357,-0.04070574450659335,0.9583234009269942,0.09718283962851673,0.9496620670233736,1.8210752427443846,0.20759318414706845
acs_ct0_puma,1403,1,560,560,560,10,1.0,446,24.8,1.0,1.5360203049641106,0.27141900850182576,0.0037926340351405186,1,0.878801099261356,0.1261479013136852,0.8916502393691919,0.9255489225264593,-0.20071118433877147,0.8825937332964965,0.12649692674959898,0.8948887637285272,1.1910808672326256,-0.13575284771150947
acs_ct0_puma,1403,1,560,560,560,10,1.0,446,24.8,1.0,1.9370035353073176,0.47852410295856695,0.008503129343786942,1,0.908532817108721,0.12335941220991177,0.9048155449169248,0.8861235798914698,0.277860812984142,0.917035946452508,0.12171575026038331,0.9071388341312306,1.1246576516779119,0.2198760035753672
acs_ct0_puma,1403,1,560,560,560,10,1.0,446,24.8,1.0,4.287314224241895,0.7047430475728063,0.00026740988143125755,1,0.8941444249258323,0.12331675409606808,0.9015066178541256,1.040036225584779,0.21913821786606466,0.8944118348072636,0.12563416292828977,0.9037595043649675,1.3219609879861516,0.19280794980216065
acs_ct0_puma,1403,1,560,560,560,10,1.0,446,24.8,1.0,0.5095761671084016,0.0,0.015507558862301374,1,0.868637259639993,0.14465707171716521,0.8638411715009856,0.8055541863313145,0.09370354733173303,0.8841448185022944,0.1389781774712966,0.8760912419036891,1.0872965297069233,0.12233104829837839
acs_ct0_puma,1403,1,560,560,560,10,1.0,446,24.8,1.0,1.2293568572352875,0.1764570723529043,0.002918106845209434,1,0.9586392089946758,0.09555477470228085,0.9484652210644889,1.7168930122605357,-0.04070574450659335,0.9615573158398852,0.09951698242859516,0.9500844832441566,2.015140761565188,0.04073092010835426
acs_ct0_puma,1403,1,560,560,560,10,1.0,446,24.8,1.0,0.47554258856539505,0.0,0.004132222132739449,1,0.878801099261356,0.1261479013136852,0.8916502393691919,0.9255489225264593,-0.20071118433877147,0.8829333213940954,0.12659483204314093,0.8935511123627148,1.0401302507757606,0.06735152050994123
acs_ct0_puma,1403,1,560,560,560,10,1.0,446,24.8,1.0,2.4663205331853293,0.5939382656646948,0.005846548193288559,1,0.908532817108721,0.12335941220991177,0.9048155449169248,0.8861235798914698,0.277860812984142,0.9143793653020096,0.12413349064460868,0.9084764854970431,1.0729318534022447,0.46044698528251415
acs_ct0_puma,1403,1,560,560,560,10,1.0,446,24.8,1.0,1.6388994671865929,0.34463211688567214,-0.0019076907734510984,0,0.8941444249258323,0.12331675409606808,0.9015066178541256,1.040036225584779,0.21913821786606466,0.8922367341523813,0.12962496634481427,0.8985497043086454,1.1510670251710315,0.3814022171984249
acs_ct0_puma,1403,1,560,560,560,10,1.0,446,24.8,1.0,3.787185146993344,0.7302833870980379,0.0075459199151729495,1,0.868637259639993,0.14465707171716521,0.8638411715009856,0.8055541863313145,0.09370354733173303,0.876183179555166,0.14536322826790338,0.870107012109265,0.937875180188938,0.3145730687017877
acs_ct0_puma,1403,1,560,560,560,10,1.0,446,24.8,1.0,1.09416207246597,0.1305035992075337,0.007696022247842382,1,0.9586392089946758,0.09555477470228085,0.9484652210644889,1.7168930122605357,-0.04070574450659335,0.9663352312425182,0.09330875381137586,0.9556462968177978,1.8438204431880567,0.2471663996969015
acs_ct0_puma,1403,1,560,560,560,10,1.0,446,24.8,1.0,2.8460730874181177,0.5217158021872536,-0.004695333187459183,0,0.878801099261356,0.1261479013136852,0.8916502393691919,0.9255489225264593,-0.20071118433877147,0.8741057660738968,0.12760299709635928,0.8884821177133202,1.0850730196494214,-0.05116403620867075
acs_ct0_puma,1403,1,560,560,560,10,1.0,446,24.8,1.0,3.362797953201573,0.6613870849349828,0.001325148388735986,1,0.908532817108721,0.12335941220991177,0.9048155449169248,0.8861235798914698,0.277860812984142,0.909857965497457,0.12423566478475069,0.9028442692199381,1.0247307505761656,0.25755168700171815
acs_ct0_puma,1403,1,560,560,560,10,1.0,446,24.8,1.0,4.435056513315725,0.7667280587182359,0.005513147288321085,1,0.8941444249258323,0.12331675409606808,0.9015066178541256,1.040036225584779,0.21913821786606466,0.8996575722141534,0.12393379331946394,0.9065756125035201,1.2496597629670678,0.26866363957866307
acs_ct0_puma,1403,1,560,560,560,10,1.0,446,24.8,1.0,5.593935156051963,0.8141601247048951,0.008359930783943148,1,0.868637259639993,0.14465707171716521,0.8638411715009856,0.8055541863313145,0.09370354733173303,0.8769971904239362,0.13760906007632812,0.8760912419036891,0.9943310439743261,0.1344346476974639
acs_ct0_puma,1403,1,560,560,560,10,1.0,446,24.8,1.0,1.8613865774354972,0.3823529472164868,-0.0021695832261515724,0,0.9586392089946758,0.09555477470228085,0.9484652210644889,1.7168930122605357,-0.04070574450659335,0.9564696257685242,0.09945115498847275,0.9452970994086173,1.829591585687795,0.06970428133185104
acs_ct0_puma,2101,1,560,560,560,10,1.0,303,21.2,1.0,1.85530185014949,0.4252079252135048,0.00986845417600346,1,0.5958122449747855,0.18980118065935728,0.7858249133416919,0.6114386246073787,-0.05519743688863817,0.6056806991507889,0.18387387824477414,0.7985102146175971,0.60848555398774,-0.31968772320029776
acs_ct0_puma,2101,1,560,560,560,10,1.0,303,21.2,1.0,1.2681628637993576,0.20545732081066276,-0.008650304892741434,0,0.7327215575782756,0.1602710462639548,0.8404012095287263,1.2298287933554615,0.11803857297103128,0.7240712526855342,0.1609933477835068,0.8323622686038794,0.9911422779940786,-0.06604283856402286
acs_ct0_puma,2101,1,560,560,560,10,1.0,303,21.2,1.0,1.3175505380362356,0.2082949799976772,0.0054403969270757635,1,0.719627596822165,0.16661650407617945,0.8221107751309094,1.06919951311318,0.1043018704998722,0.7250679937492408,0.16109470332007508,0.8360498561840843,1.1034330864706547,-0.17004607276407988
acs_ct0_puma,2101,1,560,560,560,10,1.0,303,21.2,1.0,0.7720898425711281,0.0,0.006436894204628563,1,0.6416403925598392,0.17499917927062156,0.8073604248100892,0.8240889400859198,-0.01692441661453312,0.6480772867644677,0.17152369527321218,0.8189394498119331,0.8117008512341856,-0.23192380714796004
acs_ct0_puma,2101,1,560,560,560,10,1.0,303,21.2,1.0,2.5571361128630152,0.5920424552935124,0.013413401885578047,1,0.6763994818950297,0.16730059955064822,0.8238070654178036,1.1171891735537955,-0.24955942683834417,0.6898128837806078,0.1661111196589875,0.8347223246552106,1.021182969600688,-0.46173419371401697
acs_ct0_puma,2101,4,560,560,2240,10,4.0,303,21.2,1.0,39.67349495423825,0.8833438107673983,0.008039609635369871,1,0.5958122449747855,0.18980118065935728,0.7858249133416919,0.6114386246073787,-0.05519743688863817,0.6038518546101553,0.1845458176721391,0.7960026550630578,0.6071389485452064,-0.1685707040047829
acs_ct0_puma,2101,4,560,560,2240,10,4.0,303,21.2,1.0,32.104393310870044,0.8690202697470081,0.0001745545023860151,1,0.7327215575782756,0.1602710462639548,0.8404012095287263,1.2298287933554615,0.11803857297103128,0.7328961120806616,0.15608670335131308,0.8468176119182831,0.9892388996423066,0.03563862120472172
acs_ct0_puma,2101,4,560,560,2240,10,4.0,303,21.2,1.0,30.100743241455064,0.8618396917079061,-0.010485951121166126,0,0.719627596822165,0.16661650407617945,0.8221107751309094,1.06919951311318,0.1043018704998722,0.7091416457009989,0.16307906822530563,0.8328047791135039,0.9812768353001206,-0.03486183403663394
acs_ct0_puma,2101,4,560,560,2240,10,4.0,303,21.2,1.0,42.11859531387598,0.892621770446475,0.012160661149235863,1,0.6416403925598392,0.17499917927062156,0.8073604248100892,0.8240889400859198,-0.01692441661453312,0.653801053709075,0.16955322705095668,0.8244708311822405,0.763194090384001,-0.09162172315330697
acs_ct0_puma,2101,4,560,560,2240,10,4.0,303,21.2,1.0,34.794288204729995,0.8672865740551301,0.016948540276015556,1,0.6763994818950297,0.16730059955064822,0.8238070654178036,1.1171891735537955,-0.24955942683834417,0.6933480221710453,0.161432073330456,0.8378198982225828,0.9610620298087433,-0.32486565153038377
acs_ct0_puma,2101,1,560,560,560,10,1.0,303,21.2,1.0,4.578268522520691,0.762557442179927,0.01091478768847387,1,0.5958122449747855,0.18980118065935728,0.7858249133416919,0.6114386246073787,-0.05519743688863817,0.6067270326632593,0.18645378055989026,0.7928313297440814,0.6127935584846472,-0.02694352698194092
acs_ct0_puma,2101,1,560,560,560,10,1.0,303,21.2,1.0,8.436058734858317,0.8325878359025811,0.005922835723341402,1,0.7327215575782756,0.1602710462639548,0.8404012095287263,1.2298287933554615,0.11803857297103128,0.738644393301617,0.15784226257805029,0.845268825134597,1.0650468072202448,0.16804189125577743
acs_ct0_puma,2101,1,560,560,560,10,1.0,303,21.2,1.0,6.482229956703816,0.8454608642585582,-0.008791908207892107,0,0.719627596822165,0.16661650407617945,0.8221107751309094,1.06919951311318,0.1043018704998722,0.7108356886142729,0.1668533033737975,0.8243233276790323,0.9442948305645029,0.13270470257805472
acs_ct0_puma,2101,1,560,560,560,10,1.0,303,21.2,1.0,3.97306955465866,0.602760565854043,0.011167516282479917,1,0.6416403925598392,0.17499917927062156,0.8073604248100892,0.8240889400859198,-0.01692441661453312,0.6528079088423191,0.17245049081557537,0.8181281805442878,0.7783198010911664,0.022250730671526213
acs_ct0_puma,2101,1,560,560,560,10,1.0,303,21.2,1.0,4.692483333996277,0.7363209991428974,0.013740709798446882,1,0.6763994818950297,0.16730059955064822,0.8238070654178036,1.1171891735537955,-0.24955942683834417,0.6901401916934766,0.16238242888900253,0.8342060623939819,0.982768240059487,-0.2296444416184733
acs_ct0_puma,2101,4,560,560,2240,10,4.0,303,21.2,1.0,31.212770304913164,0.7638685624459334,0.010191810132697543,1,0.5958122449747855,0.18980118065935728,0.7858249133416919,0.6114386246073787,-0.05519743688863817,0.606004055107483,0.18593396519581618,0.7969614278339111,0.5717533064093075,-0.29639883842965825
acs_ct0_puma,2101,4,560,560,2240,10,4.0,303,21.2,1.0,17.13778924354707,0.7587473017284111,0.00017443893267776733,1,0.7327215575782756,0.1602710462639548,0.8404012095287263,1.2298287933554615,0.11803857297103128,0.7328959965109534,0.1535657737786317,0.8501364407404676,0.9464096260466451,-0.053617633513824085
acs_ct0_puma,2101,4,560,560,2240,10,4.0,303,21.2,1.0,15.864233275973607,0.7294187818655691,-0.006899022380799202,0,0.719627596822165,0.16661650407617945,0.8221107751309094,1.06919951311318,0.1043018704998722,0.7127285744413658,0.16193259247394035,0.8354598421712516,0.9513362299079425,-0.1348001386787851
acs_ct0_puma,2101,4,560,560,2240,10,4.0,303,21.2,1.0,13.326169463580705,0.6929291580375064,0.018400796025758615,1,0.6416403925598392,0.17499917927062156,0.8073604248100892,0.8240889400859198,-0.01692441661453312,0.6600411885855978,0.16998357988255428,0.8244708311822406,0.7126165901179359,-0.19436447490507794
acs_ct0_puma,2101,4,560,560,2240,10,4.0,303,21.2,1.0,16.70601256937612,0.7569115345837032,0.020820281740349,1,0.6763994818950297,0.16730059955064822,0.8238070654178036,1.1171891735537955,-0.24955942683834417,0.6972197636353787,0.16195183427529308,0.839442436757873,0.9322843765673436,-0.4147970315001869
acs_ct0_puma,2101,4,560,560,2240,10,4.0,303,21.2,1.0,31.08619521417089,0.8639402891120432,0.0016443902653328069,1,0.5958122449747855,0.18980118065935728,0.7858249133416919,0.6114386246073787,-0.05519743688863817,0.5974566352401183,0.18934736332299157,0.786709934360941,0.5928742187908772,-0.14074511407285645
acs_ct0_puma,2101,4,560,560,2240,10,4.0,303,21.2,1.0,27.476790691826242,0.8539133696220171,0.0024224279794293757,1,0.7327215575782756,0.1602710462639548,0.8404012095287263,1.2298287933554615,0.11803857297103128,0.735143985557705,0.15234502587927903,0.854782801091526,1.0260357716636668,0.07275857389672911
acs_ct0_puma,2101,4,560,560,2240,10,4.0,303,21.2,1.0,13.432534898464015,0.6963341947910671,-0.011527411940827181,0,0.719627596822165,0.16661650407617945,0.8221107751309094,1.06919951311318,0.1043018704998722,0.7081001848813379,0.16486548168949977,0.8290434397816948,0.9803314486737512,-0.018096090992401254
acs_ct0_puma,2101,4,560,560,2240,10,4.0,303,21.2,1.0,28.432536104487838,0.8547002095207581,0.024735614405977935,1,0.6416403925598392,0.17499917927062156,0.8073604248100892,0.8240889400859198,-0.01692441661453312,0.6663760069658171,0.1696524267931301,0.8248395899402612,0.7709102565583277,-0.07235499791422366
acs_ct0_puma,2101,4,560,560,2240,10,4.0,303,21.2,1.0,19.215826360308146,0.7916422406699191,0.02035075950209886,1,0.6763994818950297,0.16730059955064822,0.8238070654178036,1.1171891735537955,-0.24955942683834417,0.6967502413971286,0.16091174907986847,0.8389261744966443,0.951789380477358,-0.2786335049410847
acs_ct0_puma,2101,2,560,560,1120,10,2.0,303,21.2,1.0,10.772362086502184,0.8126048578692868,0.0008116738813145341,1,0.5958122449747855,0.18980118065935728,0.7858249133416919,0.6114386246073787,-0.05519743688863817,0.5966239188561,0.18990083422236956,0.7839811195515893,0.5721941546028678,-0.1890542151783265
acs_ct0_puma,2101,2,560,560,1120,10,2.0,303,21.2,1.0,13.080874121809806,0.8429690751786747,-0.017589347207409456,0,0.7327215575782756,0.1602710462639548,0.8404012095287263,1.2298287933554615,0.11803857297103128,0.7151322103708662,0.15837076193992577,0.8406224647835385,1.0232228887583434,0.04340757898757622
acs_ct0_puma,2101,2,560,560,1120,10,2.0,303,21.2,1.0,10.439640559834004,0.7790421700080237,-0.011610491911117071,0,0.719627596822165,0.16661650407617945,0.8221107751309094,1.06919951311318,0.1043018704998722,0.708017104911048,0.16285640502198373,0.8316247510878384,1.051574714196351,-0.03901999635740632
acs_ct0_puma,2101,2,560,560,1120,10,2.0,303,21.2,1.0,4.549598398394378,0.553993195480686,0.009951386972465226,1,0.6416403925598392,0.17499917927062156,0.8073604248100892,0.8240889400859198,-0.01692441661453312,0.6515917795323044,0.1692574283727017,0.8252821004498857,0.7420181236933283,-0.133368724990013
acs_ct0_puma,2101,2,560,560,1120,10,2.0,303,21.2,1.0,6.921938706208184,0.6730943087928164,0.011501905940172086,1,0.6763994818950297,0.16730059955064822,0.8238070654178036,1.1171891735537955,-0.24955942683834417,0.6879013878352018,0.1658598928359579,0.8294859502913194,0.8574625770755857,-0.3304783273896711
acs_ct0_puma,2101,3,560,560,1680,10,3.0,303,21.2,1.0,14.374613485383591,0.7912765736697918,0.0020986506954979722,1,0.5958122449747855,0.18980118065935728,0.7858249133416919,0.6114386246073787,-0.05519743688863817,0.5979108956702834,0.18698916161557347,0.7921675639796445,0.6207717646843145,-0.21020175838142122
acs_ct0_puma,2101,3,560,560,1680,10,3.0,303,21.2,1.0,14.237297293636038,0.7891333727034768,-0.0019410994201167764,0,0.7327215575782756,0.1602710462639548,0.8404012095287263,1.2298287933554615,0.11803857297103128,0.7307804581581588,0.15372684028864514,0.8504314477468841,1.0899085995105722,0.01891425213269324
acs_ct0_puma,2101,3,560,560,1680,10,3.0,303,21.2,1.0,14.645017253538668,0.7761050207180624,-0.005468355697130112,0,0.719627596822165,0.16661650407617945,0.8221107751309094,1.06919951311318,0.1043018704998722,0.7141592411250349,0.16308010775422718,0.8318460063426506,1.0390460256487337,-0.06360192047651753
acs_ct0_puma,2101,3,560,560,1680,10,3.0,303,21.2,1.0,19.707334723848454,0.8431413841557247,0.013063930305977078,1,0.6416403925598392,0.17499917927062156,0.8073604248100892,0.8240889400859198,-0.01692441661453312,0.6547043228658163,0.16985831331252813,0.8212257541116601,0.7612689842951665,-0.10241938329525282
acs_ct0_puma,2101,3,560,560,1680,10,3.0,303,21.2,1.0,11.473888104933591,0.7352953510792841,0.020466074310425464,1,0.6763994818950297,0.16730059955064822,0.8238070654178036,1.1171891735537955,-0.24955942683834417,0.6968655562054552,0.16134455701584322,0.8382624087322074,1.0327783920296245,-0.34533112541255634
acs_ct0_puma,2101,3,560,560,1680,10,3.0,303,21.2,1.0,16.547383864661512,0.8176535809714036,0.00598755439089349,1,0.5958122449747855,0.18980118065935728,0.7858249133416919,0.6114386246073787,-0.05519743688863817,0.601799799365679,0.18592509411132696,0.7943063647761633,0.5994139543064151,-0.10711064568876458
acs_ct0_puma,2101,3,560,560,1680,10,3.0,303,21.2,1.0,25.044243188844682,0.8794864160245176,-0.007553435918680962,0,0.7327215575782756,0.1602710462639548,0.8404012095287263,1.2298287933554615,0.11803857297103128,0.7251681216595947,0.15557383561720323,0.8484401504535733,1.0208483938988764,0.1046587455278149
acs_ct0_puma,2101,3,560,560,1680,10,3.0,303,21.2,1.0,16.513880955413946,0.8161977331742278,-0.014784086512086625,0,0.719627596822165,0.16661650407617945,0.8221107751309094,1.06919951311318,0.1043018704998722,0.7048435103100784,0.16493214724991076,0.827715908252821,0.963219380470472,0.01823345472840372
acs_ct0_puma,2101,3,560,560,1680,10,3.0,303,21.2,1.0,33.45930415662748,0.8991861492784978,0.01060721309692847,1,0.6416403925598392,0.17499917927062156,0.8073604248100892,0.8240889400859198,-0.01692441661453312,0.6522476056567676,0.1698714286551005,0.8245445829338447,0.7649807384915246,-0.02777212600958591
acs_ct0_puma,2101,3,560,560,1680,10,3.0,303,21.2,1.0,12.768982256011913,0.7590214830790396,0.01846085768018202,1,0.6763994818950297,0.16730059955064822,0.8238070654178036,1.1171891735537955,-0.24955942683834417,0.6948603395752118,0.16027725793523964,0.837967401725791,0.9818628592576846,-0.2644066140905057
acs_ct0_puma,2101,1,560,560,560,10,1.0,303,21.2,1.0,3.3225988205560846,0.6909306679248008,0.011967410505173692,1,0.5958122449747855,0.18980118065935728,0.7858249133416919,0.6114386246073787,-0.05519743688863817,0.6077796554799592,0.18431823675235373,0.7932738402537061,0.6918415275167814,-0.21033578346587326
acs_ct0_puma,2101,1,560,560,560,10,1.0,303,21.2,1.0,3.3521987947610494,0.6414730838701845,-0.0050514810836991275,0,0.7327215575782756,0.1602710462639548,0.8404012095287263,1.2298287933554615,0.11803857297103128,0.7276700764945765,0.15379168928019601,0.8491039162180103,1.20113249797854,-0.05828021452189477
acs_ct0_puma,2101,1,560,560,560,10,1.0,303,21.2,1.0,1.16349058524594,0.13975200376089106,0.006579813781881438,1,0.719627596822165,0.16661650407617945,0.8221107751309094,1.06919951311318,0.1043018704998722,0.7262074106040465,0.16353672980082604,0.8302972195589645,1.176858878288124,-0.11623863584382643
acs_ct0_puma,2101,1,560,560,560,10,1.0,303,21.2,1.0,2.4948453351959428,0.5982065969502091,0.017241725860548507,1,0.6416403925598392,0.17499917927062156,0.8073604248100892,0.8240889400859198,-0.01692441661453312,0.6588821184203877,0.1706559219620752,0.8179069252894756,0.903757305152443,-0.2075249323503202
acs_ct0_puma,2101,1,560,560,560,10,1.0,303,21.2,1.0,0.659272791406768,0.0,0.014717910832546033,1,0.6763994818950297,0.16730059955064822,0.8238070654178036,1.1171891735537955,-0.24955942683834417,0.6911173927275758,0.16628046529434232,0.8329522826167122,1.1267984847700583,-0.3931706417834722
acs_ct0_puma,2101,1,560,560,560,10,1.0,303,21.2,1.0,2.3495037969483397,0.5399455582740271,-0.0012952853660167518,0,0.5958122449747855,0.18980118065935728,0.7858249133416919,0.6114386246073787,-0.05519743688863817,0.5945169596087687,0.18665796947447025,0.7916513017184158,0.6253534409254455,-0.15793910699006194
acs_ct0_puma,2101,1,560,560,560,10,1.0,303,21.2,1.0,1.5043651035159036,0.2860174028076067,-0.002495540353765535,0,0.7327215575782756,0.1602710462639548,0.8404012095287263,1.2298287933554615,0.11803857297103128,0.7302260172245101,0.1582978838143118,0.8443100523637436,1.2206570882555101,0.0948999757036654
acs_ct0_puma,2101,1,560,560,560,10,1.0,303,21.2,1.0,1.182786963373438,0.19868520276258061,0.002140518058054486,1,0.719627596822165,0.16661650407617945,0.8221107751309094,1.06919951311318,0.1043018704998722,0.7217681148802195,0.16264539452953683,0.8336160483811491,1.2222591521931867,-0.0006618130680465782
acs_ct0_puma,2101,1,560,560,560,10,1.0,303,21.2,1.0,3.074786901000648,0.6697892543493068,0.006722941947209349,1,0.6416403925598392,0.17499917927062156,0.8073604248100892,0.8240889400859198,-0.01692441661453312,0.6483633345070485,0.17147152426074827,0.8176119182830592,0.7671696318276722,-0.0385498097439856
acs_ct0_puma,2101,1,560,560,560,10,1.0,303,21.2,1.0,1.4043153143157439,0.23009178987575146,0.010091342027535033,1,0.6763994818950297,0.16730059955064822,0.8238070654178036,1.1171891735537955,-0.24955942683834417,0.6864908239225648,0.16368721289059748,0.8340585588907736,1.1080979640285913,-0.2580447932055734
acs_ct0_puma,2101,2,560,560,1120,10,2.0,303,21.2,1.0,4.080993134215916,0.3511486616913116,0.012449582799864634,1,0.5958122449747855,0.18980118065935728,0.7858249133416919,0.6114386246073787,-0.05519743688863817,0.6082618277746501,0.18601726362695148,0.7971826830887234,0.5725197987415691,-0.40053153531191454
acs_ct0_puma,2101,2,560,560,1120,10,2.0,303,21.2,1.0,6.288574696883247,0.6782383813362373,-0.001596741613526631,0,0.7327215575782756,0.1602710462639548,0.8404012095287263,1.2298287933554615,0.11803857297103128,0.731124815964749,0.15262928288153735,0.8510214617597168,1.0643717043105703,-0.18003403317637728
acs_ct0_puma,2101,2,560,560,1120,10,2.0,303,21.2,1.0,7.037543854297874,0.7155114302933427,0.0031133712764092047,1,0.719627596822165,0.16661650407617945,0.8221107751309094,1.06919951311318,0.1043018704998722,0.7227409680985742,0.16573683286114466,0.8286746810236744,0.9372122575996422,-0.27406632862782676
acs_ct0_puma,2101,2,560,560,1120,10,2.0,303,21.2,1.0,9.612315138047546,0.7897534116836094,0.0071515808728986885,1,0.6416403925598392,0.17499917927062156,0.8073604248100892,0.8240889400859198,-0.01692441661453312,0.6487919734327379,0.17058984066203642,0.8233645549081791,0.7489380855951473,-0.35943496840020045
acs_ct0_puma,2101,2,560,560,1120,10,2.0,303,21.2,1.0,4.200770843961661,0.49509358840955087,0.010227414531406742,1,0.6763994818950297,0.16730059955064822,0.8238070654178036,1.1171891735537955,-0.24955942683834417,0.6866268964264365,0.16891062485645178,0.8327310273618999,0.9232743200281319,-0.578515670849869
acs_ct0_puma,2101,1,560,560,560,10,1.0,303,21.2,1.0,1.8938155439123423,0.47195182305792815,0.001346154976241798,1,0.5958122449747855,0.18980118065935728,0.7858249133416919,0.6114386246073787,-0.05519743688863817,0.5971583999510273,0.19043227690230802,0.7872261966221697,0.5620639331703704,-0.21940410746588063
acs_ct0_puma,2101,1,560,560,560,10,1.0,303,21.2,1.0,2.116159645673079,0.35052095138121425,0.009987131624789813,1,0.7327215575782756,0.1602710462639548,0.8404012095287263,1.2298287933554615,0.11803857297103128,0.7427086892030654,0.15031053880644735,0.8581753816653145,1.0864862020945412,0.008057268435088737
acs_ct0_puma,2101,1,560,560,560,10,1.0,303,21.2,1.0,2.9754576056674837,0.4896511729114237,-0.008010857638834024,0,0.719627596822165,0.16661650407617945,0.8221107751309094,1.06919951311318,0.1043018704998722,0.711616739183331,0.16376205228715027,0.8270521424883842,0.9621783360778343,-0.09472808191027655
acs_ct0_puma,2101,1,560,560,560,10,1.0,303,21.2,1.0,3.7827929587520113,0.43153768962660743,0.02029134922848419,1,0.6416403925598392,0.17499917927062156,0.8073604248100892,0.8240889400859198,-0.01692441661453312,0.6619317417883234,0.17126130928034192,0.8199719743343905,0.7490955808927896,-0.12985131162927896
acs_ct0_puma,2101,1,560,560,560,10,1.0,303,21.2,1.0,5.123190880549158,0.7873410923803431,0.018850088021941214,1,0.6763994818950297,0.16730059955064822,0.8238070654178036,1.1171891735537955,-0.24955942683834417,0.695249569916971,0.1625141346134746,0.8386311674902279,0.9753814431311602,-0.41364544427907446
acs_ct0_puma,2500,1,560,560,560,10,1.0,230,16.1,1.0,7.030626767056641,0.8556272283560524,0.010169027613501358,1,0.6258574334201421,0.14868305203687715,0.8304093567251462,0.9581123128968246,-0.10449902125326348,0.6360264610336435,0.14500076684291383,0.8376981100093228,0.9513623511836304,-0.096602338316129
acs_ct0_puma,2500,1,560,560,560,10,1.0,230,16.1,1.0,1.5362708591974623,0.3195232834410554,-0.01029680252522902,0,0.6688051099465848,0.1351363699659346,0.8666836172556996,1.0565138856174328,-0.09895599356383375,0.6585083074213558,0.13533206224899874,0.8693109585558099,1.0843252588647607,-0.051817978750063956
acs_ct0_puma,2500,1,560,560,560,10,1.0,230,16.1,1.0,2.7770235370012726,0.5538056689673959,0.04325546511863343,1,0.6977957563924995,0.1438389358554238,0.8346470039833884,1.0839621622283784,0.18250857547976562,0.7410512215111329,0.13443134573660737,0.8591406051360285,1.220264252379537,0.19650179166755735
acs_ct0_puma,2500,1,560,560,560,10,1.0,230,16.1,1.0,4.282072011170214,0.7590902568123957,-0.006667994808585487,0,0.7149383018367236,0.1333521850115203,0.8609204169844903,1.131020798408435,0.13257392316453043,0.7082703070281381,0.13455568608850174,0.8569370285617424,1.1049181547549711,0.1498268954855449
acs_ct0_puma,2500,1,560,560,560,10,1.0,230,16.1,1.0,6.322725257800844,0.831723624061325,0.026115521356840254,1,0.7116603953850584,0.14391950568588566,0.8194762267988813,0.9410985972309642,0.1866966817836247,0.7377759167418987,0.13799905190262093,0.8355792863802018,1.0738025983041644,0.18006823279928752
acs_ct0_puma,2500,2,560,560,1120,10,2.0,230,16.1,1.0,13.01908630230908,0.8201112197372582,0.020218066289522274,1,0.6258574334201421,0.14868305203687715,0.8304093567251462,0.9581123128968246,-0.10449902125326348,0.6460754997096644,0.14358800247195933,0.8438850750063565,1.0029525089149174,-0.28385736185893673
acs_ct0_puma,2500,2,560,560,1120,10,2.0,230,16.1,1.0,4.341239811605624,0.5391705492359858,-0.010724564527341496,0,0.6688051099465848,0.1351363699659346,0.8666836172556996,1.0565138856174328,-0.09895599356383375,0.6580805454192433,0.13499311149687412,0.8698194762267989,1.012321048068818,-0.24128599215320998
acs_ct0_puma,2500,2,560,560,1120,10,2.0,230,16.1,1.0,7.675351160647091,0.7127551296485664,0.049371312748222596,1,0.6977957563924995,0.1438389358554238,0.8346470039833884,1.0839621622283784,0.18250857547976562,0.7471670691407221,0.13237810910594566,0.8603271463683363,1.253785137411014,0.007408589167320691
acs_ct0_puma,2500,2,560,560,1120,10,2.0,230,16.1,1.0,5.452627677038404,0.631284111830565,-0.00614431310924568,0,0.7149383018367236,0.1333521850115203,0.8609204169844903,1.131020798408435,0.13257392316453043,0.7087939887274779,0.13356880771262164,0.8582930756843801,1.1088098129058683,-0.05225200531801143
acs_ct0_puma,2500,2,560,560,1120,10,2.0,230,16.1,1.0,10.585222466209961,0.8016588290118227,0.02661829200132204,1,0.7116603953850584,0.14391950568588566,0.8194762267988813,0.9410985972309642,0.1866966817836247,0.7382786873863805,0.1371375742388664,0.835918298160861,1.0508281618598334,0.008540062226402995
acs_ct0_puma,2500,1,560,560,560,10,1.0,230,16.1,1.0,2.7089518294672894,0.6301410747059003,0.03909343362411122,1,0.6258574334201421,0.14868305203687715,0.8304093567251462,0.9581123128968246,-0.10449902125326348,0.6649508670442533,0.1521277548639521,0.8418510043224002,0.9413835093577619,-0.6705603470159351
acs_ct0_puma,2500,1,560,560,560,10,1.0,230,16.1,1.0,9.162589358868209,0.8908600507937097,-0.00308913417481127,0,0.6688051099465848,0.1351363699659346,0.8666836172556996,1.0565138856174328,-0.09895599356383375,0.6657159757717735,0.143379963955745,0.8636325112297651,0.9282338754631183,-0.6161033464373668
acs_ct0_puma,2500,1,560,560,560,10,1.0,230,16.1,1.0,5.392584187230505,0.8061234877035759,0.054345350499672596,1,0.6977957563924995,0.1438389358554238,0.8346470039833884,1.0839621622283784,0.18250857547976562,0.7521411068921721,0.1373407154128491,0.8531231460293245,1.1099449456605948,-0.3230877982497185
acs_ct0_puma,2500,1,560,560,560,10,1.0,230,16.1,1.0,4.7528009234147,0.7098918078705821,0.004872676492502226,1,0.7149383018367236,0.1333521850115203,0.8609204169844903,1.131020798408435,0.13257392316453043,0.7198109783292258,0.13909025008175585,0.8588015933553691,0.9411700345544458,-0.442428147611182
acs_ct0_puma,2500,1,560,560,560,10,1.0,230,16.1,1.0,9.035765681335596,0.872519878143976,0.015078843406880704,1,0.7116603953850584,0.14391950568588566,0.8194762267988813,0.9410985972309642,0.1866966817836247,0.7267392387919391,0.14590704548289218,0.8254936859055853,0.9527167325321029,-0.28965325983504747
acs_ct0_puma,2500,4,560,560,2240,10,4.0,230,16.1,1.0,28.401505298371937,0.8458438742400709,0.04625806644213637,1,0.6258574334201421,0.14868305203687715,0.8304093567251462,0.9581123128968246,-0.10449902125326348,0.6721154998622785,0.15103072626580621,0.8410882278159166,1.0353645686413306,-0.6662650425364265
acs_ct0_puma,2500,4,560,560,2240,10,4.0,230,16.1,1.0,30.718643127084032,0.8088635626379269,-0.008245293672693221,0,0.6688051099465848,0.1351363699659346,0.8666836172556996,1.0565138856174328,-0.09895599356383375,0.6605598162738916,0.14584517219398282,0.8565980167810832,1.0459771229545443,-0.5682042226487358
acs_ct0_puma,2500,4,560,560,2240,10,4.0,230,16.1,1.0,42.48360786975971,0.8451701640568702,0.03986772940970751,1,0.6977957563924995,0.1438389358554238,0.8346470039833884,1.0839621622283784,0.18250857547976562,0.737663485802207,0.13916772635358587,0.8489702517162471,1.1611856732623593,-0.38506969418046794
acs_ct0_puma,2500,4,560,560,2240,10,4.0,230,16.1,1.0,24.61102146212003,0.8338600912355356,-0.03013560576883112,0,0.7149383018367236,0.1333521850115203,0.8609204169844903,1.131020798408435,0.13257392316453043,0.6848026960678925,0.14643403848727146,0.8444783456225102,0.9991173681079938,-0.517313521613735
acs_ct0_puma,2500,4,560,560,2240,10,4.0,230,16.1,1.0,36.084942274873626,0.8548792767713714,-0.015650446517268102,0,0.7116603953850584,0.14391950568588566,0.8194762267988813,0.9410985972309642,0.1866966817836247,0.6960099488677903,0.1517403413873172,0.8126959911856937,0.9403388578054092,-0.39373992518595974
acs_ct0_puma,2500,1,560,560,560,10,1.0,230,16.1,1.0,8.94770543789559,0.8879025338690136,0.005465547472300214,1,0.6258574334201421,0.14868305203687715,0.8304093567251462,0.9581123128968246,-0.10449902125326348,0.6313229808924423,0.14546034939154218,0.8420205102127298,1.0558445962101997,-0.2573601281196765
acs_ct0_puma,2500,1,560,560,560,10,1.0,230,16.1,1.0,2.188881257477756,0.4947022329647486,-0.02552750597528186,0,0.6688051099465848,0.1351363699659346,0.8666836172556996,1.0565138856174328,-0.09895599356383375,0.643277603971303,0.13789774722358838,0.8626154758877871,1.0446338373407202,-0.24201737488473862
acs_ct0_puma,2500,1,560,560,560,10,1.0,230,16.1,1.0,5.457753635045412,0.7613252645336357,0.03616696229226357,1,0.6977957563924995,0.1438389358554238,0.8346470039833884,1.0839621622283784,0.18250857547976562,0.733962718684763,0.13683024430695953,0.8504958047292144,1.2764071927119165,0.04132059463714201
acs_ct0_puma,2500,1,560,560,560,10,1.0,230,16.1,1.0,3.6798484481396745,0.7130220234284306,-0.0022389332583095944,0,0.7149383018367236,0.1333521850115203,0.8609204169844903,1.131020798408435,0.13257392316453043,0.712699368578414,0.13318672506524673,0.8599881345876769,1.0877466984555497,-0.0901253794549316
acs_ct0_puma,2500,1,560,560,560,10,1.0,230,16.1,1.0,6.029426272577684,0.8341418359342474,0.01670842909446435,1,0.7116603953850584,0.14391950568588566,0.8194762267988813,0.9410985972309642,0.1866966817836247,0.7283688244795228,0.13937103234070428,0.8306636155606408,0.9494750992547503,0.11732813009876968
acs_ct0_puma,2500,2,560,560,1120,10,2.0,230,16.1,1.0,13.24467434954962,0.8447121997540825,0.008945981749655663,1,0.6258574334201421,0.14868305203687715,0.8304093567251462,0.9581123128968246,-0.10449902125326348,0.6348034151697978,0.1474641557630512,0.8413424866514112,1.1363034262113842,-0.36147883969030614
acs_ct0_puma,2500,2,560,560,1120,10,2.0,230,16.1,1.0,5.418492160027819,0.6288370283626885,-0.024159315340727128,0,0.6688051099465848,0.1351363699659346,0.8666836172556996,1.0565138856174328,-0.09895599356383375,0.6446457946058577,0.1394939272570853,0.8622764641071278,1.0739807708919311,-0.3568067101533096
acs_ct0_puma,2500,2,560,560,1120,10,2.0,230,16.1,1.0,7.813350938934471,0.7407698585160393,0.03583960158272581,1,0.6977957563924995,0.1438389358554238,0.8346470039833884,1.0839621622283784,0.18250857547976562,0.7336353579752253,0.13716770040493984,0.851258581235698,1.3180850155725448,-0.09506581496575989
acs_ct0_puma,2500,2,560,560,1120,10,2.0,230,16.1,1.0,10.509331841560762,0.8082130232983296,-0.0010179146822858476,0,0.7149383018367236,0.1333521850115203,0.8609204169844903,1.131020798408435,0.13257392316453043,0.7139203871544377,0.13483567253849152,0.8605814052038309,1.120482614496506,-0.2086160670596525
acs_ct0_puma,2500,2,560,560,1120,10,2.0,230,16.1,1.0,15.244808544641781,0.854420542722319,0.02752838289720594,1,0.7116603953850584,0.14391950568588566,0.8194762267988813,0.9410985972309642,0.1866966817836247,0.7391887782822644,0.13858151804813848,0.8350707687092127,1.0827003207681065,-0.07252763051493394
acs_ct0_puma,2500,3,560,560,1680,10,3.0,230,16.1,1.0,27.052207627994925,0.8704900098215025,0.038650777989896024,1,0.6258574334201421,0.14868305203687715,0.8304093567251462,0.9581123128968246,-0.10449902125326348,0.6645082114100381,0.1453369760546277,0.8444783456225105,1.1930347194086843,-0.4158564162001427
acs_ct0_puma,2500,3,560,560,1680,10,3.0,230,16.1,1.0,22.52661834939223,0.8627533061983017,-0.019148657913745204,0,0.6688051099465848,0.1351363699659346,0.8666836172556996,1.0565138856174328,-0.09895599356383375,0.6496564520328396,0.14120315352559618,0.8585473345198746,1.1167220365061146,-0.4419760845784364
acs_ct0_puma,2500,3,560,560,1680,10,3.0,230,16.1,1.0,22.57773440780937,0.8123864952440506,0.05370391812982733,1,0.6977957563924995,0.1438389358554238,0.8346470039833884,1.0839621622283784,0.18250857547976562,0.7514996745223268,0.13498826978693826,0.8575302991778964,1.4187094400193594,-0.19342793646931777
acs_ct0_puma,2500,3,560,560,1680,10,3.0,230,16.1,1.0,15.361510419359362,0.8030163738951803,-0.01420882182119032,0,0.7149383018367236,0.1333521850115203,0.8609204169844903,1.131020798408435,0.13257392316453043,0.7007294800155333,0.13889876010760122,0.8535469107551488,1.158262965649811,-0.29876898683830505
acs_ct0_puma,2500,3,560,560,1680,10,3.0,230,16.1,1.0,16.899935912113207,0.8127275261727467,0.011143225197105644,1,0.7116603953850584,0.14391950568588566,0.8194762267988813,0.9410985972309642,0.1866966817836247,0.7228036205821641,0.1419820333765615,0.8248156623442666,1.0406998506545986,-0.16825354079443403
acs_ct0_puma,2500,2,560,560,1120,10,2.0,230,16.1,1.0,13.580560333981662,0.8501010909141716,0.032553492756542846,1,0.6258574334201421,0.14868305203687715,0.8304093567251462,0.9581123128968246,-0.10449902125326348,0.658410926176685,0.1504136675933798,0.8464276633613018,1.0605164745016895,-0.6476469553167672
acs_ct0_puma,2500,2,560,560,1120,10,2.0,230,16.1,1.0,16.42270208831568,0.8636622635803222,-0.017979894008695596,0,0.6688051099465848,0.1351363699659346,0.8666836172556996,1.0565138856174328,-0.09895599356383375,0.6508252159378892,0.14639821155087038,0.8564285108907534,1.007597710271155,-0.5886662573432108
acs_ct0_puma,2500,2,560,560,1120,10,2.0,230,16.1,1.0,21.714826823604575,0.8703928396367235,0.03694434306196026,1,0.6977957563924995,0.1438389358554238,0.8346470039833884,1.0839621622283784,0.18250857547976562,0.7347400994544597,0.13854767625407374,0.8510890753453683,1.2374245880626726,-0.3436686192399393
acs_ct0_puma,2500,2,560,560,1120,10,2.0,230,16.1,1.0,14.168680094036624,0.8559606702068812,-0.020591928092951406,0,0.7149383018367236,0.1333521850115203,0.8609204169844903,1.131020798408435,0.13257392316453043,0.6943463737437722,0.14370042018664944,0.8512585812356979,0.9999384655760786,-0.5107551783278104
acs_ct0_puma,2500,2,560,560,1120,10,2.0,230,16.1,1.0,17.33297758297032,0.8612884443165887,0.002050724590263564,1,0.7116603953850584,0.14391950568588566,0.8194762267988813,0.9410985972309642,0.1866966817836247,0.713711119975322,0.14629430661784462,0.8196457326892108,0.9139164537445761,-0.25659799880886575
acs_ct0_puma,2500,1,560,560,560,10,1.0,230,16.1,1.0,8.098835570470559,0.8019149273306623,0.031628088868426274,1,0.6258574334201421,0.14868305203687715,0.8304093567251462,0.9581123128968246,-0.10449902125326348,0.6574855222885684,0.14340954854364052,0.8431222984998729,1.1493550807777928,-0.2599320015411115
acs_ct0_puma,2500,1,560,560,560,10,1.0,230,16.1,1.0,5.6033289298243,0.820955035576932,-0.004094519334778113,0,0.6688051099465848,0.1351363699659346,0.8666836172556996,1.0565138856174328,-0.09895599356383375,0.6647105906118067,0.13812386736416754,0.8588015933553692,1.1068811857852299,-0.13779600501973158
acs_ct0_puma,2500,1,560,560,560,10,1.0,230,16.1,1.0,2.9687848386941926,0.5641153966235812,0.05633392157538608,1,0.6977957563924995,0.1438389358554238,0.8346470039833884,1.0839621622283784,0.18250857547976562,0.7541296779678855,0.13504957162264475,0.8563437579455886,1.4045049975253008,-0.03728009456011554
acs_ct0_puma,2500,1,560,560,560,10,1.0,230,16.1,1.0,3.212478525287897,0.6723397760552265,-0.0020929231566585438,0,0.7149383018367236,0.1333521850115203,0.8609204169844903,1.131020798408435,0.13257392316453043,0.712845378680065,0.13494166198075444,0.85549622849394,1.1514160021628972,-0.034927399572644
acs_ct0_puma,2500,1,560,560,560,10,1.0,230,16.1,1.0,8.240808644944305,0.8784080872039641,0.018463268897149554,1,0.7116603953850584,0.14391950568588566,0.8194762267988813,0.9410985972309642,0.1866966817836247,0.730123664282208,0.14260283677564223,0.8254936859055851,1.0886999623828648,0.05158346503147872
acs_ct0_puma,2500,2,560,560,1120,10,2.0,230,16.1,1.0,16.725589097874185,0.8623904952232627,0.04212729800155335,1,0.6258574334201421,0.14868305203687715,0.8304093567251462,0.9581123128968246,-0.10449902125326348,0.6679847314216955,0.14602270298307873,0.8489702517162472,1.142177091728119,-0.4952269131666108
acs_ct0_puma,2500,2,560,560,1120,10,2.0,230,16.1,1.0,5.897211205092908,0.6458984927749847,-0.006016476955855499,0,0.6688051099465848,0.1351363699659346,0.8666836172556996,1.0565138856174328,-0.09895599356383375,0.6627886329907293,0.1382235204954312,0.865327570133062,1.0503025702888507,-0.40300182642492904
acs_ct0_puma,2500,2,560,560,1120,10,2.0,230,16.1,1.0,8.923205892660286,0.772403730989274,0.047268137691193535,1,0.6977957563924995,0.1438389358554238,0.8346470039833884,1.0839621622283784,0.18250857547976562,0.745063894083693,0.13715821466868805,0.8553267226036104,1.3724046568753387,-0.2034537029327698
acs_ct0_puma,2500,2,560,560,1120,10,2.0,230,16.1,1.0,13.829487634278951,0.8547926900225207,-0.003878630909964542,0,0.7149383018367236,0.1333521850115203,0.8609204169844903,1.131020798408435,0.13257392316453043,0.711059670926759,0.13478580842510385,0.8596491228070176,1.0882572972244717,-0.22073790174373384
acs_ct0_puma,2500,2,560,560,1120,10,2.0,230,16.1,1.0,16.599736262135877,0.8791058405917992,0.02106184087951868,1,0.7116603953850584,0.14391950568588566,0.8194762267988813,0.9410985972309642,0.1866966817836247,0.7327222362645771,0.14093927660798608,0.8299855919993219,1.07435568342503,-0.16900555684902754
acs_ct0_puma,2500,4,560,560,2240,10,4.0,230,16.1,1.0,33.197459754146095,0.8711425651928231,0.04425534361273209,1,0.6258574334201421,0.14868305203687715,0.8304093567251462,0.9581123128968246,-0.10449902125326348,0.6701127770328742,0.14835920958911994,0.8457496397999831,1.1228617995715033,-0.5607259831871385
acs_ct0_puma,2500,4,560,560,2240,10,4.0,230,16.1,1.0,20.77283766679967,0.7374396513859036,-0.011574670208417959,0,0.6688051099465848,0.1351363699659346,0.8666836172556996,1.0565138856174328,-0.09895599356383375,0.6572304397381669,0.1417174087837384,0.8613441817103145,1.0945919246480698,-0.5204008357232092
acs_ct0_puma,2500,4,560,560,2240,10,4.0,230,16.1,1.0,13.380685986125986,0.663587823901727,0.05091145497544247,1,0.6977957563924995,0.1438389358554238,0.8346470039833884,1.0839621622283784,0.18250857547976562,0.7487072113679419,0.13638682468392613,0.85829307568438,1.3994761135760077,-0.28677858581320714
acs_ct0_puma,2500,4,560,560,2240,10,4.0,230,16.1,1.0,16.170893567415582,0.7235405140499811,-0.015382929817524538,0,0.7149383018367236,0.1333521850115203,0.8609204169844903,1.131020798408435,0.13257392316453043,0.699555372019199,0.13868354323084503,0.8525298754131706,1.069955509229878,-0.32728077185577803
acs_ct0_puma,2500,4,560,560,2240,10,4.0,230,16.1,1.0,19.393444703122086,0.7924786729148237,0.02670333465856145,1,0.7116603953850584,0.14391950568588566,0.8194762267988813,0.9410985972309642,0.1866966817836247,0.7383637300436199,0.14207177952333208,0.8326129332994322,1.1013727420838664,-0.2888737622323832
acs_ct0_puma,2500,2,560,560,1120,10,2.0,230,16.1,1.0,26.481691500086377,0.9126383078321119,0.030865962576628436,1,0.6258574334201421,0.14868305203687715,0.8304093567251462,0.9581123128968246,-0.10449902125326348,0.6567233959967705,0.14435718995601385,0.8427832867192135,1.0263143969315265,-0.36338032213547744
acs_ct0_puma,2500,2,560,560,1120,10,2.0,230,16.1,1.0,15.805464280732902,0.8726612498151054,-0.004542571800819739,0,0.6688051099465848,0.1351363699659346,0.8666836172556996,1.0565138856174328,-0.09895599356383375,0.6642625381457651,0.1364399834324622,0.8660055936943809,1.0310945307946355,-0.34621815484334484
acs_ct0_puma,2500,2,560,560,1120,10,2.0,230,16.1,1.0,9.232899694696167,0.7726164836593583,0.04551784947261006,1,0.6977957563924995,0.1438389358554238,0.8346470039833884,1.0839621622283784,0.18250857547976562,0.7433136058651095,0.1338259730703208,0.855072463768116,1.2358974146284638,-0.12168287129255378
acs_ct0_puma,2500,2,560,560,1120,10,2.0,230,16.1,1.0,16.112591898428228,0.8731485423653631,0.005505899338884346,1,0.7149383018367236,0.1333521850115203,0.8609204169844903,1.131020798408435,0.13257392316453043,0.7204442011756079,0.13202364401394343,0.8641410289007543,1.0928909183773778,-0.18620878292995746
acs_ct0_puma,2500,2,560,560,1120,10,2.0,230,16.1,1.0,21.495842941046025,0.9020648278267538,0.014195096507250371,1,0.7116603953850584,0.14391950568588566,0.8194762267988813,0.9410985972309642,0.1866966817836247,0.7258554918923088,0.13989687319812466,0.8299855919993221,1.019167228141592,-0.09404306103212148
acs_ct0_puma,3710,2,560,560,1120,10,2.0,185,13.0,1.0,11.452405131736437,0.8241338501078159,0.015030991535640803,1,0.6724456328546363,0.1174611754886448,0.8761670761670761,1.1027200066527694,-0.190745360773828,0.6874766243902771,0.113503037847726,0.8902211302211303,1.3255324184158435,-0.41679810641459747
acs_ct0_puma,3710,2,560,560,1120,10,2.0,185,12.9,1.0,12.57138258588283,0.8407491402245251,0.09020292386569084,1,0.6179798974927933,0.12735457354717566,0.8410326086956521,0.9497602693847184,-0.036008094791022106,0.7081828213584841,0.11917013307562892,0.8555900621118012,1.1524738445170222,-0.25028687067189626
acs_ct0_puma,3710,2,560,560,1120,10,2.0,185,13.0,1.0,7.009089421198787,0.7129826058624171,0.050009191766392846,1,0.6555677077596753,0.1200489089450745,0.8571007371007371,1.062659515827312,-0.006432809264358728,0.7055768995260682,0.11527663919828193,0.8701719901719901,1.2924971895326562,-0.24281253786178159
acs_ct0_puma,3710,2,560,560,1120,10,2.0,185,13.0,1.0,5.130186914101346,0.6086190143392584,0.01781115906220898,1,0.6488535595783549,0.11908527541828211,0.8548402948402948,0.9096577883768084,-0.2848217291217007,0.6666647186405639,0.11899402322540072,0.8614250614250614,1.088180772395471,-0.4030867513479043
acs_ct0_puma,3710,2,560,560,1120,10,2.0,185,13.0,1.0,8.36056658548019,0.7606071824150227,0.004867649497849347,1,0.5256747077905974,0.1490793464945139,0.7828009828009828,0.5479409314255352,-0.09789249969876629,0.5305423572884468,0.14712017588922616,0.7835872235872235,0.6626053414045561,-0.26905413885518564
acs_ct0_puma,3710,4,560,560,2240,10,4.0,185,13.0,1.0,15.741992121166707,0.7459021031959789,0.026532334604389862,1,0.6724456328546363,0.1174611754886448,0.8761670761670761,1.1027200066527694,-0.190745360773828,0.6989779674590262,0.1106474149995685,0.8869778869778869,1.0439594973861994,-0.17053054240939186
acs_ct0_puma,3710,4,560,560,2240,10,4.0,185,12.9,1.0,18.53522069122809,0.7795478743356057,0.1023057615094618,1,0.6179798974927933,0.12735457354717566,0.8410326086956521,0.9497602693847184,-0.036008094791022106,0.720285659002255,0.11359545975716664,0.8679153726708074,1.0692607637079319,0.05798092110032877
acs_ct0_puma,3710,4,560,560,2240,10,4.0,185,13.0,1.0,19.312846966662,0.7880410270158736,0.0482453305534537,1,0.6555677077596753,0.1200489089450745,0.8571007371007371,1.062659515827312,-0.006432809264358728,0.703813038313129,0.11391401030079272,0.859066339066339,0.9986446229122095,0.061684627960848934
acs_ct0_puma,3710,4,560,560,2240,10,4.0,185,13.0,1.0,14.598353946539468,0.7254715202127124,0.04524959117789462,1,0.6488535595783549,0.11908527541828211,0.8548402948402948,0.9096577883768084,-0.2848217291217007,0.6941031507562495,0.11239319666412134,0.8688943488943488,0.9546098773950092,-0.207734838238605
acs_ct0_puma,3710,4,560,560,2240,10,4.0,185,13.0,1.0,24.179956515635386,0.833424389156686,0.01399890681367788,1,0.5256747077905974,0.1490793464945139,0.7828009828009828,0.5479409314255352,-0.09789249969876629,0.5396736146042753,0.14414796458102652,0.7856511056511055,0.6252646999153394,-0.05614755620695172
acs_ct0_puma,3710,4,560,560,2240,10,4.0,185,13.0,1.0,26.698364068306365,0.7683891783851735,0.019998875932033866,1,0.6724456328546363,0.1174611754886448,0.8761670761670761,1.1027200066527694,-0.190745360773828,0.6924445087866702,0.1122472651679712,0.8815724815724816,1.0767638843390013,-0.05588114386801498
acs_ct0_puma,3710,4,560,560,2240,10,4.0,185,12.9,1.0,17.6917714712898,0.7558422061213033,0.08358025768336808,1,0.6179798974927933,0.12735457354717566,0.8410326086956521,0.9497602693847184,-0.036008094791022106,0.7015601551761613,0.11655476598223695,0.8643245341614907,1.1104529680216282,0.10550416508738676
acs_ct0_puma,3710,4,560,560,2240,10,4.0,185,13.0,1.0,25.60706214333534,0.7212289285566997,0.04514705172477673,1,0.6555677077596753,0.1200489089450745,0.8571007371007371,1.062659515827312,-0.006432809264358728,0.700714759484452,0.1154603896737149,0.8598525798525799,1.0801470479057766,0.12021194377501292
acs_ct0_puma,3710,4,560,560,2240,10,4.0,185,13.0,1.0,17.61457121302772,0.7710125943438784,0.03881688564429875,1,0.6488535595783549,0.11908527541828211,0.8548402948402948,0.9096577883768084,-0.2848217291217007,0.6876704452226536,0.11212863277182358,0.8714496314496315,1.0347873359415514,-0.10901322946479748
acs_ct0_puma,3710,4,560,560,2240,10,4.0,185,13.0,1.0,31.01302220974327,0.8697452124062035,0.007331819763192637,1,0.5256747077905974,0.1490793464945139,0.7828009828009828,0.5479409314255352,-0.09789249969876629,0.5330065275537901,0.14441198091469049,0.7843734643734643,0.6388883013109992,0.03236860040585819
acs_ct0_puma,3710,4,560,560,2240,10,4.0,185,13.0,1.0,28.393091247387986,0.8590825492915497,0.011130048868299713,1,0.6724456328546363,0.1174611754886448,0.8761670761670761,1.1027200066527694,-0.190745360773828,0.683575681722936,0.11144880106729853,0.8787223587223587,1.0054492923948022,0.014734645702720692
acs_ct0_puma,3710,4,560,560,2240,10,4.0,185,12.9,1.0,30.514196791698776,0.8678452320719099,0.10318752282185373,1,0.6179798974927933,0.12735457354717566,0.8410326086956521,0.9497602693847184,-0.036008094791022106,0.721167420314647,0.1145811910117023,0.8701475155279503,1.1031330969188282,0.18978163015293628
acs_ct0_puma,3710,4,560,560,2240,10,4.0,185,13.0,1.0,31.333279219097435,0.8711266647165512,0.05199388990554854,1,0.6555677077596753,0.1200489089450745,0.8571007371007371,1.062659515827312,-0.006432809264358728,0.7075615976652239,0.11638970117989021,0.8533660933660934,0.9607441104635998,0.23445354902368176
acs_ct0_puma,3710,4,560,560,2240,10,4.0,185,13.0,1.0,20.58831620455948,0.8055529584701377,0.023472865483836536,1,0.6488535595783549,0.11908527541828211,0.8548402948402948,0.9096577883768084,-0.2848217291217007,0.6723264250621914,0.11591223439586516,0.8637837837837837,0.9315671897348647,-0.0009331744098781666
acs_ct0_puma,3710,4,560,560,2240,10,4.0,185,13.0,1.0,29.67573001223234,0.8597078230478269,-0.004668682535256985,0,0.5256747077905974,0.1490793464945139,0.7828009828009828,0.5479409314255352,-0.09789249969876629,0.5210060252553405,0.14644885847318037,0.7835872235872235,0.5994818835446546,0.09131076619723448
acs_ct0_puma,3710,4,560,560,2240,10,4.0,185,13.0,1.0,28.987801894726246,0.85946094271936,0.023870113174436325,1,0.6724456328546363,0.1174611754886448,0.8761670761670761,1.1027200066527694,-0.190745360773828,0.6963157460290726,0.11109508716410299,0.8881572481572481,1.1363256212270108,-0.27074047803595436
acs_ct0_puma,3710,4,560,560,2240,10,4.0,185,12.9,1.0,24.922048371739976,0.8140839901483776,0.09059666535227251,1,0.6179798974927933,0.12735457354717566,0.8410326086956521,0.9497602693847184,-0.036008094791022106,0.7085765628450658,0.11601627854038217,0.8656832298136645,1.1668284218707519,-0.09776909991671785
acs_ct0_puma,3710,4,560,560,2240,10,4.0,185,13.0,1.0,14.479036592099156,0.7221546108647393,0.045386657367357475,1,0.6555677077596753,0.1200489089450745,0.8571007371007371,1.062659515827312,-0.006432809264358728,0.7009543651270328,0.114134823221377,0.8668304668304668,1.1144524801185471,-0.14103305029188323
acs_ct0_puma,3710,4,560,560,2240,10,4.0,185,13.0,1.0,17.371551494441157,0.7697079197394248,0.03963155253392525,1,0.6488535595783549,0.11908527541828211,0.8548402948402948,0.9096577883768084,-0.2848217291217007,0.6884851121122801,0.11425758056826517,0.870958230958231,1.0412759274604448,-0.3459190186630136
acs_ct0_puma,3710,4,560,560,2240,10,4.0,185,13.0,1.0,33.63265358980488,0.88106471202171,0.009487320194902282,1,0.5256747077905974,0.1490793464945139,0.7828009828009828,0.5479409314255352,-0.09789249969876629,0.5351620279854997,0.14543980128247722,0.7843734643734644,0.6559863649697313,-0.18471023381899904
acs_ct0_puma,3710,4,560,560,2240,10,4.0,185,13.0,1.0,36.98608974412486,0.8822453134840225,0.017165373807996098,1,0.6724456328546363,0.1174611754886448,0.8761670761670761,1.1027200066527694,-0.190745360773828,0.6896110066626324,0.11041145422386432,0.8863882063882064,1.2316148148301367,-0.21137395248228621
acs_ct0_puma,3710,4,560,560,2240,10,4.0,185,12.9,1.0,19.922967291333336,0.7991936433847262,0.07870676740126747,1,0.6179798974927933,0.12735457354717566,0.8410326086956521,0.9497602693847184,-0.036008094791022106,0.6966866648940607,0.11755355465803928,0.8702445652173914,1.2322920414730871,-0.011909836945693437
acs_ct0_puma,3710,4,560,560,2240,10,4.0,185,13.0,1.0,16.730861890915698,0.7567936647420602,0.03397450277251468,1,0.6555677077596753,0.1200489089450745,0.8571007371007371,1.062659515827312,-0.006432809264358728,0.68954221053219,0.11622020998245203,0.8545454545454545,1.1087816574303675,0.04077218177091673
acs_ct0_puma,3710,4,560,560,2240,10,4.0,185,13.0,1.0,36.19622616068588,0.8525354007309676,0.012706781404731693,1,0.6488535595783549,0.11908527541828211,0.8548402948402948,0.9096577883768084,-0.2848217291217007,0.6615603409830866,0.11812175838882594,0.8505159705159705,0.916990668499596,-0.16238022858179404
acs_ct0_puma,3710,4,560,560,2240,10,4.0,185,13.0,1.0,21.10850498588295,0.8100544959214186,0.014893792231242875,1,0.5256747077905974,0.1490793464945139,0.7828009828009828,0.5479409314255352,-0.09789249969876629,0.5405685000218403,0.14026067875629586,0.8001965601965602,0.7420398153741536,-0.1005169273228446
acs_ct0_puma,3710,3,560,560,1680,10,3.0,185,13.0,1.0,32.31887461386982,0.906884362210358,0.007877985768889983,1,0.6724456328546363,0.1174611754886448,0.8761670761670761,1.1027200066527694,-0.190745360773828,0.6803236186235263,0.11343801342530022,0.879115479115479,0.9886349906031383,-0.30249169048725655
acs_ct0_puma,3710,3,560,560,1680,10,3.0,185,12.9,1.0,19.468727693046894,0.8458066313542063,0.09372921792532429,1,0.6179798974927933,0.12735457354717566,0.8410326086956521,0.9497602693847184,-0.036008094791022106,0.7117091154181175,0.11525913008122869,0.861898291925466,1.004343036217092,-0.0728177720730964
acs_ct0_puma,3710,3,560,560,1680,10,3.0,185,13.0,1.0,30.049846062718796,0.8999082117515698,0.05370172979932253,1,0.6555677077596753,0.1200489089450745,0.8571007371007371,1.062659515827312,-0.006432809264358728,0.7092694375589979,0.11475473756603753,0.855921375921376,0.9547112079952601,0.01626194778120239
acs_ct0_puma,3710,3,560,560,1680,10,3.0,185,13.0,1.0,15.066109336438391,0.7999185610387174,0.005869465307887789,1,0.6488535595783549,0.11908527541828211,0.8548402948402948,0.9096577883768084,-0.2848217291217007,0.6547230248862427,0.11939205318189267,0.8597542997542997,0.872854156733169,-0.280534428483243
acs_ct0_puma,3710,3,560,560,1680,10,3.0,185,13.0,1.0,15.653595341307492,0.8083136601817058,-0.0014291600783054026,0,0.5256747077905974,0.1490793464945139,0.7828009828009828,0.5479409314255352,-0.09789249969876629,0.524245547712292,0.14934222103151923,0.7784766584766585,0.5660987447477672,-0.1294909095853137
acs_ct0_puma,3710,4,560,560,2240,10,4.0,185,13.0,1.0,20.893995806052537,0.7992027524423058,0.005387221217543092,1,0.6724456328546363,0.1174611754886448,0.8761670761670761,1.1027200066527694,-0.190745360773828,0.6778328540721794,0.11290040923272196,0.8848157248157248,1.1055937996127165,-0.4030765731016087
acs_ct0_puma,3710,4,560,560,2240,10,4.0,185,12.9,1.0,22.39662243208159,0.8185539657330259,0.08519113369402542,1,0.6179798974927933,0.12735457354717566,0.8410326086956521,0.9497602693847184,-0.036008094791022106,0.7031710311868187,0.11777634230141325,0.8604425465838509,1.1217271761863459,-0.16669166015465858
acs_ct0_puma,3710,4,560,560,2240,10,4.0,185,13.0,1.0,24.65668904665862,0.837346086426876,0.057242509867970526,1,0.6555677077596753,0.1200489089450745,0.8571007371007371,1.062659515827312,-0.006432809264358728,0.7128102176276458,0.1149696481763408,0.8592628992628992,1.0821193786333776,-0.12173887563570521
acs_ct0_puma,3710,4,560,560,2240,10,4.0,185,13.0,1.0,17.7228344066433,0.7735470761403975,-0.016149209444482948,0,0.6488535595783549,0.11908527541828211,0.8548402948402948,0.9096577883768084,-0.2848217291217007,0.6327043501338719,0.12495398098533957,0.8466830466830467,0.8308794487299528,-0.35909648250931236
acs_ct0_puma,3710,4,560,560,2240,10,4.0,185,13.0,1.0,12.726353430094363,0.6845891851890423,-0.004860116386532942,0,0.5256747077905974,0.1490793464945139,0.7828009828009828,0.5479409314255352,-0.09789249969876629,0.5208145914040645,0.14657298942775115,0.7836855036855036,0.6574447108277373,-0.22514807509494753
acs_ct0_puma,3710,3,560,560,1680,10,3.0,185,13.0,1.0,23.003102411057082,0.8677862928314449,0.025443259460023238,1,0.6724456328546363,0.1174611754886448,0.8761670761670761,1.1027200066527694,-0.190745360773828,0.6978888923146596,0.11063341638383434,0.8914987714987715,1.0854221931399057,-0.35039878021089427
acs_ct0_puma,3710,3,560,560,1680,10,3.0,185,12.9,1.0,22.48345526955856,0.8658574283953723,0.07742985633612887,1,0.6179798974927933,0.12735457354717566,0.8410326086956521,0.9497602693847184,-0.036008094791022106,0.6954097538289221,0.11544744243783536,0.8684006211180124,1.05823074298705,-0.11897044426167717
acs_ct0_puma,3710,3,560,560,1680,10,3.0,185,13.0,1.0,17.97793633389871,0.831333499905992,0.04406338575663571,1,0.6555677077596753,0.1200489089450745,0.8571007371007371,1.062659515827312,-0.006432809264358728,0.699631093516311,0.11454947660755238,0.8621130221130221,1.022059065415703,-0.100169361504324
acs_ct0_puma,3710,3,560,560,1680,10,3.0,185,13.0,1.0,15.717042407135175,0.8089017119092485,0.010942671437399132,1,0.6488535595783549,0.11908527541828211,0.8548402948402948,0.9096577883768084,-0.2848217291217007,0.659796231015754,0.12117265267688279,0.8611302211302211,0.8602093416579502,-0.4087273906971978
acs_ct0_puma,3710,3,560,560,1680,10,3.0,185,13.0,1.0,16.73947933921727,0.8207689402906212,0.007412852513204671,1,0.5256747077905974,0.1490793464945139,0.7828009828009828,0.5479409314255352,-0.09789249969876629,0.5330875603038021,0.1458079114848312,0.7917444717444717,0.6300204729785034,-0.17310667733739163
acs_ct0_puma,3710,3,560,560,1680,10,3.0,185,13.0,1.0,18.915580358359705,0.8398350632294109,0.02649683613917342,1,0.6724456328546363,0.1174611754886448,0.8761670761670761,1.1027200066527694,-0.190745360773828,0.6989424689938097,0.11025218760448353,0.8935626535626535,1.2479728970014448,-0.33490193868864176
acs_ct0_puma,3710,3,560,560,1680,10,3.0,185,12.9,1.0,12.527220240890886,0.7604513621318498,0.0633550657675711,1,0.6179798974927933,0.12735457354717566,0.8410326086956521,0.9497602693847184,-0.036008094791022106,0.6813349632603644,0.1174847233582622,0.8703416149068324,1.193550723503862,-0.1235224959285342
acs_ct0_puma,3710,3,560,560,1680,10,3.0,185,13.0,1.0,14.26917448423511,0.7866671711781682,0.041875226730974546,1,0.6555677077596753,0.1200489089450745,0.8571007371007371,1.062659515827312,-0.006432809264358728,0.6974429344906499,0.1154623078733625,0.8604422604422605,1.1497607520673623,-0.09859201301308358
acs_ct0_puma,3710,3,560,560,1680,10,3.0,185,13.0,1.0,17.03770742558957,0.8223195707301922,0.010854006784790093,1,0.6488535595783549,0.11908527541828211,0.8548402948402948,0.9096577883768084,-0.2848217291217007,0.659707566363145,0.11794839446521549,0.8548402948402948,0.9244163304358816,-0.2739827886041663
acs_ct0_puma,3710,3,560,560,1680,10,3.0,185,13.0,1.0,17.692654067555996,0.8208970799012076,0.00371908009191102,1,0.5256747077905974,0.1490793464945139,0.7828009828009828,0.5479409314255352,-0.09789249969876629,0.5293937878825085,0.1435662860617344,0.798034398034398,0.7052741915195804,-0.21242669566795896
acs_ct0_puma,3710,2,560,560,1120,10,2.0,185,13.0,1.0,13.988374427926182,0.8566392214789759,0.007694833776119903,1,0.6724456328546363,0.1174611754886448,0.8761670761670761,1.1027200066527694,-0.190745360773828,0.6801404666307562,0.11389467527015486,0.8817690417690418,1.1369327612541968,-0.31912468620565526
acs_ct0_puma,3710,2,560,560,1120,10,2.0,185,12.9,1.0,16.00679528614111,0.8722308609689333,0.10495434266898118,1,0.6179798974927933,0.12735457354717566,0.8410326086956521,0.9497602693847184,-0.036008094791022106,0.7229342401617744,0.11550480823700048,0.8577251552795031,1.1049110382958776,-0.12299338167338202
acs_ct0_puma,3710,2,560,560,1120,10,2.0,185,13.0,1.0,12.239728316501733,0.8362503324892261,0.06350262811155638,1,0.6555677077596753,0.1200489089450745,0.8571007371007371,1.062659515827312,-0.006432809264358728,0.7190703358712317,0.11437102508035825,0.8661425061425061,1.1016654809695714,-0.14784376351812506
acs_ct0_puma,3710,2,560,560,1120,10,2.0,185,13.0,1.0,8.913403939746336,0.7735688107218064,0.004359080177453789,1,0.6488535595783549,0.11908527541828211,0.8548402948402948,0.9096577883768084,-0.2848217291217007,0.6532126397558087,0.12072908993218254,0.8555282555282555,0.9765383450616156,-0.33186449718005423
acs_ct0_puma,3710,2,560,560,1120,10,2.0,185,13.0,1.0,6.043580840843568,0.6685815197574254,-0.0066182136242579626,0,0.5256747077905974,0.1490793464945139,0.7828009828009828,0.5479409314255352,-0.09789249969876629,0.5190564941663395,0.1502245874409054,0.7723832923832924,0.5912759094470409,-0.21969946563658957
acs_ct0_puma,3710,3,560,560,1680,10,3.0,185,13.0,1.0,17.361599301034392,0.8253129144653082,0.019035464447532346,1,0.6724456328546363,0.1174611754886448,0.8761670761670761,1.1027200066527694,-0.190745360773828,0.6914810973021687,0.11221732555402102,0.8908108108108107,1.2113837157840293,-0.4176900556044544
acs_ct0_puma,3710,3,560,560,1680,10,3.0,185,12.9,1.0,11.359430233634146,0.7359017152294003,0.08192381444971397,1,0.6179798974927933,0.12735457354717566,0.8410326086956521,0.9497602693847184,-0.036008094791022106,0.6999037119425072,0.1190326887619019,0.858016304347826,1.1694671386747835,-0.22123019154306017
acs_ct0_puma,3710,3,560,560,1680,10,3.0,185,13.0,1.0,12.858303578283147,0.7502958401929346,0.05194378955679524,1,0.6555677077596753,0.1200489089450745,0.8571007371007371,1.062659515827312,-0.006432809264358728,0.7075114973164706,0.11370032504731602,0.8716461916461916,1.1809161554048335,-0.24790940160734012
acs_ct0_puma,3710,3,560,560,1680,10,3.0,185,13.0,1.0,14.24955135462828,0.7889979561229703,0.010609390859213419,1,0.6488535595783549,0.11908527541828211,0.8548402948402948,0.9096577883768084,-0.2848217291217007,0.6594629504375683,0.12046894302599673,0.862113022113022,0.9859094448219774,-0.47183514043304314
acs_ct0_puma,3710,3,560,560,1680,10,3.0,185,13.0,1.0,15.912492982932733,0.8114584381323353,0.00224714348102506,1,0.5256747077905974,0.1490793464945139,0.7828009828009828,0.5479409314255352,-0.09789249969876629,0.5279218512716225,0.14692063773254466,0.7839803439803439,0.6478481092630736,-0.27427169099134957
acs_ct0_puma,3712,4,560,560,2240,10,4.0,165,11.6,1.0,11.930625573755341,0.662708368241691,0.0010593906630483874,1,0.5122868660310933,0.13022373739121976,0.8120525697189871,0.8415865399232373,-0.14803648014869894,0.5133462566941417,0.13214947936449295,0.8091676461160381,0.7897132677822579,-0.18978683199441648
acs_ct0_puma,3712,4,560,560,2240,10,4.0,165,11.5,1.0,22.744317504878556,0.8040579293692312,0.07553039111069026,1,0.4789670014165571,0.13500729948906318,0.814,0.891154823880455,0.09526266314300248,0.5544973925272474,0.12568279059350593,0.839578947368421,1.0285851795568524,0.042434154082878706
acs_ct0_puma,3712,4,560,560,2240,10,4.0,165,11.6,1.0,16.63754890457075,0.7489431799068802,0.011585478973011099,1,0.4952682927038361,0.13021295122831644,0.8140827011432845,0.8627490179336756,-0.022976807518800775,0.5068537716768472,0.12796337241367364,0.8217758307511487,0.8866970639986433,0.008824781996191397
acs_ct0_puma,3712,4,560,560,2240,10,4.0,165,11.6,1.0,14.21338468964781,0.7170964596119591,-0.010951614990131031,0,0.4778185049410884,0.13582302193835585,0.7972005556149161,0.742323236286638,-0.052856583140325646,0.4668668899509574,0.13557693574239202,0.8017950635751684,0.7315258915798676,-0.06625878706900677
acs_ct0_puma,3712,4,560,560,2240,10,4.0,165,11.6,1.0,19.5588687818851,0.7954052174584179,0.025687546362014535,1,0.5672261715466809,0.12270648375211281,0.8293621113366814,0.9364670980486295,-0.02155816458525045,0.5929137179086954,0.11795199164874338,0.8462442568650497,0.9681531818109282,-0.07321476085249352
acs_ct0_puma,3712,4,560,560,2240,10,4.0,165,11.6,1.0,20.031027160146547,0.7988368277613918,0.004087109288845592,1,0.5122868660310933,0.13022373739121976,0.8120525697189871,0.8415865399232373,-0.14803648014869894,0.5163739753199389,0.13436580107030702,0.8177155679025537,0.7343057087406739,-0.4108952088015893
acs_ct0_puma,3712,4,560,560,2240,10,4.0,165,11.5,1.0,24.258907282195835,0.8345862640633184,0.044047326421474575,1,0.4789670014165571,0.13500729948906318,0.814,0.891154823880455,0.09526266314300248,0.5230143278380317,0.13050474074890714,0.8271578947368421,0.8600037039063363,-0.18686041228533942
acs_ct0_puma,3712,4,560,560,2240,10,4.0,165,11.6,1.0,21.77080397701322,0.801098399285038,0.03726445309075321,1,0.4952682927038361,0.13021295122831644,0.8140827011432845,0.8627490179336756,-0.022976807518800775,0.5325327457945893,0.12577880508997383,0.8366278448552196,0.859431024064425,-0.20185253408135753
acs_ct0_puma,3712,4,560,560,2240,10,4.0,165,11.6,1.0,26.864994101346515,0.851106997320253,0.0012020636111726435,1,0.4778185049410884,0.13582302193835585,0.7972005556149161,0.742323236286638,-0.052856583140325646,0.47902056855226105,0.13543964519747828,0.8172881718132279,0.682786700702978,-0.2960725257275551
acs_ct0_puma,3712,4,560,560,2240,10,4.0,165,11.6,1.0,18.59765760710718,0.7844402652413554,0.008459987130805313,1,0.5672261715466809,0.12270648375211281,0.8293621113366814,0.9364670980486295,-0.02155816458525045,0.5756861586774862,0.12206778096346473,0.8429319371727748,0.8752767852883782,-0.24489246297116501
acs_ct0_puma,3712,2,560,560,1120,10,2.0,165,11.6,1.0,9.481004821150599,0.7706573675059232,-0.0015841444961708362,0,0.5122868660310933,0.13022373739121976,0.8120525697189871,0.8415865399232373,-0.14803648014869894,0.5107027215349225,0.1356312767608944,0.8154717384335933,0.6797147900017553,-0.40625686043989445
acs_ct0_puma,3712,2,560,560,1120,10,2.0,165,11.5,1.0,6.245639454548612,0.667674811668654,0.04253495421085263,1,0.4789670014165571,0.13500729948906318,0.814,0.891154823880455,0.09526266314300248,0.5215019556274098,0.13205415896283312,0.8278947368421051,0.7835845543481684,-0.15358104259059283
acs_ct0_puma,3712,2,560,560,1120,10,2.0,165,11.6,1.0,10.42849961338219,0.8082171625392368,0.03876221599814855,1,0.4952682927038361,0.13021295122831644,0.8140827011432845,0.8627490179336756,-0.022976807518800775,0.5340305087019847,0.12872909613602396,0.8313922427609788,0.7521325599226232,-0.1590284242438933
acs_ct0_puma,3712,2,560,560,1120,10,2.0,165,11.6,1.0,15.345105399359419,0.8671413353509735,0.0028541247880952136,1,0.4778185049410884,0.13582302193835585,0.7972005556149161,0.742323236286638,-0.052856583140325646,0.4806726297291836,0.1352046535464085,0.8215621327064857,0.6652246176183227,-0.3161371533408716
acs_ct0_puma,3712,2,560,560,1120,10,2.0,165,11.6,1.0,4.081234682822197,0.5091732520546588,0.008735654431581974,1,0.5672261715466809,0.12270648375211281,0.8293621113366814,0.9364670980486295,-0.02155816458525045,0.5759618259782628,0.12233002697625094,0.8415428998824661,0.8416719917396196,-0.22909508899054573
acs_ct0_puma,3712,2,560,560,1120,10,2.0,165,11.6,1.0,6.128775365143467,0.6552899397048295,-0.00021519542214221143,0,0.5122868660310933,0.13022373739121976,0.8120525697189871,0.8415865399232373,-0.14803648014869894,0.5120716706089511,0.13212291622184286,0.8116251736296612,0.7142545480570617,-0.29415251570331613
acs_ct0_puma,3712,2,560,560,1120,10,2.0,165,11.5,1.0,13.703442209536075,0.828300807492231,0.018101308614651146,1,0.4789670014165571,0.13500729948906318,0.814,0.891154823880455,0.09526266314300248,0.49706831003120827,0.13378556990295315,0.8188421052631579,0.8021025844841281,-0.07519283781229553
acs_ct0_puma,3712,2,560,560,1120,10,2.0,165,11.6,1.0,15.593789331612971,0.8708457430835113,0.05689161458319636,1,0.4952682927038361,0.13021295122831644,0.8140827011432845,0.8627490179336756,-0.022976807518800775,0.5521599072870325,0.12184953719440553,0.8467785019767069,0.8344789775363639,-0.0916921057906269
acs_ct0_puma,3712,2,560,560,1120,10,2.0,165,11.6,1.0,9.830207120206943,0.7964858032704069,0.024080802109992805,1,0.4778185049410884,0.13582302193835585,0.7972005556149161,0.742323236286638,-0.052856583140325646,0.5018993070510812,0.13217581415434318,0.8192114542151939,0.7324050877926715,-0.1946215095036035
acs_ct0_puma,3712,2,560,560,1120,10,2.0,165,11.6,1.0,9.699749572130681,0.7934359404434284,0.015139349202795915,1,0.5672261715466809,0.12270648375211281,0.8293621113366814,0.9364670980486295,-0.02155816458525045,0.5823655207494768,0.11830443723307425,0.8472058980660326,0.8054542114207562,-0.1459130535781235
acs_ct0_puma,3712,4,560,560,2240,10,4.0,165,11.6,1.0,16.146129444204348,0.7510345308719675,-0.0055006225495937144,0,0.5122868660310933,0.13022373739121976,0.8120525697189871,0.8415865399232373,-0.14803648014869894,0.5067862434814996,0.135136465142299,0.8045731381557859,0.7653895353514879,-0.31634731793742504
acs_ct0_puma,3712,4,560,560,2240,10,4.0,165,11.5,1.0,37.097459273894074,0.863239274410038,0.04309829294215539,1,0.4789670014165571,0.13500729948906318,0.814,0.891154823880455,0.09526266314300248,0.5220652943587125,0.13011661523142923,0.8271578947368421,0.9023997405230241,-0.18141121597616672
acs_ct0_puma,3712,4,560,560,2240,10,4.0,165,11.6,1.0,13.601713707892397,0.7028195914882609,0.05001681702252647,1,0.4952682927038361,0.13021295122831644,0.8140827011432845,0.8627490179336756,-0.022976807518800775,0.5452851097263626,0.12218938075858018,0.8467785019767069,0.9433209506633852,-0.19036676276439235
acs_ct0_puma,3712,4,560,560,2240,10,4.0,165,11.6,1.0,25.77942364393843,0.8435575544390079,0.010346939538750932,1,0.4778185049410884,0.13582302193835585,0.7972005556149161,0.742323236286638,-0.052856583140325646,0.48816544447983934,0.13387992311194039,0.8181429639918795,0.7914978580380903,-0.3347800363593202
acs_ct0_puma,3712,4,560,560,2240,10,4.0,165,11.6,1.0,33.47117949083308,0.8787155955056423,0.023404808077028827,1,0.5672261715466809,0.12270648375211281,0.8293621113366814,0.9364670980486295,-0.02155816458525045,0.5906309796237097,0.11792881283927478,0.855219574740891,0.9396008293283604,-0.2735066562739015
acs_ct0_puma,3712,1,560,560,560,10,1.0,165,11.6,1.0,3.3680639937148764,0.6971623720000801,-0.001595181420489311,0,0.5122868660310933,0.13022373739121976,0.8120525697189871,0.8415865399232373,-0.14803648014869894,0.510691684610604,0.13413697149883586,0.8048936852227802,0.7499389135532696,-0.3044439716732644
acs_ct0_puma,3712,1,560,560,560,10,1.0,165,11.5,1.0,2.712340864731889,0.6222699240183831,0.014900781040975863,1,0.4789670014165571,0.13500729948906318,0.814,0.891154823880455,0.09526266314300248,0.493867782457533,0.13417803202057108,0.8124210526315789,0.8686730151927893,-0.12857978201393844
acs_ct0_puma,3712,1,560,560,560,10,1.0,165,11.6,1.0,2.605739399922169,0.6035148392929882,0.05399746551560369,1,0.4952682927038361,0.13021295122831644,0.8140827011432845,0.8627490179336756,-0.022976807518800775,0.5492657582194398,0.12228174093347163,0.8432524842397692,0.9492807952661525,-0.1490572664167635
acs_ct0_puma,3712,1,560,560,560,10,1.0,165,11.6,1.0,5.397561305253083,0.8143900789382255,0.008702587005042839,1,0.4778185049410884,0.13582302193835585,0.7972005556149161,0.742323236286638,-0.052856583140325646,0.48652109194613125,0.13443209739033787,0.8118388716743241,0.7404325995145877,-0.2701133922068624
acs_ct0_puma,3712,1,560,560,560,10,1.0,165,11.6,1.0,6.647202668721214,0.84114372631373,0.011232061401234228,1,0.5672261715466809,0.12270648375211281,0.8293621113366814,0.9364670980486295,-0.02155816458525045,0.5784582329479151,0.12062369893553146,0.842718239128112,0.9020172650632063,-0.1994389946204596
acs_ct0_puma,3712,3,560,560,1680,10,3.0,165,11.6,1.0,12.764707974066951,0.764903189067818,0.00868335628731931,1,0.5122868660310933,0.13022373739121976,0.8120525697189871,0.8415865399232373,-0.14803648014869894,0.5209702223184126,0.13637967969732764,0.8071375146917407,0.6934221901169646,-0.4485948384560822
acs_ct0_puma,3712,3,560,560,1680,10,3.0,165,11.5,1.0,13.39760293223721,0.7760442893045647,0.026163828672043032,1,0.4789670014165571,0.13500729948906318,0.814,0.891154823880455,0.09526266314300248,0.5051308300886002,0.13558675229504555,0.8153684210526315,0.8054844466100433,-0.2525394003894799
acs_ct0_puma,3712,3,560,560,1680,10,3.0,165,11.6,1.0,14.62625289410407,0.7945813931272604,0.07948406417995779,1,0.4952682927038361,0.13021295122831644,0.8140827011432845,0.8627490179336756,-0.022976807518800775,0.5747523568837939,0.11949895178663884,0.8534031413612566,0.868169858611783,-0.27416777347477744
acs_ct0_puma,3712,3,560,560,1680,10,3.0,165,11.6,1.0,13.352259005611156,0.7749411448551524,0.03271097155779351,1,0.4778185049410884,0.13582302193835585,0.7972005556149161,0.742323236286638,-0.052856583140325646,0.5105294764988819,0.1352621661998471,0.8178224169248851,0.7051468946394054,-0.4291711611419455
acs_ct0_puma,3712,3,560,560,1680,10,3.0,165,11.6,1.0,9.416888657421152,0.6724527074679643,0.01763520858076073,1,0.5672261715466809,0.12270648375211281,0.8293621113366814,0.9364670980486295,-0.02155816458525045,0.5848613801274416,0.1220240351515912,0.8433593332621006,0.8156767136783644,-0.3215167592020144
acs_ct0_puma,3712,3,560,560,1680,10,3.0,165,11.6,1.0,19.933363746206332,0.8467766377965733,0.012588558219218227,1,0.5122868660310933,0.13022373739121976,0.8120525697189871,0.8415865399232373,-0.14803648014869894,0.5248754242503115,0.13313160483338618,0.8089539480713751,0.8376817135066689,-0.3981366930488929
acs_ct0_puma,3712,3,560,560,1680,10,3.0,165,11.5,1.0,8.070317588964242,0.627668447162032,0.02602418898749137,1,0.4789670014165571,0.13500729948906318,0.814,0.891154823880455,0.09526266314300248,0.5049911904040485,0.1339444332264084,0.819578947368421,0.851911100659549,-0.21815966343710122
acs_ct0_puma,3712,3,560,560,1680,10,3.0,165,11.6,1.0,8.897866004180903,0.6626111933078787,0.0435656809547601,1,0.4952682927038361,0.13021295122831644,0.8140827011432845,0.8627490179336756,-0.022976807518800775,0.5388339736585962,0.1223516455743095,0.8462442568650497,0.9993434128949285,-0.2794462985996933
acs_ct0_puma,3712,3,560,560,1680,10,3.0,165,11.6,1.0,20.958407040683113,0.8564699342557955,0.0010426929820835928,1,0.4778185049410884,0.13582302193835585,0.7972005556149161,0.742323236286638,-0.052856583140325646,0.478861197923172,0.13662963398679204,0.8063895715354205,0.8102297321570829,-0.38209487037631074
acs_ct0_puma,3712,3,560,560,1680,10,3.0,165,11.6,1.0,28.668484227114426,0.8937613988044881,0.02677290507742991,1,0.5672261715466809,0.12270648375211281,0.8293621113366814,0.9364670980486295,-0.02155816458525045,0.5939990766241108,0.11853512657349533,0.8514798589592905,0.9697656752980282,-0.35456940324369884
acs_ct0_puma,3712,1,560,560,560,10,1.0,165,11.6,1.0,1.9971661020953775,0.4769863223258719,0.028306628059677208,1,0.5122868660310933,0.13022373739121976,0.8120525697189871,0.8415865399232373,-0.14803648014869894,0.5405934940907705,0.129323164426937,0.8133347579869644,0.9113274923055407,-0.3125885578032443
acs_ct0_puma,3712,1,560,560,560,10,1.0,165,11.5,1.0,2.177197181921441,0.3574569662224197,0.009542848893869527,1,0.4789670014165571,0.13500729948906318,0.814,0.891154823880455,0.09526266314300248,0.48850985031042665,0.13453787024981595,0.8111578947368421,0.8900880595082654,-0.11905130877116082
acs_ct0_puma,3712,1,560,560,560,10,1.0,165,11.6,1.0,2.844986132149949,0.6173466178178837,0.024102969916410255,1,0.4952682927038361,0.13021295122831644,0.8140827011432845,0.8627490179336756,-0.022976807518800775,0.5193712626202464,0.12569738849355552,0.8277593760017096,1.0038084523389763,-0.20356198918276375
acs_ct0_puma,3712,1,560,560,560,10,1.0,165,11.6,1.0,1.8347109985367325,0.4451738969303288,-0.003319243770871949,0,0.4778185049410884,0.13582302193835585,0.7972005556149161,0.742323236286638,-0.052856583140325646,0.47449926117021646,0.13596642767185377,0.7966663105032589,0.8138678848558966,-0.2206569884758937
acs_ct0_puma,3712,1,560,560,560,10,1.0,165,11.6,1.0,1.3273510205382224,0.24643122507783272,0.020713633102733775,1,0.5672261715466809,0.12270648375211281,0.8293621113366814,0.9364670980486295,-0.02155816458525045,0.5879398046494146,0.12062032404348312,0.8373757880115397,1.0102380859788889,-0.21284291117549836
acs_ct0_puma,3712,1,560,560,560,10,1.0,165,11.6,1.0,6.472995262306972,0.8430719639567317,-0.0035263754780647805,0,0.5122868660310933,0.13022373739121976,0.8120525697189871,0.8415865399232373,-0.14803648014869894,0.5087604905530285,0.1323650646800755,0.8158991345229191,0.7336207417785181,-0.18019648303838817
acs_ct0_puma,3712,1,560,560,560,10,1.0,165,11.5,1.0,2.0534841372927612,0.4966057446862914,0.027315963855119918,1,0.4789670014165571,0.13500729948906318,0.814,0.891154823880455,0.09526266314300248,0.506282965271677,0.13264351100871866,0.8235789473684211,0.8419778899463585,0.02984928924942907
acs_ct0_puma,3712,1,560,560,560,10,1.0,165,11.6,1.0,4.520027304374583,0.772563378095286,0.03418778117580423,1,0.4952682927038361,0.13021295122831644,0.8140827011432845,0.8627490179336756,-0.022976807518800775,0.5294560738796403,0.12931621446764996,0.8266908857783951,0.8023192645884625,-0.005241551804710588
acs_ct0_puma,3712,1,560,560,560,10,1.0,165,11.6,1.0,10.531733568004523,0.8946517517436681,-0.0038679955639497887,0,0.4778185049410884,0.13582302193835585,0.7972005556149161,0.742323236286638,-0.052856583140325646,0.4739505093771386,0.1335723916695772,0.8177155679025536,0.7164134607508508,-0.0966899890555239
acs_ct0_puma,3712,1,560,560,560,10,1.0,165,11.6,1.0,0.3196915496098808,0.0,-0.007039644784318622,0,0.5672261715466809,0.12270648375211281,0.8293621113366814,0.9364670980486295,-0.02155816458525045,0.5601865267623622,0.1238176503982106,0.8362004487658938,0.8491299986719854,-0.03626711566185466
acs_ct0_puma,3712,1,560,560,560,10,1.0,165,11.6,1.0,1.6091813326175584,0.37508403049651384,0.011388241370589691,1,0.5122868660310933,0.13022373739121976,0.8120525697189871,0.8415865399232373,-0.14803648014869894,0.523675107401683,0.13998121866225946,0.810129287317021,0.7631087253214237,-0.6089531498913299
acs_ct0_puma,3712,1,560,560,560,10,1.0,165,11.5,1.0,3.788145830327517,0.7359569945075075,0.026591260951062567,1,0.4789670014165571,0.13500729948906318,0.814,0.891154823880455,0.09526266314300248,0.5055582623676197,0.13621264794346122,0.8162105263157895,0.8799053934643803,-0.37016063658862614
acs_ct0_puma,3712,1,560,560,560,10,1.0,165,11.6,1.0,7.295471127696625,0.8457421569648261,0.050111390660182664,1,0.4952682927038361,0.13021295122831644,0.8140827011432845,0.8627490179336756,-0.022976807518800775,0.5453796833640188,0.12508565147053372,0.8435730313067634,0.9249715868000926,-0.49098515396290243
acs_ct0_puma,3712,1,560,560,560,10,1.0,165,11.6,1.0,2.9833529604334066,0.6591684419830134,0.022465205409709255,1,0.4778185049410884,0.13582302193835585,0.7972005556149161,0.742323236286638,-0.052856583140325646,0.5002837103507977,0.13912428358589166,0.8154717384335934,0.7267248858929474,-0.5834570935102222
acs_ct0_puma,3712,1,560,560,560,10,1.0,165,11.6,1.0,0.4953597224011783,0.0,0.010512547510141856,1,0.5672261715466809,0.12270648375211281,0.8293621113366814,0.9364670980486295,-0.02155816458525045,0.5777387190568227,0.12776738559820394,0.8316059408056415,0.8411174284770219,-0.480435561249736
acs_ct0_puma,3712,1,560,560,560,10,1.0,165,11.6,1.0,2.1883942185198872,0.5330621990515599,-0.011010599255447118,0,0.5122868660310933,0.13022373739121976,0.8120525697189871,0.8415865399232373,-0.14803648014869894,0.5012762667756462,0.13676356024100253,0.806496420557752,0.7169818973877773,-0.32129255178860305
acs_ct0_puma,3712,1,560,560,560,10,1.0,165,11.5,1.0,2.7785523111935624,0.6211839708287328,0.05260558685566097,1,0.4789670014165571,0.13500729948906318,0.814,0.891154823880455,0.09526266314300248,0.5315725882722181,0.12801083452661693,0.8303157894736842,0.8844504954208936,-0.06004163349810789
acs_ct0_puma,3712,1,560,560,560,10,1.0,165,11.6,1.0,3.2804157064406994,0.6684559770962173,0.015382164214497562,1,0.4952682927038361,0.13021295122831644,0.8140827011432845,0.8627490179336756,-0.022976807518800775,0.5106504569183337,0.13040280382868788,0.8245539053317662,0.7766131590956102,-0.13645970472143926
acs_ct0_puma,3712,1,560,560,560,10,1.0,165,11.6,1.0,4.189763661284668,0.6566834606005607,-0.003693825093082137,0,0.4778185049410884,0.13582302193835585,0.7972005556149161,0.742323236286638,-0.052856583140325646,0.47412467984800627,0.1358108195648871,0.8086334010043809,0.7049233800585245,-0.1875392630693903
acs_ct0_puma,3712,1,560,560,560,10,1.0,165,11.6,1.0,3.236313300210013,0.6831648837669223,0.009537114791352108,1,0.5672261715466809,0.12270648375211281,0.8293621113366814,0.9364670980486295,-0.02155816458525045,0.576763286338033,0.1222963423898182,0.8353456565872422,0.8422975495042517,-0.2010646902691707
acs_ct0_puma,3767,4,560,560,2240,10,4.0,230,16.1,1.0,38.424110743304304,0.8932110570254843,0.04559284978223599,1,0.6660275347432605,0.14222530248685086,0.850750063564709,1.0971352676544182,0.16657137403077682,0.7116203845254965,0.13541773742858126,0.8542249343164675,1.1454741721231605,0.10105450957675823
acs_ct0_puma,3767,4,560,560,2240,10,4.0,230,16.1,1.0,36.18679558226134,0.8858415373197157,0.01351658201303041,1,0.5900303945795676,0.1520406420678158,0.8382913806254768,0.9425990683638493,0.010279400878517277,0.603546976592598,0.15489424633519142,0.8151538265954742,0.8336437986728312,-0.027701052390693384
acs_ct0_puma,3767,4,560,560,2240,10,4.0,230,16.1,1.0,24.960334088024155,0.8335908158887748,-0.02184306666295366,0,0.666404380675773,0.1436735542346872,0.8440545808966863,0.9737022198405195,0.24322534094132023,0.6445613140128194,0.14813021180937966,0.8242223917281125,0.8265974348003086,0.17328487480588636
acs_ct0_puma,3767,4,560,560,2240,10,4.0,230,16.1,1.0,32.61208282370644,0.8620860095968945,0.04091555280124315,1,0.6408537916828001,0.148994281722957,0.8275277565895416,0.8953359197156131,0.06560907935754628,0.6817693444840432,0.13652959979608797,0.8619374523264683,0.9712840835959791,0.022961249763581777
acs_ct0_puma,3767,4,560,560,2240,10,4.0,230,16.1,1.0,28.079685167208616,0.8373869021765019,-0.0002400232306235539,0,0.696339735492017,0.13486557646346395,0.8660055936943809,1.1922155588082382,0.05950417209554872,0.6960997122613934,0.13611124035919822,0.8576998050682262,0.944987853602196,0.07041531664722957
acs_ct0_puma,3767,4,560,560,2240,10,4.0,230,16.1,1.0,30.42004329037981,0.8683248849002905,0.025377160773438212,1,0.6660275347432605,0.14222530248685086,0.850750063564709,1.0971352676544182,0.16657137403077682,0.6914046955166987,0.1393703545652586,0.8615136876006441,0.9849161207568828,0.40820763433154883
acs_ct0_puma,3767,4,560,560,2240,10,4.0,230,16.1,1.0,33.06195110498897,0.879006285994548,0.006597996098160364,1,0.5900303945795676,0.1520406420678158,0.8382913806254768,0.9425990683638493,0.010279400878517277,0.596628390677728,0.15637324203771413,0.8269344859733876,0.8098148083853671,0.24691116442400612
acs_ct0_puma,3767,4,560,560,2240,10,4.0,230,16.1,1.0,31.783984200396674,0.8695328867567373,-0.010528713478973661,0,0.666404380675773,0.1436735542346872,0.8440545808966863,0.9737022198405195,0.24322534094132023,0.6558756671967994,0.1497453430854208,0.8287990507670141,0.7791698975826293,0.5227201107398131
acs_ct0_puma,3767,4,560,560,2240,10,4.0,230,16.1,1.0,35.95614681063594,0.8528916071566807,0.05362135718467187,1,0.6408537916828001,0.148994281722957,0.8275277565895416,0.8953359197156131,0.06560907935754628,0.694475148867472,0.13593765709641759,0.8696499703364692,0.9481877906238962,0.30719409245409673
acs_ct0_puma,3767,4,560,560,2240,10,4.0,230,16.1,1.0,33.91525803803317,0.8502760567332097,0.01437099171549383,1,0.696339735492017,0.13486557646346395,0.8660055936943809,1.1922155588082382,0.05950417209554872,0.7107107272075108,0.13776073445141726,0.8611746758199846,0.9693499437026512,0.34223680541069157
acs_ct0_puma,3767,3,560,560,1680,10,3.0,230,16.1,1.0,26.03970832771998,0.8828545523267692,0.04058223540724615,1,0.6660275347432605,0.14222530248685086,0.850750063564709,1.0971352676544182,0.16657137403077682,0.7066097701505066,0.13472165117190957,0.8630392406136114,1.2021313039452302,0.010566566106265577
acs_ct0_puma,3767,3,560,560,1680,10,3.0,230,16.1,1.0,21.21437038283978,0.7853270499682328,0.01546559034161199,1,0.5900303945795676,0.1520406420678158,0.8382913806254768,0.9425990683638493,0.010279400878517277,0.6054959849211796,0.15348417800099037,0.826680227137893,0.9246083475476878,-0.13850327350366876
acs_ct0_puma,3767,3,560,560,1680,10,3.0,230,16.1,1.0,31.892293005573475,0.8047598213769005,-0.012188973182660323,0,0.666404380675773,0.1436735542346872,0.8440545808966863,0.9737022198405195,0.24322534094132023,0.6542154074931127,0.14559068141486417,0.8311721332316299,0.9350733140073552,0.04678987282690213
acs_ct0_puma,3767,3,560,560,1680,10,3.0,230,16.1,1.0,37.504152584939604,0.841043802841705,0.060652929818262424,1,0.6408537916828001,0.148994281722957,0.8275277565895416,0.8953359197156131,0.06560907935754628,0.7015067215010625,0.1342034313304398,0.8650733112975676,1.058850969807092,-0.08492603333590812
acs_ct0_puma,3767,3,560,560,1680,10,3.0,230,16.1,1.0,21.957788997512043,0.8604574512094669,0.01156910812252765,1,0.696339735492017,0.13486557646346395,0.8660055936943809,1.1922155588082382,0.05950417209554872,0.7079088436145446,0.13285014580592552,0.8663446054750402,1.1079077354884541,-0.0435763667534476
acs_ct0_puma,3767,3,560,560,1680,10,3.0,230,16.1,1.0,22.912665078759353,0.8586221360680926,0.00777910611871202,1,0.6660275347432605,0.14222530248685086,0.850750063564709,1.0971352676544182,0.16657137403077682,0.6738066408619725,0.13902001574117107,0.856682769726248,1.074207576353393,0.2665801857887168
acs_ct0_puma,3767,3,560,560,1680,10,3.0,230,16.1,1.0,27.99100149888931,0.8921452105426604,0.00421327012697692,1,0.5900303945795676,0.1520406420678158,0.8382913806254768,0.9425990683638493,0.010279400878517277,0.5942436647065445,0.153667293761889,0.8254936859055853,0.8739596205413936,0.05447720721492915
acs_ct0_puma,3767,3,560,560,1680,10,3.0,230,16.1,1.0,24.03316602463263,0.8457912971454403,0.0042219447123408305,1,0.666404380675773,0.1436735542346872,0.8440545808966863,0.9737022198405195,0.24322534094132023,0.6706263253881138,0.14623624461331733,0.8329519450800916,0.8726766908306083,0.35826038628654
acs_ct0_puma,3767,3,560,560,1680,10,3.0,230,16.1,1.0,29.059790302223647,0.8504710585126365,0.06646963532391625,1,0.6408537916828001,0.148994281722957,0.8275277565895416,0.8953359197156131,0.06560907935754628,0.7073234270067164,0.1335447196364837,0.8673616408170184,1.0254660911477498,0.13953823499210397
acs_ct0_puma,3767,3,560,560,1680,10,3.0,230,16.1,1.0,19.70971399770404,0.838003301229157,0.019408719567014954,1,0.696339735492017,0.13486557646346395,0.8660055936943809,1.1922155588082382,0.05950417209554872,0.715748455059032,0.13365449094935827,0.862615475887787,1.0246965291946235,0.17554065855959208
acs_ct0_puma,3767,2,560,560,1120,10,2.0,230,16.1,1.0,19.397001719362002,0.8959319394973946,0.06122309393045389,1,0.6660275347432605,0.14222530248685086,0.850750063564709,1.0971352676544182,0.16657137403077682,0.7272506286737144,0.1336715463414579,0.8691414526654802,1.1767607579862678,0.21932153926507733
acs_ct0_puma,3767,2,560,560,1120,10,2.0,230,16.1,1.0,18.192474461067594,0.8890585665440018,0.006621952984759094,1,0.5900303945795676,0.1520406420678158,0.8382913806254768,0.9425990683638493,0.010279400878517277,0.5966523475643267,0.15464520914145385,0.8324434274091025,0.8613990151371045,0.0983331898002572
acs_ct0_puma,3767,2,560,560,1120,10,2.0,230,16.1,1.0,10.896793447454332,0.8122783769475848,-0.02003434428444606,0,0.666404380675773,0.1436735542346872,0.8440545808966863,0.9737022198405195,0.24322534094132023,0.646370036391327,0.14827311967769638,0.8313416391219596,0.8485534177215801,0.2712521612073969
acs_ct0_puma,3767,2,560,560,1120,10,2.0,230,16.1,1.0,14.066699883098902,0.8572910147840787,0.010183722402511641,1,0.6408537916828001,0.148994281722957,0.8275277565895416,0.8953359197156131,0.06560907935754628,0.6510375140853117,0.1445394263304167,0.8522756165776761,0.8759696071922974,0.09935976953617065
acs_ct0_puma,3767,2,560,560,1120,10,2.0,230,16.1,1.0,11.4705138016005,0.7854268871310711,0.008920889033283586,1,0.696339735492017,0.13486557646346395,0.8660055936943809,1.1922155588082382,0.05950417209554872,0.7052606245253006,0.13534563736148417,0.867615899652513,0.9946993053755527,0.19251627912456704
acs_ct0_puma,3767,1,560,560,560,10,1.0,230,16.1,1.0,2.9385173824541684,0.6596670334964265,0.02239394099715919,1,0.6660275347432605,0.14222530248685086,0.850750063564709,1.0971352676544182,0.16657137403077682,0.6884214757404197,0.13908471748772736,0.8602423934231714,1.2255268123429788,0.22059895281134198
acs_ct0_puma,3767,1,560,560,560,10,1.0,230,16.1,1.0,5.066622320329452,0.7879455788588197,0.0017311169966026663,1,0.5900303945795676,0.1520406420678158,0.8382913806254768,0.9425990683638493,0.010279400878517277,0.5917615115761703,0.15496923415937283,0.8355792863802017,0.994424201199028,0.13936811660059156
acs_ct0_puma,3767,1,560,560,560,10,1.0,230,16.1,1.0,3.7944178709359795,0.6678248331976435,0.0031293029738506117,1,0.666404380675773,0.1436735542346872,0.8440545808966863,0.9737022198405195,0.24322534094132023,0.6695336836496236,0.1447786540448104,0.8453258750741588,1.0647894410908445,0.2816113604058399
acs_ct0_puma,3767,1,560,560,560,10,1.0,230,16.1,1.0,7.9758173699222255,0.8741140362783391,0.04263118361966367,1,0.6408537916828001,0.148994281722957,0.8275277565895416,0.8953359197156131,0.06560907935754628,0.6834849753024638,0.13946786043590803,0.8537164166454785,1.0537046342801875,0.17487969122900224
acs_ct0_puma,3767,1,560,560,560,10,1.0,230,16.1,1.0,5.64909840268888,0.7795784898257614,-0.01166054838956121,0,0.696339735492017,0.13486557646346395,0.8660055936943809,1.1922155588082382,0.05950417209554872,0.6846791871024558,0.1368510897993683,0.8668531231460294,1.2102655921482812,0.1385446479093144
acs_ct0_puma,3767,1,560,560,560,10,1.0,230,16.1,1.0,6.877558508689416,0.8539660399004549,0.042325871567726714,1,0.6660275347432605,0.14222530248685086,0.850750063564709,1.0971352676544182,0.16657137403077682,0.7083534063109872,0.13500189178815328,0.8579540639037205,1.157806024922815,0.019151557687204706
acs_ct0_puma,3767,1,560,560,560,10,1.0,230,16.1,1.0,2.513028626283072,0.5989099662296913,0.006178026827344474,1,0.5900303945795676,0.1520406420678158,0.8382913806254768,0.9425990683638493,0.010279400878517277,0.5962084214069121,0.15543804980379933,0.8188829561827273,0.8659705234357381,-0.0984590745939775
acs_ct0_puma,3767,1,560,560,560,10,1.0,230,16.1,1.0,2.127824308529161,0.42136587344238663,-0.028526356206766024,0,0.666404380675773,0.1436735542346872,0.8440545808966863,0.9737022198405195,0.24322534094132023,0.637878024469007,0.14846279589485542,0.8252394270700907,0.8499035119741496,0.106633839825949
acs_ct0_puma,3767,1,560,560,560,10,1.0,230,16.1,1.0,8.015985646032444,0.8383694221817928,0.02396738507379559,1,0.6408537916828001,0.148994281722957,0.8275277565895416,0.8953359197156131,0.06560907935754628,0.6648211767565957,0.1407694799381804,0.8554114755487754,0.9608918062627034,-0.09543714845087675
acs_ct0_puma,3767,1,560,560,560,10,1.0,230,16.1,1.0,3.159229431141788,0.6096859453078728,-0.004882339785213352,0,0.696339735492017,0.13486557646346395,0.8660055936943809,1.1922155588082382,0.05950417209554872,0.6914573957068036,0.13646240871503418,0.856174252055259,1.0260069082417023,-0.051169903714376345
acs_ct0_puma,3767,4,560,560,2240,10,4.0,230,16.1,1.0,25.5806042778985,0.8434111261384067,0.05058928870593249,1,0.6660275347432605,0.14222530248685086,0.850750063564709,1.0971352676544182,0.16657137403077682,0.716616823449193,0.13672259222625624,0.8544791931519621,1.2118366448294928,0.023771140582714984
acs_ct0_puma,3767,4,560,560,2240,10,4.0,230,16.1,1.0,41.279193426901585,0.8695087630624585,0.020957373732062967,1,0.5900303945795676,0.1520406420678158,0.8382913806254768,0.9425990683638493,0.010279400878517277,0.6109877683116306,0.15258726884913068,0.8253241800152555,0.9558394741280853,-0.12900876919860432
acs_ct0_puma,3767,4,560,560,2240,10,4.0,230,16.1,1.0,15.614749793385972,0.7427471600405108,-0.01096702330750432,0,0.666404380675773,0.1436735542346872,0.8440545808966863,0.9737022198405195,0.24322534094132023,0.6554373573682687,0.14685894058814444,0.8283752860411899,0.9325944426755373,0.04841695318635991
acs_ct0_puma,3767,4,560,560,2240,10,4.0,230,16.1,1.0,42.22261382121621,0.856629231463873,0.04798157915652612,1,0.6408537916828001,0.148994281722957,0.8275277565895416,0.8953359197156131,0.06560907935754628,0.6888353708393262,0.13754495963597627,0.8571065344520722,1.0139042741483817,-0.101935440736477
acs_ct0_puma,3767,4,560,560,2240,10,4.0,230,16.1,1.0,20.73374141811773,0.7993107432009928,0.020989321154571416,1,0.696339735492017,0.13486557646346395,0.8660055936943809,1.1922155588082382,0.05950417209554872,0.7173290566465884,0.13319659244801663,0.8655818289685566,1.111071801452053,-0.08403025108977395
acs_ct0_puma,3767,3,560,560,1680,10,3.0,230,16.1,1.0,12.592436268082622,0.7286194398711026,0.05267675675547301,1,0.6660275347432605,0.14222530248685086,0.850750063564709,1.0971352676544182,0.16657137403077682,0.7187042914987335,0.13661908673338027,0.8533774048648191,1.1553385815349186,-0.07195324871942253
acs_ct0_puma,3767,3,560,560,1680,10,3.0,230,16.1,1.0,15.848964399819087,0.8098092300214906,0.007962083943643394,1,0.5900303945795676,0.1520406420678158,0.8382913806254768,0.9425990683638493,0.010279400878517277,0.597992478523211,0.15659485449644792,0.8179506737859141,0.9082369127218605,-0.2672575250310961
acs_ct0_puma,3767,3,560,560,1680,10,3.0,230,16.1,1.0,12.735679788773687,0.7562053489311282,-0.0296368089939979,0,0.666404380675773,0.1436735542346872,0.8440545808966863,0.9737022198405195,0.24322534094132023,0.6367675716817751,0.15067520297598727,0.8182049326214086,0.8358323696245527,-0.07671084162797698
acs_ct0_puma,3767,3,560,560,1680,10,3.0,230,16.1,1.0,13.958344441963838,0.784529968411477,0.04618005222697297,1,0.6408537916828001,0.148994281722957,0.8275277565895416,0.8953359197156131,0.06560907935754628,0.6870338439097731,0.13733090666932773,0.8592253580811933,0.9901695563117464,-0.23346169084299145
acs_ct0_puma,3767,3,560,560,1680,10,3.0,230,16.1,1.0,7.934429719254423,0.620329205542697,0.00673566591776531,1,0.696339735492017,0.13486557646346395,0.8660055936943809,1.1922155588082382,0.05950417209554872,0.7030754014097823,0.13641309957907666,0.8570217815069074,1.0224258307839087,-0.1836828794127724
acs_ct0_puma,3767,1,560,560,560,10,1.0,230,16.1,1.0,4.34283887024446,0.7688986046307029,0.03964241993307116,1,0.6660275347432605,0.14222530248685086,0.850750063564709,1.0971352676544182,0.16657137403077682,0.7056699546763316,0.13491159523427584,0.863208746503941,1.12389699058787,0.0708237974203858
acs_ct0_puma,3767,1,560,560,560,10,1.0,230,16.1,1.0,3.3251788487822402,0.6973427274799249,0.005952069751398614,1,0.5900303945795676,0.1520406420678158,0.8382913806254768,0.9425990683638493,0.010279400878517277,0.5959824643309662,0.1516841717947406,0.8373590982286634,0.8568017854232708,-0.06850366007133371
acs_ct0_puma,3767,1,560,560,560,10,1.0,230,16.1,1.0,1.59969860202261,0.3401116582124922,-0.0016196318479412275,0,0.666404380675773,0.1436735542346872,0.8440545808966863,0.9737022198405195,0.24322534094132023,0.6647847488278318,0.1429170602202646,0.8383761335706417,0.9003303113458695,0.13554397305188987
acs_ct0_puma,3767,1,560,560,560,10,1.0,230,16.1,1.0,2.2286542437176777,0.502640924226432,0.04428313923044669,1,0.6408537916828001,0.148994281722957,0.8275277565895416,0.8953359197156131,0.06560907935754628,0.6851369309132468,0.13839617348615327,0.8542249343164675,0.9828346304329268,-0.04093541432669846
acs_ct0_puma,3767,1,560,560,560,10,1.0,230,16.1,1.0,12.197809864332857,0.9094674496643147,0.011922417034330834,1,0.696339735492017,0.13486557646346395,0.8660055936943809,1.1922155588082382,0.05950417209554872,0.7082621525263478,0.13018976051745407,0.8741418764302059,1.0811421087065385,-0.03800592805770292
acs_ct0_puma,3767,2,560,560,1120,10,2.0,230,16.1,1.0,10.342516305064944,0.8066069423851352,0.037850310180286395,1,0.6660275347432605,0.14222530248685086,0.850750063564709,1.0971352676544182,0.16657137403077682,0.7038778449235469,0.13435269211969766,0.8658360878040512,1.2180169199464645,0.05955193577392375
acs_ct0_puma,3767,2,560,560,1120,10,2.0,230,16.1,1.0,9.5164518160122,0.7749794557260663,0.004592211334618734,1,0.5900303945795676,0.1520406420678158,0.8382913806254768,0.9425990683638493,0.010279400878517277,0.5946226059141864,0.15087923215932544,0.8391389100771252,0.9446239852955649,-0.0899298675935279
acs_ct0_puma,3767,2,560,560,1120,10,2.0,230,16.1,1.0,9.528568477046647,0.7731057261732442,0.002307760253051905,1,0.666404380675773,0.1436735542346872,0.8440545808966863,0.9737022198405195,0.24322534094132023,0.6687121409288249,0.1431576732852746,0.8426137808288838,1.0250586065554543,0.10801296185103793
acs_ct0_puma,3767,2,560,560,1120,10,2.0,230,16.1,1.0,15.761629512421662,0.8729279175622567,0.04238973887758035,1,0.6408537916828001,0.148994281722957,0.8275277565895416,0.8953359197156131,0.06560907935754628,0.6832435305603805,0.1390519152013333,0.853970675480973,0.9780211967105817,0.02630120757589562
acs_ct0_puma,3767,2,560,560,1120,10,2.0,230,16.1,1.0,19.45281375413558,0.8960235239564859,0.006085657224501051,1,0.696339735492017,0.13486557646346395,0.8660055936943809,1.1922155588082382,0.05950417209554872,0.702425392716518,0.13112916256290072,0.8713450292397661,1.160058547445581,-0.04055754623656621
acs_ct0_puma,3767,1,560,560,560,10,1.0,230,16.1,1.0,5.1487214691296,0.769171239592511,0.04519823830667957,1,0.6660275347432605,0.14222530248685086,0.850750063564709,1.0971352676544182,0.16657137403077682,0.7112257730499401,0.13793483932625625,0.8576150521230612,1.0848660158399066,0.12954500121251672
acs_ct0_puma,3767,1,560,560,560,10,1.0,230,16.1,1.0,2.64910151938021,0.6221420891860532,0.02828490340511025,1,0.5900303945795676,0.1520406420678158,0.8382913806254768,0.9425990683638493,0.010279400878517277,0.6183152979846779,0.14892984843214005,0.839308415967455,0.9373602615545391,-0.02499530479228466
acs_ct0_puma,3767,1,560,560,560,10,1.0,230,16.1,1.0,0.9173752406420573,0.0,-0.007879197901889179,0,0.666404380675773,0.1436735542346872,0.8440545808966863,0.9737022198405195,0.24322534094132023,0.6585251827738838,0.1445491017681451,0.8386303924061361,0.87443294472494,0.19218905089779847
acs_ct0_puma,3767,1,560,560,560,10,1.0,230,16.1,1.0,0.7572941491656029,0.0,0.044937213116600816,1,0.6408537916828001,0.148994281722957,0.8275277565895416,0.8953359197156131,0.06560907935754628,0.6857910047994009,0.14044658231667148,0.8515975930163573,0.90457115000862,0.042478847156723835
acs_ct0_puma,3767,1,560,560,560,10,1.0,230,16.1,1.0,2.3875474527301956,0.5662810138339422,0.017228187538287476,1,0.696339735492017,0.13486557646346395,0.8660055936943809,1.1922155588082382,0.05950417209554872,0.7135679230303045,0.1318713280506956,0.8681244173235021,1.0833319369646797,0.0024463354179707682
acs_ct0_puma,4001,2,560,560,1120,10,2.0,358,25.1,1.0,13.788030649097967,0.8497731486755226,-0.010231253477393065,0,0.8311768738561096,0.15583948745250303,0.8528564401658352,1.0234584030163765,0.08229737824182641,0.8209456203787165,0.16540751990702685,0.8319162391961212,1.009606203580481,0.18242381396372362
acs_ct0_puma,4001,2,560,560,1120,10,2.0,358,25.1,1.0,7.80317016744912,0.7327333458152683,0.026238853300104892,1,0.8292263227531204,0.14221881253323063,0.874780408966341,1.1341893723842487,0.08519928196080895,0.8554651760532253,0.1404275986929928,0.8831424355280725,1.3524398554405994,0.07802633353750874
acs_ct0_puma,4001,2,560,560,1120,10,2.0,358,25.1,1.0,9.590344559769479,0.7578692238792075,-0.005961805164758416,0,0.8497925102741115,0.14481699075282065,0.8759047150586747,1.2383130867823022,0.10462678000853781,0.8438307051093531,0.1540025168544557,0.8605157754198581,1.2296837823604196,0.2133392439636051
acs_ct0_puma,4001,2,560,560,1120,10,2.0,358,25.1,1.0,16.736785592076586,0.8798312762796905,0.0017337379354190885,1,0.7739766711569592,0.1555160399020181,0.8513807884196473,0.8839376500348747,-0.10860098717294511,0.7757104090923783,0.1592523980458962,0.843861991427166,0.978924248461358,0.04872148450824124
acs_ct0_puma,4001,2,560,560,1120,10,2.0,358,25.1,1.0,14.269052313170473,0.8282800933311303,0.004759616405484723,1,0.8221094741437345,0.1513241437660652,0.8613590049891082,1.0013856968023802,-0.010455830137218227,0.8268690905492192,0.15346624265748504,0.8527861710350642,1.0903300337335877,0.08108710469336643
acs_ct0_puma,4001,1,560,560,560,10,1.0,358,25.1,1.0,3.7873421305232045,0.7323872614874565,-0.0097768541573231,0,0.8311768738561096,0.15583948745250303,0.8528564401658352,1.0234584030163765,0.08229737824182641,0.8214000196987865,0.16763016433081618,0.8362729253039141,0.9355934173719009,0.3514317884676978
acs_ct0_puma,4001,1,560,560,560,10,1.0,358,25.1,1.0,7.3510819902931885,0.8000569504066881,0.012865746833905178,1,0.8292263227531204,0.14221881253323063,0.874780408966341,1.1341893723842487,0.08519928196080895,0.8420920695870255,0.14281442116494023,0.879066825943363,1.1671319605695625,0.2761632080164726
acs_ct0_puma,4001,1,560,560,560,10,1.0,358,25.1,1.0,4.326630434183965,0.6976281285703174,0.000987463545869316,1,0.8497925102741115,0.14481699075282065,0.8759047150586747,1.2383130867823022,0.10462678000853781,0.8507799738199808,0.15180007341225862,0.8693696858969855,1.1698408021796969,0.3904340509208673
acs_ct0_puma,4001,1,560,560,560,10,1.0,358,25.1,1.0,8.040221330712075,0.8731913758605354,0.011923365545624676,1,0.7739766711569592,0.1555160399020181,0.8513807884196473,0.8839376500348747,-0.10860098717294511,0.7859000367025839,0.15467412023120364,0.8510997118965639,0.9087153028991636,0.11323794780150206
acs_ct0_puma,4001,1,560,560,560,10,1.0,358,25.1,1.0,3.4503199267035103,0.7027667045075849,0.006107022686682395,1,0.8221094741437345,0.1513241437660652,0.8613590049891082,1.0013856968023802,-0.010455830137218227,0.8282164968304169,0.15400026161410743,0.8555969362658984,0.9786956028824033,0.22300294325814624
acs_ct0_puma,4001,3,560,560,1680,10,3.0,358,25.1,1.0,9.298093588481903,0.6749093298334992,-0.008259168926481708,0,0.8311768738561096,0.15583948745250303,0.8528564401658352,1.0234584030163765,0.08229737824182641,0.8229177049296279,0.15934618757164073,0.8447754901271871,0.9379476584278402,-0.06093832812465924
acs_ct0_puma,4001,3,560,560,1680,10,3.0,358,25.1,1.0,12.244358139939411,0.7483660781451218,0.019510371224493728,1,0.8292263227531204,0.14221881253323063,0.874780408966341,1.1341893723842487,0.08519928196080895,0.8487366939776141,0.13868207631795978,0.8813154381280303,1.1390092630989226,-0.1007999566792218
acs_ct0_puma,4001,3,560,560,1680,10,3.0,358,25.1,1.0,10.853753341110696,0.7235266174647677,-0.011357177998347456,0,0.8497925102741115,0.14481699075282065,0.8759047150586747,1.2383130867823022,0.10462678000853781,0.8384353322757641,0.15187998572322994,0.8598130841121494,1.077986900149795,-0.027930361775306077
acs_ct0_puma,4001,3,560,560,1680,10,3.0,358,25.1,1.0,12.833377778875423,0.7646132778946502,0.002608143288257758,1,0.7739766711569592,0.1555160399020181,0.8513807884196473,0.8839376500348747,-0.10860098717294511,0.776584814445217,0.15400088289944217,0.8530672475581477,0.8821082691211787,-0.25439455536336936
acs_ct0_puma,4001,3,560,560,1680,10,3.0,358,25.1,1.0,18.576091749532736,0.8017533844299429,0.005131306762734544,1,0.8221094741437345,0.1513241437660652,0.8613590049891082,1.0013856968023802,-0.010455830137218227,0.827240780906469,0.1533478218259462,0.8574942027967113,0.992228722133326,-0.15984564922352817
acs_ct0_puma,4001,4,560,560,2240,10,4.0,358,25.1,1.0,18.823731225507526,0.7817085245587627,-0.025717458530067572,0,0.8311768738561096,0.15583948745250303,0.8528564401658352,1.0234584030163765,0.08229737824182641,0.805459415326042,0.17363170439867062,0.8201812943573887,0.8733793717853021,0.28847613276322764
acs_ct0_puma,4001,4,560,560,2240,10,4.0,358,25.1,1.0,28.17668434641305,0.8526445555685125,0.013522448828867106,1,0.8292263227531204,0.14221881253323063,0.874780408966341,1.1341893723842487,0.08519928196080895,0.8427487715819875,0.14829270549011067,0.8738669102663199,1.2606990047013888,0.25729611677336306
acs_ct0_puma,4001,4,560,560,2240,10,4.0,358,25.1,1.0,18.03937387835961,0.77775512706139,-0.026053405751108594,0,0.8497925102741115,0.14481699075282065,0.8759047150586747,1.2383130867823022,0.10462678000853781,0.8237391045230029,0.16700639418021349,0.8356405031269764,1.089752530001914,0.35566544596889826
acs_ct0_puma,4001,4,560,560,2240,10,4.0,358,25.1,1.0,28.55649606371747,0.8596487438689191,-0.003357038285779823,0,0.7739766711569592,0.1555160399020181,0.8513807884196473,0.8839376500348747,-0.10860098717294511,0.7706196328711794,0.1647404226237731,0.8355702339962053,0.8511536586953788,0.1994121935974474
acs_ct0_puma,4001,4,560,560,2240,10,4.0,358,25.1,1.0,17.959608429578935,0.777044198562062,-0.005302862323279256,0,0.8221094741437345,0.1513241437660652,0.8613590049891082,1.0013856968023802,-0.010455830137218227,0.8168066118204552,0.16200413837853186,0.8396458435809149,0.9937247601014725,0.2119271352476862
acs_ct0_puma,4001,2,560,560,1120,10,2.0,358,25.1,1.0,25.900675147739324,0.9182184884956404,-0.005998781324778157,0,0.8311768738561096,0.15583948745250303,0.8528564401658352,1.0234584030163765,0.08229737824182641,0.8251780925313315,0.16201513684334076,0.8440025296887078,0.966057405043467,0.30915802965759986
acs_ct0_puma,4001,2,560,560,1120,10,2.0,358,25.1,1.0,16.68535761690038,0.8660812750519784,0.020141989100248003,1,0.8292263227531204,0.14221881253323063,0.874780408966341,1.1341893723842487,0.08519928196080895,0.8493683118533684,0.14389385410771022,0.8770992902817792,1.1247895277351478,0.23977890353503106
acs_ct0_puma,4001,2,560,560,1120,10,2.0,358,25.1,1.0,25.605719284425483,0.9049455564399026,-0.0010228547413718703,0,0.8497925102741115,0.14481699075282065,0.8759047150586747,1.2383130867823022,0.10462678000853781,0.8487696555327396,0.15243703741935472,0.8631860023891504,1.0747413130695884,0.3681223208976892
acs_ct0_puma,4001,2,560,560,1120,10,2.0,358,25.1,1.0,16.862494321338563,0.872526661064907,0.02227291009881116,1,0.7739766711569592,0.1555160399020181,0.8513807884196473,0.8839376500348747,-0.10860098717294511,0.7962495812557704,0.15362768586459646,0.8556672053966692,0.946231332971785,0.13494622892606425
acs_ct0_puma,4001,2,560,560,1120,10,2.0,358,25.1,1.0,19.430364287188137,0.8845598605548284,0.014832851256600277,1,0.8221094741437345,0.1513241437660652,0.8613590049891082,1.0013856968023802,-0.010455830137218227,0.8369423254003348,0.15237225238663699,0.8609373902044832,0.9921635584046715,0.274490217279726
acs_ct0_puma,4001,2,560,560,1120,10,2.0,358,25.1,1.0,6.295670298842905,0.6814325701490059,0.0017574542292103645,1,0.8311768738561096,0.15583948745250303,0.8528564401658352,1.0234584030163765,0.08229737824182641,0.83293432808532,0.15748035487082912,0.8513105192888764,1.1506028757670754,0.20320509623655528
acs_ct0_puma,4001,2,560,560,1120,10,2.0,358,25.1,1.0,5.942663100452,0.6581833760648319,0.019147340633203447,1,0.8292263227531204,0.14221881253323063,0.874780408966341,1.1341893723842487,0.08519928196080895,0.8483736633863238,0.144792636149259,0.8766074063663832,1.33017480448429,0.14799597863344832
acs_ct0_puma,4001,2,560,560,1120,10,2.0,358,25.1,1.0,4.637934235296671,0.5683506687816733,-0.009405663962251176,0,0.8497925102741115,0.14481699075282065,0.8759047150586747,1.2383130867823022,0.10462678000853781,0.8403868463118603,0.15650997031348274,0.8579860867121073,1.23843282102471,0.2557817147674739
acs_ct0_puma,4001,2,560,560,1120,10,2.0,358,25.1,1.0,10.223064296484175,0.8042018886820916,0.0036475073954193027,1,0.7739766711569592,0.1555160399020181,0.8513807884196473,0.8839376500348747,-0.10860098717294511,0.7776241785523785,0.15763431553541313,0.8474457170964795,0.984445645855564,0.021963575539411057
acs_ct0_puma,4001,2,560,560,1120,10,2.0,358,25.1,1.0,9.99265304777921,0.7930302941154761,0.005512278245620061,1,0.8221094741437345,0.1513241437660652,0.8613590049891082,1.0013856968023802,-0.010455830137218227,0.8276217523893545,0.15189689778352694,0.8598833532429204,1.1210457531899594,0.10450643784130374
acs_ct0_puma,4001,1,560,560,560,10,1.0,358,25.1,1.0,6.877558508689416,0.8539660399004549,-0.01955462424556864,0,0.8311768738561096,0.15583948745250303,0.8528564401658352,1.0234584030163765,0.08229737824182641,0.811622249610541,0.1714054932107701,0.822921790457452,0.956283575454475,0.27213997929410494
acs_ct0_puma,4001,1,560,560,560,10,1.0,358,25.1,1.0,2.513028626283072,0.5989099662296913,0.02397374863934909,1,0.8292263227531204,0.14221881253323063,0.874780408966341,1.1341893723842487,0.08519928196080895,0.8532000713924695,0.14151430429895395,0.8861640081512192,1.408505923603592,0.13048357313347891
acs_ct0_puma,4001,1,560,560,560,10,1.0,358,25.1,1.0,2.127824308529161,0.42136587344238663,-0.010624353214679472,0,0.8497925102741115,0.14481699075282065,0.8759047150586747,1.2383130867823022,0.10462678000853781,0.839168157059432,0.15555738952385886,0.8582671632351908,1.2231985870483557,0.28218262241884284
acs_ct0_puma,4001,1,560,560,560,10,1.0,358,25.1,1.0,8.015985646032444,0.8383694221817928,-0.00601646421580726,0,0.7739766711569592,0.1555160399020181,0.8513807884196473,0.8839376500348747,-0.10860098717294511,0.767960206941152,0.16482099889903595,0.8335324292038506,0.9162644676872089,0.11010489103825398
acs_ct0_puma,4001,1,560,560,560,10,1.0,358,25.1,1.0,3.159229431141788,0.6096859453078728,-0.0018630203578817728,0,0.8221094741437345,0.1513241437660652,0.8613590049891082,1.0013856968023802,-0.010455830137218227,0.8202464537858527,0.1571847594080438,0.8465322183964585,1.0772046753749434,0.12134938129630478
acs_ct0_puma,4001,2,560,560,1120,10,2.0,358,25.1,1.0,6.111901148019722,0.6397975790240569,-0.015065589035708427,0,0.8311768738561096,0.15583948745250303,0.8528564401658352,1.0234584030163765,0.08229737824182641,0.8161112848204012,0.1651854942328658,0.8361323870423722,1.0326912504860097,0.20879571899761104
acs_ct0_puma,4001,2,560,560,1120,10,2.0,358,25.1,1.0,10.383523060448377,0.8008248552713106,0.016102737943330503,1,0.8292263227531204,0.14221881253323063,0.874780408966341,1.1341893723842487,0.08519928196080895,0.8453290606964509,0.14308054391645572,0.8782235963741128,1.2573866109194127,0.11702110715777325
acs_ct0_puma,4001,2,560,560,1120,10,2.0,358,25.1,1.0,9.380332333311596,0.7859124657293626,-0.01978270124846404,0,0.8497925102741115,0.14481699075282065,0.8759047150586747,1.2383130867823022,0.10462678000853781,0.8300098090256475,0.16003452531936138,0.8482889466657298,1.1539218684605321,0.20526729467117683
acs_ct0_puma,4001,2,560,560,1120,10,2.0,358,25.1,1.0,8.1000761187344,0.748121949298135,0.010960703949551287,1,0.7739766711569592,0.1555160399020181,0.8513807884196473,0.8839376500348747,-0.10860098717294511,0.7849373751065105,0.16013624552382924,0.8428782235963741,0.963310528316137,0.020325572463936084
acs_ct0_puma,4001,2,560,560,1120,10,2.0,358,25.1,1.0,12.57527788523294,0.8393824770395878,0.004214449501928952,1,0.8221094741437345,0.1513241437660652,0.8613590049891082,1.0013856968023802,-0.010455830137218227,0.8263239236456634,0.15539926178686853,0.851099711896564,1.006922042488915,0.10400725583511039
acs_ct0_puma,4001,2,560,560,1120,10,2.0,358,25.1,1.0,12.109212990861554,0.833451241623318,0.007162799778648754,1,0.8311768738561096,0.15583948745250303,0.8528564401658352,1.0234584030163765,0.08229737824182641,0.8383396736347584,0.15107036237545665,0.8605157754198581,1.0784595944524704,0.1208389774126265
acs_ct0_puma,4001,2,560,560,1120,10,2.0,358,25.1,1.0,9.681679074029471,0.788315427241382,0.017961689937067704,1,0.8292263227531204,0.14221881253323063,0.874780408966341,1.1341893723842487,0.08519928196080895,0.8471880126901881,0.14412198523803832,0.8731642189586115,1.090115642473553,0.0727994910356344
acs_ct0_puma,4001,2,560,560,1120,10,2.0,358,25.1,1.0,8.571172595023063,0.7621090679775004,0.0030226696743647086,1,0.8497925102741115,0.14481699075282065,0.8759047150586747,1.2383130867823022,0.10462678000853781,0.8528151799484762,0.14610364217123623,0.8688778019815895,1.0903386512438769,0.16088287013375405
acs_ct0_puma,4001,2,560,560,1120,10,2.0,358,25.1,1.0,10.540432113806403,0.8102479066547892,0.014943610882410696,1,0.7739766711569592,0.1555160399020181,0.8513807884196473,0.8839376500348747,-0.10860098717294511,0.7889202820393699,0.15237780862441114,0.8555969362658983,0.9478074327219885,-0.10990108211955961
acs_ct0_puma,4001,2,560,560,1120,10,2.0,358,25.1,1.0,6.062644424691094,0.6413160608957993,0.01317258900995577,1,0.8221094741437345,0.1513241437660652,0.8613590049891082,1.0013856968023802,-0.010455830137218227,0.8352820631536902,0.14822604503935005,0.866277844143068,0.9969437032840331,0.05088274039190214
acs_ct0_puma,4001,1,560,560,560,10,1.0,358,25.1,1.0,4.735424284819198,0.7886693873797908,-0.012321547386756726,0,0.8311768738561096,0.15583948745250303,0.8528564401658352,1.0234584030163765,0.08229737824182641,0.8188553264693529,0.1671841329887718,0.8376783079193312,0.8953733037561051,0.2735911573215974
acs_ct0_puma,4001,1,560,560,560,10,1.0,358,25.1,1.0,4.404964258125359,0.7646812866401511,0.0010190560846017327,1,0.8292263227531204,0.14221881253323063,0.874780408966341,1.1341893723842487,0.08519928196080895,0.8302453788377221,0.14633250010553142,0.872461527650903,1.1131165531575118,0.22698903005994903
acs_ct0_puma,4001,1,560,560,560,10,1.0,358,25.1,1.0,6.0594482308664634,0.8331976623109782,-0.0129546429893308,0,0.8497925102741115,0.14481699075282065,0.8759047150586747,1.2383130867823022,0.10462678000853781,0.8368378672847807,0.15423289603645546,0.8607265828121706,1.0830395511088602,0.2804798943225794
acs_ct0_puma,4001,1,560,560,560,10,1.0,358,25.1,1.0,7.994151396990936,0.46747208062817575,-0.007196074729154733,0,0.7739766711569592,0.1555160399020181,0.8513807884196473,0.8839376500348747,-0.10860098717294511,0.7667805964278045,0.1626458819976809,0.840559342280936,0.8099040136294937,0.07811413861129168
acs_ct0_puma,4001,1,560,560,560,10,1.0,358,25.1,1.0,1.9545716535393498,0.32963233093248806,-0.0031928015933568865,0,0.8221094741437345,0.1513241437660652,0.8613590049891082,1.0013856968023802,-0.010455830137218227,0.8189166725503776,0.15684967231082797,0.8507483662427096,0.9686239886600546,0.19800516537902163
acs_ct0_puma,4001,1,560,560,560,10,1.0,358,25.1,1.0,5.025555953817701,0.7947204260683743,-0.02041950410628579,0,0.8311768738561096,0.15583948745250303,0.8528564401658352,1.0234584030163765,0.08229737824182641,0.8107573697498238,0.17125223958123803,0.8260839013421405,0.8491260408995079,0.16242012318220392
acs_ct0_puma,4001,1,560,560,560,10,1.0,358,25.1,1.0,8.527924346652071,0.8805225814748465,0.01214720846235795,1,0.8292263227531204,0.14221881253323063,0.874780408966341,1.1341893723842487,0.08519928196080895,0.8413735312154783,0.13983163156362985,0.8811748998664887,1.157550352347014,0.07255842253689762
acs_ct0_puma,4001,1,560,560,560,10,1.0,358,25.1,1.0,3.4557140191455327,0.7089719551575735,-0.01201582549359137,0,0.8497925102741115,0.14481699075282065,0.8759047150586747,1.2383130867823022,0.10462678000853781,0.8377766847805201,0.1524550522820861,0.859110392804441,1.1013745424754744,0.1792194199773411
acs_ct0_puma,4001,1,560,560,560,10,1.0,358,25.1,1.0,4.233566511275155,0.7634459002746203,0.00892460973621878,1,0.7739766711569592,0.1555160399020181,0.8513807884196473,0.8839376500348747,-0.10860098717294511,0.782901280893178,0.1577815150654633,0.84582952708875,0.8493470656691655,-0.026498495900578786
acs_ct0_puma,4001,1,560,560,560,10,1.0,358,25.1,1.0,5.26448244385156,0.7695743803578294,-0.005893741938894026,0,0.8221094741437345,0.1513241437660652,0.8613590049891082,1.0013856968023802,-0.010455830137218227,0.8162157322048404,0.16007585408717423,0.841543110111728,0.8791956477398828,0.04105446158153154
acs_ct0_puma,4001,1,560,560,560,10,1.0,358,25.1,1.0,2.362626910389043,0.5401180919166914,-0.013539603132791456,0,0.8311768738561096,0.15583948745250303,0.8528564401658352,1.0234584030163765,0.08229737824182641,0.8176372707233182,0.1624845509910941,0.8384512683578104,1.0984906879664886,0.13137331167541016
acs_ct0_puma,4001,1,560,560,560,10,1.0,358,25.1,1.0,5.735191962003906,0.8238311810621946,0.019522264191663252,1,0.8292263227531204,0.14221881253323063,0.874780408966341,1.1341893723842487,0.08519928196080895,0.8487485869447836,0.14488029139395853,0.8775911741971752,1.3565285962759457,0.05686915938317574
acs_ct0_puma,4001,1,560,560,560,10,1.0,358,25.1,1.0,3.3230220890966704,0.6719024313389903,-0.0220702957374036,0,0.8497925102741115,0.14481699075282065,0.8759047150586747,1.2383130867823022,0.10462678000853781,0.8277222145367079,0.15958837788525712,0.8482889466657296,1.1963315167613242,0.13895947160048186
acs_ct0_puma,4001,1,560,560,560,10,1.0,358,25.1,1.0,5.644824692799384,0.8196032116755867,0.00947322512789095,1,0.7739766711569592,0.1555160399020181,0.8513807884196473,0.8839376500348747,-0.10860098717294511,0.7834498962848502,0.16049878088857428,0.8406296114117069,0.966774958510158,-0.059955754851555715
acs_ct0_puma,4001,1,560,560,560,10,1.0,358,25.1,1.0,4.544765539606549,0.7785671975141342,0.0005663642876173602,1,0.8221094741437345,0.1513241437660652,0.8613590049891082,1.0013856968023802,-0.010455830137218227,0.8226758384313518,0.1568331288056893,0.8482889466657297,1.03706242933015,0.04059524669168057
acs_ct0_puma,4104,3,560,560,1680,10,3.0,357,25.0,1.0,23.161618720814637,0.8474395102717801,0.005381417329177074,1,0.8063513790407739,0.16013251590844949,0.8406296114117068,1.1106433972393526,-0.06496371589172902,0.811732796369951,0.16294802850095133,0.8395053053193732,1.227104692472633,-0.14416284064140197
acs_ct0_puma,4104,3,560,560,1680,10,3.0,357,25.0,1.0,17.03540321173296,0.8216954510432144,0.004844064466609677,1,0.7169961992274587,0.17819730842049034,0.8106246925725529,0.6954652663118308,0.07166864359687959,0.7218402636940684,0.17633387023478475,0.8122408825802824,0.8613328545869642,-0.03839991825332963
acs_ct0_puma,4104,3,560,560,1680,10,3.0,357,25.0,1.0,10.712206377492981,0.6579230793052921,-0.0010499240481628425,0,0.8090552352935657,0.1581816681758149,0.8480781392734172,1.185572817743771,-0.026636629964999575,0.8080053112454029,0.1619077834378556,0.8437917222963952,1.2558550407847882,-0.09253501790036406
acs_ct0_puma,4104,3,560,560,1680,10,3.0,357,25.0,1.0,20.856384354435054,0.8470850407353038,0.01627436708308061,1,0.8231874001550504,0.1548938902206937,0.8584779706275034,1.225379259254703,-0.13538341482463873,0.839461767238131,0.15127934208855204,0.8669805354507765,1.3824152789388813,-0.18060038001244602
acs_ct0_puma,4104,3,560,560,1680,10,3.0,357,25.0,1.0,28.521504225373178,0.8948106150157391,0.0399175158915005,1,0.7606909145771136,0.170210449236762,0.8238352891574732,0.9041886577353334,-0.062473350779533796,0.8006084304686141,0.16523466161245043,0.8364837326962267,1.1032961743717258,-0.13921187369925392
acs_ct0_puma,4104,3,560,560,1680,10,3.0,357,25.0,1.0,18.47119470327528,0.8315267128018686,-0.002660340045041787,0,0.8063513790407739,0.16013251590844949,0.8406296114117068,1.1106433972393526,-0.06496371589172902,0.8036910389957321,0.1637279786077465,0.8344459279038718,1.0439066576426226,-0.10829616609763322
acs_ct0_puma,4104,3,560,560,1680,10,3.0,357,25.0,1.0,11.511583271471682,0.7315252888809405,-0.006728324927328222,0,0.7169961992274587,0.17819730842049034,0.8106246925725529,0.6954652663118308,0.07166864359687959,0.7102678743001305,0.17968895233254062,0.8040896634108635,0.7678060019591045,0.03888092974415833
acs_ct0_puma,4104,3,560,560,1680,10,3.0,357,25.0,1.0,13.47452801261896,0.7764621827917729,-0.0013662980972521943,0,0.8090552352935657,0.1581816681758149,0.8480781392734172,1.185572817743771,-0.026636629964999575,0.8076889371963135,0.1609223334607078,0.8432295692502284,1.0980891898810936,-0.10469029978026036
acs_ct0_puma,4104,3,560,560,1680,10,3.0,357,25.0,1.0,12.797509414871243,0.7645344290653349,0.010083718773537864,1,0.8231874001550504,0.1548938902206937,0.8584779706275034,1.225379259254703,-0.13538341482463873,0.8332711189285883,0.15240895030066218,0.8636778863045464,1.1920072204334153,-0.21836773226020825
acs_ct0_puma,4104,3,560,560,1680,10,3.0,357,25.0,1.0,15.898911470306023,0.8110912657472351,0.038635808053297915,1,0.7606909145771136,0.170210449236762,0.8238352891574732,0.9041886577353334,-0.062473350779533796,0.7993267226304115,0.16421023339974533,0.8357810413885182,0.9840049672857938,-0.09205560344690966
acs_ct0_puma,4104,4,560,560,2240,10,4.0,357,25.0,1.0,19.02541092684447,0.7546974215602752,0.0021257031126531434,1,0.8063513790407739,0.16013251590844949,0.8406296114117068,1.1106433972393526,-0.06496371589172902,0.8084770821534271,0.1653978885616727,0.8369053474808515,1.0435366458214201,-0.2819185321245436
acs_ct0_puma,4104,4,560,560,2240,10,4.0,357,25.0,1.0,18.552409130753677,0.7843385883018359,-0.0092118006369597,0,0.7169961992274587,0.17819730842049034,0.8106246925725529,0.6954652663118308,0.07166864359687959,0.707784398590499,0.18149692647210028,0.8000140538261542,0.7286475315793537,-0.10619303473612986
acs_ct0_puma,4104,4,560,560,2240,10,4.0,357,25.0,1.0,16.881849922843102,0.7621602638020272,-0.004438426676423357,0,0.8090552352935657,0.1581816681758149,0.8480781392734172,1.185572817743771,-0.026636629964999575,0.8046168086171424,0.1640178964384868,0.8392242287962898,1.041883059174699,-0.23478562680393988
acs_ct0_puma,4104,4,560,560,2240,10,4.0,357,25.0,1.0,13.951474977003262,0.7059474647855674,0.013762667389285,1,0.8231874001550504,0.1548938902206937,0.8584779706275034,1.225379259254703,-0.13538341482463873,0.8369500675443354,0.15438276637085624,0.8640292319584008,1.1443379224612036,-0.3496284394992731
acs_ct0_puma,4104,4,560,560,2240,10,4.0,357,25.0,1.0,27.432521708425213,0.8290144513020652,0.0417645184658072,1,0.7606909145771136,0.170210449236762,0.8238352891574732,0.9041886577353334,-0.062473350779533796,0.8024554330429208,0.16542451275259693,0.8350080809500386,0.9678149489357126,-0.20624960241506463
acs_ct0_puma,4104,3,560,560,1680,10,3.0,357,25.0,1.0,11.130917764552745,0.7265573726989623,-0.003527599853008101,0,0.8063513790407739,0.16013251590844949,0.8406296114117068,1.1106433972393526,-0.06496371589172902,0.8028237791877658,0.16644193137421404,0.8327594687653713,1.092481877294045,-0.2236692303624164
acs_ct0_puma,4104,3,560,560,1680,10,3.0,357,25.0,1.0,23.649074215240027,0.8675605036087639,-0.004893496191255009,0,0.7169961992274587,0.17819730842049034,0.8106246925725529,0.6954652663118308,0.07166864359687959,0.7121027030362037,0.1791453748497215,0.8058463916801348,0.8039417303788702,-0.0632483574831187
acs_ct0_puma,4104,3,560,560,1680,10,3.0,357,25.0,1.0,13.268997668640523,0.7666632638284205,-0.0032330370855896406,0,0.8090552352935657,0.1581816681758149,0.8480781392734172,1.185572817743771,-0.026636629964999575,0.8058221982079761,0.16267061392977994,0.841543110111728,1.1264433109442396,-0.19388974864632258
acs_ct0_puma,4104,3,560,560,1680,10,3.0,357,25.0,1.0,13.794424301281087,0.7748881796124634,0.011017809477795626,1,0.8231874001550504,0.1548938902206937,0.8584779706275034,1.225379259254703,-0.13538341482463873,0.8342052096328461,0.15481899991794462,0.8619914271660459,1.2039728640882776,-0.3173606916790684
acs_ct0_puma,4104,3,560,560,1680,10,3.0,357,25.0,1.0,17.186476301168415,0.8248831317976393,0.03189228906022201,1,0.7606909145771136,0.170210449236762,0.8238352891574732,0.9041886577353334,-0.062473350779533796,0.7925832036373356,0.16740221270278047,0.8296676270114538,0.9909851215303842,-0.18265391130042713
acs_ct0_puma,4104,1,560,560,560,10,1.0,357,25.0,1.0,3.1998348528877596,0.628012630225977,0.0030973208368927363,1,0.8063513790407739,0.16013251590844949,0.8406296114117068,1.1106433972393526,-0.06496371589172902,0.8094486998776667,0.16009126199820603,0.8466024875272291,1.11696686870368,0.2123890357066388
acs_ct0_puma,4104,1,560,560,560,10,1.0,357,25.0,1.0,3.1071554030780693,0.6780272447073952,0.0023484576186596495,1,0.7169961992274587,0.17819730842049034,0.8106246925725529,0.6954652663118308,0.07166864359687959,0.7193446568461184,0.18075958372381679,0.8133651886726161,0.778069957579432,0.28352915808825324
acs_ct0_puma,4104,1,560,560,560,10,1.0,357,25.0,1.0,1.8745137348732117,0.4597060219075145,-0.005253642954297644,0,0.8090552352935657,0.1581816681758149,0.8480781392734172,1.185572817743771,-0.026636629964999575,0.8038015923392681,0.16493204146130747,0.8432295692502284,1.1829699806681448,0.31016239126252837
acs_ct0_puma,4104,1,560,560,560,10,1.0,357,25.0,1.0,2.2392415615197065,0.39230159715963026,-0.009873275030891748,0,0.8231874001550504,0.1548938902206937,0.8584779706275034,1.225379259254703,-0.13538341482463873,0.8133141251241587,0.15744714841663912,0.8548239758274189,1.1833215309299465,0.13408614258291798
acs_ct0_puma,4104,1,560,560,560,10,1.0,357,25.0,1.0,2.5517774324968596,0.44804174762361076,-0.008424680274017993,0,0.7606909145771136,0.170210449236762,0.8238352891574732,0.9041886577353334,-0.062473350779533796,0.7522662343030956,0.17470744580644554,0.8175110673880964,0.9068994678758502,0.20203150517275495
acs_ct0_puma,4104,3,560,560,1680,10,3.0,357,25.0,1.0,23.675699299848226,0.8732873346177517,0.014425547318329235,1,0.8063513790407739,0.16013251590844949,0.8406296114117068,1.1106433972393526,-0.06496371589172902,0.8207769263591032,0.15895058497271197,0.8506780971119386,1.2864573574836993,0.14490593288342132
acs_ct0_puma,4104,3,560,560,1680,10,3.0,357,25.0,1.0,9.54611412257023,0.6730876063578787,-0.004564546312920248,0,0.7169961992274587,0.17819730842049034,0.8106246925725529,0.6954652663118308,0.07166864359687959,0.7124316529145385,0.18477798718721383,0.8057761225493641,0.8661300828636687,0.2767757878628842
acs_ct0_puma,4104,3,560,560,1680,10,3.0,357,25.0,1.0,10.681544518179514,0.7190886887873437,-0.004318623872753058,0,0.8090552352935657,0.1581816681758149,0.8480781392734172,1.185572817743771,-0.026636629964999575,0.8047366114208127,0.16775790643274852,0.838170191834727,1.2737074085213826,0.27760364262121184
acs_ct0_puma,4104,3,560,560,1680,10,3.0,357,25.0,1.0,20.93518004375254,0.8565324475577974,0.005810287128232838,1,0.8231874001550504,0.1548938902206937,0.8584779706275034,1.225379259254703,-0.13538341482463873,0.8289976872832833,0.15742748437474846,0.8545428993043356,1.2594225843803464,0.14572007208916024
acs_ct0_puma,4104,3,560,560,1680,10,3.0,357,25.0,1.0,32.69793178341685,0.9077253904481825,0.03980228789519491,1,0.7606909145771136,0.170210449236762,0.8238352891574732,0.9041886577353334,-0.062473350779533796,0.8004932024723085,0.16774956955565445,0.8355702339962054,1.1420998024861806,0.22662491806443205
acs_ct0_puma,4104,2,560,560,1120,10,2.0,357,25.0,1.0,12.091092448480786,0.83280350713155,-0.0024089098265799302,0,0.8063513790407739,0.16013251590844949,0.8406296114117068,1.1106433972393526,-0.06496371589172902,0.803942469214194,0.1614943561957409,0.8402782657578526,1.0672522783810634,0.13130766123282833
acs_ct0_puma,4104,2,560,560,1120,10,2.0,357,25.0,1.0,6.3116478973240255,0.6804845341627032,-0.0005045197971683679,0,0.7169961992274587,0.17819730842049034,0.8106246925725529,0.6954652663118308,0.07166864359687959,0.7164916794302904,0.1812290187348162,0.8059166608109057,0.7512998217091201,0.23444280509515966
acs_ct0_puma,4104,2,560,560,1120,10,2.0,357,25.0,1.0,9.775079388941077,0.7923127997526989,-0.0032524368337968346,0,0.8090552352935657,0.1581816681758149,0.8480781392734172,1.185572817743771,-0.026636629964999575,0.8058027984597689,0.1632155430998268,0.8409809570655612,1.121069211891252,0.20118667690589723
acs_ct0_puma,4104,2,560,560,1120,10,2.0,357,25.0,1.0,9.872092218799388,0.7945425365229423,-0.006433276202158944,0,0.8231874001550504,0.1548938902206937,0.8584779706275034,1.225379259254703,-0.13538341482463873,0.8167541239528915,0.15490057323803266,0.8554563980043567,1.1306449378974925,0.048469584373148286
acs_ct0_puma,4104,2,560,560,1120,10,2.0,357,25.0,1.0,10.246395814645233,0.804721091235644,0.02825777922453132,1,0.7606909145771136,0.170210449236762,0.8238352891574732,0.9041886577353334,-0.062473350779533796,0.7889486938016449,0.16767572961497262,0.8308622022345583,0.9343675217089356,0.17227829263930222
acs_ct0_puma,4104,2,560,560,1120,10,2.0,357,25.0,1.0,13.732747220674806,0.8542111720605751,0.00855821094547704,1,0.8063513790407739,0.16013251590844949,0.8406296114117068,1.1106433972393526,-0.06496371589172902,0.814909589986251,0.16254483018073468,0.8440025296887077,1.195588015192411,-0.2885091798045952
acs_ct0_puma,4104,2,560,560,1120,10,2.0,357,25.0,1.0,18.221440121130467,0.8595727738904622,0.0042498922123209715,1,0.7169961992274587,0.17819730842049034,0.8106246925725529,0.6954652663118308,0.07166864359687959,0.7212460914397797,0.17702800910122965,0.8131543812803035,0.8250119311134384,-0.08906355993905193
acs_ct0_puma,4104,2,560,560,1120,10,2.0,357,25.0,1.0,6.711051933856005,0.6783903719167388,4.381763886285306e-06,1,0.8090552352935657,0.1581816681758149,0.8480781392734172,1.185572817743771,-0.026636629964999575,0.809059617057452,0.1603919725062015,0.8477970627503338,1.1867794573194328,-0.2330344033263211
acs_ct0_puma,4104,2,560,560,1120,10,2.0,357,25.0,1.0,9.04065529180815,0.7787215226188868,0.021255648368701308,1,0.8231874001550504,0.1548938902206937,0.8584779706275034,1.225379259254703,-0.13538341482463873,0.8444430485237517,0.15251513345609966,0.867683226758485,1.3038844671972385,-0.31703739430314754
acs_ct0_puma,4104,2,560,560,1120,10,2.0,357,25.0,1.0,12.575723208795704,0.8283128636099213,0.029793504553809025,1,0.7606909145771136,0.170210449236762,0.8238352891574732,0.9041886577353334,-0.062473350779533796,0.7904844191309226,0.16611059747578985,0.8329702761576839,0.9772189337108946,-0.17806234172800364
acs_ct0_puma,4104,4,560,560,2240,10,4.0,357,25.0,1.0,20.26948074635498,0.7991174522653848,0.011348764557465918,1,0.8063513790407739,0.16013251590844949,0.8406296114117068,1.1106433972393526,-0.06496371589172902,0.8177001435982398,0.16252591875512437,0.8392944979270607,1.2891694324470855,-0.06073301500588566
acs_ct0_puma,4104,4,560,560,2240,10,4.0,357,25.0,1.0,13.83417335365398,0.6949109801193185,-0.005703066325934536,0,0.7169961992274587,0.17819730842049034,0.8106246925725529,0.6954652663118308,0.07166864359687959,0.7112931329015242,0.18228089736618583,0.802051858618509,0.8595064154357697,0.1139185524779535
acs_ct0_puma,4104,4,560,560,2240,10,4.0,357,25.0,1.0,10.323185646917882,0.6112121078426829,-0.0022149194694642826,0,0.8090552352935657,0.1581816681758149,0.8480781392734172,1.185572817743771,-0.026636629964999575,0.8068403158241014,0.16389263733885528,0.8399269201039982,1.2663104383230754,0.012588236758377273
acs_ct0_puma,4104,4,560,560,2240,10,4.0,357,25.0,1.0,21.970209330761442,0.8168103320507298,0.009930279578840628,1,0.8231874001550504,0.1548938902206937,0.8584779706275034,1.225379259254703,-0.13538341482463873,0.8331176797338911,0.1580539553484609,0.852013210596585,1.3428862911883153,-0.04198640020350241
acs_ct0_puma,4104,4,560,560,2240,10,4.0,357,25.0,1.0,29.17704021058941,0.8610140735811045,0.03866544711958453,1,0.7606909145771136,0.170210449236762,0.8238352891574732,0.9041886577353334,-0.062473350779533796,0.7993563616966981,0.16451364322854012,0.8337432365961633,1.139687420563103,0.009597654859045502
acs_ct0_puma,4104,2,560,560,1120,10,2.0,357,25.0,1.0,16.218185916140584,0.8743485832976863,0.012375125396779763,1,0.8063513790407739,0.16013251590844949,0.8406296114117068,1.1106433972393526,-0.06496371589172902,0.8187265044375537,0.15844855566156466,0.8471646405733961,1.201737584651104,0.06995734379189826
acs_ct0_puma,4104,2,560,560,1120,10,2.0,357,25.0,1.0,6.974100305714864,0.6977825224055321,-0.0015610250029169936,0,0.7169961992274587,0.17819730842049034,0.8106246925725529,0.6954652663118308,0.07166864359687959,0.7154351742245417,0.18338570908634644,0.8045815473262595,0.7638953437278843,0.20962026510895715
acs_ct0_puma,4104,2,560,560,1120,10,2.0,357,25.0,1.0,11.171685901512275,0.8088296809702693,-0.0024084794844873025,0,0.8090552352935657,0.1581816681758149,0.8480781392734172,1.185572817743771,-0.026636629964999575,0.8066467558090784,0.16260864259507132,0.84006745836554,1.1660437399871684,0.11238691113910887
acs_ct0_puma,4104,2,560,560,1120,10,2.0,357,25.0,1.0,16.238124624157564,0.8747137568324241,0.021412677995433005,1,0.8231874001550504,0.1548938902206937,0.8584779706275034,1.225379259254703,-0.13538341482463873,0.8446000781504834,0.14889414056658387,0.8692994167662145,1.315028483048766,0.017922839423285437
acs_ct0_puma,4104,2,560,560,1120,10,2.0,357,25.0,1.0,17.54219675417642,0.8651711337758362,0.04181715553050447,1,0.7606909145771136,0.170210449236762,0.8238352891574732,0.9041886577353334,-0.062473350779533796,0.802508070107618,0.16355103080235633,0.8399269201039983,1.0854606423719657,0.1482289483103762
acs_ct0_puma,4104,2,560,560,1120,10,2.0,357,25.0,1.0,6.588484833025049,0.6946134242487242,0.003650412581413409,1,0.8063513790407739,0.16013251590844949,0.8406296114117068,1.1106433972393526,-0.06496371589172902,0.8100017916221873,0.16258205696227576,0.8379593844424144,1.1566362377020252,-0.10287692971522512
acs_ct0_puma,4104,2,560,560,1120,10,2.0,357,25.0,1.0,11.398294887973483,0.8204899086315333,-9.189959029765049e-05,0,0.7169961992274587,0.17819730842049034,0.8106246925725529,0.6954652663118308,0.07166864359687959,0.7169042996371611,0.1773224725481978,0.8124516899725949,0.803761786647243,0.05637233963200753
acs_ct0_puma,4104,2,560,560,1120,10,2.0,357,25.0,1.0,5.893029801060145,0.6585963221849143,-0.002943960554419367,0,0.8090552352935657,0.1581816681758149,0.8480781392734172,1.185572817743771,-0.026636629964999575,0.8061112747391463,0.1614618204224333,0.8425268779425199,1.1659038097630312,-0.03925772145200763
acs_ct0_puma,4104,2,560,560,1120,10,2.0,357,25.0,1.0,10.262326313330243,0.7956552854027321,0.019808455051504636,1,0.8231874001550504,0.1548938902206937,0.8584779706275034,1.225379259254703,-0.13538341482463873,0.8429958552065551,0.15047333446585806,0.8676129576277142,1.341277938468527,-0.1324345546536282
acs_ct0_puma,4104,2,560,560,1120,10,2.0,357,25.0,1.0,12.83393260720664,0.8333187202734147,0.031875581574563605,1,0.7606909145771136,0.170210449236762,0.8238352891574732,0.9041886577353334,-0.062473350779533796,0.7925664961516772,0.16480520741357121,0.8351486192115802,1.009335719330871,-0.06633276652108333
acs_ct0_puma,4104,2,560,560,1120,10,2.0,357,25.0,1.0,6.388568518986412,0.6866092350991984,0.013273387356139477,1,0.8063513790407739,0.16013251590844949,0.8406296114117068,1.1106433972393526,-0.06496371589172902,0.8196247663969134,0.15979453848133615,0.8439322605579369,1.2459796010149147,-0.018074850192722335
acs_ct0_puma,4104,2,560,560,1120,10,2.0,357,25.0,1.0,6.343021429074586,0.6814199990558307,-0.006669147079608084,0,0.7169961992274587,0.17819730842049034,0.8106246925725529,0.6954652663118308,0.07166864359687959,0.7103270521478506,0.18192830697909165,0.8039491251493219,0.8190069700989043,0.15446296436275692
acs_ct0_puma,4104,2,560,560,1120,10,2.0,357,25.0,1.0,8.51585615651214,0.7460544870909889,-0.0043956433527552186,0,0.8090552352935657,0.1581816681758149,0.8480781392734172,1.185572817743771,-0.026636629964999575,0.8046595919408105,0.1634740248501436,0.839575574450144,1.2380772329028344,0.09642325229781887
acs_ct0_puma,4104,2,560,560,1120,10,2.0,357,25.0,1.0,14.527519830388444,0.8621199154439219,0.01515375261693952,1,0.8231874001550504,0.1548938902206937,0.8584779706275034,1.225379259254703,-0.13538341482463873,0.83834115277199,0.1543031010726022,0.8588995854121284,1.300665227894917,0.026371578388417194
acs_ct0_puma,4104,2,560,560,1120,10,2.0,357,25.0,1.0,11.881737549269644,0.8270518731393115,0.03614128645151804,1,0.7606909145771136,0.170210449236762,0.8238352891574732,0.9041886577353334,-0.062473350779533796,0.7968322010286316,0.16444888724642978,0.8361323870423722,1.0839473279054461,0.04256072938465479
acs_ct0_puma,4110,3,560,560,1680,10,3.0,312,21.8,1.0,37.99458121119174,0.917792060787439,0.0017738411001151366,1,0.6966993742529681,0.17601720961052045,0.8026814339842612,0.9467933999471357,-0.028758437323011293,0.6984732153530833,0.18202916065844546,0.8131011366948412,0.8108085111536623,0.49880708813643065
acs_ct0_puma,4110,3,560,560,1680,10,3.0,312,21.8,1.0,16.4286224424485,0.7239976336959222,0.010396671080329045,1,0.6035404049228924,0.20496410960952632,0.7349897988924512,0.6890123824089913,0.028463814907169118,0.6139370760032214,0.21410511724288603,0.7478869134363159,0.6335087403724884,0.5590936133651387
acs_ct0_puma,4110,3,560,560,1680,10,3.0,312,21.8,1.0,17.178504000450125,0.810048476992977,0.00023139692477247564,1,0.6588261900385607,0.18541192433227913,0.7787816962984553,0.9724357701499858,0.07134850878206196,0.6590575869633332,0.2012666609354015,0.7720052462838822,0.7336886379084011,0.608052672238858
acs_ct0_puma,4110,3,560,560,1680,10,3.0,312,21.8,1.0,16.328824564061193,0.8148208635149223,-0.01048510533783209,0,0.7073619676184159,0.17961380901769367,0.7935733022442437,1.0290938313811788,-0.03527942191550808,0.6968768622805838,0.18806958934811477,0.7950306033226465,0.840898113208422,0.4514013996778222
acs_ct0_puma,4110,3,560,560,1680,10,3.0,312,21.8,1.0,22.16766507293845,0.8634365195726594,-0.014091138096550493,0,0.6541583288800518,0.18701994841418354,0.7777615855435734,0.8780604291214383,0.027205900835286973,0.6400671907835013,0.20360969393387934,0.7687991839113961,0.6806731481663024,0.5470890179152643
acs_ct0_puma,4110,3,560,560,1680,10,3.0,312,21.8,1.0,21.198284869372227,0.8132096151498014,-0.0075797427847316134,0,0.6966993742529681,0.17601720961052045,0.8026814339842612,0.9467933999471357,-0.028758437323011293,0.6891196314682365,0.1761035203135086,0.8060332264645876,0.8401704213877433,0.15703749689245428
acs_ct0_puma,4110,3,560,560,1680,10,3.0,312,21.8,1.0,21.644392962753017,0.8539805046665014,0.007205567685259595,1,0.6035404049228924,0.20496410960952632,0.7349897988924512,0.6890123824089913,0.028463814907169118,0.610745972608152,0.208018286326054,0.73958029728942,0.6587526989817102,0.3286896848884443
acs_ct0_puma,4110,3,560,560,1680,10,3.0,312,21.8,1.0,14.848367030662667,0.7965208753838098,0.0016216504981919622,1,0.6588261900385607,0.18541192433227913,0.7787816962984553,0.9724357701499858,0.07134850878206196,0.6604478405367527,0.19334219481481466,0.7712037306907608,0.8035356063119465,0.3396041631706629
acs_ct0_puma,4110,3,560,560,1680,10,3.0,312,21.8,1.0,13.976531626872228,0.78220051218161,-0.004205407065081768,0,0.7073619676184159,0.17961380901769367,0.7935733022442437,1.0290938313811788,-0.03527942191550808,0.7031565605533341,0.18566776379201805,0.7923345963276013,0.7773531210087871,0.25953343302979515
acs_ct0_puma,4110,3,560,560,1680,10,3.0,312,21.8,1.0,19.072972380097966,0.8231505365264058,-0.013536633415580979,0,0.6541583288800518,0.18701994841418354,0.7777615855435734,0.8780604291214383,0.027205900835286973,0.6406216954644708,0.1945442611841804,0.771859516176042,0.738401381288024,0.2714630569752205
acs_ct0_puma,4110,3,560,560,1680,10,3.0,312,21.8,1.0,24.782968653090293,0.8762316798396099,0.01165800715456411,1,0.6966993742529681,0.17601720961052045,0.8026814339842612,0.9467933999471357,-0.028758437323011293,0.7083573814075322,0.17320801645593675,0.814048382395803,0.8208261295792341,0.18149732819122008
acs_ct0_puma,4110,3,560,560,1680,10,3.0,312,21.8,1.0,14.64646754727698,0.7946352652745627,0.012823207805243042,1,0.6035404049228924,0.20496410960952632,0.7349897988924512,0.6890123824089913,0.028463814907169118,0.6163636127281354,0.20612591004085437,0.7505829204313612,0.6121759165183733,0.260165287023045
acs_ct0_puma,4110,3,560,560,1680,10,3.0,312,21.8,1.0,22.871928699568826,0.8602223263932902,0.019790421867306063,1,0.6588261900385607,0.18541192433227913,0.7787816962984553,0.9724357701499858,0.07134850878206196,0.6786166119058668,0.18240667841859454,0.7966336345088895,0.7696347970783852,0.3104905253962007
acs_ct0_puma,4110,3,560,560,1680,10,3.0,312,21.8,1.0,14.58324190483177,0.7930161102013458,-0.0174867446249638,0,0.7073619676184159,0.17961380901769367,0.7935733022442437,1.0290938313811788,-0.03527942191550808,0.689875222993452,0.18422353289029972,0.7935733022442436,0.8349873842127632,0.14376749195339572
acs_ct0_puma,4110,3,560,560,1680,10,3.0,312,21.8,1.0,13.728806853512438,0.7691683619160872,0.0026554375201992553,1,0.6541583288800518,0.18701994841418354,0.7777615855435734,0.8780604291214383,0.027205900835286973,0.656813766400251,0.18738145330391198,0.7828621393179831,0.6950331507619734,0.23323780353084372
acs_ct0_puma,4110,3,560,560,1680,10,3.0,312,21.8,1.0,13.551686300061483,0.7772896563729818,-0.002196810428499729,0,0.6966993742529681,0.17601720961052045,0.8026814339842612,0.9467933999471357,-0.028758437323011293,0.6945025638244684,0.17331594545943163,0.8127368114252405,0.7850346500780147,0.023205879298682917
acs_ct0_puma,4110,3,560,560,1680,10,3.0,312,21.8,1.0,11.98121493718482,0.6952217249014659,-0.00276442215055428,0,0.6035404049228924,0.20496410960952632,0.7349897988924512,0.6890123824089913,0.028463814907169118,0.6007759827723381,0.2096318076626759,0.7387787816962984,0.5728319969340373,0.1825198598373995
acs_ct0_puma,4110,3,560,560,1680,10,3.0,312,21.8,1.0,12.164300240570686,0.7474331385062503,-6.353229490174694e-05,0,0.6588261900385607,0.18541192433227913,0.7787816962984553,0.9724357701499858,0.07134850878206196,0.6587626577436589,0.1890494110197461,0.7776158554357331,0.7520560502119683,0.1943778740975659
acs_ct0_puma,4110,3,560,560,1680,10,3.0,312,21.8,1.0,13.459614527892892,0.772368736876816,-0.01965650031527344,0,0.7073619676184159,0.17961380901769367,0.7935733022442437,1.0290938313811788,-0.03527942191550808,0.6877054673031424,0.18284919461789262,0.7945205479452055,0.793141569103443,0.03542282595391946
acs_ct0_puma,4110,3,560,560,1680,10,3.0,312,21.8,1.0,19.457498955617204,0.839124089105791,-0.009822164719267223,0,0.6541583288800518,0.18701994841418354,0.7777615855435734,0.8780604291214383,0.027205900835286973,0.6443361641607845,0.19239703630671218,0.7739726027397261,0.6851896365099269,0.1640116085469289
acs_ct0_puma,4110,3,560,560,1680,10,3.0,312,21.8,1.0,37.161209711474285,0.9053537819237362,-0.008790727200787107,0,0.6966993742529681,0.17601720961052045,0.8026814339842612,0.9467933999471357,-0.028758437323011293,0.687908647052181,0.17632868404985608,0.8077091227047508,0.9169928706292411,0.14568803912769043
acs_ct0_puma,4110,3,560,560,1680,10,3.0,312,21.8,1.0,7.0733479351862165,0.5652218315081936,0.004940029777854016,1,0.6035404049228924,0.20496410960952632,0.7349897988924512,0.6890123824089913,0.028463814907169118,0.6084804347007464,0.20610072475137695,0.7457738268726318,0.6982341213240936,0.2566652836774509
acs_ct0_puma,4110,3,560,560,1680,10,3.0,312,21.8,1.0,10.447781930512244,0.6752189344383128,-0.01013007393156895,0,0.6588261900385607,0.18541192433227913,0.7787816962984553,0.9724357701499858,0.07134850878206196,0.6486961161069917,0.1930601183967736,0.7717137860682017,0.8962567275502668,0.312704027285159
acs_ct0_puma,4110,3,560,560,1680,10,3.0,312,21.8,1.0,17.04956736962354,0.8196551759665592,-0.01730618284340968,0,0.7073619676184159,0.17961380901769367,0.7935733022442437,1.0290938313811788,-0.03527942191550808,0.6900557847750062,0.1859123042308212,0.7887642086855144,0.8497211733336951,0.2258947806635818
acs_ct0_puma,4110,3,560,560,1680,10,3.0,312,21.8,1.0,15.95862678885619,0.8109195851728918,-0.020419882573223802,0,0.6541583288800518,0.18701994841418354,0.7777615855435734,0.8780604291214383,0.027205900835286973,0.633738446306828,0.1947323424189658,0.7749198484406878,0.7542722045753598,0.2537973203133195
acs_ct0_puma,4110,1,560,560,560,10,1.0,312,21.8,1.0,9.288872582853834,0.8918011020607066,-0.0023934569665399197,0,0.6966993742529681,0.17601720961052045,0.8026814339842612,0.9467933999471357,-0.028758437323011293,0.6943059172864282,0.17472980738940572,0.8101136694841153,0.9465862489086079,0.18699245332971678
acs_ct0_puma,4110,1,560,560,560,10,1.0,312,21.8,1.0,7.763156189845046,0.8709731659055757,-0.012692934239328824,0,0.6035404049228924,0.20496410960952632,0.7349897988924512,0.6890123824089913,0.028463814907169118,0.5908474706835636,0.2101298578571738,0.7360827747012533,0.6480247873944619,0.266006746607817
acs_ct0_puma,4110,1,560,560,560,10,1.0,312,21.8,1.0,4.5614606692521065,0.7680444136540423,-0.02991190437697666,0,0.6588261900385607,0.18541192433227913,0.7787816962984553,0.9724357701499858,0.07134850878206196,0.628914285661584,0.19515844949730674,0.7728067618770038,0.8300099749564942,0.349054075070622
acs_ct0_puma,4110,1,560,560,560,10,1.0,312,21.8,1.0,3.3840199403722924,0.7030362111226997,-0.012193203169242772,0,0.7073619676184159,0.17961380901769367,0.7935733022442437,1.0290938313811788,-0.03527942191550808,0.6951687644491731,0.18095844471734496,0.798965316234334,0.909798933498011,0.16540843800527683
acs_ct0_puma,4110,1,560,560,560,10,1.0,312,21.8,1.0,2.917925917142068,0.5453237238286516,-0.005447430821372445,0,0.6541583288800518,0.18701994841418354,0.7777615855435734,0.8780604291214383,0.027205900835286973,0.6487108980586793,0.19153766644585038,0.7769600699504517,0.7027145300426569,0.294976578179114
acs_ct0_puma,4110,3,560,560,1680,10,3.0,312,21.8,1.0,19.468650265357674,0.8457926060521577,-0.0006430571739439728,0,0.6966993742529681,0.17601720961052045,0.8026814339842612,0.9467933999471357,-0.028758437323011293,0.6960563170790242,0.17508489363092855,0.8125910813174002,0.9512462637593548,0.13756072705468342
acs_ct0_puma,4110,3,560,560,1680,10,3.0,312,21.8,1.0,16.841594981553975,0.8106872802679872,-0.0077425889380963175,0,0.6035404049228924,0.20496410960952632,0.7349897988924512,0.6890123824089913,0.028463814907169118,0.5957978159847961,0.20707557279772124,0.7394345671815797,0.7207258573676635,0.24347636146175905
acs_ct0_puma,4110,3,560,560,1680,10,3.0,312,21.8,1.0,16.218981618583747,0.8149812663734242,-0.011271610186341596,0,0.6588261900385607,0.18541192433227913,0.7787816962984553,0.9724357701499858,0.07134850878206196,0.6475545798522191,0.19289958961963186,0.7709851355290004,0.8939823135280883,0.2939369768526523
acs_ct0_puma,4110,3,560,560,1680,10,3.0,312,21.8,1.0,10.357109464749142,0.7100320856521715,-0.015691387825733982,0,0.7073619676184159,0.17961380901769367,0.7935733022442437,1.0290938313811788,-0.03527942191550808,0.6916705797926819,0.18244346613542325,0.7927717866511222,0.8710348097900913,0.18038620462522148
acs_ct0_puma,4110,3,560,560,1680,10,3.0,312,21.8,1.0,9.762054867795431,0.6923626137918106,-0.009565313541198273,0,0.6541583288800518,0.18701994841418354,0.7777615855435734,0.8780604291214383,0.027205900835286973,0.6445930153388535,0.1923311537073008,0.7761585543573302,0.7594888267615733,0.2509541950361957
acs_ct0_puma,4110,2,560,560,1120,10,2.0,312,21.8,1.0,14.729564997984733,0.8491058839921708,0.00857447072114037,1,0.6966993742529681,0.17601720961052045,0.8026814339842612,0.9467933999471357,-0.028758437323011293,0.7052738449741085,0.17170363060169427,0.815068493150685,0.8854692303898438,0.06253963251676427
acs_ct0_puma,4110,2,560,560,1120,10,2.0,312,21.8,1.0,7.35592462168813,0.7040775239829133,0.007615794634736495,1,0.6035404049228924,0.20496410960952632,0.7349897988924512,0.6890123824089913,0.028463814907169118,0.6111561995576289,0.20441959788496852,0.7470125327892743,0.6415404494406965,0.14468595554428562
acs_ct0_puma,4110,2,560,560,1120,10,2.0,312,21.8,1.0,6.387307396022688,0.6702304584286373,0.00643556563295522,1,0.6588261900385607,0.18541192433227913,0.7787816962984553,0.9724357701499858,0.07134850878206196,0.6652617556715159,0.1838651243576121,0.7873797726610318,0.8558601424949003,0.16741662564285462
acs_ct0_puma,4110,2,560,560,1120,10,2.0,312,21.8,1.0,9.604573326415734,0.7858446241001701,-0.005735017314525748,0,0.7073619676184159,0.17961380901769367,0.7935733022442437,1.0290938313811788,-0.03527942191550808,0.7016269503038901,0.17969887519533584,0.8022442436607403,0.8800029422014032,0.03285996540532758
acs_ct0_puma,4110,2,560,560,1120,10,2.0,312,21.8,1.0,19.05615933291927,0.8930563159525116,-0.0019427662591889883,0,0.6541583288800518,0.18701994841418354,0.7777615855435734,0.8780604291214383,0.027205900835286973,0.6522155626208628,0.19113986850335435,0.7728796269309239,0.713684886256969,0.1395131942641292
acs_ct0_puma,4110,1,560,560,560,10,1.0,312,21.8,1.0,11.677739523356777,0.9111741087875269,0.0031489474341585,1,0.6966993742529681,0.17601720961052045,0.8026814339842612,0.9467933999471357,-0.028758437323011293,0.6998483216871266,0.17239485901157903,0.8141212474497231,0.908390016561399,0.046817801782337284
acs_ct0_puma,4110,1,560,560,560,10,1.0,312,21.8,1.0,4.7544201202195095,0.6806119090226501,-0.00017376279282343976,0,0.6035404049228924,0.20496410960952632,0.7349897988924512,0.6890123824089913,0.028463814907169118,0.603366642130069,0.20843609515166506,0.7403818128825415,0.6134065135099426,0.1609009872312602
acs_ct0_puma,4110,1,560,560,560,10,1.0,312,21.8,1.0,2.5508858362134386,0.38638750549549733,-0.004904778707208179,0,0.6588261900385607,0.18541192433227913,0.7787816962984553,0.9724357701499858,0.07134850878206196,0.6539214113313525,0.18933346798804088,0.7743369280093267,0.8220100028980445,0.18024220932501334
acs_ct0_puma,4110,1,560,560,560,10,1.0,312,21.8,1.0,9.429454379223852,0.8902194963770298,-0.007714112685944019,0,0.7073619676184159,0.17961380901769367,0.7935733022442437,1.0290938313811788,-0.03527942191550808,0.6996478549324718,0.17919051987650417,0.8010784027980181,0.9221949555915465,0.05585600446695001
acs_ct0_puma,4110,1,560,560,560,10,1.0,312,21.8,1.0,14.282031618659007,0.9296909899906045,-0.0205264067539338,0,0.6541583288800518,0.18701994841418354,0.7777615855435734,0.8780604291214383,0.027205900835286973,0.633631922126118,0.19491369725949317,0.7678519382104343,0.7056987016590789,0.16774324483218858
acs_ct0_puma,4110,2,560,560,1120,10,2.0,312,21.8,1.0,7.985471668904457,0.7381235405588521,0.004913749704474224,1,0.6966993742529681,0.17601720961052045,0.8026814339842612,0.9467933999471357,-0.028758437323011293,0.7016131239574424,0.1746421174290829,0.8081463130282716,0.8401351557030943,0.06561883230795716
acs_ct0_puma,4110,2,560,560,1120,10,2.0,312,21.8,1.0,6.253058781746292,0.6735018340661072,0.004619325673028141,1,0.6035404049228924,0.20496410960952632,0.7349897988924512,0.6890123824089913,0.028463814907169118,0.6081597305959205,0.20561815320410798,0.7438064704167882,0.6333128396911525,0.11723588422960368
acs_ct0_puma,4110,2,560,560,1120,10,2.0,312,21.8,1.0,9.624389386308675,0.7866775491992428,0.03501782170676593,1,0.6588261900385607,0.18541192433227913,0.7787816962984553,0.9724357701499858,0.07134850878206196,0.6938440117453266,0.18037742954767857,0.7959049839696881,0.8309103512095573,0.19491829368328645
acs_ct0_puma,4110,2,560,560,1120,10,2.0,312,21.8,1.0,6.431951749096148,0.6642109271773471,-0.006881223225394861,0,0.7073619676184159,0.17961380901769367,0.7935733022442437,1.0290938313811788,-0.03527942191550808,0.700480744393021,0.18216504636702344,0.7930632468668026,0.8862163230445905,0.04934554402188405
acs_ct0_puma,4110,2,560,560,1120,10,2.0,312,21.8,1.0,6.136328950529737,0.5855284102620798,0.006085899660176253,1,0.6541583288800518,0.18701994841418354,0.7777615855435734,0.8780604291214383,0.027205900835286973,0.660244228540228,0.18656086616250125,0.7810405129699797,0.7387971688951906,0.15609789742250776
acs_ct0_puma,4110,1,560,560,560,10,1.0,312,21.8,1.0,5.598101608478954,0.8102055189537661,-0.013203589103846891,0,0.6966993742529681,0.17601720961052045,0.8026814339842612,0.9467933999471357,-0.028758437323011293,0.6834957851491212,0.18074748435617286,0.7998396968813757,0.7883098808481,0.16021257456925905
acs_ct0_puma,4110,1,560,560,560,10,1.0,312,21.8,1.0,5.459266874231853,0.8159104501223292,0.0058520668332694425,1,0.6035404049228924,0.20496410960952632,0.7349897988924512,0.6890123824089913,0.028463814907169118,0.6093924717561618,0.20863036144525124,0.7402360827747013,0.6385856783469195,0.24908442984075818
acs_ct0_puma,4110,1,560,560,560,10,1.0,312,21.8,1.0,7.445096062830965,0.8481786612660713,0.004163444304050912,1,0.6588261900385607,0.18541192433227913,0.7787816962984553,0.9724357701499858,0.07134850878206196,0.6629896343426116,0.19215721888470833,0.7745555231710871,0.8018012137332615,0.2999396094127865
acs_ct0_puma,4110,1,560,560,560,10,1.0,312,21.8,1.0,15.075071424038821,0.9048565871749401,-0.02567246676403423,0,0.7073619676184159,0.17961380901769367,0.7935733022442437,1.0290938313811788,-0.03527942191550808,0.6816895008543816,0.18732663785659925,0.7888370737394346,0.7794704201752582,0.1579595300356177
acs_ct0_puma,4110,1,560,560,560,10,1.0,312,21.8,1.0,4.403644535679018,0.5867652430177023,-0.017914331422002827,0,0.6541583288800518,0.18701994841418354,0.7777615855435734,0.8780604291214383,0.027205900835286973,0.6362439974580489,0.19659941296517278,0.7671961527251531,0.7298353290636274,0.25316639847432976
acs_ct0_puma,4301,3,560,560,1680,10,3.0,284,19.9,1.0,8.739292635336602,0.6407869025662591,0.0020354071938140095,1,0.6552886477793306,0.16214069756578406,0.8318026565464895,0.9946420520951903,-0.297825549192657,0.6573240549731446,0.17286209840272285,0.8212523719165086,0.8509321817004756,-0.5379208600150437
acs_ct0_puma,4301,3,560,560,1680,10,3.0,284,19.9,1.0,12.01065065997725,0.7496804004588047,-0.006257353167430479,0,0.7690808598947974,0.1474406967338576,0.8560151802656547,1.2371095978974325,0.08748119121655638,0.7628235067273669,0.14875979490031793,0.8491081593927894,0.9290178540299614,-0.2060074633155477
acs_ct0_puma,4301,3,560,560,1680,10,3.0,284,19.9,1.0,10.770372865005777,0.7147015418637804,-0.0022019542486811927,0,0.8121897405148576,0.13908375655426694,0.8856166982922201,1.7753622980599633,0.006818385603076183,0.8099877862661764,0.1360740732103156,0.8839468690702088,1.3917050469304255,-0.25406227026301054
acs_ct0_puma,4301,3,560,560,1680,10,3.0,284,19.9,1.0,8.6574596008655,0.6448726865953881,-0.0017577557607834082,0,0.6664256386621391,0.16770474516938236,0.8108538899430741,0.5960021062765192,0.25102009250217205,0.6646678829013557,0.16994087620560336,0.8091081593927894,0.6234734615595641,-0.07267587619742646
acs_ct0_puma,4301,3,560,560,1680,10,3.0,284,19.9,1.0,9.502057676584666,0.6800478006163858,-4.945655007315697e-05,0,0.7558991649173861,0.1502897011005502,0.8541176470588235,1.2326576543717909,0.011675228571310294,0.7558497083673129,0.15057830784278134,0.8489563567362428,1.0199450565527772,-0.21592229308258368
acs_ct0_puma,4301,1,560,560,560,10,1.0,284,19.9,1.0,4.1872740463663565,0.7172234371045245,-0.0012310936869586175,0,0.6552886477793306,0.16214069756578406,0.8318026565464895,0.9946420520951903,-0.297825549192657,0.654057554092372,0.16354527015199488,0.8298292220113851,0.8635561233235963,0.008330675281886909
acs_ct0_puma,4301,1,560,560,560,10,1.0,284,19.9,1.0,5.3197274952076725,0.8098107342075287,0.00011998942145252656,1,0.7690808598947974,0.1474406967338576,0.8560151802656547,1.2371095978974325,0.08748119121655638,0.7692008493162499,0.15210004941529742,0.8451612903225807,0.9912580427652854,0.3544518287830156
acs_ct0_puma,4301,1,560,560,560,10,1.0,284,19.9,1.0,4.119799099368713,0.7571451601726173,-0.021689268703448228,0,0.8121897405148576,0.13908375655426694,0.8856166982922201,1.7753622980599633,0.006818385603076183,0.7905004718114094,0.1430892472178339,0.8724857685009488,1.3642467446826787,0.30017505065970107
acs_ct0_puma,4301,1,560,560,560,10,1.0,284,19.9,1.0,3.7436111439464184,0.7229683504739508,-0.0037342678975356147,0,0.6664256386621391,0.16770474516938236,0.8108538899430741,0.5960021062765192,0.25102009250217205,0.6626913707646035,0.17572460325101516,0.8056925996204934,0.620345282730281,0.4970551648891462
acs_ct0_puma,4301,1,560,560,560,10,1.0,284,19.9,1.0,1.4735022600178898,0.3208602799870095,0.007665851269947566,1,0.7558991649173861,0.1502897011005502,0.8541176470588235,1.2326576543717909,0.011675228571310294,0.7635650161873336,0.14960004211211178,0.8590512333965845,1.0963289614414915,0.26624579347865207
acs_ct0_puma,4301,2,560,560,1120,10,2.0,284,19.9,1.0,13.547789050382976,0.845500907633618,-0.006947081724483217,0,0.6552886477793306,0.16214069756578406,0.8318026565464895,0.9946420520951903,-0.297825549192657,0.6483415660548474,0.16180190432188266,0.8340796963946869,0.9137010265989611,0.09025015818290098
acs_ct0_puma,4301,2,560,560,1120,10,2.0,284,19.9,1.0,6.592869038269559,0.693577244606385,-0.008965442882701624,0,0.7690808598947974,0.1474406967338576,0.8560151802656547,1.2371095978974325,0.08748119121655638,0.7601154170120957,0.15445414712794492,0.8418216318785579,0.9358528717474243,0.4044893216700655
acs_ct0_puma,4301,2,560,560,1120,10,2.0,284,19.9,1.0,8.143674399748932,0.6821480664334735,-0.020901222848784706,0,0.8121897405148576,0.13908375655426694,0.8856166982922201,1.7753622980599633,0.006818385603076183,0.7912885176660729,0.1448671729798411,0.8739278937381404,1.3360884830933972,0.40102065239788887
acs_ct0_puma,4301,2,560,560,1120,10,2.0,284,19.9,1.0,9.172313380125415,0.7583561753772926,0.0017553791024566001,1,0.6664256386621391,0.16770474516938236,0.8108538899430741,0.5960021062765192,0.25102009250217205,0.6681810177645957,0.17630817854319553,0.8099430740037951,0.6480095594881309,0.5550142673822149
acs_ct0_puma,4301,2,560,560,1120,10,2.0,284,19.9,1.0,11.451887223014564,0.8253561833115772,0.004145778665157529,1,0.7558991649173861,0.1502897011005502,0.8541176470588235,1.2326576543717909,0.011675228571310294,0.7600449435825436,0.1509095945561311,0.8562428842504743,1.019245410396888,0.3500726515228263
acs_ct0_puma,4301,1,560,560,560,10,1.0,284,19.9,1.0,10.35541136638849,0.9016803042047142,0.016404250131159426,1,0.6552886477793306,0.16214069756578406,0.8318026565464895,0.9946420520951903,-0.297825549192657,0.67169289791049,0.15967809310478845,0.8368121442125237,0.9875025589856347,-0.14385167585058994
acs_ct0_puma,4301,1,560,560,560,10,1.0,284,19.9,1.0,6.653563963048976,0.8472286541139595,0.00043760328985786856,1,0.7690808598947974,0.1474406967338576,0.8560151802656547,1.2371095978974325,0.08748119121655638,0.7695184631846552,0.1485490821717744,0.8467552182163188,0.9992934859939955,0.15035952505084768
acs_ct0_puma,4301,1,560,560,560,10,1.0,284,19.9,1.0,3.2962883926545077,0.659437980256173,-0.006987691363444681,0,0.8121897405148576,0.13908375655426694,0.8856166982922201,1.7753622980599633,0.006818385603076183,0.8052020491514129,0.13690996977026562,0.8825806451612903,1.435808870772976,0.15320531944842972
acs_ct0_puma,4301,1,560,560,560,10,1.0,284,19.9,1.0,6.228899701554388,0.8191166475146454,0.008209999907722199,1,0.6664256386621391,0.16770474516938236,0.8108538899430741,0.5960021062765192,0.25102009250217205,0.6746356385698613,0.1705229080584432,0.8075142314990513,0.6107649054910542,0.32971100478285903
acs_ct0_puma,4301,1,560,560,560,10,1.0,284,19.9,1.0,3.093447368219751,0.6537191512925381,0.005530270960709238,1,0.7558991649173861,0.1502897011005502,0.8541176470588235,1.2326576543717909,0.011675228571310294,0.7614294358780953,0.14681324286893513,0.8606451612903225,1.0580329444270018,0.1352007809598985
acs_ct0_puma,4301,4,560,560,2240,10,4.0,284,19.9,1.0,28.72174900165617,0.8209997276503644,0.007103702053168015,1,0.6552886477793306,0.16214069756578406,0.8318026565464895,0.9946420520951903,-0.297825549192657,0.6623923498324986,0.16068400828336202,0.8374193548387097,0.8875487115373925,-0.29105339820331816
acs_ct0_puma,4301,4,560,560,2240,10,4.0,284,19.9,1.0,16.207249563851022,0.752538879829608,0.0011040159501489732,1,0.7690808598947974,0.1474406967338576,0.8560151802656547,1.2371095978974325,0.08748119121655638,0.7701848758449463,0.1474983734002124,0.8500189753320684,0.8868908102334421,0.042292088347482604
acs_ct0_puma,4301,4,560,560,2240,10,4.0,284,19.9,1.0,17.351651118003538,0.7673229529954088,-0.009525336112098826,0,0.8121897405148576,0.13908375655426694,0.8856166982922201,1.7753622980599633,0.006818385603076183,0.8026644044027588,0.13404066849680188,0.8803795066413662,1.2604683335598563,0.05360907170864334
acs_ct0_puma,4301,4,560,560,2240,10,4.0,284,19.9,1.0,12.377112380251234,0.6764681964522039,0.00917552630960139,1,0.6664256386621391,0.16770474516938236,0.8108538899430741,0.5960021062765192,0.25102009250217205,0.6756011649717405,0.1700156699702944,0.8141935483870968,0.5967757455517964,0.2095528922778645
acs_ct0_puma,4301,4,560,560,2240,10,4.0,284,19.9,1.0,22.054205769622854,0.8183209708764159,0.009560498834660591,1,0.7558991649173861,0.1502897011005502,0.8541176470588235,1.2326576543717909,0.011675228571310294,0.7654596637520467,0.1454854181274642,0.8600379506641368,0.9550729386218247,0.03508017694710998
acs_ct0_puma,4301,3,560,560,1680,10,3.0,284,19.9,1.0,15.10886997096457,0.8014338063877519,0.016351458054117307,1,0.6552886477793306,0.16214069756578406,0.8318026565464895,0.9946420520951903,-0.297825549192657,0.6716401058334479,0.16153440482559198,0.835370018975332,0.9406612063359839,-0.2493314027895081
acs_ct0_puma,4301,3,560,560,1680,10,3.0,284,19.9,1.0,15.602549357779944,0.8077137861868302,0.002988459218675299,1,0.7690808598947974,0.1474406967338576,0.8560151802656547,1.2371095978974325,0.08748119121655638,0.7720693191134727,0.1470646367977541,0.8499430740037951,0.964858147868196,0.02595959715806438
acs_ct0_puma,4301,3,560,560,1680,10,3.0,284,19.9,1.0,16.13684667434358,0.8091254170719648,-0.003546025866588365,0,0.8121897405148576,0.13908375655426694,0.8856166982922201,1.7753622980599633,0.006818385603076183,0.8086437146482692,0.1346675745592743,0.8818216318785579,1.3568998502666467,0.026124030860514486
acs_ct0_puma,4301,3,560,560,1680,10,3.0,284,19.9,1.0,15.633564066810521,0.8076234106439171,0.009388232464050628,1,0.6664256386621391,0.16770474516938236,0.8108538899430741,0.5960021062765192,0.25102009250217205,0.6758138711261897,0.17088942927708725,0.8093358633776091,0.6284693570163138,0.21945605559828332
acs_ct0_puma,4301,3,560,560,1680,10,3.0,284,19.9,1.0,14.94677565605561,0.799143943518909,0.011426572922865419,1,0.7558991649173861,0.1502897011005502,0.8541176470588235,1.2326576543717909,0.011675228571310294,0.7673257378402515,0.14528106476151806,0.8608728652751423,1.0033320161120491,0.00728252686701553
acs_ct0_puma,4301,2,560,560,1120,10,2.0,284,19.9,1.0,14.797731935981105,0.8611108907155326,-0.012294509098953021,0,0.6552886477793306,0.16214069756578406,0.8318026565464895,0.9946420520951903,-0.297825549192657,0.6429941386803776,0.16060245909662746,0.8368121442125237,0.9838346102040326,-0.01405098026488748
acs_ct0_puma,4301,2,560,560,1120,10,2.0,284,19.9,1.0,8.522344623394407,0.7528137607777324,-0.015835770220549716,0,0.7690808598947974,0.1474406967338576,0.8560151802656547,1.2371095978974325,0.08748119121655638,0.7532450896742476,0.15328712457374347,0.8478178368121442,1.0056919380828102,0.29585754567550043
acs_ct0_puma,4301,2,560,560,1120,10,2.0,284,19.9,1.0,12.795562252483823,0.8346687987278452,-0.013313504278777533,0,0.8121897405148576,0.13908375655426694,0.8856166982922201,1.7753622980599633,0.006818385603076183,0.7988762362360801,0.14073278848296503,0.8820493358633775,1.493330980146393,0.30677910417243465
acs_ct0_puma,4301,2,560,560,1120,10,2.0,284,19.9,1.0,7.699593637116008,0.7402445255727772,0.0014443648962911837,1,0.6664256386621391,0.16770474516938236,0.8108538899430741,0.5960021062765192,0.25102009250217205,0.6678700035584303,0.17140236641384252,0.8173055028462998,0.6689893907316631,0.41835024085637085
acs_ct0_puma,4301,2,560,560,1120,10,2.0,284,19.9,1.0,11.367001877457305,0.8170234407424726,-2.6937850975294886e-05,0,0.7558991649173861,0.1502897011005502,0.8541176470588235,1.2326576543717909,0.011675228571310294,0.7558722270664108,0.15294487157397002,0.8507779886148007,0.9239410988991641,0.3116742174779833
acs_ct0_puma,4301,4,560,560,2240,10,4.0,284,19.9,1.0,27.38749863071813,0.8480942965437672,0.003682410148744486,1,0.6552886477793306,0.16214069756578406,0.8318026565464895,0.9946420520951903,-0.297825549192657,0.6589710579280751,0.15749218601441506,0.8431878557874762,0.9275225533926618,-0.19405051491018782
acs_ct0_puma,4301,4,560,560,2240,10,4.0,284,19.9,1.0,17.368946894257864,0.7687326088462447,-0.002221767928628937,0,0.7690808598947974,0.1474406967338576,0.8560151802656547,1.2371095978974325,0.08748119121655638,0.7668590919661684,0.14693340142756714,0.8546489563567362,0.9445329599760512,0.16181063904503698
acs_ct0_puma,4301,4,560,560,2240,10,4.0,284,19.9,1.0,19.59466450802091,0.7958614642590925,-0.009417328069638242,0,0.8121897405148576,0.13908375655426694,0.8856166982922201,1.7753622980599633,0.006818385603076183,0.8027724124452194,0.13467465975974335,0.8844022770398483,1.3422155663271078,0.1175501975723499
acs_ct0_puma,4301,4,560,560,2240,10,4.0,284,19.9,1.0,20.505302847436717,0.8034969137430115,0.0009069060774048454,1,0.6664256386621391,0.16770474516938236,0.8108538899430741,0.5960021062765192,0.25102009250217205,0.667332544739544,0.17028973086962657,0.8162428842504743,0.6362100737836728,0.29589050090239793
acs_ct0_puma,4301,4,560,560,2240,10,4.0,284,19.9,1.0,23.017934711740473,0.822040591928432,-0.0009520195828299771,0,0.7558991649173861,0.1502897011005502,0.8541176470588235,1.2326576543717909,0.011675228571310294,0.7549471453345561,0.1474636574379272,0.8570018975332068,0.9418207698412747,0.1220662418234939
acs_ct0_puma,4301,3,560,560,1680,10,3.0,284,19.9,1.0,8.47737379290823,0.6460487983642298,0.004945483364979353,1,0.6552886477793306,0.16214069756578406,0.8318026565464895,0.9946420520951903,-0.297825549192657,0.66023413114431,0.16692142787553935,0.8213282732447817,0.9050960284682729,-0.21656096665086502
acs_ct0_puma,4301,3,560,560,1680,10,3.0,284,19.9,1.0,10.707201447337374,0.7109736385044056,-0.003184350764346866,0,0.7690808598947974,0.1474406967338576,0.8560151802656547,1.2371095978974325,0.08748119121655638,0.7658965091304505,0.14707685037555945,0.8503984819734345,1.0401025380829185,0.0698217590565829
acs_ct0_puma,4301,3,560,560,1680,10,3.0,284,19.9,1.0,11.557032159244304,0.7239117742996477,-0.0065269099598127545,0,0.8121897405148576,0.13908375655426694,0.8856166982922201,1.7753622980599633,0.006818385603076183,0.8056628305550448,0.13405307201813915,0.8828083491461102,1.333361145222012,0.016873025188299876
acs_ct0_puma,4301,3,560,560,1680,10,3.0,284,19.9,1.0,13.270826696706115,0.762190686363592,0.0011355313837462244,1,0.6664256386621391,0.16770474516938236,0.8108538899430741,0.5960021062765192,0.25102009250217205,0.6675611700458853,0.17053765857077635,0.8054648956356737,0.64337239929033,0.16779009603245593
acs_ct0_puma,4301,3,560,560,1680,10,3.0,284,19.9,1.0,10.130064165585903,0.7019791123126706,0.001192990524712445,1,0.7558991649173861,0.1502897011005502,0.8541176470588235,1.2326576543717909,0.011675228571310294,0.7570921554420985,0.1498645867492891,0.8517647058823529,1.0021440397710193,0.04505392726159681
acs_ct0_puma,4301,2,560,560,1120,10,2.0,284,19.9,1.0,4.372018768160164,0.42402606305386387,0.0040804500309047365,1,0.6552886477793306,0.16214069756578406,0.8318026565464895,0.9946420520951903,-0.297825549192657,0.6593690978102353,0.16927604545811978,0.8263377609108159,0.8908416893054643,-0.473836861441682
acs_ct0_puma,4301,2,560,560,1120,10,2.0,284,19.9,1.0,8.181955297084599,0.6687570377316396,-0.007869570544960847,0,0.7690808598947974,0.1474406967338576,0.8560151802656547,1.2371095978974325,0.08748119121655638,0.7612112893498365,0.14474720209920983,0.8602656546489564,1.1716959042527555,-0.10649950893141447
acs_ct0_puma,4301,2,560,560,1120,10,2.0,284,19.9,1.0,15.45276708580539,0.8698725288879787,-0.004925150780652809,0,0.8121897405148576,0.13908375655426694,0.8856166982922201,1.7753622980599633,0.006818385603076183,0.8072645897342048,0.1351613651730196,0.8863757115749525,1.4715325528271435,-0.20319431300847035
acs_ct0_puma,4301,2,560,560,1120,10,2.0,284,19.9,1.0,8.11703539667268,0.7528709588925173,-0.005180606759909279,0,0.6664256386621391,0.16770474516938236,0.8108538899430741,0.5960021062765192,0.25102009250217205,0.6612450319022298,0.16930046752622804,0.8075901328273245,0.6220590163985381,-0.032112144123696035
acs_ct0_puma,4301,2,560,560,1120,10,2.0,284,19.9,1.0,5.541125624072088,0.3900835832947216,-0.008584204299321385,0,0.7558991649173861,0.1502897011005502,0.8541176470588235,1.2326576543717909,0.011675228571310294,0.7473149606180647,0.15284786583320675,0.847741935483871,1.0427349242161439,-0.17005891447174418
acs_ct0_puma,4301,3,560,560,1680,10,3.0,284,19.9,1.0,14.893441271566765,0.7539155746320196,0.013055523009135483,1,0.6552886477793306,0.16214069756578406,0.8318026565464895,0.9946420520951903,-0.297825549192657,0.6683441707884661,0.16078205293881334,0.8336242884250474,1.0262578282859192,-0.19161089543105195
acs_ct0_puma,4301,3,560,560,1680,10,3.0,284,19.9,1.0,17.056199075751252,0.8222669484214146,-0.007841800223073903,0,0.7690808598947974,0.1474406967338576,0.8560151802656547,1.2371095978974325,0.08748119121655638,0.7612390596717235,0.1486414081821351,0.8520683111954459,1.0895019587678787,0.06499688682096078
acs_ct0_puma,4301,3,560,560,1680,10,3.0,284,19.9,1.0,17.747867382986488,0.8309281443032024,-0.0025376255772459055,0,0.8121897405148576,0.13908375655426694,0.8856166982922201,1.7753622980599633,0.006818385603076183,0.8096521149376117,0.13406826686717954,0.8866034155597723,1.476310978638009,0.06784179590442754
acs_ct0_puma,4301,3,560,560,1680,10,3.0,284,19.9,1.0,21.68559562970043,0.8265332877618542,0.0011891018476727355,1,0.6664256386621391,0.16770474516938236,0.8108538899430741,0.5960021062765192,0.25102009250217205,0.6676147405098118,0.1683911120967622,0.8100189753320683,0.6673201143360399,0.20102672944636196
acs_ct0_puma,4301,3,560,560,1680,10,3.0,284,19.9,1.0,9.235754199043257,0.666653048409232,0.00900808801725661,1,0.7558991649173861,0.1502897011005502,0.8541176470588235,1.2326576543717909,0.011675228571310294,0.7649072529346427,0.1440467291623877,0.8626185958254269,1.1070247513737081,-0.013327090353718592
acs_ct0_puma,4301,2,560,560,1120,10,2.0,284,19.9,1.0,13.898274753286861,0.8492470146059947,-0.00483230886839503,0,0.6552886477793306,0.16214069756578406,0.8318026565464895,0.9946420520951903,-0.297825549192657,0.6504563389109356,0.15969502483129022,0.838102466793169,0.911671796113257,-0.26426573480137416
acs_ct0_puma,4301,2,560,560,1120,10,2.0,284,19.9,1.0,11.096733509781757,0.794573760423172,0.0008151746785521885,1,0.7690808598947974,0.1474406967338576,0.8560151802656547,1.2371095978974325,0.08748119121655638,0.7698960345733495,0.1450722513066585,0.8584440227703983,0.9904520866552677,0.1131426241173619
acs_ct0_puma,4301,2,560,560,1120,10,2.0,284,19.9,1.0,17.098817860252996,0.8830220167754563,-0.004136337169984294,0,0.8121897405148576,0.13908375655426694,0.8856166982922201,1.7753622980599633,0.006818385603076183,0.8080534033448733,0.13327981216666354,0.8873624288425047,1.4266747378486688,0.04196879688903067
acs_ct0_puma,4301,2,560,560,1120,10,2.0,284,19.9,1.0,17.09720824639993,0.8815992993273251,-0.002014218839981763,0,0.6664256386621391,0.16770474516938236,0.8108538899430741,0.5960021062765192,0.25102009250217205,0.6644114198221573,0.16884511568432037,0.8176091081593928,0.636120800998846,0.24058480785820616
acs_ct0_puma,4301,2,560,560,1120,10,2.0,284,19.9,1.0,13.166275637411756,0.8421958313783806,-0.008563431108592479,0,0.7558991649173861,0.1502897011005502,0.8541176470588235,1.2326576543717909,0.011675228571310294,0.7473357338087936,0.1499796909665863,0.8525237191650854,0.9593098732088917,0.057511879383932714
acs_ct0_puma,4601,1,560,560,560,10,1.0,323,22.6,1.0,3.9885430049638373,0.7433321014502973,-0.001734872490119277,0,0.7983062572184513,0.15504105206971733,0.8517049960348929,0.7546165124213948,-0.06684580108841569,0.796571384728332,0.15137155279339407,0.8555259173815876,0.8800948241212859,-0.09836295767539925
acs_ct0_puma,4601,1,560,560,560,10,1.0,323,22.6,1.0,6.657826370564864,0.8377518961213297,0.017360778922907327,1,0.7556794513909161,0.15769671895668175,0.8512003460457069,0.8094554597047217,-0.0894066029644246,0.7730402303138234,0.15123215123016637,0.8610049744070363,0.9487026962363232,0.010094288806310142
acs_ct0_puma,4601,1,560,560,560,10,1.0,323,22.6,1.0,4.505818999613862,0.7588243553651877,-0.009610716536758601,0,0.7661053595102758,0.1641438491259399,0.8372864249152909,0.6654204832646583,-0.17594960153046038,0.7564946429735172,0.16355952357656184,0.8345468964025664,0.7747126913335355,-0.12131844607923495
acs_ct0_puma,4601,1,560,560,560,10,1.0,323,22.6,1.0,4.1659757317073405,0.7399702460125052,0.004507275063915572,1,0.7936642888087323,0.14337681238168767,0.8702328599235816,1.059218649004996,-0.17206322744871433,0.7981715638726479,0.14224557561750842,0.8730444812919039,1.1711840680719325,-0.1398277075533482
acs_ct0_puma,4601,1,560,560,560,10,1.0,323,22.6,1.0,0.17668455621663762,0.0,0.0036630653749192277,1,0.7501906602187525,0.1642653972811633,0.8398817677168193,0.8240315206942895,0.02739409771875906,0.7538537255936717,0.15998156728585405,0.8442073390527,0.9501751237845405,0.031820374235625566
acs_ct0_puma,4601,4,560,560,2240,10,4.0,323,22.6,1.0,34.7320848884442,0.8794446746940501,-0.005775900354503927,0,0.7983062572184513,0.15504105206971733,0.8517049960348929,0.7546165124213948,-0.06684580108841569,0.7925303568639473,0.14855441650244378,0.8580491673275179,1.0347142377565475,-0.007148742161059032
acs_ct0_puma,4601,4,560,560,2240,10,4.0,323,22.6,1.0,33.88635369173667,0.881690437938948,-0.0005242158319075374,0,0.7556794513909161,0.15769671895668175,0.8512003460457069,0.8094554597047217,-0.0894066029644246,0.7551552355590085,0.15853974419650801,0.8500468603561387,1.028045001992222,0.1532825884705316
acs_ct0_puma,4601,4,560,560,2240,10,4.0,323,22.6,1.0,23.23880658323458,0.8233852290521809,-0.02397315167011993,0,0.7661053595102758,0.1641438491259399,0.8372864249152909,0.6654204832646583,-0.17594960153046038,0.7421322078401559,0.167067649498328,0.8261120322975993,0.8630864660059382,-0.009270109366386843
acs_ct0_puma,4601,4,560,560,2240,10,4.0,323,22.6,1.0,41.27424119239867,0.8870691345188908,-0.03995796703370025,0,0.7936642888087323,0.14337681238168767,0.8702328599235816,1.059218649004996,-0.17206322744871433,0.753706321775032,0.15642317958873217,0.8483166318217865,1.0122670728755334,0.009236064513150725
acs_ct0_puma,4601,4,560,560,2240,10,4.0,323,22.6,1.0,21.2489083579456,0.8018495155522414,-0.0123331373280271,0,0.7501906602187525,0.1642653972811633,0.8398817677168193,0.8240315206942895,0.02739409771875906,0.7378575228907254,0.1635131414908882,0.8393771177276332,1.0120064641672066,0.13590340514449742
acs_ct0_puma,4601,2,560,560,1120,10,2.0,323,22.6,1.0,7.503008861016825,0.7326788574435086,0.008349963155541484,1,0.7983062572184513,0.15504105206971733,0.8517049960348929,0.7546165124213948,-0.06684580108841569,0.8066562203739928,0.1505506274484066,0.8625910172301924,0.9528007952491646,-0.334171438310888
acs_ct0_puma,4601,2,560,560,1120,10,2.0,323,22.6,1.0,10.191396418953012,0.8037548048329843,0.02501468052569722,1,0.7556794513909161,0.15769671895668175,0.8512003460457069,0.8094554597047217,-0.0894066029644246,0.7806941319166133,0.14871611067444052,0.8655468243097109,1.0483043225127735,-0.17471017697622088
acs_ct0_puma,4601,2,560,560,1120,10,2.0,323,22.6,1.0,9.514982675533643,0.7896217672533141,-0.006253104956137845,0,0.7661053595102758,0.1641438491259399,0.8372864249152909,0.6654204832646583,-0.17594960153046038,0.759852254554138,0.1667190499262085,0.8357724749477327,0.8216367897691579,-0.35874447051717007
acs_ct0_puma,4601,2,560,560,1120,10,2.0,323,22.6,1.0,4.766352440493698,0.5743359579350149,-0.006184563099146612,0,0.7936642888087323,0.14337681238168767,0.8702328599235816,1.059218649004996,-0.17206322744871433,0.7874797257095857,0.1488936965144848,0.8669886814216712,1.095307837255816,-0.3903430855723897
acs_ct0_puma,4601,2,560,560,1120,10,2.0,323,22.6,1.0,2.71465034694063,0.23411721911258632,0.002766650352939215,1,0.7501906602187525,0.1642653972811633,0.8398817677168193,0.8240315206942895,0.02739409771875906,0.7529573105716917,0.1618762468101456,0.8402422319948094,0.9584081741448501,-0.18890596846908034
acs_ct0_puma,4601,3,560,560,1680,10,3.0,323,22.6,1.0,17.846996556807234,0.8293566976243769,-0.0018334199061936785,0,0.7983062572184513,0.15504105206971733,0.8517049960348929,0.7546165124213948,-0.06684580108841569,0.7964728373122576,0.14860988474166348,0.8581933530387138,0.9704107529844149,0.062012131299098
acs_ct0_puma,4601,3,560,560,1680,10,3.0,323,22.6,1.0,15.79925480059239,0.8081433580582913,0.008510276417946327,1,0.7556794513909161,0.15769671895668175,0.8512003460457069,0.8094554597047217,-0.0894066029644246,0.7641897278088624,0.15608848086794053,0.8541561531252253,1.0653162633892534,0.17641795033144803
acs_ct0_puma,4601,3,560,560,1680,10,3.0,323,22.6,1.0,18.811819431014815,0.8398337787220399,-0.014738888679236117,0,0.7661053595102758,0.1641438491259399,0.8372864249152909,0.6654204832646583,-0.17594960153046038,0.7513664708310397,0.16488644583136047,0.830509696489078,0.8873730068916551,0.024196317265399208
acs_ct0_puma,4601,3,560,560,1680,10,3.0,323,22.6,1.0,17.30388294890706,0.8263187394366283,-0.010312700790039542,0,0.7936642888087323,0.14337681238168767,0.8702328599235816,1.059218649004996,-0.17206322744871433,0.7833515880186928,0.14612057324463393,0.8669165885660731,1.1380032989199902,0.06948827170560617
acs_ct0_puma,4601,3,560,560,1680,10,3.0,323,22.6,1.0,14.04857839575515,0.7806972077374257,-0.010814297100228076,0,0.7501906602187525,0.1642653972811633,0.8398817677168193,0.8240315206942895,0.02739409771875906,0.7393763631185244,0.1629259290927401,0.8396654891500253,1.0596491870756584,0.13055002763058277
acs_ct0_puma,4601,1,560,560,560,10,1.0,323,22.6,1.0,4.274587579533296,0.73519730937512,0.0027035322881969748,1,0.7983062572184513,0.15504105206971733,0.8517049960348929,0.7546165124213948,-0.06684580108841569,0.8010097895066483,0.15325967709266072,0.8566794030711556,0.782203043638517,-0.2642375984725801
acs_ct0_puma,4601,1,560,560,560,10,1.0,323,22.6,1.0,1.8522628978457345,0.4575139127895721,0.011000041464998889,1,0.7556794513909161,0.15769671895668175,0.8512003460457069,0.8094554597047217,-0.0894066029644246,0.766679492855915,0.1526023957279426,0.8598514887174682,0.8367963728126708,-0.1306234847010751
acs_ct0_puma,4601,1,560,560,560,10,1.0,323,22.6,1.0,2.729831278297741,0.5786689286235351,-0.00661502662055502,0,0.7661053595102758,0.1641438491259399,0.8372864249152909,0.6654204832646583,-0.17594960153046038,0.7594903328897208,0.16848878045826504,0.8341143392689784,0.6800518026577307,-0.2308041201415228
acs_ct0_puma,4601,1,560,560,560,10,1.0,323,22.6,1.0,0.7823927902163546,0.0,-0.018512020225752934,0,0.7936642888087323,0.14337681238168767,0.8702328599235816,1.059218649004996,-0.17206322744871433,0.7751522685829794,0.15171676845759605,0.8579770744719198,0.8946508314768603,-0.30793173640209404
acs_ct0_puma,4601,1,560,560,560,10,1.0,323,22.6,1.0,1.005627683710353,0.07496131264159878,0.004456637112144057,1,0.7501906602187525,0.1642653972811633,0.8398817677168193,0.8240315206942895,0.02739409771875906,0.7546472973308965,0.16215818358167897,0.8415399033955734,0.887413258915333,-0.11816573212993445
acs_ct0_puma,4601,4,560,560,2240,10,4.0,323,22.6,1.0,27.36766354569866,0.8457460082478654,0.007750774694902374,1,0.7983062572184513,0.15504105206971733,0.8517049960348929,0.7546165124213948,-0.06684580108841569,0.8060570319133536,0.1480103343266327,0.8656189171653089,1.01646576719726,-0.26785353292381703
acs_ct0_puma,4601,4,560,560,2240,10,4.0,323,22.6,1.0,26.223639177694604,0.8472075159995417,0.013514012624357585,1,0.7556794513909161,0.15769671895668175,0.8512003460457069,0.8094554597047217,-0.0894066029644246,0.7691934640152737,0.1517149301779181,0.85941893158388,1.05315675689787,-0.10331999093395676
acs_ct0_puma,4601,4,560,560,2240,10,4.0,323,22.6,1.0,20.431656404617648,0.8040908752575356,-0.015462887771524825,0,0.7661053595102758,0.1641438491259399,0.8372864249152909,0.6654204832646583,-0.17594960153046038,0.750642471738751,0.16975402650795485,0.8281306322543436,0.8352159409471328,-0.2786716386205191
acs_ct0_puma,4601,4,560,560,2240,10,4.0,323,22.6,1.0,13.104722549713507,0.6915185135057568,-0.02256663966757111,0,0.7936642888087323,0.14337681238168767,0.8702328599235816,1.059218649004996,-0.17206322744871433,0.7710976491411612,0.15288101363471832,0.8573282387715376,1.0043374275790584,-0.3311635709788376
acs_ct0_puma,4601,4,560,560,2240,10,4.0,323,22.6,1.0,12.30379780315941,0.6744313684356216,-0.011531211358162041,0,0.7501906602187525,0.1642653972811633,0.8398817677168193,0.8240315206942895,0.02739409771875906,0.7386594488605904,0.16505125024307155,0.8340422464133804,0.9234966013064099,-0.12074767225182155
acs_ct0_puma,4601,2,560,560,1120,10,2.0,323,22.6,1.0,5.821894155299482,0.6441434954168594,0.001555319124470489,1,0.7983062572184513,0.15504105206971733,0.8517049960348929,0.7546165124213948,-0.06684580108841569,0.7998615763429218,0.1514726445341368,0.8583375387499098,0.9043762567824696,-0.27516626997308996
acs_ct0_puma,4601,2,560,560,1120,10,2.0,323,22.6,1.0,6.439159477608634,0.6297542404392671,0.011335786189893393,1,0.7556794513909161,0.15769671895668175,0.8512003460457069,0.8094554597047217,-0.0894066029644246,0.7670152375808095,0.1498481260258798,0.8613654386850264,0.9873697662395061,-0.10426135903398852
acs_ct0_puma,4601,2,560,560,1120,10,2.0,323,22.6,1.0,7.762072916048524,0.7379427854177237,-0.014612891744796519,0,0.7661053595102758,0.1641438491259399,0.8372864249152909,0.6654204832646583,-0.17594960153046038,0.7514924677654793,0.16934417323173243,0.8296445822219017,0.7705392573599051,-0.26805438650363345
acs_ct0_puma,4601,2,560,560,1120,10,2.0,323,22.6,1.0,2.3531900676153965,0.1483320930773714,-0.016497904589549695,0,0.7936642888087323,0.14337681238168767,0.8702328599235816,1.059218649004996,-0.17206322744871433,0.7771663842191826,0.15083366943133847,0.859346838728282,0.9891885313195294,-0.26100326694166387
acs_ct0_puma,4601,2,560,560,1120,10,2.0,323,22.6,1.0,3.297543005876777,0.39227163991729175,0.0029216181783227047,1,0.7501906602187525,0.1642653972811633,0.8398817677168193,0.8240315206942895,0.02739409771875906,0.7531122783970752,0.15944468764451677,0.8429096676519356,1.0154444226650277,-0.07569760057861458
acs_ct0_puma,4601,2,560,560,1120,10,2.0,323,22.6,1.0,8.845562091337658,0.7727324844832943,0.0019669683118274106,1,0.7983062572184513,0.15504105206971733,0.8517049960348929,0.7546165124213948,-0.06684580108841569,0.8002732255302787,0.15155487759854971,0.8572561459159397,0.8638219208657919,-0.203641094334975
acs_ct0_puma,4601,2,560,560,1120,10,2.0,323,22.6,1.0,6.0759735155158525,0.584827260878285,0.014481207646572791,1,0.7556794513909161,0.15769671895668175,0.8512003460457069,0.8094554597047217,-0.0894066029644246,0.7701606590374889,0.1508432710888417,0.8610049744070363,0.9169881340348471,-0.11022897473350857
acs_ct0_puma,4601,2,560,560,1120,10,2.0,323,22.6,1.0,7.421377344402119,0.7303270021940087,-0.00803103833786023,0,0.7661053595102758,0.1641438491259399,0.8372864249152909,0.6654204832646583,-0.17594960153046038,0.7580743211724156,0.1649809650712763,0.8349073606805567,0.7655860315189255,-0.22758017659275548
acs_ct0_puma,4601,2,560,560,1120,10,2.0,323,22.6,1.0,8.929899754191428,0.7694080278004951,-0.005120797288744483,0,0.7936642888087323,0.14337681238168767,0.8702328599235816,1.059218649004996,-0.17206322744871433,0.7885434915199878,0.14505077341435715,0.8686468171004254,1.0571210112047973,-0.2662181109467038
acs_ct0_puma,4601,2,560,560,1120,10,2.0,323,22.6,1.0,3.7384435039272166,0.45394048989563757,0.0013055893529190232,1,0.7501906602187525,0.1642653972811633,0.8398817677168193,0.8240315206942895,0.02739409771875906,0.7514962495716715,0.16147000349946042,0.8408910676951914,0.9297389934864118,-0.11616280378835059
acs_ct0_puma,4601,4,560,560,2240,10,4.0,323,22.6,1.0,40.76466544972797,0.8767695688927013,0.016726281826673572,1,0.7983062572184513,0.15504105206971733,0.8517049960348929,0.7546165124213948,-0.06684580108841569,0.8150325390451248,0.14667751913740454,0.8656189171653089,1.0301294635017293,-0.1118187196285956
acs_ct0_puma,4601,4,560,560,2240,10,4.0,323,22.6,1.0,30.118728181154275,0.8407733274883618,0.018624293333830755,1,0.7556794513909161,0.15769671895668175,0.8512003460457069,0.8094554597047217,-0.0894066029644246,0.7743037447247468,0.15135478748757356,0.8607166029846443,1.0733029450193494,-0.00910326405359414
acs_ct0_puma,4601,4,560,560,2240,10,4.0,323,22.6,1.0,45.90407510424605,0.8483074071979506,-0.007591159773141287,0,0.7661053595102758,0.1641438491259399,0.8372864249152909,0.6654204832646583,-0.17594960153046038,0.7585141997371345,0.16377114273262952,0.8354120106697427,0.8931101603334839,-0.13778084552455255
acs_ct0_puma,4601,4,560,560,2240,10,4.0,323,22.6,1.0,21.94866140077459,0.7992248017822909,-0.00575043608486403,0,0.7936642888087323,0.14337681238168767,0.8702328599235816,1.059218649004996,-0.17206322744871433,0.7879138527238683,0.14471326840933613,0.8711700670463557,1.151571848976231,-0.1759092490621387
acs_ct0_puma,4601,4,560,560,2240,10,4.0,323,22.6,1.0,36.19054665578891,0.8626908461587184,-0.010121281833699425,0,0.7501906602187525,0.1642653972811633,0.8398817677168193,0.8240315206942895,0.02739409771875906,0.740069378385053,0.16476886860799272,0.8351957321029486,0.9657168707585039,-0.021754834327442067
acs_ct0_puma,4601,2,560,560,1120,10,2.0,323,22.6,1.0,17.748186022530597,0.8870461859056347,0.011796228757610772,1,0.7983062572184513,0.15504105206971733,0.8517049960348929,0.7546165124213948,-0.06684580108841569,0.810102485976062,0.14801420733739568,0.8610770672626342,0.9670252426266439,-0.10671464714621165
acs_ct0_puma,4601,2,560,560,1120,10,2.0,323,22.6,1.0,8.97107144831046,0.7645306533625196,-0.009783424906510518,0,0.7556794513909161,0.15769671895668175,0.8512003460457069,0.8094554597047217,-0.0894066029644246,0.7458960264844056,0.16083190634343555,0.8444957104750919,0.8684119795476676,0.09254914424600517
acs_ct0_puma,4601,2,560,560,1120,10,2.0,323,22.6,1.0,10.671423193073249,0.7817286757996278,-0.019726291329749235,0,0.7661053595102758,0.1641438491259399,0.8372864249152909,0.6654204832646583,-0.17594960153046038,0.7463790681805266,0.1692864731308079,0.8250306394636292,0.7675210274493297,-0.11803392855966327
acs_ct0_puma,4601,2,560,560,1120,10,2.0,323,22.6,1.0,10.432260134777206,0.800801356345888,-0.027496364651591887,0,0.7936642888087323,0.14337681238168767,0.8702328599235816,1.059218649004996,-0.17206322744871433,0.7661679241571404,0.15083235729300273,0.8573282387715377,1.005579425468719,-0.0866284173218908
acs_ct0_puma,4601,2,560,560,1120,10,2.0,323,22.6,1.0,12.137492359269789,0.8229717198307853,-0.025960389542519446,0,0.7501906602187525,0.1642653972811633,0.8398817677168193,0.8240315206942895,0.02739409771875906,0.724230270676233,0.16946675431171385,0.8257515680196093,0.8616301945677928,0.03990361036636065
acs_ct0_puma,4601,3,560,560,1680,10,3.0,323,22.6,1.0,10.764884618312966,0.7210417547960137,0.0019015137448071817,1,0.7983062572184513,0.15504105206971733,0.8517049960348929,0.7546165124213948,-0.06684580108841569,0.8002077709632585,0.14845882042117062,0.8604282315622521,1.0806354478397389,-0.032581899425586425
acs_ct0_puma,4601,3,560,560,1680,10,3.0,323,22.6,1.0,10.948760662504636,0.7259945857172374,0.003410475929179979,1,0.7556794513909161,0.15769671895668175,0.8512003460457069,0.8094554597047217,-0.0894066029644246,0.7590899273200961,0.15720428764085378,0.8516329031792949,1.1137792782005536,0.14567335122184707
acs_ct0_puma,4601,3,560,560,1680,10,3.0,323,22.6,1.0,15.937102103585431,0.8117588899500847,-0.019156645251382054,0,0.7661053595102758,0.1641438491259399,0.8372864249152909,0.6654204832646583,-0.17594960153046038,0.7469487142588938,0.1697921820584301,0.8221469252397088,0.8875573417036345,-0.0060247425678387695
acs_ct0_puma,4601,3,560,560,1680,10,3.0,323,22.6,1.0,16.68552559341455,0.808237750855981,-0.021508970400473837,0,0.7936642888087323,0.14337681238168767,0.8702328599235816,1.059218649004996,-0.17206322744871433,0.7721553184082585,0.15260151396287405,0.8546608031144115,1.0788722836427602,0.024388610210735365
acs_ct0_puma,4601,3,560,560,1680,10,3.0,323,22.6,1.0,8.187033387481945,0.6311182982768566,-0.006875470003707251,0,0.7501906602187525,0.1642653972811633,0.8398817677168193,0.8240315206942895,0.02739409771875906,0.7433151902150452,0.16511270878802806,0.8349073606805565,1.027936168676472,0.09014435701202006
acs_ct0_puma,51165,3,560,560,1680,10,3.0,306,21.4,1.0,21.933343325596326,0.8629736318639167,-0.013920872752281488,0,0.7956925281520077,0.14762142800152683,0.858328437132785,0.9267701102638285,0.054308935865789006,0.7817716553997263,0.15170313974753608,0.8553907168037603,1.0905325375677692,-0.17963340118711182
acs_ct0_puma,51165,3,560,560,1680,10,3.0,306,21.4,1.0,18.307702726258853,0.8301228352492563,0.0007733045221330892,1,0.8061243038011119,0.1465766487351435,0.8628819036427732,1.0056020153753245,0.1602590010019913,0.806897608323245,0.145035103076857,0.8650117508813161,1.206472259598191,-0.11388236300762523
acs_ct0_puma,51165,3,560,560,1680,10,3.0,306,21.4,1.0,20.344151348236174,0.8501597393868527,-0.005543837057897516,0,0.8192433219421907,0.14931813637250818,0.8507638072855463,1.0058242280434224,0.017146177895576303,0.8136994848842932,0.15160847771865388,0.8514982373678026,1.2205499655253387,-0.14037044770075696
acs_ct0_puma,51165,3,560,560,1680,10,3.0,306,21.4,1.0,23.80877572708326,0.8733819334491915,0.03143248695237011,1,0.7064968430473417,0.16541321507258858,0.8300528789659224,0.7760080819056526,-0.10212725797078223,0.7379293299997118,0.15885070088146147,0.8456227967097532,1.0253732146312875,-0.24787649449063165
acs_ct0_puma,51165,3,560,560,1680,10,3.0,306,21.4,1.0,16.0751900300244,0.812787968613951,-0.022381373491170642,0,0.8095907864236181,0.1451551768497533,0.8679494712103407,1.1341972975187498,0.19943736340438475,0.7872094129324475,0.15134873704608404,0.855831374853114,1.25004770724592,-0.04556126988056059
acs_ct0_puma,51165,2,560,560,1120,10,2.0,306,21.4,1.0,8.306803915481737,0.7587354293694188,-0.035134328395012404,0,0.7956925281520077,0.14762142800152683,0.858328437132785,0.9267701102638285,0.054308935865789006,0.7605581997569953,0.15535880672533733,0.8427585193889541,1.0185655527761028,-0.11164757752508928
acs_ct0_puma,51165,2,560,560,1120,10,2.0,306,21.4,1.0,17.33281030367749,0.8749319666081143,-0.007480030341489252,0,0.8061243038011119,0.1465766487351435,0.8628819036427732,1.0056020153753245,0.1602590010019913,0.7986442734596226,0.14907133422780344,0.8559782608695652,1.0901610964320438,-0.10083142453084494
acs_ct0_puma,51165,2,560,560,1120,10,2.0,306,21.4,1.0,7.046029611166633,0.7149130968899626,-0.01626923999983565,0,0.8192433219421907,0.14931813637250818,0.8507638072855463,1.0058242280434224,0.017146177895576303,0.8029740819423551,0.15402194357315643,0.8453290246768508,1.1276268384814125,-0.12600042909899828
acs_ct0_puma,51165,2,560,560,1120,10,2.0,306,21.4,1.0,17.627321812316026,0.8861700730759123,0.007285774568189907,1,0.7064968430473417,0.16541321507258858,0.8300528789659224,0.7760080819056526,-0.10212725797078223,0.7137826176155316,0.16405244448709747,0.8334312573443008,0.9718953995328788,-0.22331231520475228
acs_ct0_puma,51165,2,560,560,1120,10,2.0,306,21.4,1.0,5.576468274258802,0.6354708911215234,-0.03797288395905796,0,0.8095907864236181,0.1451551768497533,0.8679494712103407,1.1341972975187498,0.19943736340438475,0.7716179024645602,0.15603125889524078,0.8454024676850763,1.157314402026079,-0.007844109241259426
acs_ct0_puma,51165,4,560,560,2240,10,4.0,306,21.4,1.0,37.477449694608,0.8690992797035528,-0.009303012493445562,0,0.7956925281520077,0.14762142800152683,0.858328437132785,0.9267701102638285,0.054308935865789006,0.7863895156585622,0.14856347230205197,0.855464159811986,0.9938646252909386,-0.02563463935372308
acs_ct0_puma,51165,4,560,560,2240,10,4.0,306,21.4,1.0,24.233328611395677,0.8238874177979434,0.008399932579957525,1,0.8061243038011119,0.1465766487351435,0.8628819036427732,1.0056020153753245,0.1602590010019913,0.8145242363810694,0.1431023896744928,0.8648648648648649,1.100150383156487,0.0260633292989035
acs_ct0_puma,51165,4,560,560,2240,10,4.0,306,21.4,1.0,25.681765977617374,0.8324712973674016,-0.0030054957299682217,0,0.8192433219421907,0.14931813637250818,0.8507638072855463,1.0058242280434224,0.017146177895576303,0.8162378262122225,0.14908498565232353,0.8515716803760282,1.0898026939909204,0.025991711783625
acs_ct0_puma,51165,4,560,560,2240,10,4.0,306,21.4,1.0,24.061725334981375,0.8171712298267448,0.03947482562067717,1,0.7064968430473417,0.16541321507258858,0.8300528789659224,0.7760080819056526,-0.10212725797078223,0.7459716686680189,0.16164360871754044,0.8362955346650999,0.9817531365043644,-0.12441922272417055
acs_ct0_puma,51165,4,560,560,2240,10,4.0,306,21.4,1.0,25.556688990933495,0.8333718753118191,-0.01882946954039666,0,0.8095907864236181,0.1451551768497533,0.8679494712103407,1.1341972975187498,0.19943736340438475,0.7907613168832215,0.1526895189845211,0.8543625146886017,1.1859483795937071,0.13579232526487864
acs_ct0_puma,51165,2,560,560,1120,10,2.0,306,21.4,1.0,16.214185284002596,0.8574332389203574,-0.013646519257160539,0,0.7956925281520077,0.14762142800152683,0.858328437132785,0.9267701102638285,0.054308935865789006,0.7820460088948472,0.1520882950824485,0.8503231492361928,1.0330418121994016,-0.004619019478422308
acs_ct0_puma,51165,2,560,560,1120,10,2.0,306,21.4,1.0,14.422230969822749,0.860925303828306,-0.0008288195380283803,0,0.8061243038011119,0.1465766487351435,0.8628819036427732,1.0056020153753245,0.1602590010019913,0.8052954842630835,0.14575752322273866,0.8590628672150412,1.1147890903575732,0.026587501773524737
acs_ct0_puma,51165,2,560,560,1120,10,2.0,306,21.4,1.0,15.230904664013785,0.866038389048954,-0.004627639534352523,0,0.8192433219421907,0.14931813637250818,0.8507638072855463,1.0058242280434224,0.017146177895576303,0.8146156824078382,0.15005987487100295,0.8523795534665101,1.1378535843890785,-0.02627770084697891
acs_ct0_puma,51165,2,560,560,1120,10,2.0,306,21.4,1.0,17.692846305805418,0.8728211478741067,0.030772955165040083,1,0.7064968430473417,0.16541321507258858,0.8300528789659224,0.7760080819056526,-0.10212725797078223,0.7372697982123818,0.1603216246853872,0.8373237367802584,1.0504160565496883,-0.1679397992875511
acs_ct0_puma,51165,2,560,560,1120,10,2.0,306,21.4,1.0,14.642548896767014,0.8368029683977625,-0.02367923218823098,0,0.8095907864236181,0.1451551768497533,0.8679494712103407,1.1341972975187498,0.19943736340438475,0.7859115542353872,0.15311507659264184,0.8509106933019978,1.149439387416849,0.06427724990969806
acs_ct0_puma,51165,4,560,560,2240,10,4.0,306,21.4,1.0,21.038428737170626,0.7733016153821001,-0.024874805598117833,0,0.7956925281520077,0.14762142800152683,0.858328437132785,0.9267701102638285,0.054308935865789006,0.7708177225538899,0.15444058500263988,0.8444477085781434,0.973989131564841,-0.10784005021534415
acs_ct0_puma,51165,4,560,560,2240,10,4.0,306,21.4,1.0,23.098973532591597,0.8153386475792344,-0.002846193781576245,0,0.8061243038011119,0.1465766487351435,0.8628819036427732,1.0056020153753245,0.1602590010019913,0.8032781100195356,0.14814467852846783,0.8573002350176263,1.1054780953296868,-0.10007763452588114
acs_ct0_puma,51165,4,560,560,2240,10,4.0,306,21.4,1.0,20.570013757881306,0.7885458265074698,-0.013112175524275016,0,0.8192433219421907,0.14931813637250818,0.8507638072855463,1.0058242280434224,0.017146177895576303,0.8061311464179157,0.15705012428109685,0.838939482961222,0.9731185759864117,-0.10932319053654442
acs_ct0_puma,51165,4,560,560,2240,10,4.0,306,21.4,1.0,21.908836511104546,0.8174019756246843,0.029242610669396263,1,0.7064968430473417,0.16541321507258858,0.8300528789659224,0.7760080819056526,-0.10212725797078223,0.735739453716738,0.16372963907306007,0.8313014101057579,0.9866875101804274,-0.25440007627764816
acs_ct0_puma,51165,4,560,560,2240,10,4.0,306,21.4,1.0,14.675491079291474,0.7212805539103341,-0.04212067347094606,0,0.8095907864236181,0.1451551768497533,0.8679494712103407,1.1341972975187498,0.19943736340438475,0.7674701129526721,0.1595987966523628,0.8362220916568742,1.060064732308447,-0.03259722735837304
acs_ct0_puma,51165,3,560,560,1680,10,3.0,306,21.4,1.0,34.092719476439086,0.8729950257084197,-0.011569717122499101,0,0.7956925281520077,0.14762142800152683,0.858328437132785,0.9267701102638285,0.054308935865789006,0.7841228110295086,0.15269969958881358,0.848927732079906,1.1141806058583588,0.03758048798688317
acs_ct0_puma,51165,3,560,560,1680,10,3.0,306,21.4,1.0,17.925128121680615,0.811362896979531,-0.0070744022454259925,0,0.8061243038011119,0.1465766487351435,0.8628819036427732,1.0056020153753245,0.1602590010019913,0.7990499015556859,0.14991209560333052,0.8539218566392481,1.1486495631351217,0.034953348100717124
acs_ct0_puma,51165,3,560,560,1680,10,3.0,306,21.4,1.0,20.957712831243846,0.8234554154222729,-0.0015404244179992865,0,0.8192433219421907,0.14931813637250818,0.8507638072855463,1.0058242280434224,0.017146177895576303,0.8177028975241915,0.14992166097903042,0.8506903642773207,1.2107481461693095,0.01483070730346088
acs_ct0_puma,51165,3,560,560,1680,10,3.0,306,21.4,1.0,20.612448298050662,0.8271424708141163,0.04479865871670552,1,0.7064968430473417,0.16541321507258858,0.8300528789659224,0.7760080819056526,-0.10212725797078223,0.7512955017640472,0.16181094349076344,0.833578143360752,1.1116029143977473,-0.0979000496086548
acs_ct0_puma,51165,3,560,560,1680,10,3.0,306,21.4,1.0,18.18997236966095,0.8337193079605358,-0.026872841332204356,0,0.8095907864236181,0.1451551768497533,0.8679494712103407,1.1341972975187498,0.19943736340438475,0.7827179450914138,0.15581221729809094,0.8459900117508813,1.1600725241541996,0.12354394103459237
acs_ct0_puma,51165,4,560,560,2240,10,4.0,306,21.4,1.0,42.59063135067079,0.8918811198100558,-0.01843155122311435,0,0.7956925281520077,0.14762142800152683,0.858328437132785,0.9267701102638285,0.054308935865789006,0.7772609769288934,0.15271127044567473,0.8518654524089307,1.1373411504126454,-0.125759203385741
acs_ct0_puma,51165,4,560,560,2240,10,4.0,306,21.4,1.0,35.04627041810267,0.8761319625402857,0.0008052823323106972,1,0.8061243038011119,0.1465766487351435,0.8628819036427732,1.0056020153753245,0.1602590010019913,0.8069295861334226,0.14740343515219628,0.8597972972972974,1.2012619810225058,-0.11364857574686486
acs_ct0_puma,51165,4,560,560,2240,10,4.0,306,21.4,1.0,32.031039077780385,0.8364930891809292,-0.004086386876683612,0,0.8192433219421907,0.14931813637250818,0.8507638072855463,1.0058242280434224,0.017146177895576303,0.8151569350655071,0.14992193643304072,0.8564923619271445,1.2693707141623305,-0.14693302373667685
acs_ct0_puma,51165,4,560,560,2240,10,4.0,306,21.4,1.0,53.3323524241671,0.8908814490771364,0.023705236520774497,1,0.7064968430473417,0.16541321507258858,0.8300528789659224,0.7760080819056526,-0.10212725797078223,0.7302020795681162,0.16165476962535322,0.8407021151586369,1.1019290736831493,-0.2739846715501528
acs_ct0_puma,51165,4,560,560,2240,10,4.0,306,21.4,1.0,44.92954266572687,0.8968698617851523,-0.022680092911601668,0,0.8095907864236181,0.1451551768497533,0.8679494712103407,1.1341972975187498,0.19943736340438475,0.7869106935120165,0.15252320821810805,0.854289071680376,1.275681450805731,-0.06733561367895327
acs_ct0_puma,51165,3,560,560,1680,10,3.0,306,21.4,1.0,18.127495289278233,0.8344043048198724,-0.006906046913260244,0,0.7956925281520077,0.14762142800152683,0.858328437132785,0.9267701102638285,0.054308935865789006,0.7887864812387475,0.15170789506959287,0.8542156286721504,1.0030554378980492,-0.25175733081980906
acs_ct0_puma,51165,3,560,560,1680,10,3.0,306,21.4,1.0,18.600354853121082,0.8357389338492196,0.006910546373398052,1,0.8061243038011119,0.1465766487351435,0.8628819036427732,1.0056020153753245,0.1602590010019913,0.8130348501745099,0.1464339715250518,0.8622209165687426,1.0797723673301745,-0.20254178007041881
acs_ct0_puma,51165,3,560,560,1680,10,3.0,306,21.4,1.0,16.094446018636926,0.8124190192974714,0.0036964137409044584,1,0.8192433219421907,0.14931813637250818,0.8507638072855463,1.0058242280434224,0.017146177895576303,0.8229397356830952,0.14931172418875713,0.8600176263219742,1.1375572952337762,-0.30438590028692064
acs_ct0_puma,51165,3,560,560,1680,10,3.0,306,21.4,1.0,28.606866121218182,0.8435492175772437,0.016090953729936297,1,0.7064968430473417,0.16541321507258858,0.8300528789659224,0.7760080819056526,-0.10212725797078223,0.722587796777278,0.16704575379374592,0.8315217391304347,0.9371465308620276,-0.40729839793978395
acs_ct0_puma,51165,3,560,560,1680,10,3.0,306,21.4,1.0,11.481585400012246,0.738674839994375,-0.012860426746812537,0,0.8095907864236181,0.1451551768497533,0.8679494712103407,1.1341972975187498,0.19943736340438475,0.7967303596768056,0.15017906134750758,0.8575940070505289,1.143615794235643,-0.1969428213220628
acs_ct0_puma,51165,1,560,560,560,10,1.0,306,21.4,1.0,7.807812349284536,0.7506091515432078,-0.00038639616260283116,0,0.7956925281520077,0.14762142800152683,0.858328437132785,0.9267701102638285,0.054308935865789006,0.7953061319894049,0.14633985824133527,0.8603113983548767,1.012740013853431,-0.04238658812837611
acs_ct0_puma,51165,1,560,560,560,10,1.0,306,21.4,1.0,4.8806593804470495,0.7927850249721431,0.0028574917257094823,1,0.8061243038011119,0.1465766487351435,0.8628819036427732,1.0056020153753245,0.1602590010019913,0.8089817955268214,0.1417586286428423,0.8691245593419507,1.0289466215599945,0.011335662159229735
acs_ct0_puma,51165,1,560,560,560,10,1.0,306,21.4,1.0,5.374362331337775,0.691942715205482,0.005649355757462726,1,0.8192433219421907,0.14931813637250818,0.8507638072855463,1.0058242280434224,0.017146177895576303,0.8248926776996535,0.14659863681412738,0.8589159811985899,1.1033665596755113,-0.03846703128637733
acs_ct0_puma,51165,1,560,560,560,10,1.0,306,21.4,1.0,5.642663408631268,0.8187939835290017,0.016404732890638707,1,0.7064968430473417,0.16541321507258858,0.8300528789659224,0.7760080819056526,-0.10212725797078223,0.7229015759379804,0.16588712929954497,0.8266745005875441,0.8810718480080147,-0.1690744482986716
acs_ct0_puma,51165,1,560,560,560,10,1.0,306,21.4,1.0,5.120237390040179,0.7432839686459869,-0.005103619184952168,0,0.8095907864236181,0.1451551768497533,0.8679494712103407,1.1341972975187498,0.19943736340438475,0.804487167238666,0.14551963009524663,0.8649383078730906,1.1421906124385381,0.1398874452529166
acs_ct0_puma,51165,4,560,560,2240,10,4.0,306,21.4,1.0,19.87782734492707,0.7978771544619215,-0.006765813824759825,0,0.7956925281520077,0.14762142800152683,0.858328437132785,0.9267701102638285,0.054308935865789006,0.7889267143272479,0.15231756985016448,0.8536280846063454,1.0195837604203872,-0.2527121196233692
acs_ct0_puma,51165,4,560,560,2240,10,4.0,306,21.4,1.0,30.057900907009547,0.8575696715654766,0.004212045106430473,1,0.8061243038011119,0.1465766487351435,0.8628819036427732,1.0056020153753245,0.1602590010019913,0.8103363489075424,0.14556107147052316,0.8640569917743831,1.0858737259080304,-0.18204800193138557
acs_ct0_puma,51165,4,560,560,2240,10,4.0,306,21.4,1.0,39.31380241533742,0.8909576020376415,0.0016729882719174194,1,0.8192433219421907,0.14931813637250818,0.8507638072855463,1.0058242280434224,0.017146177895576303,0.8209163102141082,0.1492420290519047,0.8590628672150412,1.1699308994581523,-0.27175047076119746
acs_ct0_puma,51165,4,560,560,2240,10,4.0,306,21.4,1.0,24.92698918642874,0.8372229721843438,0.029396839155762855,1,0.7064968430473417,0.16541321507258858,0.8300528789659224,0.7760080819056526,-0.10212725797078223,0.7358936822031046,0.16271576834417256,0.8387925969447709,0.9695968398355499,-0.3473436887105681
acs_ct0_puma,51165,4,560,560,2240,10,4.0,306,21.4,1.0,28.427449151090208,0.8589959819930807,-0.017380445903765085,0,0.8095907864236181,0.1451551768497533,0.8679494712103407,1.1341972975187498,0.19943736340438475,0.7922103405198531,0.15063839396068274,0.8556844888366627,1.1361681263505503,-0.13709834999004797
acs_ct0_puma,51165,3,560,560,1680,10,3.0,306,21.4,1.0,22.009864030095805,0.8536795614038903,-0.02780970986624165,0,0.7956925281520077,0.14762142800152683,0.858328437132785,0.9267701102638285,0.054308935865789006,0.7678828182857661,0.1537323028445009,0.8449618096357228,1.0123774949088407,-0.06989364541883958
acs_ct0_puma,51165,3,560,560,1680,10,3.0,306,21.4,1.0,15.094754866464699,0.8009988551425729,-0.0024317290291470117,0,0.8061243038011119,0.1465766487351435,0.8628819036427732,1.0056020153753245,0.1602590010019913,0.8036925747719649,0.14536225941715852,0.8609723854289072,1.1109389823246643,-0.03602739924591106
acs_ct0_puma,51165,3,560,560,1680,10,3.0,306,21.4,1.0,20.004489476690978,0.8383497900748926,-0.011078870727287415,0,0.8192433219421907,0.14931813637250818,0.8507638072855463,1.0058242280434224,0.017146177895576303,0.8081644512149033,0.15408989135723403,0.842978848413631,1.029649232241799,-0.08403630379414502
acs_ct0_puma,51165,3,560,560,1680,10,3.0,306,21.4,1.0,22.327627274271087,0.8427668407300213,0.028433326865074604,1,0.7064968430473417,0.16541321507258858,0.8300528789659224,0.7760080819056526,-0.10212725797078223,0.7349301699124163,0.16092935923904328,0.8381316098707403,1.0612179218757707,-0.2007919308962518
acs_ct0_puma,51165,3,560,560,1680,10,3.0,306,21.4,1.0,14.717309206365998,0.7961253549168911,-0.02995651437524305,0,0.8095907864236181,0.1451551768497533,0.8679494712103407,1.1341972975187498,0.19943736340438475,0.7796342720483751,0.15517558623244873,0.8478995299647474,1.1005102432654934,0.05309406499843359
acs_ct0_puma,51165,1,560,560,560,10,1.0,306,21.4,1.0,2.574165536366359,0.380113969078041,-0.004281054285268593,0,0.7956925281520077,0.14762142800152683,0.858328437132785,0.9267701102638285,0.054308935865789006,0.7914114738667392,0.14917851366759277,0.8549500587544068,0.9072883280069354,-0.10850417294942358
acs_ct0_puma,51165,1,560,560,560,10,1.0,306,21.4,1.0,4.803445384167432,0.7818703537476388,0.00927334628965304,1,0.8061243038011119,0.1465766487351435,0.8628819036427732,1.0056020153753245,0.1602590010019913,0.8153976500907649,0.14197130806445396,0.8653055229142186,1.000706444146592,-0.0073074395145078085
acs_ct0_puma,51165,1,560,560,560,10,1.0,306,21.4,1.0,2.814336861230669,0.5916507961667627,0.0059102022960954015,1,0.8192433219421907,0.14931813637250818,0.8507638072855463,1.0058242280434224,0.017146177895576303,0.8251535242382861,0.14659734976637442,0.8594300822561691,1.0692771886466157,-0.14464220073302947
acs_ct0_puma,51165,1,560,560,560,10,1.0,306,21.4,1.0,3.2278262710033108,0.6570237620806112,0.03091340323140812,1,0.7064968430473417,0.16541321507258858,0.8300528789659224,0.7760080819056526,-0.10212725797078223,0.7374102462787498,0.16301247322501058,0.8340188014101058,0.8585803250880559,-0.2126672255550245
acs_ct0_puma,51165,1,560,560,560,10,1.0,306,21.4,1.0,1.2586046964499835,0.20408280366500517,-0.00019562334255873726,0,0.8095907864236181,0.1451551768497533,0.8679494712103407,1.1341972975187498,0.19943736340438475,0.8093951630810594,0.1439044970991096,0.8653055229142185,1.064765415489803,-0.007604479903328727
acs_ct0_puma,5909,1,560,560,560,10,1.0,248,17.4,1.0,0.9354824004553722,0.06776459642942391,-0.004412962960095079,0,0.666881351665612,0.14782272110058148,0.8425594268967763,0.9370976100761389,-0.1967559242124025,0.6624683887055169,0.15036094419146295,0.8450016281341584,0.9742828007425334,-0.3676388383486463
acs_ct0_puma,5909,1,560,560,560,10,1.0,248,17.4,1.0,2.0655697773537085,0.3557315559877245,0.009451717201696352,1,0.7019491794613145,0.14197554957226768,0.849316183653533,0.9713115253724989,0.13508530422861428,0.7114008966630109,0.14113894175748912,0.8482578964506676,0.955691901506742,-0.054191603674132074
acs_ct0_puma,5909,1,560,560,560,10,1.0,248,17.4,1.0,1.9840908775232875,0.48574413236699976,0.017399813577029244,1,0.6382296617170965,0.15798834214462298,0.8177303809833931,0.8933111265455311,-0.03435582519773116,0.6556294752941257,0.15487179512941723,0.8269293389775316,1.0334618586820026,-0.18790644574822402
acs_ct0_puma,5909,1,560,560,560,10,1.0,248,17.4,1.0,2.0618148815977,0.4736546437777943,0.0168815558970401,1,0.6927886070633129,0.14224325666920626,0.8503744708563986,1.0963578699429568,0.02400678652387545,0.709670162960353,0.1393508937732202,0.8602246825138392,1.185776176635875,-0.17421337564516606
acs_ct0_puma,5909,1,560,560,560,10,1.0,248,17.4,1.0,3.3063854238086803,0.6842879760592753,0.016359969471828495,1,0.6839602460649021,0.152757518140766,0.823184630413546,0.8171739376818341,-0.032700778319159685,0.7003202155367306,0.15045540611306335,0.8278248127645718,0.887040796899026,-0.17127692591934368
acs_ct0_puma,5909,2,560,560,1120,10,2.0,248,17.4,1.0,8.377349814683196,0.7588744006181662,-0.004101456249201663,0,0.666881351665612,0.14782272110058148,0.8425594268967763,0.9370976100761389,-0.1967559242124025,0.6627798954164104,0.15063911081403603,0.8358840768479322,0.8592366394403399,-0.06732429558358963
acs_ct0_puma,5909,2,560,560,1120,10,2.0,248,17.4,1.0,12.624720550887183,0.831518377963985,0.009265073373138866,1,0.7019491794613145,0.14197554957226768,0.849316183653533,0.9713115253724989,0.13508530422861428,0.7112142528344534,0.14212429049539227,0.8494789970693585,0.9672245493715319,0.17679633519448523
acs_ct0_puma,5909,2,560,560,1120,10,2.0,248,17.4,1.0,6.784261041190685,0.7048887123950184,0.018220375799486654,1,0.6382296617170965,0.15798834214462298,0.8177303809833931,0.8933111265455311,-0.03435582519773116,0.6564500375165832,0.15431925896697815,0.823510257245197,0.9436912589521627,0.059531473149256255
acs_ct0_puma,5909,2,560,560,1120,10,2.0,248,17.4,1.0,11.518335862649657,0.8158432575103451,0.017131633363893672,1,0.6927886070633129,0.14224325666920626,0.8503744708563986,1.0963578699429568,0.02400678652387545,0.7099202404272066,0.13666930002252753,0.8620156300879193,1.1275234186054541,0.01850537045647115
acs_ct0_puma,5909,2,560,560,1120,10,2.0,248,17.4,1.0,8.957553850215572,0.772507819467105,0.005733027382013756,1,0.6839602460649021,0.152757518140766,0.823184630413546,0.8171739376818341,-0.032700778319159685,0.6896932734469159,0.14955855740801727,0.8261966786063172,0.8939171962945113,0.05395660139038734
acs_ct0_puma,5909,3,560,560,1680,10,3.0,248,17.4,1.0,13.23856976981983,0.7721881292083965,-0.002084740083365566,0,0.666881351665612,0.14782272110058148,0.8425594268967763,0.9370976100761389,-0.1967559242124025,0.6647966115822465,0.14977141017430196,0.8385704982090524,0.9125649170843347,-0.11289237729933428
acs_ct0_puma,5909,3,560,560,1680,10,3.0,248,17.4,1.0,15.239604672357496,0.7877538917869543,0.0027104323540345643,1,0.7019491794613145,0.14197554957226768,0.849316183653533,0.9713115253724989,0.13508530422861428,0.7046596118153491,0.14148569754665666,0.8485835232823186,0.9854192309348814,0.09648690549962406
acs_ct0_puma,5909,3,560,560,1680,10,3.0,248,17.4,1.0,12.546535667015224,0.760844387883058,0.03432967318044833,1,0.6382296617170965,0.15798834214462298,0.8177303809833931,0.8933111265455311,-0.03435582519773116,0.6725593348975448,0.15271432439708443,0.8285574731357864,1.0169980254506026,-0.011244062312159294
acs_ct0_puma,5909,3,560,560,1680,10,3.0,248,17.4,1.0,16.751497214955922,0.8206609419766835,0.007315623749110101,1,0.6927886070633129,0.14224325666920626,0.8503744708563986,1.0963578699429568,0.02400678652387545,0.700104230812423,0.13812686062548635,0.859980462390101,1.1445907400412536,-0.056715102138045204
acs_ct0_puma,5909,3,560,560,1680,10,3.0,248,17.4,1.0,17.86611009079612,0.8314915090276368,0.011713358153770947,1,0.6839602460649021,0.152757518140766,0.823184630413546,0.8171739376818341,-0.032700778319159685,0.6956736042186731,0.14953850705331503,0.8258710517746662,0.9110510412574618,-0.01239898888340873
acs_ct0_puma,5909,3,560,560,1680,10,3.0,248,17.4,1.0,6.02711421937277,0.5017640289849097,0.0027099311832884387,1,0.666881351665612,0.14782272110058148,0.8425594268967763,0.9370976100761389,-0.1967559242124025,0.6695912828489005,0.1491752175054017,0.8424780201888635,0.9228241744288778,-0.34059868989918374
acs_ct0_puma,5909,3,560,560,1680,10,3.0,248,17.4,1.0,17.46068004396249,0.8108544585851948,0.006141450016331262,1,0.7019491794613145,0.14197554957226768,0.849316183653533,0.9713115253724989,0.13508530422861428,0.7080906294776458,0.140165195316833,0.8514327580592641,0.9757366503766686,-0.03838217292467213
acs_ct0_puma,5909,3,560,560,1680,10,3.0,248,17.4,1.0,13.563960518000737,0.7774200055298957,0.003380433786483672,1,0.6382296617170965,0.15798834214462298,0.8177303809833931,0.8933111265455311,-0.03435582519773116,0.6416100955035802,0.15451458950691313,0.8231032237056334,0.9482069078767035,-0.1710942613576809
acs_ct0_puma,5909,3,560,560,1680,10,3.0,248,17.4,1.0,8.8761857403627,0.6619846278263559,0.014604497318973064,1,0.6927886070633129,0.14224325666920626,0.8503744708563986,1.0963578699429568,0.02400678652387545,0.707393104382286,0.13823553640718778,0.8602246825138391,1.0757902367114103,-0.17105240639195007
acs_ct0_puma,5909,3,560,560,1680,10,3.0,248,17.4,1.0,10.523240176582046,0.7137518267322269,0.009357652835047414,1,0.6839602460649021,0.152757518140766,0.823184630413546,0.8171739376818341,-0.032700778319159685,0.6933178988999495,0.15025904449670788,0.82806903288831,0.9197198545861986,-0.1351808849692386
acs_ct0_puma,5909,3,560,560,1680,10,3.0,248,17.4,1.0,18.276307756473493,0.7463198547658132,-0.0023892792139967867,0,0.666881351665612,0.14782272110058148,0.8425594268967763,0.9370976100761389,-0.1967559242124025,0.6644920724516152,0.15156539751746317,0.8354770433083686,0.9416140868664042,-0.28739304998470816
acs_ct0_puma,5909,3,560,560,1680,10,3.0,248,17.4,1.0,14.354735956539917,0.7698919399232992,0.002709920834136792,1,0.7019491794613145,0.14197554957226768,0.849316183653533,0.9713115253724989,0.13508530422861428,0.7046591002954513,0.1419717638622899,0.8481764897427548,0.9987168752494046,0.002148068406485386
acs_ct0_puma,5909,3,560,560,1680,10,3.0,248,17.4,1.0,11.211833240659596,0.6960275954578687,0.00338498025765932,1,0.6382296617170965,0.15798834214462298,0.8177303809833931,0.8933111265455311,-0.03435582519773116,0.6416146419747558,0.15557202906020873,0.821068056007815,0.9523611134850212,-0.12711351337100718
acs_ct0_puma,5909,3,560,560,1680,10,3.0,248,17.4,1.0,11.3447397784316,0.7265874333223862,0.008240983156264425,1,0.6927886070633129,0.14224325666920626,0.8503744708563986,1.0963578699429568,0.02400678652387545,0.7010295902195773,0.13722838321760253,0.8619342233800066,1.124821976743141,-0.11596211299387586
acs_ct0_puma,5909,3,560,560,1680,10,3.0,248,17.4,1.0,13.511372655058642,0.6915197749627553,-0.0036202303652042023,0,0.6839602460649021,0.152757518140766,0.823184630413546,0.8171739376818341,-0.032700778319159685,0.6803400156996979,0.15358461028640658,0.8231846304135461,0.868920433778822,-0.13840245742023832
acs_ct0_puma,5909,3,560,560,1680,10,3.0,248,17.4,1.0,8.304814522517365,0.6387600720402034,-0.006238186713937721,0,0.666881351665612,0.14782272110058148,0.8425594268967763,0.9370976100761389,-0.1967559242124025,0.6606431649516743,0.15207920138736558,0.845978508629111,0.9727036552997603,-0.4756033482982111
acs_ct0_puma,5909,3,560,560,1680,10,3.0,248,17.4,1.0,7.950517951007761,0.6134110216055562,-0.002448938818898294,0,0.7019491794613145,0.14197554957226768,0.849316183653533,0.9713115253724989,0.13508530422861428,0.6995002406424162,0.14315944898091207,0.8469553891240638,0.9828625201286836,-0.17761580688564954
acs_ct0_puma,5909,3,560,560,1680,10,3.0,248,17.4,1.0,9.80027518143553,0.6938849204384598,0.016998372804921225,1,0.6382296617170965,0.15798834214462298,0.8177303809833931,0.8933111265455311,-0.03435582519773116,0.6552280345220177,0.15530502490428497,0.8296971670465647,1.0598317313689711,-0.2984004366376954
acs_ct0_puma,5909,3,560,560,1680,10,3.0,248,17.4,1.0,15.674932096952695,0.8038646630460183,0.00038357736625060923,1,0.6927886070633129,0.14224325666920626,0.8503744708563986,1.0963578699429568,0.02400678652387545,0.6931721844295635,0.1437810151581088,0.8511071312276133,1.0252443604152215,-0.2705683001086343
acs_ct0_puma,5909,3,560,560,1680,10,3.0,248,17.4,1.0,8.88674153366853,0.6612492968994519,0.0014963972491162103,1,0.6839602460649021,0.152757518140766,0.823184630413546,0.8171739376818341,-0.032700778319159685,0.6854566433140183,0.15463039134124376,0.8239172907847606,0.9356962465626727,-0.28011302162143803
acs_ct0_puma,5909,2,560,560,1120,10,2.0,248,17.4,1.0,4.502374261427035,0.5243712142737615,0.01496595863675787,1,0.666881351665612,0.14782272110058148,0.8425594268967763,0.9370976100761389,-0.1967559242124025,0.6818473103023699,0.14604739467396327,0.8486649299902311,1.0579498152265572,-0.13825420311968023
acs_ct0_puma,5909,2,560,560,1120,10,2.0,248,17.4,1.0,9.82391337448934,0.7908610588124803,0.0066878652157478236,1,0.7019491794613145,0.14197554957226768,0.849316183653533,0.9713115253724989,0.13508530422861428,0.7086370446770623,0.14158099244005992,0.8550146532074243,1.0528416911665377,0.14109717776324054
acs_ct0_puma,5909,2,560,560,1120,10,2.0,248,17.4,1.0,9.53055090504276,0.7743214255329776,0.0164545009961502,1,0.6382296617170965,0.15798834214462298,0.8177303809833931,0.8933111265455311,-0.03435582519773116,0.6546841627132467,0.15362379345111268,0.8274177792250083,1.046130603808186,0.026204536533699616
acs_ct0_puma,5909,2,560,560,1120,10,2.0,248,17.4,1.0,4.953187561167377,0.5961958443648536,0.011419506451534223,1,0.6927886070633129,0.14224325666920626,0.8503744708563986,1.0963578699429568,0.02400678652387545,0.7042081135148471,0.14071767050204811,0.8567241940735917,1.1529501130009538,0.024273855249533946
acs_ct0_puma,5909,2,560,560,1120,10,2.0,248,17.4,1.0,6.270712412446105,0.6725834798904842,0.005498021425836885,1,0.6839602460649021,0.152757518140766,0.823184630413546,0.8171739376818341,-0.032700778319159685,0.689458267490739,0.14918473214724906,0.8284760664278736,0.9179117216576773,0.018482275731817408
acs_ct0_puma,5909,4,560,560,2240,10,4.0,248,17.4,1.0,14.025975465031156,0.7077102176726808,-0.009190518004562387,0,0.666881351665612,0.14782272110058148,0.8425594268967763,0.9370976100761389,-0.1967559242124025,0.6576908336610496,0.1495005252870873,0.8418267665255618,1.0224300224344525,-0.2283209161521431
acs_ct0_puma,5909,4,560,560,2240,10,4.0,248,17.4,1.0,32.91073444319739,0.8779719295688877,-0.010564111740008264,0,0.7019491794613145,0.14197554957226768,0.849316183653533,0.9713115253724989,0.13508530422861428,0.6913850677213063,0.14443040442571584,0.844431781178769,1.0075178669246325,-0.008032030207425638
acs_ct0_puma,5909,4,560,560,2240,10,4.0,248,17.4,1.0,18.69025119991885,0.785355042500461,0.008442053770701397,1,0.6382296617170965,0.15798834214462298,0.8177303809833931,0.8933111265455311,-0.03435582519773116,0.6466717154877979,0.1554139952800596,0.8244871377401497,0.9919688192874587,-0.11632996949310487
acs_ct0_puma,5909,4,560,560,2240,10,4.0,248,17.4,1.0,19.492266999327292,0.7941292829877199,0.004265746604735665,1,0.6927886070633129,0.14224325666920626,0.8503744708563986,1.0963578699429568,0.02400678652387545,0.6970543536680486,0.13967218724805802,0.856317160534028,1.1582522746012132,-0.0861654343462045
acs_ct0_puma,5909,4,560,560,2240,10,4.0,248,17.4,1.0,13.560148928779235,0.6683325793954256,0.0021374297024431277,1,0.6839602460649021,0.152757518140766,0.823184630413546,0.8171739376818341,-0.032700778319159685,0.6860976757673453,0.15245703600563268,0.8237544773689353,0.9252088022892716,-0.11166611225545914
acs_ct0_puma,5909,1,560,560,560,10,1.0,248,17.4,1.0,3.266843495878133,0.6868673424245959,-0.008670949338231093,0,0.666881351665612,0.14782272110058148,0.8425594268967763,0.9370976100761389,-0.1967559242124025,0.6582104023273809,0.15222704190101524,0.8361282969716706,1.0395540570626651,-0.3082570993479488
acs_ct0_puma,5909,1,560,560,560,10,1.0,248,17.4,1.0,3.4914297634301477,0.6921994801366848,0.005126008807735172,1,0.7019491794613145,0.14197554957226768,0.849316183653533,0.9713115253724989,0.13508530422861428,0.7070751882690497,0.14085434936630645,0.8528166720937806,1.0841425362128447,-0.08581650200112449
acs_ct0_puma,5909,1,560,560,560,10,1.0,248,17.4,1.0,1.818797023001647,0.4235739407570429,0.002122831174756201,1,0.6382296617170965,0.15798834214462298,0.8177303809833931,0.8933111265455311,-0.03435582519773116,0.6403524928918527,0.15827959148843243,0.8190328883099968,1.0284055667786263,-0.1992450310644496
acs_ct0_puma,5909,1,560,560,560,10,1.0,248,17.4,1.0,4.644763761114332,0.6756614119766592,0.005727205629605936,1,0.6927886070633129,0.14224325666920626,0.8503744708563986,1.0963578699429568,0.02400678652387545,0.6985158126929188,0.14116981919430976,0.8549332464995116,1.2250586955014267,-0.17298367403045084
acs_ct0_puma,5909,1,560,560,560,10,1.0,248,17.4,1.0,3.223837289878082,0.6723648889997076,0.0016884761907373091,1,0.6839602460649021,0.152757518140766,0.823184630413546,0.8171739376818341,-0.032700778319159685,0.6856487222556394,0.1531045296125493,0.823266037121459,0.951255308805466,-0.17009196521498637
acs_ct0_puma,5909,1,560,560,560,10,1.0,248,17.4,1.0,1.9851864045354413,0.48905049475657075,-0.00837255004085491,0,0.666881351665612,0.14782272110058148,0.8425594268967763,0.9370976100761389,-0.1967559242124025,0.6585088016247571,0.1494473744160181,0.8441875610550309,1.028633028541381,-0.2555531485510839
acs_ct0_puma,5909,1,560,560,560,10,1.0,248,17.4,1.0,3.0584922079818035,0.6553947071575965,-0.01787957967229592,0,0.7019491794613145,0.14197554957226768,0.849316183653533,0.9713115253724989,0.13508530422861428,0.6840695997890186,0.14635991116814517,0.8411755128622599,1.0598479482931984,0.06120134975995272
acs_ct0_puma,5909,1,560,560,560,10,1.0,248,17.4,1.0,5.123645263857737,0.8045555585131734,0.004731155083377736,1,0.6382296617170965,0.15798834214462298,0.8177303809833931,0.8933111265455311,-0.03435582519773116,0.6429608168004742,0.15681258984566113,0.8216379029632042,1.0892629657030342,-0.04774577839764262
acs_ct0_puma,5909,1,560,560,560,10,1.0,248,17.4,1.0,2.031751477495101,0.5076753360966777,-0.00354166676492218,0,0.6927886070633129,0.14224325666920626,0.8503744708563986,1.0963578699429568,0.02400678652387545,0.6892469402983907,0.14422391556295858,0.8463855421686747,1.0442367977392466,0.0003997209038501509
acs_ct0_puma,5909,1,560,560,560,10,1.0,248,17.4,1.0,2.3779754646032307,0.5049579229851069,-0.01674164873922801,0,0.6839602460649021,0.152757518140766,0.823184630413546,0.8171739376818341,-0.032700778319159685,0.6672185973256741,0.15499378977030207,0.8190328883099967,0.9496981589451688,-0.08081585242747112
acs_ct0_puma,5909,2,560,560,1120,10,2.0,248,17.4,1.0,8.759894869025826,0.7493532046280632,-0.009407727735004312,0,0.666881351665612,0.14782272110058148,0.8425594268967763,0.9370976100761389,-0.1967559242124025,0.6574736239306077,0.15109257853071464,0.8372679908824487,0.9352513222041621,-0.2166445704168188
acs_ct0_puma,5909,2,560,560,1120,10,2.0,248,17.4,1.0,13.244384154928044,0.848249187336559,-0.025919898920859885,0,0.7019491794613145,0.14197554957226768,0.849316183653533,0.9713115253724989,0.13508530422861428,0.6760292805404546,0.14841657938135094,0.8382448713774014,0.9691069759100904,0.0768510028279113
acs_ct0_puma,5909,2,560,560,1120,10,2.0,248,17.4,1.0,12.485879151504532,0.8393136477065082,-0.0038841855756108767,0,0.6382296617170965,0.15798834214462298,0.8177303809833931,0.8933111265455311,-0.03435582519773116,0.6343454761414856,0.15768470580763647,0.8207424291761641,0.9850501445192221,-0.047993433611561234
acs_ct0_puma,5909,2,560,560,1120,10,2.0,248,17.4,1.0,8.26296051889,0.7578994584862991,-0.005182957717914771,0,0.6927886070633129,0.14224325666920626,0.8503744708563986,1.0963578699429568,0.02400678652387545,0.6876056493453981,0.1441555484350701,0.8494789970693585,1.0067112237958844,0.03573437259885135
acs_ct0_puma,5909,2,560,560,1120,10,2.0,248,17.4,1.0,6.616067780989584,0.6967867815115263,-0.03422457342144214,0,0.6839602460649021,0.152757518140766,0.823184630413546,0.8171739376818341,-0.032700778319159685,0.64973567264346,0.15720847642871158,0.8152881797460111,0.8860714716511309,-0.05810971489934456
acs_ct0_puma,5909,1,560,560,560,10,1.0,248,17.4,1.0,0.7158699352775081,0.0,-0.0069554050166358294,0,0.666881351665612,0.14782272110058148,0.8425594268967763,0.9370976100761389,-0.1967559242124025,0.6599259466489762,0.15683790157753938,0.8398730055356561,0.9080937648349982,-0.5942700338902444
acs_ct0_puma,5909,1,560,560,560,10,1.0,248,17.4,1.0,1.2713650494633284,0.2007002233826075,-0.007014592856019908,0,0.7019491794613145,0.14197554957226768,0.849316183653533,0.9713115253724989,0.13508530422861428,0.6949345866052946,0.14488813485877775,0.8488277434060565,0.9921653272202503,-0.3283176894887386
acs_ct0_puma,5909,1,560,560,560,10,1.0,248,17.4,1.0,2.960399348988373,0.6465864640497363,-0.0019243944201778884,0,0.6382296617170965,0.15798834214462298,0.8177303809833931,0.8933111265455311,-0.03435582519773116,0.6363052672969186,0.16524427501227607,0.8130087919244545,0.8565457671188802,-0.46383014241309517
acs_ct0_puma,5909,1,560,560,560,10,1.0,248,17.4,1.0,3.8113269605074658,0.734234074632854,0.017747008532795427,1,0.6927886070633129,0.14224325666920626,0.8503744708563986,1.0963578699429568,0.02400678652387545,0.7105356155961083,0.14275735564339317,0.8620970367958319,1.1256889056238066,-0.4893748869168508
acs_ct0_puma,5909,1,560,560,560,10,1.0,248,17.4,1.0,1.4102858242993466,0.2866043863427088,0.002612527541733911,1,0.6839602460649021,0.152757518140766,0.823184630413546,0.8171739376818341,-0.032700778319159685,0.686572773606636,0.15589567404295337,0.8281504395962227,0.8880436539639124,-0.40614615674332094
acs_ct0_puma,59301,3,560,560,1680,10,3.0,443,25.0,1.0,20.891437858704776,0.8548788619888595,0.001744499347500983,1,0.890385122629722,0.13330752636860885,0.8804019394280093,0.920462379829866,0.05167486936638115,0.892129621977223,0.14062880033623065,0.881034361604947,0.8443802975123299,0.5239441003546129
acs_ct0_puma,59301,3,560,560,1680,10,3.0,443,25.0,1.0,25.553041562828327,0.8723078010157391,0.00396213773729448,1,0.9231340360214786,0.12076651139166006,0.9099149743517673,1.3490224173702121,0.09431852158595495,0.9270961737587731,0.1301975667740271,0.9118122408825803,1.2076891793270788,0.6953344767699807
acs_ct0_puma,59301,3,560,560,1680,10,3.0,443,25.0,1.0,14.898154409456657,0.7963084946815203,0.0014435252869747783,1,0.9009479144079133,0.1420412142569424,0.876185791581758,0.8984985905133166,-0.08106264588256167,0.9023914396948881,0.14692460293723528,0.878153327243342,0.8864680499835037,0.5498448525975819
acs_ct0_puma,59301,3,560,560,1680,10,3.0,443,25.0,1.0,13.443355908258166,0.7720225887378971,0.001553684071341599,1,0.8774756163218583,0.14890722363376466,0.8648724615276508,0.8143343749711008,-0.24423550964276772,0.8790293003931999,0.148796587922738,0.8614995432506499,0.8079330522069899,0.32988708998690935
acs_ct0_puma,59301,3,560,560,1680,10,3.0,443,25.0,1.0,16.587354736053207,0.8168027467394477,0.003631675914695709,1,0.9058262602559681,0.15369060753128838,0.8603752371583163,0.9283053950206942,0.016173141259056268,0.9094579361706638,0.15310784821331952,0.8689480711123603,0.9720316804363116,0.545313142313691
acs_ct0_puma,59301,2,560,560,1120,10,2.0,443,25.0,1.0,8.99109315587281,0.7771409575057717,0.0013225009187870507,1,0.890385122629722,0.13330752636860885,0.8804019394280093,0.920462379829866,0.05167486936638115,0.8917076235485091,0.15175956097951657,0.8766776754971541,0.8365363189796435,0.7857636440609592
acs_ct0_puma,59301,2,560,560,1120,10,2.0,443,25.0,1.0,21.65961833945154,0.9050429653433605,-0.007332161746876897,0,0.9231340360214786,0.12076651139166006,0.9099149743517673,1.3490224173702121,0.09431852158595495,0.9158018742746017,0.14612715985835148,0.9013421403977233,1.1723575305196985,0.8706506175276507
acs_ct0_puma,59301,2,560,560,1120,10,2.0,443,25.0,1.0,19.285131451443135,0.8884006529201649,0.0020883379932116197,1,0.9009479144079133,0.1420412142569424,0.876185791581758,0.8984985905133166,-0.08106264588256167,0.903036252401125,0.15097204676601422,0.8792776333356757,0.8829019541721403,0.7130800722501754
acs_ct0_puma,59301,2,560,560,1120,10,2.0,443,25.0,1.0,15.760213671420939,0.8116049188991531,0.001392616200391994,1,0.8774756163218583,0.14890722363376466,0.8648724615276508,0.8143343749711008,-0.24423550964276772,0.8788682325222503,0.15433885304002135,0.8588995854121284,0.7623253206552169,0.5022201788712459
acs_ct0_puma,59301,2,560,560,1120,10,2.0,443,25.0,1.0,11.88482670813562,0.824836875449827,-0.0027962427359257136,0,0.9058262602559681,0.15369060753128838,0.8603752371583163,0.9283053950206942,0.016173141259056268,0.9030300175200424,0.16345944406865107,0.8598833532429204,0.9771811210994382,0.7019768534802371
acs_ct0_puma,59301,1,560,560,560,10,1.0,443,25.0,1.0,2.459470932805357,0.5254184332595078,0.0012921058265187302,1,0.890385122629722,0.13330752636860885,0.8804019394280093,0.920462379829866,0.05167486936638115,0.8916772284562408,0.13374632180133658,0.8808235542126344,0.8409988751117298,0.15523496348516916
acs_ct0_puma,59301,1,560,560,560,10,1.0,443,25.0,1.0,2.9746551082198645,0.6495415006523098,0.001829532390001276,1,0.9231340360214786,0.12076651139166006,0.9099149743517673,1.3490224173702121,0.09431852158595495,0.9249635684114799,0.12063583954693087,0.9091420139132879,1.1494808684360676,0.2877325886584457
acs_ct0_puma,59301,1,560,560,560,10,1.0,443,25.0,1.0,3.9045160945630566,0.7343582480614694,0.008017490814576034,1,0.9009479144079133,0.1420412142569424,0.876185791581758,0.8984985905133166,-0.08106264588256167,0.9089654052224894,0.13661976465339956,0.8851099711896563,0.8990195459293263,0.10562654634946077
acs_ct0_puma,59301,1,560,560,560,10,1.0,443,25.0,1.0,2.7906527390183653,0.628871913220394,0.002153482207049251,1,0.8774756163218583,0.14890722363376466,0.8648724615276508,0.8143343749711008,-0.24423550964276772,0.8796290985289076,0.14627794010401124,0.8637481554353172,0.7755636455300862,-0.05708584767569861
acs_ct0_puma,59301,1,560,560,560,10,1.0,443,25.0,1.0,0.8983264109140496,0.022052595494656237,0.004075131772121043,1,0.9058262602559681,0.15369060753128838,0.8603752371583163,0.9283053950206942,0.016173141259056268,0.9099013920280892,0.15079201086854374,0.864872461527651,0.9544996236470572,0.15215523503408873
acs_ct0_puma,59301,1,560,560,560,10,1.0,443,25.0,1.0,4.512807898006683,0.7646000719689173,-0.001049141324429459,0,0.890385122629722,0.13330752636860885,0.8804019394280093,0.920462379829866,0.05167486936638115,0.8893359813052926,0.1499636071806513,0.8755533694048205,0.9418105959403902,0.6164266970043755
acs_ct0_puma,59301,1,560,560,560,10,1.0,443,25.0,1.0,12.491242804947792,0.8770539999878878,-0.007547533269519069,0,0.9231340360214786,0.12076651139166006,0.9099149743517673,1.3490224173702121,0.09431852158595495,0.9155865027519595,0.14108302550789306,0.9027475230131403,1.292364145205151,0.7089172503325004
acs_ct0_puma,59301,1,560,560,560,10,1.0,443,25.0,1.0,14.485693367479671,0.6938637485764761,-0.002929279343635627,0,0.9009479144079133,0.1420412142569424,0.876185791581758,0.8984985905133166,-0.08106264588256167,0.8980186350642777,0.1507199756945525,0.8751317546201954,0.9945042996485042,0.6012046080515746
acs_ct0_puma,59301,1,560,560,560,10,1.0,443,25.0,1.0,8.580277875038453,0.5812142946454466,0.012193312300361359,1,0.8774756163218583,0.14890722363376466,0.8648724615276508,0.8143343749711008,-0.24423550964276772,0.8896689286222197,0.14708516677927883,0.8661373058815262,0.8807480048464199,0.4119833075791109
acs_ct0_puma,59301,1,560,560,560,10,1.0,443,25.0,1.0,12.177817216613617,0.8947982027600396,-0.008282483721682832,0,0.9058262602559681,0.15369060753128838,0.8603752371583163,0.9283053950206942,0.016173141259056268,0.8975437765342853,0.1621526003706722,0.8581968941044199,1.020527689526489,0.6183748974155882
acs_ct0_puma,59301,4,560,560,2240,10,4.0,443,25.0,1.0,38.68081407971481,0.882794090056453,-0.0004609223399647533,0,0.890385122629722,0.13330752636860885,0.8804019394280093,0.920462379829866,0.05167486936638115,0.8899242002897573,0.15021324962681065,0.8756939076663621,0.9921334017509318,0.5857524961314561
acs_ct0_puma,59301,4,560,560,2240,10,4.0,443,25.0,1.0,28.662296218872484,0.7585655376168643,-0.005193939589066443,0,0.9231340360214786,0.12076651139166006,0.9099149743517673,1.3490224173702121,0.09431852158595495,0.9179400964324121,0.1383617604797181,0.9042231747593282,1.2342408757136676,0.7231022033585526
acs_ct0_puma,59301,4,560,560,2240,10,4.0,443,25.0,1.0,34.556322900297396,0.8084483940767039,0.0007586868806490621,1,0.9009479144079133,0.1420412142569424,0.876185791581758,0.8984985905133166,-0.08106264588256167,0.9017066012885624,0.14847899726929442,0.8778722507202585,1.0138629676675126,0.5753766322383074
acs_ct0_puma,59301,4,560,560,2240,10,4.0,443,25.0,1.0,21.82318152881438,0.8092209853211345,0.017372017669839646,1,0.8774756163218583,0.14890722363376466,0.8648724615276508,0.8143343749711008,-0.24423550964276772,0.894847633991698,0.14669552280599146,0.8692994167662146,0.9379700281089808,0.41548098028114266
acs_ct0_puma,59301,4,560,560,2240,10,4.0,443,25.0,1.0,51.075442999967365,0.9211836489906252,-0.005726614990052781,0,0.9058262602559681,0.15369060753128838,0.8603752371583163,0.9283053950206942,0.016173141259056268,0.9000996452659153,0.16008524503466076,0.8607968519429414,1.0559470866390643,0.6037395607259712
acs_ct0_puma,59301,2,560,560,1120,10,2.0,443,25.0,1.0,12.30480429638924,0.8344064220180283,0.0011653017699683188,1,0.890385122629722,0.13330752636860885,0.8804019394280093,0.920462379829866,0.05167486936638115,0.8915504243996903,0.13842731831034155,0.8815965146511138,0.9510385144149849,0.38026890161459703
acs_ct0_puma,59301,2,560,560,1120,10,2.0,443,25.0,1.0,18.09459394324639,0.8831033753872204,0.00505011255764054,1,0.9231340360214786,0.12076651139166006,0.9099149743517673,1.3490224173702121,0.09431852158595495,0.9281841485791191,0.1256524825675216,0.9139905839364766,1.3529393908304586,0.5258351472516571
acs_ct0_puma,59301,2,560,560,1120,10,2.0,443,25.0,1.0,5.197467492620106,0.5992191390319173,-0.0011073628376159217,0,0.9009479144079133,0.1420412142569424,0.876185791581758,0.8984985905133166,-0.08106264588256167,0.8998405515702974,0.14473322796485835,0.874288525050945,0.970673616270008,0.3686748624378603
acs_ct0_puma,59301,2,560,560,1120,10,2.0,443,25.0,1.0,8.38447419490113,0.7469322783670624,-0.0040492451517742944,0,0.8774756163218583,0.14890722363376466,0.8648724615276508,0.8143343749711008,-0.24423550964276772,0.873426371170084,0.1484462839701198,0.8600941606352329,0.8535006744320819,0.16389430086198928
acs_ct0_puma,59301,2,560,560,1120,10,2.0,443,25.0,1.0,6.532451860688071,0.6938362016931637,0.0018796858569666286,1,0.9058262602559681,0.15369060753128838,0.8603752371583163,0.9283053950206942,0.016173141259056268,0.9077059461129348,0.15076209745149238,0.8678940341507975,0.9539412666086395,0.4238073543763574
acs_ct0_puma,59301,3,560,560,1680,10,3.0,443,25.0,1.0,22.84401552070495,0.8674454967200178,0.001985183160750359,1,0.890385122629722,0.13330752636860885,0.8804019394280093,0.920462379829866,0.05167486936638115,0.8923703057904724,0.14154661204419736,0.8835640503126976,0.9962859262134901,0.5034059664936366
acs_ct0_puma,59301,3,560,560,1680,10,3.0,443,25.0,1.0,20.475568480661956,0.8328486196684887,-0.0013616742613717925,0,0.9231340360214786,0.12076651139166006,0.9099149743517673,1.3490224173702121,0.09431852158595495,0.9217723617601068,0.13150572720200152,0.9083690534748086,1.298811994907698,0.5899809326923334
acs_ct0_puma,59301,3,560,560,1680,10,3.0,443,25.0,1.0,14.100751868260431,0.7854112959580368,-0.0025128621453081035,0,0.9009479144079133,0.1420412142569424,0.876185791581758,0.8984985905133166,-0.08106264588256167,0.8984350522626052,0.14731904588687783,0.8748506780971119,0.9979766670442813,0.4538960621771808
acs_ct0_puma,59301,3,560,560,1680,10,3.0,443,25.0,1.0,14.933319804623222,0.798659284034646,0.00038590476952393704,1,0.8774756163218583,0.14890722363376466,0.8648724615276508,0.8143343749711008,-0.24423550964276772,0.8778615210913823,0.14758154398489326,0.8616400815121917,0.9201544619943425,0.29218991671877803
acs_ct0_puma,59301,3,560,560,1680,10,3.0,443,25.0,1.0,25.431162693726222,0.8783690059620507,-0.00023184810428500402,0,0.9058262602559681,0.15369060753128838,0.8603752371583163,0.9283053950206942,0.016173141259056268,0.9055944121516831,0.15312858685271652,0.8683156489354226,0.9975643486052532,0.48796684121870165
acs_ct0_puma,59301,2,560,560,1120,10,2.0,443,25.0,1.0,14.89916837488249,0.865532392921071,0.0004513194224967654,1,0.890385122629722,0.13330752636860885,0.8804019394280093,0.920462379829866,0.05167486936638115,0.8908364420522188,0.140012799703141,0.8789965568125923,1.0618825673049275,0.3589152029789018
acs_ct0_puma,59301,2,560,560,1120,10,2.0,443,25.0,1.0,11.334794067050325,0.8123360485237687,0.005629781153147495,1,0.9231340360214786,0.12076651139166006,0.9099149743517673,1.3490224173702121,0.09431852158595495,0.9287638171746261,0.12655215265220346,0.9154662356826646,1.4572944404851569,0.5104225343387889
acs_ct0_puma,59301,2,560,560,1120,10,2.0,443,25.0,1.0,8.344331938475733,0.759601816272389,-0.002801949675402593,0,0.9009479144079133,0.1420412142569424,0.876185791581758,0.8984985905133166,-0.08106264588256167,0.8981459647325107,0.14600811644205755,0.8732344880893823,1.042931376292294,0.3511368327409694
acs_ct0_puma,59301,2,560,560,1120,10,2.0,443,25.0,1.0,7.767605654814117,0.7170964048398857,0.005731656598490731,1,0.8774756163218583,0.14890722363376466,0.8648724615276508,0.8143343749711008,-0.24423550964276772,0.8832072729203491,0.14528290605938557,0.8664183824046097,0.991636136182296,0.1946332709489909
acs_ct0_puma,59301,2,560,560,1120,10,2.0,443,25.0,1.0,7.280231811580173,0.718381534005976,0.0017492739444068262,1,0.9058262602559681,0.15369060753128838,0.8603752371583163,0.9283053950206942,0.016173141259056268,0.907575534200375,0.15206228806208041,0.8653643454430469,1.0421285602436758,0.3810124331991091
acs_ct0_puma,59301,1,560,560,560,10,1.0,443,25.0,1.0,1.6091813326175584,0.37508403049651384,-0.0006663755376671299,0,0.890385122629722,0.13330752636860885,0.8804019394280093,0.920462379829866,0.05167486936638115,0.8897187470920549,0.1384909055657447,0.8792776333356755,1.01860095831063,0.38979178699758577
acs_ct0_puma,59301,1,560,560,560,10,1.0,443,25.0,1.0,3.788145830327517,0.7359569945075075,-0.003072423721525386,0,0.9231340360214786,0.12076651139166006,0.9099149743517673,1.3490224173702121,0.09431852158595495,0.9200616122999532,0.13069061414512262,0.9074555547747875,1.4537205794502048,0.4921893250685321
acs_ct0_puma,59301,1,560,560,560,10,1.0,443,25.0,1.0,7.295471127696625,0.8457421569648261,0.006295781744568463,1,0.9009479144079133,0.1420412142569424,0.876185791581758,0.8984985905133166,-0.08106264588256167,0.9072436961524818,0.13953899535360387,0.8837045885742393,1.0864050507689542,0.33454158742178036
acs_ct0_puma,59301,1,560,560,560,10,1.0,443,25.0,1.0,2.9833529604334066,0.6591684419830134,0.006215296884939159,1,0.8774756163218583,0.14890722363376466,0.8648724615276508,0.8143343749711008,-0.24423550964276772,0.8836909132067975,0.14673111770011643,0.8647319232661091,0.924817993725811,0.2087323430698767
acs_ct0_puma,59301,1,560,560,560,10,1.0,443,25.0,1.0,0.4953597224011783,0.0,-0.0006677597999711349,0,0.9058262602559681,0.15369060753128838,0.8603752371583163,0.9283053950206942,0.016173141259056268,0.905158500455997,0.15519070790199763,0.8592509310659826,1.072802435487459,0.3345304650330093
acs_ct0_puma,59301,3,560,560,1680,10,3.0,443,25.0,1.0,15.808505458109517,0.7974609970948823,0.000651156779743367,1,0.890385122629722,0.13330752636860885,0.8804019394280093,0.920462379829866,0.05167486936638115,0.8910362794094654,0.14266464110396262,0.8780127889818002,0.8976681323522402,0.5188383166650843
acs_ct0_puma,59301,3,560,560,1680,10,3.0,443,25.0,1.0,16.254925732673655,0.8154014564766026,-0.012615964904393318,0,0.9231340360214786,0.12076651139166006,0.9099149743517673,1.3490224173702121,0.09431852158595495,0.9105180711170853,0.13616470846862663,0.8960719555899093,1.1812774020412329,0.5738589416236424
acs_ct0_puma,59301,3,560,560,1680,10,3.0,443,25.0,1.0,25.280554112898677,0.8811817359632015,0.00990927944529374,1,0.9009479144079133,0.1420412142569424,0.876185791581758,0.8984985905133166,-0.08106264588256167,0.9108571938532071,0.13813266064867544,0.8871477759820111,0.9831329646494523,0.42456845045679564
acs_ct0_puma,59301,3,560,560,1680,10,3.0,443,25.0,1.0,23.770873522488955,0.8634463436674729,0.006446567470272169,1,0.8774756163218583,0.14890722363376466,0.8648724615276508,0.8143343749711008,-0.24423550964276772,0.8839221837921305,0.14871406882043106,0.8624833110814418,0.8451488802637694,0.3181899398501635
acs_ct0_puma,59301,3,560,560,1680,10,3.0,443,25.0,1.0,8.227343110964656,0.6339297980580707,-0.003232113750889609,0,0.9058262602559681,0.15369060753128838,0.8603752371583163,0.9283053950206942,0.016173141259056268,0.9025941465050785,0.1580873650019565,0.8570725880120862,0.9694207718938779,0.48072584706650384
acs_ct0_puma,59301,4,560,560,2240,10,4.0,443,25.0,1.0,15.636965138959624,0.7439726864159277,0.0013197262664819132,1,0.890385122629722,0.13330752636860885,0.8804019394280093,0.920462379829866,0.05167486936638115,0.8917048488962039,0.14150609135553235,0.8808235542126344,0.9697969650408087,0.5000933287217671
acs_ct0_puma,59301,4,560,560,2240,10,4.0,443,25.0,1.0,20.075607209068917,0.7868467984974354,-0.0004818782791093934,0,0.9231340360214786,0.12076651139166006,0.9099149743517673,1.3490224173702121,0.09431852158595495,0.9226521577423692,0.1286546566648367,0.9085798608671212,1.2531691700246876,0.559831144210406
acs_ct0_puma,59301,4,560,560,2240,10,4.0,443,25.0,1.0,15.074139752639354,0.7231228499631865,0.00559318171943568,1,0.9009479144079133,0.1420412142569424,0.876185791581758,0.8984985905133166,-0.08106264588256167,0.906541096127349,0.1418495391951997,0.8827910898742183,0.997048504519707,0.4222222349040078
acs_ct0_puma,59301,4,560,560,2240,10,4.0,443,25.0,1.0,17.592391651357246,0.7714543893886386,0.009402823426049367,1,0.8774756163218583,0.14890722363376466,0.8648724615276508,0.8143343749711008,-0.24423550964276772,0.8868784397479077,0.14537113838173307,0.8664886515353806,0.8824508674064201,0.25200040230726334
acs_ct0_puma,59301,4,560,560,2240,10,4.0,443,25.0,1.0,30.455461492191652,0.8595320850210091,0.0021016838535508064,1,0.9058262602559681,0.15369060753128838,0.8603752371583163,0.9283053950206942,0.016173141259056268,0.9079279441095189,0.15197589557955674,0.869088609373902,1.031872110905542,0.47616785548649204
acs_ct0_puma,59301,1,560,560,560,10,1.0,443,25.0,1.0,5.480568253568061,0.8120343335349299,-0.00024137293705817076,0,0.890385122629722,0.13330752636860885,0.8804019394280093,0.920462379829866,0.05167486936638115,0.8901437496926639,0.13766583102198796,0.8804722085587802,0.9481057106596527,0.36129418396544055
acs_ct0_puma,59301,1,560,560,560,10,1.0,443,25.0,1.0,4.388840662957905,0.7552717412462615,-0.006315176272240319,0,0.9231340360214786,0.12076651139166006,0.9099149743517673,1.3490224173702121,0.09431852158595495,0.9168188597492383,0.12913454690505025,0.9042231747593282,1.2094067535550572,0.45660502956403626
acs_ct0_puma,59301,1,560,560,560,10,1.0,443,25.0,1.0,1.0613487539301247,0.20851113513420205,-0.0028667796618312424,0,0.9009479144079133,0.1420412142569424,0.876185791581758,0.8984985905133166,-0.08106264588256167,0.8980811347460821,0.14446817390915942,0.8745696015740286,0.9281380002745724,0.2937667493416036
acs_ct0_puma,59301,1,560,560,560,10,1.0,443,25.0,1.0,7.808124681321425,0.8700597786386988,0.0075867183705055075,1,0.8774756163218583,0.14890722363376466,0.8648724615276508,0.8143343749711008,-0.24423550964276772,0.8850623346923638,0.14426394210277385,0.8659264984892137,0.8771816595457831,0.1404846243093932
acs_ct0_puma,59301,1,560,560,560,10,1.0,443,25.0,1.0,9.923809882609785,0.8929108475503746,-0.004639787374751014,0,0.9058262602559681,0.15369060753128838,0.8603752371583163,0.9283053950206942,0.016173141259056268,0.9011864728812171,0.1519912378950434,0.8645211158737967,1.0104398594958197,0.3537381484802511
acs_ct0_puma,7704,3,560,560,1680,10,3.0,289,20.2,1.0,10.173288074869681,0.6909029287891616,0.03927788056420145,1,0.7652491338809939,0.13645383875111852,0.8749906092705281,0.9431779643192439,-0.14280793183412704,0.8045270144451954,0.13089222728157557,0.8891893922319886,1.1665152987205405,-0.12229834738403189
acs_ct0_puma,7704,3,560,560,1680,10,3.0,289,20.2,1.0,14.064677093766239,0.7860442031266344,0.0007134030520248302,1,0.8071377676482665,0.13601830905506987,0.8697318007662835,0.929592684419181,-0.04303044503782016,0.8078511707002913,0.1381591959222788,0.8677034032003605,1.0773446696897635,0.016826652121381132
acs_ct0_puma,7704,3,560,560,1680,10,3.0,289,20.2,1.0,16.593509595415636,0.8188734741135091,-0.006120852161318968,0,0.7574403195472525,0.14159101725418533,0.8660506348133123,0.8733178674417778,-0.03630904679603768,0.7513194673859336,0.14418247692659616,0.8622943430245662,0.9780939911735194,0.016477588020895946
acs_ct0_puma,7704,3,560,560,1680,10,3.0,289,20.2,1.0,14.26390462756283,0.7381835852265077,-0.0020981934908763655,0,0.8044428535891877,0.14685942662228602,0.8492224475997295,0.7920457764905934,0.2051181502494161,0.8023446600983113,0.14602163118516834,0.8477950567200061,0.9191318161917081,0.16738842875457474
acs_ct0_puma,7704,3,560,560,1680,10,3.0,289,20.2,1.0,13.633623394102454,0.7793313744435344,0.008639911136548606,1,0.7885981840959592,0.14733809807522114,0.8529787393884757,0.8338949762778026,-0.18724534082647648,0.7972380952325078,0.14460750093251787,0.8590639320862445,1.0155557216872233,-0.08439549697858352
acs_ct0_puma,7704,2,560,560,1120,10,2.0,289,20.2,1.0,10.448896011875341,0.8063635388475083,0.029375737688020376,1,0.7652491338809939,0.13645383875111852,0.8749906092705281,0.9431779643192439,-0.14280793183412704,0.7946248715690143,0.1343028789877301,0.8839305837277439,1.173133834822857,-0.19023003341885328
acs_ct0_puma,7704,2,560,560,1120,10,2.0,289,20.2,1.0,9.351857550732145,0.7821146590958612,0.005506879005505838,1,0.8071377676482665,0.13601830905506987,0.8697318007662835,0.929592684419181,-0.04303044503782016,0.8126446466537723,0.13908260942430362,0.8669521448426114,1.0332387217673404,-0.13274862290283695
acs_ct0_puma,7704,2,560,560,1120,10,2.0,289,20.2,1.0,8.49372342140926,0.7379205302695082,-0.002706955561858293,0,0.7574403195472525,0.14159101725418533,0.8660506348133123,0.8733178674417778,-0.03630904679603768,0.7547333639853943,0.14343574143489465,0.863496356396965,1.018542072387333,-0.07983082973516502
acs_ct0_puma,7704,2,560,560,1120,10,2.0,289,20.2,1.0,6.093635174648549,0.6717499510080993,-0.003989331891398273,0,0.8044428535891877,0.14685942662228602,0.8492224475997295,0.7920457764905934,0.2051181502494161,0.8004535216977894,0.14663440956696006,0.8461422883329576,0.9538267237648915,0.05969229587089962
acs_ct0_puma,7704,2,560,560,1120,10,2.0,289,20.2,1.0,10.327440824600316,0.8050522678535921,0.007191165005389855,1,0.7885981840959592,0.14733809807522114,0.8529787393884757,0.8338949762778026,-0.18724534082647648,0.795789349101349,0.14641823853864683,0.8556081436405979,1.0113395389499298,-0.17932638499832482
acs_ct0_puma,7704,3,560,560,1680,10,3.0,289,20.2,1.0,19.41126884156292,0.8138372474600472,0.045355767048398166,1,0.7652491338809939,0.13645383875111852,0.8749906092705281,0.9431779643192439,-0.14280793183412704,0.8106049009293921,0.1277594546581612,0.89272030651341,1.0157114868151487,-0.19472845819320825
acs_ct0_puma,7704,3,560,560,1680,10,3.0,289,20.2,1.0,17.227690209398236,0.8064062332149611,0.006143992097174533,1,0.8071377676482665,0.13601830905506987,0.8697318007662835,0.929592684419181,-0.04303044503782016,0.813281759745441,0.13503810741222846,0.8704079332882578,0.9824004234296099,-0.06718346960868588
acs_ct0_puma,7704,3,560,560,1680,10,3.0,289,20.2,1.0,15.02375212103788,0.7988427724711042,-0.0025019377949551114,0,0.7574403195472525,0.14159101725418533,0.8660506348133123,0.8733178674417778,-0.03630904679603768,0.7549383817522974,0.14131303701175088,0.8643978664262641,0.8542102121550068,-0.09572675792716556
acs_ct0_puma,7704,3,560,560,1680,10,3.0,289,20.2,1.0,9.663601391810268,0.6815411086795462,-0.0005000045919775209,0,0.8044428535891877,0.14685942662228602,0.8492224475997295,0.7920457764905934,0.2051181502494161,0.8039428489972101,0.14589920221882527,0.8492975734355045,0.8086562105973119,0.05210412810255028
acs_ct0_puma,7704,3,560,560,1680,10,3.0,289,20.2,1.0,16.6976958380204,0.801334861170453,0.008225481239365617,1,0.7885981840959592,0.14733809807522114,0.8529787393884757,0.8338949762778026,-0.18724534082647648,0.7968236653353248,0.14468133756838272,0.8578619187138458,0.9339454948205653,-0.17026846182486519
acs_ct0_puma,7704,1,560,560,560,10,1.0,289,20.2,1.0,1.4539732670468348,0.2994808920675146,0.027639505869902714,1,0.7652491338809939,0.13645383875111852,0.8749906092705281,0.9431779643192439,-0.14280793183412704,0.7928886397508966,0.13300186097803363,0.8823529411764707,1.042004309035571,0.0682875705488815
acs_ct0_puma,7704,1,560,560,560,10,1.0,289,20.2,1.0,1.4949459921742128,0.2878692884344989,0.012016138072492466,1,0.8071377676482665,0.13601830905506987,0.8697318007662835,0.929592684419181,-0.04303044503782016,0.819153905720759,0.13427016804172479,0.8709338141386823,0.9532715763971774,0.1667336264350592
acs_ct0_puma,7704,1,560,560,560,10,1.0,289,20.2,1.0,1.6415698750346723,0.3416245154651857,0.017373294015372576,1,0.7574403195472525,0.14159101725418533,0.8660506348133123,0.8733178674417778,-0.03630904679603768,0.7748136135626251,0.14248367253330615,0.8634963563969648,0.8529530935098223,0.21050033433580434
acs_ct0_puma,7704,1,560,560,560,10,1.0,289,20.2,1.0,1.0951775278313698,0.12274318727405753,0.0030471131774103544,1,0.8044428535891877,0.14685942662228602,0.8492224475997295,0.7920457764905934,0.2051181502494161,0.807489966766598,0.1460164180989481,0.8488468184208551,0.8217678253361884,0.3476562897650447
acs_ct0_puma,7704,1,560,560,560,10,1.0,289,20.2,1.0,2.7981639874882847,0.6408826335077882,0.01765539940794658,1,0.7885981840959592,0.14733809807522114,0.8529787393884757,0.8338949762778026,-0.18724534082647648,0.8062535835039057,0.14125799515928736,0.8610172038163926,0.9013842806967206,0.027426760179814446
acs_ct0_puma,7704,3,560,560,1680,10,3.0,289,20.2,1.0,14.60180381441331,0.7012962629845657,0.03404356996858682,1,0.7652491338809939,0.13645383875111852,0.8749906092705281,0.9431779643192439,-0.14280793183412704,0.7992927038495807,0.13204797224405082,0.8853579746074675,1.0333167671739765,-0.23304087519237343
acs_ct0_puma,7704,3,560,560,1680,10,3.0,289,20.2,1.0,19.49076635368901,0.8222526032816608,0.0019985855842605815,1,0.8071377676482665,0.13601830905506987,0.8697318007662835,0.929592684419181,-0.04303044503782016,0.8091363532325271,0.13707366036138943,0.8696566749305085,0.9977068523051018,-0.10967046660433835
acs_ct0_puma,7704,3,560,560,1680,10,3.0,289,20.2,1.0,24.879134418688256,0.8205757433394426,-0.0036832710524756784,0,0.7574403195472525,0.14159101725418533,0.8660506348133123,0.8733178674417778,-0.03630904679603768,0.7537570484947769,0.14329261146585806,0.8613177071594922,0.8859594810782063,-0.07130545525894924
acs_ct0_puma,7704,3,560,560,1680,10,3.0,289,20.2,1.0,13.203424900489484,0.6343919855020965,-0.001322882328506192,0,0.8044428535891877,0.14685942662228602,0.8492224475997295,0.7920457764905934,0.2051181502494161,0.8031199712606815,0.1468603667368305,0.8489970700924048,0.8150146593815111,0.018215258259187482
acs_ct0_puma,7704,3,560,560,1680,10,3.0,289,20.2,1.0,16.269910078426033,0.8088946912292202,0.008692237421518145,1,0.7885981840959592,0.14733809807522114,0.8529787393884757,0.8338949762778026,-0.18724534082647648,0.7972904215174773,0.14591262839258423,0.8568852828487716,0.9273000086841379,-0.19945205188001172
acs_ct0_puma,7704,3,560,560,1680,10,3.0,289,20.2,1.0,11.005432768864196,0.71473765698127,0.024560075113181257,1,0.7652491338809939,0.13645383875111852,0.8749906092705281,0.9431779643192439,-0.14280793183412704,0.7898092089941752,0.13267520937691527,0.8840808353992938,1.0161307897348173,-0.11333746230246494
acs_ct0_puma,7704,3,560,560,1680,10,3.0,289,20.2,1.0,13.804075943663092,0.7824985162193059,-0.004959579348152832,0,0.8071377676482665,0.13601830905506987,0.8697318007662835,0.929592684419181,-0.04303044503782016,0.8021781883001137,0.13693890141116605,0.8710089399744572,1.0143906583942013,0.0278177259658813
acs_ct0_puma,7704,3,560,560,1680,10,3.0,289,20.2,1.0,10.82647798597971,0.7227255933952896,-0.0033222629341064236,0,0.7574403195472525,0.14159101725418533,0.8660506348133123,0.8733178674417778,-0.03630904679603768,0.7541180566131461,0.14243375281902246,0.8648486214409136,0.9122860729976383,0.009643228153651052
acs_ct0_puma,7704,3,560,560,1680,10,3.0,289,20.2,1.0,18.240042951108446,0.8353507372606488,-0.000511614471401356,0,0.8044428535891877,0.14685942662228602,0.8492224475997295,0.7920457764905934,0.2051181502494161,0.8039312391177863,0.14526054134869798,0.8544061302681993,0.8361235463538036,0.1258846974231343
acs_ct0_puma,7704,3,560,560,1680,10,3.0,289,20.2,1.0,5.909059844694132,0.4921255549461766,0.0022394884205301224,1,0.7885981840959592,0.14733809807522114,0.8529787393884757,0.8338949762778026,-0.18724534082647648,0.7908376725164893,0.1459952914374652,0.8559086469836977,0.9566803909214637,-0.06348310013545418
acs_ct0_puma,7704,3,560,560,1680,10,3.0,289,20.2,1.0,15.232729010563084,0.7512033107954598,0.04027283920159108,1,0.7652491338809939,0.13645383875111852,0.8749906092705281,0.9431779643192439,-0.14280793183412704,0.805521973082585,0.13311324422473053,0.8879122530238148,1.0627409316630356,-0.3809015322392328
acs_ct0_puma,7704,3,560,560,1680,10,3.0,289,20.2,1.0,11.658501611421391,0.7426200088149866,0.002539471165496132,1,0.8071377676482665,0.13601830905506987,0.8697318007662835,0.929592684419181,-0.04303044503782016,0.8096772388137626,0.1399077026418378,0.8692059199158589,1.0136764778550333,-0.28712191621080335
acs_ct0_puma,7704,3,560,560,1680,10,3.0,289,20.2,1.0,5.320145824963582,0.4291963596006315,-0.0036715950467679503,0,0.7574403195472525,0.14159101725418533,0.8660506348133123,0.8733178674417778,-0.03630904679603768,0.7537687245004846,0.14337992901380858,0.8655998797986628,0.9031156633874192,-0.2677384232777845
acs_ct0_puma,7704,3,560,560,1680,10,3.0,289,20.2,1.0,45.02996669999641,0.8310595436163868,0.006180961817014441,1,0.8044428535891877,0.14685942662228602,0.8492224475997295,0.7920457764905934,0.2051181502494161,0.8106238154062021,0.1459018540615014,0.8569604086845467,0.8709596914082823,-0.18927169648448383
acs_ct0_puma,7704,3,560,560,1680,10,3.0,289,20.2,1.0,9.498393790725695,0.6736623205568452,0.006947423657718055,1,0.7885981840959592,0.14733809807522114,0.8529787393884757,0.8338949762778026,-0.18724534082647648,0.7955456077536772,0.14952818509422483,0.8578619187138457,0.9588995978171223,-0.36375342099695096
acs_ct0_puma,7704,4,560,560,2240,10,4.0,289,20.2,1.0,21.65383554591935,0.8121954637676831,0.03575684381506272,1,0.7652491338809939,0.13645383875111852,0.8749906092705281,0.9431779643192439,-0.14280793183412704,0.8010059776960566,0.1355627037373469,0.882052437833371,1.0636255833348633,-0.10640148599434825
acs_ct0_puma,7704,4,560,560,2240,10,4.0,289,20.2,1.0,13.14976463790211,0.6905386198431919,-0.0026402673095775597,0,0.8071377676482665,0.13601830905506987,0.8697318007662835,0.929592684419181,-0.04303044503782016,0.8044975003386889,0.1376050115296566,0.8686800390654346,0.9934600704244596,-0.04492476519558844
acs_ct0_puma,7704,4,560,560,2240,10,4.0,289,20.2,1.0,14.026995059310913,0.7147696958975839,-0.0034605483532021974,0,0.7574403195472525,0.14159101725418533,0.8660506348133123,0.8733178674417778,-0.03630904679603768,0.7539797711940504,0.14418124490125667,0.8581624220569455,0.8920863489963797,-0.02638367501724706
acs_ct0_puma,7704,4,560,560,2240,10,4.0,289,20.2,1.0,11.801686321594419,0.6300607087572259,-0.00403731820402442,0,0.8044428535891877,0.14685942662228602,0.8492224475997295,0.7920457764905934,0.2051181502494161,0.8004055353851632,0.1472080621018611,0.846818420854932,0.8707832356271474,0.06571320492318337
acs_ct0_puma,7704,4,560,560,2240,10,4.0,289,20.2,1.0,16.12039310841018,0.734973487148321,0.012364681209444672,1,0.7885981840959592,0.14733809807522114,0.8529787393884757,0.8338949762778026,-0.18724534082647648,0.8009628653054038,0.1460874506952384,0.854631507775524,0.9376600290574445,-0.15216405039304193
acs_ct0_puma,7704,1,560,560,560,10,1.0,289,20.2,1.0,1.8938155439123423,0.47195182305792815,0.016806476832284645,1,0.7652491338809939,0.13645383875111852,0.8749906092705281,0.9431779643192439,-0.14280793183412704,0.7820556107132786,0.13510875910627254,0.8799489144316731,1.0731330306618203,0.003501209913886234
acs_ct0_puma,7704,1,560,560,560,10,1.0,289,20.2,1.0,2.116159645673079,0.35052095138121425,0.004326956748825772,1,0.8071377676482665,0.13601830905506987,0.8697318007662835,0.929592684419181,-0.04303044503782016,0.8114647243970923,0.1392597018609325,0.8675531515288107,1.1112123848790938,0.13229718239314753
acs_ct0_puma,7704,1,560,560,560,10,1.0,289,20.2,1.0,2.9754576056674837,0.4896511729114237,0.02403083425193686,1,0.7574403195472525,0.14159101725418533,0.8660506348133123,0.8733178674417778,-0.03630904679603768,0.7814711537991894,0.14235843484448765,0.8661257606490872,1.0628132273440065,0.13881594063874836
acs_ct0_puma,7704,1,560,560,560,10,1.0,289,20.2,1.0,3.7827929587520113,0.43153768962660743,0.0002662930134882391,1,0.8044428535891877,0.14685942662228602,0.8492224475997295,0.7920457764905934,0.2051181502494161,0.8047091466026759,0.1455245970475202,0.8514762226729772,0.9518986713060876,0.27146827618875047
acs_ct0_puma,7704,1,560,560,560,10,1.0,289,20.2,1.0,5.123190880549158,0.7873410923803431,-0.00057688045425075,0,0.7885981840959592,0.14733809807522114,0.8529787393884757,0.8338949762778026,-0.18724534082647648,0.7880213036417084,0.14619608587330005,0.8530538652242506,0.9832932129068233,-0.03428200490839419
acs_ct0_puma,7704,4,560,560,2240,10,4.0,289,20.2,1.0,16.80710434566212,0.7567513224589735,0.04462153482541986,1,0.7652491338809939,0.13645383875111852,0.8749906092705281,0.9431779643192439,-0.14280793183412704,0.8098706687064138,0.12945611163135134,0.8910675381263617,1.157071510982871,-0.20320070729707101
acs_ct0_puma,7704,4,560,560,2240,10,4.0,289,20.2,1.0,14.870312790744702,0.7295095425106193,0.003985519745536736,1,0.8071377676482665,0.13601830905506987,0.8697318007662835,0.929592684419181,-0.04303044503782016,0.8111232873938032,0.13756599169204556,0.8707835624671325,1.0939537233646477,-0.11413305409121088
acs_ct0_puma,7704,4,560,560,2240,10,4.0,289,20.2,1.0,15.839922957740516,0.675830594633848,-0.006654550910053403,0,0.7574403195472525,0.14159101725418533,0.8660506348133123,0.8733178674417778,-0.03630904679603768,0.7507857686371991,0.1420784902898551,0.8642476147547142,0.9588958366139992,-0.09725425430017005
acs_ct0_puma,7704,4,560,560,2240,10,4.0,289,20.2,1.0,27.617297065366664,0.8043292198926757,0.0038733077610463296,1,0.8044428535891877,0.14685942662228602,0.8492224475997295,0.7920457764905934,0.2051181502494161,0.808316161350234,0.14365009811945825,0.854781759447074,0.9430976822101464,-0.0015217484745150135
acs_ct0_puma,7704,4,560,560,2240,10,4.0,289,20.2,1.0,19.481768494957404,0.7938178367758475,0.009133024683083302,1,0.7885981840959592,0.14733809807522114,0.8529787393884757,0.8338949762778026,-0.18724534082647648,0.7977312087790425,0.14459986836845082,0.8604913229659681,0.9904597946233368,-0.19966999947832356
acs_ct0_puma,7704,1,560,560,560,10,1.0,289,20.2,1.0,5.025555953817701,0.7947204260683743,0.03579283076360018,1,0.7652491338809939,0.13645383875111852,0.8749906092705281,0.9431779643192439,-0.14280793183412704,0.8010419646445941,0.12980088645278515,0.8891893922319887,1.0793628850689685,-0.15153171851780595
acs_ct0_puma,7704,1,560,560,560,10,1.0,289,20.2,1.0,8.527924346652071,0.8805225814748465,0.005731443236566602,1,0.8071377676482665,0.13601830905506987,0.8697318007662835,0.929592684419181,-0.04303044503782016,0.8128692108848331,0.13472058894757002,0.8727368341972803,1.03977246528856,-0.03571115699955618
acs_ct0_puma,7704,1,560,560,560,10,1.0,289,20.2,1.0,3.4557140191455327,0.7089719551575735,-0.007322190689031727,0,0.7574403195472525,0.14159101725418533,0.8660506348133123,0.8733178674417778,-0.03630904679603768,0.7501181288582208,0.14298078260663943,0.8623694688603409,0.8988313316375314,-0.00452952366845261
acs_ct0_puma,7704,1,560,560,560,10,1.0,289,20.2,1.0,4.233566511275155,0.7634459002746203,-0.005116430688755336,0,0.8044428535891877,0.14685942662228602,0.8492224475997295,0.7920457764905934,0.2051181502494161,0.7993264229004323,0.14827140727473406,0.8452407783036586,0.8198224404575897,0.15114818746532252
acs_ct0_puma,7704,1,560,560,560,10,1.0,289,20.2,1.0,5.26448244385156,0.7695743803578294,0.010795320341331238,1,0.7885981840959592,0.14733809807522114,0.8529787393884757,0.8338949762778026,-0.18724534082647648,0.7993935044372904,0.1423718535338542,0.8630456013823155,0.9419678247006434,-0.14826999707639152
acs_ct0_puma,7704,1,560,560,560,10,1.0,289,20.2,1.0,2.574165536366359,0.380113969078041,-0.005773829366053751,0,0.7652491338809939,0.13645383875111852,0.8749906092705281,0.9431779643192439,-0.14280793183412704,0.7594753045149402,0.1377992638542246,0.8753662384494028,0.9349347420520955,0.06625255758449494
acs_ct0_puma,7704,1,560,560,560,10,1.0,289,20.2,1.0,4.803445384167432,0.7818703537476388,-0.01248438399465801,0,0.8071377676482665,0.13601830905506987,0.8697318007662835,0.929592684419181,-0.04303044503782016,0.7946533836536085,0.13757709904648643,0.8716850724964317,0.991979851455801,0.19424317847014066
acs_ct0_puma,7704,1,560,560,560,10,1.0,289,20.2,1.0,2.814336861230669,0.5916507961667627,-0.003160267438963249,0,0.7574403195472525,0.14159101725418533,0.8660506348133123,0.8733178674417778,-0.03630904679603768,0.7542800521082893,0.14431820670516918,0.8627450980392157,0.8629587442273805,0.19459314648472759
acs_ct0_puma,7704,1,560,560,560,10,1.0,289,20.2,1.0,3.2278262710033108,0.6570237620806112,-0.004426376379119468,0,0.8044428535891877,0.14685942662228602,0.8492224475997295,0.7920457764905934,0.2051181502494161,0.8000164772100682,0.14834483193649822,0.8495980767786042,0.7759350578568588,0.3215080840368291
acs_ct0_puma,7704,1,560,560,560,10,1.0,289,20.2,1.0,1.2586046964499835,0.20408280366500517,0.0002999369077025804,1,0.7885981840959592,0.14733809807522114,0.8529787393884757,0.8338949762778026,-0.18724534082647648,0.7888981210036617,0.1450908053069397,0.856659905341447,0.8879548024003356,0.06634139027700266
acs_ct0_puma,819,3,560,560,1680,10,3.0,390,27.3,1.0,34.2040459464087,0.8547332250754613,-0.003145406091314751,0,0.761766496572974,0.18591848853294696,0.7918143283996942,0.953688734522764,0.12599357883852355,0.7586210904816593,0.18847877622405948,0.7941769161281357,0.8407437201244267,0.20607305317248173
acs_ct0_puma,819,3,560,560,1680,10,3.0,390,27.3,1.0,31.10530677013114,0.8833629172638873,-0.01007554030692015,0,0.762995399468412,0.19174262498881295,0.7787506080189006,0.8647723873930556,0.024124358051524027,0.7529198591614918,0.19265382444193888,0.7783336807727051,0.8329895286675594,0.12489483595006712
acs_ct0_puma,819,3,560,560,1680,10,3.0,390,27.3,1.0,23.078953105610495,0.8436584927599855,-0.012405262359080793,0,0.7624078451330227,0.17628418811407964,0.8156486693072059,1.0611028678622711,-0.08932222860930515,0.7500025827739419,0.17855774008576622,0.8097421999861024,0.9128252730699205,0.05935634258990223
acs_ct0_puma,819,3,560,560,1680,10,3.0,390,27.3,1.0,29.084201197284113,0.8887550313740555,0.03198220812158914,1,0.723745641512619,0.1986651406756332,0.7636022514071295,0.7645262372311099,-0.05692637318240887,0.7557278496342081,0.18472605664018288,0.7957751372385519,0.865384084111092,0.020668951448294972
acs_ct0_puma,819,3,560,560,1680,10,3.0,390,27.3,1.0,20.465820648846645,0.8265027012810546,-0.0010108053219621826,0,0.7518238720162496,0.18743227085793146,0.789382252796887,0.8366636001128938,-0.05698078374307608,0.7508130666942874,0.18295677299536722,0.7982767007157251,0.9024898401658173,0.04238813501428249
acs_ct0_puma,819,1,560,560,560,10,1.0,390,27.3,1.0,2.8460730874181177,0.5217158021872536,-0.0008249677443987746,0,0.761766496572974,0.18591848853294696,0.7918143283996942,0.953688734522764,0.12599357883852355,0.7609415288285752,0.18557575256008152,0.7948023069974289,0.8076220842277497,-0.04753619637666579
acs_ct0_puma,819,1,560,560,560,10,1.0,390,27.3,1.0,3.362797953201573,0.6613870849349828,0.004486597750539167,1,0.762995399468412,0.19174262498881295,0.7787506080189006,0.8647723873930556,0.024124358051524027,0.7674819972189512,0.19007856716476645,0.7859773469529567,0.7746849490149849,-0.07557193424205089
acs_ct0_puma,819,1,560,560,560,10,1.0,390,27.3,1.0,4.435056513315725,0.7667280587182359,0.008265180744105649,1,0.7624078451330227,0.17628418811407964,0.8156486693072059,1.0611028678622711,-0.08932222860930515,0.7706730258771284,0.17508821126223675,0.8180807449100131,0.9226189476464718,-0.21208666490574532
acs_ct0_puma,819,1,560,560,560,10,1.0,390,27.3,1.0,5.593935156051963,0.8141601247048951,0.025361974814982813,1,0.723745641512619,0.1986651406756332,0.7636022514071295,0.7645262372311099,-0.05692637318240887,0.7491076163276018,0.19058520123360234,0.78847891043013,0.7578843342464386,-0.2330527936751949
acs_ct0_puma,819,1,560,560,560,10,1.0,390,27.3,1.0,1.8613865774354972,0.3823529472164868,0.0027102207397395883,1,0.7518238720162496,0.18743227085793146,0.789382252796887,0.8366636001128938,-0.05698078374307608,0.7545340927559891,0.1849980520957332,0.7961920644847473,0.816206648679909,-0.1839604228724555
acs_ct0_puma,819,2,560,560,1120,10,2.0,390,27.3,1.0,9.256249657679026,0.729814571140573,0.002869313813056773,1,0.761766496572974,0.18591848853294696,0.7918143283996942,0.953688734522764,0.12599357883852355,0.7646358103860308,0.1840029360068934,0.7961920644847474,0.9101437342133272,-0.06846867457597494
acs_ct0_puma,819,2,560,560,1120,10,2.0,390,27.3,1.0,4.755486405262484,0.5567651343058811,-0.0002469902998920581,0,0.762995399468412,0.19174262498881295,0.7787506080189006,0.8647723873930556,0.024124358051524027,0.7627484091685199,0.19077574943376782,0.7829198804808561,0.8288322422520779,-0.11012347161341587
acs_ct0_puma,819,2,560,560,1120,10,2.0,390,27.3,1.0,7.491733567687795,0.7282817423429071,0.015054519020672896,1,0.7624078451330227,0.17628418811407964,0.8156486693072059,1.0611028678622711,-0.08932222860930515,0.7774623641536956,0.17311821108646477,0.8223195052463345,1.0501118127489766,-0.20158200419333375
acs_ct0_puma,819,2,560,560,1120,10,2.0,390,27.3,1.0,9.694427611572504,0.7935569845532793,0.04042200202132573,1,0.723745641512619,0.1986651406756332,0.7636022514071295,0.7645262372311099,-0.05692637318240887,0.7641676435339447,0.18758457250258867,0.7899381557918143,0.8739492654202738,-0.201915816697907
acs_ct0_puma,819,2,560,560,1120,10,2.0,390,27.3,1.0,3.2916078694839728,0.39185243484812926,0.005295948918676352,1,0.7518238720162496,0.18743227085793146,0.789382252796887,0.8366636001128938,-0.05698078374307608,0.7571198209349259,0.1834249374010065,0.7995274824543117,0.8902807914966328,-0.16255526932219724
acs_ct0_puma,819,4,560,560,2240,10,4.0,390,27.3,1.0,23.003954989896947,0.8250448200965681,-0.009000183205079004,0,0.761766496572974,0.18591848853294696,0.7918143283996942,0.953688734522764,0.12599357883852355,0.752766313367895,0.1879713039075768,0.7964005281078452,0.9406598751744755,0.23461024032772004
acs_ct0_puma,819,4,560,560,2240,10,4.0,390,27.3,1.0,26.354895029673134,0.8215529025364394,-0.02237169619673518,0,0.762995399468412,0.19174262498881295,0.7787506080189006,0.8647723873930556,0.024124358051524027,0.7406237032716768,0.19832437869936612,0.7689528177333055,0.8594713464704443,0.26142960037581114
acs_ct0_puma,819,4,560,560,2240,10,4.0,390,27.3,1.0,18.65331979341625,0.7852456330889561,0.0012384762903059343,1,0.7624078451330227,0.17628418811407964,0.8156486693072059,1.0611028678622711,-0.08932222860930515,0.7636463214233287,0.179049651449302,0.8112014453477867,1.0886095159363678,0.14834797940677147
acs_ct0_puma,819,4,560,560,2240,10,4.0,390,27.3,1.0,22.95886573714727,0.8256942367760731,0.037892391027909755,1,0.723745641512619,0.1986651406756332,0.7636022514071295,0.7645262372311099,-0.05692637318240887,0.7616380325405288,0.1866021291730507,0.7942464040025016,0.8922628379415596,0.14569491575735444
acs_ct0_puma,819,4,560,560,2240,10,4.0,390,27.3,1.0,32.232257625477374,0.8758763180937212,0.0037508044711538346,1,0.7518238720162496,0.18743227085793146,0.789382252796887,0.8366636001128938,-0.05698078374307608,0.7555746764874034,0.18217305100126113,0.8053644639010493,0.943090806233286,0.11993440360894739
acs_ct0_puma,819,1,560,560,560,10,1.0,390,27.3,1.0,10.964259693751965,0.8198900094598671,0.0002620596248252838,1,0.761766496572974,0.18591848853294696,0.7918143283996942,0.953688734522764,0.12599357883852355,0.7620285561977993,0.18871265886433525,0.8059203668959767,0.985927516852116,0.42513530768335667
acs_ct0_puma,819,1,560,560,560,10,1.0,390,27.3,1.0,0.8530950478913799,0.060790537540378616,-0.011704704239725361,0,0.762995399468412,0.19174262498881295,0.7787506080189006,0.8647723873930556,0.024124358051524027,0.7512906952286866,0.20027208425437426,0.7699256479744284,0.8203137949347308,0.3155381857390593
acs_ct0_puma,819,1,560,560,560,10,1.0,390,27.3,1.0,3.120953911211612,0.49314206781198744,-0.011766222095223489,0,0.7624078451330227,0.17628418811407964,0.8156486693072059,1.0611028678622711,-0.08932222860930515,0.7506416230377992,0.18509386974223274,0.8046000972830241,1.0340954396012108,0.2957829989019783
acs_ct0_puma,819,1,560,560,560,10,1.0,390,27.3,1.0,8.21300758442645,0.8533033899155149,0.032675282585082344,1,0.723745641512619,0.1986651406756332,0.7636022514071295,0.7645262372311099,-0.05692637318240887,0.7564209240977013,0.19251703025603162,0.7811131957473421,0.8779606525179512,0.2219490021508209
acs_ct0_puma,819,1,560,560,560,10,1.0,390,27.3,1.0,6.430742268053344,0.8406389831498124,0.000470463523287612,1,0.7518238720162496,0.18743227085793146,0.789382252796887,0.8366636001128938,-0.05698078374307608,0.7522943355395372,0.18490019577244862,0.8005003126954346,0.8961981116663094,0.24609122669701927
acs_ct0_puma,819,1,560,560,560,10,1.0,390,27.3,1.0,4.4685678323488975,0.776110690011824,-0.020620052508596,0,0.761766496572974,0.18591848853294696,0.7918143283996942,0.953688734522764,0.12599357883852355,0.741146444064378,0.18906229334089578,0.7932735737613786,0.9417332956548454,0.26497463960223056
acs_ct0_puma,819,1,560,560,560,10,1.0,390,27.3,1.0,5.963597092801318,0.8322006305100511,-0.020473894762104594,0,0.762995399468412,0.19174262498881295,0.7787506080189006,0.8647723873930556,0.024124358051524027,0.7425215047063074,0.1942237607526192,0.7763880202904592,0.8908420328608946,0.2381797687433268
acs_ct0_puma,819,1,560,560,560,10,1.0,390,27.3,1.0,2.435016027050409,0.5881573524507028,-0.006375555973651137,0,0.7624078451330227,0.17628418811407964,0.8156486693072059,1.0611028678622711,-0.08932222860930515,0.7560322891593716,0.17816804175620699,0.8158571329303036,1.005265105702832,0.13138795064071784
acs_ct0_puma,819,1,560,560,560,10,1.0,390,27.3,1.0,7.513526915242416,0.8658214792593235,0.012818802741295654,1,0.723745641512619,0.1986651406756332,0.7636022514071295,0.7645262372311099,-0.05692637318240887,0.7365644442539147,0.19186553423168332,0.7826419289833925,0.7942560232442745,0.16037035308590877
acs_ct0_puma,819,1,560,560,560,10,1.0,390,27.3,1.0,4.256309555836188,0.7524576631930511,0.0051189472832309235,1,0.7518238720162496,0.18743227085793146,0.789382252796887,0.8366636001128938,-0.05698078374307608,0.7569428192994805,0.18457737928894635,0.7998749218261413,0.8151143148255183,0.16868019027671075
acs_ct0_puma,819,2,560,560,1120,10,2.0,390,27.3,1.0,9.045981508800825,0.7785119671351275,-0.01899667082541978,0,0.761766496572974,0.18591848853294696,0.7918143283996942,0.953688734522764,0.12599357883852355,0.7427698257475542,0.18645113612059247,0.7954971857410882,0.9307780625853703,0.15841801009592596
acs_ct0_puma,819,2,560,560,1120,10,2.0,390,27.3,1.0,11.441110584608126,0.8250609020544455,-0.011163430889218562,0,0.762995399468412,0.19174262498881295,0.7787506080189006,0.8647723873930556,0.024124358051524027,0.7518319685791934,0.19078787671993958,0.7812521714960738,0.9032708626884898,0.13123235373726214
acs_ct0_puma,819,2,560,560,1120,10,2.0,390,27.3,1.0,5.997182009506066,0.6655502897200851,0.003044362733155337,1,0.7624078451330227,0.17628418811407964,0.8156486693072059,1.0611028678622711,-0.08932222860930515,0.7654522078661781,0.17448716865466143,0.8211382113821138,1.037643704499028,0.040676034978896554
acs_ct0_puma,819,2,560,560,1120,10,2.0,390,27.3,1.0,11.406167027355682,0.8233695266428458,0.014829538076725268,1,0.723745641512619,0.1986651406756332,0.7636022514071295,0.7645262372311099,-0.05692637318240887,0.7385751795893443,0.191102601372724,0.7829198804808561,0.7813125017744387,0.06219419881098066
acs_ct0_puma,819,2,560,560,1120,10,2.0,390,27.3,1.0,8.610517445873356,0.7647408467299197,0.005367500976698136,1,0.7518238720162496,0.18743227085793146,0.789382252796887,0.8366636001128938,-0.05698078374307608,0.7571913729929477,0.18236177006739188,0.8016121186852894,0.8329737518303025,0.06547360421110658
acs_ct0_puma,819,3,560,560,1680,10,3.0,390,27.3,1.0,16.7798700882936,0.8211902319909461,-0.00148821769084595,0,0.761766496572974,0.18591848853294696,0.7918143283996942,0.953688734522764,0.12599357883852355,0.7602782788821281,0.18417414504560145,0.7959836008616497,1.0366345864266808,0.08237411876236626
acs_ct0_puma,819,3,560,560,1680,10,3.0,390,27.3,1.0,12.702951157965131,0.7090797977766898,-0.006315921513680323,0,0.762995399468412,0.19174262498881295,0.7787506080189006,0.8647723873930556,0.024124358051524027,0.7566794779547317,0.19024807743641053,0.7794454867625599,0.9650559545045713,0.05256904897167195
acs_ct0_puma,819,3,560,560,1680,10,3.0,390,27.3,1.0,6.400248756815666,0.5312671655565746,0.01079091238365859,1,0.7624078451330227,0.17628418811407964,0.8156486693072059,1.0611028678622711,-0.08932222860930515,0.7731987575166813,0.1742098601975557,0.822805920366896,1.209977762157848,-0.0013857138557571292
acs_ct0_puma,819,3,560,560,1680,10,3.0,390,27.3,1.0,14.50613640920362,0.7928573649914459,0.04211698167161837,1,0.723745641512619,0.1986651406756332,0.7636022514071295,0.7645262372311099,-0.05692637318240887,0.7658626231842374,0.18640006683857122,0.7909804739073032,0.9206057196482906,0.0375961884150423
acs_ct0_puma,819,3,560,560,1680,10,3.0,390,27.3,1.0,13.914864700272641,0.7837176895172032,0.0074073655438242625,1,0.7518238720162496,0.18743227085793146,0.789382252796887,0.8366636001128938,-0.05698078374307608,0.7592312375600738,0.18147154529003834,0.8032103397957056,0.9713474763546414,-0.002110558756282476
acs_ct0_puma,819,1,560,560,560,10,1.0,390,27.3,1.0,6.102090733830563,0.8144004899438992,0.009408073500445702,1,0.761766496572974,0.18591848853294696,0.7918143283996942,0.953688734522764,0.12599357883852355,0.7711745700734197,0.1890458421961416,0.7958446251129178,0.8363089032192439,0.2423984437449668
acs_ct0_puma,819,1,560,560,560,10,1.0,390,27.3,1.0,2.730193489789916,0.5798269435337815,-0.0024483609138277185,0,0.762995399468412,0.19174262498881295,0.7787506080189006,0.8647723873930556,0.024124358051524027,0.7605470385545843,0.1954095216647635,0.7761100687929956,0.7486494636569847,0.07899436525855226
acs_ct0_puma,819,1,560,560,560,10,1.0,390,27.3,1.0,4.264032258212372,0.7568600444853996,0.017694298376825457,1,0.7624078451330227,0.17628418811407964,0.8156486693072059,1.0611028678622711,-0.08932222860930515,0.7801021435098482,0.1765391735565561,0.8143978875686192,0.9057672782118608,-0.023543611782394946
acs_ct0_puma,819,1,560,560,560,10,1.0,390,27.3,1.0,3.0566720529329103,0.6487395381813368,0.03320490904255102,1,0.723745641512619,0.1986651406756332,0.7636022514071295,0.7645262372311099,-0.05692637318240887,0.75695055055517,0.19259576368840675,0.7762490445417275,0.80744588512153,-0.02317994910564221
acs_ct0_puma,819,1,560,560,560,10,1.0,390,27.3,1.0,2.541652110543537,0.5889231814145812,0.0035528262772720476,1,0.7518238720162496,0.18743227085793146,0.789382252796887,0.8366636001128938,-0.05698078374307608,0.7553766982935216,0.18549085568917825,0.7967479674796748,0.7774422335206429,0.029254202746874552
acs_ct0_puma,819,2,560,560,1120,10,2.0,390,27.3,1.0,8.515623708850761,0.762936372196624,0.011135954440623874,1,0.761766496572974,0.18591848853294696,0.7918143283996942,0.953688734522764,0.12599357883852355,0.7729024510135979,0.18520104328986567,0.7982072128413592,0.9532049624745618,0.24819329856425046
acs_ct0_puma,819,2,560,560,1120,10,2.0,390,27.3,1.0,4.372099630073043,0.46377881887652317,-0.0062625639524327426,0,0.762995399468412,0.19174262498881295,0.7787506080189006,0.8647723873930556,0.024124358051524027,0.7567328355159793,0.1952351939550733,0.7723577235772358,0.8178665582073656,0.09945588801665986
acs_ct0_puma,819,2,560,560,1120,10,2.0,390,27.3,1.0,9.477789259407281,0.7881817722590814,0.03057507589324493,1,0.7624078451330227,0.17628418811407964,0.8156486693072059,1.0611028678622711,-0.08932222860930515,0.7929829210262677,0.1695981020037327,0.8271141685775831,1.0658455209640363,0.008367067098011221
acs_ct0_puma,819,2,560,560,1120,10,2.0,390,27.3,1.0,7.932943801904655,0.6838712883573648,0.050430116048247875,1,0.723745641512619,0.1986651406756332,0.7636022514071295,0.7645262372311099,-0.05692637318240887,0.7741757575608669,0.1877743254084125,0.7856299075811272,0.914220445041455,-0.0036175614933152867
acs_ct0_puma,819,2,560,560,1120,10,2.0,390,27.3,1.0,9.1208224241425,0.766935495108523,0.007970713292066778,1,0.7518238720162496,0.18743227085793146,0.789382252796887,0.8366636001128938,-0.05698078374307608,0.7597945853083163,0.18047692809186838,0.8045306094086582,0.8653508694722295,0.023287047113403604
acs_ct0_puma,819,1,560,560,560,10,1.0,390,27.3,1.0,6.588938688117199,0.8482258186155088,9.510851089133965e-05,1,0.761766496572974,0.18591848853294696,0.7918143283996942,0.953688734522764,0.12599357883852355,0.7618616050838654,0.186070066924447,0.8050865124035855,0.9159840396174254,0.3169191528534791
acs_ct0_puma,819,1,560,560,560,10,1.0,390,27.3,1.0,11.030853364004972,0.892589656758759,-0.01916753275799532,0,0.762995399468412,0.19174262498881295,0.7787506080189006,0.8647723873930556,0.024124358051524027,0.7438278667104167,0.20002818620378474,0.7681884511152803,0.7759356189765831,0.24224850984569238
acs_ct0_puma,819,1,560,560,560,10,1.0,390,27.3,1.0,5.003932612811081,0.7927248435908114,-0.006831789286279255,0,0.7624078451330227,0.17628418811407964,0.8156486693072059,1.0611028678622711,-0.08932222860930515,0.7555760558467435,0.17937050618775532,0.8100201514835661,0.9509374488496566,0.13835285562451283
acs_ct0_puma,819,1,560,560,560,10,1.0,390,27.3,1.0,14.245314115978255,0.9275006017845837,0.016615212334119778,1,0.723745641512619,0.1986651406756332,0.7636022514071295,0.7645262372311099,-0.05692637318240887,0.7403608538467388,0.19276224811603793,0.7846570773400041,0.7527822721553916,0.12093690381017028
acs_ct0_puma,819,1,560,560,560,10,1.0,390,27.3,1.0,2.3902649198624255,0.3829800458153305,0.007763599698033974,1,0.7518238720162496,0.18743227085793146,0.789382252796887,0.8366636001128938,-0.05698078374307608,0.7595874717142835,0.18189417518835657,0.8072406365089292,0.8849471561066569,0.17115284940553402
acs_ct0_puma,819,1,560,560,560,10,1.0,390,27.3,1.0,7.11459500270457,0.7942621320301009,-0.007082680601760871,0,0.761766496572974,0.18591848853294696,0.7918143283996942,0.953688734522764,0.12599357883852355,0.7546838159712131,0.18889406400102554,0.7863942741991522,0.8680243713341278,-0.17151217614007233
acs_ct0_puma,819,1,560,560,560,10,1.0,390,27.3,1.0,4.250277083811644,0.7009624177512552,-0.001610786215219262,0,0.762995399468412,0.19174262498881295,0.7787506080189006,0.8647723873930556,0.024124358051524027,0.7613846132531927,0.19079542658500084,0.7817385866166353,0.8971609620175255,-0.19452693125748563
acs_ct0_puma,819,1,560,560,560,10,1.0,390,27.3,1.0,4.345142331783754,0.5034903041065192,0.009535646287024635,1,0.7624078451330227,0.17628418811407964,0.8156486693072059,1.0611028678622711,-0.08932222860930515,0.7719434914200474,0.17613033163140426,0.8234313112361894,1.0193905962981242,-0.3970082992946554
acs_ct0_puma,819,1,560,560,560,10,1.0,390,27.3,1.0,5.494532799879501,0.8167151177800458,0.02545138605714059,1,0.723745641512619,0.1986651406756332,0.7636022514071295,0.7645262372311099,-0.05692637318240887,0.7491970275697596,0.19397555664260482,0.7808352442498784,0.7973345853008906,-0.3203791552042302
acs_ct0_puma,819,1,560,560,560,10,1.0,390,27.3,1.0,4.620526535756494,0.7820583869797377,0.006482866150602895,1,0.7518238720162496,0.18743227085793146,0.789382252796887,0.8366636001128938,-0.05698078374307608,0.7583067381668525,0.18536027404246672,0.8005003126954345,0.8356639869066307,-0.2946674207287587
acs_ct0_puma,901,1,560,560,560,10,1.0,371,26.0,1.0,2.3472027124147123,0.4635590190974799,0.0060755322501750975,1,0.7894645102426321,0.1699526728717415,0.8332984146937635,1.169785985037219,0.17598008092938278,0.7955400424928072,0.16494911865567605,0.8376981632795587,1.1243301342243108,0.08958204580455484
acs_ct0_puma,901,1,560,560,560,10,1.0,371,26.0,1.0,2.458193275637381,0.5907743821351732,0.023424671899738403,1,0.8033540820277041,0.16576757130264677,0.8383965360709547,1.2183766537761085,-0.05272717156826133,0.8267787539274425,0.16025160173131348,0.8488721279418954,1.1097041830096297,-0.07119995014485003
acs_ct0_puma,901,1,560,560,560,10,1.0,371,26.0,1.0,4.834877851951967,0.7875711639062926,0.023385143639185646,1,0.7293381220942201,0.1841803565757736,0.7939800265381661,0.9070507664679278,-0.053649969613747975,0.7527232657334058,0.17765042210191298,0.8095537397862979,0.9628873596108214,-0.11958372648954499
acs_ct0_puma,901,1,560,560,560,10,1.0,371,26.0,1.0,1.6547941971279914,0.34609720042666314,-0.009139416392558664,0,0.8093252562800834,0.17717400981434667,0.8201690062155179,0.9837688918331564,-0.14623606083063706,0.8001858398875248,0.17540287698130158,0.820657867169495,0.9612757522839122,-0.18161534546882774
acs_ct0_puma,901,1,560,560,560,10,1.0,371,26.0,1.0,4.502345167650498,0.7650642837677296,0.013794102851703682,1,0.7738559272282861,0.18881978778673206,0.7926531182345136,0.7731771639878431,-0.14917039054316356,0.7876500300799898,0.18637753689392406,0.7964941685871919,0.7920730283279179,-0.1803334951716011
acs_ct0_puma,901,4,560,560,2240,10,4.0,371,26.0,1.0,26.043702948374786,0.8452285437289018,0.003200373453026595,1,0.7894645102426321,0.1699526728717415,0.8332984146937635,1.169785985037219,0.17598008092938278,0.7926648836956587,0.16375725340675645,0.8404218171660033,1.0063679535900851,0.17370530630856687
acs_ct0_puma,901,4,560,560,2240,10,4.0,371,26.0,1.0,19.61290201893432,0.7898766489371545,0.0277103714509499,1,0.8033540820277041,0.16576757130264677,0.8383965360709547,1.2183766537761085,-0.05272717156826133,0.831064453478654,0.1586067704334507,0.8508275717578043,1.1375900516907422,-0.039650906788670434
acs_ct0_puma,901,4,560,560,2240,10,4.0,371,26.0,1.0,35.61580383170967,0.8785506877681317,0.017257529035706876,1,0.7293381220942201,0.1841803565757736,0.7939800265381661,0.9070507664679278,-0.053649969613747975,0.746595651129927,0.1781738417259912,0.8073189468538305,0.8459705093071477,-0.07105554005873005
acs_ct0_puma,901,4,560,560,2240,10,4.0,371,26.0,1.0,18.584722898709202,0.7815027804557753,-0.002644503480983551,0,0.8093252562800834,0.17717400981434667,0.8201690062155179,0.9837688918331564,-0.14623606083063706,0.8066807527990999,0.17277602987413226,0.8270828968503386,0.8976089885274275,-0.1680979557728969
acs_ct0_puma,901,4,560,560,2240,10,4.0,371,26.0,1.0,32.85832289107125,0.8471734583250059,0.005821559300600132,1,0.7738559272282861,0.18881978778673206,0.7926531182345136,0.7731771639878431,-0.14917039054316356,0.7796774865288862,0.19013295457360396,0.790837348976884,0.7448158883688349,-0.14716013485111085
acs_ct0_puma,901,3,560,560,1680,10,3.0,371,26.0,1.0,9.707309875604565,0.6901455080134082,0.01072535575078648,1,0.7894645102426321,0.1699526728717415,0.8332984146937635,1.169785985037219,0.17598008092938278,0.8001898659934186,0.1621262468240663,0.8428661219358894,0.9538932682409326,0.12159383782160385
acs_ct0_puma,901,3,560,560,1680,10,3.0,371,26.0,1.0,8.091024670318431,0.6291765687443397,0.007835826762035092,1,0.8033540820277041,0.16576757130264677,0.8383965360709547,1.2183766537761085,-0.05272717156826133,0.8111899087897392,0.15992492451299764,0.8454501012640547,0.9455561982802108,-0.059768236731108676
acs_ct0_puma,901,3,560,560,1680,10,3.0,371,26.0,1.0,10.876166946100028,0.7225582672962748,0.021325537024908692,1,0.7293381220942201,0.1841803565757736,0.7939800265381661,0.9070507664679278,-0.053649969613747975,0.7506636591191288,0.1765775267527199,0.811858369997905,0.7877200718449745,-0.12866289615576296
acs_ct0_puma,901,3,560,560,1680,10,3.0,371,26.0,1.0,11.209839390802944,0.7274364762271021,-0.00985639788932735,0,0.8093252562800834,0.17717400981434667,0.8201690062155179,0.9837688918331564,-0.14623606083063706,0.7994688583907561,0.17247000330958737,0.8311334590404357,0.8429640054380596,-0.21155523790094555
acs_ct0_puma,901,3,560,560,1680,10,3.0,371,26.0,1.0,9.531574127683673,0.6803891082313555,0.013989008552906634,1,0.7738559272282861,0.18881978778673206,0.7926531182345136,0.7731771639878431,-0.14917039054316356,0.7878449357811927,0.1879080748869567,0.7960751449123542,0.7050038096420856,-0.14200356930983113
acs_ct0_puma,901,1,560,560,560,10,1.0,371,26.0,1.0,1.3466027811566867,0.21733505284889615,-0.004246803178502345,0,0.7894645102426321,0.1699526728717415,0.8332984146937635,1.169785985037219,0.17598008092938278,0.7852177070641297,0.17000730307789436,0.8361617431384873,1.147077133406888,0.28422404538437956
acs_ct0_puma,901,1,560,560,560,10,1.0,371,26.0,1.0,0.8209701716350717,0.0,0.02549382338395656,1,0.8033540820277041,0.16576757130264677,0.8383965360709547,1.2183766537761085,-0.05272717156826133,0.8288479054116606,0.1627703152720212,0.8502688735246875,1.4003122401454073,0.08635183388628656
acs_ct0_puma,901,1,560,560,560,10,1.0,371,26.0,1.0,3.060717403856117,0.6691883616030211,0.00910362523172159,1,0.7293381220942201,0.1841803565757736,0.7939800265381661,0.9070507664679278,-0.053649969613747975,0.7384417473259417,0.18217505810186937,0.7974718904951462,1.0045209030583666,0.08458796599326478
acs_ct0_puma,901,1,560,560,560,10,1.0,371,26.0,1.0,1.0979060446125253,0.08901063443064261,0.0008345151516367944,1,0.8093252562800834,0.17717400981434667,0.8201690062155179,0.9837688918331564,-0.14623606083063706,0.8101597714317202,0.17203523500367057,0.8246385920804525,1.0542259908581126,-0.00020743162651509184
acs_ct0_puma,901,1,560,560,560,10,1.0,371,26.0,1.0,1.523355148684479,0.2696935204266946,0.005834471354042359,1,0.7738559272282861,0.18881978778673206,0.7926531182345136,0.7731771639878431,-0.14917039054316356,0.7796903985823285,0.1891987624965648,0.7875549968573226,0.855871770652322,-0.030709279377742687
acs_ct0_puma,901,3,560,560,1680,10,3.0,371,26.0,1.0,22.90804196070418,0.84009239697363,0.0047753692206449205,1,0.7894645102426321,0.1699526728717415,0.8332984146937635,1.169785985037219,0.17598008092938278,0.794239879463277,0.16351494767958955,0.8448914030309379,1.098354355371156,0.20613242849023408
acs_ct0_puma,901,3,560,560,1680,10,3.0,371,26.0,1.0,24.20330005738838,0.8314286721033299,0.02137415334202164,1,0.8033540820277041,0.16576757130264677,0.8383965360709547,1.2183766537761085,-0.05272717156826133,0.8247282353697257,0.16143591219629821,0.8467071722885676,1.2255195930706875,0.004026836744906738
acs_ct0_puma,901,3,560,560,1680,10,3.0,371,26.0,1.0,40.41470216182723,0.8733629447223585,0.010437498999665618,1,0.7293381220942201,0.1841803565757736,0.7939800265381661,0.9070507664679278,-0.053649969613747975,0.7397756210938857,0.18160442165034116,0.7994971715901948,0.9107724886111207,0.017312317981044066
acs_ct0_puma,901,3,560,560,1680,10,3.0,371,26.0,1.0,13.745599634740069,0.733863071932614,0.0026710438261813296,1,0.8093252562800834,0.17717400981434667,0.8201690062155179,0.9837688918331564,-0.14623606083063706,0.8119963001062648,0.1708323883840273,0.8293176897828061,0.9846769872601181,-0.10976756585810991
acs_ct0_puma,901,3,560,560,1680,10,3.0,371,26.0,1.0,22.21352639073658,0.860731480631634,0.00901243308573374,1,0.7738559272282861,0.18881978778673206,0.7926531182345136,0.7731771639878431,-0.14917039054316356,0.7828683603140199,0.18816159071212832,0.7927229555136531,0.7931001004770027,-0.0731667089559408
acs_ct0_puma,901,3,560,560,1680,10,3.0,371,26.0,1.0,37.59869926165497,0.9079026892999904,0.00950973653525955,1,0.7894645102426321,0.1699526728717415,0.8332984146937635,1.169785985037219,0.17598008092938278,0.7989742467778916,0.1665768948700171,0.8469166841259864,1.1531339409705914,0.3727492133766676
acs_ct0_puma,901,3,560,560,1680,10,3.0,371,26.0,1.0,18.972637144468226,0.8359175818526934,0.008176483238083287,1,0.8033540820277041,0.16576757130264677,0.8383965360709547,1.2183766537761085,-0.05272717156826133,0.8115305652657874,0.16455230379433494,0.8413995390739577,1.0847560620021195,0.18239479800874114
acs_ct0_puma,901,3,560,560,1680,10,3.0,371,26.0,1.0,23.31027004779496,0.8551036048281868,0.0027545526682402066,1,0.7293381220942201,0.1841803565757736,0.7939800265381661,0.9070507664679278,-0.053649969613747975,0.7320926747624603,0.18070709189537545,0.8059222012710385,0.9403155006655525,0.19454257667036437
acs_ct0_puma,901,3,560,560,1680,10,3.0,371,26.0,1.0,14.14071287541587,0.7845907724156995,-0.008325573549243681,0,0.8093252562800834,0.17717400981434667,0.8201690062155179,0.9837688918331564,-0.14623606083063706,0.8009996827308398,0.16992738685654027,0.8279209442000139,0.9608464374127519,0.08604981708042037
acs_ct0_puma,901,3,560,560,1680,10,3.0,371,26.0,1.0,15.725405675386634,0.8085629232083225,0.006921421160357655,1,0.7738559272282861,0.18881978778673206,0.7926531182345136,0.7731771639878431,-0.14917039054316356,0.7807773483886438,0.1838262182226866,0.7964243313080522,0.7411395090035157,0.13646263162986064
acs_ct0_puma,901,2,560,560,1120,10,2.0,371,26.0,1.0,12.11458832862311,0.8289530971838054,0.011965089531680073,1,0.7894645102426321,0.1699526728717415,0.8332984146937635,1.169785985037219,0.17598008092938278,0.8014295997743122,0.16579559681281614,0.8490118025001745,1.243757080976387,0.34507406906198573
acs_ct0_puma,901,2,560,560,1120,10,2.0,371,26.0,1.0,18.470689173953033,0.8917182462771991,0.00015428151375906918,1,0.8033540820277041,0.16576757130264677,0.8383965360709547,1.2183766537761085,-0.05272717156826133,0.8035083635414632,0.16832986548332537,0.8342062993225784,1.11405533131488,0.14051694529981223
acs_ct0_puma,901,2,560,560,1120,10,2.0,371,26.0,1.0,7.270219737628637,0.7101998784633425,-0.006798620298201885,0,0.7293381220942201,0.1841803565757736,0.7939800265381661,0.9070507664679278,-0.053649969613747975,0.7225395017960182,0.18264183532329958,0.7991479851944968,0.8931935191465851,0.14941894814578977
acs_ct0_puma,901,2,560,560,1120,10,2.0,371,26.0,1.0,10.637607910090455,0.8116798007203745,-0.011730016639933782,0,0.8093252562800834,0.17717400981434667,0.8201690062155179,0.9837688918331564,-0.14623606083063706,0.7975952396401497,0.17169377678834738,0.8290383406662475,0.959180618205343,0.041011183835540664
acs_ct0_puma,901,2,560,560,1120,10,2.0,371,26.0,1.0,5.736080363096626,0.6466673475638021,-0.008806779889714345,0,0.7738559272282861,0.18881978778673206,0.7926531182345136,0.7731771639878431,-0.14917039054316356,0.7650491473385718,0.18821727403881178,0.7874851595781829,0.7488663825914006,0.05307469477717385
acs_ct0_puma,901,3,560,560,1680,10,3.0,371,26.0,1.0,13.823070724338502,0.7829690157520754,-3.457140741414122e-05,0,0.7894645102426321,0.1699526728717415,0.8332984146937635,1.169785985037219,0.17598008092938278,0.789429938835218,0.16365528876303934,0.840631329003422,1.0567947815046637,0.133075751534877
acs_ct0_puma,901,3,560,560,1680,10,3.0,371,26.0,1.0,15.522314645156179,0.8055724471554472,0.020686072794914412,1,0.8033540820277041,0.16576757130264677,0.8383965360709547,1.2183766537761085,-0.05272717156826133,0.8240401548226185,0.15950157838672702,0.8501990362455479,1.1215350074877934,-0.08450415627486489
acs_ct0_puma,901,3,560,560,1680,10,3.0,371,26.0,1.0,15.734789766039396,0.7820626396475856,0.01505927994560996,1,0.7293381220942201,0.1841803565757736,0.7939800265381661,0.9070507664679278,-0.053649969613747975,0.7443974020398301,0.17697421334970548,0.8094839025071583,0.8966564090523047,-0.09178159996864792
acs_ct0_puma,901,3,560,560,1680,10,3.0,371,26.0,1.0,14.026266645917897,0.7843578315777977,-0.006181025628259951,0,0.8093252562800834,0.17717400981434667,0.8201690062155179,0.9837688918331564,-0.14623606083063706,0.8031442306518235,0.17240094324274693,0.8282002933165723,0.9060219039915642,-0.1824805901042972
acs_ct0_puma,901,3,560,560,1680,10,3.0,371,26.0,1.0,17.66353611094935,0.8292770848780128,0.0015963028513197308,1,0.7738559272282861,0.18881978778673206,0.7926531182345136,0.7731771639878431,-0.14917039054316356,0.7754522300796058,0.18982065259060624,0.7920245827222571,0.7451169444352475,-0.17376256656348926
acs_ct0_puma,901,3,560,560,1680,10,3.0,371,26.0,1.0,23.01190777370807,0.8622808694607831,0.003858708661228505,1,0.7894645102426321,0.1699526728717415,0.8332984146937635,1.169785985037219,0.17598008092938278,0.7933232189038606,0.16480270610544903,0.8398631189328865,1.1596792826990616,0.11773134857804243
acs_ct0_puma,901,3,560,560,1680,10,3.0,371,26.0,1.0,8.881857673306314,0.6457836796905334,0.011492449467656485,1,0.8033540820277041,0.16576757130264677,0.8383965360709547,1.2183766537761085,-0.05272717156826133,0.8148465314953606,0.1604627169712837,0.8488022906627558,1.1176789693603,-0.05568219183731472
acs_ct0_puma,901,3,560,560,1680,10,3.0,371,26.0,1.0,11.337680509902892,0.7328242216949714,0.016054990136619818,1,0.7293381220942201,0.1841803565757736,0.7939800265381661,0.9070507664679278,-0.053649969613747975,0.7453931122308399,0.17739357138778278,0.8083665060409246,0.9740809925916167,-0.0780222656474455
acs_ct0_puma,901,3,560,560,1680,10,3.0,371,26.0,1.0,16.058795929397213,0.8086657201956673,-0.00526041907725272,0,0.8093252562800834,0.17717400981434667,0.8201690062155179,0.9837688918331564,-0.14623606083063706,0.8040648372028307,0.17232227610187548,0.8265241986172218,1.0189943831490367,-0.1572120998618553
acs_ct0_puma,901,3,560,560,1680,10,3.0,371,26.0,1.0,18.586245916704065,0.8351550935381922,0.007746258711593956,1,0.7738559272282861,0.18881978778673206,0.7926531182345136,0.7731771639878431,-0.14917039054316356,0.7816021859398801,0.18653365273380498,0.793980026538166,0.8042489530552941,-0.11553942763629813
acs_ct0_puma,901,1,560,560,560,10,1.0,371,26.0,1.0,1.4074137667333546,0.27719851421922576,-0.004106789408475975,0,0.7894645102426321,0.1699526728717415,0.8332984146937635,1.169785985037219,0.17598008092938278,0.7853577208341561,0.16956831543312187,0.833577763810322,1.1744243863400143,0.20366121690905356
acs_ct0_puma,901,1,560,560,560,10,1.0,371,26.0,1.0,3.3537063380615697,0.6541364012945377,0.0048047759886120645,1,0.8033540820277041,0.16576757130264677,0.8383965360709547,1.2183766537761085,-0.05272717156826133,0.8081588580163162,0.16570647739073358,0.8427962846567498,1.2744919449344614,0.027740923606387545
acs_ct0_puma,901,1,560,560,560,10,1.0,371,26.0,1.0,2.6374790507191186,0.620748315228878,-0.005088374849325006,0,0.7293381220942201,0.1841803565757736,0.7939800265381661,0.9070507664679278,-0.053649969613747975,0.7242497472448951,0.18342950685561513,0.7935610028633284,1.008900525842466,0.04755420040754072
acs_ct0_puma,901,1,560,560,560,10,1.0,371,26.0,1.0,5.130233060639899,0.804232928754991,-0.01401903074179034,0,0.8093252562800834,0.17717400981434667,0.8201690062155179,0.9837688918331564,-0.14623606083063706,0.7953062255382931,0.17079448057395924,0.8268733850129198,0.9607205993726569,-0.013474436750540893
acs_ct0_puma,901,1,560,560,560,10,1.0,371,26.0,1.0,2.5605933963669214,0.5881685128457592,-9.319385419137571e-05,0,0.7738559272282861,0.18881978778673206,0.7926531182345136,0.7731771639878431,-0.14917039054316356,0.7737627333740947,0.18710410219507237,0.7911166980934423,0.8803477195587229,-0.04549329934083746
acs_ct0_puma,901,1,560,560,560,10,1.0,371,26.0,1.0,0.9531816043286224,0.16025842540368707,0.008448325170406612,1,0.7894645102426321,0.1699526728717415,0.8332984146937635,1.169785985037219,0.17598008092938278,0.7979128354130387,0.16767047079089498,0.8406313290034221,1.1171849179697697,0.3166224533646594
acs_ct0_puma,901,1,560,560,560,10,1.0,371,26.0,1.0,2.5507353097334553,0.5066231228118513,0.013513833732718528,1,0.8033540820277041,0.16576757130264677,0.8383965360709547,1.2183766537761085,-0.05272717156826133,0.8168679157604226,0.16298311657163697,0.8447517284726587,1.144128073986136,0.1142693911865871
acs_ct0_puma,901,1,560,560,560,10,1.0,371,26.0,1.0,2.9171754192630255,0.6504979626012556,0.004481922585690468,1,0.7293381220942201,0.1841803565757736,0.7939800265381661,0.9070507664679278,-0.053649969613747975,0.7338200446799106,0.18155398467019987,0.7995670088693344,0.8658310015532682,0.06433404482327289
acs_ct0_puma,901,1,560,560,560,10,1.0,371,26.0,1.0,2.168955134063345,0.5389306874123954,-0.012397012348825509,0,0.8093252562800834,0.17717400981434667,0.8201690062155179,0.9837688918331564,-0.14623606083063706,0.7969282439312579,0.17293789931437498,0.8269432222920595,0.9510052887170843,0.011095418956306002
acs_ct0_puma,901,1,560,560,560,10,1.0,371,26.0,1.0,2.1645427651805957,0.3524586021621275,0.003479538350053435,1,0.7738559272282861,0.18881978778673206,0.7926531182345136,0.7731771639878431,-0.14917039054316356,0.7773354655783395,0.18853561886024905,0.7903484880229066,0.7267789322130754,-0.013791574473003812
